ISO-10303-21;
HEADER;
/* Generated by software containing ST-Developer
 * from STEP Tools, Inc. (www.steptools.com) 
 */

FILE_DESCRIPTION(
/* description */ (''),
/* implementation_level */ '2;1');

FILE_NAME(
/* name */ 'INN650D140A_190A_080BS.step',
/* time_stamp */ '2023-03-10T14:56:42Z',
/* author */ (''),
/* organization */ (''),
/* preprocessor_version */ 'ST-DEVELOPER v19.2',
/* originating_system */ 'Autodesk Translation Framework v11.17.0.187',

/* authorisation */ '');

FILE_SCHEMA (('AUTOMOTIVE_DESIGN { 1 0 10303 214 3 1 1 }'));
ENDSEC;

DATA;
#10=MECHANICAL_DESIGN_GEOMETRIC_PRESENTATION_REPRESENTATION('',(#2137,#2138,
#2139,#2140,#2141,#2142,#2143,#2144,#2145,#2146,#2147,#2148,#2149,#2150,
#2151,#2152,#2153,#2154,#2155,#2156,#2157,#2158,#2159,#2160,#2161,#2162,
#2163,#2164,#2165,#2166,#2167,#2168,#2169,#2170,#2171,#2172,#2173,#2174,
#2175,#2176,#2177,#2178,#2179,#2180,#2181,#2182,#2183,#2184,#2185,#2186,
#2187,#2188,#2189,#2190,#2191,#2192,#2193,#2194,#2195,#2196,#2197,#2198,
#2199,#2200,#2201,#2202,#2203,#2204,#2205,#2206,#2207,#2208,#2209,#2210,
#2211,#2212,#2213),#3891);
#11=SHAPE_REPRESENTATION_RELATIONSHIP('SRR','None',#3898,#12);
#12=ADVANCED_BREP_SHAPE_REPRESENTATION('',(#86,#87,#88,#89,#90,#91,#92,
#93,#94,#95),#3890);
#13=FACE_BOUND('',#311,.T.);
#14=FACE_BOUND('',#312,.T.);
#15=FACE_BOUND('',#313,.T.);
#16=FACE_BOUND('',#314,.T.);
#17=CIRCLE('',#2425,0.3);
#18=CIRCLE('',#2426,0.3);
#19=CIRCLE('',#2467,0.200000000000001);
#20=CIRCLE('',#2468,0.200000000000001);
#21=CYLINDRICAL_SURFACE('',#2424,0.3);
#22=CYLINDRICAL_SURFACE('',#2466,0.200000000000001);
#23=B_SPLINE_CURVE_WITH_KNOTS('',3,(#3193,#3194,#3195,#3196),
 .UNSPECIFIED.,.F.,.F.,(4,4),(0.,1.),.UNSPECIFIED.);
#24=B_SPLINE_CURVE_WITH_KNOTS('',3,(#3199,#3200,#3201,#3202),
 .UNSPECIFIED.,.F.,.F.,(4,4),(0.,1.),.UNSPECIFIED.);
#25=B_SPLINE_CURVE_WITH_KNOTS('',3,(#3212,#3213,#3214,#3215),
 .UNSPECIFIED.,.F.,.F.,(4,4),(0.,1.),.UNSPECIFIED.);
#26=B_SPLINE_CURVE_WITH_KNOTS('',3,(#3218,#3219,#3220,#3221),
 .UNSPECIFIED.,.F.,.F.,(4,4),(0.,1.),.UNSPECIFIED.);
#27=B_SPLINE_CURVE_WITH_KNOTS('',3,(#3231,#3232,#3233,#3234),
 .UNSPECIFIED.,.F.,.F.,(4,4),(0.,1.),.UNSPECIFIED.);
#28=B_SPLINE_CURVE_WITH_KNOTS('',3,(#3237,#3238,#3239,#3240),
 .UNSPECIFIED.,.F.,.F.,(4,4),(0.,1.),.UNSPECIFIED.);
#29=B_SPLINE_CURVE_WITH_KNOTS('',3,(#3250,#3251,#3252,#3253),
 .UNSPECIFIED.,.F.,.F.,(4,4),(0.,1.),.UNSPECIFIED.);
#30=B_SPLINE_CURVE_WITH_KNOTS('',3,(#3256,#3257,#3258,#3259),
 .UNSPECIFIED.,.F.,.F.,(4,4),(0.,1.),.UNSPECIFIED.);
#31=B_SPLINE_CURVE_WITH_KNOTS('',3,(#3269,#3270,#3271,#3272),
 .UNSPECIFIED.,.F.,.F.,(4,4),(0.,1.),.UNSPECIFIED.);
#32=B_SPLINE_CURVE_WITH_KNOTS('',3,(#3275,#3276,#3277,#3278),
 .UNSPECIFIED.,.F.,.F.,(4,4),(0.,1.),.UNSPECIFIED.);
#33=B_SPLINE_CURVE_WITH_KNOTS('',3,(#3300,#3301,#3302,#3303),
 .UNSPECIFIED.,.F.,.F.,(4,4),(0.,1.),.UNSPECIFIED.);
#34=B_SPLINE_CURVE_WITH_KNOTS('',3,(#3306,#3307,#3308,#3309),
 .UNSPECIFIED.,.F.,.F.,(4,4),(0.,1.),.UNSPECIFIED.);
#35=B_SPLINE_CURVE_WITH_KNOTS('',3,(#3319,#3320,#3321,#3322),
 .UNSPECIFIED.,.F.,.F.,(4,4),(0.,1.),.UNSPECIFIED.);
#36=B_SPLINE_CURVE_WITH_KNOTS('',3,(#3325,#3326,#3327,#3328),
 .UNSPECIFIED.,.F.,.F.,(4,4),(0.,1.),.UNSPECIFIED.);
#37=B_SPLINE_CURVE_WITH_KNOTS('',3,(#3343,#3344,#3345,#3346),
 .UNSPECIFIED.,.F.,.F.,(4,4),(0.,1.),.UNSPECIFIED.);
#38=B_SPLINE_CURVE_WITH_KNOTS('',3,(#3350,#3351,#3352,#3353),
 .UNSPECIFIED.,.F.,.F.,(4,4),(0.,1.),.UNSPECIFIED.);
#39=B_SPLINE_CURVE_WITH_KNOTS('',3,(#3364,#3365,#3366,#3367),
 .UNSPECIFIED.,.F.,.F.,(4,4),(0.,1.),.UNSPECIFIED.);
#40=B_SPLINE_CURVE_WITH_KNOTS('',3,(#3370,#3371,#3372,#3373),
 .UNSPECIFIED.,.F.,.F.,(4,4),(0.,1.),.UNSPECIFIED.);
#41=B_SPLINE_CURVE_WITH_KNOTS('',3,(#3383,#3384,#3385,#3386),
 .UNSPECIFIED.,.F.,.F.,(4,4),(0.,1.),.UNSPECIFIED.);
#42=B_SPLINE_CURVE_WITH_KNOTS('',3,(#3389,#3390,#3391,#3392),
 .UNSPECIFIED.,.F.,.F.,(4,4),(0.,1.),.UNSPECIFIED.);
#43=B_SPLINE_CURVE_WITH_KNOTS('',3,(#3414,#3415,#3416,#3417),
 .UNSPECIFIED.,.F.,.F.,(4,4),(0.,1.),.UNSPECIFIED.);
#44=B_SPLINE_CURVE_WITH_KNOTS('',3,(#3420,#3421,#3422,#3423),
 .UNSPECIFIED.,.F.,.F.,(4,4),(0.,1.),.UNSPECIFIED.);
#45=B_SPLINE_CURVE_WITH_KNOTS('',3,(#3433,#3434,#3435,#3436),
 .UNSPECIFIED.,.F.,.F.,(4,4),(0.,1.),.UNSPECIFIED.);
#46=B_SPLINE_CURVE_WITH_KNOTS('',3,(#3439,#3440,#3441,#3442),
 .UNSPECIFIED.,.F.,.F.,(4,4),(0.,1.),.UNSPECIFIED.);
#47=B_SPLINE_CURVE_WITH_KNOTS('',3,(#3452,#3453,#3454,#3455),
 .UNSPECIFIED.,.F.,.F.,(4,4),(0.,1.),.UNSPECIFIED.);
#48=B_SPLINE_CURVE_WITH_KNOTS('',3,(#3458,#3459,#3460,#3461),
 .UNSPECIFIED.,.F.,.F.,(4,4),(0.,1.),.UNSPECIFIED.);
#49=B_SPLINE_CURVE_WITH_KNOTS('',3,(#3471,#3472,#3473,#3474),
 .UNSPECIFIED.,.F.,.F.,(4,4),(0.,1.),.UNSPECIFIED.);
#50=B_SPLINE_CURVE_WITH_KNOTS('',3,(#3477,#3478,#3479,#3480),
 .UNSPECIFIED.,.F.,.F.,(4,4),(0.,1.),.UNSPECIFIED.);
#51=B_SPLINE_CURVE_WITH_KNOTS('',3,(#3490,#3491,#3492,#3493),
 .UNSPECIFIED.,.F.,.F.,(4,4),(0.,1.),.UNSPECIFIED.);
#52=B_SPLINE_CURVE_WITH_KNOTS('',3,(#3496,#3497,#3498,#3499),
 .UNSPECIFIED.,.F.,.F.,(4,4),(0.,1.),.UNSPECIFIED.);
#53=B_SPLINE_CURVE_WITH_KNOTS('',3,(#3509,#3510,#3511,#3512),
 .UNSPECIFIED.,.F.,.F.,(4,4),(0.,1.),.UNSPECIFIED.);
#54=B_SPLINE_CURVE_WITH_KNOTS('',3,(#3515,#3516,#3517,#3518),
 .UNSPECIFIED.,.F.,.F.,(4,4),(0.,1.),.UNSPECIFIED.);
#55=B_SPLINE_CURVE_WITH_KNOTS('',3,(#3528,#3529,#3530,#3531),
 .UNSPECIFIED.,.F.,.F.,(4,4),(0.,1.),.UNSPECIFIED.);
#56=B_SPLINE_CURVE_WITH_KNOTS('',3,(#3534,#3535,#3536,#3537),
 .UNSPECIFIED.,.F.,.F.,(4,4),(0.,1.),.UNSPECIFIED.);
#57=B_SPLINE_CURVE_WITH_KNOTS('',3,(#3547,#3548,#3549,#3550),
 .UNSPECIFIED.,.F.,.F.,(4,4),(0.,1.),.UNSPECIFIED.);
#58=B_SPLINE_CURVE_WITH_KNOTS('',3,(#3553,#3554,#3555,#3556),
 .UNSPECIFIED.,.F.,.F.,(4,4),(0.,1.),.UNSPECIFIED.);
#59=B_SPLINE_CURVE_WITH_KNOTS('',3,(#3577,#3578,#3579,#3580),
 .UNSPECIFIED.,.F.,.F.,(4,4),(0.,1.),.UNSPECIFIED.);
#60=B_SPLINE_CURVE_WITH_KNOTS('',3,(#3584,#3585,#3586,#3587),
 .UNSPECIFIED.,.F.,.F.,(4,4),(0.,1.),.UNSPECIFIED.);
#61=B_SPLINE_CURVE_WITH_KNOTS('',3,(#3598,#3599,#3600,#3601),
 .UNSPECIFIED.,.F.,.F.,(4,4),(0.,1.),.UNSPECIFIED.);
#62=B_SPLINE_CURVE_WITH_KNOTS('',3,(#3604,#3605,#3606,#3607),
 .UNSPECIFIED.,.F.,.F.,(4,4),(0.,1.),.UNSPECIFIED.);
#63=B_SPLINE_CURVE_WITH_KNOTS('',3,(#3616,#3617,#3618,#3619),
 .UNSPECIFIED.,.F.,.F.,(4,4),(0.,1.),.UNSPECIFIED.);
#64=B_SPLINE_CURVE_WITH_KNOTS('',3,(#3620,#3621,#3622,#3623),
 .UNSPECIFIED.,.F.,.F.,(4,4),(0.,1.),.UNSPECIFIED.);
#65=B_SPLINE_SURFACE_WITH_KNOTS('',3,1,((#3184,#3185),(#3186,#3187),(#3188,
#3189),(#3190,#3191)),.UNSPECIFIED.,.F.,.F.,.F.,(4,4),(2,2),(0.,1.),(0.,
0.0024),.UNSPECIFIED.);
#66=B_SPLINE_SURFACE_WITH_KNOTS('',3,1,((#3203,#3204),(#3205,#3206),(#3207,
#3208),(#3209,#3210)),.UNSPECIFIED.,.F.,.F.,.F.,(4,4),(2,2),(0.,1.),(0.,
0.0024),.UNSPECIFIED.);
#67=B_SPLINE_SURFACE_WITH_KNOTS('',3,1,((#3222,#3223),(#3224,#3225),(#3226,
#3227),(#3228,#3229)),.UNSPECIFIED.,.F.,.F.,.F.,(4,4),(2,2),(0.,1.),(0.,
0.0024),.UNSPECIFIED.);
#68=B_SPLINE_SURFACE_WITH_KNOTS('',3,1,((#3241,#3242),(#3243,#3244),(#3245,
#3246),(#3247,#3248)),.UNSPECIFIED.,.F.,.F.,.F.,(4,4),(2,2),(0.,1.),(0.,
0.0024),.UNSPECIFIED.);
#69=B_SPLINE_SURFACE_WITH_KNOTS('',3,1,((#3260,#3261),(#3262,#3263),(#3264,
#3265),(#3266,#3267)),.UNSPECIFIED.,.F.,.F.,.F.,(4,4),(2,2),(0.,1.),(0.,
0.0024),.UNSPECIFIED.);
#70=B_SPLINE_SURFACE_WITH_KNOTS('',3,1,((#3291,#3292),(#3293,#3294),(#3295,
#3296),(#3297,#3298)),.UNSPECIFIED.,.F.,.F.,.F.,(4,4),(2,2),(0.,1.),(0.,
0.0024),.UNSPECIFIED.);
#71=B_SPLINE_SURFACE_WITH_KNOTS('',3,1,((#3310,#3311),(#3312,#3313),(#3314,
#3315),(#3316,#3317)),.UNSPECIFIED.,.F.,.F.,.F.,(4,4),(2,2),(0.,1.),(0.,
0.0024),.UNSPECIFIED.);
#72=B_SPLINE_SURFACE_WITH_KNOTS('',3,1,((#3333,#3334),(#3335,#3336),(#3337,
#3338),(#3339,#3340)),.UNSPECIFIED.,.F.,.F.,.F.,(4,4),(2,2),(0.,1.),(0.,
0.0024),.UNSPECIFIED.);
#73=B_SPLINE_SURFACE_WITH_KNOTS('',3,1,((#3355,#3356),(#3357,#3358),(#3359,
#3360),(#3361,#3362)),.UNSPECIFIED.,.F.,.F.,.F.,(4,4),(2,2),(0.,1.),(0.,
0.0024),.UNSPECIFIED.);
#74=B_SPLINE_SURFACE_WITH_KNOTS('',3,1,((#3374,#3375),(#3376,#3377),(#3378,
#3379),(#3380,#3381)),.UNSPECIFIED.,.F.,.F.,.F.,(4,4),(2,2),(0.,1.),(0.,
0.0024),.UNSPECIFIED.);
#75=B_SPLINE_SURFACE_WITH_KNOTS('',3,1,((#3405,#3406),(#3407,#3408),(#3409,
#3410),(#3411,#3412)),.UNSPECIFIED.,.F.,.F.,.F.,(4,4),(2,2),(0.,1.),(0.,
0.0024),.UNSPECIFIED.);
#76=B_SPLINE_SURFACE_WITH_KNOTS('',3,1,((#3424,#3425),(#3426,#3427),(#3428,
#3429),(#3430,#3431)),.UNSPECIFIED.,.F.,.F.,.F.,(4,4),(2,2),(0.,1.),(0.,
0.0024),.UNSPECIFIED.);
#77=B_SPLINE_SURFACE_WITH_KNOTS('',3,1,((#3443,#3444),(#3445,#3446),(#3447,
#3448),(#3449,#3450)),.UNSPECIFIED.,.F.,.F.,.F.,(4,4),(2,2),(0.,1.),(0.,
0.0024),.UNSPECIFIED.);
#78=B_SPLINE_SURFACE_WITH_KNOTS('',3,1,((#3462,#3463),(#3464,#3465),(#3466,
#3467),(#3468,#3469)),.UNSPECIFIED.,.F.,.F.,.F.,(4,4),(2,2),(0.,1.),(0.,
0.0024),.UNSPECIFIED.);
#79=B_SPLINE_SURFACE_WITH_KNOTS('',3,1,((#3481,#3482),(#3483,#3484),(#3485,
#3486),(#3487,#3488)),.UNSPECIFIED.,.F.,.F.,.F.,(4,4),(2,2),(0.,1.),(0.,
0.0024),.UNSPECIFIED.);
#80=B_SPLINE_SURFACE_WITH_KNOTS('',3,1,((#3500,#3501),(#3502,#3503),(#3504,
#3505),(#3506,#3507)),.UNSPECIFIED.,.F.,.F.,.F.,(4,4),(2,2),(0.,1.),(0.,
0.0024),.UNSPECIFIED.);
#81=B_SPLINE_SURFACE_WITH_KNOTS('',3,1,((#3519,#3520),(#3521,#3522),(#3523,
#3524),(#3525,#3526)),.UNSPECIFIED.,.F.,.F.,.F.,(4,4),(2,2),(0.,1.),(0.,
0.0024),.UNSPECIFIED.);
#82=B_SPLINE_SURFACE_WITH_KNOTS('',3,1,((#3538,#3539),(#3540,#3541),(#3542,
#3543),(#3544,#3545)),.UNSPECIFIED.,.F.,.F.,.F.,(4,4),(2,2),(0.,1.),(0.,
0.0024),.UNSPECIFIED.);
#83=B_SPLINE_SURFACE_WITH_KNOTS('',3,1,((#3567,#3568),(#3569,#3570),(#3571,
#3572),(#3573,#3574)),.UNSPECIFIED.,.F.,.F.,.F.,(4,4),(2,2),(0.,1.),(0.,
0.0024),.UNSPECIFIED.);
#84=B_SPLINE_SURFACE_WITH_KNOTS('',3,1,((#3589,#3590),(#3591,#3592),(#3593,
#3594),(#3595,#3596)),.UNSPECIFIED.,.F.,.F.,.F.,(4,4),(2,2),(0.,1.),(0.,
0.0024),.UNSPECIFIED.);
#85=B_SPLINE_SURFACE_WITH_KNOTS('',3,1,((#3608,#3609),(#3610,#3611),(#3612,
#3613),(#3614,#3615)),.UNSPECIFIED.,.F.,.F.,.F.,(4,4),(2,2),(0.,1.),(0.,
0.0024),.UNSPECIFIED.);
#86=MANIFOLD_SOLID_BREP('Body1',#2342);
#87=MANIFOLD_SOLID_BREP('Body2',#2343);
#88=MANIFOLD_SOLID_BREP('Body3',#2344);
#89=MANIFOLD_SOLID_BREP('Body4',#2345);
#90=MANIFOLD_SOLID_BREP('Body5',#2346);
#91=MANIFOLD_SOLID_BREP('Body6',#2347);
#92=MANIFOLD_SOLID_BREP('Body7',#2348);
#93=MANIFOLD_SOLID_BREP('Body8',#2349);
#94=MANIFOLD_SOLID_BREP('Body9',#2350);
#95=MANIFOLD_SOLID_BREP('Body10',#2351);
#96=FACE_OUTER_BOUND('',#224,.T.);
#97=FACE_OUTER_BOUND('',#225,.T.);
#98=FACE_OUTER_BOUND('',#226,.T.);
#99=FACE_OUTER_BOUND('',#227,.T.);
#100=FACE_OUTER_BOUND('',#228,.T.);
#101=FACE_OUTER_BOUND('',#229,.T.);
#102=FACE_OUTER_BOUND('',#230,.T.);
#103=FACE_OUTER_BOUND('',#231,.T.);
#104=FACE_OUTER_BOUND('',#232,.T.);
#105=FACE_OUTER_BOUND('',#233,.T.);
#106=FACE_OUTER_BOUND('',#234,.T.);
#107=FACE_OUTER_BOUND('',#235,.T.);
#108=FACE_OUTER_BOUND('',#236,.T.);
#109=FACE_OUTER_BOUND('',#237,.T.);
#110=FACE_OUTER_BOUND('',#238,.T.);
#111=FACE_OUTER_BOUND('',#239,.T.);
#112=FACE_OUTER_BOUND('',#240,.T.);
#113=FACE_OUTER_BOUND('',#241,.T.);
#114=FACE_OUTER_BOUND('',#242,.T.);
#115=FACE_OUTER_BOUND('',#243,.T.);
#116=FACE_OUTER_BOUND('',#244,.T.);
#117=FACE_OUTER_BOUND('',#245,.T.);
#118=FACE_OUTER_BOUND('',#246,.T.);
#119=FACE_OUTER_BOUND('',#247,.T.);
#120=FACE_OUTER_BOUND('',#248,.T.);
#121=FACE_OUTER_BOUND('',#249,.T.);
#122=FACE_OUTER_BOUND('',#250,.T.);
#123=FACE_OUTER_BOUND('',#251,.T.);
#124=FACE_OUTER_BOUND('',#252,.T.);
#125=FACE_OUTER_BOUND('',#253,.T.);
#126=FACE_OUTER_BOUND('',#254,.T.);
#127=FACE_OUTER_BOUND('',#255,.T.);
#128=FACE_OUTER_BOUND('',#256,.T.);
#129=FACE_OUTER_BOUND('',#257,.T.);
#130=FACE_OUTER_BOUND('',#258,.T.);
#131=FACE_OUTER_BOUND('',#259,.T.);
#132=FACE_OUTER_BOUND('',#260,.T.);
#133=FACE_OUTER_BOUND('',#261,.T.);
#134=FACE_OUTER_BOUND('',#262,.T.);
#135=FACE_OUTER_BOUND('',#263,.T.);
#136=FACE_OUTER_BOUND('',#264,.T.);
#137=FACE_OUTER_BOUND('',#265,.T.);
#138=FACE_OUTER_BOUND('',#266,.T.);
#139=FACE_OUTER_BOUND('',#267,.T.);
#140=FACE_OUTER_BOUND('',#268,.T.);
#141=FACE_OUTER_BOUND('',#269,.T.);
#142=FACE_OUTER_BOUND('',#270,.T.);
#143=FACE_OUTER_BOUND('',#271,.T.);
#144=FACE_OUTER_BOUND('',#272,.T.);
#145=FACE_OUTER_BOUND('',#273,.T.);
#146=FACE_OUTER_BOUND('',#274,.T.);
#147=FACE_OUTER_BOUND('',#275,.T.);
#148=FACE_OUTER_BOUND('',#276,.T.);
#149=FACE_OUTER_BOUND('',#277,.T.);
#150=FACE_OUTER_BOUND('',#278,.T.);
#151=FACE_OUTER_BOUND('',#279,.T.);
#152=FACE_OUTER_BOUND('',#280,.T.);
#153=FACE_OUTER_BOUND('',#281,.T.);
#154=FACE_OUTER_BOUND('',#282,.T.);
#155=FACE_OUTER_BOUND('',#283,.T.);
#156=FACE_OUTER_BOUND('',#284,.T.);
#157=FACE_OUTER_BOUND('',#285,.T.);
#158=FACE_OUTER_BOUND('',#286,.T.);
#159=FACE_OUTER_BOUND('',#287,.T.);
#160=FACE_OUTER_BOUND('',#288,.T.);
#161=FACE_OUTER_BOUND('',#289,.T.);
#162=FACE_OUTER_BOUND('',#290,.T.);
#163=FACE_OUTER_BOUND('',#291,.T.);
#164=FACE_OUTER_BOUND('',#292,.T.);
#165=FACE_OUTER_BOUND('',#293,.T.);
#166=FACE_OUTER_BOUND('',#294,.T.);
#167=FACE_OUTER_BOUND('',#295,.T.);
#168=FACE_OUTER_BOUND('',#296,.T.);
#169=FACE_OUTER_BOUND('',#297,.T.);
#170=FACE_OUTER_BOUND('',#298,.T.);
#171=FACE_OUTER_BOUND('',#299,.T.);
#172=FACE_OUTER_BOUND('',#300,.T.);
#173=FACE_OUTER_BOUND('',#301,.T.);
#174=FACE_OUTER_BOUND('',#302,.T.);
#175=FACE_OUTER_BOUND('',#303,.T.);
#176=FACE_OUTER_BOUND('',#304,.T.);
#177=FACE_OUTER_BOUND('',#305,.T.);
#178=FACE_OUTER_BOUND('',#306,.T.);
#179=FACE_OUTER_BOUND('',#307,.T.);
#180=FACE_OUTER_BOUND('',#308,.T.);
#181=FACE_OUTER_BOUND('',#309,.T.);
#182=FACE_OUTER_BOUND('',#310,.T.);
#183=FACE_OUTER_BOUND('',#315,.T.);
#184=FACE_OUTER_BOUND('',#316,.T.);
#185=FACE_OUTER_BOUND('',#317,.T.);
#186=FACE_OUTER_BOUND('',#318,.T.);
#187=FACE_OUTER_BOUND('',#319,.T.);
#188=FACE_OUTER_BOUND('',#320,.T.);
#189=FACE_OUTER_BOUND('',#321,.T.);
#190=FACE_OUTER_BOUND('',#322,.T.);
#191=FACE_OUTER_BOUND('',#323,.T.);
#192=FACE_OUTER_BOUND('',#324,.T.);
#193=FACE_OUTER_BOUND('',#325,.T.);
#194=FACE_OUTER_BOUND('',#326,.T.);
#195=FACE_OUTER_BOUND('',#327,.T.);
#196=FACE_OUTER_BOUND('',#328,.T.);
#197=FACE_OUTER_BOUND('',#329,.T.);
#198=FACE_OUTER_BOUND('',#330,.T.);
#199=FACE_OUTER_BOUND('',#331,.T.);
#200=FACE_OUTER_BOUND('',#332,.T.);
#201=FACE_OUTER_BOUND('',#333,.T.);
#202=FACE_OUTER_BOUND('',#334,.T.);
#203=FACE_OUTER_BOUND('',#335,.T.);
#204=FACE_OUTER_BOUND('',#336,.T.);
#205=FACE_OUTER_BOUND('',#337,.T.);
#206=FACE_OUTER_BOUND('',#338,.T.);
#207=FACE_OUTER_BOUND('',#339,.T.);
#208=FACE_OUTER_BOUND('',#340,.T.);
#209=FACE_OUTER_BOUND('',#341,.T.);
#210=FACE_OUTER_BOUND('',#342,.T.);
#211=FACE_OUTER_BOUND('',#343,.T.);
#212=FACE_OUTER_BOUND('',#344,.T.);
#213=FACE_OUTER_BOUND('',#345,.T.);
#214=FACE_OUTER_BOUND('',#346,.T.);
#215=FACE_OUTER_BOUND('',#347,.T.);
#216=FACE_OUTER_BOUND('',#348,.T.);
#217=FACE_OUTER_BOUND('',#349,.T.);
#218=FACE_OUTER_BOUND('',#350,.T.);
#219=FACE_OUTER_BOUND('',#351,.T.);
#220=FACE_OUTER_BOUND('',#352,.T.);
#221=FACE_OUTER_BOUND('',#353,.T.);
#222=FACE_OUTER_BOUND('',#354,.T.);
#223=FACE_OUTER_BOUND('',#355,.T.);
#224=EDGE_LOOP('',(#1408,#1409,#1410,#1411));
#225=EDGE_LOOP('',(#1412,#1413,#1414,#1415));
#226=EDGE_LOOP('',(#1416,#1417,#1418,#1419));
#227=EDGE_LOOP('',(#1420,#1421,#1422,#1423));
#228=EDGE_LOOP('',(#1424,#1425,#1426,#1427));
#229=EDGE_LOOP('',(#1428,#1429,#1430,#1431));
#230=EDGE_LOOP('',(#1432,#1433,#1434,#1435));
#231=EDGE_LOOP('',(#1436,#1437,#1438,#1439));
#232=EDGE_LOOP('',(#1440,#1441,#1442,#1443));
#233=EDGE_LOOP('',(#1444,#1445,#1446,#1447));
#234=EDGE_LOOP('',(#1448,#1449,#1450,#1451));
#235=EDGE_LOOP('',(#1452,#1453,#1454,#1455));
#236=EDGE_LOOP('',(#1456,#1457,#1458,#1459));
#237=EDGE_LOOP('',(#1460,#1461,#1462,#1463));
#238=EDGE_LOOP('',(#1464,#1465,#1466,#1467));
#239=EDGE_LOOP('',(#1468,#1469,#1470,#1471));
#240=EDGE_LOOP('',(#1472,#1473,#1474,#1475));
#241=EDGE_LOOP('',(#1476,#1477,#1478,#1479));
#242=EDGE_LOOP('',(#1480,#1481,#1482,#1483));
#243=EDGE_LOOP('',(#1484,#1485,#1486,#1487));
#244=EDGE_LOOP('',(#1488,#1489,#1490,#1491));
#245=EDGE_LOOP('',(#1492,#1493,#1494,#1495));
#246=EDGE_LOOP('',(#1496,#1497,#1498,#1499));
#247=EDGE_LOOP('',(#1500,#1501,#1502,#1503));
#248=EDGE_LOOP('',(#1504,#1505,#1506,#1507));
#249=EDGE_LOOP('',(#1508,#1509,#1510,#1511));
#250=EDGE_LOOP('',(#1512,#1513,#1514,#1515));
#251=EDGE_LOOP('',(#1516,#1517,#1518,#1519));
#252=EDGE_LOOP('',(#1520,#1521,#1522,#1523));
#253=EDGE_LOOP('',(#1524,#1525,#1526,#1527));
#254=EDGE_LOOP('',(#1528,#1529,#1530,#1531));
#255=EDGE_LOOP('',(#1532,#1533,#1534,#1535));
#256=EDGE_LOOP('',(#1536,#1537,#1538,#1539));
#257=EDGE_LOOP('',(#1540,#1541,#1542,#1543));
#258=EDGE_LOOP('',(#1544,#1545,#1546,#1547));
#259=EDGE_LOOP('',(#1548,#1549,#1550,#1551));
#260=EDGE_LOOP('',(#1552,#1553,#1554,#1555));
#261=EDGE_LOOP('',(#1556,#1557,#1558,#1559));
#262=EDGE_LOOP('',(#1560,#1561,#1562,#1563));
#263=EDGE_LOOP('',(#1564,#1565,#1566,#1567));
#264=EDGE_LOOP('',(#1568,#1569,#1570,#1571));
#265=EDGE_LOOP('',(#1572,#1573,#1574,#1575));
#266=EDGE_LOOP('',(#1576,#1577,#1578,#1579));
#267=EDGE_LOOP('',(#1580,#1581,#1582,#1583));
#268=EDGE_LOOP('',(#1584,#1585,#1586,#1587));
#269=EDGE_LOOP('',(#1588,#1589,#1590,#1591));
#270=EDGE_LOOP('',(#1592,#1593,#1594,#1595));
#271=EDGE_LOOP('',(#1596,#1597,#1598,#1599));
#272=EDGE_LOOP('',(#1600,#1601,#1602,#1603));
#273=EDGE_LOOP('',(#1604,#1605,#1606,#1607));
#274=EDGE_LOOP('',(#1608,#1609,#1610,#1611));
#275=EDGE_LOOP('',(#1612,#1613,#1614,#1615));
#276=EDGE_LOOP('',(#1616,#1617,#1618,#1619));
#277=EDGE_LOOP('',(#1620,#1621,#1622,#1623));
#278=EDGE_LOOP('',(#1624,#1625,#1626,#1627));
#279=EDGE_LOOP('',(#1628,#1629,#1630,#1631));
#280=EDGE_LOOP('',(#1632,#1633,#1634,#1635));
#281=EDGE_LOOP('',(#1636,#1637,#1638,#1639));
#282=EDGE_LOOP('',(#1640,#1641,#1642,#1643));
#283=EDGE_LOOP('',(#1644,#1645,#1646,#1647,#1648,#1649,#1650,#1651,#1652,
#1653,#1654));
#284=EDGE_LOOP('',(#1655,#1656,#1657,#1658));
#285=EDGE_LOOP('',(#1659,#1660,#1661,#1662));
#286=EDGE_LOOP('',(#1663,#1664,#1665,#1666));
#287=EDGE_LOOP('',(#1667,#1668,#1669,#1670));
#288=EDGE_LOOP('',(#1671,#1672,#1673,#1674));
#289=EDGE_LOOP('',(#1675,#1676,#1677,#1678));
#290=EDGE_LOOP('',(#1679,#1680,#1681,#1682));
#291=EDGE_LOOP('',(#1683,#1684,#1685,#1686));
#292=EDGE_LOOP('',(#1687,#1688,#1689,#1690));
#293=EDGE_LOOP('',(#1691,#1692,#1693,#1694));
#294=EDGE_LOOP('',(#1695,#1696,#1697,#1698));
#295=EDGE_LOOP('',(#1699,#1700,#1701,#1702));
#296=EDGE_LOOP('',(#1703,#1704,#1705,#1706));
#297=EDGE_LOOP('',(#1707,#1708,#1709,#1710));
#298=EDGE_LOOP('',(#1711,#1712,#1713,#1714));
#299=EDGE_LOOP('',(#1715,#1716,#1717,#1718,#1719,#1720,#1721,#1722,#1723,
#1724,#1725,#1726,#1727,#1728,#1729));
#300=EDGE_LOOP('',(#1730,#1731,#1732,#1733));
#301=EDGE_LOOP('',(#1734,#1735,#1736,#1737));
#302=EDGE_LOOP('',(#1738,#1739,#1740,#1741));
#303=EDGE_LOOP('',(#1742,#1743,#1744));
#304=EDGE_LOOP('',(#1745,#1746,#1747,#1748));
#305=EDGE_LOOP('',(#1749,#1750,#1751,#1752,#1753,#1754,#1755,#1756,#1757,
#1758,#1759,#1760,#1761,#1762,#1763,#1764,#1765,#1766,#1767,#1768));
#306=EDGE_LOOP('',(#1769,#1770,#1771,#1772,#1773,#1774,#1775,#1776,#1777,
#1778,#1779,#1780,#1781,#1782,#1783,#1784,#1785,#1786,#1787,#1788,#1789,
#1790,#1791,#1792,#1793,#1794,#1795,#1796,#1797,#1798,#1799,#1800,#1801,
#1802,#1803,#1804));
#307=EDGE_LOOP('',(#1805,#1806,#1807,#1808,#1809,#1810,#1811,#1812,#1813,
#1814,#1815,#1816,#1817,#1818,#1819,#1820,#1821,#1822,#1823,#1824));
#308=EDGE_LOOP('',(#1825,#1826,#1827,#1828));
#309=EDGE_LOOP('',(#1829,#1830,#1831,#1832));
#310=EDGE_LOOP('',(#1833,#1834,#1835,#1836));
#311=EDGE_LOOP('',(#1837,#1838,#1839,#1840,#1841,#1842,#1843,#1844,#1845,
#1846,#1847));
#312=EDGE_LOOP('',(#1848,#1849,#1850,#1851,#1852,#1853,#1854,#1855,#1856,
#1857,#1858,#1859,#1860,#1861,#1862));
#313=EDGE_LOOP('',(#1863,#1864,#1865));
#314=EDGE_LOOP('',(#1866));
#315=EDGE_LOOP('',(#1867,#1868,#1869,#1870));
#316=EDGE_LOOP('',(#1871,#1872,#1873,#1874));
#317=EDGE_LOOP('',(#1875,#1876,#1877,#1878));
#318=EDGE_LOOP('',(#1879,#1880,#1881,#1882));
#319=EDGE_LOOP('',(#1883,#1884,#1885,#1886));
#320=EDGE_LOOP('',(#1887,#1888,#1889,#1890));
#321=EDGE_LOOP('',(#1891,#1892,#1893,#1894));
#322=EDGE_LOOP('',(#1895,#1896,#1897,#1898));
#323=EDGE_LOOP('',(#1899,#1900,#1901,#1902));
#324=EDGE_LOOP('',(#1903,#1904,#1905,#1906));
#325=EDGE_LOOP('',(#1907,#1908,#1909,#1910));
#326=EDGE_LOOP('',(#1911,#1912,#1913,#1914));
#327=EDGE_LOOP('',(#1915,#1916,#1917,#1918));
#328=EDGE_LOOP('',(#1919,#1920,#1921,#1922));
#329=EDGE_LOOP('',(#1923,#1924,#1925,#1926));
#330=EDGE_LOOP('',(#1927,#1928,#1929,#1930));
#331=EDGE_LOOP('',(#1931,#1932,#1933,#1934));
#332=EDGE_LOOP('',(#1935,#1936,#1937,#1938));
#333=EDGE_LOOP('',(#1939,#1940,#1941,#1942));
#334=EDGE_LOOP('',(#1943,#1944,#1945,#1946));
#335=EDGE_LOOP('',(#1947,#1948,#1949,#1950));
#336=EDGE_LOOP('',(#1951,#1952,#1953,#1954));
#337=EDGE_LOOP('',(#1955,#1956,#1957,#1958));
#338=EDGE_LOOP('',(#1959,#1960,#1961,#1962));
#339=EDGE_LOOP('',(#1963,#1964,#1965,#1966));
#340=EDGE_LOOP('',(#1967,#1968,#1969,#1970));
#341=EDGE_LOOP('',(#1971,#1972,#1973,#1974));
#342=EDGE_LOOP('',(#1975,#1976,#1977,#1978));
#343=EDGE_LOOP('',(#1979,#1980,#1981,#1982));
#344=EDGE_LOOP('',(#1983,#1984,#1985,#1986));
#345=EDGE_LOOP('',(#1987,#1988,#1989,#1990));
#346=EDGE_LOOP('',(#1991,#1992,#1993,#1994));
#347=EDGE_LOOP('',(#1995));
#348=EDGE_LOOP('',(#1996,#1997,#1998,#1999));
#349=EDGE_LOOP('',(#2000,#2001,#2002,#2003));
#350=EDGE_LOOP('',(#2004,#2005,#2006,#2007));
#351=EDGE_LOOP('',(#2008,#2009,#2010,#2011));
#352=EDGE_LOOP('',(#2012,#2013,#2014,#2015));
#353=EDGE_LOOP('',(#2016,#2017,#2018,#2019));
#354=EDGE_LOOP('',(#2020,#2021,#2022,#2023,#2024,#2025));
#355=EDGE_LOOP('',(#2026,#2027,#2028,#2029,#2030,#2031));
#356=LINE('',#2970,#622);
#357=LINE('',#2972,#623);
#358=LINE('',#2974,#624);
#359=LINE('',#2975,#625);
#360=LINE('',#2978,#626);
#361=LINE('',#2980,#627);
#362=LINE('',#2981,#628);
#363=LINE('',#2984,#629);
#364=LINE('',#2986,#630);
#365=LINE('',#2987,#631);
#366=LINE('',#2989,#632);
#367=LINE('',#2990,#633);
#368=LINE('',#2996,#634);
#369=LINE('',#2998,#635);
#370=LINE('',#3000,#636);
#371=LINE('',#3001,#637);
#372=LINE('',#3004,#638);
#373=LINE('',#3006,#639);
#374=LINE('',#3007,#640);
#375=LINE('',#3010,#641);
#376=LINE('',#3012,#642);
#377=LINE('',#3013,#643);
#378=LINE('',#3015,#644);
#379=LINE('',#3016,#645);
#380=LINE('',#3022,#646);
#381=LINE('',#3024,#647);
#382=LINE('',#3026,#648);
#383=LINE('',#3027,#649);
#384=LINE('',#3030,#650);
#385=LINE('',#3032,#651);
#386=LINE('',#3033,#652);
#387=LINE('',#3036,#653);
#388=LINE('',#3038,#654);
#389=LINE('',#3039,#655);
#390=LINE('',#3041,#656);
#391=LINE('',#3042,#657);
#392=LINE('',#3048,#658);
#393=LINE('',#3050,#659);
#394=LINE('',#3052,#660);
#395=LINE('',#3053,#661);
#396=LINE('',#3056,#662);
#397=LINE('',#3058,#663);
#398=LINE('',#3059,#664);
#399=LINE('',#3062,#665);
#400=LINE('',#3064,#666);
#401=LINE('',#3065,#667);
#402=LINE('',#3067,#668);
#403=LINE('',#3068,#669);
#404=LINE('',#3074,#670);
#405=LINE('',#3076,#671);
#406=LINE('',#3078,#672);
#407=LINE('',#3079,#673);
#408=LINE('',#3082,#674);
#409=LINE('',#3084,#675);
#410=LINE('',#3085,#676);
#411=LINE('',#3088,#677);
#412=LINE('',#3090,#678);
#413=LINE('',#3091,#679);
#414=LINE('',#3093,#680);
#415=LINE('',#3094,#681);
#416=LINE('',#3100,#682);
#417=LINE('',#3102,#683);
#418=LINE('',#3104,#684);
#419=LINE('',#3105,#685);
#420=LINE('',#3108,#686);
#421=LINE('',#3110,#687);
#422=LINE('',#3111,#688);
#423=LINE('',#3114,#689);
#424=LINE('',#3116,#690);
#425=LINE('',#3117,#691);
#426=LINE('',#3119,#692);
#427=LINE('',#3120,#693);
#428=LINE('',#3126,#694);
#429=LINE('',#3128,#695);
#430=LINE('',#3130,#696);
#431=LINE('',#3131,#697);
#432=LINE('',#3134,#698);
#433=LINE('',#3136,#699);
#434=LINE('',#3137,#700);
#435=LINE('',#3140,#701);
#436=LINE('',#3142,#702);
#437=LINE('',#3143,#703);
#438=LINE('',#3145,#704);
#439=LINE('',#3146,#705);
#440=LINE('',#3152,#706);
#441=LINE('',#3154,#707);
#442=LINE('',#3156,#708);
#443=LINE('',#3157,#709);
#444=LINE('',#3160,#710);
#445=LINE('',#3162,#711);
#446=LINE('',#3163,#712);
#447=LINE('',#3166,#713);
#448=LINE('',#3168,#714);
#449=LINE('',#3169,#715);
#450=LINE('',#3171,#716);
#451=LINE('',#3172,#717);
#452=LINE('',#3178,#718);
#453=LINE('',#3180,#719);
#454=LINE('',#3182,#720);
#455=LINE('',#3183,#721);
#456=LINE('',#3198,#722);
#457=LINE('',#3217,#723);
#458=LINE('',#3236,#724);
#459=LINE('',#3255,#725);
#460=LINE('',#3274,#726);
#461=LINE('',#3281,#727);
#462=LINE('',#3283,#728);
#463=LINE('',#3284,#729);
#464=LINE('',#3287,#730);
#465=LINE('',#3289,#731);
#466=LINE('',#3290,#732);
#467=LINE('',#3305,#733);
#468=LINE('',#3324,#734);
#469=LINE('',#3330,#735);
#470=LINE('',#3331,#736);
#471=LINE('',#3348,#737);
#472=LINE('',#3354,#738);
#473=LINE('',#3369,#739);
#474=LINE('',#3388,#740);
#475=LINE('',#3395,#741);
#476=LINE('',#3397,#742);
#477=LINE('',#3398,#743);
#478=LINE('',#3401,#744);
#479=LINE('',#3403,#745);
#480=LINE('',#3404,#746);
#481=LINE('',#3419,#747);
#482=LINE('',#3438,#748);
#483=LINE('',#3457,#749);
#484=LINE('',#3476,#750);
#485=LINE('',#3495,#751);
#486=LINE('',#3514,#752);
#487=LINE('',#3533,#753);
#488=LINE('',#3552,#754);
#489=LINE('',#3559,#755);
#490=LINE('',#3561,#756);
#491=LINE('',#3562,#757);
#492=LINE('',#3564,#758);
#493=LINE('',#3565,#759);
#494=LINE('',#3582,#760);
#495=LINE('',#3588,#761);
#496=LINE('',#3603,#762);
#497=LINE('',#3629,#763);
#498=LINE('',#3634,#764);
#499=LINE('',#3636,#765);
#500=LINE('',#3638,#766);
#501=LINE('',#3640,#767);
#502=LINE('',#3642,#768);
#503=LINE('',#3644,#769);
#504=LINE('',#3646,#770);
#505=LINE('',#3648,#771);
#506=LINE('',#3650,#772);
#507=LINE('',#3652,#773);
#508=LINE('',#3654,#774);
#509=LINE('',#3656,#775);
#510=LINE('',#3658,#776);
#511=LINE('',#3660,#777);
#512=LINE('',#3662,#778);
#513=LINE('',#3664,#779);
#514=LINE('',#3666,#780);
#515=LINE('',#3668,#781);
#516=LINE('',#3670,#782);
#517=LINE('',#3671,#783);
#518=LINE('',#3675,#784);
#519=LINE('',#3677,#785);
#520=LINE('',#3679,#786);
#521=LINE('',#3681,#787);
#522=LINE('',#3683,#788);
#523=LINE('',#3685,#789);
#524=LINE('',#3687,#790);
#525=LINE('',#3689,#791);
#526=LINE('',#3691,#792);
#527=LINE('',#3693,#793);
#528=LINE('',#3695,#794);
#529=LINE('',#3696,#795);
#530=LINE('',#3698,#796);
#531=LINE('',#3700,#797);
#532=LINE('',#3701,#798);
#533=LINE('',#3703,#799);
#534=LINE('',#3705,#800);
#535=LINE('',#3706,#801);
#536=LINE('',#3708,#802);
#537=LINE('',#3710,#803);
#538=LINE('',#3711,#804);
#539=LINE('',#3713,#805);
#540=LINE('',#3715,#806);
#541=LINE('',#3716,#807);
#542=LINE('',#3718,#808);
#543=LINE('',#3720,#809);
#544=LINE('',#3722,#810);
#545=LINE('',#3724,#811);
#546=LINE('',#3726,#812);
#547=LINE('',#3728,#813);
#548=LINE('',#3729,#814);
#549=LINE('',#3732,#815);
#550=LINE('',#3734,#816);
#551=LINE('',#3735,#817);
#552=LINE('',#3737,#818);
#553=LINE('',#3739,#819);
#554=LINE('',#3740,#820);
#555=LINE('',#3742,#821);
#556=LINE('',#3744,#822);
#557=LINE('',#3745,#823);
#558=LINE('',#3747,#824);
#559=LINE('',#3749,#825);
#560=LINE('',#3750,#826);
#561=LINE('',#3752,#827);
#562=LINE('',#3754,#828);
#563=LINE('',#3755,#829);
#564=LINE('',#3757,#830);
#565=LINE('',#3759,#831);
#566=LINE('',#3763,#832);
#567=LINE('',#3765,#833);
#568=LINE('',#3766,#834);
#569=LINE('',#3768,#835);
#570=LINE('',#3770,#836);
#571=LINE('',#3774,#837);
#572=LINE('',#3775,#838);
#573=LINE('',#3778,#839);
#574=LINE('',#3779,#840);
#575=LINE('',#3781,#841);
#576=LINE('',#3785,#842);
#577=LINE('',#3786,#843);
#578=LINE('',#3789,#844);
#579=LINE('',#3790,#845);
#580=LINE('',#3792,#846);
#581=LINE('',#3796,#847);
#582=LINE('',#3797,#848);
#583=LINE('',#3800,#849);
#584=LINE('',#3801,#850);
#585=LINE('',#3803,#851);
#586=LINE('',#3807,#852);
#587=LINE('',#3808,#853);
#588=LINE('',#3811,#854);
#589=LINE('',#3812,#855);
#590=LINE('',#3814,#856);
#591=LINE('',#3818,#857);
#592=LINE('',#3820,#858);
#593=LINE('',#3821,#859);
#594=LINE('',#3823,#860);
#595=LINE('',#3825,#861);
#596=LINE('',#3829,#862);
#597=LINE('',#3831,#863);
#598=LINE('',#3832,#864);
#599=LINE('',#3834,#865);
#600=LINE('',#3836,#866);
#601=LINE('',#3840,#867);
#602=LINE('',#3842,#868);
#603=LINE('',#3843,#869);
#604=LINE('',#3845,#870);
#605=LINE('',#3847,#871);
#606=LINE('',#3855,#872);
#607=LINE('',#3858,#873);
#608=LINE('',#3861,#874);
#609=LINE('',#3863,#875);
#610=LINE('',#3864,#876);
#611=LINE('',#3867,#877);
#612=LINE('',#3869,#878);
#613=LINE('',#3870,#879);
#614=LINE('',#3873,#880);
#615=LINE('',#3875,#881);
#616=LINE('',#3876,#882);
#617=LINE('',#3879,#883);
#618=LINE('',#3881,#884);
#619=LINE('',#3882,#885);
#620=LINE('',#3884,#886);
#621=LINE('',#3885,#887);
#622=VECTOR('',#2480,1000.);
#623=VECTOR('',#2481,1000.);
#624=VECTOR('',#2482,1000.);
#625=VECTOR('',#2483,1000.);
#626=VECTOR('',#2486,1000.);
#627=VECTOR('',#2487,1000.);
#628=VECTOR('',#2488,1000.);
#629=VECTOR('',#2491,1000.);
#630=VECTOR('',#2492,1000.);
#631=VECTOR('',#2493,1000.);
#632=VECTOR('',#2496,1000.);
#633=VECTOR('',#2497,1000.);
#634=VECTOR('',#2504,1000.);
#635=VECTOR('',#2505,1000.);
#636=VECTOR('',#2506,1000.);
#637=VECTOR('',#2507,1000.);
#638=VECTOR('',#2510,1000.);
#639=VECTOR('',#2511,1000.);
#640=VECTOR('',#2512,1000.);
#641=VECTOR('',#2515,1000.);
#642=VECTOR('',#2516,1000.);
#643=VECTOR('',#2517,1000.);
#644=VECTOR('',#2520,1000.);
#645=VECTOR('',#2521,1000.);
#646=VECTOR('',#2528,1000.);
#647=VECTOR('',#2529,1000.);
#648=VECTOR('',#2530,1000.);
#649=VECTOR('',#2531,1000.);
#650=VECTOR('',#2534,1000.);
#651=VECTOR('',#2535,1000.);
#652=VECTOR('',#2536,1000.);
#653=VECTOR('',#2539,1000.);
#654=VECTOR('',#2540,1000.);
#655=VECTOR('',#2541,1000.);
#656=VECTOR('',#2544,1000.);
#657=VECTOR('',#2545,1000.);
#658=VECTOR('',#2552,1000.);
#659=VECTOR('',#2553,1000.);
#660=VECTOR('',#2554,1000.);
#661=VECTOR('',#2555,1000.);
#662=VECTOR('',#2558,1000.);
#663=VECTOR('',#2559,1000.);
#664=VECTOR('',#2560,1000.);
#665=VECTOR('',#2563,1000.);
#666=VECTOR('',#2564,1000.);
#667=VECTOR('',#2565,1000.);
#668=VECTOR('',#2568,1000.);
#669=VECTOR('',#2569,1000.);
#670=VECTOR('',#2576,1000.);
#671=VECTOR('',#2577,1000.);
#672=VECTOR('',#2578,1000.);
#673=VECTOR('',#2579,1000.);
#674=VECTOR('',#2582,1000.);
#675=VECTOR('',#2583,1000.);
#676=VECTOR('',#2584,1000.);
#677=VECTOR('',#2587,1000.);
#678=VECTOR('',#2588,1000.);
#679=VECTOR('',#2589,1000.);
#680=VECTOR('',#2592,1000.);
#681=VECTOR('',#2593,1000.);
#682=VECTOR('',#2600,1000.);
#683=VECTOR('',#2601,1000.);
#684=VECTOR('',#2602,1000.);
#685=VECTOR('',#2603,1000.);
#686=VECTOR('',#2606,1000.);
#687=VECTOR('',#2607,1000.);
#688=VECTOR('',#2608,1000.);
#689=VECTOR('',#2611,1000.);
#690=VECTOR('',#2612,1000.);
#691=VECTOR('',#2613,1000.);
#692=VECTOR('',#2616,1000.);
#693=VECTOR('',#2617,1000.);
#694=VECTOR('',#2624,1000.);
#695=VECTOR('',#2625,1000.);
#696=VECTOR('',#2626,1000.);
#697=VECTOR('',#2627,1000.);
#698=VECTOR('',#2630,1000.);
#699=VECTOR('',#2631,1000.);
#700=VECTOR('',#2632,1000.);
#701=VECTOR('',#2635,1000.);
#702=VECTOR('',#2636,1000.);
#703=VECTOR('',#2637,1000.);
#704=VECTOR('',#2640,1000.);
#705=VECTOR('',#2641,1000.);
#706=VECTOR('',#2648,1000.);
#707=VECTOR('',#2649,1000.);
#708=VECTOR('',#2650,1000.);
#709=VECTOR('',#2651,1000.);
#710=VECTOR('',#2654,1000.);
#711=VECTOR('',#2655,1000.);
#712=VECTOR('',#2656,1000.);
#713=VECTOR('',#2659,1000.);
#714=VECTOR('',#2660,1000.);
#715=VECTOR('',#2661,1000.);
#716=VECTOR('',#2664,1000.);
#717=VECTOR('',#2665,1000.);
#718=VECTOR('',#2672,10.);
#719=VECTOR('',#2673,10.);
#720=VECTOR('',#2674,10.);
#721=VECTOR('',#2675,10.);
#722=VECTOR('',#2676,10.);
#723=VECTOR('',#2677,10.);
#724=VECTOR('',#2678,10.);
#725=VECTOR('',#2679,10.);
#726=VECTOR('',#2680,10.);
#727=VECTOR('',#2683,10.);
#728=VECTOR('',#2684,10.);
#729=VECTOR('',#2685,10.);
#730=VECTOR('',#2688,10.);
#731=VECTOR('',#2689,10.);
#732=VECTOR('',#2690,10.);
#733=VECTOR('',#2691,10.);
#734=VECTOR('',#2692,10.);
#735=VECTOR('',#2695,10.);
#736=VECTOR('',#2696,9.99999999999999);
#737=VECTOR('',#2699,10.);
#738=VECTOR('',#2700,10.);
#739=VECTOR('',#2701,10.);
#740=VECTOR('',#2702,10.);
#741=VECTOR('',#2705,10.);
#742=VECTOR('',#2706,10.);
#743=VECTOR('',#2707,10.);
#744=VECTOR('',#2710,10.);
#745=VECTOR('',#2711,10.);
#746=VECTOR('',#2712,10.);
#747=VECTOR('',#2713,10.);
#748=VECTOR('',#2714,10.);
#749=VECTOR('',#2715,10.);
#750=VECTOR('',#2716,10.);
#751=VECTOR('',#2717,10.);
#752=VECTOR('',#2718,10.);
#753=VECTOR('',#2719,10.);
#754=VECTOR('',#2720,10.);
#755=VECTOR('',#2723,9.99999999999999);
#756=VECTOR('',#2724,10.);
#757=VECTOR('',#2725,9.99999999999999);
#758=VECTOR('',#2728,10.);
#759=VECTOR('',#2729,10.);
#760=VECTOR('',#2732,10.);
#761=VECTOR('',#2733,10.);
#762=VECTOR('',#2734,10.);
#763=VECTOR('',#2741,0.3);
#764=VECTOR('',#2746,1000.);
#765=VECTOR('',#2747,1000.);
#766=VECTOR('',#2748,1000.);
#767=VECTOR('',#2749,1000.);
#768=VECTOR('',#2750,1000.);
#769=VECTOR('',#2751,1000.);
#770=VECTOR('',#2752,1000.);
#771=VECTOR('',#2753,1000.);
#772=VECTOR('',#2754,1000.);
#773=VECTOR('',#2755,1000.);
#774=VECTOR('',#2756,1000.);
#775=VECTOR('',#2757,1000.);
#776=VECTOR('',#2758,1000.);
#777=VECTOR('',#2759,1000.);
#778=VECTOR('',#2760,1000.);
#779=VECTOR('',#2761,1000.);
#780=VECTOR('',#2762,1000.);
#781=VECTOR('',#2763,1000.);
#782=VECTOR('',#2764,1000.);
#783=VECTOR('',#2765,1000.);
#784=VECTOR('',#2768,1000.);
#785=VECTOR('',#2769,1000.);
#786=VECTOR('',#2770,1000.);
#787=VECTOR('',#2771,1000.);
#788=VECTOR('',#2772,1000.);
#789=VECTOR('',#2773,1000.);
#790=VECTOR('',#2774,1000.);
#791=VECTOR('',#2775,1000.);
#792=VECTOR('',#2776,1000.);
#793=VECTOR('',#2777,1000.);
#794=VECTOR('',#2778,1000.);
#795=VECTOR('',#2779,1000.);
#796=VECTOR('',#2780,1000.);
#797=VECTOR('',#2781,1000.);
#798=VECTOR('',#2782,1000.);
#799=VECTOR('',#2783,1000.);
#800=VECTOR('',#2784,1000.);
#801=VECTOR('',#2785,1000.);
#802=VECTOR('',#2786,1000.);
#803=VECTOR('',#2787,1000.);
#804=VECTOR('',#2788,1000.);
#805=VECTOR('',#2789,1000.);
#806=VECTOR('',#2790,1000.);
#807=VECTOR('',#2791,1000.);
#808=VECTOR('',#2792,1000.);
#809=VECTOR('',#2793,1000.);
#810=VECTOR('',#2794,1000.);
#811=VECTOR('',#2795,1000.);
#812=VECTOR('',#2796,1000.);
#813=VECTOR('',#2797,1000.);
#814=VECTOR('',#2798,1000.);
#815=VECTOR('',#2801,1000.);
#816=VECTOR('',#2802,1000.);
#817=VECTOR('',#2803,1000.);
#818=VECTOR('',#2804,1000.);
#819=VECTOR('',#2805,1000.);
#820=VECTOR('',#2806,1000.);
#821=VECTOR('',#2807,1000.);
#822=VECTOR('',#2808,1000.);
#823=VECTOR('',#2809,1000.);
#824=VECTOR('',#2810,1000.);
#825=VECTOR('',#2811,1000.);
#826=VECTOR('',#2812,1000.);
#827=VECTOR('',#2813,1000.);
#828=VECTOR('',#2814,1000.);
#829=VECTOR('',#2815,1000.);
#830=VECTOR('',#2818,1000.);
#831=VECTOR('',#2821,1000.);
#832=VECTOR('',#2826,1000.);
#833=VECTOR('',#2827,1000.);
#834=VECTOR('',#2828,1000.);
#835=VECTOR('',#2831,1000.);
#836=VECTOR('',#2834,1000.);
#837=VECTOR('',#2839,1000.);
#838=VECTOR('',#2840,1000.);
#839=VECTOR('',#2843,1000.);
#840=VECTOR('',#2844,1000.);
#841=VECTOR('',#2847,1000.);
#842=VECTOR('',#2852,1000.);
#843=VECTOR('',#2853,1000.);
#844=VECTOR('',#2856,1000.);
#845=VECTOR('',#2857,1000.);
#846=VECTOR('',#2860,1000.);
#847=VECTOR('',#2865,1000.);
#848=VECTOR('',#2866,1000.);
#849=VECTOR('',#2869,1000.);
#850=VECTOR('',#2870,1000.);
#851=VECTOR('',#2873,1000.);
#852=VECTOR('',#2878,1000.);
#853=VECTOR('',#2879,1000.);
#854=VECTOR('',#2882,1000.);
#855=VECTOR('',#2883,1000.);
#856=VECTOR('',#2886,1000.);
#857=VECTOR('',#2891,1000.);
#858=VECTOR('',#2892,1000.);
#859=VECTOR('',#2893,1000.);
#860=VECTOR('',#2896,1000.);
#861=VECTOR('',#2899,1000.);
#862=VECTOR('',#2904,1000.);
#863=VECTOR('',#2905,1000.);
#864=VECTOR('',#2906,1000.);
#865=VECTOR('',#2909,1000.);
#866=VECTOR('',#2912,1000.);
#867=VECTOR('',#2917,1000.);
#868=VECTOR('',#2918,1000.);
#869=VECTOR('',#2919,1000.);
#870=VECTOR('',#2922,1000.);
#871=VECTOR('',#2925,1000.);
#872=VECTOR('',#2934,1000.);
#873=VECTOR('',#2937,1000.);
#874=VECTOR('',#2940,1000.);
#875=VECTOR('',#2941,1000.);
#876=VECTOR('',#2942,1000.);
#877=VECTOR('',#2945,1000.);
#878=VECTOR('',#2946,1000.);
#879=VECTOR('',#2947,1000.);
#880=VECTOR('',#2950,1000.);
#881=VECTOR('',#2951,1000.);
#882=VECTOR('',#2952,1000.);
#883=VECTOR('',#2955,1000.);
#884=VECTOR('',#2956,1000.);
#885=VECTOR('',#2957,1000.);
#886=VECTOR('',#2960,1000.);
#887=VECTOR('',#2961,1000.);
#888=VERTEX_POINT('',#2968);
#889=VERTEX_POINT('',#2969);
#890=VERTEX_POINT('',#2971);
#891=VERTEX_POINT('',#2973);
#892=VERTEX_POINT('',#2977);
#893=VERTEX_POINT('',#2979);
#894=VERTEX_POINT('',#2983);
#895=VERTEX_POINT('',#2985);
#896=VERTEX_POINT('',#2994);
#897=VERTEX_POINT('',#2995);
#898=VERTEX_POINT('',#2997);
#899=VERTEX_POINT('',#2999);
#900=VERTEX_POINT('',#3003);
#901=VERTEX_POINT('',#3005);
#902=VERTEX_POINT('',#3009);
#903=VERTEX_POINT('',#3011);
#904=VERTEX_POINT('',#3020);
#905=VERTEX_POINT('',#3021);
#906=VERTEX_POINT('',#3023);
#907=VERTEX_POINT('',#3025);
#908=VERTEX_POINT('',#3029);
#909=VERTEX_POINT('',#3031);
#910=VERTEX_POINT('',#3035);
#911=VERTEX_POINT('',#3037);
#912=VERTEX_POINT('',#3046);
#913=VERTEX_POINT('',#3047);
#914=VERTEX_POINT('',#3049);
#915=VERTEX_POINT('',#3051);
#916=VERTEX_POINT('',#3055);
#917=VERTEX_POINT('',#3057);
#918=VERTEX_POINT('',#3061);
#919=VERTEX_POINT('',#3063);
#920=VERTEX_POINT('',#3072);
#921=VERTEX_POINT('',#3073);
#922=VERTEX_POINT('',#3075);
#923=VERTEX_POINT('',#3077);
#924=VERTEX_POINT('',#3081);
#925=VERTEX_POINT('',#3083);
#926=VERTEX_POINT('',#3087);
#927=VERTEX_POINT('',#3089);
#928=VERTEX_POINT('',#3098);
#929=VERTEX_POINT('',#3099);
#930=VERTEX_POINT('',#3101);
#931=VERTEX_POINT('',#3103);
#932=VERTEX_POINT('',#3107);
#933=VERTEX_POINT('',#3109);
#934=VERTEX_POINT('',#3113);
#935=VERTEX_POINT('',#3115);
#936=VERTEX_POINT('',#3124);
#937=VERTEX_POINT('',#3125);
#938=VERTEX_POINT('',#3127);
#939=VERTEX_POINT('',#3129);
#940=VERTEX_POINT('',#3133);
#941=VERTEX_POINT('',#3135);
#942=VERTEX_POINT('',#3139);
#943=VERTEX_POINT('',#3141);
#944=VERTEX_POINT('',#3150);
#945=VERTEX_POINT('',#3151);
#946=VERTEX_POINT('',#3153);
#947=VERTEX_POINT('',#3155);
#948=VERTEX_POINT('',#3159);
#949=VERTEX_POINT('',#3161);
#950=VERTEX_POINT('',#3165);
#951=VERTEX_POINT('',#3167);
#952=VERTEX_POINT('',#3176);
#953=VERTEX_POINT('',#3177);
#954=VERTEX_POINT('',#3179);
#955=VERTEX_POINT('',#3181);
#956=VERTEX_POINT('',#3192);
#957=VERTEX_POINT('',#3197);
#958=VERTEX_POINT('',#3211);
#959=VERTEX_POINT('',#3216);
#960=VERTEX_POINT('',#3230);
#961=VERTEX_POINT('',#3235);
#962=VERTEX_POINT('',#3249);
#963=VERTEX_POINT('',#3254);
#964=VERTEX_POINT('',#3268);
#965=VERTEX_POINT('',#3273);
#966=VERTEX_POINT('',#3280);
#967=VERTEX_POINT('',#3282);
#968=VERTEX_POINT('',#3286);
#969=VERTEX_POINT('',#3288);
#970=VERTEX_POINT('',#3299);
#971=VERTEX_POINT('',#3304);
#972=VERTEX_POINT('',#3318);
#973=VERTEX_POINT('',#3323);
#974=VERTEX_POINT('',#3341);
#975=VERTEX_POINT('',#3342);
#976=VERTEX_POINT('',#3347);
#977=VERTEX_POINT('',#3349);
#978=VERTEX_POINT('',#3363);
#979=VERTEX_POINT('',#3368);
#980=VERTEX_POINT('',#3382);
#981=VERTEX_POINT('',#3387);
#982=VERTEX_POINT('',#3394);
#983=VERTEX_POINT('',#3396);
#984=VERTEX_POINT('',#3400);
#985=VERTEX_POINT('',#3402);
#986=VERTEX_POINT('',#3413);
#987=VERTEX_POINT('',#3418);
#988=VERTEX_POINT('',#3432);
#989=VERTEX_POINT('',#3437);
#990=VERTEX_POINT('',#3451);
#991=VERTEX_POINT('',#3456);
#992=VERTEX_POINT('',#3470);
#993=VERTEX_POINT('',#3475);
#994=VERTEX_POINT('',#3489);
#995=VERTEX_POINT('',#3494);
#996=VERTEX_POINT('',#3508);
#997=VERTEX_POINT('',#3513);
#998=VERTEX_POINT('',#3527);
#999=VERTEX_POINT('',#3532);
#1000=VERTEX_POINT('',#3546);
#1001=VERTEX_POINT('',#3551);
#1002=VERTEX_POINT('',#3558);
#1003=VERTEX_POINT('',#3560);
#1004=VERTEX_POINT('',#3575);
#1005=VERTEX_POINT('',#3576);
#1006=VERTEX_POINT('',#3581);
#1007=VERTEX_POINT('',#3583);
#1008=VERTEX_POINT('',#3597);
#1009=VERTEX_POINT('',#3602);
#1010=VERTEX_POINT('',#3626);
#1011=VERTEX_POINT('',#3628);
#1012=VERTEX_POINT('',#3632);
#1013=VERTEX_POINT('',#3633);
#1014=VERTEX_POINT('',#3635);
#1015=VERTEX_POINT('',#3637);
#1016=VERTEX_POINT('',#3639);
#1017=VERTEX_POINT('',#3641);
#1018=VERTEX_POINT('',#3643);
#1019=VERTEX_POINT('',#3645);
#1020=VERTEX_POINT('',#3647);
#1021=VERTEX_POINT('',#3649);
#1022=VERTEX_POINT('',#3651);
#1023=VERTEX_POINT('',#3653);
#1024=VERTEX_POINT('',#3655);
#1025=VERTEX_POINT('',#3657);
#1026=VERTEX_POINT('',#3659);
#1027=VERTEX_POINT('',#3661);
#1028=VERTEX_POINT('',#3663);
#1029=VERTEX_POINT('',#3665);
#1030=VERTEX_POINT('',#3667);
#1031=VERTEX_POINT('',#3669);
#1032=VERTEX_POINT('',#3673);
#1033=VERTEX_POINT('',#3674);
#1034=VERTEX_POINT('',#3676);
#1035=VERTEX_POINT('',#3678);
#1036=VERTEX_POINT('',#3680);
#1037=VERTEX_POINT('',#3682);
#1038=VERTEX_POINT('',#3684);
#1039=VERTEX_POINT('',#3686);
#1040=VERTEX_POINT('',#3688);
#1041=VERTEX_POINT('',#3690);
#1042=VERTEX_POINT('',#3692);
#1043=VERTEX_POINT('',#3694);
#1044=VERTEX_POINT('',#3697);
#1045=VERTEX_POINT('',#3699);
#1046=VERTEX_POINT('',#3702);
#1047=VERTEX_POINT('',#3704);
#1048=VERTEX_POINT('',#3707);
#1049=VERTEX_POINT('',#3709);
#1050=VERTEX_POINT('',#3712);
#1051=VERTEX_POINT('',#3714);
#1052=VERTEX_POINT('',#3717);
#1053=VERTEX_POINT('',#3719);
#1054=VERTEX_POINT('',#3721);
#1055=VERTEX_POINT('',#3723);
#1056=VERTEX_POINT('',#3725);
#1057=VERTEX_POINT('',#3727);
#1058=VERTEX_POINT('',#3731);
#1059=VERTEX_POINT('',#3733);
#1060=VERTEX_POINT('',#3736);
#1061=VERTEX_POINT('',#3738);
#1062=VERTEX_POINT('',#3741);
#1063=VERTEX_POINT('',#3743);
#1064=VERTEX_POINT('',#3746);
#1065=VERTEX_POINT('',#3748);
#1066=VERTEX_POINT('',#3751);
#1067=VERTEX_POINT('',#3753);
#1068=VERTEX_POINT('',#3762);
#1069=VERTEX_POINT('',#3764);
#1070=VERTEX_POINT('',#3773);
#1071=VERTEX_POINT('',#3777);
#1072=VERTEX_POINT('',#3784);
#1073=VERTEX_POINT('',#3788);
#1074=VERTEX_POINT('',#3795);
#1075=VERTEX_POINT('',#3799);
#1076=VERTEX_POINT('',#3806);
#1077=VERTEX_POINT('',#3810);
#1078=VERTEX_POINT('',#3817);
#1079=VERTEX_POINT('',#3819);
#1080=VERTEX_POINT('',#3828);
#1081=VERTEX_POINT('',#3830);
#1082=VERTEX_POINT('',#3839);
#1083=VERTEX_POINT('',#3841);
#1084=VERTEX_POINT('',#3851);
#1085=VERTEX_POINT('',#3852);
#1086=VERTEX_POINT('',#3854);
#1087=VERTEX_POINT('',#3856);
#1088=VERTEX_POINT('',#3860);
#1089=VERTEX_POINT('',#3862);
#1090=VERTEX_POINT('',#3866);
#1091=VERTEX_POINT('',#3868);
#1092=VERTEX_POINT('',#3872);
#1093=VERTEX_POINT('',#3874);
#1094=VERTEX_POINT('',#3878);
#1095=VERTEX_POINT('',#3880);
#1096=EDGE_CURVE('',#888,#889,#356,.T.);
#1097=EDGE_CURVE('',#890,#889,#357,.T.);
#1098=EDGE_CURVE('',#891,#890,#358,.T.);
#1099=EDGE_CURVE('',#891,#888,#359,.T.);
#1100=EDGE_CURVE('',#889,#892,#360,.T.);
#1101=EDGE_CURVE('',#893,#892,#361,.T.);
#1102=EDGE_CURVE('',#890,#893,#362,.T.);
#1103=EDGE_CURVE('',#892,#894,#363,.T.);
#1104=EDGE_CURVE('',#895,#894,#364,.T.);
#1105=EDGE_CURVE('',#893,#895,#365,.T.);
#1106=EDGE_CURVE('',#894,#888,#366,.T.);
#1107=EDGE_CURVE('',#895,#891,#367,.T.);
#1108=EDGE_CURVE('',#896,#897,#368,.T.);
#1109=EDGE_CURVE('',#898,#897,#369,.T.);
#1110=EDGE_CURVE('',#899,#898,#370,.T.);
#1111=EDGE_CURVE('',#899,#896,#371,.T.);
#1112=EDGE_CURVE('',#897,#900,#372,.T.);
#1113=EDGE_CURVE('',#901,#900,#373,.T.);
#1114=EDGE_CURVE('',#898,#901,#374,.T.);
#1115=EDGE_CURVE('',#900,#902,#375,.T.);
#1116=EDGE_CURVE('',#903,#902,#376,.T.);
#1117=EDGE_CURVE('',#901,#903,#377,.T.);
#1118=EDGE_CURVE('',#902,#896,#378,.T.);
#1119=EDGE_CURVE('',#903,#899,#379,.T.);
#1120=EDGE_CURVE('',#904,#905,#380,.T.);
#1121=EDGE_CURVE('',#906,#905,#381,.T.);
#1122=EDGE_CURVE('',#907,#906,#382,.T.);
#1123=EDGE_CURVE('',#907,#904,#383,.T.);
#1124=EDGE_CURVE('',#905,#908,#384,.T.);
#1125=EDGE_CURVE('',#909,#908,#385,.T.);
#1126=EDGE_CURVE('',#906,#909,#386,.T.);
#1127=EDGE_CURVE('',#908,#910,#387,.T.);
#1128=EDGE_CURVE('',#911,#910,#388,.T.);
#1129=EDGE_CURVE('',#909,#911,#389,.T.);
#1130=EDGE_CURVE('',#910,#904,#390,.T.);
#1131=EDGE_CURVE('',#911,#907,#391,.T.);
#1132=EDGE_CURVE('',#912,#913,#392,.T.);
#1133=EDGE_CURVE('',#914,#913,#393,.T.);
#1134=EDGE_CURVE('',#915,#914,#394,.T.);
#1135=EDGE_CURVE('',#915,#912,#395,.T.);
#1136=EDGE_CURVE('',#913,#916,#396,.T.);
#1137=EDGE_CURVE('',#917,#916,#397,.T.);
#1138=EDGE_CURVE('',#914,#917,#398,.T.);
#1139=EDGE_CURVE('',#916,#918,#399,.T.);
#1140=EDGE_CURVE('',#919,#918,#400,.T.);
#1141=EDGE_CURVE('',#917,#919,#401,.T.);
#1142=EDGE_CURVE('',#918,#912,#402,.T.);
#1143=EDGE_CURVE('',#919,#915,#403,.T.);
#1144=EDGE_CURVE('',#920,#921,#404,.T.);
#1145=EDGE_CURVE('',#922,#920,#405,.T.);
#1146=EDGE_CURVE('',#922,#923,#406,.T.);
#1147=EDGE_CURVE('',#923,#921,#407,.T.);
#1148=EDGE_CURVE('',#924,#920,#408,.T.);
#1149=EDGE_CURVE('',#925,#924,#409,.T.);
#1150=EDGE_CURVE('',#925,#922,#410,.T.);
#1151=EDGE_CURVE('',#924,#926,#411,.T.);
#1152=EDGE_CURVE('',#927,#926,#412,.T.);
#1153=EDGE_CURVE('',#925,#927,#413,.T.);
#1154=EDGE_CURVE('',#921,#926,#414,.T.);
#1155=EDGE_CURVE('',#923,#927,#415,.T.);
#1156=EDGE_CURVE('',#928,#929,#416,.T.);
#1157=EDGE_CURVE('',#930,#928,#417,.T.);
#1158=EDGE_CURVE('',#930,#931,#418,.T.);
#1159=EDGE_CURVE('',#931,#929,#419,.T.);
#1160=EDGE_CURVE('',#932,#928,#420,.T.);
#1161=EDGE_CURVE('',#933,#932,#421,.T.);
#1162=EDGE_CURVE('',#933,#930,#422,.T.);
#1163=EDGE_CURVE('',#932,#934,#423,.T.);
#1164=EDGE_CURVE('',#935,#934,#424,.T.);
#1165=EDGE_CURVE('',#933,#935,#425,.T.);
#1166=EDGE_CURVE('',#929,#934,#426,.T.);
#1167=EDGE_CURVE('',#931,#935,#427,.T.);
#1168=EDGE_CURVE('',#936,#937,#428,.T.);
#1169=EDGE_CURVE('',#938,#936,#429,.T.);
#1170=EDGE_CURVE('',#938,#939,#430,.T.);
#1171=EDGE_CURVE('',#939,#937,#431,.T.);
#1172=EDGE_CURVE('',#940,#936,#432,.T.);
#1173=EDGE_CURVE('',#941,#940,#433,.T.);
#1174=EDGE_CURVE('',#941,#938,#434,.T.);
#1175=EDGE_CURVE('',#940,#942,#435,.T.);
#1176=EDGE_CURVE('',#943,#942,#436,.T.);
#1177=EDGE_CURVE('',#941,#943,#437,.T.);
#1178=EDGE_CURVE('',#937,#942,#438,.T.);
#1179=EDGE_CURVE('',#939,#943,#439,.T.);
#1180=EDGE_CURVE('',#944,#945,#440,.T.);
#1181=EDGE_CURVE('',#946,#944,#441,.T.);
#1182=EDGE_CURVE('',#946,#947,#442,.T.);
#1183=EDGE_CURVE('',#947,#945,#443,.T.);
#1184=EDGE_CURVE('',#948,#944,#444,.T.);
#1185=EDGE_CURVE('',#949,#948,#445,.T.);
#1186=EDGE_CURVE('',#949,#946,#446,.T.);
#1187=EDGE_CURVE('',#948,#950,#447,.T.);
#1188=EDGE_CURVE('',#951,#950,#448,.T.);
#1189=EDGE_CURVE('',#949,#951,#449,.T.);
#1190=EDGE_CURVE('',#945,#950,#450,.T.);
#1191=EDGE_CURVE('',#947,#951,#451,.T.);
#1192=EDGE_CURVE('',#952,#953,#452,.T.);
#1193=EDGE_CURVE('',#952,#954,#453,.T.);
#1194=EDGE_CURVE('',#954,#955,#454,.T.);
#1195=EDGE_CURVE('',#953,#955,#455,.T.);
#1196=EDGE_CURVE('',#956,#952,#23,.T.);
#1197=EDGE_CURVE('',#956,#957,#456,.T.);
#1198=EDGE_CURVE('',#957,#954,#24,.T.);
#1199=EDGE_CURVE('',#958,#956,#25,.T.);
#1200=EDGE_CURVE('',#958,#959,#457,.T.);
#1201=EDGE_CURVE('',#959,#957,#26,.T.);
#1202=EDGE_CURVE('',#960,#958,#27,.T.);
#1203=EDGE_CURVE('',#960,#961,#458,.T.);
#1204=EDGE_CURVE('',#961,#959,#28,.T.);
#1205=EDGE_CURVE('',#962,#960,#29,.T.);
#1206=EDGE_CURVE('',#962,#963,#459,.T.);
#1207=EDGE_CURVE('',#963,#961,#30,.T.);
#1208=EDGE_CURVE('',#964,#962,#31,.T.);
#1209=EDGE_CURVE('',#964,#965,#460,.T.);
#1210=EDGE_CURVE('',#965,#963,#32,.T.);
#1211=EDGE_CURVE('',#966,#964,#461,.T.);
#1212=EDGE_CURVE('',#966,#967,#462,.T.);
#1213=EDGE_CURVE('',#967,#965,#463,.T.);
#1214=EDGE_CURVE('',#968,#966,#464,.T.);
#1215=EDGE_CURVE('',#968,#969,#465,.T.);
#1216=EDGE_CURVE('',#969,#967,#466,.T.);
#1217=EDGE_CURVE('',#970,#968,#33,.T.);
#1218=EDGE_CURVE('',#970,#971,#467,.T.);
#1219=EDGE_CURVE('',#971,#969,#34,.T.);
#1220=EDGE_CURVE('',#972,#970,#35,.T.);
#1221=EDGE_CURVE('',#972,#973,#468,.T.);
#1222=EDGE_CURVE('',#973,#971,#36,.T.);
#1223=EDGE_CURVE('',#953,#972,#469,.T.);
#1224=EDGE_CURVE('',#955,#973,#470,.T.);
#1225=EDGE_CURVE('',#974,#975,#37,.T.);
#1226=EDGE_CURVE('',#974,#976,#471,.T.);
#1227=EDGE_CURVE('',#976,#977,#38,.T.);
#1228=EDGE_CURVE('',#975,#977,#472,.T.);
#1229=EDGE_CURVE('',#978,#974,#39,.T.);
#1230=EDGE_CURVE('',#978,#979,#473,.T.);
#1231=EDGE_CURVE('',#979,#976,#40,.T.);
#1232=EDGE_CURVE('',#980,#978,#41,.T.);
#1233=EDGE_CURVE('',#980,#981,#474,.T.);
#1234=EDGE_CURVE('',#981,#979,#42,.T.);
#1235=EDGE_CURVE('',#982,#980,#475,.T.);
#1236=EDGE_CURVE('',#982,#983,#476,.T.);
#1237=EDGE_CURVE('',#983,#981,#477,.T.);
#1238=EDGE_CURVE('',#984,#982,#478,.T.);
#1239=EDGE_CURVE('',#984,#985,#479,.T.);
#1240=EDGE_CURVE('',#985,#983,#480,.T.);
#1241=EDGE_CURVE('',#986,#984,#43,.T.);
#1242=EDGE_CURVE('',#986,#987,#481,.T.);
#1243=EDGE_CURVE('',#987,#985,#44,.T.);
#1244=EDGE_CURVE('',#988,#986,#45,.T.);
#1245=EDGE_CURVE('',#988,#989,#482,.T.);
#1246=EDGE_CURVE('',#989,#987,#46,.T.);
#1247=EDGE_CURVE('',#990,#988,#47,.T.);
#1248=EDGE_CURVE('',#990,#991,#483,.T.);
#1249=EDGE_CURVE('',#991,#989,#48,.T.);
#1250=EDGE_CURVE('',#992,#990,#49,.T.);
#1251=EDGE_CURVE('',#992,#993,#484,.T.);
#1252=EDGE_CURVE('',#993,#991,#50,.T.);
#1253=EDGE_CURVE('',#994,#992,#51,.T.);
#1254=EDGE_CURVE('',#994,#995,#485,.T.);
#1255=EDGE_CURVE('',#995,#993,#52,.T.);
#1256=EDGE_CURVE('',#996,#994,#53,.T.);
#1257=EDGE_CURVE('',#996,#997,#486,.T.);
#1258=EDGE_CURVE('',#997,#995,#54,.T.);
#1259=EDGE_CURVE('',#998,#996,#55,.T.);
#1260=EDGE_CURVE('',#998,#999,#487,.T.);
#1261=EDGE_CURVE('',#999,#997,#56,.T.);
#1262=EDGE_CURVE('',#1000,#998,#57,.T.);
#1263=EDGE_CURVE('',#1000,#1001,#488,.T.);
#1264=EDGE_CURVE('',#1001,#999,#58,.T.);
#1265=EDGE_CURVE('',#1002,#1000,#489,.T.);
#1266=EDGE_CURVE('',#1002,#1003,#490,.T.);
#1267=EDGE_CURVE('',#1003,#1001,#491,.T.);
#1268=EDGE_CURVE('',#975,#1002,#492,.T.);
#1269=EDGE_CURVE('',#977,#1003,#493,.T.);
#1270=EDGE_CURVE('',#1004,#1005,#59,.T.);
#1271=EDGE_CURVE('',#1004,#1006,#494,.T.);
#1272=EDGE_CURVE('',#1006,#1007,#60,.T.);
#1273=EDGE_CURVE('',#1005,#1007,#495,.T.);
#1274=EDGE_CURVE('',#1008,#1004,#61,.T.);
#1275=EDGE_CURVE('',#1008,#1009,#496,.T.);
#1276=EDGE_CURVE('',#1009,#1006,#62,.T.);
#1277=EDGE_CURVE('',#1005,#1008,#63,.T.);
#1278=EDGE_CURVE('',#1007,#1009,#64,.T.);
#1279=EDGE_CURVE('',#1010,#1010,#17,.T.);
#1280=EDGE_CURVE('',#1010,#1011,#497,.T.);
#1281=EDGE_CURVE('',#1011,#1011,#18,.T.);
#1282=EDGE_CURVE('',#1012,#1013,#498,.T.);
#1283=EDGE_CURVE('',#1012,#1014,#499,.T.);
#1284=EDGE_CURVE('',#1014,#1015,#500,.T.);
#1285=EDGE_CURVE('',#1015,#1016,#501,.T.);
#1286=EDGE_CURVE('',#1017,#1016,#502,.T.);
#1287=EDGE_CURVE('',#1018,#1017,#503,.T.);
#1288=EDGE_CURVE('',#1018,#1019,#504,.T.);
#1289=EDGE_CURVE('',#1019,#1020,#505,.T.);
#1290=EDGE_CURVE('',#1021,#1020,#506,.T.);
#1291=EDGE_CURVE('',#1021,#1022,#507,.T.);
#1292=EDGE_CURVE('',#1022,#1023,#508,.T.);
#1293=EDGE_CURVE('',#1023,#1024,#509,.T.);
#1294=EDGE_CURVE('',#1025,#1024,#510,.T.);
#1295=EDGE_CURVE('',#1025,#1026,#511,.T.);
#1296=EDGE_CURVE('',#1026,#1027,#512,.T.);
#1297=EDGE_CURVE('',#1027,#1028,#513,.T.);
#1298=EDGE_CURVE('',#1029,#1028,#514,.T.);
#1299=EDGE_CURVE('',#1029,#1030,#515,.T.);
#1300=EDGE_CURVE('',#1030,#1031,#516,.T.);
#1301=EDGE_CURVE('',#1031,#1013,#517,.T.);
#1302=EDGE_CURVE('',#1032,#1033,#518,.T.);
#1303=EDGE_CURVE('',#1034,#1032,#519,.T.);
#1304=EDGE_CURVE('',#1035,#1034,#520,.T.);
#1305=EDGE_CURVE('',#1036,#1035,#521,.T.);
#1306=EDGE_CURVE('',#1037,#1036,#522,.T.);
#1307=EDGE_CURVE('',#1038,#1037,#523,.T.);
#1308=EDGE_CURVE('',#1039,#1038,#524,.T.);
#1309=EDGE_CURVE('',#1040,#1039,#525,.T.);
#1310=EDGE_CURVE('',#1041,#1040,#526,.T.);
#1311=EDGE_CURVE('',#1042,#1041,#527,.T.);
#1312=EDGE_CURVE('',#1043,#1042,#528,.T.);
#1313=EDGE_CURVE('',#1016,#1043,#529,.T.);
#1314=EDGE_CURVE('',#1015,#1044,#530,.T.);
#1315=EDGE_CURVE('',#1044,#1045,#531,.T.);
#1316=EDGE_CURVE('',#1045,#1013,#532,.T.);
#1317=EDGE_CURVE('',#1031,#1046,#533,.T.);
#1318=EDGE_CURVE('',#1046,#1047,#534,.T.);
#1319=EDGE_CURVE('',#1047,#1028,#535,.T.);
#1320=EDGE_CURVE('',#1027,#1048,#536,.T.);
#1321=EDGE_CURVE('',#1048,#1049,#537,.T.);
#1322=EDGE_CURVE('',#1049,#1024,#538,.T.);
#1323=EDGE_CURVE('',#1023,#1050,#539,.T.);
#1324=EDGE_CURVE('',#1050,#1051,#540,.T.);
#1325=EDGE_CURVE('',#1051,#1020,#541,.T.);
#1326=EDGE_CURVE('',#1052,#1019,#542,.T.);
#1327=EDGE_CURVE('',#1053,#1052,#543,.T.);
#1328=EDGE_CURVE('',#1054,#1053,#544,.T.);
#1329=EDGE_CURVE('',#1055,#1054,#545,.T.);
#1330=EDGE_CURVE('',#1056,#1055,#546,.T.);
#1331=EDGE_CURVE('',#1057,#1056,#547,.T.);
#1332=EDGE_CURVE('',#1033,#1057,#548,.T.);
#1333=EDGE_CURVE('',#1058,#1034,#549,.T.);
#1334=EDGE_CURVE('',#1058,#1059,#550,.T.);
#1335=EDGE_CURVE('',#1059,#1057,#551,.T.);
#1336=EDGE_CURVE('',#1060,#1056,#552,.T.);
#1337=EDGE_CURVE('',#1060,#1061,#553,.T.);
#1338=EDGE_CURVE('',#1061,#1053,#554,.T.);
#1339=EDGE_CURVE('',#1062,#1052,#555,.T.);
#1340=EDGE_CURVE('',#1063,#1062,#556,.T.);
#1341=EDGE_CURVE('',#1063,#1043,#557,.T.);
#1342=EDGE_CURVE('',#1064,#1042,#558,.T.);
#1343=EDGE_CURVE('',#1064,#1065,#559,.T.);
#1344=EDGE_CURVE('',#1065,#1039,#560,.T.);
#1345=EDGE_CURVE('',#1066,#1038,#561,.T.);
#1346=EDGE_CURVE('',#1066,#1067,#562,.T.);
#1347=EDGE_CURVE('',#1067,#1035,#563,.T.);
#1348=EDGE_CURVE('',#1062,#1018,#564,.T.);
#1349=EDGE_CURVE('',#1017,#1063,#565,.T.);
#1350=EDGE_CURVE('',#1068,#1054,#566,.T.);
#1351=EDGE_CURVE('',#1069,#1068,#567,.T.);
#1352=EDGE_CURVE('',#1069,#1055,#568,.T.);
#1353=EDGE_CURVE('',#1060,#1069,#569,.T.);
#1354=EDGE_CURVE('',#1068,#1061,#570,.T.);
#1355=EDGE_CURVE('',#1070,#1051,#571,.T.);
#1356=EDGE_CURVE('',#1070,#1021,#572,.T.);
#1357=EDGE_CURVE('',#1022,#1071,#573,.T.);
#1358=EDGE_CURVE('',#1071,#1050,#574,.T.);
#1359=EDGE_CURVE('',#1071,#1070,#575,.T.);
#1360=EDGE_CURVE('',#1072,#1049,#576,.T.);
#1361=EDGE_CURVE('',#1072,#1025,#577,.T.);
#1362=EDGE_CURVE('',#1026,#1073,#578,.T.);
#1363=EDGE_CURVE('',#1073,#1048,#579,.T.);
#1364=EDGE_CURVE('',#1073,#1072,#580,.T.);
#1365=EDGE_CURVE('',#1074,#1047,#581,.T.);
#1366=EDGE_CURVE('',#1074,#1029,#582,.T.);
#1367=EDGE_CURVE('',#1030,#1075,#583,.T.);
#1368=EDGE_CURVE('',#1075,#1046,#584,.T.);
#1369=EDGE_CURVE('',#1075,#1074,#585,.T.);
#1370=EDGE_CURVE('',#1076,#1045,#586,.T.);
#1371=EDGE_CURVE('',#1076,#1012,#587,.T.);
#1372=EDGE_CURVE('',#1014,#1077,#588,.T.);
#1373=EDGE_CURVE('',#1077,#1044,#589,.T.);
#1374=EDGE_CURVE('',#1077,#1076,#590,.T.);
#1375=EDGE_CURVE('',#1078,#1040,#591,.T.);
#1376=EDGE_CURVE('',#1079,#1078,#592,.T.);
#1377=EDGE_CURVE('',#1079,#1041,#593,.T.);
#1378=EDGE_CURVE('',#1064,#1079,#594,.T.);
#1379=EDGE_CURVE('',#1078,#1065,#595,.T.);
#1380=EDGE_CURVE('',#1080,#1036,#596,.T.);
#1381=EDGE_CURVE('',#1081,#1080,#597,.T.);
#1382=EDGE_CURVE('',#1081,#1037,#598,.T.);
#1383=EDGE_CURVE('',#1066,#1081,#599,.T.);
#1384=EDGE_CURVE('',#1080,#1067,#600,.T.);
#1385=EDGE_CURVE('',#1082,#1033,#601,.T.);
#1386=EDGE_CURVE('',#1083,#1082,#602,.T.);
#1387=EDGE_CURVE('',#1083,#1032,#603,.T.);
#1388=EDGE_CURVE('',#1058,#1083,#604,.T.);
#1389=EDGE_CURVE('',#1082,#1059,#605,.T.);
#1390=EDGE_CURVE('',#1084,#1085,#19,.T.);
#1391=EDGE_CURVE('',#1085,#1086,#606,.T.);
#1392=EDGE_CURVE('',#1087,#1086,#20,.T.);
#1393=EDGE_CURVE('',#1084,#1087,#607,.T.);
#1394=EDGE_CURVE('',#1087,#1088,#608,.T.);
#1395=EDGE_CURVE('',#1089,#1088,#609,.T.);
#1396=EDGE_CURVE('',#1084,#1089,#610,.T.);
#1397=EDGE_CURVE('',#1088,#1090,#611,.T.);
#1398=EDGE_CURVE('',#1091,#1090,#612,.T.);
#1399=EDGE_CURVE('',#1089,#1091,#613,.T.);
#1400=EDGE_CURVE('',#1090,#1092,#614,.T.);
#1401=EDGE_CURVE('',#1093,#1092,#615,.T.);
#1402=EDGE_CURVE('',#1091,#1093,#616,.T.);
#1403=EDGE_CURVE('',#1092,#1094,#617,.T.);
#1404=EDGE_CURVE('',#1095,#1094,#618,.T.);
#1405=EDGE_CURVE('',#1093,#1095,#619,.T.);
#1406=EDGE_CURVE('',#1094,#1086,#620,.T.);
#1407=EDGE_CURVE('',#1095,#1085,#621,.T.);
#1408=ORIENTED_EDGE('',*,*,#1096,.T.);
#1409=ORIENTED_EDGE('',*,*,#1097,.F.);
#1410=ORIENTED_EDGE('',*,*,#1098,.F.);
#1411=ORIENTED_EDGE('',*,*,#1099,.T.);
#1412=ORIENTED_EDGE('',*,*,#1100,.T.);
#1413=ORIENTED_EDGE('',*,*,#1101,.F.);
#1414=ORIENTED_EDGE('',*,*,#1102,.F.);
#1415=ORIENTED_EDGE('',*,*,#1097,.T.);
#1416=ORIENTED_EDGE('',*,*,#1103,.T.);
#1417=ORIENTED_EDGE('',*,*,#1104,.F.);
#1418=ORIENTED_EDGE('',*,*,#1105,.F.);
#1419=ORIENTED_EDGE('',*,*,#1101,.T.);
#1420=ORIENTED_EDGE('',*,*,#1106,.T.);
#1421=ORIENTED_EDGE('',*,*,#1099,.F.);
#1422=ORIENTED_EDGE('',*,*,#1107,.F.);
#1423=ORIENTED_EDGE('',*,*,#1104,.T.);
#1424=ORIENTED_EDGE('',*,*,#1098,.T.);
#1425=ORIENTED_EDGE('',*,*,#1102,.T.);
#1426=ORIENTED_EDGE('',*,*,#1105,.T.);
#1427=ORIENTED_EDGE('',*,*,#1107,.T.);
#1428=ORIENTED_EDGE('',*,*,#1096,.F.);
#1429=ORIENTED_EDGE('',*,*,#1106,.F.);
#1430=ORIENTED_EDGE('',*,*,#1103,.F.);
#1431=ORIENTED_EDGE('',*,*,#1100,.F.);
#1432=ORIENTED_EDGE('',*,*,#1108,.T.);
#1433=ORIENTED_EDGE('',*,*,#1109,.F.);
#1434=ORIENTED_EDGE('',*,*,#1110,.F.);
#1435=ORIENTED_EDGE('',*,*,#1111,.T.);
#1436=ORIENTED_EDGE('',*,*,#1112,.T.);
#1437=ORIENTED_EDGE('',*,*,#1113,.F.);
#1438=ORIENTED_EDGE('',*,*,#1114,.F.);
#1439=ORIENTED_EDGE('',*,*,#1109,.T.);
#1440=ORIENTED_EDGE('',*,*,#1115,.T.);
#1441=ORIENTED_EDGE('',*,*,#1116,.F.);
#1442=ORIENTED_EDGE('',*,*,#1117,.F.);
#1443=ORIENTED_EDGE('',*,*,#1113,.T.);
#1444=ORIENTED_EDGE('',*,*,#1118,.T.);
#1445=ORIENTED_EDGE('',*,*,#1111,.F.);
#1446=ORIENTED_EDGE('',*,*,#1119,.F.);
#1447=ORIENTED_EDGE('',*,*,#1116,.T.);
#1448=ORIENTED_EDGE('',*,*,#1110,.T.);
#1449=ORIENTED_EDGE('',*,*,#1114,.T.);
#1450=ORIENTED_EDGE('',*,*,#1117,.T.);
#1451=ORIENTED_EDGE('',*,*,#1119,.T.);
#1452=ORIENTED_EDGE('',*,*,#1108,.F.);
#1453=ORIENTED_EDGE('',*,*,#1118,.F.);
#1454=ORIENTED_EDGE('',*,*,#1115,.F.);
#1455=ORIENTED_EDGE('',*,*,#1112,.F.);
#1456=ORIENTED_EDGE('',*,*,#1120,.T.);
#1457=ORIENTED_EDGE('',*,*,#1121,.F.);
#1458=ORIENTED_EDGE('',*,*,#1122,.F.);
#1459=ORIENTED_EDGE('',*,*,#1123,.T.);
#1460=ORIENTED_EDGE('',*,*,#1124,.T.);
#1461=ORIENTED_EDGE('',*,*,#1125,.F.);
#1462=ORIENTED_EDGE('',*,*,#1126,.F.);
#1463=ORIENTED_EDGE('',*,*,#1121,.T.);
#1464=ORIENTED_EDGE('',*,*,#1127,.T.);
#1465=ORIENTED_EDGE('',*,*,#1128,.F.);
#1466=ORIENTED_EDGE('',*,*,#1129,.F.);
#1467=ORIENTED_EDGE('',*,*,#1125,.T.);
#1468=ORIENTED_EDGE('',*,*,#1130,.T.);
#1469=ORIENTED_EDGE('',*,*,#1123,.F.);
#1470=ORIENTED_EDGE('',*,*,#1131,.F.);
#1471=ORIENTED_EDGE('',*,*,#1128,.T.);
#1472=ORIENTED_EDGE('',*,*,#1122,.T.);
#1473=ORIENTED_EDGE('',*,*,#1126,.T.);
#1474=ORIENTED_EDGE('',*,*,#1129,.T.);
#1475=ORIENTED_EDGE('',*,*,#1131,.T.);
#1476=ORIENTED_EDGE('',*,*,#1120,.F.);
#1477=ORIENTED_EDGE('',*,*,#1130,.F.);
#1478=ORIENTED_EDGE('',*,*,#1127,.F.);
#1479=ORIENTED_EDGE('',*,*,#1124,.F.);
#1480=ORIENTED_EDGE('',*,*,#1132,.T.);
#1481=ORIENTED_EDGE('',*,*,#1133,.F.);
#1482=ORIENTED_EDGE('',*,*,#1134,.F.);
#1483=ORIENTED_EDGE('',*,*,#1135,.T.);
#1484=ORIENTED_EDGE('',*,*,#1136,.T.);
#1485=ORIENTED_EDGE('',*,*,#1137,.F.);
#1486=ORIENTED_EDGE('',*,*,#1138,.F.);
#1487=ORIENTED_EDGE('',*,*,#1133,.T.);
#1488=ORIENTED_EDGE('',*,*,#1139,.T.);
#1489=ORIENTED_EDGE('',*,*,#1140,.F.);
#1490=ORIENTED_EDGE('',*,*,#1141,.F.);
#1491=ORIENTED_EDGE('',*,*,#1137,.T.);
#1492=ORIENTED_EDGE('',*,*,#1142,.T.);
#1493=ORIENTED_EDGE('',*,*,#1135,.F.);
#1494=ORIENTED_EDGE('',*,*,#1143,.F.);
#1495=ORIENTED_EDGE('',*,*,#1140,.T.);
#1496=ORIENTED_EDGE('',*,*,#1134,.T.);
#1497=ORIENTED_EDGE('',*,*,#1138,.T.);
#1498=ORIENTED_EDGE('',*,*,#1141,.T.);
#1499=ORIENTED_EDGE('',*,*,#1143,.T.);
#1500=ORIENTED_EDGE('',*,*,#1132,.F.);
#1501=ORIENTED_EDGE('',*,*,#1142,.F.);
#1502=ORIENTED_EDGE('',*,*,#1139,.F.);
#1503=ORIENTED_EDGE('',*,*,#1136,.F.);
#1504=ORIENTED_EDGE('',*,*,#1144,.F.);
#1505=ORIENTED_EDGE('',*,*,#1145,.F.);
#1506=ORIENTED_EDGE('',*,*,#1146,.T.);
#1507=ORIENTED_EDGE('',*,*,#1147,.T.);
#1508=ORIENTED_EDGE('',*,*,#1148,.F.);
#1509=ORIENTED_EDGE('',*,*,#1149,.F.);
#1510=ORIENTED_EDGE('',*,*,#1150,.T.);
#1511=ORIENTED_EDGE('',*,*,#1145,.T.);
#1512=ORIENTED_EDGE('',*,*,#1151,.T.);
#1513=ORIENTED_EDGE('',*,*,#1152,.F.);
#1514=ORIENTED_EDGE('',*,*,#1153,.F.);
#1515=ORIENTED_EDGE('',*,*,#1149,.T.);
#1516=ORIENTED_EDGE('',*,*,#1154,.F.);
#1517=ORIENTED_EDGE('',*,*,#1147,.F.);
#1518=ORIENTED_EDGE('',*,*,#1155,.T.);
#1519=ORIENTED_EDGE('',*,*,#1152,.T.);
#1520=ORIENTED_EDGE('',*,*,#1146,.F.);
#1521=ORIENTED_EDGE('',*,*,#1150,.F.);
#1522=ORIENTED_EDGE('',*,*,#1153,.T.);
#1523=ORIENTED_EDGE('',*,*,#1155,.F.);
#1524=ORIENTED_EDGE('',*,*,#1144,.T.);
#1525=ORIENTED_EDGE('',*,*,#1154,.T.);
#1526=ORIENTED_EDGE('',*,*,#1151,.F.);
#1527=ORIENTED_EDGE('',*,*,#1148,.T.);
#1528=ORIENTED_EDGE('',*,*,#1156,.F.);
#1529=ORIENTED_EDGE('',*,*,#1157,.F.);
#1530=ORIENTED_EDGE('',*,*,#1158,.T.);
#1531=ORIENTED_EDGE('',*,*,#1159,.T.);
#1532=ORIENTED_EDGE('',*,*,#1160,.F.);
#1533=ORIENTED_EDGE('',*,*,#1161,.F.);
#1534=ORIENTED_EDGE('',*,*,#1162,.T.);
#1535=ORIENTED_EDGE('',*,*,#1157,.T.);
#1536=ORIENTED_EDGE('',*,*,#1163,.T.);
#1537=ORIENTED_EDGE('',*,*,#1164,.F.);
#1538=ORIENTED_EDGE('',*,*,#1165,.F.);
#1539=ORIENTED_EDGE('',*,*,#1161,.T.);
#1540=ORIENTED_EDGE('',*,*,#1166,.F.);
#1541=ORIENTED_EDGE('',*,*,#1159,.F.);
#1542=ORIENTED_EDGE('',*,*,#1167,.T.);
#1543=ORIENTED_EDGE('',*,*,#1164,.T.);
#1544=ORIENTED_EDGE('',*,*,#1158,.F.);
#1545=ORIENTED_EDGE('',*,*,#1162,.F.);
#1546=ORIENTED_EDGE('',*,*,#1165,.T.);
#1547=ORIENTED_EDGE('',*,*,#1167,.F.);
#1548=ORIENTED_EDGE('',*,*,#1156,.T.);
#1549=ORIENTED_EDGE('',*,*,#1166,.T.);
#1550=ORIENTED_EDGE('',*,*,#1163,.F.);
#1551=ORIENTED_EDGE('',*,*,#1160,.T.);
#1552=ORIENTED_EDGE('',*,*,#1168,.F.);
#1553=ORIENTED_EDGE('',*,*,#1169,.F.);
#1554=ORIENTED_EDGE('',*,*,#1170,.T.);
#1555=ORIENTED_EDGE('',*,*,#1171,.T.);
#1556=ORIENTED_EDGE('',*,*,#1172,.F.);
#1557=ORIENTED_EDGE('',*,*,#1173,.F.);
#1558=ORIENTED_EDGE('',*,*,#1174,.T.);
#1559=ORIENTED_EDGE('',*,*,#1169,.T.);
#1560=ORIENTED_EDGE('',*,*,#1175,.T.);
#1561=ORIENTED_EDGE('',*,*,#1176,.F.);
#1562=ORIENTED_EDGE('',*,*,#1177,.F.);
#1563=ORIENTED_EDGE('',*,*,#1173,.T.);
#1564=ORIENTED_EDGE('',*,*,#1178,.F.);
#1565=ORIENTED_EDGE('',*,*,#1171,.F.);
#1566=ORIENTED_EDGE('',*,*,#1179,.T.);
#1567=ORIENTED_EDGE('',*,*,#1176,.T.);
#1568=ORIENTED_EDGE('',*,*,#1170,.F.);
#1569=ORIENTED_EDGE('',*,*,#1174,.F.);
#1570=ORIENTED_EDGE('',*,*,#1177,.T.);
#1571=ORIENTED_EDGE('',*,*,#1179,.F.);
#1572=ORIENTED_EDGE('',*,*,#1168,.T.);
#1573=ORIENTED_EDGE('',*,*,#1178,.T.);
#1574=ORIENTED_EDGE('',*,*,#1175,.F.);
#1575=ORIENTED_EDGE('',*,*,#1172,.T.);
#1576=ORIENTED_EDGE('',*,*,#1180,.F.);
#1577=ORIENTED_EDGE('',*,*,#1181,.F.);
#1578=ORIENTED_EDGE('',*,*,#1182,.T.);
#1579=ORIENTED_EDGE('',*,*,#1183,.T.);
#1580=ORIENTED_EDGE('',*,*,#1184,.F.);
#1581=ORIENTED_EDGE('',*,*,#1185,.F.);
#1582=ORIENTED_EDGE('',*,*,#1186,.T.);
#1583=ORIENTED_EDGE('',*,*,#1181,.T.);
#1584=ORIENTED_EDGE('',*,*,#1187,.T.);
#1585=ORIENTED_EDGE('',*,*,#1188,.F.);
#1586=ORIENTED_EDGE('',*,*,#1189,.F.);
#1587=ORIENTED_EDGE('',*,*,#1185,.T.);
#1588=ORIENTED_EDGE('',*,*,#1190,.F.);
#1589=ORIENTED_EDGE('',*,*,#1183,.F.);
#1590=ORIENTED_EDGE('',*,*,#1191,.T.);
#1591=ORIENTED_EDGE('',*,*,#1188,.T.);
#1592=ORIENTED_EDGE('',*,*,#1182,.F.);
#1593=ORIENTED_EDGE('',*,*,#1186,.F.);
#1594=ORIENTED_EDGE('',*,*,#1189,.T.);
#1595=ORIENTED_EDGE('',*,*,#1191,.F.);
#1596=ORIENTED_EDGE('',*,*,#1180,.T.);
#1597=ORIENTED_EDGE('',*,*,#1190,.T.);
#1598=ORIENTED_EDGE('',*,*,#1187,.F.);
#1599=ORIENTED_EDGE('',*,*,#1184,.T.);
#1600=ORIENTED_EDGE('',*,*,#1192,.F.);
#1601=ORIENTED_EDGE('',*,*,#1193,.T.);
#1602=ORIENTED_EDGE('',*,*,#1194,.T.);
#1603=ORIENTED_EDGE('',*,*,#1195,.F.);
#1604=ORIENTED_EDGE('',*,*,#1196,.F.);
#1605=ORIENTED_EDGE('',*,*,#1197,.T.);
#1606=ORIENTED_EDGE('',*,*,#1198,.T.);
#1607=ORIENTED_EDGE('',*,*,#1193,.F.);
#1608=ORIENTED_EDGE('',*,*,#1199,.F.);
#1609=ORIENTED_EDGE('',*,*,#1200,.T.);
#1610=ORIENTED_EDGE('',*,*,#1201,.T.);
#1611=ORIENTED_EDGE('',*,*,#1197,.F.);
#1612=ORIENTED_EDGE('',*,*,#1202,.F.);
#1613=ORIENTED_EDGE('',*,*,#1203,.T.);
#1614=ORIENTED_EDGE('',*,*,#1204,.T.);
#1615=ORIENTED_EDGE('',*,*,#1200,.F.);
#1616=ORIENTED_EDGE('',*,*,#1205,.F.);
#1617=ORIENTED_EDGE('',*,*,#1206,.T.);
#1618=ORIENTED_EDGE('',*,*,#1207,.T.);
#1619=ORIENTED_EDGE('',*,*,#1203,.F.);
#1620=ORIENTED_EDGE('',*,*,#1208,.F.);
#1621=ORIENTED_EDGE('',*,*,#1209,.T.);
#1622=ORIENTED_EDGE('',*,*,#1210,.T.);
#1623=ORIENTED_EDGE('',*,*,#1206,.F.);
#1624=ORIENTED_EDGE('',*,*,#1211,.F.);
#1625=ORIENTED_EDGE('',*,*,#1212,.T.);
#1626=ORIENTED_EDGE('',*,*,#1213,.T.);
#1627=ORIENTED_EDGE('',*,*,#1209,.F.);
#1628=ORIENTED_EDGE('',*,*,#1214,.F.);
#1629=ORIENTED_EDGE('',*,*,#1215,.T.);
#1630=ORIENTED_EDGE('',*,*,#1216,.T.);
#1631=ORIENTED_EDGE('',*,*,#1212,.F.);
#1632=ORIENTED_EDGE('',*,*,#1217,.F.);
#1633=ORIENTED_EDGE('',*,*,#1218,.T.);
#1634=ORIENTED_EDGE('',*,*,#1219,.T.);
#1635=ORIENTED_EDGE('',*,*,#1215,.F.);
#1636=ORIENTED_EDGE('',*,*,#1220,.F.);
#1637=ORIENTED_EDGE('',*,*,#1221,.T.);
#1638=ORIENTED_EDGE('',*,*,#1222,.T.);
#1639=ORIENTED_EDGE('',*,*,#1218,.F.);
#1640=ORIENTED_EDGE('',*,*,#1223,.F.);
#1641=ORIENTED_EDGE('',*,*,#1195,.T.);
#1642=ORIENTED_EDGE('',*,*,#1224,.T.);
#1643=ORIENTED_EDGE('',*,*,#1221,.F.);
#1644=ORIENTED_EDGE('',*,*,#1224,.F.);
#1645=ORIENTED_EDGE('',*,*,#1194,.F.);
#1646=ORIENTED_EDGE('',*,*,#1198,.F.);
#1647=ORIENTED_EDGE('',*,*,#1201,.F.);
#1648=ORIENTED_EDGE('',*,*,#1204,.F.);
#1649=ORIENTED_EDGE('',*,*,#1207,.F.);
#1650=ORIENTED_EDGE('',*,*,#1210,.F.);
#1651=ORIENTED_EDGE('',*,*,#1213,.F.);
#1652=ORIENTED_EDGE('',*,*,#1216,.F.);
#1653=ORIENTED_EDGE('',*,*,#1219,.F.);
#1654=ORIENTED_EDGE('',*,*,#1222,.F.);
#1655=ORIENTED_EDGE('',*,*,#1225,.F.);
#1656=ORIENTED_EDGE('',*,*,#1226,.T.);
#1657=ORIENTED_EDGE('',*,*,#1227,.T.);
#1658=ORIENTED_EDGE('',*,*,#1228,.F.);
#1659=ORIENTED_EDGE('',*,*,#1229,.F.);
#1660=ORIENTED_EDGE('',*,*,#1230,.T.);
#1661=ORIENTED_EDGE('',*,*,#1231,.T.);
#1662=ORIENTED_EDGE('',*,*,#1226,.F.);
#1663=ORIENTED_EDGE('',*,*,#1232,.F.);
#1664=ORIENTED_EDGE('',*,*,#1233,.T.);
#1665=ORIENTED_EDGE('',*,*,#1234,.T.);
#1666=ORIENTED_EDGE('',*,*,#1230,.F.);
#1667=ORIENTED_EDGE('',*,*,#1235,.F.);
#1668=ORIENTED_EDGE('',*,*,#1236,.T.);
#1669=ORIENTED_EDGE('',*,*,#1237,.T.);
#1670=ORIENTED_EDGE('',*,*,#1233,.F.);
#1671=ORIENTED_EDGE('',*,*,#1238,.F.);
#1672=ORIENTED_EDGE('',*,*,#1239,.T.);
#1673=ORIENTED_EDGE('',*,*,#1240,.T.);
#1674=ORIENTED_EDGE('',*,*,#1236,.F.);
#1675=ORIENTED_EDGE('',*,*,#1241,.F.);
#1676=ORIENTED_EDGE('',*,*,#1242,.T.);
#1677=ORIENTED_EDGE('',*,*,#1243,.T.);
#1678=ORIENTED_EDGE('',*,*,#1239,.F.);
#1679=ORIENTED_EDGE('',*,*,#1244,.F.);
#1680=ORIENTED_EDGE('',*,*,#1245,.T.);
#1681=ORIENTED_EDGE('',*,*,#1246,.T.);
#1682=ORIENTED_EDGE('',*,*,#1242,.F.);
#1683=ORIENTED_EDGE('',*,*,#1247,.F.);
#1684=ORIENTED_EDGE('',*,*,#1248,.T.);
#1685=ORIENTED_EDGE('',*,*,#1249,.T.);
#1686=ORIENTED_EDGE('',*,*,#1245,.F.);
#1687=ORIENTED_EDGE('',*,*,#1250,.F.);
#1688=ORIENTED_EDGE('',*,*,#1251,.T.);
#1689=ORIENTED_EDGE('',*,*,#1252,.T.);
#1690=ORIENTED_EDGE('',*,*,#1248,.F.);
#1691=ORIENTED_EDGE('',*,*,#1253,.F.);
#1692=ORIENTED_EDGE('',*,*,#1254,.T.);
#1693=ORIENTED_EDGE('',*,*,#1255,.T.);
#1694=ORIENTED_EDGE('',*,*,#1251,.F.);
#1695=ORIENTED_EDGE('',*,*,#1256,.F.);
#1696=ORIENTED_EDGE('',*,*,#1257,.T.);
#1697=ORIENTED_EDGE('',*,*,#1258,.T.);
#1698=ORIENTED_EDGE('',*,*,#1254,.F.);
#1699=ORIENTED_EDGE('',*,*,#1259,.F.);
#1700=ORIENTED_EDGE('',*,*,#1260,.T.);
#1701=ORIENTED_EDGE('',*,*,#1261,.T.);
#1702=ORIENTED_EDGE('',*,*,#1257,.F.);
#1703=ORIENTED_EDGE('',*,*,#1262,.F.);
#1704=ORIENTED_EDGE('',*,*,#1263,.T.);
#1705=ORIENTED_EDGE('',*,*,#1264,.T.);
#1706=ORIENTED_EDGE('',*,*,#1260,.F.);
#1707=ORIENTED_EDGE('',*,*,#1265,.F.);
#1708=ORIENTED_EDGE('',*,*,#1266,.T.);
#1709=ORIENTED_EDGE('',*,*,#1267,.T.);
#1710=ORIENTED_EDGE('',*,*,#1263,.F.);
#1711=ORIENTED_EDGE('',*,*,#1268,.F.);
#1712=ORIENTED_EDGE('',*,*,#1228,.T.);
#1713=ORIENTED_EDGE('',*,*,#1269,.T.);
#1714=ORIENTED_EDGE('',*,*,#1266,.F.);
#1715=ORIENTED_EDGE('',*,*,#1269,.F.);
#1716=ORIENTED_EDGE('',*,*,#1227,.F.);
#1717=ORIENTED_EDGE('',*,*,#1231,.F.);
#1718=ORIENTED_EDGE('',*,*,#1234,.F.);
#1719=ORIENTED_EDGE('',*,*,#1237,.F.);
#1720=ORIENTED_EDGE('',*,*,#1240,.F.);
#1721=ORIENTED_EDGE('',*,*,#1243,.F.);
#1722=ORIENTED_EDGE('',*,*,#1246,.F.);
#1723=ORIENTED_EDGE('',*,*,#1249,.F.);
#1724=ORIENTED_EDGE('',*,*,#1252,.F.);
#1725=ORIENTED_EDGE('',*,*,#1255,.F.);
#1726=ORIENTED_EDGE('',*,*,#1258,.F.);
#1727=ORIENTED_EDGE('',*,*,#1261,.F.);
#1728=ORIENTED_EDGE('',*,*,#1264,.F.);
#1729=ORIENTED_EDGE('',*,*,#1267,.F.);
#1730=ORIENTED_EDGE('',*,*,#1270,.F.);
#1731=ORIENTED_EDGE('',*,*,#1271,.T.);
#1732=ORIENTED_EDGE('',*,*,#1272,.T.);
#1733=ORIENTED_EDGE('',*,*,#1273,.F.);
#1734=ORIENTED_EDGE('',*,*,#1274,.F.);
#1735=ORIENTED_EDGE('',*,*,#1275,.T.);
#1736=ORIENTED_EDGE('',*,*,#1276,.T.);
#1737=ORIENTED_EDGE('',*,*,#1271,.F.);
#1738=ORIENTED_EDGE('',*,*,#1277,.F.);
#1739=ORIENTED_EDGE('',*,*,#1273,.T.);
#1740=ORIENTED_EDGE('',*,*,#1278,.T.);
#1741=ORIENTED_EDGE('',*,*,#1275,.F.);
#1742=ORIENTED_EDGE('',*,*,#1278,.F.);
#1743=ORIENTED_EDGE('',*,*,#1272,.F.);
#1744=ORIENTED_EDGE('',*,*,#1276,.F.);
#1745=ORIENTED_EDGE('',*,*,#1279,.F.);
#1746=ORIENTED_EDGE('',*,*,#1280,.T.);
#1747=ORIENTED_EDGE('',*,*,#1281,.T.);
#1748=ORIENTED_EDGE('',*,*,#1280,.F.);
#1749=ORIENTED_EDGE('',*,*,#1282,.F.);
#1750=ORIENTED_EDGE('',*,*,#1283,.T.);
#1751=ORIENTED_EDGE('',*,*,#1284,.T.);
#1752=ORIENTED_EDGE('',*,*,#1285,.T.);
#1753=ORIENTED_EDGE('',*,*,#1286,.F.);
#1754=ORIENTED_EDGE('',*,*,#1287,.F.);
#1755=ORIENTED_EDGE('',*,*,#1288,.T.);
#1756=ORIENTED_EDGE('',*,*,#1289,.T.);
#1757=ORIENTED_EDGE('',*,*,#1290,.F.);
#1758=ORIENTED_EDGE('',*,*,#1291,.T.);
#1759=ORIENTED_EDGE('',*,*,#1292,.T.);
#1760=ORIENTED_EDGE('',*,*,#1293,.T.);
#1761=ORIENTED_EDGE('',*,*,#1294,.F.);
#1762=ORIENTED_EDGE('',*,*,#1295,.T.);
#1763=ORIENTED_EDGE('',*,*,#1296,.T.);
#1764=ORIENTED_EDGE('',*,*,#1297,.T.);
#1765=ORIENTED_EDGE('',*,*,#1298,.F.);
#1766=ORIENTED_EDGE('',*,*,#1299,.T.);
#1767=ORIENTED_EDGE('',*,*,#1300,.T.);
#1768=ORIENTED_EDGE('',*,*,#1301,.T.);
#1769=ORIENTED_EDGE('',*,*,#1302,.F.);
#1770=ORIENTED_EDGE('',*,*,#1303,.F.);
#1771=ORIENTED_EDGE('',*,*,#1304,.F.);
#1772=ORIENTED_EDGE('',*,*,#1305,.F.);
#1773=ORIENTED_EDGE('',*,*,#1306,.F.);
#1774=ORIENTED_EDGE('',*,*,#1307,.F.);
#1775=ORIENTED_EDGE('',*,*,#1308,.F.);
#1776=ORIENTED_EDGE('',*,*,#1309,.F.);
#1777=ORIENTED_EDGE('',*,*,#1310,.F.);
#1778=ORIENTED_EDGE('',*,*,#1311,.F.);
#1779=ORIENTED_EDGE('',*,*,#1312,.F.);
#1780=ORIENTED_EDGE('',*,*,#1313,.F.);
#1781=ORIENTED_EDGE('',*,*,#1285,.F.);
#1782=ORIENTED_EDGE('',*,*,#1314,.T.);
#1783=ORIENTED_EDGE('',*,*,#1315,.T.);
#1784=ORIENTED_EDGE('',*,*,#1316,.T.);
#1785=ORIENTED_EDGE('',*,*,#1301,.F.);
#1786=ORIENTED_EDGE('',*,*,#1317,.T.);
#1787=ORIENTED_EDGE('',*,*,#1318,.T.);
#1788=ORIENTED_EDGE('',*,*,#1319,.T.);
#1789=ORIENTED_EDGE('',*,*,#1297,.F.);
#1790=ORIENTED_EDGE('',*,*,#1320,.T.);
#1791=ORIENTED_EDGE('',*,*,#1321,.T.);
#1792=ORIENTED_EDGE('',*,*,#1322,.T.);
#1793=ORIENTED_EDGE('',*,*,#1293,.F.);
#1794=ORIENTED_EDGE('',*,*,#1323,.T.);
#1795=ORIENTED_EDGE('',*,*,#1324,.T.);
#1796=ORIENTED_EDGE('',*,*,#1325,.T.);
#1797=ORIENTED_EDGE('',*,*,#1289,.F.);
#1798=ORIENTED_EDGE('',*,*,#1326,.F.);
#1799=ORIENTED_EDGE('',*,*,#1327,.F.);
#1800=ORIENTED_EDGE('',*,*,#1328,.F.);
#1801=ORIENTED_EDGE('',*,*,#1329,.F.);
#1802=ORIENTED_EDGE('',*,*,#1330,.F.);
#1803=ORIENTED_EDGE('',*,*,#1331,.F.);
#1804=ORIENTED_EDGE('',*,*,#1332,.F.);
#1805=ORIENTED_EDGE('',*,*,#1304,.T.);
#1806=ORIENTED_EDGE('',*,*,#1333,.F.);
#1807=ORIENTED_EDGE('',*,*,#1334,.T.);
#1808=ORIENTED_EDGE('',*,*,#1335,.T.);
#1809=ORIENTED_EDGE('',*,*,#1331,.T.);
#1810=ORIENTED_EDGE('',*,*,#1336,.F.);
#1811=ORIENTED_EDGE('',*,*,#1337,.T.);
#1812=ORIENTED_EDGE('',*,*,#1338,.T.);
#1813=ORIENTED_EDGE('',*,*,#1327,.T.);
#1814=ORIENTED_EDGE('',*,*,#1339,.F.);
#1815=ORIENTED_EDGE('',*,*,#1340,.F.);
#1816=ORIENTED_EDGE('',*,*,#1341,.T.);
#1817=ORIENTED_EDGE('',*,*,#1312,.T.);
#1818=ORIENTED_EDGE('',*,*,#1342,.F.);
#1819=ORIENTED_EDGE('',*,*,#1343,.T.);
#1820=ORIENTED_EDGE('',*,*,#1344,.T.);
#1821=ORIENTED_EDGE('',*,*,#1308,.T.);
#1822=ORIENTED_EDGE('',*,*,#1345,.F.);
#1823=ORIENTED_EDGE('',*,*,#1346,.T.);
#1824=ORIENTED_EDGE('',*,*,#1347,.T.);
#1825=ORIENTED_EDGE('',*,*,#1326,.T.);
#1826=ORIENTED_EDGE('',*,*,#1288,.F.);
#1827=ORIENTED_EDGE('',*,*,#1348,.F.);
#1828=ORIENTED_EDGE('',*,*,#1339,.T.);
#1829=ORIENTED_EDGE('',*,*,#1313,.T.);
#1830=ORIENTED_EDGE('',*,*,#1341,.F.);
#1831=ORIENTED_EDGE('',*,*,#1349,.F.);
#1832=ORIENTED_EDGE('',*,*,#1286,.T.);
#1833=ORIENTED_EDGE('',*,*,#1340,.T.);
#1834=ORIENTED_EDGE('',*,*,#1348,.T.);
#1835=ORIENTED_EDGE('',*,*,#1287,.T.);
#1836=ORIENTED_EDGE('',*,*,#1349,.T.);
#1837=ORIENTED_EDGE('',*,*,#1192,.T.);
#1838=ORIENTED_EDGE('',*,*,#1223,.T.);
#1839=ORIENTED_EDGE('',*,*,#1220,.T.);
#1840=ORIENTED_EDGE('',*,*,#1217,.T.);
#1841=ORIENTED_EDGE('',*,*,#1214,.T.);
#1842=ORIENTED_EDGE('',*,*,#1211,.T.);
#1843=ORIENTED_EDGE('',*,*,#1208,.T.);
#1844=ORIENTED_EDGE('',*,*,#1205,.T.);
#1845=ORIENTED_EDGE('',*,*,#1202,.T.);
#1846=ORIENTED_EDGE('',*,*,#1199,.T.);
#1847=ORIENTED_EDGE('',*,*,#1196,.T.);
#1848=ORIENTED_EDGE('',*,*,#1225,.T.);
#1849=ORIENTED_EDGE('',*,*,#1268,.T.);
#1850=ORIENTED_EDGE('',*,*,#1265,.T.);
#1851=ORIENTED_EDGE('',*,*,#1262,.T.);
#1852=ORIENTED_EDGE('',*,*,#1259,.T.);
#1853=ORIENTED_EDGE('',*,*,#1256,.T.);
#1854=ORIENTED_EDGE('',*,*,#1253,.T.);
#1855=ORIENTED_EDGE('',*,*,#1250,.T.);
#1856=ORIENTED_EDGE('',*,*,#1247,.T.);
#1857=ORIENTED_EDGE('',*,*,#1244,.T.);
#1858=ORIENTED_EDGE('',*,*,#1241,.T.);
#1859=ORIENTED_EDGE('',*,*,#1238,.T.);
#1860=ORIENTED_EDGE('',*,*,#1235,.T.);
#1861=ORIENTED_EDGE('',*,*,#1232,.T.);
#1862=ORIENTED_EDGE('',*,*,#1229,.T.);
#1863=ORIENTED_EDGE('',*,*,#1270,.T.);
#1864=ORIENTED_EDGE('',*,*,#1277,.T.);
#1865=ORIENTED_EDGE('',*,*,#1274,.T.);
#1866=ORIENTED_EDGE('',*,*,#1281,.F.);
#1867=ORIENTED_EDGE('',*,*,#1329,.T.);
#1868=ORIENTED_EDGE('',*,*,#1350,.F.);
#1869=ORIENTED_EDGE('',*,*,#1351,.F.);
#1870=ORIENTED_EDGE('',*,*,#1352,.T.);
#1871=ORIENTED_EDGE('',*,*,#1330,.T.);
#1872=ORIENTED_EDGE('',*,*,#1352,.F.);
#1873=ORIENTED_EDGE('',*,*,#1353,.F.);
#1874=ORIENTED_EDGE('',*,*,#1336,.T.);
#1875=ORIENTED_EDGE('',*,*,#1328,.T.);
#1876=ORIENTED_EDGE('',*,*,#1338,.F.);
#1877=ORIENTED_EDGE('',*,*,#1354,.F.);
#1878=ORIENTED_EDGE('',*,*,#1350,.T.);
#1879=ORIENTED_EDGE('',*,*,#1351,.T.);
#1880=ORIENTED_EDGE('',*,*,#1354,.T.);
#1881=ORIENTED_EDGE('',*,*,#1337,.F.);
#1882=ORIENTED_EDGE('',*,*,#1353,.T.);
#1883=ORIENTED_EDGE('',*,*,#1325,.F.);
#1884=ORIENTED_EDGE('',*,*,#1355,.F.);
#1885=ORIENTED_EDGE('',*,*,#1356,.T.);
#1886=ORIENTED_EDGE('',*,*,#1290,.T.);
#1887=ORIENTED_EDGE('',*,*,#1323,.F.);
#1888=ORIENTED_EDGE('',*,*,#1292,.F.);
#1889=ORIENTED_EDGE('',*,*,#1357,.T.);
#1890=ORIENTED_EDGE('',*,*,#1358,.T.);
#1891=ORIENTED_EDGE('',*,*,#1324,.F.);
#1892=ORIENTED_EDGE('',*,*,#1358,.F.);
#1893=ORIENTED_EDGE('',*,*,#1359,.T.);
#1894=ORIENTED_EDGE('',*,*,#1355,.T.);
#1895=ORIENTED_EDGE('',*,*,#1356,.F.);
#1896=ORIENTED_EDGE('',*,*,#1359,.F.);
#1897=ORIENTED_EDGE('',*,*,#1357,.F.);
#1898=ORIENTED_EDGE('',*,*,#1291,.F.);
#1899=ORIENTED_EDGE('',*,*,#1322,.F.);
#1900=ORIENTED_EDGE('',*,*,#1360,.F.);
#1901=ORIENTED_EDGE('',*,*,#1361,.T.);
#1902=ORIENTED_EDGE('',*,*,#1294,.T.);
#1903=ORIENTED_EDGE('',*,*,#1320,.F.);
#1904=ORIENTED_EDGE('',*,*,#1296,.F.);
#1905=ORIENTED_EDGE('',*,*,#1362,.T.);
#1906=ORIENTED_EDGE('',*,*,#1363,.T.);
#1907=ORIENTED_EDGE('',*,*,#1321,.F.);
#1908=ORIENTED_EDGE('',*,*,#1363,.F.);
#1909=ORIENTED_EDGE('',*,*,#1364,.T.);
#1910=ORIENTED_EDGE('',*,*,#1360,.T.);
#1911=ORIENTED_EDGE('',*,*,#1361,.F.);
#1912=ORIENTED_EDGE('',*,*,#1364,.F.);
#1913=ORIENTED_EDGE('',*,*,#1362,.F.);
#1914=ORIENTED_EDGE('',*,*,#1295,.F.);
#1915=ORIENTED_EDGE('',*,*,#1319,.F.);
#1916=ORIENTED_EDGE('',*,*,#1365,.F.);
#1917=ORIENTED_EDGE('',*,*,#1366,.T.);
#1918=ORIENTED_EDGE('',*,*,#1298,.T.);
#1919=ORIENTED_EDGE('',*,*,#1317,.F.);
#1920=ORIENTED_EDGE('',*,*,#1300,.F.);
#1921=ORIENTED_EDGE('',*,*,#1367,.T.);
#1922=ORIENTED_EDGE('',*,*,#1368,.T.);
#1923=ORIENTED_EDGE('',*,*,#1318,.F.);
#1924=ORIENTED_EDGE('',*,*,#1368,.F.);
#1925=ORIENTED_EDGE('',*,*,#1369,.T.);
#1926=ORIENTED_EDGE('',*,*,#1365,.T.);
#1927=ORIENTED_EDGE('',*,*,#1366,.F.);
#1928=ORIENTED_EDGE('',*,*,#1369,.F.);
#1929=ORIENTED_EDGE('',*,*,#1367,.F.);
#1930=ORIENTED_EDGE('',*,*,#1299,.F.);
#1931=ORIENTED_EDGE('',*,*,#1316,.F.);
#1932=ORIENTED_EDGE('',*,*,#1370,.F.);
#1933=ORIENTED_EDGE('',*,*,#1371,.T.);
#1934=ORIENTED_EDGE('',*,*,#1282,.T.);
#1935=ORIENTED_EDGE('',*,*,#1314,.F.);
#1936=ORIENTED_EDGE('',*,*,#1284,.F.);
#1937=ORIENTED_EDGE('',*,*,#1372,.T.);
#1938=ORIENTED_EDGE('',*,*,#1373,.T.);
#1939=ORIENTED_EDGE('',*,*,#1315,.F.);
#1940=ORIENTED_EDGE('',*,*,#1373,.F.);
#1941=ORIENTED_EDGE('',*,*,#1374,.T.);
#1942=ORIENTED_EDGE('',*,*,#1370,.T.);
#1943=ORIENTED_EDGE('',*,*,#1371,.F.);
#1944=ORIENTED_EDGE('',*,*,#1374,.F.);
#1945=ORIENTED_EDGE('',*,*,#1372,.F.);
#1946=ORIENTED_EDGE('',*,*,#1283,.F.);
#1947=ORIENTED_EDGE('',*,*,#1310,.T.);
#1948=ORIENTED_EDGE('',*,*,#1375,.F.);
#1949=ORIENTED_EDGE('',*,*,#1376,.F.);
#1950=ORIENTED_EDGE('',*,*,#1377,.T.);
#1951=ORIENTED_EDGE('',*,*,#1311,.T.);
#1952=ORIENTED_EDGE('',*,*,#1377,.F.);
#1953=ORIENTED_EDGE('',*,*,#1378,.F.);
#1954=ORIENTED_EDGE('',*,*,#1342,.T.);
#1955=ORIENTED_EDGE('',*,*,#1309,.T.);
#1956=ORIENTED_EDGE('',*,*,#1344,.F.);
#1957=ORIENTED_EDGE('',*,*,#1379,.F.);
#1958=ORIENTED_EDGE('',*,*,#1375,.T.);
#1959=ORIENTED_EDGE('',*,*,#1376,.T.);
#1960=ORIENTED_EDGE('',*,*,#1379,.T.);
#1961=ORIENTED_EDGE('',*,*,#1343,.F.);
#1962=ORIENTED_EDGE('',*,*,#1378,.T.);
#1963=ORIENTED_EDGE('',*,*,#1306,.T.);
#1964=ORIENTED_EDGE('',*,*,#1380,.F.);
#1965=ORIENTED_EDGE('',*,*,#1381,.F.);
#1966=ORIENTED_EDGE('',*,*,#1382,.T.);
#1967=ORIENTED_EDGE('',*,*,#1307,.T.);
#1968=ORIENTED_EDGE('',*,*,#1382,.F.);
#1969=ORIENTED_EDGE('',*,*,#1383,.F.);
#1970=ORIENTED_EDGE('',*,*,#1345,.T.);
#1971=ORIENTED_EDGE('',*,*,#1305,.T.);
#1972=ORIENTED_EDGE('',*,*,#1347,.F.);
#1973=ORIENTED_EDGE('',*,*,#1384,.F.);
#1974=ORIENTED_EDGE('',*,*,#1380,.T.);
#1975=ORIENTED_EDGE('',*,*,#1381,.T.);
#1976=ORIENTED_EDGE('',*,*,#1384,.T.);
#1977=ORIENTED_EDGE('',*,*,#1346,.F.);
#1978=ORIENTED_EDGE('',*,*,#1383,.T.);
#1979=ORIENTED_EDGE('',*,*,#1302,.T.);
#1980=ORIENTED_EDGE('',*,*,#1385,.F.);
#1981=ORIENTED_EDGE('',*,*,#1386,.F.);
#1982=ORIENTED_EDGE('',*,*,#1387,.T.);
#1983=ORIENTED_EDGE('',*,*,#1303,.T.);
#1984=ORIENTED_EDGE('',*,*,#1387,.F.);
#1985=ORIENTED_EDGE('',*,*,#1388,.F.);
#1986=ORIENTED_EDGE('',*,*,#1333,.T.);
#1987=ORIENTED_EDGE('',*,*,#1332,.T.);
#1988=ORIENTED_EDGE('',*,*,#1335,.F.);
#1989=ORIENTED_EDGE('',*,*,#1389,.F.);
#1990=ORIENTED_EDGE('',*,*,#1385,.T.);
#1991=ORIENTED_EDGE('',*,*,#1386,.T.);
#1992=ORIENTED_EDGE('',*,*,#1389,.T.);
#1993=ORIENTED_EDGE('',*,*,#1334,.F.);
#1994=ORIENTED_EDGE('',*,*,#1388,.T.);
#1995=ORIENTED_EDGE('',*,*,#1279,.T.);
#1996=ORIENTED_EDGE('',*,*,#1390,.T.);
#1997=ORIENTED_EDGE('',*,*,#1391,.T.);
#1998=ORIENTED_EDGE('',*,*,#1392,.F.);
#1999=ORIENTED_EDGE('',*,*,#1393,.F.);
#2000=ORIENTED_EDGE('',*,*,#1394,.T.);
#2001=ORIENTED_EDGE('',*,*,#1395,.F.);
#2002=ORIENTED_EDGE('',*,*,#1396,.F.);
#2003=ORIENTED_EDGE('',*,*,#1393,.T.);
#2004=ORIENTED_EDGE('',*,*,#1397,.T.);
#2005=ORIENTED_EDGE('',*,*,#1398,.F.);
#2006=ORIENTED_EDGE('',*,*,#1399,.F.);
#2007=ORIENTED_EDGE('',*,*,#1395,.T.);
#2008=ORIENTED_EDGE('',*,*,#1400,.T.);
#2009=ORIENTED_EDGE('',*,*,#1401,.F.);
#2010=ORIENTED_EDGE('',*,*,#1402,.F.);
#2011=ORIENTED_EDGE('',*,*,#1398,.T.);
#2012=ORIENTED_EDGE('',*,*,#1403,.T.);
#2013=ORIENTED_EDGE('',*,*,#1404,.F.);
#2014=ORIENTED_EDGE('',*,*,#1405,.F.);
#2015=ORIENTED_EDGE('',*,*,#1401,.T.);
#2016=ORIENTED_EDGE('',*,*,#1406,.T.);
#2017=ORIENTED_EDGE('',*,*,#1391,.F.);
#2018=ORIENTED_EDGE('',*,*,#1407,.F.);
#2019=ORIENTED_EDGE('',*,*,#1404,.T.);
#2020=ORIENTED_EDGE('',*,*,#1390,.F.);
#2021=ORIENTED_EDGE('',*,*,#1396,.T.);
#2022=ORIENTED_EDGE('',*,*,#1399,.T.);
#2023=ORIENTED_EDGE('',*,*,#1402,.T.);
#2024=ORIENTED_EDGE('',*,*,#1405,.T.);
#2025=ORIENTED_EDGE('',*,*,#1407,.T.);
#2026=ORIENTED_EDGE('',*,*,#1392,.T.);
#2027=ORIENTED_EDGE('',*,*,#1406,.F.);
#2028=ORIENTED_EDGE('',*,*,#1403,.F.);
#2029=ORIENTED_EDGE('',*,*,#1400,.F.);
#2030=ORIENTED_EDGE('',*,*,#1397,.F.);
#2031=ORIENTED_EDGE('',*,*,#1394,.F.);
#2032=PLANE('',#2365);
#2033=PLANE('',#2366);
#2034=PLANE('',#2367);
#2035=PLANE('',#2368);
#2036=PLANE('',#2369);
#2037=PLANE('',#2370);
#2038=PLANE('',#2371);
#2039=PLANE('',#2372);
#2040=PLANE('',#2373);
#2041=PLANE('',#2374);
#2042=PLANE('',#2375);
#2043=PLANE('',#2376);
#2044=PLANE('',#2377);
#2045=PLANE('',#2378);
#2046=PLANE('',#2379);
#2047=PLANE('',#2380);
#2048=PLANE('',#2381);
#2049=PLANE('',#2382);
#2050=PLANE('',#2383);
#2051=PLANE('',#2384);
#2052=PLANE('',#2385);
#2053=PLANE('',#2386);
#2054=PLANE('',#2387);
#2055=PLANE('',#2388);
#2056=PLANE('',#2389);
#2057=PLANE('',#2390);
#2058=PLANE('',#2391);
#2059=PLANE('',#2392);
#2060=PLANE('',#2393);
#2061=PLANE('',#2394);
#2062=PLANE('',#2395);
#2063=PLANE('',#2396);
#2064=PLANE('',#2397);
#2065=PLANE('',#2398);
#2066=PLANE('',#2399);
#2067=PLANE('',#2400);
#2068=PLANE('',#2401);
#2069=PLANE('',#2402);
#2070=PLANE('',#2403);
#2071=PLANE('',#2404);
#2072=PLANE('',#2405);
#2073=PLANE('',#2406);
#2074=PLANE('',#2407);
#2075=PLANE('',#2408);
#2076=PLANE('',#2409);
#2077=PLANE('',#2410);
#2078=PLANE('',#2411);
#2079=PLANE('',#2412);
#2080=PLANE('',#2413);
#2081=PLANE('',#2414);
#2082=PLANE('',#2415);
#2083=PLANE('',#2416);
#2084=PLANE('',#2417);
#2085=PLANE('',#2418);
#2086=PLANE('',#2419);
#2087=PLANE('',#2420);
#2088=PLANE('',#2421);
#2089=PLANE('',#2422);
#2090=PLANE('',#2423);
#2091=PLANE('',#2427);
#2092=PLANE('',#2428);
#2093=PLANE('',#2429);
#2094=PLANE('',#2430);
#2095=PLANE('',#2431);
#2096=PLANE('',#2432);
#2097=PLANE('',#2433);
#2098=PLANE('',#2434);
#2099=PLANE('',#2435);
#2100=PLANE('',#2436);
#2101=PLANE('',#2437);
#2102=PLANE('',#2438);
#2103=PLANE('',#2439);
#2104=PLANE('',#2440);
#2105=PLANE('',#2441);
#2106=PLANE('',#2442);
#2107=PLANE('',#2443);
#2108=PLANE('',#2444);
#2109=PLANE('',#2445);
#2110=PLANE('',#2446);
#2111=PLANE('',#2447);
#2112=PLANE('',#2448);
#2113=PLANE('',#2449);
#2114=PLANE('',#2450);
#2115=PLANE('',#2451);
#2116=PLANE('',#2452);
#2117=PLANE('',#2453);
#2118=PLANE('',#2454);
#2119=PLANE('',#2455);
#2120=PLANE('',#2456);
#2121=PLANE('',#2457);
#2122=PLANE('',#2458);
#2123=PLANE('',#2459);
#2124=PLANE('',#2460);
#2125=PLANE('',#2461);
#2126=PLANE('',#2462);
#2127=PLANE('',#2463);
#2128=PLANE('',#2464);
#2129=PLANE('',#2465);
#2130=PLANE('',#2469);
#2131=PLANE('',#2470);
#2132=PLANE('',#2471);
#2133=PLANE('',#2472);
#2134=PLANE('',#2473);
#2135=PLANE('',#2474);
#2136=PLANE('',#2475);
#2137=STYLED_ITEM('',(#3909),#2214);
#2138=STYLED_ITEM('',(#3909),#2215);
#2139=STYLED_ITEM('',(#3909),#2216);
#2140=STYLED_ITEM('',(#3909),#2217);
#2141=STYLED_ITEM('',(#3909),#2218);
#2142=STYLED_ITEM('',(#3909),#2219);
#2143=STYLED_ITEM('',(#3908),#86);
#2144=STYLED_ITEM('',(#3909),#2220);
#2145=STYLED_ITEM('',(#3909),#2221);
#2146=STYLED_ITEM('',(#3909),#2222);
#2147=STYLED_ITEM('',(#3909),#2223);
#2148=STYLED_ITEM('',(#3909),#2224);
#2149=STYLED_ITEM('',(#3909),#2225);
#2150=STYLED_ITEM('',(#3908),#87);
#2151=STYLED_ITEM('',(#3909),#2226);
#2152=STYLED_ITEM('',(#3909),#2227);
#2153=STYLED_ITEM('',(#3909),#2228);
#2154=STYLED_ITEM('',(#3909),#2229);
#2155=STYLED_ITEM('',(#3909),#2230);
#2156=STYLED_ITEM('',(#3909),#2231);
#2157=STYLED_ITEM('',(#3908),#88);
#2158=STYLED_ITEM('',(#3909),#2232);
#2159=STYLED_ITEM('',(#3909),#2233);
#2160=STYLED_ITEM('',(#3909),#2234);
#2161=STYLED_ITEM('',(#3909),#2235);
#2162=STYLED_ITEM('',(#3909),#2236);
#2163=STYLED_ITEM('',(#3909),#2237);
#2164=STYLED_ITEM('',(#3908),#89);
#2165=STYLED_ITEM('',(#3909),#2238);
#2166=STYLED_ITEM('',(#3909),#2239);
#2167=STYLED_ITEM('',(#3909),#2240);
#2168=STYLED_ITEM('',(#3909),#2241);
#2169=STYLED_ITEM('',(#3909),#2242);
#2170=STYLED_ITEM('',(#3909),#2243);
#2171=STYLED_ITEM('',(#3908),#90);
#2172=STYLED_ITEM('',(#3909),#2244);
#2173=STYLED_ITEM('',(#3909),#2245);
#2174=STYLED_ITEM('',(#3909),#2246);
#2175=STYLED_ITEM('',(#3909),#2247);
#2176=STYLED_ITEM('',(#3909),#2248);
#2177=STYLED_ITEM('',(#3909),#2249);
#2178=STYLED_ITEM('',(#3908),#91);
#2179=STYLED_ITEM('',(#3909),#2250);
#2180=STYLED_ITEM('',(#3909),#2251);
#2181=STYLED_ITEM('',(#3909),#2252);
#2182=STYLED_ITEM('',(#3909),#2253);
#2183=STYLED_ITEM('',(#3909),#2254);
#2184=STYLED_ITEM('',(#3909),#2255);
#2185=STYLED_ITEM('',(#3908),#92);
#2186=STYLED_ITEM('',(#3909),#2256);
#2187=STYLED_ITEM('',(#3909),#2257);
#2188=STYLED_ITEM('',(#3909),#2258);
#2189=STYLED_ITEM('',(#3909),#2259);
#2190=STYLED_ITEM('',(#3909),#2260);
#2191=STYLED_ITEM('',(#3909),#2261);
#2192=STYLED_ITEM('',(#3908),#93);
#2193=STYLED_ITEM('',(#3909),#2273);
#2194=STYLED_ITEM('',(#3909),#2289);
#2195=STYLED_ITEM('',(#3909),#2293);
#2196=STYLED_ITEM('',(#3910),#2294);
#2197=STYLED_ITEM('',(#3911),#2295);
#2198=STYLED_ITEM('',(#3911),#2296);
#2199=STYLED_ITEM('',(#3911),#2297);
#2200=STYLED_ITEM('',(#3911),#2298);
#2201=STYLED_ITEM('',(#3911),#2299);
#2202=STYLED_ITEM('',(#3911),#2300);
#2203=STYLED_ITEM('',(#3910),#2333);
#2204=STYLED_ITEM('',(#3908),#94);
#2205=STYLED_ITEM('',(#3909),#2334);
#2206=STYLED_ITEM('',(#3909),#2335);
#2207=STYLED_ITEM('',(#3909),#2336);
#2208=STYLED_ITEM('',(#3909),#2337);
#2209=STYLED_ITEM('',(#3909),#2338);
#2210=STYLED_ITEM('',(#3909),#2339);
#2211=STYLED_ITEM('',(#3909),#2340);
#2212=STYLED_ITEM('',(#3909),#2341);
#2213=STYLED_ITEM('',(#3908),#95);
#2214=ADVANCED_FACE('',(#96),#2032,.F.);
#2215=ADVANCED_FACE('',(#97),#2033,.F.);
#2216=ADVANCED_FACE('',(#98),#2034,.F.);
#2217=ADVANCED_FACE('',(#99),#2035,.F.);
#2218=ADVANCED_FACE('',(#100),#2036,.F.);
#2219=ADVANCED_FACE('',(#101),#2037,.T.);
#2220=ADVANCED_FACE('',(#102),#2038,.F.);
#2221=ADVANCED_FACE('',(#103),#2039,.F.);
#2222=ADVANCED_FACE('',(#104),#2040,.F.);
#2223=ADVANCED_FACE('',(#105),#2041,.F.);
#2224=ADVANCED_FACE('',(#106),#2042,.F.);
#2225=ADVANCED_FACE('',(#107),#2043,.T.);
#2226=ADVANCED_FACE('',(#108),#2044,.F.);
#2227=ADVANCED_FACE('',(#109),#2045,.F.);
#2228=ADVANCED_FACE('',(#110),#2046,.F.);
#2229=ADVANCED_FACE('',(#111),#2047,.F.);
#2230=ADVANCED_FACE('',(#112),#2048,.F.);
#2231=ADVANCED_FACE('',(#113),#2049,.T.);
#2232=ADVANCED_FACE('',(#114),#2050,.F.);
#2233=ADVANCED_FACE('',(#115),#2051,.F.);
#2234=ADVANCED_FACE('',(#116),#2052,.F.);
#2235=ADVANCED_FACE('',(#117),#2053,.F.);
#2236=ADVANCED_FACE('',(#118),#2054,.F.);
#2237=ADVANCED_FACE('',(#119),#2055,.T.);
#2238=ADVANCED_FACE('',(#120),#2056,.T.);
#2239=ADVANCED_FACE('',(#121),#2057,.T.);
#2240=ADVANCED_FACE('',(#122),#2058,.F.);
#2241=ADVANCED_FACE('',(#123),#2059,.T.);
#2242=ADVANCED_FACE('',(#124),#2060,.F.);
#2243=ADVANCED_FACE('',(#125),#2061,.T.);
#2244=ADVANCED_FACE('',(#126),#2062,.T.);
#2245=ADVANCED_FACE('',(#127),#2063,.T.);
#2246=ADVANCED_FACE('',(#128),#2064,.F.);
#2247=ADVANCED_FACE('',(#129),#2065,.T.);
#2248=ADVANCED_FACE('',(#130),#2066,.F.);
#2249=ADVANCED_FACE('',(#131),#2067,.T.);
#2250=ADVANCED_FACE('',(#132),#2068,.T.);
#2251=ADVANCED_FACE('',(#133),#2069,.T.);
#2252=ADVANCED_FACE('',(#134),#2070,.F.);
#2253=ADVANCED_FACE('',(#135),#2071,.T.);
#2254=ADVANCED_FACE('',(#136),#2072,.F.);
#2255=ADVANCED_FACE('',(#137),#2073,.T.);
#2256=ADVANCED_FACE('',(#138),#2074,.T.);
#2257=ADVANCED_FACE('',(#139),#2075,.T.);
#2258=ADVANCED_FACE('',(#140),#2076,.F.);
#2259=ADVANCED_FACE('',(#141),#2077,.T.);
#2260=ADVANCED_FACE('',(#142),#2078,.F.);
#2261=ADVANCED_FACE('',(#143),#2079,.T.);
#2262=ADVANCED_FACE('',(#144),#2080,.F.);
#2263=ADVANCED_FACE('',(#145),#65,.F.);
#2264=ADVANCED_FACE('',(#146),#66,.F.);
#2265=ADVANCED_FACE('',(#147),#67,.F.);
#2266=ADVANCED_FACE('',(#148),#68,.F.);
#2267=ADVANCED_FACE('',(#149),#69,.F.);
#2268=ADVANCED_FACE('',(#150),#2081,.F.);
#2269=ADVANCED_FACE('',(#151),#2082,.F.);
#2270=ADVANCED_FACE('',(#152),#70,.F.);
#2271=ADVANCED_FACE('',(#153),#71,.F.);
#2272=ADVANCED_FACE('',(#154),#2083,.F.);
#2273=ADVANCED_FACE('',(#155),#2084,.T.);
#2274=ADVANCED_FACE('',(#156),#72,.F.);
#2275=ADVANCED_FACE('',(#157),#73,.F.);
#2276=ADVANCED_FACE('',(#158),#74,.F.);
#2277=ADVANCED_FACE('',(#159),#2085,.F.);
#2278=ADVANCED_FACE('',(#160),#2086,.F.);
#2279=ADVANCED_FACE('',(#161),#75,.F.);
#2280=ADVANCED_FACE('',(#162),#76,.F.);
#2281=ADVANCED_FACE('',(#163),#77,.F.);
#2282=ADVANCED_FACE('',(#164),#78,.F.);
#2283=ADVANCED_FACE('',(#165),#79,.F.);
#2284=ADVANCED_FACE('',(#166),#80,.F.);
#2285=ADVANCED_FACE('',(#167),#81,.F.);
#2286=ADVANCED_FACE('',(#168),#82,.F.);
#2287=ADVANCED_FACE('',(#169),#2087,.F.);
#2288=ADVANCED_FACE('',(#170),#2088,.F.);
#2289=ADVANCED_FACE('',(#171),#2089,.T.);
#2290=ADVANCED_FACE('',(#172),#83,.F.);
#2291=ADVANCED_FACE('',(#173),#84,.F.);
#2292=ADVANCED_FACE('',(#174),#85,.F.);
#2293=ADVANCED_FACE('',(#175),#2090,.T.);
#2294=ADVANCED_FACE('',(#176),#21,.F.);
#2295=ADVANCED_FACE('',(#177),#2091,.F.);
#2296=ADVANCED_FACE('',(#178),#2092,.F.);
#2297=ADVANCED_FACE('',(#179),#2093,.F.);
#2298=ADVANCED_FACE('',(#180),#2094,.F.);
#2299=ADVANCED_FACE('',(#181),#2095,.F.);
#2300=ADVANCED_FACE('',(#182,#13,#14,#15,#16),#2096,.T.);
#2301=ADVANCED_FACE('',(#183),#2097,.F.);
#2302=ADVANCED_FACE('',(#184),#2098,.F.);
#2303=ADVANCED_FACE('',(#185),#2099,.F.);
#2304=ADVANCED_FACE('',(#186),#2100,.T.);
#2305=ADVANCED_FACE('',(#187),#2101,.T.);
#2306=ADVANCED_FACE('',(#188),#2102,.T.);
#2307=ADVANCED_FACE('',(#189),#2103,.T.);
#2308=ADVANCED_FACE('',(#190),#2104,.T.);
#2309=ADVANCED_FACE('',(#191),#2105,.T.);
#2310=ADVANCED_FACE('',(#192),#2106,.T.);
#2311=ADVANCED_FACE('',(#193),#2107,.T.);
#2312=ADVANCED_FACE('',(#194),#2108,.T.);
#2313=ADVANCED_FACE('',(#195),#2109,.T.);
#2314=ADVANCED_FACE('',(#196),#2110,.T.);
#2315=ADVANCED_FACE('',(#197),#2111,.T.);
#2316=ADVANCED_FACE('',(#198),#2112,.T.);
#2317=ADVANCED_FACE('',(#199),#2113,.T.);
#2318=ADVANCED_FACE('',(#200),#2114,.T.);
#2319=ADVANCED_FACE('',(#201),#2115,.T.);
#2320=ADVANCED_FACE('',(#202),#2116,.T.);
#2321=ADVANCED_FACE('',(#203),#2117,.F.);
#2322=ADVANCED_FACE('',(#204),#2118,.F.);
#2323=ADVANCED_FACE('',(#205),#2119,.F.);
#2324=ADVANCED_FACE('',(#206),#2120,.T.);
#2325=ADVANCED_FACE('',(#207),#2121,.F.);
#2326=ADVANCED_FACE('',(#208),#2122,.F.);
#2327=ADVANCED_FACE('',(#209),#2123,.F.);
#2328=ADVANCED_FACE('',(#210),#2124,.T.);
#2329=ADVANCED_FACE('',(#211),#2125,.F.);
#2330=ADVANCED_FACE('',(#212),#2126,.F.);
#2331=ADVANCED_FACE('',(#213),#2127,.F.);
#2332=ADVANCED_FACE('',(#214),#2128,.T.);
#2333=ADVANCED_FACE('',(#215),#2129,.T.);
#2334=ADVANCED_FACE('',(#216),#22,.F.);
#2335=ADVANCED_FACE('',(#217),#2130,.F.);
#2336=ADVANCED_FACE('',(#218),#2131,.F.);
#2337=ADVANCED_FACE('',(#219),#2132,.F.);
#2338=ADVANCED_FACE('',(#220),#2133,.F.);
#2339=ADVANCED_FACE('',(#221),#2134,.F.);
#2340=ADVANCED_FACE('',(#222),#2135,.T.);
#2341=ADVANCED_FACE('',(#223),#2136,.F.);
#2342=CLOSED_SHELL('',(#2214,#2215,#2216,#2217,#2218,#2219));
#2343=CLOSED_SHELL('',(#2220,#2221,#2222,#2223,#2224,#2225));
#2344=CLOSED_SHELL('',(#2226,#2227,#2228,#2229,#2230,#2231));
#2345=CLOSED_SHELL('',(#2232,#2233,#2234,#2235,#2236,#2237));
#2346=CLOSED_SHELL('',(#2238,#2239,#2240,#2241,#2242,#2243));
#2347=CLOSED_SHELL('',(#2244,#2245,#2246,#2247,#2248,#2249));
#2348=CLOSED_SHELL('',(#2250,#2251,#2252,#2253,#2254,#2255));
#2349=CLOSED_SHELL('',(#2256,#2257,#2258,#2259,#2260,#2261));
#2350=CLOSED_SHELL('',(#2262,#2263,#2264,#2265,#2266,#2267,#2268,#2269,
#2270,#2271,#2272,#2273,#2274,#2275,#2276,#2277,#2278,#2279,#2280,#2281,
#2282,#2283,#2284,#2285,#2286,#2287,#2288,#2289,#2290,#2291,#2292,#2293,
#2294,#2295,#2296,#2297,#2298,#2299,#2300,#2301,#2302,#2303,#2304,#2305,
#2306,#2307,#2308,#2309,#2310,#2311,#2312,#2313,#2314,#2315,#2316,#2317,
#2318,#2319,#2320,#2321,#2322,#2323,#2324,#2325,#2326,#2327,#2328,#2329,
#2330,#2331,#2332,#2333));
#2351=CLOSED_SHELL('',(#2334,#2335,#2336,#2337,#2338,#2339,#2340,#2341));
#2352=DERIVED_UNIT_ELEMENT(#2354,1.);
#2353=DERIVED_UNIT_ELEMENT(#3893,-3.);
#2354=(
MASS_UNIT()
NAMED_UNIT(*)
SI_UNIT(.KILO.,.GRAM.)
);
#2355=DERIVED_UNIT((#2352,#2353));
#2356=MEASURE_REPRESENTATION_ITEM('density measure',
POSITIVE_RATIO_MEASURE(7850.),#2355);
#2357=PROPERTY_DEFINITION_REPRESENTATION(#2362,#2359);
#2358=PROPERTY_DEFINITION_REPRESENTATION(#2363,#2360);
#2359=REPRESENTATION('material name',(#2361),#3890);
#2360=REPRESENTATION('density',(#2356),#3890);
#2361=DESCRIPTIVE_REPRESENTATION_ITEM('Steel','Steel');
#2362=PROPERTY_DEFINITION('material property','material name',#3900);
#2363=PROPERTY_DEFINITION('material property','density of part',#3900);
#2364=AXIS2_PLACEMENT_3D('placement',#2966,#2476,#2477);
#2365=AXIS2_PLACEMENT_3D('',#2967,#2478,#2479);
#2366=AXIS2_PLACEMENT_3D('',#2976,#2484,#2485);
#2367=AXIS2_PLACEMENT_3D('',#2982,#2489,#2490);
#2368=AXIS2_PLACEMENT_3D('',#2988,#2494,#2495);
#2369=AXIS2_PLACEMENT_3D('',#2991,#2498,#2499);
#2370=AXIS2_PLACEMENT_3D('',#2992,#2500,#2501);
#2371=AXIS2_PLACEMENT_3D('',#2993,#2502,#2503);
#2372=AXIS2_PLACEMENT_3D('',#3002,#2508,#2509);
#2373=AXIS2_PLACEMENT_3D('',#3008,#2513,#2514);
#2374=AXIS2_PLACEMENT_3D('',#3014,#2518,#2519);
#2375=AXIS2_PLACEMENT_3D('',#3017,#2522,#2523);
#2376=AXIS2_PLACEMENT_3D('',#3018,#2524,#2525);
#2377=AXIS2_PLACEMENT_3D('',#3019,#2526,#2527);
#2378=AXIS2_PLACEMENT_3D('',#3028,#2532,#2533);
#2379=AXIS2_PLACEMENT_3D('',#3034,#2537,#2538);
#2380=AXIS2_PLACEMENT_3D('',#3040,#2542,#2543);
#2381=AXIS2_PLACEMENT_3D('',#3043,#2546,#2547);
#2382=AXIS2_PLACEMENT_3D('',#3044,#2548,#2549);
#2383=AXIS2_PLACEMENT_3D('',#3045,#2550,#2551);
#2384=AXIS2_PLACEMENT_3D('',#3054,#2556,#2557);
#2385=AXIS2_PLACEMENT_3D('',#3060,#2561,#2562);
#2386=AXIS2_PLACEMENT_3D('',#3066,#2566,#2567);
#2387=AXIS2_PLACEMENT_3D('',#3069,#2570,#2571);
#2388=AXIS2_PLACEMENT_3D('',#3070,#2572,#2573);
#2389=AXIS2_PLACEMENT_3D('',#3071,#2574,#2575);
#2390=AXIS2_PLACEMENT_3D('',#3080,#2580,#2581);
#2391=AXIS2_PLACEMENT_3D('',#3086,#2585,#2586);
#2392=AXIS2_PLACEMENT_3D('',#3092,#2590,#2591);
#2393=AXIS2_PLACEMENT_3D('',#3095,#2594,#2595);
#2394=AXIS2_PLACEMENT_3D('',#3096,#2596,#2597);
#2395=AXIS2_PLACEMENT_3D('',#3097,#2598,#2599);
#2396=AXIS2_PLACEMENT_3D('',#3106,#2604,#2605);
#2397=AXIS2_PLACEMENT_3D('',#3112,#2609,#2610);
#2398=AXIS2_PLACEMENT_3D('',#3118,#2614,#2615);
#2399=AXIS2_PLACEMENT_3D('',#3121,#2618,#2619);
#2400=AXIS2_PLACEMENT_3D('',#3122,#2620,#2621);
#2401=AXIS2_PLACEMENT_3D('',#3123,#2622,#2623);
#2402=AXIS2_PLACEMENT_3D('',#3132,#2628,#2629);
#2403=AXIS2_PLACEMENT_3D('',#3138,#2633,#2634);
#2404=AXIS2_PLACEMENT_3D('',#3144,#2638,#2639);
#2405=AXIS2_PLACEMENT_3D('',#3147,#2642,#2643);
#2406=AXIS2_PLACEMENT_3D('',#3148,#2644,#2645);
#2407=AXIS2_PLACEMENT_3D('',#3149,#2646,#2647);
#2408=AXIS2_PLACEMENT_3D('',#3158,#2652,#2653);
#2409=AXIS2_PLACEMENT_3D('',#3164,#2657,#2658);
#2410=AXIS2_PLACEMENT_3D('',#3170,#2662,#2663);
#2411=AXIS2_PLACEMENT_3D('',#3173,#2666,#2667);
#2412=AXIS2_PLACEMENT_3D('',#3174,#2668,#2669);
#2413=AXIS2_PLACEMENT_3D('',#3175,#2670,#2671);
#2414=AXIS2_PLACEMENT_3D('',#3279,#2681,#2682);
#2415=AXIS2_PLACEMENT_3D('',#3285,#2686,#2687);
#2416=AXIS2_PLACEMENT_3D('',#3329,#2693,#2694);
#2417=AXIS2_PLACEMENT_3D('',#3332,#2697,#2698);
#2418=AXIS2_PLACEMENT_3D('',#3393,#2703,#2704);
#2419=AXIS2_PLACEMENT_3D('',#3399,#2708,#2709);
#2420=AXIS2_PLACEMENT_3D('',#3557,#2721,#2722);
#2421=AXIS2_PLACEMENT_3D('',#3563,#2726,#2727);
#2422=AXIS2_PLACEMENT_3D('',#3566,#2730,#2731);
#2423=AXIS2_PLACEMENT_3D('',#3624,#2735,#2736);
#2424=AXIS2_PLACEMENT_3D('',#3625,#2737,#2738);
#2425=AXIS2_PLACEMENT_3D('',#3627,#2739,#2740);
#2426=AXIS2_PLACEMENT_3D('',#3630,#2742,#2743);
#2427=AXIS2_PLACEMENT_3D('',#3631,#2744,#2745);
#2428=AXIS2_PLACEMENT_3D('',#3672,#2766,#2767);
#2429=AXIS2_PLACEMENT_3D('',#3730,#2799,#2800);
#2430=AXIS2_PLACEMENT_3D('',#3756,#2816,#2817);
#2431=AXIS2_PLACEMENT_3D('',#3758,#2819,#2820);
#2432=AXIS2_PLACEMENT_3D('',#3760,#2822,#2823);
#2433=AXIS2_PLACEMENT_3D('',#3761,#2824,#2825);
#2434=AXIS2_PLACEMENT_3D('',#3767,#2829,#2830);
#2435=AXIS2_PLACEMENT_3D('',#3769,#2832,#2833);
#2436=AXIS2_PLACEMENT_3D('',#3771,#2835,#2836);
#2437=AXIS2_PLACEMENT_3D('',#3772,#2837,#2838);
#2438=AXIS2_PLACEMENT_3D('',#3776,#2841,#2842);
#2439=AXIS2_PLACEMENT_3D('',#3780,#2845,#2846);
#2440=AXIS2_PLACEMENT_3D('',#3782,#2848,#2849);
#2441=AXIS2_PLACEMENT_3D('',#3783,#2850,#2851);
#2442=AXIS2_PLACEMENT_3D('',#3787,#2854,#2855);
#2443=AXIS2_PLACEMENT_3D('',#3791,#2858,#2859);
#2444=AXIS2_PLACEMENT_3D('',#3793,#2861,#2862);
#2445=AXIS2_PLACEMENT_3D('',#3794,#2863,#2864);
#2446=AXIS2_PLACEMENT_3D('',#3798,#2867,#2868);
#2447=AXIS2_PLACEMENT_3D('',#3802,#2871,#2872);
#2448=AXIS2_PLACEMENT_3D('',#3804,#2874,#2875);
#2449=AXIS2_PLACEMENT_3D('',#3805,#2876,#2877);
#2450=AXIS2_PLACEMENT_3D('',#3809,#2880,#2881);
#2451=AXIS2_PLACEMENT_3D('',#3813,#2884,#2885);
#2452=AXIS2_PLACEMENT_3D('',#3815,#2887,#2888);
#2453=AXIS2_PLACEMENT_3D('',#3816,#2889,#2890);
#2454=AXIS2_PLACEMENT_3D('',#3822,#2894,#2895);
#2455=AXIS2_PLACEMENT_3D('',#3824,#2897,#2898);
#2456=AXIS2_PLACEMENT_3D('',#3826,#2900,#2901);
#2457=AXIS2_PLACEMENT_3D('',#3827,#2902,#2903);
#2458=AXIS2_PLACEMENT_3D('',#3833,#2907,#2908);
#2459=AXIS2_PLACEMENT_3D('',#3835,#2910,#2911);
#2460=AXIS2_PLACEMENT_3D('',#3837,#2913,#2914);
#2461=AXIS2_PLACEMENT_3D('',#3838,#2915,#2916);
#2462=AXIS2_PLACEMENT_3D('',#3844,#2920,#2921);
#2463=AXIS2_PLACEMENT_3D('',#3846,#2923,#2924);
#2464=AXIS2_PLACEMENT_3D('',#3848,#2926,#2927);
#2465=AXIS2_PLACEMENT_3D('',#3849,#2928,#2929);
#2466=AXIS2_PLACEMENT_3D('',#3850,#2930,#2931);
#2467=AXIS2_PLACEMENT_3D('',#3853,#2932,#2933);
#2468=AXIS2_PLACEMENT_3D('',#3857,#2935,#2936);
#2469=AXIS2_PLACEMENT_3D('',#3859,#2938,#2939);
#2470=AXIS2_PLACEMENT_3D('',#3865,#2943,#2944);
#2471=AXIS2_PLACEMENT_3D('',#3871,#2948,#2949);
#2472=AXIS2_PLACEMENT_3D('',#3877,#2953,#2954);
#2473=AXIS2_PLACEMENT_3D('',#3883,#2958,#2959);
#2474=AXIS2_PLACEMENT_3D('',#3886,#2962,#2963);
#2475=AXIS2_PLACEMENT_3D('',#3887,#2964,#2965);
#2476=DIRECTION('axis',(0.,0.,1.));
#2477=DIRECTION('refdir',(1.,0.,0.));
#2478=DIRECTION('center_axis',(-1.,0.,0.));
#2479=DIRECTION('ref_axis',(0.,0.,1.));
#2480=DIRECTION('',(0.,0.,1.));
#2481=DIRECTION('',(0.,1.,0.));
#2482=DIRECTION('',(0.,0.,1.));
#2483=DIRECTION('',(0.,1.,0.));
#2484=DIRECTION('center_axis',(0.,0.,-1.));
#2485=DIRECTION('ref_axis',(-1.,0.,0.));
#2486=DIRECTION('',(-1.,0.,0.));
#2487=DIRECTION('',(0.,1.,0.));
#2488=DIRECTION('',(-1.,0.,0.));
#2489=DIRECTION('center_axis',(1.,0.,0.));
#2490=DIRECTION('ref_axis',(0.,0.,-1.));
#2491=DIRECTION('',(0.,0.,-1.));
#2492=DIRECTION('',(0.,1.,0.));
#2493=DIRECTION('',(0.,0.,-1.));
#2494=DIRECTION('center_axis',(0.,0.,1.));
#2495=DIRECTION('ref_axis',(1.,0.,0.));
#2496=DIRECTION('',(1.,0.,0.));
#2497=DIRECTION('',(1.,0.,0.));
#2498=DIRECTION('center_axis',(0.,1.,0.));
#2499=DIRECTION('ref_axis',(0.,0.,1.));
#2500=DIRECTION('center_axis',(0.,1.,0.));
#2501=DIRECTION('ref_axis',(0.,0.,1.));
#2502=DIRECTION('center_axis',(-1.,0.,0.));
#2503=DIRECTION('ref_axis',(0.,0.,1.));
#2504=DIRECTION('',(0.,0.,1.));
#2505=DIRECTION('',(0.,1.,0.));
#2506=DIRECTION('',(0.,0.,1.));
#2507=DIRECTION('',(0.,1.,0.));
#2508=DIRECTION('center_axis',(0.,0.,-1.));
#2509=DIRECTION('ref_axis',(-1.,0.,0.));
#2510=DIRECTION('',(-1.,0.,0.));
#2511=DIRECTION('',(0.,1.,0.));
#2512=DIRECTION('',(-1.,0.,0.));
#2513=DIRECTION('center_axis',(1.,0.,0.));
#2514=DIRECTION('ref_axis',(0.,0.,-1.));
#2515=DIRECTION('',(0.,0.,-1.));
#2516=DIRECTION('',(0.,1.,0.));
#2517=DIRECTION('',(0.,0.,-1.));
#2518=DIRECTION('center_axis',(0.,0.,1.));
#2519=DIRECTION('ref_axis',(1.,0.,0.));
#2520=DIRECTION('',(1.,0.,0.));
#2521=DIRECTION('',(1.,0.,0.));
#2522=DIRECTION('center_axis',(0.,1.,0.));
#2523=DIRECTION('ref_axis',(0.,0.,1.));
#2524=DIRECTION('center_axis',(0.,1.,0.));
#2525=DIRECTION('ref_axis',(0.,0.,1.));
#2526=DIRECTION('center_axis',(-1.,0.,0.));
#2527=DIRECTION('ref_axis',(0.,0.,1.));
#2528=DIRECTION('',(0.,0.,1.));
#2529=DIRECTION('',(0.,1.,0.));
#2530=DIRECTION('',(0.,0.,1.));
#2531=DIRECTION('',(0.,1.,0.));
#2532=DIRECTION('center_axis',(0.,0.,-1.));
#2533=DIRECTION('ref_axis',(-1.,0.,0.));
#2534=DIRECTION('',(-1.,0.,0.));
#2535=DIRECTION('',(0.,1.,0.));
#2536=DIRECTION('',(-1.,0.,0.));
#2537=DIRECTION('center_axis',(1.,0.,0.));
#2538=DIRECTION('ref_axis',(0.,0.,-1.));
#2539=DIRECTION('',(0.,0.,-1.));
#2540=DIRECTION('',(0.,1.,0.));
#2541=DIRECTION('',(0.,0.,-1.));
#2542=DIRECTION('center_axis',(0.,0.,1.));
#2543=DIRECTION('ref_axis',(1.,0.,0.));
#2544=DIRECTION('',(1.,0.,0.));
#2545=DIRECTION('',(1.,0.,0.));
#2546=DIRECTION('center_axis',(0.,1.,0.));
#2547=DIRECTION('ref_axis',(0.,0.,1.));
#2548=DIRECTION('center_axis',(0.,1.,0.));
#2549=DIRECTION('ref_axis',(0.,0.,1.));
#2550=DIRECTION('center_axis',(-1.,0.,0.));
#2551=DIRECTION('ref_axis',(0.,0.,1.));
#2552=DIRECTION('',(0.,0.,1.));
#2553=DIRECTION('',(0.,1.,0.));
#2554=DIRECTION('',(0.,0.,1.));
#2555=DIRECTION('',(0.,1.,0.));
#2556=DIRECTION('center_axis',(0.,0.,-1.));
#2557=DIRECTION('ref_axis',(-1.,0.,0.));
#2558=DIRECTION('',(-1.,0.,0.));
#2559=DIRECTION('',(0.,1.,0.));
#2560=DIRECTION('',(-1.,0.,0.));
#2561=DIRECTION('center_axis',(1.,0.,0.));
#2562=DIRECTION('ref_axis',(0.,0.,-1.));
#2563=DIRECTION('',(0.,0.,-1.));
#2564=DIRECTION('',(0.,1.,0.));
#2565=DIRECTION('',(0.,0.,-1.));
#2566=DIRECTION('center_axis',(0.,0.,1.));
#2567=DIRECTION('ref_axis',(1.,0.,0.));
#2568=DIRECTION('',(1.,0.,0.));
#2569=DIRECTION('',(1.,0.,0.));
#2570=DIRECTION('center_axis',(0.,1.,0.));
#2571=DIRECTION('ref_axis',(0.,0.,1.));
#2572=DIRECTION('center_axis',(0.,1.,0.));
#2573=DIRECTION('ref_axis',(0.,0.,1.));
#2574=DIRECTION('center_axis',(0.,0.,1.));
#2575=DIRECTION('ref_axis',(1.,0.,0.));
#2576=DIRECTION('',(1.,0.,0.));
#2577=DIRECTION('',(0.,1.,0.));
#2578=DIRECTION('',(1.,0.,0.));
#2579=DIRECTION('',(0.,1.,0.));
#2580=DIRECTION('center_axis',(-1.,0.,0.));
#2581=DIRECTION('ref_axis',(0.,0.,1.));
#2582=DIRECTION('',(0.,0.,1.));
#2583=DIRECTION('',(0.,1.,0.));
#2584=DIRECTION('',(0.,0.,1.));
#2585=DIRECTION('center_axis',(0.,0.,1.));
#2586=DIRECTION('ref_axis',(1.,0.,0.));
#2587=DIRECTION('',(1.,0.,0.));
#2588=DIRECTION('',(0.,1.,0.));
#2589=DIRECTION('',(1.,0.,0.));
#2590=DIRECTION('center_axis',(1.,0.,0.));
#2591=DIRECTION('ref_axis',(0.,0.,-1.));
#2592=DIRECTION('',(0.,0.,-1.));
#2593=DIRECTION('',(0.,0.,-1.));
#2594=DIRECTION('center_axis',(0.,1.,0.));
#2595=DIRECTION('ref_axis',(0.,0.,1.));
#2596=DIRECTION('center_axis',(0.,1.,0.));
#2597=DIRECTION('ref_axis',(0.,0.,1.));
#2598=DIRECTION('center_axis',(0.,0.,1.));
#2599=DIRECTION('ref_axis',(1.,0.,0.));
#2600=DIRECTION('',(1.,0.,0.));
#2601=DIRECTION('',(0.,1.,0.));
#2602=DIRECTION('',(1.,0.,0.));
#2603=DIRECTION('',(0.,1.,0.));
#2604=DIRECTION('center_axis',(-1.,0.,0.));
#2605=DIRECTION('ref_axis',(0.,0.,1.));
#2606=DIRECTION('',(0.,0.,1.));
#2607=DIRECTION('',(0.,1.,0.));
#2608=DIRECTION('',(0.,0.,1.));
#2609=DIRECTION('center_axis',(0.,0.,1.));
#2610=DIRECTION('ref_axis',(1.,0.,0.));
#2611=DIRECTION('',(1.,0.,0.));
#2612=DIRECTION('',(0.,1.,0.));
#2613=DIRECTION('',(1.,0.,0.));
#2614=DIRECTION('center_axis',(1.,0.,0.));
#2615=DIRECTION('ref_axis',(0.,0.,-1.));
#2616=DIRECTION('',(0.,0.,-1.));
#2617=DIRECTION('',(0.,0.,-1.));
#2618=DIRECTION('center_axis',(0.,1.,0.));
#2619=DIRECTION('ref_axis',(0.,0.,1.));
#2620=DIRECTION('center_axis',(0.,1.,0.));
#2621=DIRECTION('ref_axis',(0.,0.,1.));
#2622=DIRECTION('center_axis',(0.,0.,1.));
#2623=DIRECTION('ref_axis',(1.,0.,0.));
#2624=DIRECTION('',(1.,0.,0.));
#2625=DIRECTION('',(0.,1.,0.));
#2626=DIRECTION('',(1.,0.,0.));
#2627=DIRECTION('',(0.,1.,0.));
#2628=DIRECTION('center_axis',(-1.,0.,-1.73472347597681E-15));
#2629=DIRECTION('ref_axis',(-1.73472347597681E-15,0.,1.));
#2630=DIRECTION('',(-1.73472347597681E-15,0.,1.));
#2631=DIRECTION('',(0.,1.,0.));
#2632=DIRECTION('',(-1.73472347597681E-15,0.,1.));
#2633=DIRECTION('center_axis',(0.,0.,1.));
#2634=DIRECTION('ref_axis',(1.,0.,0.));
#2635=DIRECTION('',(1.,0.,0.));
#2636=DIRECTION('',(0.,1.,0.));
#2637=DIRECTION('',(1.,0.,0.));
#2638=DIRECTION('center_axis',(1.,0.,0.));
#2639=DIRECTION('ref_axis',(0.,0.,-1.));
#2640=DIRECTION('',(0.,0.,-1.));
#2641=DIRECTION('',(0.,0.,-1.));
#2642=DIRECTION('center_axis',(0.,1.,0.));
#2643=DIRECTION('ref_axis',(0.,0.,1.));
#2644=DIRECTION('center_axis',(0.,1.,0.));
#2645=DIRECTION('ref_axis',(0.,0.,1.));
#2646=DIRECTION('center_axis',(0.,0.,1.));
#2647=DIRECTION('ref_axis',(1.,0.,0.));
#2648=DIRECTION('',(1.,0.,0.));
#2649=DIRECTION('',(0.,1.,0.));
#2650=DIRECTION('',(1.,0.,0.));
#2651=DIRECTION('',(0.,1.,0.));
#2652=DIRECTION('center_axis',(-1.,0.,-1.73472347597681E-15));
#2653=DIRECTION('ref_axis',(-1.73472347597681E-15,0.,1.));
#2654=DIRECTION('',(-1.73472347597681E-15,0.,1.));
#2655=DIRECTION('',(0.,1.,0.));
#2656=DIRECTION('',(-1.73472347597681E-15,0.,1.));
#2657=DIRECTION('center_axis',(0.,0.,1.));
#2658=DIRECTION('ref_axis',(1.,0.,0.));
#2659=DIRECTION('',(1.,0.,0.));
#2660=DIRECTION('',(0.,1.,0.));
#2661=DIRECTION('',(1.,0.,0.));
#2662=DIRECTION('center_axis',(1.,0.,0.));
#2663=DIRECTION('ref_axis',(0.,0.,-1.));
#2664=DIRECTION('',(0.,0.,-1.));
#2665=DIRECTION('',(0.,0.,-1.));
#2666=DIRECTION('center_axis',(0.,1.,0.));
#2667=DIRECTION('ref_axis',(0.,0.,1.));
#2668=DIRECTION('center_axis',(0.,1.,0.));
#2669=DIRECTION('ref_axis',(0.,0.,1.));
#2670=DIRECTION('center_axis',(-0.889596180902076,0.,0.456747889895991));
#2671=DIRECTION('ref_axis',(0.456747889895991,0.,0.889596180902076));
#2672=DIRECTION('',(0.456747889895991,0.,0.889596180902076));
#2673=DIRECTION('',(0.,1.,0.));
#2674=DIRECTION('',(0.456747889895991,0.,0.889596180902076));
#2675=DIRECTION('',(0.,1.,0.));
#2676=DIRECTION('',(0.,1.,0.));
#2677=DIRECTION('',(0.,1.,0.));
#2678=DIRECTION('',(0.,1.,0.));
#2679=DIRECTION('',(0.,1.,0.));
#2680=DIRECTION('',(0.,1.,0.));
#2681=DIRECTION('center_axis',(0.89084572836609,0.,0.454305941246525));
#2682=DIRECTION('ref_axis',(0.454305941246525,0.,-0.89084572836609));
#2683=DIRECTION('',(0.454305941246525,0.,-0.89084572836609));
#2684=DIRECTION('',(0.,1.,0.));
#2685=DIRECTION('',(0.454305941246525,0.,-0.89084572836609));
#2686=DIRECTION('center_axis',(0.890825125474301,0.,-0.454346339067122));
#2687=DIRECTION('ref_axis',(-0.454346339067122,0.,-0.890825125474301));
#2688=DIRECTION('',(-0.454346339067122,0.,-0.890825125474301));
#2689=DIRECTION('',(0.,1.,0.));
#2690=DIRECTION('',(-0.454346339067122,0.,-0.890825125474301));
#2691=DIRECTION('',(0.,1.,0.));
#2692=DIRECTION('',(0.,1.,0.));
#2693=DIRECTION('center_axis',(-0.0399680383488718,0.,0.999200958721789));
#2694=DIRECTION('ref_axis',(0.999200958721789,0.,0.0399680383488718));
#2695=DIRECTION('',(0.999200958721789,0.,0.0399680383488717));
#2696=DIRECTION('',(0.999200958721789,0.,0.0399680383488718));
#2697=DIRECTION('center_axis',(0.,-1.,0.));
#2698=DIRECTION('ref_axis',(1.,0.,0.));
#2699=DIRECTION('',(0.,1.,0.));
#2700=DIRECTION('',(0.,1.,0.));
#2701=DIRECTION('',(0.,1.,0.));
#2702=DIRECTION('',(0.,1.,0.));
#2703=DIRECTION('center_axis',(-0.893889675821367,0.,-0.448287014601106));
#2704=DIRECTION('ref_axis',(-0.448287014601106,0.,0.893889675821367));
#2705=DIRECTION('',(-0.448287014601106,0.,0.893889675821367));
#2706=DIRECTION('',(0.,1.,0.));
#2707=DIRECTION('',(-0.448287014601106,0.,0.893889675821367));
#2708=DIRECTION('center_axis',(-0.893348277349002,0.,0.449364946738806));
#2709=DIRECTION('ref_axis',(0.449364946738806,0.,0.893348277349002));
#2710=DIRECTION('',(0.449364946738806,0.,0.893348277349002));
#2711=DIRECTION('',(0.,1.,0.));
#2712=DIRECTION('',(0.449364946738806,0.,0.893348277349002));
#2713=DIRECTION('',(0.,1.,0.));
#2714=DIRECTION('',(0.,1.,0.));
#2715=DIRECTION('',(0.,1.,0.));
#2716=DIRECTION('',(0.,1.,0.));
#2717=DIRECTION('',(0.,1.,0.));
#2718=DIRECTION('',(0.,1.,0.));
#2719=DIRECTION('',(0.,1.,0.));
#2720=DIRECTION('',(0.,1.,0.));
#2721=DIRECTION('center_axis',(0.868243142124458,0.,0.496138938356835));
#2722=DIRECTION('ref_axis',(0.496138938356835,0.,-0.868243142124459));
#2723=DIRECTION('',(0.496138938356835,0.,-0.868243142124458));
#2724=DIRECTION('',(0.,1.,0.));
#2725=DIRECTION('',(0.496138938356835,0.,-0.868243142124458));
#2726=DIRECTION('center_axis',(0.0241864709158973,0.,0.999707464523815));
#2727=DIRECTION('ref_axis',(0.999707464523815,0.,-0.0241864709158973));
#2728=DIRECTION('',(0.999707464523815,0.,-0.0241864709158973));
#2729=DIRECTION('',(0.999707464523815,0.,-0.0241864709158973));
#2730=DIRECTION('center_axis',(0.,-1.,0.));
#2731=DIRECTION('ref_axis',(1.,0.,0.));
#2732=DIRECTION('',(0.,1.,0.));
#2733=DIRECTION('',(0.,1.,0.));
#2734=DIRECTION('',(0.,1.,0.));
#2735=DIRECTION('center_axis',(0.,-1.,0.));
#2736=DIRECTION('ref_axis',(1.,0.,0.));
#2737=DIRECTION('center_axis',(0.,-1.,0.));
#2738=DIRECTION('ref_axis',(0.,0.,-1.));
#2739=DIRECTION('center_axis',(0.,-1.,0.));
#2740=DIRECTION('ref_axis',(0.,0.,-1.));
#2741=DIRECTION('',(0.,-1.,0.));
#2742=DIRECTION('center_axis',(0.,-1.,0.));
#2743=DIRECTION('ref_axis',(0.,0.,-1.));
#2744=DIRECTION('center_axis',(0.,0.,-1.));
#2745=DIRECTION('ref_axis',(-1.,0.,0.));
#2746=DIRECTION('',(0.,1.,0.));
#2747=DIRECTION('',(-1.,0.,0.));
#2748=DIRECTION('',(0.,1.,0.));
#2749=DIRECTION('',(-1.,0.,0.));
#2750=DIRECTION('',(0.,1.,0.));
#2751=DIRECTION('',(-1.,0.,0.));
#2752=DIRECTION('',(0.,1.,0.));
#2753=DIRECTION('',(-1.,0.,0.));
#2754=DIRECTION('',(0.,1.,0.));
#2755=DIRECTION('',(-1.,0.,0.));
#2756=DIRECTION('',(0.,1.,0.));
#2757=DIRECTION('',(-1.,0.,0.));
#2758=DIRECTION('',(0.,1.,0.));
#2759=DIRECTION('',(-1.,0.,0.));
#2760=DIRECTION('',(0.,1.,0.));
#2761=DIRECTION('',(-1.,0.,0.));
#2762=DIRECTION('',(0.,1.,0.));
#2763=DIRECTION('',(-1.,0.,0.));
#2764=DIRECTION('',(0.,1.,0.));
#2765=DIRECTION('',(-1.,0.,0.));
#2766=DIRECTION('center_axis',(0.,-1.,0.));
#2767=DIRECTION('ref_axis',(0.,0.,-1.));
#2768=DIRECTION('',(1.,0.,0.));
#2769=DIRECTION('',(-1.73472347597681E-15,0.,1.));
#2770=DIRECTION('',(1.,0.,0.));
#2771=DIRECTION('',(0.,0.,-1.));
#2772=DIRECTION('',(1.,0.,0.));
#2773=DIRECTION('',(0.,0.,1.));
#2774=DIRECTION('',(1.,0.,0.));
#2775=DIRECTION('',(0.,0.,-1.));
#2776=DIRECTION('',(1.,0.,0.));
#2777=DIRECTION('',(0.,0.,1.));
#2778=DIRECTION('',(1.,0.,0.));
#2779=DIRECTION('',(0.,0.,-1.));
#2780=DIRECTION('',(0.,0.,-1.));
#2781=DIRECTION('',(1.,0.,0.));
#2782=DIRECTION('',(0.,0.,1.));
#2783=DIRECTION('',(0.,0.,-1.));
#2784=DIRECTION('',(1.,0.,0.));
#2785=DIRECTION('',(0.,0.,1.));
#2786=DIRECTION('',(0.,0.,-1.));
#2787=DIRECTION('',(1.,0.,0.));
#2788=DIRECTION('',(0.,0.,1.));
#2789=DIRECTION('',(0.,0.,-1.));
#2790=DIRECTION('',(1.,0.,0.));
#2791=DIRECTION('',(0.,0.,1.));
#2792=DIRECTION('',(0.,0.,1.));
#2793=DIRECTION('',(1.,0.,0.));
#2794=DIRECTION('',(0.,0.,-1.));
#2795=DIRECTION('',(1.,0.,0.));
#2796=DIRECTION('',(-1.73472347597681E-15,0.,1.));
#2797=DIRECTION('',(1.,0.,0.));
#2798=DIRECTION('',(0.,0.,-1.));
#2799=DIRECTION('center_axis',(0.,0.,1.));
#2800=DIRECTION('ref_axis',(1.,0.,0.));
#2801=DIRECTION('',(0.,1.,0.));
#2802=DIRECTION('',(1.,0.,0.));
#2803=DIRECTION('',(0.,1.,0.));
#2804=DIRECTION('',(0.,1.,0.));
#2805=DIRECTION('',(1.,0.,0.));
#2806=DIRECTION('',(0.,1.,0.));
#2807=DIRECTION('',(0.,1.,0.));
#2808=DIRECTION('',(1.,0.,0.));
#2809=DIRECTION('',(0.,1.,0.));
#2810=DIRECTION('',(0.,1.,0.));
#2811=DIRECTION('',(1.,0.,0.));
#2812=DIRECTION('',(0.,1.,0.));
#2813=DIRECTION('',(0.,1.,0.));
#2814=DIRECTION('',(1.,0.,0.));
#2815=DIRECTION('',(0.,1.,0.));
#2816=DIRECTION('center_axis',(-1.,0.,0.));
#2817=DIRECTION('ref_axis',(0.,0.,1.));
#2818=DIRECTION('',(0.,0.,1.));
#2819=DIRECTION('center_axis',(1.,0.,0.));
#2820=DIRECTION('ref_axis',(0.,0.,-1.));
#2821=DIRECTION('',(0.,0.,-1.));
#2822=DIRECTION('center_axis',(0.,-1.,0.));
#2823=DIRECTION('ref_axis',(0.,0.,-1.));
#2824=DIRECTION('center_axis',(0.,0.,1.));
#2825=DIRECTION('ref_axis',(1.,0.,0.));
#2826=DIRECTION('',(0.,1.,0.));
#2827=DIRECTION('',(1.,0.,0.));
#2828=DIRECTION('',(0.,1.,0.));
#2829=DIRECTION('center_axis',(-1.,0.,-1.73472347597681E-15));
#2830=DIRECTION('ref_axis',(-1.73472347597681E-15,0.,1.));
#2831=DIRECTION('',(-1.73472347597681E-15,0.,1.));
#2832=DIRECTION('center_axis',(1.,0.,0.));
#2833=DIRECTION('ref_axis',(0.,0.,-1.));
#2834=DIRECTION('',(0.,0.,-1.));
#2835=DIRECTION('center_axis',(0.,1.,0.));
#2836=DIRECTION('ref_axis',(0.,0.,1.));
#2837=DIRECTION('center_axis',(-1.,0.,0.));
#2838=DIRECTION('ref_axis',(0.,0.,1.));
#2839=DIRECTION('',(0.,1.,0.));
#2840=DIRECTION('',(0.,0.,1.));
#2841=DIRECTION('center_axis',(1.,0.,0.));
#2842=DIRECTION('ref_axis',(0.,0.,-1.));
#2843=DIRECTION('',(0.,0.,-1.));
#2844=DIRECTION('',(0.,1.,0.));
#2845=DIRECTION('center_axis',(0.,0.,1.));
#2846=DIRECTION('ref_axis',(1.,0.,0.));
#2847=DIRECTION('',(1.,0.,0.));
#2848=DIRECTION('center_axis',(0.,1.,0.));
#2849=DIRECTION('ref_axis',(0.,0.,1.));
#2850=DIRECTION('center_axis',(-1.,0.,0.));
#2851=DIRECTION('ref_axis',(0.,0.,1.));
#2852=DIRECTION('',(0.,1.,0.));
#2853=DIRECTION('',(0.,0.,1.));
#2854=DIRECTION('center_axis',(1.,0.,0.));
#2855=DIRECTION('ref_axis',(0.,0.,-1.));
#2856=DIRECTION('',(0.,0.,-1.));
#2857=DIRECTION('',(0.,1.,0.));
#2858=DIRECTION('center_axis',(0.,0.,1.));
#2859=DIRECTION('ref_axis',(1.,0.,0.));
#2860=DIRECTION('',(1.,0.,0.));
#2861=DIRECTION('center_axis',(0.,1.,0.));
#2862=DIRECTION('ref_axis',(0.,0.,1.));
#2863=DIRECTION('center_axis',(-1.,0.,0.));
#2864=DIRECTION('ref_axis',(0.,0.,1.));
#2865=DIRECTION('',(0.,1.,0.));
#2866=DIRECTION('',(0.,0.,1.));
#2867=DIRECTION('center_axis',(1.,0.,0.));
#2868=DIRECTION('ref_axis',(0.,0.,-1.));
#2869=DIRECTION('',(0.,0.,-1.));
#2870=DIRECTION('',(0.,1.,0.));
#2871=DIRECTION('center_axis',(0.,0.,1.));
#2872=DIRECTION('ref_axis',(1.,0.,0.));
#2873=DIRECTION('',(1.,0.,0.));
#2874=DIRECTION('center_axis',(0.,1.,0.));
#2875=DIRECTION('ref_axis',(0.,0.,1.));
#2876=DIRECTION('center_axis',(-1.,0.,0.));
#2877=DIRECTION('ref_axis',(0.,0.,1.));
#2878=DIRECTION('',(0.,1.,0.));
#2879=DIRECTION('',(0.,0.,1.));
#2880=DIRECTION('center_axis',(1.,0.,0.));
#2881=DIRECTION('ref_axis',(0.,0.,-1.));
#2882=DIRECTION('',(0.,0.,-1.));
#2883=DIRECTION('',(0.,1.,0.));
#2884=DIRECTION('center_axis',(0.,0.,1.));
#2885=DIRECTION('ref_axis',(1.,0.,0.));
#2886=DIRECTION('',(1.,0.,0.));
#2887=DIRECTION('center_axis',(0.,1.,0.));
#2888=DIRECTION('ref_axis',(0.,0.,1.));
#2889=DIRECTION('center_axis',(0.,0.,1.));
#2890=DIRECTION('ref_axis',(1.,0.,0.));
#2891=DIRECTION('',(0.,1.,0.));
#2892=DIRECTION('',(1.,0.,0.));
#2893=DIRECTION('',(0.,1.,0.));
#2894=DIRECTION('center_axis',(-1.,0.,0.));
#2895=DIRECTION('ref_axis',(0.,0.,1.));
#2896=DIRECTION('',(0.,0.,1.));
#2897=DIRECTION('center_axis',(1.,0.,0.));
#2898=DIRECTION('ref_axis',(0.,0.,-1.));
#2899=DIRECTION('',(0.,0.,-1.));
#2900=DIRECTION('center_axis',(0.,1.,0.));
#2901=DIRECTION('ref_axis',(0.,0.,1.));
#2902=DIRECTION('center_axis',(0.,0.,1.));
#2903=DIRECTION('ref_axis',(1.,0.,0.));
#2904=DIRECTION('',(0.,1.,0.));
#2905=DIRECTION('',(1.,0.,0.));
#2906=DIRECTION('',(0.,1.,0.));
#2907=DIRECTION('center_axis',(-1.,0.,0.));
#2908=DIRECTION('ref_axis',(0.,0.,1.));
#2909=DIRECTION('',(0.,0.,1.));
#2910=DIRECTION('center_axis',(1.,0.,0.));
#2911=DIRECTION('ref_axis',(0.,0.,-1.));
#2912=DIRECTION('',(0.,0.,-1.));
#2913=DIRECTION('center_axis',(0.,1.,0.));
#2914=DIRECTION('ref_axis',(0.,0.,1.));
#2915=DIRECTION('center_axis',(0.,0.,1.));
#2916=DIRECTION('ref_axis',(1.,0.,0.));
#2917=DIRECTION('',(0.,1.,0.));
#2918=DIRECTION('',(1.,0.,0.));
#2919=DIRECTION('',(0.,1.,0.));
#2920=DIRECTION('center_axis',(-1.,0.,-1.73472347597681E-15));
#2921=DIRECTION('ref_axis',(-1.73472347597681E-15,0.,1.));
#2922=DIRECTION('',(-1.73472347597681E-15,0.,1.));
#2923=DIRECTION('center_axis',(1.,0.,0.));
#2924=DIRECTION('ref_axis',(0.,0.,-1.));
#2925=DIRECTION('',(0.,0.,-1.));
#2926=DIRECTION('center_axis',(0.,1.,0.));
#2927=DIRECTION('ref_axis',(0.,0.,1.));
#2928=DIRECTION('center_axis',(0.,-1.,0.));
#2929=DIRECTION('ref_axis',(0.,0.,-1.));
#2930=DIRECTION('center_axis',(0.,-1.,0.));
#2931=DIRECTION('ref_axis',(0.,0.,-1.));
#2932=DIRECTION('center_axis',(0.,1.,0.));
#2933=DIRECTION('ref_axis',(0.,0.,1.));
#2934=DIRECTION('',(0.,-1.,0.));
#2935=DIRECTION('center_axis',(0.,1.,0.));
#2936=DIRECTION('ref_axis',(0.,0.,1.));
#2937=DIRECTION('',(0.,-1.,0.));
#2938=DIRECTION('center_axis',(0.,0.,-1.));
#2939=DIRECTION('ref_axis',(-1.,0.,0.));
#2940=DIRECTION('',(1.,0.,0.));
#2941=DIRECTION('',(0.,-1.,0.));
#2942=DIRECTION('',(1.,0.,0.));
#2943=DIRECTION('center_axis',(-1.,0.,0.));
#2944=DIRECTION('ref_axis',(0.,0.,1.));
#2945=DIRECTION('',(0.,0.,-1.));
#2946=DIRECTION('',(0.,-1.,0.));
#2947=DIRECTION('',(0.,0.,-1.));
#2948=DIRECTION('center_axis',(0.,0.,1.));
#2949=DIRECTION('ref_axis',(1.,0.,0.));
#2950=DIRECTION('',(-1.,0.,0.));
#2951=DIRECTION('',(0.,-1.,0.));
#2952=DIRECTION('',(-1.,0.,0.));
#2953=DIRECTION('center_axis',(1.,0.,0.));
#2954=DIRECTION('ref_axis',(0.,0.,-1.));
#2955=DIRECTION('',(0.,0.,1.));
#2956=DIRECTION('',(0.,-1.,0.));
#2957=DIRECTION('',(0.,0.,1.));
#2958=DIRECTION('center_axis',(0.,0.,-1.));
#2959=DIRECTION('ref_axis',(-1.,0.,0.));
#2960=DIRECTION('',(1.,0.,0.));
#2961=DIRECTION('',(1.,0.,0.));
#2962=DIRECTION('center_axis',(0.,1.,0.));
#2963=DIRECTION('ref_axis',(0.,0.,1.));
#2964=DIRECTION('center_axis',(0.,1.,0.));
#2965=DIRECTION('ref_axis',(0.,0.,1.));
#2966=CARTESIAN_POINT('',(0.,0.,0.));
#2967=CARTESIAN_POINT('Origin',(3.50000000004002,-0.203,0.));
#2968=CARTESIAN_POINT('',(3.50000000004002,0.02,3.5));
#2969=CARTESIAN_POINT('',(3.50000000004002,0.02,4.));
#2970=CARTESIAN_POINT('',(3.50000000004002,0.02,0.));
#2971=CARTESIAN_POINT('',(3.50000000004002,-0.203,4.));
#2972=CARTESIAN_POINT('',(3.50000000004002,-0.203,4.));
#2973=CARTESIAN_POINT('',(3.50000000004002,-0.203,3.5));
#2974=CARTESIAN_POINT('',(3.50000000004002,-0.203,0.));
#2975=CARTESIAN_POINT('',(3.50000000004002,-0.203,3.5));
#2976=CARTESIAN_POINT('Origin',(0.,-0.203,4.));
#2977=CARTESIAN_POINT('',(2.5000000000291,0.02,4.));
#2978=CARTESIAN_POINT('',(0.,0.02,4.));
#2979=CARTESIAN_POINT('',(2.5000000000291,-0.203,4.));
#2980=CARTESIAN_POINT('',(2.5000000000291,-0.203,4.));
#2981=CARTESIAN_POINT('',(0.,-0.203,4.));
#2982=CARTESIAN_POINT('Origin',(2.5000000000291,-0.203,0.));
#2983=CARTESIAN_POINT('',(2.5000000000291,0.02,3.5));
#2984=CARTESIAN_POINT('',(2.5000000000291,0.02,0.));
#2985=CARTESIAN_POINT('',(2.5000000000291,-0.203,3.5));
#2986=CARTESIAN_POINT('',(2.5000000000291,-0.203,3.5));
#2987=CARTESIAN_POINT('',(2.5000000000291,-0.203,0.));
#2988=CARTESIAN_POINT('Origin',(0.,-0.203,3.5));
#2989=CARTESIAN_POINT('',(0.,0.02,3.5));
#2990=CARTESIAN_POINT('',(0.,-0.203,3.5));
#2991=CARTESIAN_POINT('Origin',(0.,-0.203,0.));
#2992=CARTESIAN_POINT('Origin',(0.,0.02,0.));
#2993=CARTESIAN_POINT('Origin',(1.49999999998181,-0.203,0.));
#2994=CARTESIAN_POINT('',(1.49999999998181,0.02,3.5));
#2995=CARTESIAN_POINT('',(1.49999999998181,0.02,4.));
#2996=CARTESIAN_POINT('',(1.49999999998181,0.02,0.));
#2997=CARTESIAN_POINT('',(1.49999999998181,-0.203,4.));
#2998=CARTESIAN_POINT('',(1.49999999998181,-0.203,4.));
#2999=CARTESIAN_POINT('',(1.49999999998181,-0.203,3.5));
#3000=CARTESIAN_POINT('',(1.49999999998181,-0.203,0.));
#3001=CARTESIAN_POINT('',(1.49999999998181,-0.203,3.5));
#3002=CARTESIAN_POINT('Origin',(0.,-0.203,4.));
#3003=CARTESIAN_POINT('',(0.500000000029104,0.02,4.));
#3004=CARTESIAN_POINT('',(0.,0.02,4.));
#3005=CARTESIAN_POINT('',(0.500000000029104,-0.203,4.));
#3006=CARTESIAN_POINT('',(0.500000000029104,-0.203,4.));
#3007=CARTESIAN_POINT('',(0.,-0.203,4.));
#3008=CARTESIAN_POINT('Origin',(0.500000000029104,-0.203,0.));
#3009=CARTESIAN_POINT('',(0.500000000029104,0.02,3.5));
#3010=CARTESIAN_POINT('',(0.500000000029104,0.02,0.));
#3011=CARTESIAN_POINT('',(0.500000000029104,-0.203,3.5));
#3012=CARTESIAN_POINT('',(0.500000000029104,-0.203,3.5));
#3013=CARTESIAN_POINT('',(0.500000000029104,-0.203,0.));
#3014=CARTESIAN_POINT('Origin',(0.,-0.203,3.5));
#3015=CARTESIAN_POINT('',(0.,0.02,3.5));
#3016=CARTESIAN_POINT('',(0.,-0.203,3.5));
#3017=CARTESIAN_POINT('Origin',(0.,-0.203,0.));
#3018=CARTESIAN_POINT('Origin',(0.,0.02,0.));
#3019=CARTESIAN_POINT('Origin',(-0.499999999959981,-0.203,0.));
#3020=CARTESIAN_POINT('',(-0.499999999959981,0.02,3.5));
#3021=CARTESIAN_POINT('',(-0.499999999959981,0.02,4.));
#3022=CARTESIAN_POINT('',(-0.499999999959981,0.02,0.));
#3023=CARTESIAN_POINT('',(-0.499999999959981,-0.203,4.));
#3024=CARTESIAN_POINT('',(-0.499999999959981,-0.203,4.));
#3025=CARTESIAN_POINT('',(-0.499999999959981,-0.203,3.5));
#3026=CARTESIAN_POINT('',(-0.499999999959981,-0.203,0.));
#3027=CARTESIAN_POINT('',(-0.499999999959981,-0.203,3.5));
#3028=CARTESIAN_POINT('Origin',(0.,-0.203,4.));
#3029=CARTESIAN_POINT('',(-1.4999999999709,0.02,4.));
#3030=CARTESIAN_POINT('',(0.,0.02,4.));
#3031=CARTESIAN_POINT('',(-1.4999999999709,-0.203,4.));
#3032=CARTESIAN_POINT('',(-1.4999999999709,-0.203,4.));
#3033=CARTESIAN_POINT('',(0.,-0.203,4.));
#3034=CARTESIAN_POINT('Origin',(-1.4999999999709,-0.203,0.));
#3035=CARTESIAN_POINT('',(-1.4999999999709,0.02,3.5));
#3036=CARTESIAN_POINT('',(-1.4999999999709,0.02,0.));
#3037=CARTESIAN_POINT('',(-1.4999999999709,-0.203,3.5));
#3038=CARTESIAN_POINT('',(-1.4999999999709,-0.203,3.5));
#3039=CARTESIAN_POINT('',(-1.4999999999709,-0.203,0.));
#3040=CARTESIAN_POINT('Origin',(0.,-0.203,3.5));
#3041=CARTESIAN_POINT('',(0.,0.02,3.5));
#3042=CARTESIAN_POINT('',(0.,-0.203,3.5));
#3043=CARTESIAN_POINT('Origin',(0.,-0.203,0.));
#3044=CARTESIAN_POINT('Origin',(0.,0.02,0.));
#3045=CARTESIAN_POINT('Origin',(-2.49999999995998,-0.203,0.));
#3046=CARTESIAN_POINT('',(-2.49999999995998,0.02,3.5));
#3047=CARTESIAN_POINT('',(-2.49999999995998,0.02,4.));
#3048=CARTESIAN_POINT('',(-2.49999999995998,0.02,0.));
#3049=CARTESIAN_POINT('',(-2.49999999995998,-0.203,4.));
#3050=CARTESIAN_POINT('',(-2.49999999995998,-0.203,4.));
#3051=CARTESIAN_POINT('',(-2.49999999995998,-0.203,3.5));
#3052=CARTESIAN_POINT('',(-2.49999999995998,-0.203,0.));
#3053=CARTESIAN_POINT('',(-2.49999999995998,-0.203,3.5));
#3054=CARTESIAN_POINT('Origin',(0.,-0.203,4.));
#3055=CARTESIAN_POINT('',(-3.4999999999709,0.02,4.));
#3056=CARTESIAN_POINT('',(0.,0.02,4.));
#3057=CARTESIAN_POINT('',(-3.4999999999709,-0.203,4.));
#3058=CARTESIAN_POINT('',(-3.4999999999709,-0.203,4.));
#3059=CARTESIAN_POINT('',(0.,-0.203,4.));
#3060=CARTESIAN_POINT('Origin',(-3.4999999999709,-0.203,0.));
#3061=CARTESIAN_POINT('',(-3.4999999999709,0.02,3.5));
#3062=CARTESIAN_POINT('',(-3.4999999999709,0.02,0.));
#3063=CARTESIAN_POINT('',(-3.4999999999709,-0.203,3.5));
#3064=CARTESIAN_POINT('',(-3.4999999999709,-0.203,3.5));
#3065=CARTESIAN_POINT('',(-3.4999999999709,-0.203,0.));
#3066=CARTESIAN_POINT('Origin',(0.,-0.203,3.5));
#3067=CARTESIAN_POINT('',(0.,0.02,3.5));
#3068=CARTESIAN_POINT('',(0.,-0.203,3.5));
#3069=CARTESIAN_POINT('Origin',(0.,-0.203,0.));
#3070=CARTESIAN_POINT('Origin',(0.,0.02,0.));
#3071=CARTESIAN_POINT('Origin',(0.,-0.203,-3.5));
#3072=CARTESIAN_POINT('',(-3.4999999999709,0.02,-3.5));
#3073=CARTESIAN_POINT('',(-2.4999999999709,0.02,-3.5));
#3074=CARTESIAN_POINT('',(0.,0.02,-3.5));
#3075=CARTESIAN_POINT('',(-3.4999999999709,-0.203,-3.5));
#3076=CARTESIAN_POINT('',(-3.4999999999709,-0.203,-3.5));
#3077=CARTESIAN_POINT('',(-2.4999999999709,-0.203,-3.5));
#3078=CARTESIAN_POINT('',(0.,-0.203,-3.5));
#3079=CARTESIAN_POINT('',(-2.4999999999709,-0.203,-3.5));
#3080=CARTESIAN_POINT('Origin',(-3.4999999999709,-0.203,0.));
#3081=CARTESIAN_POINT('',(-3.4999999999709,0.02,-4.));
#3082=CARTESIAN_POINT('',(-3.4999999999709,0.02,0.));
#3083=CARTESIAN_POINT('',(-3.4999999999709,-0.203,-4.));
#3084=CARTESIAN_POINT('',(-3.4999999999709,-0.203,-4.));
#3085=CARTESIAN_POINT('',(-3.4999999999709,-0.203,0.));
#3086=CARTESIAN_POINT('Origin',(0.,-0.203,-4.));
#3087=CARTESIAN_POINT('',(-2.4999999999709,0.02,-4.));
#3088=CARTESIAN_POINT('',(0.,0.02,-4.));
#3089=CARTESIAN_POINT('',(-2.4999999999709,-0.203,-4.));
#3090=CARTESIAN_POINT('',(-2.4999999999709,-0.203,-4.));
#3091=CARTESIAN_POINT('',(0.,-0.203,-4.));
#3092=CARTESIAN_POINT('Origin',(-2.4999999999709,-0.203,0.));
#3093=CARTESIAN_POINT('',(-2.4999999999709,0.02,0.));
#3094=CARTESIAN_POINT('',(-2.4999999999709,-0.203,0.));
#3095=CARTESIAN_POINT('Origin',(0.,-0.203,0.));
#3096=CARTESIAN_POINT('Origin',(0.,0.02,0.));
#3097=CARTESIAN_POINT('Origin',(0.,-0.203,-3.5));
#3098=CARTESIAN_POINT('',(-1.4999999999709,0.02,-3.5));
#3099=CARTESIAN_POINT('',(-0.499999999970896,0.02,-3.5));
#3100=CARTESIAN_POINT('',(0.,0.02,-3.5));
#3101=CARTESIAN_POINT('',(-1.4999999999709,-0.203,-3.5));
#3102=CARTESIAN_POINT('',(-1.4999999999709,-0.203,-3.5));
#3103=CARTESIAN_POINT('',(-0.499999999970896,-0.203,-3.5));
#3104=CARTESIAN_POINT('',(0.,-0.203,-3.5));
#3105=CARTESIAN_POINT('',(-0.499999999970896,-0.203,-3.5));
#3106=CARTESIAN_POINT('Origin',(-1.4999999999709,-0.203,0.));
#3107=CARTESIAN_POINT('',(-1.4999999999709,0.02,-4.));
#3108=CARTESIAN_POINT('',(-1.4999999999709,0.02,0.));
#3109=CARTESIAN_POINT('',(-1.4999999999709,-0.203,-4.));
#3110=CARTESIAN_POINT('',(-1.4999999999709,-0.203,-4.));
#3111=CARTESIAN_POINT('',(-1.4999999999709,-0.203,0.));
#3112=CARTESIAN_POINT('Origin',(0.,-0.203,-4.));
#3113=CARTESIAN_POINT('',(-0.499999999970896,0.02,-4.));
#3114=CARTESIAN_POINT('',(0.,0.02,-4.));
#3115=CARTESIAN_POINT('',(-0.499999999970896,-0.203,-4.));
#3116=CARTESIAN_POINT('',(-0.499999999970896,-0.203,-4.));
#3117=CARTESIAN_POINT('',(0.,-0.203,-4.));
#3118=CARTESIAN_POINT('Origin',(-0.499999999970896,-0.203,0.));
#3119=CARTESIAN_POINT('',(-0.499999999970896,0.02,0.));
#3120=CARTESIAN_POINT('',(-0.499999999970896,-0.203,0.));
#3121=CARTESIAN_POINT('Origin',(0.,-0.203,0.));
#3122=CARTESIAN_POINT('Origin',(0.,0.02,0.));
#3123=CARTESIAN_POINT('Origin',(0.,-0.203,-3.5));
#3124=CARTESIAN_POINT('',(0.500000000029104,0.02,-3.5));
#3125=CARTESIAN_POINT('',(1.5000000000291,0.02,-3.5));
#3126=CARTESIAN_POINT('',(0.,0.02,-3.5));
#3127=CARTESIAN_POINT('',(0.500000000029104,-0.203,-3.5));
#3128=CARTESIAN_POINT('',(0.500000000029104,-0.203,-3.5));
#3129=CARTESIAN_POINT('',(1.5000000000291,-0.203,-3.5));
#3130=CARTESIAN_POINT('',(0.,-0.203,-3.5));
#3131=CARTESIAN_POINT('',(1.5000000000291,-0.203,-3.5));
#3132=CARTESIAN_POINT('Origin',(0.500000000029098,-0.203,8.67361738038879E-16));
#3133=CARTESIAN_POINT('',(0.500000000029104,0.02,-4.));
#3134=CARTESIAN_POINT('',(0.500000000029098,0.02,8.67361738038879E-16));
#3135=CARTESIAN_POINT('',(0.500000000029104,-0.203,-4.));
#3136=CARTESIAN_POINT('',(0.500000000029104,-0.203,-4.));
#3137=CARTESIAN_POINT('',(0.500000000029098,-0.203,8.67361738038879E-16));
#3138=CARTESIAN_POINT('Origin',(0.,-0.203,-4.));
#3139=CARTESIAN_POINT('',(1.5000000000291,0.02,-4.));
#3140=CARTESIAN_POINT('',(0.,0.02,-4.));
#3141=CARTESIAN_POINT('',(1.5000000000291,-0.203,-4.));
#3142=CARTESIAN_POINT('',(1.5000000000291,-0.203,-4.));
#3143=CARTESIAN_POINT('',(0.,-0.203,-4.));
#3144=CARTESIAN_POINT('Origin',(1.5000000000291,-0.203,0.));
#3145=CARTESIAN_POINT('',(1.5000000000291,0.02,0.));
#3146=CARTESIAN_POINT('',(1.5000000000291,-0.203,0.));
#3147=CARTESIAN_POINT('Origin',(0.,-0.203,0.));
#3148=CARTESIAN_POINT('Origin',(0.,0.02,0.));
#3149=CARTESIAN_POINT('Origin',(0.,-0.203,-3.5));
#3150=CARTESIAN_POINT('',(2.5000000000291,0.02,-3.5));
#3151=CARTESIAN_POINT('',(3.5000000000291,0.02,-3.5));
#3152=CARTESIAN_POINT('',(0.,0.02,-3.5));
#3153=CARTESIAN_POINT('',(2.5000000000291,-0.203,-3.5));
#3154=CARTESIAN_POINT('',(2.5000000000291,-0.203,-3.5));
#3155=CARTESIAN_POINT('',(3.5000000000291,-0.203,-3.5));
#3156=CARTESIAN_POINT('',(0.,-0.203,-3.5));
#3157=CARTESIAN_POINT('',(3.5000000000291,-0.203,-3.5));
#3158=CARTESIAN_POINT('Origin',(2.5000000000291,-0.203,4.33680868999249E-15));
#3159=CARTESIAN_POINT('',(2.5000000000291,0.02,-4.));
#3160=CARTESIAN_POINT('',(2.5000000000291,0.02,4.33680868999249E-15));
#3161=CARTESIAN_POINT('',(2.5000000000291,-0.203,-4.));
#3162=CARTESIAN_POINT('',(2.5000000000291,-0.203,-4.));
#3163=CARTESIAN_POINT('',(2.5000000000291,-0.203,4.33680868999249E-15));
#3164=CARTESIAN_POINT('Origin',(0.,-0.203,-4.));
#3165=CARTESIAN_POINT('',(3.5000000000291,0.02,-4.));
#3166=CARTESIAN_POINT('',(0.,0.02,-4.));
#3167=CARTESIAN_POINT('',(3.5000000000291,-0.203,-4.));
#3168=CARTESIAN_POINT('',(3.5000000000291,-0.203,-4.));
#3169=CARTESIAN_POINT('',(0.,-0.203,-4.));
#3170=CARTESIAN_POINT('Origin',(3.5000000000291,-0.203,0.));
#3171=CARTESIAN_POINT('',(3.5000000000291,0.02,0.));
#3172=CARTESIAN_POINT('',(3.5000000000291,-0.203,0.));
#3173=CARTESIAN_POINT('Origin',(0.,-0.203,0.));
#3174=CARTESIAN_POINT('Origin',(0.,0.02,0.));
#3175=CARTESIAN_POINT('Origin',(0.45995759568395,-0.85,0.779273606118116));
#3176=CARTESIAN_POINT('',(0.45995759568395,-0.85,0.779273606118116));
#3177=CARTESIAN_POINT('',(0.8099335818125,-0.85,1.46091288142663));
#3178=CARTESIAN_POINT('',(0.253662047815902,-0.85,0.377477044863489));
#3179=CARTESIAN_POINT('',(0.45995759568395,-0.83,0.779273606118116));
#3180=CARTESIAN_POINT('',(0.45995759568395,-0.85,0.779273606118116));
#3181=CARTESIAN_POINT('',(0.8099335818125,-0.83,1.46091288142663));
#3182=CARTESIAN_POINT('',(0.45995759568395,-0.83,0.779273606118116));
#3183=CARTESIAN_POINT('',(0.8099335818125,-0.85,1.46091288142663));
#3184=CARTESIAN_POINT('Ctrl Pts',(0.10794686545,-0.85,0.00810559017206558));
#3185=CARTESIAN_POINT('Ctrl Pts',(0.10794686545,-0.826,0.00810559017206558));
#3186=CARTESIAN_POINT('Ctrl Pts',(0.10794686545,-0.85,0.083391122071812));
#3187=CARTESIAN_POINT('Ctrl Pts',(0.10794686545,-0.826,0.083391122071812));
#3188=CARTESIAN_POINT('Ctrl Pts',(0.162884956295761,-0.85,0.203441024290326));
#3189=CARTESIAN_POINT('Ctrl Pts',(0.162884956295761,-0.826,0.203441024290326));
#3190=CARTESIAN_POINT('Ctrl Pts',(0.45995759568395,-0.85,0.779273606118116));
#3191=CARTESIAN_POINT('Ctrl Pts',(0.45995759568395,-0.826,0.779273606118116));
#3192=CARTESIAN_POINT('',(0.10794686545,-0.85,0.00810559017206558));
#3193=CARTESIAN_POINT('Ctrl Pts',(0.10794686545,-0.85,0.00810559017206558));
#3194=CARTESIAN_POINT('Ctrl Pts',(0.10794686545,-0.85,0.083391122071812));
#3195=CARTESIAN_POINT('Ctrl Pts',(0.162884956295761,-0.85,0.203441024290326));
#3196=CARTESIAN_POINT('Ctrl Pts',(0.45995759568395,-0.85,0.779273606118116));
#3197=CARTESIAN_POINT('',(0.10794686545,-0.83,0.00810559017206558));
#3198=CARTESIAN_POINT('',(0.10794686545,-0.85,0.00810559017206558));
#3199=CARTESIAN_POINT('Ctrl Pts',(0.10794686545,-0.83,0.00810559017206558));
#3200=CARTESIAN_POINT('Ctrl Pts',(0.10794686545,-0.83,0.083391122071812));
#3201=CARTESIAN_POINT('Ctrl Pts',(0.162884956295761,-0.83,0.203441024290326));
#3202=CARTESIAN_POINT('Ctrl Pts',(0.45995759568395,-0.83,0.779273606118116));
#3203=CARTESIAN_POINT('Ctrl Pts',(0.44571438694616,-0.85,-0.744749728825399));
#3204=CARTESIAN_POINT('Ctrl Pts',(0.44571438694616,-0.826,-0.744749728825399));
#3205=CARTESIAN_POINT('Ctrl Pts',(0.158815468084963,-0.85,-0.18112561163));
#3206=CARTESIAN_POINT('Ctrl Pts',(0.158815468084963,-0.826,-0.18112561163));
#3207=CARTESIAN_POINT('Ctrl Pts',(0.10794686545,-0.85,-0.0671799417276814));
#3208=CARTESIAN_POINT('Ctrl Pts',(0.10794686545,-0.826,-0.0671799417276814));
#3209=CARTESIAN_POINT('Ctrl Pts',(0.10794686545,-0.85,0.00810559017206558));
#3210=CARTESIAN_POINT('Ctrl Pts',(0.10794686545,-0.826,0.00810559017206558));
#3211=CARTESIAN_POINT('',(0.44571438694616,-0.85,-0.744749728825399));
#3212=CARTESIAN_POINT('Ctrl Pts',(0.44571438694616,-0.85,-0.744749728825399));
#3213=CARTESIAN_POINT('Ctrl Pts',(0.158815468084963,-0.85,-0.18112561163));
#3214=CARTESIAN_POINT('Ctrl Pts',(0.10794686545,-0.85,-0.0671799417276814));
#3215=CARTESIAN_POINT('Ctrl Pts',(0.10794686545,-0.85,0.00810559017206558));
#3216=CARTESIAN_POINT('',(0.44571438694616,-0.83,-0.744749728825399));
#3217=CARTESIAN_POINT('',(0.44571438694616,-0.85,-0.744749728825399));
#3218=CARTESIAN_POINT('Ctrl Pts',(0.44571438694616,-0.83,-0.744749728825399));
#3219=CARTESIAN_POINT('Ctrl Pts',(0.158815468084963,-0.83,-0.18112561163));
#3220=CARTESIAN_POINT('Ctrl Pts',(0.10794686545,-0.83,-0.0671799417276814));
#3221=CARTESIAN_POINT('Ctrl Pts',(0.10794686545,-0.83,0.00810559017206558));
#3222=CARTESIAN_POINT('Ctrl Pts',(0.807898837707102,-0.85,-1.43249323645011));
#3223=CARTESIAN_POINT('Ctrl Pts',(0.807898837707102,-0.826,-1.43249323645011));
#3224=CARTESIAN_POINT('Ctrl Pts',(0.793655628969312,-0.85,-1.41825002771232));
#3225=CARTESIAN_POINT('Ctrl Pts',(0.793655628969312,-0.826,-1.41825002771232));
#3226=CARTESIAN_POINT('Ctrl Pts',(0.632910844642826,-0.85,-1.10896892369174));
#3227=CARTESIAN_POINT('Ctrl Pts',(0.632910844642826,-0.826,-1.10896892369174));
#3228=CARTESIAN_POINT('Ctrl Pts',(0.44571438694616,-0.85,-0.744749728825399));
#3229=CARTESIAN_POINT('Ctrl Pts',(0.44571438694616,-0.826,-0.744749728825399));
#3230=CARTESIAN_POINT('',(0.807898837707102,-0.85,-1.43249323645011));
#3231=CARTESIAN_POINT('Ctrl Pts',(0.807898837707102,-0.85,-1.43249323645011));
#3232=CARTESIAN_POINT('Ctrl Pts',(0.793655628969312,-0.85,-1.41825002771232));
#3233=CARTESIAN_POINT('Ctrl Pts',(0.632910844642826,-0.85,-1.10896892369174));
#3234=CARTESIAN_POINT('Ctrl Pts',(0.44571438694616,-0.85,-0.744749728825399));
#3235=CARTESIAN_POINT('',(0.807898837707102,-0.83,-1.43249323645011));
#3236=CARTESIAN_POINT('',(0.807898837707102,-0.85,-1.43249323645011));
#3237=CARTESIAN_POINT('Ctrl Pts',(0.807898837707102,-0.83,-1.43249323645011));
#3238=CARTESIAN_POINT('Ctrl Pts',(0.793655628969312,-0.83,-1.41825002771232));
#3239=CARTESIAN_POINT('Ctrl Pts',(0.632910844642826,-0.83,-1.10896892369174));
#3240=CARTESIAN_POINT('Ctrl Pts',(0.44571438694616,-0.83,-0.744749728825399));
#3241=CARTESIAN_POINT('Ctrl Pts',(1.3735576990079,-0.85,-1.4426669569771));
#3242=CARTESIAN_POINT('Ctrl Pts',(1.3735576990079,-0.826,-1.4426669569771));
#3243=CARTESIAN_POINT('Ctrl Pts',(1.34303653742692,-0.85,-1.47318811855808));
#3244=CARTESIAN_POINT('Ctrl Pts',(1.34303653742692,-0.826,-1.47318811855808));
#3245=CARTESIAN_POINT('Ctrl Pts',(0.836385255182681,-0.85,-1.46301439803109));
#3246=CARTESIAN_POINT('Ctrl Pts',(0.836385255182681,-0.826,-1.46301439803109));
#3247=CARTESIAN_POINT('Ctrl Pts',(0.807898837707102,-0.85,-1.43249323645011));
#3248=CARTESIAN_POINT('Ctrl Pts',(0.807898837707102,-0.826,-1.43249323645011));
#3249=CARTESIAN_POINT('',(1.3735576990079,-0.85,-1.4426669569771));
#3250=CARTESIAN_POINT('Ctrl Pts',(1.3735576990079,-0.85,-1.4426669569771));
#3251=CARTESIAN_POINT('Ctrl Pts',(1.34303653742692,-0.85,-1.47318811855808));
#3252=CARTESIAN_POINT('Ctrl Pts',(0.836385255182681,-0.85,-1.46301439803109));
#3253=CARTESIAN_POINT('Ctrl Pts',(0.807898837707102,-0.85,-1.43249323645011));
#3254=CARTESIAN_POINT('',(1.3735576990079,-0.83,-1.4426669569771));
#3255=CARTESIAN_POINT('',(1.3735576990079,-0.85,-1.4426669569771));
#3256=CARTESIAN_POINT('Ctrl Pts',(1.3735576990079,-0.83,-1.4426669569771));
#3257=CARTESIAN_POINT('Ctrl Pts',(1.34303653742692,-0.83,-1.47318811855808));
#3258=CARTESIAN_POINT('Ctrl Pts',(0.836385255182681,-0.83,-1.46301439803109));
#3259=CARTESIAN_POINT('Ctrl Pts',(0.807898837707102,-0.83,-1.43249323645011));
#3260=CARTESIAN_POINT('Ctrl Pts',(1.03172068930094,-0.85,-0.708124334928225));
#3261=CARTESIAN_POINT('Ctrl Pts',(1.03172068930094,-0.826,-0.708124334928225));
#3262=CARTESIAN_POINT('Ctrl Pts',(1.27995947015957,-0.85,-1.19646292022388));
#3263=CARTESIAN_POINT('Ctrl Pts',(1.27995947015957,-0.826,-1.19646292022388));
#3264=CARTESIAN_POINT('Ctrl Pts',(1.38780090774569,-0.85,-1.42842374823931));
#3265=CARTESIAN_POINT('Ctrl Pts',(1.38780090774569,-0.826,-1.42842374823931));
#3266=CARTESIAN_POINT('Ctrl Pts',(1.3735576990079,-0.85,-1.4426669569771));
#3267=CARTESIAN_POINT('Ctrl Pts',(1.3735576990079,-0.826,-1.4426669569771));
#3268=CARTESIAN_POINT('',(1.03172068930094,-0.85,-0.708124334928225));
#3269=CARTESIAN_POINT('Ctrl Pts',(1.03172068930094,-0.85,-0.708124334928225));
#3270=CARTESIAN_POINT('Ctrl Pts',(1.27995947015957,-0.85,-1.19646292022388));
#3271=CARTESIAN_POINT('Ctrl Pts',(1.38780090774569,-0.85,-1.42842374823931));
#3272=CARTESIAN_POINT('Ctrl Pts',(1.3735576990079,-0.85,-1.4426669569771));
#3273=CARTESIAN_POINT('',(1.03172068930094,-0.83,-0.708124334928225));
#3274=CARTESIAN_POINT('',(1.03172068930094,-0.85,-0.708124334928225));
#3275=CARTESIAN_POINT('Ctrl Pts',(1.03172068930094,-0.83,-0.708124334928225));
#3276=CARTESIAN_POINT('Ctrl Pts',(1.27995947015957,-0.83,-1.19646292022388));
#3277=CARTESIAN_POINT('Ctrl Pts',(1.38780090774569,-0.83,-1.42842374823931));
#3278=CARTESIAN_POINT('Ctrl Pts',(1.3735576990079,-0.83,-1.4426669569771));
#3279=CARTESIAN_POINT('Origin',(0.667501494434601,-0.85,0.00607084606666641));
#3280=CARTESIAN_POINT('',(0.667501494434601,-0.85,0.00607084606666641));
#3281=CARTESIAN_POINT('',(0.599845865817164,-0.85,0.138736352461753));
#3282=CARTESIAN_POINT('',(0.667501494434601,-0.83,0.00607084606666641));
#3283=CARTESIAN_POINT('',(0.667501494434601,-0.85,0.00607084606666641));
#3284=CARTESIAN_POINT('',(0.667501494434601,-0.83,0.00607084606666641));
#3285=CARTESIAN_POINT('Origin',(1.02968594519554,-0.85,0.716196538850761));
#3286=CARTESIAN_POINT('',(1.02968594519554,-0.85,0.716196538850761));
#3287=CARTESIAN_POINT('',(0.778468787577331,-0.85,0.223641550037525));
#3288=CARTESIAN_POINT('',(1.02968594519554,-0.83,0.716196538850761));
#3289=CARTESIAN_POINT('',(1.02968594519554,-0.85,0.716196538850761));
#3290=CARTESIAN_POINT('',(1.02968594519554,-0.83,0.716196538850761));
#3291=CARTESIAN_POINT('Ctrl Pts',(1.38983565185109,-0.85,1.43649595216185));
#3292=CARTESIAN_POINT('Ctrl Pts',(1.38983565185109,-0.826,1.43649595216185));
#3293=CARTESIAN_POINT('Ctrl Pts',(1.38983565185109,-0.85,1.43039171984565));
#3294=CARTESIAN_POINT('Ctrl Pts',(1.38983565185109,-0.826,1.43039171984565));
#3295=CARTESIAN_POINT('Ctrl Pts',(1.2270561234192,-0.85,1.10483266298188));
#3296=CARTESIAN_POINT('Ctrl Pts',(1.2270561234192,-0.826,1.10483266298188));
#3297=CARTESIAN_POINT('Ctrl Pts',(1.02968594519554,-0.85,0.716196538850761));
#3298=CARTESIAN_POINT('Ctrl Pts',(1.02968594519554,-0.826,0.716196538850761));
#3299=CARTESIAN_POINT('',(1.38983565185109,-0.85,1.43649595216185));
#3300=CARTESIAN_POINT('Ctrl Pts',(1.38983565185109,-0.85,1.43649595216185));
#3301=CARTESIAN_POINT('Ctrl Pts',(1.38983565185109,-0.85,1.43039171984565));
#3302=CARTESIAN_POINT('Ctrl Pts',(1.2270561234192,-0.85,1.10483266298188));
#3303=CARTESIAN_POINT('Ctrl Pts',(1.02968594519554,-0.85,0.716196538850761));
#3304=CARTESIAN_POINT('',(1.38983565185109,-0.83,1.43649595216185));
#3305=CARTESIAN_POINT('',(1.38983565185109,-0.85,1.43649595216185));
#3306=CARTESIAN_POINT('Ctrl Pts',(1.38983565185109,-0.83,1.43649595216185));
#3307=CARTESIAN_POINT('Ctrl Pts',(1.38983565185109,-0.83,1.43039171984565));
#3308=CARTESIAN_POINT('Ctrl Pts',(1.2270561234192,-0.83,1.10483266298188));
#3309=CARTESIAN_POINT('Ctrl Pts',(1.02968594519554,-0.83,0.716196538850761));
#3310=CARTESIAN_POINT('Ctrl Pts',(1.06427659498732,-0.85,1.47108660195362));
#3311=CARTESIAN_POINT('Ctrl Pts',(1.06427659498732,-0.826,1.47108660195362));
#3312=CARTESIAN_POINT('Ctrl Pts',(1.29623742300275,-0.85,1.48126032248062));
#3313=CARTESIAN_POINT('Ctrl Pts',(1.29623742300275,-0.826,1.48126032248062));
#3314=CARTESIAN_POINT('Ctrl Pts',(1.38983565185109,-0.85,1.47108660195362));
#3315=CARTESIAN_POINT('Ctrl Pts',(1.38983565185109,-0.826,1.47108660195362));
#3316=CARTESIAN_POINT('Ctrl Pts',(1.38983565185109,-0.85,1.43649595216185));
#3317=CARTESIAN_POINT('Ctrl Pts',(1.38983565185109,-0.826,1.43649595216185));
#3318=CARTESIAN_POINT('',(1.06427659498732,-0.85,1.47108660195362));
#3319=CARTESIAN_POINT('Ctrl Pts',(1.06427659498732,-0.85,1.47108660195362));
#3320=CARTESIAN_POINT('Ctrl Pts',(1.29623742300275,-0.85,1.48126032248062));
#3321=CARTESIAN_POINT('Ctrl Pts',(1.38983565185109,-0.85,1.47108660195362));
#3322=CARTESIAN_POINT('Ctrl Pts',(1.38983565185109,-0.85,1.43649595216185));
#3323=CARTESIAN_POINT('',(1.06427659498732,-0.83,1.47108660195362));
#3324=CARTESIAN_POINT('',(1.06427659498732,-0.85,1.47108660195362));
#3325=CARTESIAN_POINT('Ctrl Pts',(1.06427659498732,-0.83,1.47108660195362));
#3326=CARTESIAN_POINT('Ctrl Pts',(1.29623742300275,-0.83,1.48126032248062));
#3327=CARTESIAN_POINT('Ctrl Pts',(1.38983565185109,-0.83,1.47108660195362));
#3328=CARTESIAN_POINT('Ctrl Pts',(1.38983565185109,-0.83,1.43649595216185));
#3329=CARTESIAN_POINT('Origin',(0.8099335818125,-0.85,1.46091288142663));
#3330=CARTESIAN_POINT('',(0.37644211961723,-0.85,1.44357322293882));
#3331=CARTESIAN_POINT('',(0.8099335818125,-0.83,1.46091288142663));
#3332=CARTESIAN_POINT('Origin',(2.91050517020608E-11,-0.83,0.));
#3333=CARTESIAN_POINT('Ctrl Pts',(-1.30416554369659,-0.85,1.47515609016442));
#3334=CARTESIAN_POINT('Ctrl Pts',(-1.30416554369659,-0.826,1.47515609016442));
#3335=CARTESIAN_POINT('Ctrl Pts',(-1.28585284674801,-0.85,1.47922557837522));
#3336=CARTESIAN_POINT('Ctrl Pts',(-1.28585284674801,-0.826,1.47922557837522));
#3337=CARTESIAN_POINT('Ctrl Pts',(-1.1576639681079,-0.85,1.47922557837522));
#3338=CARTESIAN_POINT('Ctrl Pts',(-1.1576639681079,-0.826,1.47922557837522));
#3339=CARTESIAN_POINT('Ctrl Pts',(-1.0193013689408,-0.85,1.47515609016442));
#3340=CARTESIAN_POINT('Ctrl Pts',(-1.0193013689408,-0.826,1.47515609016442));
#3341=CARTESIAN_POINT('',(-1.30416554369659,-0.85,1.47515609016442));
#3342=CARTESIAN_POINT('',(-1.0193013689408,-0.85,1.47515609016442));
#3343=CARTESIAN_POINT('Ctrl Pts',(-1.30416554369659,-0.85,1.47515609016442));
#3344=CARTESIAN_POINT('Ctrl Pts',(-1.28585284674801,-0.85,1.47922557837522));
#3345=CARTESIAN_POINT('Ctrl Pts',(-1.1576639681079,-0.85,1.47922557837522));
#3346=CARTESIAN_POINT('Ctrl Pts',(-1.0193013689408,-0.85,1.47515609016442));
#3347=CARTESIAN_POINT('',(-1.30416554369659,-0.83,1.47515609016442));
#3348=CARTESIAN_POINT('',(-1.30416554369659,-0.85,1.47515609016442));
#3349=CARTESIAN_POINT('',(-1.0193013689408,-0.83,1.47515609016442));
#3350=CARTESIAN_POINT('Ctrl Pts',(-1.30416554369659,-0.83,1.47515609016442));
#3351=CARTESIAN_POINT('Ctrl Pts',(-1.28585284674801,-0.83,1.47922557837522));
#3352=CARTESIAN_POINT('Ctrl Pts',(-1.1576639681079,-0.83,1.47922557837522));
#3353=CARTESIAN_POINT('Ctrl Pts',(-1.0193013689408,-0.83,1.47515609016442));
#3354=CARTESIAN_POINT('',(-1.0193013689408,-0.85,1.47515609016442));
#3355=CARTESIAN_POINT('Ctrl Pts',(-1.31840875243438,-0.85,1.37952311721069));
#3356=CARTESIAN_POINT('Ctrl Pts',(-1.31840875243438,-0.826,1.37952311721069));
#3357=CARTESIAN_POINT('Ctrl Pts',(-1.34892991401536,-0.85,1.41004427879167));
#3358=CARTESIAN_POINT('Ctrl Pts',(-1.34892991401536,-0.826,1.41004427879167));
#3359=CARTESIAN_POINT('Ctrl Pts',(-1.33875619348837,-0.85,1.46701711374283));
#3360=CARTESIAN_POINT('Ctrl Pts',(-1.33875619348837,-0.826,1.46701711374283));
#3361=CARTESIAN_POINT('Ctrl Pts',(-1.30416554369659,-0.85,1.47515609016442));
#3362=CARTESIAN_POINT('Ctrl Pts',(-1.30416554369659,-0.826,1.47515609016442));
#3363=CARTESIAN_POINT('',(-1.31840875243438,-0.85,1.37952311721069));
#3364=CARTESIAN_POINT('Ctrl Pts',(-1.31840875243438,-0.85,1.37952311721069));
#3365=CARTESIAN_POINT('Ctrl Pts',(-1.34892991401536,-0.85,1.41004427879167));
#3366=CARTESIAN_POINT('Ctrl Pts',(-1.33875619348837,-0.85,1.46701711374283));
#3367=CARTESIAN_POINT('Ctrl Pts',(-1.30416554369659,-0.85,1.47515609016442));
#3368=CARTESIAN_POINT('',(-1.31840875243438,-0.83,1.37952311721069));
#3369=CARTESIAN_POINT('',(-1.31840875243438,-0.85,1.37952311721069));
#3370=CARTESIAN_POINT('Ctrl Pts',(-1.31840875243438,-0.83,1.37952311721069));
#3371=CARTESIAN_POINT('Ctrl Pts',(-1.34892991401536,-0.83,1.41004427879167));
#3372=CARTESIAN_POINT('Ctrl Pts',(-1.33875619348837,-0.83,1.46701711374283));
#3373=CARTESIAN_POINT('Ctrl Pts',(-1.30416554369659,-0.83,1.47515609016442));
#3374=CARTESIAN_POINT('Ctrl Pts',(-0.960293789884239,-0.85,0.683640633164384));
#3375=CARTESIAN_POINT('Ctrl Pts',(-0.960293789884239,-0.826,0.683640633164384));
#3376=CARTESIAN_POINT('Ctrl Pts',(-1.14749024758091,-0.85,1.05396406034692));
#3377=CARTESIAN_POINT('Ctrl Pts',(-1.14749024758091,-0.826,1.05396406034692));
#3378=CARTESIAN_POINT('Ctrl Pts',(-1.30823503190739,-0.85,1.3673146525783));
#3379=CARTESIAN_POINT('Ctrl Pts',(-1.30823503190739,-0.826,1.3673146525783));
#3380=CARTESIAN_POINT('Ctrl Pts',(-1.31840875243438,-0.85,1.37952311721069));
#3381=CARTESIAN_POINT('Ctrl Pts',(-1.31840875243438,-0.826,1.37952311721069));
#3382=CARTESIAN_POINT('',(-0.960293789884239,-0.85,0.683640633164384));
#3383=CARTESIAN_POINT('Ctrl Pts',(-0.960293789884239,-0.85,0.683640633164384));
#3384=CARTESIAN_POINT('Ctrl Pts',(-1.14749024758091,-0.85,1.05396406034692));
#3385=CARTESIAN_POINT('Ctrl Pts',(-1.30823503190739,-0.85,1.3673146525783));
#3386=CARTESIAN_POINT('Ctrl Pts',(-1.31840875243438,-0.85,1.37952311721069));
#3387=CARTESIAN_POINT('',(-0.960293789884239,-0.83,0.683640633164384));
#3388=CARTESIAN_POINT('',(-0.960293789884239,-0.85,0.683640633164384));
#3389=CARTESIAN_POINT('Ctrl Pts',(-0.960293789884239,-0.83,0.683640633164384));
#3390=CARTESIAN_POINT('Ctrl Pts',(-1.14749024758091,-0.83,1.05396406034692));
#3391=CARTESIAN_POINT('Ctrl Pts',(-1.30823503190739,-0.83,1.3673146525783));
#3392=CARTESIAN_POINT('Ctrl Pts',(-1.31840875243438,-0.83,1.37952311721069));
#3393=CARTESIAN_POINT('Origin',(-0.620491524282681,-0.85,0.00607084606666655));
#3394=CARTESIAN_POINT('',(-0.620491524282681,-0.85,0.00607084606666655));
#3395=CARTESIAN_POINT('',(-0.556927796813871,-0.85,-0.120675987748386));
#3396=CARTESIAN_POINT('',(-0.620491524282681,-0.83,0.00607084606666641));
#3397=CARTESIAN_POINT('',(-0.620491524282681,-0.85,0.00607084606666655));
#3398=CARTESIAN_POINT('',(-0.620491524282681,-0.83,0.00607084606666655));
#3399=CARTESIAN_POINT('Origin',(-0.960293789884239,-0.85,-0.669464196925652));
#3400=CARTESIAN_POINT('',(-0.960293789884239,-0.85,-0.669464196925652));
#3401=CARTESIAN_POINT('',(-0.728963623859218,-0.85,-0.209574286025611));
#3402=CARTESIAN_POINT('',(-0.960293789884239,-0.83,-0.669464196925652));
#3403=CARTESIAN_POINT('',(-0.960293789884239,-0.85,-0.669464196925652));
#3404=CARTESIAN_POINT('',(-0.960293789884239,-0.83,-0.669464196925652));
#3405=CARTESIAN_POINT('Ctrl Pts',(-1.31840875243438,-0.85,-1.36738142507736));
#3406=CARTESIAN_POINT('Ctrl Pts',(-1.31840875243438,-0.826,-1.36738142507736));
#3407=CARTESIAN_POINT('Ctrl Pts',(-1.30823503190739,-0.85,-1.35517296044496));
#3408=CARTESIAN_POINT('Ctrl Pts',(-1.30823503190739,-0.826,-1.35517296044496));
#3409=CARTESIAN_POINT('Ctrl Pts',(-1.14749024758091,-0.85,-1.04182236821359));
#3410=CARTESIAN_POINT('Ctrl Pts',(-1.14749024758091,-0.826,-1.04182236821359));
#3411=CARTESIAN_POINT('Ctrl Pts',(-0.960293789884239,-0.85,-0.669464196925652));
#3412=CARTESIAN_POINT('Ctrl Pts',(-0.960293789884239,-0.826,-0.669464196925652));
#3413=CARTESIAN_POINT('',(-1.31840875243438,-0.85,-1.36738142507736));
#3414=CARTESIAN_POINT('Ctrl Pts',(-1.31840875243438,-0.85,-1.36738142507736));
#3415=CARTESIAN_POINT('Ctrl Pts',(-1.30823503190739,-0.85,-1.35517296044496));
#3416=CARTESIAN_POINT('Ctrl Pts',(-1.14749024758091,-0.85,-1.04182236821359));
#3417=CARTESIAN_POINT('Ctrl Pts',(-0.960293789884239,-0.85,-0.669464196925652));
#3418=CARTESIAN_POINT('',(-1.31840875243438,-0.83,-1.36738142507736));
#3419=CARTESIAN_POINT('',(-1.31840875243438,-0.85,-1.36738142507736));
#3420=CARTESIAN_POINT('Ctrl Pts',(-1.31840875243438,-0.83,-1.36738142507736));
#3421=CARTESIAN_POINT('Ctrl Pts',(-1.30823503190739,-0.83,-1.35517296044496));
#3422=CARTESIAN_POINT('Ctrl Pts',(-1.14749024758091,-0.83,-1.04182236821359));
#3423=CARTESIAN_POINT('Ctrl Pts',(-0.960293789884239,-0.83,-0.669464196925652));
#3424=CARTESIAN_POINT('Ctrl Pts',(-1.3000960554858,-0.85,-1.46097965392569));
#3425=CARTESIAN_POINT('Ctrl Pts',(-1.3000960554858,-0.826,-1.46097965392569));
#3426=CARTESIAN_POINT('Ctrl Pts',(-1.33875619348837,-0.85,-1.45894490982029));
#3427=CARTESIAN_POINT('Ctrl Pts',(-1.33875619348837,-0.826,-1.45894490982029));
#3428=CARTESIAN_POINT('Ctrl Pts',(-1.34892991401536,-0.85,-1.39993733076373));
#3429=CARTESIAN_POINT('Ctrl Pts',(-1.34892991401536,-0.826,-1.39993733076373));
#3430=CARTESIAN_POINT('Ctrl Pts',(-1.31840875243438,-0.85,-1.36738142507736));
#3431=CARTESIAN_POINT('Ctrl Pts',(-1.31840875243438,-0.826,-1.36738142507736));
#3432=CARTESIAN_POINT('',(-1.3000960554858,-0.85,-1.46097965392569));
#3433=CARTESIAN_POINT('Ctrl Pts',(-1.3000960554858,-0.85,-1.46097965392569));
#3434=CARTESIAN_POINT('Ctrl Pts',(-1.33875619348837,-0.85,-1.45894490982029));
#3435=CARTESIAN_POINT('Ctrl Pts',(-1.34892991401536,-0.85,-1.39993733076373));
#3436=CARTESIAN_POINT('Ctrl Pts',(-1.31840875243438,-0.85,-1.36738142507736));
#3437=CARTESIAN_POINT('',(-1.3000960554858,-0.83,-1.46097965392569));
#3438=CARTESIAN_POINT('',(-1.3000960554858,-0.85,-1.46097965392569));
#3439=CARTESIAN_POINT('Ctrl Pts',(-1.3000960554858,-0.83,-1.46097965392569));
#3440=CARTESIAN_POINT('Ctrl Pts',(-1.33875619348837,-0.83,-1.45894490982029));
#3441=CARTESIAN_POINT('Ctrl Pts',(-1.34892991401536,-0.83,-1.39993733076373));
#3442=CARTESIAN_POINT('Ctrl Pts',(-1.31840875243438,-0.83,-1.36738142507736));
#3443=CARTESIAN_POINT('Ctrl Pts',(-1.0213361130462,-0.85,-1.45894490982029));
#3444=CARTESIAN_POINT('Ctrl Pts',(-1.0213361130462,-0.826,-1.45894490982029));
#3445=CARTESIAN_POINT('Ctrl Pts',(-1.1556292240025,-0.85,-1.46097965392569));
#3446=CARTESIAN_POINT('Ctrl Pts',(-1.1556292240025,-0.826,-1.46097965392569));
#3447=CARTESIAN_POINT('Ctrl Pts',(-1.28178335853721,-0.85,-1.46097965392569));
#3448=CARTESIAN_POINT('Ctrl Pts',(-1.28178335853721,-0.826,-1.46097965392569));
#3449=CARTESIAN_POINT('Ctrl Pts',(-1.3000960554858,-0.85,-1.46097965392569));
#3450=CARTESIAN_POINT('Ctrl Pts',(-1.3000960554858,-0.826,-1.46097965392569));
#3451=CARTESIAN_POINT('',(-1.0213361130462,-0.85,-1.45894490982029));
#3452=CARTESIAN_POINT('Ctrl Pts',(-1.0213361130462,-0.85,-1.45894490982029));
#3453=CARTESIAN_POINT('Ctrl Pts',(-1.1556292240025,-0.85,-1.46097965392569));
#3454=CARTESIAN_POINT('Ctrl Pts',(-1.28178335853721,-0.85,-1.46097965392569));
#3455=CARTESIAN_POINT('Ctrl Pts',(-1.3000960554858,-0.85,-1.46097965392569));
#3456=CARTESIAN_POINT('',(-1.0213361130462,-0.83,-1.45894490982029));
#3457=CARTESIAN_POINT('',(-1.0213361130462,-0.85,-1.45894490982029));
#3458=CARTESIAN_POINT('Ctrl Pts',(-1.0213361130462,-0.83,-1.45894490982029));
#3459=CARTESIAN_POINT('Ctrl Pts',(-1.1556292240025,-0.83,-1.46097965392569));
#3460=CARTESIAN_POINT('Ctrl Pts',(-1.28178335853721,-0.83,-1.46097965392569));
#3461=CARTESIAN_POINT('Ctrl Pts',(-1.3000960554858,-0.83,-1.46097965392569));
#3462=CARTESIAN_POINT('Ctrl Pts',(-0.746645658817391,-0.85,-1.41418053950152));
#3463=CARTESIAN_POINT('Ctrl Pts',(-0.746645658817391,-0.826,-1.41418053950152));
#3464=CARTESIAN_POINT('Ctrl Pts',(-0.775132076292971,-0.85,-1.45487542160949));
#3465=CARTESIAN_POINT('Ctrl Pts',(-0.775132076292971,-0.826,-1.45487542160949));
#3466=CARTESIAN_POINT('Ctrl Pts',(-0.795479517346956,-0.85,-1.45894490982029));
#3467=CARTESIAN_POINT('Ctrl Pts',(-0.795479517346956,-0.826,-1.45894490982029));
#3468=CARTESIAN_POINT('Ctrl Pts',(-1.0213361130462,-0.85,-1.45894490982029));
#3469=CARTESIAN_POINT('Ctrl Pts',(-1.0213361130462,-0.826,-1.45894490982029));
#3470=CARTESIAN_POINT('',(-0.746645658817391,-0.85,-1.41418053950152));
#3471=CARTESIAN_POINT('Ctrl Pts',(-0.746645658817391,-0.85,-1.41418053950152));
#3472=CARTESIAN_POINT('Ctrl Pts',(-0.775132076292971,-0.85,-1.45487542160949));
#3473=CARTESIAN_POINT('Ctrl Pts',(-0.795479517346956,-0.85,-1.45894490982029));
#3474=CARTESIAN_POINT('Ctrl Pts',(-1.0213361130462,-0.85,-1.45894490982029));
#3475=CARTESIAN_POINT('',(-0.746645658817391,-0.83,-1.41418053950152));
#3476=CARTESIAN_POINT('',(-0.746645658817391,-0.85,-1.41418053950152));
#3477=CARTESIAN_POINT('Ctrl Pts',(-0.746645658817391,-0.83,-1.41418053950152));
#3478=CARTESIAN_POINT('Ctrl Pts',(-0.775132076292971,-0.83,-1.45487542160949));
#3479=CARTESIAN_POINT('Ctrl Pts',(-0.795479517346956,-0.83,-1.45894490982029));
#3480=CARTESIAN_POINT('Ctrl Pts',(-1.0213361130462,-0.83,-1.45894490982029));
#3481=CARTESIAN_POINT('Ctrl Pts',(-0.384461208056449,-0.85,-0.720332799560616));
#3482=CARTESIAN_POINT('Ctrl Pts',(-0.384461208056449,-0.826,-0.720332799560616));
#3483=CARTESIAN_POINT('Ctrl Pts',(-0.567588177542319,-0.85,-1.07844776211076));
#3484=CARTESIAN_POINT('Ctrl Pts',(-0.567588177542319,-0.826,-1.07844776211076));
#3485=CARTESIAN_POINT('Ctrl Pts',(-0.730367705974203,-0.85,-1.38976361023674));
#3486=CARTESIAN_POINT('Ctrl Pts',(-0.730367705974203,-0.826,-1.38976361023674));
#3487=CARTESIAN_POINT('Ctrl Pts',(-0.746645658817391,-0.85,-1.41418053950152));
#3488=CARTESIAN_POINT('Ctrl Pts',(-0.746645658817391,-0.826,-1.41418053950152));
#3489=CARTESIAN_POINT('',(-0.384461208056449,-0.85,-0.720332799560616));
#3490=CARTESIAN_POINT('Ctrl Pts',(-0.384461208056449,-0.85,-0.720332799560616));
#3491=CARTESIAN_POINT('Ctrl Pts',(-0.567588177542319,-0.85,-1.07844776211076));
#3492=CARTESIAN_POINT('Ctrl Pts',(-0.730367705974203,-0.85,-1.38976361023674));
#3493=CARTESIAN_POINT('Ctrl Pts',(-0.746645658817391,-0.85,-1.41418053950152));
#3494=CARTESIAN_POINT('',(-0.384461208056449,-0.83,-0.720332799560616));
#3495=CARTESIAN_POINT('',(-0.384461208056449,-0.85,-0.720332799560616));
#3496=CARTESIAN_POINT('Ctrl Pts',(-0.384461208056449,-0.83,-0.720332799560616));
#3497=CARTESIAN_POINT('Ctrl Pts',(-0.567588177542319,-0.83,-1.07844776211076));
#3498=CARTESIAN_POINT('Ctrl Pts',(-0.730367705974203,-0.83,-1.38976361023674));
#3499=CARTESIAN_POINT('Ctrl Pts',(-0.746645658817391,-0.83,-1.41418053950152));
#3500=CARTESIAN_POINT('Ctrl Pts',(-0.0548326629818841,-0.85,0.00607084606666641));
#3501=CARTESIAN_POINT('Ctrl Pts',(-0.0548326629818841,-0.826,0.00607084606666641));
#3502=CARTESIAN_POINT('Ctrl Pts',(-0.0548326629818841,-0.85,-0.0549714770952897));
#3503=CARTESIAN_POINT('Ctrl Pts',(-0.0548326629818841,-0.826,-0.0549714770952897));
#3504=CARTESIAN_POINT('Ctrl Pts',(-0.128083450776232,-0.85,-0.215716261421775));
#3505=CARTESIAN_POINT('Ctrl Pts',(-0.128083450776232,-0.826,-0.215716261421775));
#3506=CARTESIAN_POINT('Ctrl Pts',(-0.384461208056449,-0.85,-0.720332799560616));
#3507=CARTESIAN_POINT('Ctrl Pts',(-0.384461208056449,-0.826,-0.720332799560616));
#3508=CARTESIAN_POINT('',(-0.0548326629818841,-0.85,0.00607084606666641));
#3509=CARTESIAN_POINT('Ctrl Pts',(-0.0548326629818841,-0.85,0.00607084606666641));
#3510=CARTESIAN_POINT('Ctrl Pts',(-0.0548326629818841,-0.85,-0.0549714770952897));
#3511=CARTESIAN_POINT('Ctrl Pts',(-0.128083450776232,-0.85,-0.215716261421775));
#3512=CARTESIAN_POINT('Ctrl Pts',(-0.384461208056449,-0.85,-0.720332799560616));
#3513=CARTESIAN_POINT('',(-0.0548326629818841,-0.83,0.00607084606666641));
#3514=CARTESIAN_POINT('',(-0.0548326629818841,-0.85,0.00607084606666641));
#3515=CARTESIAN_POINT('Ctrl Pts',(-0.0548326629818841,-0.83,0.00607084606666641));
#3516=CARTESIAN_POINT('Ctrl Pts',(-0.0548326629818841,-0.83,-0.0549714770952897));
#3517=CARTESIAN_POINT('Ctrl Pts',(-0.128083450776232,-0.83,-0.215716261421775));
#3518=CARTESIAN_POINT('Ctrl Pts',(-0.384461208056449,-0.83,-0.720332799560616));
#3519=CARTESIAN_POINT('Ctrl Pts',(-0.362079022897065,-0.85,0.691779609585979));
#3520=CARTESIAN_POINT('Ctrl Pts',(-0.362079022897065,-0.826,0.691779609585979));
#3521=CARTESIAN_POINT('Ctrl Pts',(-0.124013962565435,-0.85,0.221753721238913));
#3522=CARTESIAN_POINT('Ctrl Pts',(-0.124013962565435,-0.826,0.221753721238913));
#3523=CARTESIAN_POINT('Ctrl Pts',(-0.0548326629818841,-0.85,0.0671131692286231));
#3524=CARTESIAN_POINT('Ctrl Pts',(-0.0548326629818841,-0.826,0.0671131692286231));
#3525=CARTESIAN_POINT('Ctrl Pts',(-0.0548326629818841,-0.85,0.00607084606666641));
#3526=CARTESIAN_POINT('Ctrl Pts',(-0.0548326629818841,-0.826,0.00607084606666641));
#3527=CARTESIAN_POINT('',(-0.362079022897065,-0.85,0.691779609585979));
#3528=CARTESIAN_POINT('Ctrl Pts',(-0.362079022897065,-0.85,0.691779609585979));
#3529=CARTESIAN_POINT('Ctrl Pts',(-0.124013962565435,-0.85,0.221753721238913));
#3530=CARTESIAN_POINT('Ctrl Pts',(-0.0548326629818841,-0.85,0.0671131692286231));
#3531=CARTESIAN_POINT('Ctrl Pts',(-0.0548326629818841,-0.85,0.00607084606666641));
#3532=CARTESIAN_POINT('',(-0.362079022897065,-0.83,0.691779609585979));
#3533=CARTESIAN_POINT('',(-0.362079022897065,-0.85,0.691779609585979));
#3534=CARTESIAN_POINT('Ctrl Pts',(-0.362079022897065,-0.83,0.691779609585979));
#3535=CARTESIAN_POINT('Ctrl Pts',(-0.124013962565435,-0.83,0.221753721238913));
#3536=CARTESIAN_POINT('Ctrl Pts',(-0.0548326629818841,-0.83,0.0671131692286231));
#3537=CARTESIAN_POINT('Ctrl Pts',(-0.0548326629818841,-0.83,0.00607084606666641));
#3538=CARTESIAN_POINT('Ctrl Pts',(-0.718159241341812,-0.85,1.38359260542149));
#3539=CARTESIAN_POINT('Ctrl Pts',(-0.718159241341812,-0.826,1.38359260542149));
#3540=CARTESIAN_POINT('Ctrl Pts',(-0.691707567971631,-0.85,1.33679349099732));
#3541=CARTESIAN_POINT('Ctrl Pts',(-0.691707567971631,-0.826,1.33679349099732));
#3542=CARTESIAN_POINT('Ctrl Pts',(-0.530962783645145,-0.85,1.02547764287134));
#3543=CARTESIAN_POINT('Ctrl Pts',(-0.530962783645145,-0.826,1.02547764287134));
#3544=CARTESIAN_POINT('Ctrl Pts',(-0.362079022897065,-0.85,0.691779609585979));
#3545=CARTESIAN_POINT('Ctrl Pts',(-0.362079022897065,-0.826,0.691779609585979));
#3546=CARTESIAN_POINT('',(-0.718159241341812,-0.85,1.38359260542149));
#3547=CARTESIAN_POINT('Ctrl Pts',(-0.718159241341812,-0.85,1.38359260542149));
#3548=CARTESIAN_POINT('Ctrl Pts',(-0.691707567971631,-0.85,1.33679349099732));
#3549=CARTESIAN_POINT('Ctrl Pts',(-0.530962783645145,-0.85,1.02547764287134));
#3550=CARTESIAN_POINT('Ctrl Pts',(-0.362079022897065,-0.85,0.691779609585979));
#3551=CARTESIAN_POINT('',(-0.718159241341812,-0.83,1.38359260542149));
#3552=CARTESIAN_POINT('',(-0.718159241341812,-0.85,1.38359260542149));
#3553=CARTESIAN_POINT('Ctrl Pts',(-0.718159241341812,-0.83,1.38359260542149));
#3554=CARTESIAN_POINT('Ctrl Pts',(-0.691707567971631,-0.83,1.33679349099732));
#3555=CARTESIAN_POINT('Ctrl Pts',(-0.530962783645145,-0.83,1.02547764287134));
#3556=CARTESIAN_POINT('Ctrl Pts',(-0.362079022897065,-0.83,0.691779609585979));
#3557=CARTESIAN_POINT('Origin',(-0.766993099871377,-0.85,1.46905185784822));
#3558=CARTESIAN_POINT('',(-0.766993099871377,-0.85,1.46905185784822));
#3559=CARTESIAN_POINT('',(-0.356182779735281,-0.85,0.75013379761006));
#3560=CARTESIAN_POINT('',(-0.766993099871377,-0.83,1.46905185784822));
#3561=CARTESIAN_POINT('',(-0.766993099871377,-0.85,1.46905185784822));
#3562=CARTESIAN_POINT('',(-0.766993099871377,-0.83,1.46905185784822));
#3563=CARTESIAN_POINT('Origin',(-1.0193013689408,-0.85,1.47515609016442));
#3564=CARTESIAN_POINT('',(-0.492114631392054,-0.85,1.4624015723205));
#3565=CARTESIAN_POINT('',(-1.0193013689408,-0.83,1.47515609016442));
#3566=CARTESIAN_POINT('Origin',(2.91050517020608E-11,-0.83,0.));
#3567=CARTESIAN_POINT('Ctrl Pts',(2.15286469137554,-0.85,-0.982814789157029));
#3568=CARTESIAN_POINT('Ctrl Pts',(2.15286469137554,-0.826,-0.982814789157029));
#3569=CARTESIAN_POINT('Ctrl Pts',(2.32174845212362,-0.85,-1.06216980926757));
#3570=CARTESIAN_POINT('Ctrl Pts',(2.32174845212362,-0.826,-1.06216980926757));
#3571=CARTESIAN_POINT('Ctrl Pts',(2.34616538138841,-0.85,-1.28395691675601));
#3572=CARTESIAN_POINT('Ctrl Pts',(2.34616538138841,-0.826,-1.28395691675601));
#3573=CARTESIAN_POINT('Ctrl Pts',(2.20169854990511,-0.85,-1.40807630718533));
#3574=CARTESIAN_POINT('Ctrl Pts',(2.20169854990511,-0.826,-1.40807630718533));
#3575=CARTESIAN_POINT('',(2.15286469137554,-0.85,-0.982814789157029));
#3576=CARTESIAN_POINT('',(2.20169854990511,-0.85,-1.40807630718533));
#3577=CARTESIAN_POINT('Ctrl Pts',(2.15286469137554,-0.85,-0.982814789157029));
#3578=CARTESIAN_POINT('Ctrl Pts',(2.32174845212362,-0.85,-1.06216980926757));
#3579=CARTESIAN_POINT('Ctrl Pts',(2.34616538138841,-0.85,-1.28395691675601));
#3580=CARTESIAN_POINT('Ctrl Pts',(2.20169854990511,-0.85,-1.40807630718533));
#3581=CARTESIAN_POINT('',(2.15286469137554,-0.83,-0.982814789157029));
#3582=CARTESIAN_POINT('',(2.15286469137554,-0.85,-0.982814789157029));
#3583=CARTESIAN_POINT('',(2.20169854990511,-0.83,-1.40807630718533));
#3584=CARTESIAN_POINT('Ctrl Pts',(2.15286469137554,-0.83,-0.982814789157029));
#3585=CARTESIAN_POINT('Ctrl Pts',(2.32174845212362,-0.83,-1.06216980926757));
#3586=CARTESIAN_POINT('Ctrl Pts',(2.34616538138841,-0.83,-1.28395691675601));
#3587=CARTESIAN_POINT('Ctrl Pts',(2.20169854990511,-0.83,-1.40807630718533));
#3588=CARTESIAN_POINT('',(2.20169854990511,-0.85,-1.40807630718533));
#3589=CARTESIAN_POINT('Ctrl Pts',(1.78254126419301,-0.85,-1.18221971148609));
#3590=CARTESIAN_POINT('Ctrl Pts',(1.78254126419301,-0.826,-1.18221971148609));
#3591=CARTESIAN_POINT('Ctrl Pts',(1.81306242577399,-0.85,-0.997057997894819));
#3592=CARTESIAN_POINT('Ctrl Pts',(1.81306242577399,-0.826,-0.997057997894819));
#3593=CARTESIAN_POINT('Ctrl Pts',(1.98601567473286,-0.85,-0.903459769046485));
#3594=CARTESIAN_POINT('Ctrl Pts',(1.98601567473286,-0.826,-0.903459769046485));
#3595=CARTESIAN_POINT('Ctrl Pts',(2.15286469137554,-0.85,-0.982814789157029));
#3596=CARTESIAN_POINT('Ctrl Pts',(2.15286469137554,-0.826,-0.982814789157029));
#3597=CARTESIAN_POINT('',(1.78254126419301,-0.85,-1.18221971148609));
#3598=CARTESIAN_POINT('Ctrl Pts',(1.78254126419301,-0.85,-1.18221971148609));
#3599=CARTESIAN_POINT('Ctrl Pts',(1.81306242577399,-0.85,-0.997057997894819));
#3600=CARTESIAN_POINT('Ctrl Pts',(1.98601567473286,-0.85,-0.903459769046485));
#3601=CARTESIAN_POINT('Ctrl Pts',(2.15286469137554,-0.85,-0.982814789157029));
#3602=CARTESIAN_POINT('',(1.78254126419301,-0.83,-1.18221971148609));
#3603=CARTESIAN_POINT('',(1.78254126419301,-0.85,-1.18221971148609));
#3604=CARTESIAN_POINT('Ctrl Pts',(1.78254126419301,-0.83,-1.18221971148609));
#3605=CARTESIAN_POINT('Ctrl Pts',(1.81306242577399,-0.83,-0.997057997894819));
#3606=CARTESIAN_POINT('Ctrl Pts',(1.98601567473286,-0.83,-0.903459769046485));
#3607=CARTESIAN_POINT('Ctrl Pts',(2.15286469137554,-0.83,-0.982814789157029));
#3608=CARTESIAN_POINT('Ctrl Pts',(2.20169854990511,-0.85,-1.40807630718533));
#3609=CARTESIAN_POINT('Ctrl Pts',(2.20169854990511,-0.826,-1.40807630718533));
#3610=CARTESIAN_POINT('Ctrl Pts',(2.03281478915703,-0.85,-1.54847365045783));
#3611=CARTESIAN_POINT('Ctrl Pts',(2.03281478915703,-0.826,-1.54847365045783));
#3612=CARTESIAN_POINT('Ctrl Pts',(1.74795061440123,-0.85,-1.39383309844754));
#3613=CARTESIAN_POINT('Ctrl Pts',(1.74795061440123,-0.826,-1.39383309844754));
#3614=CARTESIAN_POINT('Ctrl Pts',(1.78254126419301,-0.85,-1.18221971148609));
#3615=CARTESIAN_POINT('Ctrl Pts',(1.78254126419301,-0.826,-1.18221971148609));
#3616=CARTESIAN_POINT('Ctrl Pts',(2.20169854990511,-0.85,-1.40807630718533));
#3617=CARTESIAN_POINT('Ctrl Pts',(2.03281478915703,-0.85,-1.54847365045783));
#3618=CARTESIAN_POINT('Ctrl Pts',(1.74795061440123,-0.85,-1.39383309844754));
#3619=CARTESIAN_POINT('Ctrl Pts',(1.78254126419301,-0.85,-1.18221971148609));
#3620=CARTESIAN_POINT('Ctrl Pts',(2.20169854990511,-0.83,-1.40807630718533));
#3621=CARTESIAN_POINT('Ctrl Pts',(2.03281478915703,-0.83,-1.54847365045783));
#3622=CARTESIAN_POINT('Ctrl Pts',(1.74795061440123,-0.83,-1.39383309844754));
#3623=CARTESIAN_POINT('Ctrl Pts',(1.78254126419301,-0.83,-1.18221971148609));
#3624=CARTESIAN_POINT('Origin',(2.91050517020608E-11,-0.83,0.));
#3625=CARTESIAN_POINT('Origin',(3.20000000002911,-0.849,3.2));
#3626=CARTESIAN_POINT('',(3.20000000002911,-0.849,3.5));
#3627=CARTESIAN_POINT('Origin',(3.20000000002911,-0.849,3.2));
#3628=CARTESIAN_POINT('',(3.20000000002911,-0.85,3.5));
#3629=CARTESIAN_POINT('',(3.20000000002911,-0.849,3.5));
#3630=CARTESIAN_POINT('Origin',(3.20000000002911,-0.85,3.2));
#3631=CARTESIAN_POINT('Origin',(4.00000000002911,-0.85,4.));
#3632=CARTESIAN_POINT('',(-2.49999999995998,-0.203,4.));
#3633=CARTESIAN_POINT('',(-2.49999999995998,0.,4.));
#3634=CARTESIAN_POINT('',(-2.49999999995998,-0.203,4.));
#3635=CARTESIAN_POINT('',(-3.4999999999709,-0.203,4.));
#3636=CARTESIAN_POINT('',(0.,-0.203,4.));
#3637=CARTESIAN_POINT('',(-3.4999999999709,0.,4.));
#3638=CARTESIAN_POINT('',(-3.4999999999709,-0.203,4.));
#3639=CARTESIAN_POINT('',(-3.9999999999709,0.,4.));
#3640=CARTESIAN_POINT('',(4.00000000002911,0.,4.));
#3641=CARTESIAN_POINT('',(-3.9999999999709,-0.85,4.));
#3642=CARTESIAN_POINT('',(-3.9999999999709,-0.85,4.));
#3643=CARTESIAN_POINT('',(4.00000000002911,-0.85,4.));
#3644=CARTESIAN_POINT('',(4.00000000002911,-0.85,4.));
#3645=CARTESIAN_POINT('',(4.00000000002911,0.,4.));
#3646=CARTESIAN_POINT('',(4.00000000002911,-0.85,4.));
#3647=CARTESIAN_POINT('',(3.50000000004002,0.,4.));
#3648=CARTESIAN_POINT('',(4.00000000002911,0.,4.));
#3649=CARTESIAN_POINT('',(3.50000000004002,-0.203,4.));
#3650=CARTESIAN_POINT('',(3.50000000004002,-0.203,4.));
#3651=CARTESIAN_POINT('',(2.5000000000291,-0.203,4.));
#3652=CARTESIAN_POINT('',(0.,-0.203,4.));
#3653=CARTESIAN_POINT('',(2.5000000000291,0.,4.));
#3654=CARTESIAN_POINT('',(2.5000000000291,-0.203,4.));
#3655=CARTESIAN_POINT('',(1.49999999998181,0.,4.));
#3656=CARTESIAN_POINT('',(4.00000000002911,0.,4.));
#3657=CARTESIAN_POINT('',(1.49999999998181,-0.203,4.));
#3658=CARTESIAN_POINT('',(1.49999999998181,-0.203,4.));
#3659=CARTESIAN_POINT('',(0.500000000029104,-0.203,4.));
#3660=CARTESIAN_POINT('',(0.,-0.203,4.));
#3661=CARTESIAN_POINT('',(0.500000000029104,0.,4.));
#3662=CARTESIAN_POINT('',(0.500000000029104,-0.203,4.));
#3663=CARTESIAN_POINT('',(-0.499999999959981,0.,4.));
#3664=CARTESIAN_POINT('',(4.00000000002911,0.,4.));
#3665=CARTESIAN_POINT('',(-0.499999999959981,-0.203,4.));
#3666=CARTESIAN_POINT('',(-0.499999999959981,-0.203,4.));
#3667=CARTESIAN_POINT('',(-1.4999999999709,-0.203,4.));
#3668=CARTESIAN_POINT('',(0.,-0.203,4.));
#3669=CARTESIAN_POINT('',(-1.4999999999709,0.,4.));
#3670=CARTESIAN_POINT('',(-1.4999999999709,-0.203,4.));
#3671=CARTESIAN_POINT('',(4.00000000002911,0.,4.));
#3672=CARTESIAN_POINT('Origin',(0.,0.,0.));
#3673=CARTESIAN_POINT('',(0.500000000029104,0.,-3.5));
#3674=CARTESIAN_POINT('',(1.5000000000291,0.,-3.5));
#3675=CARTESIAN_POINT('',(0.,0.,-3.5));
#3676=CARTESIAN_POINT('',(0.500000000029104,0.,-4.));
#3677=CARTESIAN_POINT('',(0.500000000029098,0.,8.67361738038879E-16));
#3678=CARTESIAN_POINT('',(-0.499999999970896,0.,-4.));
#3679=CARTESIAN_POINT('',(-3.9999999999709,0.,-4.));
#3680=CARTESIAN_POINT('',(-0.499999999970896,0.,-3.5));
#3681=CARTESIAN_POINT('',(-0.499999999970896,0.,0.));
#3682=CARTESIAN_POINT('',(-1.4999999999709,0.,-3.5));
#3683=CARTESIAN_POINT('',(0.,0.,-3.5));
#3684=CARTESIAN_POINT('',(-1.4999999999709,0.,-4.));
#3685=CARTESIAN_POINT('',(-1.4999999999709,0.,0.));
#3686=CARTESIAN_POINT('',(-2.4999999999709,0.,-4.));
#3687=CARTESIAN_POINT('',(-3.9999999999709,0.,-4.));
#3688=CARTESIAN_POINT('',(-2.4999999999709,0.,-3.5));
#3689=CARTESIAN_POINT('',(-2.4999999999709,0.,0.));
#3690=CARTESIAN_POINT('',(-3.4999999999709,0.,-3.5));
#3691=CARTESIAN_POINT('',(0.,0.,-3.5));
#3692=CARTESIAN_POINT('',(-3.4999999999709,0.,-4.));
#3693=CARTESIAN_POINT('',(-3.4999999999709,0.,0.));
#3694=CARTESIAN_POINT('',(-3.9999999999709,0.,-4.));
#3695=CARTESIAN_POINT('',(-3.9999999999709,0.,-4.));
#3696=CARTESIAN_POINT('',(-3.9999999999709,0.,4.));
#3697=CARTESIAN_POINT('',(-3.4999999999709,0.,3.5));
#3698=CARTESIAN_POINT('',(-3.4999999999709,0.,0.));
#3699=CARTESIAN_POINT('',(-2.49999999995998,0.,3.5));
#3700=CARTESIAN_POINT('',(0.,0.,3.5));
#3701=CARTESIAN_POINT('',(-2.49999999995998,0.,0.));
#3702=CARTESIAN_POINT('',(-1.4999999999709,0.,3.5));
#3703=CARTESIAN_POINT('',(-1.4999999999709,0.,0.));
#3704=CARTESIAN_POINT('',(-0.499999999959981,0.,3.5));
#3705=CARTESIAN_POINT('',(0.,0.,3.5));
#3706=CARTESIAN_POINT('',(-0.499999999959981,0.,0.));
#3707=CARTESIAN_POINT('',(0.500000000029104,0.,3.5));
#3708=CARTESIAN_POINT('',(0.500000000029104,0.,0.));
#3709=CARTESIAN_POINT('',(1.49999999998181,0.,3.5));
#3710=CARTESIAN_POINT('',(0.,0.,3.5));
#3711=CARTESIAN_POINT('',(1.49999999998181,0.,0.));
#3712=CARTESIAN_POINT('',(2.5000000000291,0.,3.5));
#3713=CARTESIAN_POINT('',(2.5000000000291,0.,0.));
#3714=CARTESIAN_POINT('',(3.50000000004002,0.,3.5));
#3715=CARTESIAN_POINT('',(0.,0.,3.5));
#3716=CARTESIAN_POINT('',(3.50000000004002,0.,0.));
#3717=CARTESIAN_POINT('',(4.00000000002911,0.,-4.));
#3718=CARTESIAN_POINT('',(4.00000000002911,0.,-4.));
#3719=CARTESIAN_POINT('',(3.5000000000291,0.,-4.));
#3720=CARTESIAN_POINT('',(-3.9999999999709,0.,-4.));
#3721=CARTESIAN_POINT('',(3.5000000000291,0.,-3.5));
#3722=CARTESIAN_POINT('',(3.5000000000291,0.,0.));
#3723=CARTESIAN_POINT('',(2.5000000000291,0.,-3.5));
#3724=CARTESIAN_POINT('',(0.,0.,-3.5));
#3725=CARTESIAN_POINT('',(2.5000000000291,0.,-4.));
#3726=CARTESIAN_POINT('',(2.5000000000291,0.,4.33680868999249E-15));
#3727=CARTESIAN_POINT('',(1.5000000000291,0.,-4.));
#3728=CARTESIAN_POINT('',(-3.9999999999709,0.,-4.));
#3729=CARTESIAN_POINT('',(1.5000000000291,0.,0.));
#3730=CARTESIAN_POINT('Origin',(-3.9999999999709,-0.85,-4.));
#3731=CARTESIAN_POINT('',(0.500000000029104,-0.203,-4.));
#3732=CARTESIAN_POINT('',(0.500000000029104,-0.203,-4.));
#3733=CARTESIAN_POINT('',(1.5000000000291,-0.203,-4.));
#3734=CARTESIAN_POINT('',(0.,-0.203,-4.));
#3735=CARTESIAN_POINT('',(1.5000000000291,-0.203,-4.));
#3736=CARTESIAN_POINT('',(2.5000000000291,-0.203,-4.));
#3737=CARTESIAN_POINT('',(2.5000000000291,-0.203,-4.));
#3738=CARTESIAN_POINT('',(3.5000000000291,-0.203,-4.));
#3739=CARTESIAN_POINT('',(0.,-0.203,-4.));
#3740=CARTESIAN_POINT('',(3.5000000000291,-0.203,-4.));
#3741=CARTESIAN_POINT('',(4.00000000002911,-0.85,-4.));
#3742=CARTESIAN_POINT('',(4.00000000002911,-0.85,-4.));
#3743=CARTESIAN_POINT('',(-3.9999999999709,-0.85,-4.));
#3744=CARTESIAN_POINT('',(-3.9999999999709,-0.85,-4.));
#3745=CARTESIAN_POINT('',(-3.9999999999709,-0.85,-4.));
#3746=CARTESIAN_POINT('',(-3.4999999999709,-0.203,-4.));
#3747=CARTESIAN_POINT('',(-3.4999999999709,-0.203,-4.));
#3748=CARTESIAN_POINT('',(-2.4999999999709,-0.203,-4.));
#3749=CARTESIAN_POINT('',(0.,-0.203,-4.));
#3750=CARTESIAN_POINT('',(-2.4999999999709,-0.203,-4.));
#3751=CARTESIAN_POINT('',(-1.4999999999709,-0.203,-4.));
#3752=CARTESIAN_POINT('',(-1.4999999999709,-0.203,-4.));
#3753=CARTESIAN_POINT('',(-0.499999999970896,-0.203,-4.));
#3754=CARTESIAN_POINT('',(0.,-0.203,-4.));
#3755=CARTESIAN_POINT('',(-0.499999999970896,-0.203,-4.));
#3756=CARTESIAN_POINT('Origin',(4.00000000002911,-0.85,-4.));
#3757=CARTESIAN_POINT('',(4.00000000002911,-0.85,-4.));
#3758=CARTESIAN_POINT('Origin',(-3.9999999999709,-0.85,4.));
#3759=CARTESIAN_POINT('',(-3.9999999999709,-0.85,4.));
#3760=CARTESIAN_POINT('Origin',(0.,-0.85,0.));
#3761=CARTESIAN_POINT('Origin',(0.,-0.203,-3.5));
#3762=CARTESIAN_POINT('',(3.5000000000291,-0.203,-3.5));
#3763=CARTESIAN_POINT('',(3.5000000000291,-0.203,-3.5));
#3764=CARTESIAN_POINT('',(2.5000000000291,-0.203,-3.5));
#3765=CARTESIAN_POINT('',(0.,-0.203,-3.5));
#3766=CARTESIAN_POINT('',(2.5000000000291,-0.203,-3.5));
#3767=CARTESIAN_POINT('Origin',(2.5000000000291,-0.203,4.33680868999249E-15));
#3768=CARTESIAN_POINT('',(2.5000000000291,-0.203,4.33680868999249E-15));
#3769=CARTESIAN_POINT('Origin',(3.5000000000291,-0.203,0.));
#3770=CARTESIAN_POINT('',(3.5000000000291,-0.203,0.));
#3771=CARTESIAN_POINT('Origin',(0.,-0.203,0.));
#3772=CARTESIAN_POINT('Origin',(3.50000000004002,-0.203,0.));
#3773=CARTESIAN_POINT('',(3.50000000004002,-0.203,3.5));
#3774=CARTESIAN_POINT('',(3.50000000004002,-0.203,3.5));
#3775=CARTESIAN_POINT('',(3.50000000004002,-0.203,0.));
#3776=CARTESIAN_POINT('Origin',(2.5000000000291,-0.203,0.));
#3777=CARTESIAN_POINT('',(2.5000000000291,-0.203,3.5));
#3778=CARTESIAN_POINT('',(2.5000000000291,-0.203,0.));
#3779=CARTESIAN_POINT('',(2.5000000000291,-0.203,3.5));
#3780=CARTESIAN_POINT('Origin',(0.,-0.203,3.5));
#3781=CARTESIAN_POINT('',(0.,-0.203,3.5));
#3782=CARTESIAN_POINT('Origin',(0.,-0.203,0.));
#3783=CARTESIAN_POINT('Origin',(1.49999999998181,-0.203,0.));
#3784=CARTESIAN_POINT('',(1.49999999998181,-0.203,3.5));
#3785=CARTESIAN_POINT('',(1.49999999998181,-0.203,3.5));
#3786=CARTESIAN_POINT('',(1.49999999998181,-0.203,0.));
#3787=CARTESIAN_POINT('Origin',(0.500000000029104,-0.203,0.));
#3788=CARTESIAN_POINT('',(0.500000000029104,-0.203,3.5));
#3789=CARTESIAN_POINT('',(0.500000000029104,-0.203,0.));
#3790=CARTESIAN_POINT('',(0.500000000029104,-0.203,3.5));
#3791=CARTESIAN_POINT('Origin',(0.,-0.203,3.5));
#3792=CARTESIAN_POINT('',(0.,-0.203,3.5));
#3793=CARTESIAN_POINT('Origin',(0.,-0.203,0.));
#3794=CARTESIAN_POINT('Origin',(-0.499999999959981,-0.203,0.));
#3795=CARTESIAN_POINT('',(-0.499999999959981,-0.203,3.5));
#3796=CARTESIAN_POINT('',(-0.499999999959981,-0.203,3.5));
#3797=CARTESIAN_POINT('',(-0.499999999959981,-0.203,0.));
#3798=CARTESIAN_POINT('Origin',(-1.4999999999709,-0.203,0.));
#3799=CARTESIAN_POINT('',(-1.4999999999709,-0.203,3.5));
#3800=CARTESIAN_POINT('',(-1.4999999999709,-0.203,0.));
#3801=CARTESIAN_POINT('',(-1.4999999999709,-0.203,3.5));
#3802=CARTESIAN_POINT('Origin',(0.,-0.203,3.5));
#3803=CARTESIAN_POINT('',(0.,-0.203,3.5));
#3804=CARTESIAN_POINT('Origin',(0.,-0.203,0.));
#3805=CARTESIAN_POINT('Origin',(-2.49999999995998,-0.203,0.));
#3806=CARTESIAN_POINT('',(-2.49999999995998,-0.203,3.5));
#3807=CARTESIAN_POINT('',(-2.49999999995998,-0.203,3.5));
#3808=CARTESIAN_POINT('',(-2.49999999995998,-0.203,0.));
#3809=CARTESIAN_POINT('Origin',(-3.4999999999709,-0.203,0.));
#3810=CARTESIAN_POINT('',(-3.4999999999709,-0.203,3.5));
#3811=CARTESIAN_POINT('',(-3.4999999999709,-0.203,0.));
#3812=CARTESIAN_POINT('',(-3.4999999999709,-0.203,3.5));
#3813=CARTESIAN_POINT('Origin',(0.,-0.203,3.5));
#3814=CARTESIAN_POINT('',(0.,-0.203,3.5));
#3815=CARTESIAN_POINT('Origin',(0.,-0.203,0.));
#3816=CARTESIAN_POINT('Origin',(0.,-0.203,-3.5));
#3817=CARTESIAN_POINT('',(-2.4999999999709,-0.203,-3.5));
#3818=CARTESIAN_POINT('',(-2.4999999999709,-0.203,-3.5));
#3819=CARTESIAN_POINT('',(-3.4999999999709,-0.203,-3.5));
#3820=CARTESIAN_POINT('',(0.,-0.203,-3.5));
#3821=CARTESIAN_POINT('',(-3.4999999999709,-0.203,-3.5));
#3822=CARTESIAN_POINT('Origin',(-3.4999999999709,-0.203,0.));
#3823=CARTESIAN_POINT('',(-3.4999999999709,-0.203,0.));
#3824=CARTESIAN_POINT('Origin',(-2.4999999999709,-0.203,0.));
#3825=CARTESIAN_POINT('',(-2.4999999999709,-0.203,0.));
#3826=CARTESIAN_POINT('Origin',(0.,-0.203,0.));
#3827=CARTESIAN_POINT('Origin',(0.,-0.203,-3.5));
#3828=CARTESIAN_POINT('',(-0.499999999970896,-0.203,-3.5));
#3829=CARTESIAN_POINT('',(-0.499999999970896,-0.203,-3.5));
#3830=CARTESIAN_POINT('',(-1.4999999999709,-0.203,-3.5));
#3831=CARTESIAN_POINT('',(0.,-0.203,-3.5));
#3832=CARTESIAN_POINT('',(-1.4999999999709,-0.203,-3.5));
#3833=CARTESIAN_POINT('Origin',(-1.4999999999709,-0.203,0.));
#3834=CARTESIAN_POINT('',(-1.4999999999709,-0.203,0.));
#3835=CARTESIAN_POINT('Origin',(-0.499999999970896,-0.203,0.));
#3836=CARTESIAN_POINT('',(-0.499999999970896,-0.203,0.));
#3837=CARTESIAN_POINT('Origin',(0.,-0.203,0.));
#3838=CARTESIAN_POINT('Origin',(0.,-0.203,-3.5));
#3839=CARTESIAN_POINT('',(1.5000000000291,-0.203,-3.5));
#3840=CARTESIAN_POINT('',(1.5000000000291,-0.203,-3.5));
#3841=CARTESIAN_POINT('',(0.500000000029104,-0.203,-3.5));
#3842=CARTESIAN_POINT('',(0.,-0.203,-3.5));
#3843=CARTESIAN_POINT('',(0.500000000029104,-0.203,-3.5));
#3844=CARTESIAN_POINT('Origin',(0.500000000029098,-0.203,8.67361738038879E-16));
#3845=CARTESIAN_POINT('',(0.500000000029098,-0.203,8.67361738038879E-16));
#3846=CARTESIAN_POINT('Origin',(1.5000000000291,-0.203,0.));
#3847=CARTESIAN_POINT('',(1.5000000000291,-0.203,0.));
#3848=CARTESIAN_POINT('Origin',(0.,-0.203,0.));
#3849=CARTESIAN_POINT('Origin',(3.20000000002911,-0.849,3.2));
#3850=CARTESIAN_POINT('Origin',(3.06999999997788,0.02,0.700000000000728));
#3851=CARTESIAN_POINT('',(3.26999999997788,0.02,0.700000000000728));
#3852=CARTESIAN_POINT('',(2.86999999997788,0.02,0.700000000000728));
#3853=CARTESIAN_POINT('Origin',(3.06999999997788,0.02,0.700000000000728));
#3854=CARTESIAN_POINT('',(2.86999999997788,0.,0.700000000000728));
#3855=CARTESIAN_POINT('',(2.86999999997788,0.02,0.700000000000728));
#3856=CARTESIAN_POINT('',(3.26999999997788,0.,0.700000000000728));
#3857=CARTESIAN_POINT('Origin',(3.06999999997788,0.,0.700000000000728));
#3858=CARTESIAN_POINT('',(3.26999999997788,0.02,0.700000000000728));
#3859=CARTESIAN_POINT('Origin',(0.,0.02,0.700000000000728));
#3860=CARTESIAN_POINT('',(3.47000000000116,0.,0.700000000000728));
#3861=CARTESIAN_POINT('',(0.,0.,0.700000000000728));
#3862=CARTESIAN_POINT('',(3.47000000000116,0.02,0.700000000000728));
#3863=CARTESIAN_POINT('',(3.47000000000116,0.02,0.700000000000728));
#3864=CARTESIAN_POINT('',(0.,0.02,0.700000000000728));
#3865=CARTESIAN_POINT('Origin',(3.47000000000116,0.02,0.));
#3866=CARTESIAN_POINT('',(3.47000000000116,0.,-2.5));
#3867=CARTESIAN_POINT('',(3.47000000000116,0.,0.));
#3868=CARTESIAN_POINT('',(3.47000000000116,0.02,-2.5));
#3869=CARTESIAN_POINT('',(3.47000000000116,0.02,-2.5));
#3870=CARTESIAN_POINT('',(3.47000000000116,0.02,0.));
#3871=CARTESIAN_POINT('Origin',(0.,0.02,-2.5));
#3872=CARTESIAN_POINT('',(-3.47000000000116,0.,-2.5));
#3873=CARTESIAN_POINT('',(0.,0.,-2.5));
#3874=CARTESIAN_POINT('',(-3.47000000000116,0.02,-2.5));
#3875=CARTESIAN_POINT('',(-3.47000000000116,0.02,-2.5));
#3876=CARTESIAN_POINT('',(0.,0.02,-2.5));
#3877=CARTESIAN_POINT('Origin',(-3.47000000000116,0.02,0.));
#3878=CARTESIAN_POINT('',(-3.47000000000116,0.,0.700000000000728));
#3879=CARTESIAN_POINT('',(-3.47000000000116,0.,0.));
#3880=CARTESIAN_POINT('',(-3.47000000000116,0.02,0.700000000000728));
#3881=CARTESIAN_POINT('',(-3.47000000000116,0.02,0.700000000000728));
#3882=CARTESIAN_POINT('',(-3.47000000000116,0.02,0.));
#3883=CARTESIAN_POINT('Origin',(0.,0.02,0.700000000000728));
#3884=CARTESIAN_POINT('',(0.,0.,0.700000000000728));
#3885=CARTESIAN_POINT('',(0.,0.02,0.700000000000728));
#3886=CARTESIAN_POINT('Origin',(0.,0.02,0.));
#3887=CARTESIAN_POINT('Origin',(0.,0.,0.));
#3888=UNCERTAINTY_MEASURE_WITH_UNIT(LENGTH_MEASURE(0.01),#3892,
'DISTANCE_ACCURACY_VALUE',
'Maximum model space distance between geometric entities at asserted c
onnectivities');
#3889=UNCERTAINTY_MEASURE_WITH_UNIT(LENGTH_MEASURE(0.01),#3892,
'DISTANCE_ACCURACY_VALUE',
'Maximum model space distance between geometric entities at asserted c
onnectivities');
#3890=(
GEOMETRIC_REPRESENTATION_CONTEXT(3)
GLOBAL_UNCERTAINTY_ASSIGNED_CONTEXT((#3888))
GLOBAL_UNIT_ASSIGNED_CONTEXT((#3892,#3894,#3895))
REPRESENTATION_CONTEXT('','3D')
);
#3891=(
GEOMETRIC_REPRESENTATION_CONTEXT(3)
GLOBAL_UNCERTAINTY_ASSIGNED_CONTEXT((#3889))
GLOBAL_UNIT_ASSIGNED_CONTEXT((#3892,#3894,#3895))
REPRESENTATION_CONTEXT('','3D')
);
#3892=(
LENGTH_UNIT()
NAMED_UNIT(*)
SI_UNIT(.MILLI.,.METRE.)
);
#3893=(
LENGTH_UNIT()
NAMED_UNIT(*)
SI_UNIT($,.METRE.)
);
#3894=(
NAMED_UNIT(*)
PLANE_ANGLE_UNIT()
SI_UNIT($,.RADIAN.)
);
#3895=(
NAMED_UNIT(*)
SI_UNIT($,.STERADIAN.)
SOLID_ANGLE_UNIT()
);
#3896=SHAPE_DEFINITION_REPRESENTATION(#3897,#3898);
#3897=PRODUCT_DEFINITION_SHAPE('',$,#3900);
#3898=SHAPE_REPRESENTATION('',(#2364),#3890);
#3899=PRODUCT_DEFINITION_CONTEXT('part definition',#3904,'design');
#3900=PRODUCT_DEFINITION('(Unsaved)','(Unsaved)',#3901,#3899);
#3901=PRODUCT_DEFINITION_FORMATION('',$,#3906);
#3902=PRODUCT_RELATED_PRODUCT_CATEGORY('(Unsaved)','(Unsaved)',(#3906));
#3903=APPLICATION_PROTOCOL_DEFINITION('international standard',
'automotive_design',2009,#3904);
#3904=APPLICATION_CONTEXT(
'Core Data for Automotive Mechanical Design Process');
#3905=PRODUCT_CONTEXT('part definition',#3904,'mechanical');
#3906=PRODUCT('(Unsaved)','(Unsaved)',$,(#3905));
#3907=PRESENTATION_STYLE_ASSIGNMENT((#3912));
#3908=PRESENTATION_STYLE_ASSIGNMENT((#3913));
#3909=PRESENTATION_STYLE_ASSIGNMENT((#3914));
#3910=PRESENTATION_STYLE_ASSIGNMENT((#3915));
#3911=PRESENTATION_STYLE_ASSIGNMENT((#3916));
#3912=SURFACE_STYLE_USAGE(.BOTH.,#3917);
#3913=SURFACE_STYLE_USAGE(.BOTH.,#3918);
#3914=SURFACE_STYLE_USAGE(.BOTH.,#3919);
#3915=SURFACE_STYLE_USAGE(.BOTH.,#3920);
#3916=SURFACE_STYLE_USAGE(.BOTH.,#3921);
#3917=SURFACE_SIDE_STYLE('',(#3922));
#3918=SURFACE_SIDE_STYLE('',(#3923));
#3919=SURFACE_SIDE_STYLE('',(#3924));
#3920=SURFACE_SIDE_STYLE('',(#3925));
#3921=SURFACE_SIDE_STYLE('',(#3926));
#3922=SURFACE_STYLE_FILL_AREA(#3927);
#3923=SURFACE_STYLE_FILL_AREA(#3928);
#3924=SURFACE_STYLE_FILL_AREA(#3929);
#3925=SURFACE_STYLE_FILL_AREA(#3930);
#3926=SURFACE_STYLE_FILL_AREA(#3931);
#3927=FILL_AREA_STYLE('Steel - Satin',(#3932));
#3928=FILL_AREA_STYLE('Opaque(202,209,238)',(#3933));
#3929=FILL_AREA_STYLE('Opaque(154,158,154)',(#3934));
#3930=FILL_AREA_STYLE('Opaque(209,209,209)',(#3935));
#3931=FILL_AREA_STYLE('Opaque(40,40,40)',(#3936));
#3932=FILL_AREA_STYLE_COLOUR('Steel - Satin',#3937);
#3933=FILL_AREA_STYLE_COLOUR('Opaque(202,209,238)',#3938);
#3934=FILL_AREA_STYLE_COLOUR('Opaque(154,158,154)',#3939);
#3935=FILL_AREA_STYLE_COLOUR('Opaque(209,209,209)',#3940);
#3936=FILL_AREA_STYLE_COLOUR('Opaque(40,40,40)',#3941);
#3937=COLOUR_RGB('Steel - Satin',0.627450980392157,0.627450980392157,0.627450980392157);
#3938=COLOUR_RGB('Opaque(202,209,238)',0.792156862745098,0.819607843137255,
0.933333333333333);
#3939=COLOUR_RGB('Opaque(154,158,154)',0.603921568627451,0.619607843137255,
0.603921568627451);
#3940=COLOUR_RGB('Opaque(209,209,209)',0.819607843137255,0.819607843137255,
0.819607843137255);
#3941=COLOUR_RGB('Opaque(40,40,40)',0.156862745098039,0.156862745098039,
0.156862745098039);
ENDSEC;
END-ISO-10303-21;
