ISO-10303-21;
HEADER;
FILE_DESCRIPTION (( 'STEP AP214' ),
    '1' );
FILE_NAME ('TO-247.STEP',
    '2018-01-25T01:31:25',
    ( 'Admin' ),
    ( 'MyPc' ),
    'SwSTEP 2.0',
    'SolidWorks 2015',
    '' );
FILE_SCHEMA (( 'AUTOMOTIVE_DESIGN' ));
ENDSEC;

DATA;
#1 = EDGE_CURVE ( 'NONE', #2276, #2124, #1811, .T. ) ;
#2 = ORIENTED_EDGE ( 'NONE', *, *, #2311, .T. ) ;
#3 = LINE ( 'NONE', #1275, #2775 ) ;
#4 = CARTESIAN_POINT ( 'NONE',  ( 2.680000000000000200, 2.729999999999996000, 23.69999999999999900 ) ) ;
#5 = DIRECTION ( 'NONE',  ( -0.0000000000000000000, -0.0000000000000000000, 1.000000000000000000 ) ) ;
#6 = MANIFOLD_SOLID_BREP ( 'Metal', #1524 ) ;
#7 = LINE ( 'NONE', #983, #2284 ) ;
#8 = CARTESIAN_POINT ( 'NONE',  ( -0.6000000000000007500, 0.3099999999999999400, 0.0000000000000000000 ) ) ;
#9 = DIRECTION ( 'NONE',  ( -6.853363922158687900E-018, -0.0000000000000000000, 1.000000000000000000 ) ) ;
#10 = LINE ( 'NONE', #1244, #1160 ) ;
#11 = CARTESIAN_POINT ( 'NONE',  ( 5.439999999999999500, 2.230000000000001300, 1.135236343831798700E-015 ) ) ;
#12 = ORIENTED_EDGE ( 'NONE', *, *, #2698, .F. ) ;
#13 = LINE ( 'NONE', #2029, #1162 ) ;
#14 = EDGE_CURVE ( 'NONE', #823, #570, #1041, .T. ) ;
#15 = CARTESIAN_POINT ( 'NONE',  ( 11.95999999999999900, 0.3099999999999999400, 4.999999999999999100 ) ) ;
#16 = CARTESIAN_POINT ( 'NONE',  ( -4.656510405996542100, -0.3099999999999999400, -3.674829257741677700 ) ) ;
#17 = VECTOR ( 'NONE', #1220, 1000.000000000000000 ) ;
#18 = VECTOR ( 'NONE', #2388, 1000.000000000000000 ) ;
#19 = LINE ( 'NONE', #1319, #1740 ) ;
#20 = DIRECTION ( 'NONE',  ( -0.0000000000000000000, -1.000000000000000000, 0.0000000000000000000 ) ) ;
#21 = CARTESIAN_POINT ( 'NONE',  ( -1.375000000000000400, 2.229999999999996400, 22.19999999999999600 ) ) ;
#22 = ADVANCED_FACE ( 'NONE', ( #2174 ), #2187, .F. ) ;
#23 = ORIENTED_EDGE ( 'NONE', *, *, #1845, .F. ) ;
#24 = AXIS2_PLACEMENT_3D ( 'NONE', #64, #1202, #1154 ) ;
#25 = CARTESIAN_POINT ( 'NONE',  ( 9.799999999999998900, 0.3099999999999999400, 0.0000000000000000000 ) ) ;
#26 = ORIENTED_EDGE ( 'NONE', *, *, #1531, .F. ) ;
#27 = CARTESIAN_POINT ( 'NONE',  ( -0.8749999999999990000, 2.229999999999998200, 15.75000000000000000 ) ) ;
#28 =( GEOMETRIC_REPRESENTATION_CONTEXT ( 3 ) GLOBAL_UNCERTAINTY_ASSIGNED_CONTEXT ( ( #1165 ) ) GLOBAL_UNIT_ASSIGNED_CONTEXT ( ( #2514, #2732, #2746 ) ) REPRESENTATION_CONTEXT ( 'NONE', 'WORKASPACE' ) );
#29 = ORIENTED_EDGE ( 'NONE', *, *, #2543, .T. ) ;
#30 = CARTESIAN_POINT ( 'NONE',  ( -0.2360297657337962500, 0.3099999999999999400, -15.81999999999998600 ) ) ;
#31 = EDGE_CURVE ( 'NONE', #870, #364, #1609, .T. ) ;
#32 = VERTEX_POINT ( 'NONE', #2195 ) ;
#33 = AXIS2_PLACEMENT_3D ( 'NONE', #455, #1201, #293 ) ;
#34 = CLOSED_SHELL ( 'NONE', ( #525, #822, #258, #935, #166, #551, #322, #748, #342, #1281, #851, #263, #197, #856, #294, #861, #1332, #757, #644, #274, #727, #307, #162, #833, #210, #767, #279, #750, #665, #994, #835, #1856, #321, #341, #193, #419, #778 ) ) ;
#35 = CARTESIAN_POINT ( 'NONE',  ( 3.810000000000000100, -0.3099999999999999400, 4.271650877084878700 ) ) ;
#36 = ORIENTED_EDGE ( 'NONE', *, *, #1058, .T. ) ;
#37 = LINE ( 'NONE', #862, #1762 ) ;
#38 = DIRECTION ( 'NONE',  ( 0.0000000000000000000, 0.0000000000000000000, 1.000000000000000000 ) ) ;
#39 = EDGE_CURVE ( 'NONE', #250, #2444, #352, .T. ) ;
#40 = EDGE_CURVE ( 'NONE', #65, #2099, #968, .T. ) ;
#41 = CARTESIAN_POINT ( 'NONE',  ( 11.75499999999999900, 2.229999999999998200, 15.75000000000000000 ) ) ;
#42 =( NAMED_UNIT ( * ) PLANE_ANGLE_UNIT ( ) SI_UNIT ( $, .RADIAN. ) );
#43 = LINE ( 'NONE', #41, #803 ) ;
#44 = VERTEX_POINT ( 'NONE', #2073 ) ;
#45 = VECTOR ( 'NONE', #465, 1000.000000000000000 ) ;
#46 = DIRECTION ( 'NONE',  ( -1.000000000000000000, 0.0000000000000000000, 0.0000000000000000000 ) ) ;
#47 = FACE_OUTER_BOUND ( 'NONE', #2339, .T. ) ;
#48 = CARTESIAN_POINT ( 'NONE',  ( 9.254999999999984800, 2.229999999999996400, 23.70000000000000300 ) ) ;
#49 = ORIENTED_EDGE ( 'NONE', *, *, #2727, .F. ) ;
#50 = ORIENTED_EDGE ( 'NONE', *, *, #1, .T. ) ;
#51 = LINE ( 'NONE', #1915, #2814 ) ;
#52 = FACE_OUTER_BOUND ( 'NONE', #2730, .T. ) ;
#53 = EDGE_LOOP ( 'NONE', ( #477, #117, #1075, #1349 ) ) ;
#54 = CARTESIAN_POINT ( 'NONE',  ( -0.6000000000000007500, -0.3099999999999999400, 0.0000000000000000000 ) ) ;
#55 = LINE ( 'NONE', #1741, #587 ) ;
#56 = ORIENTED_EDGE ( 'NONE', *, *, #695, .F. ) ;
#57 = ORIENTED_EDGE ( 'NONE', *, *, #1, .F. ) ;
#58 = ORIENTED_EDGE ( 'NONE', *, *, #2056, .T. ) ;
#59 = ORIENTED_EDGE ( 'NONE', *, *, #1699, .T. ) ;
#60 = ORIENTED_EDGE ( 'NONE', *, *, #923, .F. ) ;
#61 = DIRECTION ( 'NONE',  ( 0.0000000000000000000, 0.0000000000000000000, -1.000000000000000000 ) ) ;
#62 = CARTESIAN_POINT ( 'NONE',  ( -2.113999129280922200, -2.290000000000001800, 24.12082825540070600 ) ) ;
#63 = VERTEX_POINT ( 'NONE', #2062 ) ;
#64 = CARTESIAN_POINT ( 'NONE',  ( -0.6000000000000007500, 0.3099999999999999400, 0.0000000000000000000 ) ) ;
#65 = VERTEX_POINT ( 'NONE', #2126 ) ;
#66 = EDGE_CURVE ( 'NONE', #2702, #984, #272, .T. ) ;
#67 = VECTOR ( 'NONE', #1103, 1000.000000000000000 ) ;
#68 = DIRECTION ( 'NONE',  ( 0.0000000000000000000, 0.9993908270190957600, -0.03489949670249832500 ) ) ;
#69 = ORIENTED_EDGE ( 'NONE', *, *, #1590, .T. ) ;
#70 = CARTESIAN_POINT ( 'NONE',  ( 12.25500000000000300, 2.729999999999998600, 16.25000000000000700 ) ) ;
#71 = VECTOR ( 'NONE', #5, 1000.000000000000000 ) ;
#72 = EDGE_CURVE ( 'NONE', #1274, #1892, #2049, .T. ) ;
#73 = DIRECTION ( 'NONE',  ( -0.0000000000000000000, 1.000000000000000000, 1.651256423655872500E-016 ) ) ;
#74 = VECTOR ( 'NONE', #1563, 1000.000000000000000 ) ;
#75 = ORIENTED_EDGE ( 'NONE', *, *, #977, .T. ) ;
#76 = FACE_OUTER_BOUND ( 'NONE', #1277, .T. ) ;
#77 = LINE ( 'NONE', #1007, #481 ) ;
#78 = DIRECTION ( 'NONE',  ( 0.0000000000000000000, 0.0000000000000000000, 1.000000000000000000 ) ) ;
#79 = FACE_OUTER_BOUND ( 'NONE', #448, .T. ) ;
#80 = ORIENTED_EDGE ( 'NONE', *, *, #1744, .T. ) ;
#81 = AXIS2_PLACEMENT_3D ( 'NONE', #690, #703, #712 ) ;
#82 = DIRECTION ( 'NONE',  ( -1.000000000000000000, 0.0000000000000000000, 0.0000000000000000000 ) ) ;
#83 = VECTOR ( 'NONE', #1788, 1000.000000000000000 ) ;
#84 = EDGE_LOOP ( 'NONE', ( #1850, #60, #2332, #1209 ) ) ;
#85 = PLANE ( 'NONE',  #2296 ) ;
#86 = PRESENTATION_STYLE_ASSIGNMENT (( #635 ) ) ;
#87 = DIRECTION ( 'NONE',  ( 0.08702245882270023800, -0.9946712558582769800, -0.05528276792789650600 ) ) ;
#88 = ORIENTED_EDGE ( 'NONE', *, *, #970, .F. ) ;
#89 = VERTEX_POINT ( 'NONE', #21 ) ;
#90 = ORIENTED_EDGE ( 'NONE', *, *, #2191, .F. ) ;
#91 = MANIFOLD_SOLID_BREP ( 'Lead1', #732 ) ;
#92 = EDGE_CURVE ( 'NONE', #145, #2203, #2327, .T. ) ;
#93 = CARTESIAN_POINT ( 'NONE',  ( 12.25500000000000300, 2.729999999999997800, 16.25000000000000700 ) ) ;
#94 = EDGE_LOOP ( 'NONE', ( #2151, #2701, #466, #1080 ) ) ;
#95 = ORIENTED_EDGE ( 'NONE', *, *, #1187, .T. ) ;
#96 = CARTESIAN_POINT ( 'NONE',  ( 5.439999999999999500, 2.729999999999999500, 15.43500000000035600 ) ) ;
#97 = ORIENTED_EDGE ( 'NONE', *, *, #2407, .F. ) ;
#98 = VERTEX_POINT ( 'NONE', #1781 ) ;
#99 = SURFACE_STYLE_FILL_AREA ( #2459 ) ;
#100 = ORIENTED_EDGE ( 'NONE', *, *, #1610, .T. ) ;
#101 = DIRECTION ( 'NONE',  ( -1.000000000000000000, 0.0000000000000000000, -0.0000000000000000000 ) ) ;
#102 = VECTOR ( 'NONE', #1280, 1000.000000000000000 ) ;
#103 =( LENGTH_UNIT ( ) NAMED_UNIT ( * ) SI_UNIT ( .MILLI., .METRE. ) );
#104 = ORIENTED_EDGE ( 'NONE', *, *, #450, .T. ) ;
#105 = EDGE_CURVE ( 'NONE', #533, #1914, #55, .T. ) ;
#106 = VERTEX_POINT ( 'NONE', #1815 ) ;
#107 = DIRECTION ( 'NONE',  ( -0.0000000000000000000, -1.000000000000000000, -0.0000000000000000000 ) ) ;
#108 = DIRECTION ( 'NONE',  ( 1.000000000000000000, -0.0000000000000000000, 0.0000000000000000000 ) ) ;
#109 = LINE ( 'NONE', #309, #1262 ) ;
#110 = DIRECTION ( 'NONE',  ( 0.4472135954999604300, 1.476928644631087000E-016, -0.8944271909999146300 ) ) ;
#111 = AXIS2_PLACEMENT_3D ( 'NONE', #2192, #2069, #2063 ) ;
#112 = ORIENTED_EDGE ( 'NONE', *, *, #2817, .T. ) ;
#113 = LINE ( 'NONE', #2826, #2390 ) ;
#114 = VECTOR ( 'NONE', #1099, 1000.000000000000000 ) ;
#115 = PRODUCT_RELATED_PRODUCT_CATEGORY ( 'part', '', ( #2755 ) ) ;
#116 = DIRECTION ( 'NONE',  ( 0.0000000000000000000, -0.9993908270190957600, 0.03489949670249832500 ) ) ;
#117 = ORIENTED_EDGE ( 'NONE', *, *, #2264, .F. ) ;
#118 = ORIENTED_EDGE ( 'NONE', *, *, #1259, .T. ) ;
#119 = LINE ( 'NONE', #2138, #1840 ) ;
#120 = LINE ( 'NONE', #2471, #1841 ) ;
#121 = VERTEX_POINT ( 'NONE', #2041 ) ;
#122 = VERTEX_POINT ( 'NONE', #1822 ) ;
#123 = CARTESIAN_POINT ( 'NONE',  ( 6.940000000000000400, 0.3099999999999999400, 0.0000000000000000000 ) ) ;
#124 = EDGE_CURVE ( 'NONE', #984, #995, #1709, .T. ) ;
#125 = DIRECTION ( 'NONE',  ( 7.583490605363089200E-016, -1.651256423655872500E-016, 1.000000000000000000 ) ) ;
#126 = ORIENTED_EDGE ( 'NONE', *, *, #1112, .T. ) ;
#127 = ORIENTED_EDGE ( 'NONE', *, *, #40, .T. ) ;
#128 = ORIENTED_EDGE ( 'NONE', *, *, #14, .T. ) ;
#129 = AXIS2_PLACEMENT_3D ( 'NONE', #2634, #2245, #2226 ) ;
#130 = CARTESIAN_POINT ( 'NONE',  ( -2.113999129280922200, -2.290000000000001800, 24.12082825540070600 ) ) ;
#131 = EDGE_CURVE ( 'NONE', #1219, #2793, #2113, .T. ) ;
#132 = CARTESIAN_POINT ( 'NONE',  ( 1.625000000000022600, 2.229999999999996400, 23.69999999999999900 ) ) ;
#133 = EDGE_LOOP ( 'NONE', ( #1062, #2432, #2201, #2005 ) ) ;
#134 = ORIENTED_EDGE ( 'NONE', *, *, #251, .T. ) ;
#135 = LINE ( 'NONE', #2582, #2413 ) ;
#136 = DIRECTION ( 'NONE',  ( -1.000000000000000000, 0.0000000000000000000, 0.0000000000000000000 ) ) ;
#137 = ORIENTED_EDGE ( 'NONE', *, *, #583, .F. ) ;
#138 = DIRECTION ( 'NONE',  ( 1.734723475976807100E-016, 0.0000000000000000000, 1.000000000000000000 ) ) ;
#139 = VECTOR ( 'NONE', #960, 1000.000000000000000 ) ;
#140 = ORIENTED_EDGE ( 'NONE', *, *, #2540, .F. ) ;
#141 = LINE ( 'NONE', #1579, #1801 ) ;
#142 = EDGE_CURVE ( 'NONE', #1463, #402, #520, .T. ) ;
#143 = DIRECTION ( 'NONE',  ( -1.000000000000000000, -0.0000000000000000000, -0.0000000000000000000 ) ) ;
#144 = ADVANCED_FACE ( 'NONE', ( #2816 ), #1547, .F. ) ;
#145 = VERTEX_POINT ( 'NONE', #1649 ) ;
#146 = VECTOR ( 'NONE', #1294, 1000.000000000000000 ) ;
#147 = DIRECTION ( 'NONE',  ( 1.000000000000000000, -0.0000000000000000000, 0.0000000000000000000 ) ) ;
#148 = VECTOR ( 'NONE', #1430, 1000.000000000000000 ) ;
#149 = DIRECTION ( 'NONE',  ( -0.3420201433256659400, -0.0000000000000000000, 0.9396926207859094300 ) ) ;
#150 = FACE_BOUND ( 'NONE', #234, .T. ) ;
#151 = ORIENTED_EDGE ( 'NONE', *, *, #1793, .F. ) ;
#152 = FACE_OUTER_BOUND ( 'NONE', #776, .T. ) ;
#153 = ORIENTED_EDGE ( 'NONE', *, *, #2594, .F. ) ;
#154 = ADVANCED_FACE ( 'NONE', ( #1644 ), #1561, .T. ) ;
#155 = ORIENTED_EDGE ( 'NONE', *, *, #2045, .F. ) ;
#156 = CARTESIAN_POINT ( 'NONE',  ( 5.439999999999999500, 2.729999999999999500, 15.43500000000035600 ) ) ;
#157 = CARTESIAN_POINT ( 'NONE',  ( 2.680000000000000200, 2.729999999999996000, 23.69999999999999900 ) ) ;
#158 = ORIENTED_EDGE ( 'NONE', *, *, #863, .T. ) ;
#159 = DIRECTION ( 'NONE',  ( 0.0000000000000000000, 0.0000000000000000000, -1.000000000000000000 ) ) ;
#160 = EDGE_LOOP ( 'NONE', ( #1879, #2433, #155, #1379 ) ) ;
#161 = EDGE_CURVE ( 'NONE', #490, #423, #1068, .T. ) ;
#162 = ADVANCED_FACE ( 'NONE', ( #454 ), #753, .F. ) ;
#163 = DIRECTION ( 'NONE',  ( 0.0000000000000000000, -1.000000000000000000, -1.651256423655872500E-016 ) ) ;
#164 = CARTESIAN_POINT ( 'NONE',  ( 0.2360297657337953900, 0.3099999999999999400, -15.81999999999998600 ) ) ;
#165 = PLANE ( 'NONE',  #1114 ) ;
#166 = ADVANCED_FACE ( 'NONE', ( #2692 ), #1323, .T. ) ;
#167 = CARTESIAN_POINT ( 'NONE',  ( -1.375000000000000400, 2.729999999999996000, 23.69999999999999900 ) ) ;
#168 = ORIENTED_EDGE ( 'NONE', *, *, #547, .F. ) ;
#169 = PLANE ( 'NONE',  #1249 ) ;
#170 = ADVANCED_FACE ( 'NONE', ( #1572 ), #1585, .T. ) ;
#171 = ORIENTED_EDGE ( 'NONE', *, *, #1690, .T. ) ;
#172 = LINE ( 'NONE', #2335, #102 ) ;
#173 = ADVANCED_FACE ( 'NONE', ( #1005 ), #1146, .F. ) ;
#174 = CARTESIAN_POINT ( 'NONE',  ( -1.375000000000000400, 2.229999999999996400, 23.69999999999999900 ) ) ;
#175 = EDGE_CURVE ( 'NONE', #771, #656, #2627, .T. ) ;
#176 = AXIS2_PLACEMENT_3D ( 'NONE', #2244, #1181, #281 ) ;
#177 = ADVANCED_FACE ( 'NONE', ( #380 ), #1010, .T. ) ;
#178 = DIRECTION ( 'NONE',  ( 0.0000000000000000000, 0.0000000000000000000, -1.000000000000000000 ) ) ;
#179 = VECTOR ( 'NONE', #698, 1000.000000000000000 ) ;
#180 = AXIS2_PLACEMENT_3D ( 'NONE', #627, #1245, #1228 ) ;
#181 = DIRECTION ( 'NONE',  ( -1.000000000000000000, 0.0000000000000000000, 0.0000000000000000000 ) ) ;
#182 = EDGE_LOOP ( 'NONE', ( #1955, #2019, #1983, #1415 ) ) ;
#183 = LINE ( 'NONE', #2438, #1339 ) ;
#184 = FACE_OUTER_BOUND ( 'NONE', #286, .T. ) ;
#185 = EDGE_CURVE ( 'NONE', #1628, #194, #932, .T. ) ;
#186 = ADVANCED_FACE ( 'NONE', ( #2082 ), #881, .F. ) ;
#187 = ORIENTED_EDGE ( 'NONE', *, *, #606, .T. ) ;
#188 = LINE ( 'NONE', #572, #812 ) ;
#189 = EDGE_CURVE ( 'NONE', #2086, #984, #2558, .T. ) ;
#190 = CARTESIAN_POINT ( 'NONE',  ( -1.375000000000000400, 2.229999999999996400, 22.19999999999999600 ) ) ;
#191 = FACE_OUTER_BOUND ( 'NONE', #1350, .T. ) ;
#192 = ORIENTED_EDGE ( 'NONE', *, *, #2362, .F. ) ;
#193 = ADVANCED_FACE ( 'NONE', ( #2010 ), #745, .F. ) ;
#194 = VERTEX_POINT ( 'NONE', #761 ) ;
#195 = ORIENTED_EDGE ( 'NONE', *, *, #863, .F. ) ;
#196 = PLANE ( 'NONE',  #805 ) ;
#197 = ADVANCED_FACE ( 'NONE', ( #1509 ), #568, .T. ) ;
#198 = ORIENTED_EDGE ( 'NONE', *, *, #463, .T. ) ;
#199 = ORIENTED_EDGE ( 'NONE', *, *, #217, .F. ) ;
#200 = CARTESIAN_POINT ( 'NONE',  ( 11.89250226729481400, 0.6699999999999991500, 17.63888421323079200 ) ) ;
#201 = DIRECTION ( 'NONE',  ( -0.8944271909999143000, -3.703064071072930800E-017, 0.4472135954999612600 ) ) ;
#202 = CARTESIAN_POINT ( 'NONE',  ( 12.25500000000000300, 2.729999999999996000, 23.69999999999999900 ) ) ;
#203 = ADVANCED_FACE ( 'NONE', ( #1442 ), #1376, .F. ) ;
#204 = ADVANCED_FACE ( 'NONE', ( #853 ), #2623, .T. ) ;
#205 = ADVANCED_FACE ( 'NONE', ( #2500 ), #790, .F. ) ;
#206 = ORIENTED_EDGE ( 'NONE', *, *, #815, .F. ) ;
#207 = CARTESIAN_POINT ( 'NONE',  ( 9.255000000000022100, 2.729999999999996000, 23.70000000000000300 ) ) ;
#208 = AXIS2_PLACEMENT_3D ( 'NONE', #2690, #1984, #1965 ) ;
#209 = VECTOR ( 'NONE', #616, 1000.000000000000000 ) ;
#210 = ADVANCED_FACE ( 'NONE', ( #774 ), #2242, .F. ) ;
#211 = ORIENTED_EDGE ( 'NONE', *, *, #2557, .T. ) ;
#212 = PLANE ( 'NONE',  #521 ) ;
#213 = LINE ( 'NONE', #2127, #604 ) ;
#214 = LINE ( 'NONE', #1124, #1295 ) ;
#215 = ADVANCED_FACE ( 'NONE', ( #152 ), #2068, .F. ) ;
#216 = CARTESIAN_POINT ( 'NONE',  ( 3.810000000000000100, 0.2838413223459549900, 4.250913481152563700 ) ) ;
#217 = EDGE_CURVE ( 'NONE', #1544, #44, #1876, .T. ) ;
#218 = DIRECTION ( 'NONE',  ( -0.0000000000000000000, -2.328487887217193300E-016, 1.000000000000000000 ) ) ;
#219 = ORIENTED_EDGE ( 'NONE', *, *, #1443, .T. ) ;
#220 = VECTOR ( 'NONE', #1989, 1000.000000000000100 ) ;
#221 = ADVANCED_FACE ( 'NONE', ( #1942 ), #1828, .F. ) ;
#222 = DIRECTION ( 'NONE',  ( 1.000000000000000000, -0.0000000000000000000, -7.583490605363089200E-016 ) ) ;
#223 = ORIENTED_EDGE ( 'NONE', *, *, #620, .F. ) ;
#224 = VECTOR ( 'NONE', #2508, 1000.000000000000000 ) ;
#225 = AXIS2_PLACEMENT_3D ( 'NONE', #1674, #1943, #1449 ) ;
#226 = CARTESIAN_POINT ( 'NONE',  ( 10.28000000000000100, 0.3099999999999999400, -14.81999999999999300 ) ) ;
#227 = LINE ( 'NONE', #1497, #148 ) ;
#228 = ADVANCED_FACE ( 'NONE', ( #1307 ), #2364, .F. ) ;
#229 = FACE_OUTER_BOUND ( 'NONE', #2809, .T. ) ;
#230 = VECTOR ( 'NONE', #959, 1000.000000000000000 ) ;
#231 = CARTESIAN_POINT ( 'NONE',  ( 3.810000000000000100, -0.3099999999999999400, 0.0000000000000000000 ) ) ;
#232 = EDGE_CURVE ( 'NONE', #2766, #1423, #2359, .T. ) ;
#233 = CARTESIAN_POINT ( 'NONE',  ( -0.6535200140218655500, -3.433185930672626900, 17.41083351383197100 ) ) ;
#234 = EDGE_LOOP ( 'NONE', ( #2223, #2774 ) ) ;
#235 = EDGE_LOOP ( 'NONE', ( #1174, #26, #628, #1813, #2365, #90 ) ) ;
#236 = ORIENTED_EDGE ( 'NONE', *, *, #1123, .T. ) ;
#237 = DIRECTION ( 'NONE',  ( 0.0000000000000000000, -2.328487887217193300E-016, 1.000000000000000000 ) ) ;
#238 = ADVANCED_FACE ( 'NONE', ( #2428, #1808 ), #982, .F. ) ;
#239 = ORIENTED_EDGE ( 'NONE', *, *, #2597, .F. ) ;
#240 = PLANE ( 'NONE',  #1168 ) ;
#241 = ORIENTED_EDGE ( 'NONE', *, *, #886, .F. ) ;
#242 = CARTESIAN_POINT ( 'NONE',  ( 10.64397023426620200, 0.3099999999999999400, -15.82000000000000000 ) ) ;
#243 = DIRECTION ( 'NONE',  ( 0.0000000000000000000, 1.000000000000000000, 0.0000000000000000000 ) ) ;
#244 = ADVANCED_FACE ( 'NONE', ( #1236 ), #2678, .F. ) ;
#245 = ORIENTED_EDGE ( 'NONE', *, *, #559, .F. ) ;
#246 = DIRECTION ( 'NONE',  ( 2.168404344971021900E-015, 0.0000000000000000000, -1.000000000000000000 ) ) ;
#247 = ORIENTED_EDGE ( 'NONE', *, *, #437, .F. ) ;
#248 = DIRECTION ( 'NONE',  ( 0.0000000000000000000, 1.000000000000000000, 1.651256423655872500E-016 ) ) ;
#249 = DIRECTION ( 'NONE',  ( -3.291323755655327900E-032, -1.000000000000000000, -2.020644701196047800E-016 ) ) ;
#250 = VERTEX_POINT ( 'NONE', #2770 ) ;
#251 = EDGE_CURVE ( 'NONE', #1705, #1051, #19, .T. ) ;
#252 = ORIENTED_EDGE ( 'NONE', *, *, #1048, .T. ) ;
#253 = LINE ( 'NONE', #1530, #2027 ) ;
#254 = CARTESIAN_POINT ( 'NONE',  ( -0.8749999999999990000, 2.229999999999998200, 15.75000000000000000 ) ) ;
#255 = VERTEX_POINT ( 'NONE', #70 ) ;
#256 = CARTESIAN_POINT ( 'NONE',  ( 12.25500000000000300, 2.229999999999996400, 22.19999999999999600 ) ) ;
#257 = CARTESIAN_POINT ( 'NONE',  ( -1.375000000000000400, 2.729999999999996000, 23.69999999999999900 ) ) ;
#258 = ADVANCED_FACE ( 'NONE', ( #1169 ), #2650, .F. ) ;
#259 = LINE ( 'NONE', #1055, #2521 ) ;
#260 = ADVANCED_FACE ( 'NONE', ( #2294 ), #573, .F. ) ;
#261 = LINE ( 'NONE', #1002, #2524 ) ;
#262 = EDGE_LOOP ( 'NONE', ( #1229, #75, #410, #1802 ) ) ;
#263 = ADVANCED_FACE ( 'NONE', ( #557 ), #2519, .T. ) ;
#264 = EDGE_CURVE ( 'NONE', #857, #780, #2238, .T. ) ;
#265 = VECTOR ( 'NONE', #2605, 1000.000000000000100 ) ;
#266 = ORIENTED_EDGE ( 'NONE', *, *, #283, .T. ) ;
#267 = ORIENTED_EDGE ( 'NONE', *, *, #1898, .T. ) ;
#268 = FACE_OUTER_BOUND ( 'NONE', #53, .T. ) ;
#269 = FACE_OUTER_BOUND ( 'NONE', #2790, .T. ) ;
#270 = ADVANCED_FACE ( 'NONE', ( #1675 ), #1999, .T. ) ;
#271 = PLANE ( 'NONE',  #871 ) ;
#272 = LINE ( 'NONE', #1429, #2536 ) ;
#273 = ORIENTED_EDGE ( 'NONE', *, *, #348, .F. ) ;
#274 = ADVANCED_FACE ( 'NONE', ( #618 ), #1542, .F. ) ;
#275 = AXIS2_PLACEMENT_3D ( 'NONE', #1567, #1522, #1682 ) ;
#276 = CARTESIAN_POINT ( 'NONE',  ( 4.839999999999999900, 0.3099999999999999400, -14.81999999999999000 ) ) ;
#277 = EDGE_LOOP ( 'NONE', ( #57, #1067, #895, #192 ) ) ;
#278 = EDGE_LOOP ( 'NONE', ( #1483, #198, #1982, #385, #2051 ) ) ;
#279 = ADVANCED_FACE ( 'NONE', ( #484 ), #1577, .F. ) ;
#280 = PLANE ( 'NONE',  #1432 ) ;
#281 = DIRECTION ( 'NONE',  ( 0.0000000000000000000, -1.143560727180241500E-013, -1.000000000000000000 ) ) ;
#282 = CARTESIAN_POINT ( 'NONE',  ( 6.940000000000000400, 0.3099999999999999400, 0.0000000000000000000 ) ) ;
#283 = EDGE_CURVE ( 'NONE', #1256, #1242, #2172, .T. ) ;
#284 = AXIS2_PLACEMENT_3D ( 'NONE', #1027, #781, #755 ) ;
#285 = ADVANCED_FACE ( 'NONE', ( #2723, #1100 ), #1374, .T. ) ;
#286 = EDGE_LOOP ( 'NONE', ( #1638, #2341, #1584, #2061 ) ) ;
#287 = ORIENTED_EDGE ( 'NONE', *, *, #175, .T. ) ;
#288 = ADVANCED_FACE ( 'NONE', ( #1607 ), #784, .F. ) ;
#289 = ADVANCED_FACE ( 'NONE', ( #2657 ), #460, .T. ) ;
#290 = VECTOR ( 'NONE', #143, 1000.000000000000000 ) ;
#291 = CARTESIAN_POINT ( 'NONE',  ( 11.75499999999999900, 2.229999999999998200, 15.75000000000000000 ) ) ;
#292 = ORIENTED_EDGE ( 'NONE', *, *, #397, .T. ) ;
#293 = DIRECTION ( 'NONE',  ( -0.7071067811865431300, 0.0000000000000000000, -0.7071067811865517900 ) ) ;
#294 = ADVANCED_FACE ( 'NONE', ( #2112 ), #2305, .F. ) ;
#295 = DIRECTION ( 'NONE',  ( 0.0000000000000000000, 0.0000000000000000000, 1.000000000000000000 ) ) ;
#296 = EDGE_CURVE ( 'NONE', #1914, #1343, #965, .T. ) ;
#297 = DIRECTION ( 'NONE',  ( 0.0000000000000000000, 2.328487887217193300E-016, -1.000000000000000000 ) ) ;
#298 = ADVANCED_FACE ( 'NONE', ( #1540 ), #2483, .F. ) ;
#299 = VECTOR ( 'NONE', #1592, 1000.000000000000000 ) ;
#300 = CARTESIAN_POINT ( 'NONE',  ( 5.439999999999999500, 2.229999999999998200, 19.03000000000036000 ) ) ;
#301 = DIRECTION ( 'NONE',  ( -1.000000000000000000, 0.0000000000000000000, 0.0000000000000000000 ) ) ;
#302 = ORIENTED_EDGE ( 'NONE', *, *, #66, .F. ) ;
#303 = LINE ( 'NONE', #2034, #763 ) ;
#304 = PLANE ( 'NONE',  #1143 ) ;
#305 = ORIENTED_EDGE ( 'NONE', *, *, #649, .T. ) ;
#306 = VECTOR ( 'NONE', #379, 1000.000000000000100 ) ;
#307 = ADVANCED_FACE ( 'NONE', ( #1040 ), #2173, .F. ) ;
#308 = VECTOR ( 'NONE', #1654, 1000.000000000000000 ) ;
#309 = CARTESIAN_POINT ( 'NONE',  ( 12.25500000000000300, 2.729999999999996000, 23.69999999999999900 ) ) ;
#310 = ADVANCED_FACE ( 'NONE', ( #2046 ), #2293, .F. ) ;
#311 = VECTOR ( 'NONE', #1120, 1000.000000000000000 ) ;
#312 = DIRECTION ( 'NONE',  ( 0.9902680687415708100, 0.1391731009600621900, 3.417134877965882200E-017 ) ) ;
#313 = CARTESIAN_POINT ( 'NONE',  ( 13.40999999999999800, -2.500000000000000000, 0.0000000000000000000 ) ) ;
#314 = EDGE_LOOP ( 'NONE', ( #2306, #565, #1889, #1718 ) ) ;
#315 = EDGE_LOOP ( 'NONE', ( #2166, #305, #514, #1132 ) ) ;
#316 = EDGE_CURVE ( 'NONE', #2175, #603, #898, .T. ) ;
#317 = ORIENTED_EDGE ( 'NONE', *, *, #1418, .T. ) ;
#318 = VERTEX_POINT ( 'NONE', #1071 ) ;
#319 = ADVANCED_FACE ( 'NONE', ( #2533 ), #412, .F. ) ;
#320 = DIRECTION ( 'NONE',  ( 0.0000000000000000000, -1.000000000000000000, -0.0000000000000000000 ) ) ;
#321 = ADVANCED_FACE ( 'NONE', ( #269 ), #1107, .T. ) ;
#322 = ADVANCED_FACE ( 'NONE', ( #1976 ), #1727, .F. ) ;
#323 = DIRECTION ( 'NONE',  ( -1.000000000000000000, 0.0000000000000000000, 0.0000000000000000000 ) ) ;
#324 = ORIENTED_EDGE ( 'NONE', *, *, #2042, .T. ) ;
#325 = ADVANCED_FACE ( 'NONE', ( #1408 ), #169, .F. ) ;
#326 = CARTESIAN_POINT ( 'NONE',  ( 1.080000000000000300, 0.3099999999999999400, 4.999999999999994700 ) ) ;
#327 = ORIENTED_EDGE ( 'NONE', *, *, #1664, .T. ) ;
#328 = EDGE_CURVE ( 'NONE', #903, #2372, #1477, .T. ) ;
#329 = ORIENTED_EDGE ( 'NONE', *, *, #1012, .T. ) ;
#330 = COLOUR_RGB ( '',1.000000000000000000, 1.000000000000000000, 1.000000000000000000 ) ;
#331 = DIRECTION ( 'NONE',  ( -0.3420201433256652200, -0.0000000000000000000, -0.9396926207859096500 ) ) ;
#332 =( NAMED_UNIT ( * ) PLANE_ANGLE_UNIT ( ) SI_UNIT ( $, .RADIAN. ) );
#333 = ADVANCED_FACE ( 'NONE', ( #191 ), #2763, .F. ) ;
#334 = ORIENTED_EDGE ( 'NONE', *, *, #1979, .F. ) ;
#335 = FILL_AREA_STYLE ('',( #1234 ) ) ;
#336 = LINE ( 'NONE', #1867, #1462 ) ;
#337 = CARTESIAN_POINT ( 'NONE',  ( 11.63353582325805900, -2.290000000000000000, 17.47437056904653800 ) ) ;
#338 = DIRECTION ( 'NONE',  ( 1.000000000000000000, -0.0000000000000000000, -7.583490605363089200E-016 ) ) ;
#339 = AXIS2_PLACEMENT_3D ( 'NONE', #1136, #2811, #1257 ) ;
#340 = VECTOR ( 'NONE', #1998, 999.9999999999998900 ) ;
#341 = ADVANCED_FACE ( 'NONE', ( #2464 ), #2714, .T. ) ;
#342 = ADVANCED_FACE ( 'NONE', ( #1345 ), #2716, .F. ) ;
#343 = ORIENTED_EDGE ( 'NONE', *, *, #66, .T. ) ;
#344 = CARTESIAN_POINT ( 'NONE',  ( 13.40999999999999800, 2.729999999999998600, 25.12806321484698600 ) ) ;
#345 = FACE_OUTER_BOUND ( 'NONE', #84, .T. ) ;
#346 = ORIENTED_EDGE ( 'NONE', *, *, #1243, .T. ) ;
#347 = CIRCLE ( 'NONE', #2125, 3.595000000000002900 ) ;
#348 = EDGE_CURVE ( 'NONE', #2797, #1414, #2591, .T. ) ;
#349 = AXIS2_PLACEMENT_3D ( 'NONE', #390, #46, #38 ) ;
#350 = DIRECTION ( 'NONE',  ( 1.000000000000000000, 0.0000000000000000000, -7.583490605363089200E-016 ) ) ;
#351 = VECTOR ( 'NONE', #1144, 1000.000000000000000 ) ;
#352 = LINE ( 'NONE', #2149, #2592 ) ;
#353 = CARTESIAN_POINT ( 'NONE',  ( 2.680000000000000600, 2.229999999999996400, 23.50000000000000000 ) ) ;
#354 = ORIENTED_EDGE ( 'NONE', *, *, #1833, .F. ) ;
#355 = ORIENTED_EDGE ( 'NONE', *, *, #899, .T. ) ;
#356 = CARTESIAN_POINT ( 'NONE',  ( 10.64397023426620200, -0.3099999999999999400, -15.82000000000000000 ) ) ;
#357 = ORIENTED_EDGE ( 'NONE', *, *, #359, .T. ) ;
#358 = PLANE ( 'NONE',  #836 ) ;
#359 = EDGE_CURVE ( 'NONE', #1862, #2573, #120, .T. ) ;
#360 = EDGE_CURVE ( 'NONE', #2093, #1274, #1910, .T. ) ;
#361 = CARTESIAN_POINT ( 'NONE',  ( 12.25500000000000300, 2.229999999999996400, 23.69999999999999900 ) ) ;
#362 = VERTEX_POINT ( 'NONE', #2696 ) ;
#363 = CARTESIAN_POINT ( 'NONE',  ( 13.40999999999999800, 0.6745622767978820500, 25.19984068178358100 ) ) ;
#364 = VERTEX_POINT ( 'NONE', #2409 ) ;
#365 = ORIENTED_EDGE ( 'NONE', *, *, #503, .F. ) ;
#366 = CARTESIAN_POINT ( 'NONE',  ( 0.5999999999999989800, -0.3099999999999999400, 0.0000000000000000000 ) ) ;
#367 = CARTESIAN_POINT ( 'NONE',  ( 12.25500000000000300, 2.229999999999996400, 23.69999999999999900 ) ) ;
#368 = VECTOR ( 'NONE', #2326, 1000.000000000000000 ) ;
#369 = CARTESIAN_POINT ( 'NONE',  ( -0.6000000000000007500, 0.3099999999999999400, 0.0000000000000000000 ) ) ;
#370 = LINE ( 'NONE', #1574, #2488 ) ;
#371 = DIRECTION ( 'NONE',  ( 0.0000000000000000000, 0.0000000000000000000, 1.000000000000000000 ) ) ;
#372 = CARTESIAN_POINT ( 'NONE',  ( 5.439999999999999500, 0.3099999999999999400, 0.0000000000000000000 ) ) ;
#373 = ORIENTED_EDGE ( 'NONE', *, *, #749, .T. ) ;
#374 = VECTOR ( 'NONE', #2406, 1000.000000000000000 ) ;
#375 = ORIENTED_EDGE ( 'NONE', *, *, #1676, .F. ) ;
#376 = VECTOR ( 'NONE', #564, 1000.000000000000100 ) ;
#377 = VECTOR ( 'NONE', #1757, 1000.000000000000000 ) ;
#378 = ADVANCED_FACE ( 'NONE', ( #52 ), #2366, .F. ) ;
#379 = DIRECTION ( 'NONE',  ( 6.054097622959901500E-018, -0.9993908270190957600, 0.03489949670249832500 ) ) ;
#380 = FACE_OUTER_BOUND ( 'NONE', #2468, .T. ) ;
#381 = EDGE_CURVE ( 'NONE', #1482, #1139, #1775, .T. ) ;
#382 = CARTESIAN_POINT ( 'NONE',  ( 4.839999999999999900, 0.3099999999999999400, -15.82000000000000000 ) ) ;
#383 = CARTESIAN_POINT ( 'NONE',  ( -2.479405299507107900, 0.3099999999998338500, 4.250000000000000000 ) ) ;
#384 = VERTEX_POINT ( 'NONE', #2312 ) ;
#385 = ORIENTED_EDGE ( 'NONE', *, *, #1676, .T. ) ;
#386 = PLANE ( 'NONE',  #798 ) ;
#387 = VERTEX_POINT ( 'NONE', #2745 ) ;
#388 = EDGE_CURVE ( 'NONE', #122, #1161, #2398, .T. ) ;
#389 = ADVANCED_FACE ( 'NONE', ( #1199 ), #1716, .F. ) ;
#390 = CARTESIAN_POINT ( 'NONE',  ( 11.48000000000000000, 0.3099999999999999400, 0.0000000000000000000 ) ) ;
#391 = ORIENTED_EDGE ( 'NONE', *, *, #2261, .F. ) ;
#392 = ORIENTED_EDGE ( 'NONE', *, *, #2045, .T. ) ;
#393 = LINE ( 'NONE', #256, #948 ) ;
#394 = CARTESIAN_POINT ( 'NONE',  ( 6.039999999999998300, 0.3099999999999999400, -15.82000000000000000 ) ) ;
#395 = CARTESIAN_POINT ( 'NONE',  ( 10.28000000000000100, 0.3099999999999999400, 0.0000000000000000000 ) ) ;
#396 = ORIENTED_EDGE ( 'NONE', *, *, #360, .F. ) ;
#397 = EDGE_CURVE ( 'NONE', #1242, #1927, #586, .T. ) ;
#398 = AXIS2_PLACEMENT_3D ( 'NONE', #919, #634, #518 ) ;
#399 = VECTOR ( 'NONE', #2219, 1000.000000000000000 ) ;
#400 = PRODUCT_DEFINITION_SHAPE ( 'NONE', 'NONE',  #2669 ) ;
#401 = PLANE ( 'NONE',  #1206 ) ;
#402 = VERTEX_POINT ( 'NONE', #2185 ) ;
#403 = STYLED_ITEM ( 'NONE', ( #86 ), #6 ) ;
#404 = PLANE ( 'NONE',  #33 ) ;
#405 = LINE ( 'NONE', #2253, #1030 ) ;
#406 = DIRECTION ( 'NONE',  ( 0.1309283462266585500, 0.9316035905430253300, 0.3390759770931809400 ) ) ;
#407 = EDGE_CURVE ( 'NONE', #1852, #823, #1273, .T. ) ;
#408 = ADVANCED_FACE ( 'NONE', ( #516 ), #2105, .F. ) ;
#409 = CARTESIAN_POINT ( 'NONE',  ( 0.2360297657337953900, 0.3099999999999999400, -15.81999999999998600 ) ) ;
#410 = ORIENTED_EDGE ( 'NONE', *, *, #2738, .F. ) ;
#411 = PRESENTATION_STYLE_ASSIGNMENT (( #1251 ) ) ;
#412 = PLANE ( 'NONE',  #339 ) ;
#413 = FACE_OUTER_BOUND ( 'NONE', #2037, .T. ) ;
#414 = UNCERTAINTY_MEASURE_WITH_UNIT (LENGTH_MEASURE( 1.000000000000000100E-005 ), #1410, 'distance_accuracy_value', 'NONE');
#415 = ORIENTED_EDGE ( 'NONE', *, *, #2231, .T. ) ;
#416 = LINE ( 'NONE', #344, #896 ) ;
#417 = CARTESIAN_POINT ( 'NONE',  ( 13.40999999999999800, 2.730000000000000400, 4.376826825864969600 ) ) ;
#418 = VECTOR ( 'NONE', #2269, 1000.000000000000000 ) ;
#419 = ADVANCED_FACE ( 'NONE', ( #1135 ), #1906, .F. ) ;
#420 = VECTOR ( 'NONE', #2206, 1000.000000000000000 ) ;
#421 = DIRECTION ( 'NONE',  ( 0.0000000000000000000, 2.412689118187490600E-016, -1.000000000000000000 ) ) ;
#422 = CARTESIAN_POINT ( 'NONE',  ( -1.375000000000000400, 2.729999999999997800, 16.25000000000000700 ) ) ;
#423 = VERTEX_POINT ( 'NONE', #2100 ) ;
#424 = CARTESIAN_POINT ( 'NONE',  ( -0.8749999999999990000, 2.729999999999997800, 15.75000000000000000 ) ) ;
#425 = VERTEX_POINT ( 'NONE', #1896 ) ;
#426 = ORIENTED_EDGE ( 'NONE', *, *, #2285, .F. ) ;
#427 = EDGE_CURVE ( 'NONE', #32, #1279, #1641, .T. ) ;
#428 = DIRECTION ( 'NONE',  ( 1.000000000000000000, 0.0000000000000000000, -1.734723475976807100E-016 ) ) ;
#429 = ORIENTED_EDGE ( 'NONE', *, *, #2373, .F. ) ;
#430 = CARTESIAN_POINT ( 'NONE',  ( 12.25500000000000300, 2.229999999999996400, 23.69999999999999900 ) ) ;
#431 = AXIS2_PLACEMENT_3D ( 'NONE', #1932, #2081, #323 ) ;
#432 = CARTESIAN_POINT ( 'NONE',  ( 5.440000000000000400, -0.3099999999999999400, 4.271650877084878700 ) ) ;
#433 = ORIENTED_EDGE ( 'NONE', *, *, #2394, .F. ) ;
#434 = DIRECTION ( 'NONE',  ( 0.0000000000000000000, 2.412689118187490600E-016, -1.000000000000000000 ) ) ;
#435 = VECTOR ( 'NONE', #2344, 1000.000000000000000 ) ;
#436 = CARTESIAN_POINT ( 'NONE',  ( 12.25500000000000300, 2.229999999999996400, 22.19999999999999600 ) ) ;
#437 = EDGE_CURVE ( 'NONE', #2766, #576, #1065, .T. ) ;
#438 = AXIS2_PLACEMENT_3D ( 'NONE', #1224, #1066, #1050 ) ;
#439 = DIRECTION ( 'NONE',  ( -0.7071067811865431300, -0.0000000000000000000, -0.7071067811865517900 ) ) ;
#440 = CARTESIAN_POINT ( 'NONE',  ( 11.48000000000000000, -0.3099999999999999400, -14.81999999999999300 ) ) ;
#441 = VECTOR ( 'NONE', #2801, 1000.000000000000000 ) ;
#442 = AXIS2_PLACEMENT_3D ( 'NONE', #2216, #2234, #1621 ) ;
#443 = PLANE ( 'NONE',  #349 ) ;
#444 = ORIENTED_EDGE ( 'NONE', *, *, #2455, .F. ) ;
#445 = VECTOR ( 'NONE', #2639, 1000.000000000000100 ) ;
#446 = VECTOR ( 'NONE', #1076, 1000.000000000000000 ) ;
#447 = DIRECTION ( 'NONE',  ( 0.0000000000000000000, 0.0000000000000000000, -1.000000000000000000 ) ) ;
#448 = EDGE_LOOP ( 'NONE', ( #884, #2482, #2030, #2095 ) ) ;
#449 = CIRCLE ( 'NONE', #438, 1.790000000000000000 ) ;
#450 = EDGE_CURVE ( 'NONE', #2372, #612, #2689, .T. ) ;
#451 = VECTOR ( 'NONE', #1887, 1000.000000000000000 ) ;
#452 = CARTESIAN_POINT ( 'NONE',  ( 11.75499999999999900, 2.229999999999998200, 15.75000000000000000 ) ) ;
#453 = VERTEX_POINT ( 'NONE', #1855 ) ;
#454 = FACE_OUTER_BOUND ( 'NONE', #2670, .T. ) ;
#455 = CARTESIAN_POINT ( 'NONE',  ( 11.75499999999999900, 2.229999999999998200, 15.75000000000000000 ) ) ;
#456 = EDGE_LOOP ( 'NONE', ( #1812, #88 ) ) ;
#457 = EDGE_LOOP ( 'NONE', ( #2620, #329, #1153, #429 ) ) ;
#458 = CARTESIAN_POINT ( 'NONE',  ( 11.11602976573379900, 0.3099999999999999400, -15.82000000000000000 ) ) ;
#459 = CARTESIAN_POINT ( 'NONE',  ( 13.40999999999999800, 2.729999999999998600, 25.12806321484697800 ) ) ;
#460 = PLANE ( 'NONE',  #1732 ) ;
#461 = DIRECTION ( 'NONE',  ( 0.1390899611223674900, 0.9896764980577140700, -0.03456026486006554000 ) ) ;
#462 = CARTESIAN_POINT ( 'NONE',  ( 5.439999999999999500, 2.729999999999998600, 19.03000000000036000 ) ) ;
#463 = EDGE_CURVE ( 'NONE', #1279, #1582, #2142, .T. ) ;
#464 = ORIENTED_EDGE ( 'NONE', *, *, #1451, .T. ) ;
#465 = DIRECTION ( 'NONE',  ( -1.734723475976807100E-016, -0.0000000000000000000, -1.000000000000000000 ) ) ;
#466 = ORIENTED_EDGE ( 'NONE', *, *, #2565, .F. ) ;
#467 = CARTESIAN_POINT ( 'NONE',  ( 11.48000000000000000, 0.3099999999999999400, 0.0000000000000000000 ) ) ;
#468 = LINE ( 'NONE', #16, #2703 ) ;
#469 = ORIENTED_EDGE ( 'NONE', *, *, #2407, .T. ) ;
#470 = LINE ( 'NONE', #30, #2159 ) ;
#471 = CARTESIAN_POINT ( 'NONE',  ( 10.27999999999999800, 0.3099999999999999400, -14.81999999999998600 ) ) ;
#472 = DIRECTION ( 'NONE',  ( -3.291323755655327900E-032, -1.000000000000000000, -2.020644701196047800E-016 ) ) ;
#473 = LINE ( 'NONE', #915, #2161 ) ;
#474 = EDGE_CURVE ( 'NONE', #1628, #1139, #2205, .T. ) ;
#475 = CARTESIAN_POINT ( 'NONE',  ( 12.25500000000000300, 2.729999999999996000, 23.69999999999999900 ) ) ;
#476 = SURFACE_STYLE_FILL_AREA ( #951 ) ;
#477 = ORIENTED_EDGE ( 'NONE', *, *, #2647, .F. ) ;
#478 = VECTOR ( 'NONE', #248, 1000.000000000000000 ) ;
#479 = EDGE_LOOP ( 'NONE', ( #1587, #2156, #1085, #949 ) ) ;
#480 = DIRECTION ( 'NONE',  ( 0.0000000000000000000, 2.412689118187490600E-016, -1.000000000000000000 ) ) ;
#481 = VECTOR ( 'NONE', #990, 1000.000000000000000 ) ;
#482 = ORIENTED_EDGE ( 'NONE', *, *, #1417, .T. ) ;
#483 = LINE ( 'NONE', #1831, #2237 ) ;
#484 = FACE_OUTER_BOUND ( 'NONE', #693, .T. ) ;
#485 = CARTESIAN_POINT ( 'NONE',  ( 1.080000000000000300, 0.3099999999999999400, 4.249999999999997300 ) ) ;
#486 = CARTESIAN_POINT ( 'NONE',  ( 0.0000000000000000000, 0.0000000000000000000, 0.0000000000000000000 ) ) ;
#487 = CARTESIAN_POINT ( 'NONE',  ( -2.530000000000000200, 0.6700000000000659900, 21.63869158020905200 ) ) ;
#488 = AXIS2_PLACEMENT_3D ( 'NONE', #2480, #2671, #246 ) ;
#489 = ORIENTED_EDGE ( 'NONE', *, *, #1752, .F. ) ;
#490 = VERTEX_POINT ( 'NONE', #1687 ) ;
#491 = DIRECTION ( 'NONE',  ( 2.168404344971021900E-015, 0.0000000000000000000, -1.000000000000000000 ) ) ;
#492 = FILL_AREA_STYLE ('',( #2711 ) ) ;
#493 = EDGE_CURVE ( 'NONE', #533, #1210, #930, .T. ) ;
#494 = DIRECTION ( 'NONE',  ( -0.0000000000000000000, 1.000000000000000000, 1.651256423655872500E-016 ) ) ;
#495 =( NAMED_UNIT ( * ) SI_UNIT ( $, .STERADIAN. ) SOLID_ANGLE_UNIT ( ) );
#496 = DIRECTION ( 'NONE',  ( -1.000000000000000000, -0.0000000000000000000, -0.0000000000000000000 ) ) ;
#497 = AXIS2_PLACEMENT_3D ( 'NONE', #1222, #1253, #1191 ) ;
#498 = VERTEX_POINT ( 'NONE', #1866 ) ;
#499 = CARTESIAN_POINT ( 'NONE',  ( -0.6000000000000007500, 0.3099999999999999400, -14.81999999999997000 ) ) ;
#500 = ORIENTED_EDGE ( 'NONE', *, *, #1451, .F. ) ;
#501 = EDGE_CURVE ( 'NONE', #1019, #1946, #1506, .T. ) ;
#502 = ORIENTED_EDGE ( 'NONE', *, *, #2182, .F. ) ;
#503 = EDGE_CURVE ( 'NONE', #318, #384, #2556, .T. ) ;
#504 = VECTOR ( 'NONE', #2122, 1000.000000000000000 ) ;
#505 = DIRECTION ( 'NONE',  ( 1.000000000000000000, 0.0000000000000000000, 0.0000000000000000000 ) ) ;
#506 = DIRECTION ( 'NONE',  ( 1.000000000000000000, -3.580591603716704200E-031, 2.168404344971021900E-015 ) ) ;
#507 = DIRECTION ( 'NONE',  ( 1.000000000000000000, 0.0000000000000000000, -0.0000000000000000000 ) ) ;
#508 = VECTOR ( 'NONE', #2624, 1000.000000000000000 ) ;
#509 = CARTESIAN_POINT ( 'NONE',  ( 3.810000000000000100, 0.3099999999999999400, 4.249999999999997300 ) ) ;
#510 = ORIENTED_EDGE ( 'NONE', *, *, #2249, .F. ) ;
#511 = VECTOR ( 'NONE', #68, 1000.000000000000100 ) ;
#512 = CARTESIAN_POINT ( 'NONE',  ( -4.802999999999962600, 2.729999999999996900, 20.48600000000001800 ) ) ;
#513 = VECTOR ( 'NONE', #2608, 1000.000000000000000 ) ;
#514 = ORIENTED_EDGE ( 'NONE', *, *, #2683, .F. ) ;
#515 = VECTOR ( 'NONE', #2087, 1000.000000000000000 ) ;
#516 = FACE_OUTER_BOUND ( 'NONE', #1503, .T. ) ;
#517 = DIRECTION ( 'NONE',  ( 0.7071067811865519000, 1.167614614644906900E-016, -0.7071067811865432400 ) ) ;
#518 = DIRECTION ( 'NONE',  ( -0.0000000000000000000, -1.000000000000000000, 0.0000000000000000000 ) ) ;
#519 = DIRECTION ( 'NONE',  ( 0.0000000000000000000, -0.0000000000000000000, 1.000000000000000000 ) ) ;
#520 = LINE ( 'NONE', #1596, #2757 ) ;
#521 = AXIS2_PLACEMENT_3D ( 'NONE', #585, #147, #178 ) ;
#522 = ORIENTED_EDGE ( 'NONE', *, *, #1518, .F. ) ;
#523 = ORIENTED_EDGE ( 'NONE', *, *, #2633, .F. ) ;
#524 = ORIENTED_EDGE ( 'NONE', *, *, #2274, .T. ) ;
#525 = ADVANCED_FACE ( 'NONE', ( #849 ), #768, .F. ) ;
#526 = PLANE ( 'NONE',  #2612 ) ;
#527 = EDGE_CURVE ( 'NONE', #2525, #1219, #2079, .T. ) ;
#528 = CARTESIAN_POINT ( 'NONE',  ( -1.012502267294815800, 0.6699999999999991500, 17.63888421323079200 ) ) ;
#529 = CARTESIAN_POINT ( 'NONE',  ( 7.680000000000000600, 2.729999999999996000, 23.70000000000000300 ) ) ;
#530 = ORIENTED_EDGE ( 'NONE', *, *, #594, .T. ) ;
#531 = VERTEX_POINT ( 'NONE', #1481 ) ;
#532 = AXIS2_PLACEMENT_3D ( 'NONE', #1516, #1351, #1241 ) ;
#533 = VERTEX_POINT ( 'NONE', #1468 ) ;
#534 = LINE ( 'NONE', #475, #1586 ) ;
#535 = CARTESIAN_POINT ( 'NONE',  ( 11.91000000000000000, 0.8700000000000014400, 21.35999999999999900 ) ) ;
#536 = ORIENTED_EDGE ( 'NONE', *, *, #2795, .T. ) ;
#537 = DIRECTION ( 'NONE',  ( -0.08702245882270023800, -0.9946712558582769800, 0.05528276792789550700 ) ) ;
#538 = LINE ( 'NONE', #8, #2517 ) ;
#539 = EDGE_CURVE ( 'NONE', #44, #2099, #227, .T. ) ;
#540 = ADVANCED_FACE ( 'NONE', ( #2496 ), #2704, .T. ) ;
#541 = DIRECTION ( 'NONE',  ( -0.0000000000000000000, -0.0000000000000000000, 1.000000000000000000 ) ) ;
#542 = DIRECTION ( 'NONE',  ( 0.0000000000000000000, 3.068496714581615200E-016, -1.000000000000000000 ) ) ;
#543 = VECTOR ( 'NONE', #2048, 1000.000000000000000 ) ;
#544 = CARTESIAN_POINT ( 'NONE',  ( 7.680000000000000600, 2.729999999999996000, 23.70000000000000300 ) ) ;
#545 = CARTESIAN_POINT ( 'NONE',  ( 11.91000000000000000, 0.8700000000000001100, 21.35999999999999900 ) ) ;
#546 = LINE ( 'NONE', #1573, #1730 ) ;
#547 = EDGE_CURVE ( 'NONE', #2247, #2766, #1873, .T. ) ;
#548 = EDGE_LOOP ( 'NONE', ( #153, #1679, #1486, #2467 ) ) ;
#549 = VECTOR ( 'NONE', #1954, 1000.000000000000000 ) ;
#550 = LINE ( 'NONE', #1078, #2780 ) ;
#551 = ADVANCED_FACE ( 'NONE', ( #687, #2426 ), #1290, .F. ) ;
#552 = CARTESIAN_POINT ( 'NONE',  ( 1.080000000000000300, 0.3099999999999999400, 4.999999999999994700 ) ) ;
#553 = DIRECTION ( 'NONE',  ( -1.042325246743780200E-019, -1.000000000000000000, -3.068496714581615200E-016 ) ) ;
#554 = DIRECTION ( 'NONE',  ( 0.0000000000000000000, 1.000000000000000000, 1.651256423655872500E-016 ) ) ;
#555 = FACE_OUTER_BOUND ( 'NONE', #894, .T. ) ;
#556 = PRESENTATION_LAYER_ASSIGNMENT (  '', '', ( #403 ) ) ;
#557 = FACE_OUTER_BOUND ( 'NONE', #1936, .T. ) ;
#558 = DIRECTION ( 'NONE',  ( 0.0000000000000000000, -1.000000000000000000, 0.0000000000000000000 ) ) ;
#559 = EDGE_CURVE ( 'NONE', #1151, #947, #2357, .T. ) ;
#560 = EDGE_LOOP ( 'NONE', ( #911, #1490, #464, #1391 ) ) ;
#561 = ORIENTED_EDGE ( 'NONE', *, *, #131, .F. ) ;
#562 = VERTEX_POINT ( 'NONE', #1247 ) ;
#563 = ORIENTED_EDGE ( 'NONE', *, *, #2762, .T. ) ;
#564 = DIRECTION ( 'NONE',  ( 0.3420201433256663300, -0.0000000000000000000, -0.9396926207859093200 ) ) ;
#565 = ORIENTED_EDGE ( 'NONE', *, *, #2308, .T. ) ;
#566 = EDGE_CURVE ( 'NONE', #1370, #364, #1303, .T. ) ;
#567 = ORIENTED_EDGE ( 'NONE', *, *, #92, .F. ) ;
#568 = PLANE ( 'NONE',  #1985 ) ;
#569 = DIRECTION ( 'NONE',  ( -0.0000000000000000000, 1.000000000000000000, 1.651256423655872500E-016 ) ) ;
#570 = VERTEX_POINT ( 'NONE', #773 ) ;
#571 = LINE ( 'NONE', #1923, #2802 ) ;
#572 = CARTESIAN_POINT ( 'NONE',  ( 10.28000000000000100, 0.3099999999999999400, -14.81999999999999300 ) ) ;
#573 = PLANE ( 'NONE',  #2212 ) ;
#574 =( NAMED_UNIT ( * ) SI_UNIT ( $, .STERADIAN. ) SOLID_ANGLE_UNIT ( ) );
#575 = VECTOR ( 'NONE', #2604, 1000.000000000000000 ) ;
#576 = VERTEX_POINT ( 'NONE', #1218 ) ;
#577 = VECTOR ( 'NONE', #981, 1000.000000000000000 ) ;
#578 = CARTESIAN_POINT ( 'NONE',  ( 9.254999999999984800, 2.729999999999996000, 23.69999999999999900 ) ) ;
#579 = FACE_OUTER_BOUND ( 'NONE', #94, .T. ) ;
#580 = CARTESIAN_POINT ( 'NONE',  ( 4.839999999999999900, 0.3099999999999999400, -15.82000000000000000 ) ) ;
#581 = ORIENTED_EDGE ( 'NONE', *, *, #388, .F. ) ;
#582 = VECTOR ( 'NONE', #2713, 1000.000000000000000 ) ;
#583 = EDGE_CURVE ( 'NONE', #255, #2672, #1805, .T. ) ;
#584 = AXIS2_PLACEMENT_3D ( 'NONE', #1006, #605, #615 ) ;
#585 = CARTESIAN_POINT ( 'NONE',  ( 12.25500000000000300, 2.229999999999996400, 23.69999999999999900 ) ) ;
#586 = LINE ( 'NONE', #1869, #2265 ) ;
#587 = VECTOR ( 'NONE', #1728, 1000.000000000000100 ) ;
#588 = EDGE_LOOP ( 'NONE', ( #2262, #2813, #581, #1197 ) ) ;
#589 = ORIENTED_EDGE ( 'NONE', *, *, #1243, .F. ) ;
#590 = EDGE_LOOP ( 'NONE', ( #1106, #1681, #2240, #561 ) ) ;
#591 = CARTESIAN_POINT ( 'NONE',  ( 9.799999999999998900, 0.3099999999999999400, 0.0000000000000000000 ) ) ;
#592 = ORIENTED_EDGE ( 'NONE', *, *, #1418, .F. ) ;
#593 = DIRECTION ( 'NONE',  ( 0.08702245882270022400, 0.9946712558582769800, 0.05528276792789612500 ) ) ;
#594 = EDGE_CURVE ( 'NONE', #1343, #933, #614, .T. ) ;
#595 = CARTESIAN_POINT ( 'NONE',  ( -0.6000000000000007500, 0.3099999999999999400, 0.0000000000000000000 ) ) ;
#596 =( LENGTH_UNIT ( ) NAMED_UNIT ( * ) SI_UNIT ( .MILLI., .METRE. ) );
#597 = ORIENTED_EDGE ( 'NONE', *, *, #648, .T. ) ;
#598 = ORIENTED_EDGE ( 'NONE', *, *, #817, .T. ) ;
#599 = DIRECTION ( 'NONE',  ( -0.7071067811865431300, 0.0000000000000000000, -0.7071067811865517900 ) ) ;
#600 = ORIENTED_EDGE ( 'NONE', *, *, #2274, .F. ) ;
#601 = LINE ( 'NONE', #639, #1152 ) ;
#602 = CARTESIAN_POINT ( 'NONE',  ( 13.40999999999999800, 0.6700000000000710900, 7.783341384525582300E-016 ) ) ;
#603 = VERTEX_POINT ( 'NONE', #1053 ) ;
#604 = VECTOR ( 'NONE', #107, 1000.000000000000000 ) ;
#605 = DIRECTION ( 'NONE',  ( 1.000000000000000000, -1.591374046096303400E-032, 9.637352644315594000E-017 ) ) ;
#606 = EDGE_CURVE ( 'NONE', #2530, #2026, #550, .T. ) ;
#607 = CARTESIAN_POINT ( 'NONE',  ( 2.680000000000000600, 2.229999999999996400, 23.50000000000000000 ) ) ;
#608 = LINE ( 'NONE', #2036, #2347 ) ;
#609 = CARTESIAN_POINT ( 'NONE',  ( 11.75499999999999900, 2.229999999999998200, 15.75000000000000000 ) ) ;
#610 = CARTESIAN_POINT ( 'NONE',  ( 3.272999999999943300, 2.729999999999998600, 24.52399999999998300 ) ) ;
#611 = VECTOR ( 'NONE', #1425, 1000.000000000000000 ) ;
#612 = VERTEX_POINT ( 'NONE', #1087 ) ;
#613 = VECTOR ( 'NONE', #1299, 1000.000000000000000 ) ;
#614 = LINE ( 'NONE', #1200, #17 ) ;
#615 = DIRECTION ( 'NONE',  ( 9.637352644315594000E-017, 0.0000000000000000000, -1.000000000000000000 ) ) ;
#616 = DIRECTION ( 'NONE',  ( -0.0000000000000000000, -0.0000000000000000000, 1.000000000000000000 ) ) ;
#617 = LINE ( 'NONE', #2425, #18 ) ;
#618 = FACE_OUTER_BOUND ( 'NONE', #901, .T. ) ;
#619 = DIRECTION ( 'NONE',  ( 1.000000000000000000, -0.0000000000000000000, 6.853363922158688600E-018 ) ) ;
#620 = EDGE_CURVE ( 'NONE', #106, #857, #1164, .T. ) ;
#621 = DIRECTION ( 'NONE',  ( 0.0000000000000000000, 8.280302987956124700E-017, -1.000000000000000000 ) ) ;
#622 = DIRECTION ( 'NONE',  ( 0.9902680687415708100, -0.1391731009600621900, -3.417134877965882200E-017 ) ) ;
#623 = SURFACE_STYLE_FILL_AREA ( #492 ) ;
#624 = UNCERTAINTY_MEASURE_WITH_UNIT (LENGTH_MEASURE( 1.000000000000000100E-005 ), #1616, 'distance_accuracy_value', 'NONE');
#625 = ORIENTED_EDGE ( 'NONE', *, *, #1924, .F. ) ;
#626 = PLANE ( 'NONE',  #2584 ) ;
#627 = CARTESIAN_POINT ( 'NONE',  ( 13.40999999999999800, 0.6700000000000710900, 7.783341384525582300E-016 ) ) ;
#628 = ORIENTED_EDGE ( 'NONE', *, *, #427, .F. ) ;
#629 = CARTESIAN_POINT ( 'NONE',  ( 5.439999999999999500, -2.290000000000000500, 19.03000000000036000 ) ) ;
#630 = AXIS2_PLACEMENT_3D ( 'NONE', #2090, #2626, #2503 ) ;
#631 = PLANE ( 'NONE',  #2065 ) ;
#632 = DIRECTION ( 'NONE',  ( 0.0000000000000000000, -2.455312739597920200E-016, 1.000000000000000000 ) ) ;
#633 = ORIENTED_EDGE ( 'NONE', *, *, #2622, .T. ) ;
#634 = DIRECTION ( 'NONE',  ( 0.9396926207859093200, 0.0000000000000000000, 0.3420201433256663300 ) ) ;
#635 = SURFACE_STYLE_USAGE ( .BOTH. , #1636 ) ;
#636 = EDGE_LOOP ( 'NONE', ( #151, #1235, #2756, #799 ) ) ;
#637 = VERTEX_POINT ( 'NONE', #1046 ) ;
#638 = CARTESIAN_POINT ( 'NONE',  ( 4.950771364570716300, -0.3099999999999999400, -0.1780646610469292200 ) ) ;
#639 = CARTESIAN_POINT ( 'NONE',  ( -2.530000000000000200, 2.730000000000000400, 4.250000000000009800 ) ) ;
#640 = ORIENTED_EDGE ( 'NONE', *, *, #1690, .F. ) ;
#641 = EDGE_CURVE ( 'NONE', #2026, #531, #77, .T. ) ;
#642 = DIRECTION ( 'NONE',  ( 0.0000000000000000000, 1.000000000000000000, 1.651256423655872500E-016 ) ) ;
#643 = FACE_OUTER_BOUND ( 'NONE', #1600, .T. ) ;
#644 = ADVANCED_FACE ( 'NONE', ( #1737 ), #918, .F. ) ;
#645 = PLANE ( 'NONE',  #2330 ) ;
#646 = DIRECTION ( 'NONE',  ( 0.9396926207859094300, 0.0000000000000000000, 0.3420201433256659400 ) ) ;
#647 = LINE ( 'NONE', #25, #575 ) ;
#648 = EDGE_CURVE ( 'NONE', #425, #2086, #2168, .T. ) ;
#649 = EDGE_CURVE ( 'NONE', #1946, #2380, #1097, .T. ) ;
#650 = DIRECTION ( 'NONE',  ( 0.0000000000000000000, -1.000000000000000000, 0.0000000000000000000 ) ) ;
#651 = DIRECTION ( 'NONE',  ( -0.0000000000000000000, 1.000000000000000000, 1.651256423655872500E-016 ) ) ;
#652 = ORIENTED_EDGE ( 'NONE', *, *, #1612, .F. ) ;
#653 = LINE ( 'NONE', #922, #2259 ) ;
#654 = CARTESIAN_POINT ( 'NONE',  ( 11.75499999999999900, 2.729999999999997800, 15.75000000000000000 ) ) ;
#655 = FACE_OUTER_BOUND ( 'NONE', #1008, .T. ) ;
#656 = VERTEX_POINT ( 'NONE', #794 ) ;
#657 = VECTOR ( 'NONE', #2325, 1000.000000000000000 ) ;
#658 = VECTOR ( 'NONE', #2399, 1000.000000000000000 ) ;
#659 = CARTESIAN_POINT ( 'NONE',  ( 3.810000000000000100, 0.3099999999999999400, 5.000000000000000900 ) ) ;
#660 = ORIENTED_EDGE ( 'NONE', *, *, #2769, .T. ) ;
#661 = ORIENTED_EDGE ( 'NONE', *, *, #1028, .F. ) ;
#662 = ORIENTED_EDGE ( 'NONE', *, *, #2583, .F. ) ;
#663 = DIRECTION ( 'NONE',  ( 0.0000000000000000000, 0.0000000000000000000, -1.000000000000000000 ) ) ;
#664 = CARTESIAN_POINT ( 'NONE',  ( 5.439999999999999500, 2.729999999999998600, 19.03000000000036000 ) ) ;
#665 = ADVANCED_FACE ( 'NONE', ( #413 ), #827, .F. ) ;
#666 = ORIENTED_EDGE ( 'NONE', *, *, #1552, .F. ) ;
#667 = DIRECTION ( 'NONE',  ( 0.9848077530122073500, -4.263605828335865800E-017, 0.1736481776669342200 ) ) ;
#668 = ADVANCED_FACE ( 'NONE', ( #2719 ), #631, .F. ) ;
#669 = CARTESIAN_POINT ( 'NONE',  ( 9.799999999999998900, 0.3099999999999999400, 0.0000000000000000000 ) ) ;
#670 = EDGE_LOOP ( 'NONE', ( #734, #355, #1849, #2663 ) ) ;
#671 = DIRECTION ( 'NONE',  ( -0.9961946980917448800, -0.08715574274766529900, -2.139946054974616600E-017 ) ) ;
#672 = LINE ( 'NONE', #167, #67 ) ;
#673 = EDGE_LOOP ( 'NONE', ( #1052, #1625, #2188, #502 ) ) ;
#674 = DIRECTION ( 'NONE',  ( -0.0000000000000000000, 1.000000000000000000, 1.651256423655872500E-016 ) ) ;
#675 = ADVANCED_FACE ( 'NONE', ( #2108 ), #645, .T. ) ;
#676 = EDGE_CURVE ( 'NONE', #1325, #1073, #961, .T. ) ;
#677 = CARTESIAN_POINT ( 'NONE',  ( 11.75499999999999900, 2.229999999999998200, 15.75000000000000000 ) ) ;
#678 = LINE ( 'NONE', #1581, #1798 ) ;
#679 = CARTESIAN_POINT ( 'NONE',  ( 13.35940529950710800, 0.3099999999998351300, 4.250000000000000000 ) ) ;
#680 = LINE ( 'NONE', #1395, #611 ) ;
#681 = ADVANCED_FACE ( 'NONE', ( #1535 ), #526, .F. ) ;
#682 = CARTESIAN_POINT ( 'NONE',  ( 9.799999999999998900, -0.3099999999999999400, 0.0000000000000000000 ) ) ;
#683 = EDGE_LOOP ( 'NONE', ( #444, #1614, #69, #1301, #1293 ) ) ;
#684 = LINE ( 'NONE', #1292, #2355 ) ;
#685 = EDGE_CURVE ( 'NONE', #2121, #318, #2040, .T. ) ;
#686 = CARTESIAN_POINT ( 'NONE',  ( 5.439999999999999500, 2.229999999999998200, 19.03000000000036000 ) ) ;
#687 = FACE_BOUND ( 'NONE', #1445, .T. ) ;
#688 = FACE_OUTER_BOUND ( 'NONE', #1117, .T. ) ;
#689 = VECTOR ( 'NONE', #2785, 1000.000000000000000 ) ;
#690 = CARTESIAN_POINT ( 'NONE',  ( 11.11602976573379900, 0.3099999999999999400, -15.82000000000000000 ) ) ;
#691 = CARTESIAN_POINT ( 'NONE',  ( 5.439999999999999500, 0.6700000000000043700, 9.698882955776946500E-016 ) ) ;
#692 = VERTEX_POINT ( 'NONE', #440 ) ;
#693 = EDGE_LOOP ( 'NONE', ( #1412, #2537, #273, #902 ) ) ;
#694 = ORIENTED_EDGE ( 'NONE', *, *, #1309, .F. ) ;
#695 = EDGE_CURVE ( 'NONE', #2074, #870, #892, .T. ) ;
#696 = AXIS2_PLACEMENT_3D ( 'NONE', #462, #249, #480 ) ;
#697 = EDGE_LOOP ( 'NONE', ( #985, #1557, #2128, #433 ) ) ;
#698 = DIRECTION ( 'NONE',  ( -1.000000000000000000, -0.0000000000000000000, -0.0000000000000000000 ) ) ;
#699 = ORIENTED_EDGE ( 'NONE', *, *, #2345, .F. ) ;
#700 = CARTESIAN_POINT ( 'NONE',  ( 11.48000000000000000, 0.3099999999999999400, -14.81999999999999300 ) ) ;
#701 = MECHANICAL_DESIGN_GEOMETRIC_PRESENTATION_REPRESENTATION (  '', ( #403 ), #879 ) ;
#702 = CARTESIAN_POINT ( 'NONE',  ( 0.5999999999999989800, 0.3099999999999999400, -15.81999999999998600 ) ) ;
#703 = DIRECTION ( 'NONE',  ( -0.9396926207859096500, 0.0000000000000000000, 0.3420201433256652200 ) ) ;
#704 = DIRECTION ( 'NONE',  ( -1.000000000000000000, 0.0000000000000000000, 0.0000000000000000000 ) ) ;
#705 = EDGE_CURVE ( 'NONE', #2518, #2118, #1474, .T. ) ;
#706 = VERTEX_POINT ( 'NONE', #1039 ) ;
#707 = ORIENTED_EDGE ( 'NONE', *, *, #503, .T. ) ;
#708 = DIRECTION ( 'NONE',  ( 0.0000000000000000000, 1.000000000000000000, 1.651256423655872500E-016 ) ) ;
#709 = EDGE_LOOP ( 'NONE', ( #187, #811, #1404, #267 ) ) ;
#710 = ORIENTED_EDGE ( 'NONE', *, *, #185, .T. ) ;
#711 = LINE ( 'NONE', #1296, #1185 ) ;
#712 = DIRECTION ( 'NONE',  ( 0.0000000000000000000, -1.000000000000000000, 0.0000000000000000000 ) ) ;
#713 = ORIENTED_EDGE ( 'NONE', *, *, #1911, .T. ) ;
#714 = DIRECTION ( 'NONE',  ( 0.0000000000000000000, -0.05233595624294422300, 0.9986295347545739400 ) ) ;
#715 = ADVANCED_FACE ( 'NONE', ( #345 ), #987, .T. ) ;
#716 = EDGE_CURVE ( 'NONE', #2099, #1059, #1403, .T. ) ;
#717 = APPLICATION_PROTOCOL_DEFINITION ( 'draft international standard', 'automotive_design', 1998, #974 ) ;
#718 = LINE ( 'NONE', #2102, #2387 ) ;
#719 = EDGE_LOOP ( 'NONE', ( #2829, #598, #1214, #1792, #2340, #1288, #1859, #2411, #134, #747 ) ) ;
#720 = VECTOR ( 'NONE', #1659, 1000.000000000000100 ) ;
#721 = ADVANCED_FACE ( 'NONE', ( #184 ), #212, .T. ) ;
#722 = PLANE ( 'NONE',  #398 ) ;
#723 = VECTOR ( 'NONE', #1560, 1000.000000000000000 ) ;
#724 = ORIENTED_EDGE ( 'NONE', *, *, #2736, .F. ) ;
#725 = VECTOR ( 'NONE', #1722, 1000.000000000000000 ) ;
#726 = VECTOR ( 'NONE', #2586, 1000.000000000000100 ) ;
#727 = ADVANCED_FACE ( 'NONE', ( #809 ), #358, .F. ) ;
#728 =( NAMED_UNIT ( * ) SI_UNIT ( $, .STERADIAN. ) SOLID_ANGLE_UNIT ( ) );
#729 = APPLICATION_CONTEXT ( 'automotive_design' ) ;
#730 = CARTESIAN_POINT ( 'NONE',  ( 13.40999999999999800, -2.714426247436189800, 4.091496536766535500 ) ) ;
#731 = ORIENTED_EDGE ( 'NONE', *, *, #1735, .T. ) ;
#732 = CLOSED_SHELL ( 'NONE', ( #681, #298, #743, #144, #408, #1284, #310, #173, #868, #820, #221, #228 ) ) ;
#733 = DIRECTION ( 'NONE',  ( 0.0000000000000000000, 1.000000000000000000, 1.651256423655872500E-016 ) ) ;
#734 = ORIENTED_EDGE ( 'NONE', *, *, #189, .F. ) ;
#735 = ORIENTED_EDGE ( 'NONE', *, *, #1150, .F. ) ;
#736 = DIRECTION ( 'NONE',  ( -1.373494438619799700E-016, 1.651256423655872500E-016, -1.000000000000000000 ) ) ;
#737 = EDGE_CURVE ( 'NONE', #65, #2154, #2587, .T. ) ;
#738 = AXIS2_PLACEMENT_3D ( 'NONE', #1686, #1950, #421 ) ;
#739 =( NAMED_UNIT ( * ) PLANE_ANGLE_UNIT ( ) SI_UNIT ( $, .RADIAN. ) );
#740 = DIRECTION ( 'NONE',  ( 0.9396926207859094300, 0.0000000000000000000, 0.3420201433256659900 ) ) ;
#741 = AXIS2_PLACEMENT_3D ( 'NONE', #1337, #740, #650 ) ;
#742 = DIRECTION ( 'NONE',  ( -0.9848077530122073500, 4.263605828335865800E-017, -0.1736481776669342200 ) ) ;
#743 = ADVANCED_FACE ( 'NONE', ( #1905 ), #304, .F. ) ;
#744 = ORIENTED_EDGE ( 'NONE', *, *, #296, .T. ) ;
#745 = PLANE ( 'NONE',  #1694 ) ;
#746 = CARTESIAN_POINT ( 'NONE',  ( 11.75500000000000100, 2.230000000000000000, 6.749999999999999100 ) ) ;
#747 = ORIENTED_EDGE ( 'NONE', *, *, #2565, .T. ) ;
#748 = ADVANCED_FACE ( 'NONE', ( #1971 ), #280, .T. ) ;
#749 = EDGE_CURVE ( 'NONE', #145, #2086, #2391, .T. ) ;
#750 = ADVANCED_FACE ( 'NONE', ( #1266 ), #1595, .F. ) ;
#751 = VECTOR ( 'NONE', #2160, 1000.000000000000000 ) ;
#752 =( LENGTH_UNIT ( ) NAMED_UNIT ( * ) SI_UNIT ( .MILLI., .METRE. ) );
#753 = PLANE ( 'NONE',  #2734 ) ;
#754 = ORIENTED_EDGE ( 'NONE', *, *, #72, .F. ) ;
#755 = DIRECTION ( 'NONE',  ( -0.7071067811865431300, 0.0000000000000000000, 0.7071067811865517900 ) ) ;
#756 = DIRECTION ( 'NONE',  ( 0.0000000000000000000, 0.0000000000000000000, 1.000000000000000000 ) ) ;
#757 = ADVANCED_FACE ( 'NONE', ( #1838 ), #1421, .F. ) ;
#758 = CARTESIAN_POINT ( 'NONE',  ( 5.439999999999999500, -0.3099999999999999400, 0.0000000000000000000 ) ) ;
#759 = LINE ( 'NONE', #1105, #139 ) ;
#760 = ADVANCED_FACE ( 'NONE', ( #655 ), #1322, .T. ) ;
#761 = CARTESIAN_POINT ( 'NONE',  ( -1.080000000000000300, 0.3099999999999999400, 4.249999999999998200 ) ) ;
#762 = ORIENTED_EDGE ( 'NONE', *, *, #2738, .T. ) ;
#763 = VECTOR ( 'NONE', #1809, 1000.000000000000000 ) ;
#764 = EDGE_LOOP ( 'NONE', ( #1021, #1285, #2771, #80 ) ) ;
#765 = LINE ( 'NONE', #1304, #2555 ) ;
#766 = PLANE ( 'NONE',  #284 ) ;
#767 = ADVANCED_FACE ( 'NONE', ( #47 ), #1119, .F. ) ;
#768 = CONICAL_SURFACE ( 'NONE', #275, 1.790000000000000000, 0.01745329251972126500 ) ;
#769 = EDGE_CURVE ( 'NONE', #2154, #1059, #1771, .T. ) ;
#770 = FACE_OUTER_BOUND ( 'NONE', #2403, .T. ) ;
#771 = VERTEX_POINT ( 'NONE', #1138 ) ;
#772 = DIRECTION ( 'NONE',  ( -0.0000000000000000000, -0.0000000000000000000, 1.000000000000000000 ) ) ;
#773 = CARTESIAN_POINT ( 'NONE',  ( -0.7535358232580594600, -2.290000000000000000, 17.47437056904653800 ) ) ;
#774 = FACE_OUTER_BOUND ( 'NONE', #2554, .T. ) ;
#775 = DIRECTION ( 'NONE',  ( -0.7071067811865431300, 0.0000000000000000000, 0.7071067811865517900 ) ) ;
#776 = EDGE_LOOP ( 'NONE', ( #1688, #2799, #1184, #1759 ) ) ;
#777 = VERTEX_POINT ( 'NONE', #1109 ) ;
#778 = ADVANCED_FACE ( 'NONE', ( #2812 ), #966, .F. ) ;
#779 = ORIENTED_EDGE ( 'NONE', *, *, #527, .T. ) ;
#780 = VERTEX_POINT ( 'NONE', #1175 ) ;
#781 = DIRECTION ( 'NONE',  ( -0.7071067811865519000, 1.167614614644906900E-016, -0.7071067811865432400 ) ) ;
#782 = ORIENTED_EDGE ( 'NONE', *, *, #1531, .T. ) ;
#783 = ORIENTED_EDGE ( 'NONE', *, *, #474, .T. ) ;
#784 = PLANE ( 'NONE',  #1450 ) ;
#785 = ADVANCED_FACE ( 'NONE', ( #1341 ), #880, .F. ) ;
#786 = DIRECTION ( 'NONE',  ( 0.0000000000000000000, -1.000000000000000000, -1.651256423655872500E-016 ) ) ;
#787 = ADVANCED_FACE ( 'NONE', ( #1196 ), #722, .F. ) ;
#788 = EDGE_CURVE ( 'NONE', #121, #2561, #1703, .T. ) ;
#789 = CARTESIAN_POINT ( 'NONE',  ( 11.48000000000000000, 0.3099999999999999400, 0.0000000000000000000 ) ) ;
#790 = PLANE ( 'NONE',  #2679 ) ;
#791 = ADVANCED_FACE ( 'NONE', ( #2260 ), #2200, .F. ) ;
#792 = ORIENTED_EDGE ( 'NONE', *, *, #2546, .T. ) ;
#793 = CARTESIAN_POINT ( 'NONE',  ( 2.680000000000000600, 2.229999999999996400, 23.50000000000000000 ) ) ;
#794 = CARTESIAN_POINT ( 'NONE',  ( 6.039999999999998300, -0.3099999999999999400, -14.81999999999999000 ) ) ;
#795 = ORIENTED_EDGE ( 'NONE', *, *, #1785, .F. ) ;
#796 = DIRECTION ( 'NONE',  ( -0.9848077530122073500, -5.318123726799184300E-017, 0.1736481776669341900 ) ) ;
#797 = VECTOR ( 'NONE', #1715, 1000.000000000000000 ) ;
#798 = AXIS2_PLACEMENT_3D ( 'NONE', #580, #371, #844 ) ;
#799 = ORIENTED_EDGE ( 'NONE', *, *, #2405, .F. ) ;
#800 = ADVANCED_FACE ( 'NONE', ( #1130 ), #271, .F. ) ;
#801 = CARTESIAN_POINT ( 'NONE',  ( -0.6000000000000007500, 0.3099999999999999400, 0.0000000000000000000 ) ) ;
#802 = CARTESIAN_POINT ( 'NONE',  ( 12.29133543713324400, -7.289711960126404700, 22.30108192200996300 ) ) ;
#803 = VECTOR ( 'NONE', #494, 1000.000000000000000 ) ;
#804 = EDGE_CURVE ( 'NONE', #2760, #2013, #1635, .T. ) ;
#805 = AXIS2_PLACEMENT_3D ( 'NONE', #2453, #671, #2673 ) ;
#806 = CARTESIAN_POINT ( 'NONE',  ( 12.50487981696218600, 0.6699999999999978200, 18.98763661676941800 ) ) ;
#807 = ORIENTED_EDGE ( 'NONE', *, *, #2231, .F. ) ;
#808 = VECTOR ( 'NONE', #2773, 1000.000000000000000 ) ;
#809 = FACE_OUTER_BOUND ( 'NONE', #315, .T. ) ;
#810 = ADVANCED_FACE ( 'NONE', ( #579 ), #240, .F. ) ;
#811 = ORIENTED_EDGE ( 'NONE', *, *, #2241, .F. ) ;
#812 = VECTOR ( 'NONE', #558, 1000.000000000000000 ) ;
#813 = AXIS2_PLACEMENT_3D ( 'NONE', #1183, #1761, #1110 ) ;
#814 = VECTOR ( 'NONE', #163, 1000.000000000000000 ) ;
#815 = EDGE_CURVE ( 'NONE', #2374, #828, #1061, .T. ) ;
#816 = ORIENTED_EDGE ( 'NONE', *, *, #1317, .T. ) ;
#817 = EDGE_CURVE ( 'NONE', #1784, #1743, #2498, .T. ) ;
#818 = ADVANCED_FACE ( 'NONE', ( #770 ), #2229, .F. ) ;
#819 = ORIENTED_EDGE ( 'NONE', *, *, #1699, .F. ) ;
#820 = ADVANCED_FACE ( 'NONE', ( #1373 ), #1947, .F. ) ;
#821 = ORIENTED_EDGE ( 'NONE', *, *, #539, .F. ) ;
#822 = ADVANCED_FACE ( 'NONE', ( #150, #852 ), #1578, .F. ) ;
#823 = VERTEX_POINT ( 'NONE', #2039 ) ;
#824 = CARTESIAN_POINT ( 'NONE',  ( -2.113999129280922200, -2.290000000000001800, 24.12082825540070600 ) ) ;
#825 = ADVANCED_FACE ( 'NONE', ( #688 ), #1313, .F. ) ;
#826 = CARTESIAN_POINT ( 'NONE',  ( 2.680000000000000600, 2.729999999999996900, 23.50000000000000000 ) ) ;
#827 = PLANE ( 'NONE',  #1776 ) ;
#828 = VERTEX_POINT ( 'NONE', #1352 ) ;
#829 = DIRECTION ( 'NONE',  ( 0.0000000000000000000, -1.651256423655872500E-016, 1.000000000000000000 ) ) ;
#830 = ORIENTED_EDGE ( 'NONE', *, *, #1167, .T. ) ;
#831 = LINE ( 'NONE', #395, #209 ) ;
#832 = CARTESIAN_POINT ( 'NONE',  ( -2.530000000000002000, 0.6700000000000755400, 25.19818014882869800 ) ) ;
#833 = ADVANCED_FACE ( 'NONE', ( #2427 ), #626, .F. ) ;
#834 = ORIENTED_EDGE ( 'NONE', *, *, #124, .T. ) ;
#835 = ADVANCED_FACE ( 'NONE', ( #229 ), #404, .F. ) ;
#836 = AXIS2_PLACEMENT_3D ( 'NONE', #367, #125, #350 ) ;
#837 = DIRECTION ( 'NONE',  ( 0.0000000000000000000, -0.9998476951563970400, -0.01745240643694715900 ) ) ;
#838 = CARTESIAN_POINT ( 'NONE',  ( -2.530000000000000200, 0.6700000000000710900, 7.783341384525582300E-016 ) ) ;
#839 = CIRCLE ( 'NONE', #2162, 3.595000000000002900 ) ;
#840 = ADVANCED_FACE ( 'NONE', ( #79 ), #443, .F. ) ;
#841 = ORIENTED_EDGE ( 'NONE', *, *, #264, .T. ) ;
#842 = LINE ( 'NONE', #1857, #1935 ) ;
#843 = PLANE ( 'NONE',  #584 ) ;
#844 = DIRECTION ( 'NONE',  ( 1.000000000000000000, 0.0000000000000000000, -0.0000000000000000000 ) ) ;
#845 = ORIENTED_EDGE ( 'NONE', *, *, #14, .F. ) ;
#846 = LINE ( 'NONE', #2571, #224 ) ;
#847 = EDGE_CURVE ( 'NONE', #453, #1827, #1305, .T. ) ;
#848 = DIRECTION ( 'NONE',  ( 0.0000000000000000000, 0.3420201433256693800, -0.9396926207859082100 ) ) ;
#849 = FACE_OUTER_BOUND ( 'NONE', #479, .T. ) ;
#850 = PLANE ( 'NONE',  #1496 ) ;
#851 = ADVANCED_FACE ( 'NONE', ( #1807 ), #1166, .F. ) ;
#852 = FACE_OUTER_BOUND ( 'NONE', #1993, .T. ) ;
#853 = FACE_OUTER_BOUND ( 'NONE', #2287, .T. ) ;
#854 = DIRECTION ( 'NONE',  ( 0.0000000000000000000, 0.9993908270190957600, -0.03489949670249832500 ) ) ;
#855 = AXIS2_PLACEMENT_3D ( 'NONE', #1211, #2356, #908 ) ;
#856 = ADVANCED_FACE ( 'NONE', ( #1875 ), #196, .T. ) ;
#857 = VERTEX_POINT ( 'NONE', #2680 ) ;
#858 = DIRECTION ( 'NONE',  ( -0.3420201433256659900, -0.0000000000000000000, 0.9396926207859094300 ) ) ;
#859 = ORIENTED_EDGE ( 'NONE', *, *, #1620, .T. ) ;
#860 = ORIENTED_EDGE ( 'NONE', *, *, #978, .F. ) ;
#861 = ADVANCED_FACE ( 'NONE', ( #2292 ), #165, .T. ) ;
#862 = CARTESIAN_POINT ( 'NONE',  ( 12.99399912928092200, -2.290000000000001800, 24.12082825540070600 ) ) ;
#863 = EDGE_CURVE ( 'NONE', #1414, #2525, #617, .T. ) ;
#864 = ORIENTED_EDGE ( 'NONE', *, *, #2083, .F. ) ;
#865 = DIRECTION ( 'NONE',  ( -0.1732251794336643900, 0.06975647374413201900, 0.9824088108221338300 ) ) ;
#866 = DIRECTION ( 'NONE',  ( -1.733666729305901600E-016, -0.03489949670249833200, -0.9993908270190958700 ) ) ;
#867 = ADVANCED_FACE ( 'NONE', ( #1233 ), #2402, .T. ) ;
#868 = ADVANCED_FACE ( 'NONE', ( #555 ), #2443, .T. ) ;
#869 = EDGE_CURVE ( 'NONE', #122, #531, #1673, .T. ) ;
#870 = VERTEX_POINT ( 'NONE', #1975 ) ;
#871 = AXIS2_PLACEMENT_3D ( 'NONE', #226, #646, #20 ) ;
#872 = ORIENTED_EDGE ( 'NONE', *, *, #232, .T. ) ;
#873 = CARTESIAN_POINT ( 'NONE',  ( -0.8749999999999990000, 2.229999999999998200, 15.75000000000000000 ) ) ;
#874 = CARTESIAN_POINT ( 'NONE',  ( 5.439999999999999500, 0.3099999999999999400, 0.0000000000000000000 ) ) ;
#875 = ORIENTED_EDGE ( 'NONE', *, *, #1020, .T. ) ;
#876 = SHAPE_DEFINITION_REPRESENTATION ( #400, #2348 ) ;
#877 = CARTESIAN_POINT ( 'NONE',  ( 11.89250226729481400, 0.6699999999999978200, 21.37111578676920900 ) ) ;
#878 = ORIENTED_EDGE ( 'NONE', *, *, #769, .F. ) ;
#879 =( GEOMETRIC_REPRESENTATION_CONTEXT ( 3 ) GLOBAL_UNCERTAINTY_ASSIGNED_CONTEXT ( ( #956 ) ) GLOBAL_UNIT_ASSIGNED_CONTEXT ( ( #596, #332, #574 ) ) REPRESENTATION_CONTEXT ( 'NONE', 'WORKASPACE' ) );
#880 = PLANE ( 'NONE',  #81 ) ;
#881 = PLANE ( 'NONE',  #1413 ) ;
#882 = LINE ( 'NONE', #1698, #2447 ) ;
#883 = ADVANCED_FACE ( 'NONE', ( #1098 ), #2012, .F. ) ;
#884 = ORIENTED_EDGE ( 'NONE', *, *, #1381, .T. ) ;
#885 = DIRECTION ( 'NONE',  ( -1.000000000000000000, 0.0000000000000000000, 1.233605505988563800E-016 ) ) ;
#886 = EDGE_CURVE ( 'NONE', #2606, #1920, #483, .T. ) ;
#887 = DIRECTION ( 'NONE',  ( 0.0000000000000000000, -2.320517897527934400E-016, 1.000000000000000000 ) ) ;
#888 = LINE ( 'NONE', #1629, #446 ) ;
#889 = CARTESIAN_POINT ( 'NONE',  ( 10.28000000000000100, -0.3099999999999999400, -15.82000000000000000 ) ) ;
#890 = DIRECTION ( 'NONE',  ( 0.0000000000000000000, 0.9993908270190957600, -0.03489949670249832500 ) ) ;
#891 = VERTEX_POINT ( 'NONE', #1780 ) ;
#892 = LINE ( 'NONE', #452, #265 ) ;
#893 = DIRECTION ( 'NONE',  ( 1.233605505988563800E-016, 0.0000000000000000000, 1.000000000000000000 ) ) ;
#894 = EDGE_LOOP ( 'NONE', ( #241, #563, #1756, #1623, #97, #1791, #2603, #1618, #1283, #938 ) ) ;
#895 = ORIENTED_EDGE ( 'NONE', *, *, #886, .T. ) ;
#896 = VECTOR ( 'NONE', #1448, 1000.000000000000000 ) ;
#897 = DIRECTION ( 'NONE',  ( -1.000000000000000000, -0.0000000000000000000, -0.0000000000000000000 ) ) ;
#898 = LINE ( 'NONE', #382, #351 ) ;
#899 = EDGE_CURVE ( 'NONE', #2086, #1852, #1605, .T. ) ;
#900 = COLOUR_RGB ( '',1.000000000000000000, 1.000000000000000000, 1.000000000000000000 ) ;
#901 = EDGE_LOOP ( 'NONE', ( #1128, #1701, #2258, #652 ) ) ;
#902 = ORIENTED_EDGE ( 'NONE', *, *, #1833, .T. ) ;
#903 = VERTEX_POINT ( 'NONE', #1645 ) ;
#904 = ORIENTED_EDGE ( 'NONE', *, *, #2495, .T. ) ;
#905 = ORIENTED_EDGE ( 'NONE', *, *, #1964, .T. ) ;
#906 = CARTESIAN_POINT ( 'NONE',  ( 1.080000000000000300, 0.3099999999999999400, 0.0000000000000000000 ) ) ;
#907 = AXIS2_PLACEMENT_3D ( 'NONE', #1461, #1441, #1428 ) ;
#908 = DIRECTION ( 'NONE',  ( 0.0000000000000000000, -2.328487887217193300E-016, 1.000000000000000000 ) ) ;
#909 = CARTESIAN_POINT ( 'NONE',  ( 2.680000000000000200, 2.229999999999996400, 23.69999999999999900 ) ) ;
#910 = CARTESIAN_POINT ( 'NONE',  ( -1.080000000000000300, 0.2838413223459549900, 4.250913481152564600 ) ) ;
#911 = ORIENTED_EDGE ( 'NONE', *, *, #594, .F. ) ;
#912 = SURFACE_STYLE_USAGE ( .BOTH. , #941 ) ;
#913 = ORIENTED_EDGE ( 'NONE', *, *, #2446, .F. ) ;
#914 = EDGE_CURVE ( 'NONE', #1334, #250, #2170, .T. ) ;
#915 = CARTESIAN_POINT ( 'NONE',  ( 1.080000000000000300, -0.3099999999999999400, 4.999999999999994700 ) ) ;
#916 = LINE ( 'NONE', #2765, #1995 ) ;
#917 = ORIENTED_EDGE ( 'NONE', *, *, #641, .F. ) ;
#918 = PLANE ( 'NONE',  #1489 ) ;
#919 = CARTESIAN_POINT ( 'NONE',  ( 4.839999999999999900, 0.3099999999999999400, -14.81999999999999000 ) ) ;
#920 = DIRECTION ( 'NONE',  ( 0.0000000000000000000, -1.000000000000000000, -1.651256423655872500E-016 ) ) ;
#921 = VECTOR ( 'NONE', #1763, 1000.000000000000000 ) ;
#922 = CARTESIAN_POINT ( 'NONE',  ( -0.8749999999999990000, 2.229999999999998200, 15.75000000000000000 ) ) ;
#923 = EDGE_CURVE ( 'NONE', #2607, #2441, #2722, .T. ) ;
#924 = DIRECTION ( 'NONE',  ( 5.364664646684144000E-018, -3.068496714581615700E-016, 1.000000000000000000 ) ) ;
#925 = ORIENTED_EDGE ( 'NONE', *, *, #2191, .T. ) ;
#926 = VECTOR ( 'NONE', #2297, 1000.000000000000000 ) ;
#927 = ORIENTED_EDGE ( 'NONE', *, *, #2249, .T. ) ;
#928 = LINE ( 'NONE', #2593, #2006 ) ;
#929 = DIRECTION ( 'NONE',  ( -0.0000000000000000000, -0.03489949670250742200, -0.9993908270190955400 ) ) ;
#930 = LINE ( 'NONE', #1672, #308 ) ;
#931 = ORIENTED_EDGE ( 'NONE', *, *, #2594, .T. ) ;
#932 = LINE ( 'NONE', #910, #2267 ) ;
#933 = VERTEX_POINT ( 'NONE', #1767 ) ;
#934 = ORIENTED_EDGE ( 'NONE', *, *, #2184, .F. ) ;
#935 = ADVANCED_FACE ( 'NONE', ( #2656 ), #2094, .F. ) ;
#936 = CARTESIAN_POINT ( 'NONE',  ( 9.255000000000022100, 2.229999999999996400, 23.70000000000000300 ) ) ;
#937 = VERTEX_POINT ( 'NONE', #337 ) ;
#938 = ORIENTED_EDGE ( 'NONE', *, *, #1058, .F. ) ;
#939 = DIRECTION ( 'NONE',  ( -1.000000000000000000, 0.0000000000000000000, 0.0000000000000000000 ) ) ;
#940 = EDGE_CURVE ( 'NONE', #2124, #63, #1539, .T. ) ;
#941 = SURFACE_SIDE_STYLE ('',( #476 ) ) ;
#942 = DIRECTION ( 'NONE',  ( 0.0000000000000000000, 2.412689118187490600E-016, -1.000000000000000000 ) ) ;
#943 = CLOSED_SHELL ( 'NONE', ( #205, #244, #389, #840, #22, #319, #668, #333, #289, #186, #800, #785 ) ) ;
#944 = ORIENTED_EDGE ( 'NONE', *, *, #251, .F. ) ;
#945 = CARTESIAN_POINT ( 'NONE',  ( 12.25500000000000300, 2.729999999999996000, 22.19999999999999600 ) ) ;
#946 = CARTESIAN_POINT ( 'NONE',  ( 13.40999999999999800, 0.6699999999999978200, 25.19999999999999900 ) ) ;
#947 = VERTEX_POINT ( 'NONE', #356 ) ;
#948 = VECTOR ( 'NONE', #2035, 1000.000000000000000 ) ;
#949 = ORIENTED_EDGE ( 'NONE', *, *, #1297, .F. ) ;
#950 = LINE ( 'NONE', #2509, #399 ) ;
#951 = FILL_AREA_STYLE ('',( #992 ) ) ;
#952 = EDGE_CURVE ( 'NONE', #1624, #1311, #347, .T. ) ;
#953 = CARTESIAN_POINT ( 'NONE',  ( 11.63353582325805900, -2.290000000000001800, 24.12082825540070600 ) ) ;
#954 = CARTESIAN_POINT ( 'NONE',  ( -1.012502267294815800, 0.6699999999999970400, 24.12082825540070600 ) ) ;
#955 = VECTOR ( 'NONE', #116, 1000.000000000000100 ) ;
#956 = UNCERTAINTY_MEASURE_WITH_UNIT (LENGTH_MEASURE( 1.000000000000000100E-005 ), #596, 'distance_accuracy_value', 'NONE');
#957 = AXIS2_PLACEMENT_3D ( 'NONE', #2789, #848, #1422 ) ;
#958 = ORIENTED_EDGE ( 'NONE', *, *, #2319, .T. ) ;
#959 = DIRECTION ( 'NONE',  ( 0.0000000000000000000, 1.000000000000000000, 1.651256423655872500E-016 ) ) ;
#960 = DIRECTION ( 'NONE',  ( 0.0000000000000000000, 1.000000000000000000, 1.651256423655872500E-016 ) ) ;
#961 = LINE ( 'NONE', #545, #1603 ) ;
#962 = AXIS2_PLACEMENT_3D ( 'NONE', #629, #2169, #887 ) ;
#963 = ORIENTED_EDGE ( 'NONE', *, *, #566, .T. ) ;
#964 = LINE ( 'NONE', #1056, #2531 ) ;
#965 = LINE ( 'NONE', #2097, #418 ) ;
#966 = PLANE ( 'NONE',  #2638 ) ;
#967 = CARTESIAN_POINT ( 'NONE',  ( 13.40999999999999800, 2.730000000000000400, 4.376826825864969600 ) ) ;
#968 = LINE ( 'NONE', #2134, #1543 ) ;
#969 = ORIENTED_EDGE ( 'NONE', *, *, #1205, .F. ) ;
#970 = EDGE_CURVE ( 'NONE', #1568, #2193, #2044, .T. ) ;
#971 = DIRECTION ( 'NONE',  ( -0.0000000000000000000, -1.000000000000000000, -0.0000000000000000000 ) ) ;
#972 = ORIENTED_EDGE ( 'NONE', *, *, #2071, .T. ) ;
#973 = ORIENTED_EDGE ( 'NONE', *, *, #2510, .T. ) ;
#974 = APPLICATION_CONTEXT ( 'automotive_design' ) ;
#975 = DIRECTION ( 'NONE',  ( -3.291323755655327900E-032, -1.000000000000000000, -2.020644701196047800E-016 ) ) ;
#976 = CARTESIAN_POINT ( 'NONE',  ( 3.810000000000000100, 0.3099999999999999400, 0.0000000000000000000 ) ) ;
#977 = EDGE_CURVE ( 'NONE', #1498, #1978, #416, .T. ) ;
#978 = EDGE_CURVE ( 'NONE', #2672, #1463, #964, .T. ) ;
#979 = ADVANCED_FACE ( 'NONE', ( #1476 ), #1033, .F. ) ;
#980 = VERTEX_POINT ( 'NONE', #156 ) ;
#981 = DIRECTION ( 'NONE',  ( 0.3420201433256652200, -0.0000000000000000000, 0.9396926207859096500 ) ) ;
#982 = PLANE ( 'NONE',  #1356 ) ;
#983 = CARTESIAN_POINT ( 'NONE',  ( 13.40999999999999800, 0.6745622767978850500, 25.19984068178358100 ) ) ;
#984 = VERTEX_POINT ( 'NONE', #832 ) ;
#985 = ORIENTED_EDGE ( 'NONE', *, *, #2820, .F. ) ;
#986 = LINE ( 'NONE', #2563, #2478 ) ;
#987 = PLANE ( 'NONE',  #208 ) ;
#988 = DIRECTION ( 'NONE',  ( 0.0000000000000000000, 1.000000000000000000, 1.651256423655872500E-016 ) ) ;
#989 = CARTESIAN_POINT ( 'NONE',  ( -3.059999999999999200, 0.3099999999999999400, 4.249999999999998200 ) ) ;
#990 = DIRECTION ( 'NONE',  ( 1.000000000000000000, -0.0000000000000000000, -0.0000000000000000000 ) ) ;
#991 = ADVANCED_FACE ( 'NONE', ( #268 ), #766, .T. ) ;
#992 = FILL_AREA_STYLE_COLOUR ( '', #1226 ) ;
#993 = VECTOR ( 'NONE', #439, 1000.000000000000100 ) ;
#994 = ADVANCED_FACE ( 'NONE', ( #1974 ), #843, .F. ) ;
#995 = VERTEX_POINT ( 'NONE', #824 ) ;
#996 = LINE ( 'NONE', #2279, #926 ) ;
#997 = DIRECTION ( 'NONE',  ( 0.0000000000000000000, 0.0000000000000000000, -1.000000000000000000 ) ) ;
#998 = CARTESIAN_POINT ( 'NONE',  ( 11.91000000000000000, 0.8700000000000001100, 21.35999999999999900 ) ) ;
#999 = ORIENTED_EDGE ( 'NONE', *, *, #2042, .F. ) ;
#1000 = LINE ( 'NONE', #1246, #376 ) ;
#1001 = VECTOR ( 'NONE', #1637, 1000.000000000000000 ) ;
#1002 = CARTESIAN_POINT ( 'NONE',  ( 11.75500000000000100, 2.230000000000000000, 6.749999999999999100 ) ) ;
#1003 = DIRECTION ( 'NONE',  ( 0.0000000000000000000, -1.000000000000000000, -0.0000000000000000000 ) ) ;
#1004 = ORIENTED_EDGE ( 'NONE', *, *, #1271, .F. ) ;
#1005 = FACE_OUTER_BOUND ( 'NONE', #1668, .T. ) ;
#1006 = CARTESIAN_POINT ( 'NONE',  ( 11.75499999999999900, 2.229999999999998200, 15.75000000000000000 ) ) ;
#1007 = CARTESIAN_POINT ( 'NONE',  ( 7.680000000000000600, 2.729999999999996900, 23.50000000000000000 ) ) ;
#1008 = EDGE_LOOP ( 'NONE', ( #661, #1194, #1338, #2457 ) ) ;
#1009 = ORIENTED_EDGE ( 'NONE', *, *, #2184, .T. ) ;
#1010 = PLANE ( 'NONE',  #1118 ) ;
#1011 = ORIENTED_EDGE ( 'NONE', *, *, #105, .T. ) ;
#1012 = EDGE_CURVE ( 'NONE', #2270, #490, #188, .T. ) ;
#1013 = DIRECTION ( 'NONE',  ( 0.3420201433256663300, -0.0000000000000000000, 0.9396926207859093200 ) ) ;
#1014 = DIRECTION ( 'NONE',  ( 0.0000000000000000000, 2.412689118187490600E-016, -1.000000000000000000 ) ) ;
#1015 = DIRECTION ( 'NONE',  ( 9.637352644315594000E-017, 1.927470528863118800E-016, -1.000000000000000000 ) ) ;
#1016 = CARTESIAN_POINT ( 'NONE',  ( -2.113999129280922200, -2.290000000000000900, 21.77551581806912800 ) ) ;
#1017 = DIRECTION ( 'NONE',  ( 0.0000000000000000000, 2.455312739597920200E-016, -1.000000000000000000 ) ) ;
#1018 = ORIENTED_EDGE ( 'NONE', *, *, #2056, .F. ) ;
#1019 = VERTEX_POINT ( 'NONE', #544 ) ;
#1020 = EDGE_CURVE ( 'NONE', #490, #947, #1344, .T. ) ;
#1021 = ORIENTED_EDGE ( 'NONE', *, *, #804, .T. ) ;
#1022 = LINE ( 'NONE', #2651, #2024 ) ;
#1023 = CARTESIAN_POINT ( 'NONE',  ( 11.95999999999999900, 0.3099999999999999400, 0.0000000000000000000 ) ) ;
#1024 = CARTESIAN_POINT ( 'NONE',  ( 10.28000000000000100, 0.3099999999999999400, -15.82000000000000000 ) ) ;
#1025 = ORIENTED_EDGE ( 'NONE', *, *, #1388, .T. ) ;
#1026 = VECTOR ( 'NONE', #2011, 1000.000000000000000 ) ;
#1027 = CARTESIAN_POINT ( 'NONE',  ( -0.8749999999999990000, 2.229999999999998200, 15.75000000000000000 ) ) ;
#1028 = EDGE_CURVE ( 'NONE', #2444, #2637, #1909, .T. ) ;
#1029 = CARTESIAN_POINT ( 'NONE',  ( 13.40999999999999800, 0.6700000000000703200, 4.249999999999991100 ) ) ;
#1030 = VECTOR ( 'NONE', #1981, 1000.000000000000000 ) ;
#1031 = ORIENTED_EDGE ( 'NONE', *, *, #1443, .F. ) ;
#1032 = COLOUR_RGB ( '',1.000000000000000000, 1.000000000000000000, 1.000000000000000000 ) ;
#1033 = PLANE ( 'NONE',  #2807 ) ;
#1034 = VECTOR ( 'NONE', #786, 1000.000000000000000 ) ;
#1035 = DIRECTION ( 'NONE',  ( 2.168404344971021900E-015, 4.336808689942043800E-015, -1.000000000000000000 ) ) ;
#1036 = EDGE_CURVE ( 'NONE', #562, #2140, #119, .T. ) ;
#1037 = ORIENTED_EDGE ( 'NONE', *, *, #1556, .F. ) ;
#1038 = VECTOR ( 'NONE', #2781, 999.9999999999998900 ) ;
#1039 = CARTESIAN_POINT ( 'NONE',  ( 5.203970234266202900, -0.3099999999999999400, -15.82000000000000000 ) ) ;
#1040 = FACE_OUTER_BOUND ( 'NONE', #588, .T. ) ;
#1041 = LINE ( 'NONE', #2213, #420 ) ;
#1042 = CARTESIAN_POINT ( 'NONE',  ( 10.73286952071291500, -0.3099999999999999400, -1.926446959394307400 ) ) ;
#1043 = ORIENTED_EDGE ( 'NONE', *, *, #2510, .F. ) ;
#1044 = ORIENTED_EDGE ( 'NONE', *, *, #2682, .F. ) ;
#1045 = ORIENTED_EDGE ( 'NONE', *, *, #649, .F. ) ;
#1046 = CARTESIAN_POINT ( 'NONE',  ( 12.25500000000000300, 2.729999999999996000, 22.19999999999999600 ) ) ;
#1047 = DIRECTION ( 'NONE',  ( -0.8944271909999146300, 3.703064071072924000E-017, -0.4472135954999604300 ) ) ;
#1048 = EDGE_CURVE ( 'NONE', #2744, #1456, #2463, .T. ) ;
#1049 = ORIENTED_EDGE ( 'NONE', *, *, #1518, .T. ) ;
#1050 = DIRECTION ( 'NONE',  ( 0.0000000000000000000, -2.422798150805596600E-016, 1.000000000000000000 ) ) ;
#1051 = VERTEX_POINT ( 'NONE', #1714 ) ;
#1052 = ORIENTED_EDGE ( 'NONE', *, *, #1505, .F. ) ;
#1053 = CARTESIAN_POINT ( 'NONE',  ( 5.203970234266202900, 0.3099999999999999400, -15.82000000000000000 ) ) ;
#1054 = LINE ( 'NONE', #2310, #435 ) ;
#1055 = CARTESIAN_POINT ( 'NONE',  ( 2.680000000000000600, 2.229999999999996400, 23.50000000000000000 ) ) ;
#1056 = CARTESIAN_POINT ( 'NONE',  ( 11.75499999999999900, 2.729999999999997800, 15.75000000000000000 ) ) ;
#1057 = LINE ( 'NONE', #2668, #441 ) ;
#1058 = EDGE_CURVE ( 'NONE', #1920, #1895, #2323, .T. ) ;
#1059 = VERTEX_POINT ( 'NONE', #578 ) ;
#1060 = LINE ( 'NONE', #2632, #2749 ) ;
#1061 = LINE ( 'NONE', #2465, #1440 ) ;
#1062 = ORIENTED_EDGE ( 'NONE', *, *, #2016, .F. ) ;
#1063 = LINE ( 'NONE', #802, #2141 ) ;
#1064 = AXIS2_PLACEMENT_3D ( 'NONE', #409, #1389, #1329 ) ;
#1065 = LINE ( 'NONE', #1882, #451 ) ;
#1066 = DIRECTION ( 'NONE',  ( 3.198165163486382200E-032, 1.000000000000000000, 2.328487887217193300E-016 ) ) ;
#1067 = ORIENTED_EDGE ( 'NONE', *, *, #1806, .T. ) ;
#1068 = LINE ( 'NONE', #1386, #2207 ) ;
#1069 = DIRECTION ( 'NONE',  ( 0.0000000000000000000, -1.000000000000000000, 0.0000000000000000000 ) ) ;
#1070 = EDGE_CURVE ( 'NONE', #1707, #1892, #1270, .T. ) ;
#1071 = CARTESIAN_POINT ( 'NONE',  ( 6.940000000000001300, -0.3099999999999999400, 4.271650877084878700 ) ) ;
#1072 = DIRECTION ( 'NONE',  ( 0.0000000000000000000, -0.0000000000000000000, 1.000000000000000000 ) ) ;
#1073 = VERTEX_POINT ( 'NONE', #1427 ) ;
#1074 = ORIENTED_EDGE ( 'NONE', *, *, #2698, .T. ) ;
#1075 = ORIENTED_EDGE ( 'NONE', *, *, #1469, .T. ) ;
#1076 = DIRECTION ( 'NONE',  ( -1.000000000000000000, 0.0000000000000000000, 1.373494438619799700E-016 ) ) ;
#1077 = CARTESIAN_POINT ( 'NONE',  ( 4.839999999999999900, 0.3099999999999999400, 0.0000000000000000000 ) ) ;
#1078 = CARTESIAN_POINT ( 'NONE',  ( 2.680000000000000200, 2.729999999999996000, 23.69999999999999900 ) ) ;
#1079 = ORIENTED_EDGE ( 'NONE', *, *, #2659, .F. ) ;
#1080 = ORIENTED_EDGE ( 'NONE', *, *, #2261, .T. ) ;
#1081 = ORIENTED_EDGE ( 'NONE', *, *, #1459, .T. ) ;
#1082 = VECTOR ( 'NONE', #243, 1000.000000000000000 ) ;
#1083 = CARTESIAN_POINT ( 'NONE',  ( 0.2360297657337953900, 0.3099999999999999400, -15.81999999999998600 ) ) ;
#1084 = EDGE_CURVE ( 'NONE', #2655, #402, #51, .T. ) ;
#1085 = ORIENTED_EDGE ( 'NONE', *, *, #705, .F. ) ;
#1086 = VECTOR ( 'NONE', #1145, 1000.000000000000000 ) ;
#1087 = CARTESIAN_POINT ( 'NONE',  ( 2.680000000000000200, 2.229999999999996400, 23.69999999999999900 ) ) ;
#1088 = DIRECTION ( 'NONE',  ( 1.000000000000000000, 0.0000000000000000000, -0.0000000000000000000 ) ) ;
#1089 = CARTESIAN_POINT ( 'NONE',  ( 9.254999999999986600, 2.229999999999996400, 23.70000000000000300 ) ) ;
#1090 = VECTOR ( 'NONE', #2474, 1000.000000000000000 ) ;
#1091 = LINE ( 'NONE', #659, #1399 ) ;
#1092 = CARTESIAN_POINT ( 'NONE',  ( 0.5999999999999989800, 0.3099999999999999400, -15.81999999999998600 ) ) ;
#1093 = CARTESIAN_POINT ( 'NONE',  ( 11.91000000000000000, 0.8700000000000014400, 17.64999999999999900 ) ) ;
#1094 = VERTEX_POINT ( 'NONE', #591 ) ;
#1095 = SURFACE_STYLE_FILL_AREA ( #335 ) ;
#1096 = EDGE_CURVE ( 'NONE', #1544, #65, #1706, .T. ) ;
#1097 = LINE ( 'NONE', #936, #1034 ) ;
#1098 = FACE_OUTER_BOUND ( 'NONE', #2717, .T. ) ;
#1099 = DIRECTION ( 'NONE',  ( 0.0000000000000000000, 1.000000000000000000, 1.651256423655872500E-016 ) ) ;
#1100 = FACE_OUTER_BOUND ( 'NONE', #1747, .T. ) ;
#1101 = CARTESIAN_POINT ( 'NONE',  ( 5.439999999999999500, -0.3099999999999999400, 0.0000000000000000000 ) ) ;
#1102 = DIRECTION ( 'NONE',  ( 9.637352644315595200E-017, -1.927470528863119000E-016, 1.000000000000000000 ) ) ;
#1103 = DIRECTION ( 'NONE',  ( -0.0000000000000000000, -2.328487887217193300E-016, 1.000000000000000000 ) ) ;
#1104 = ORIENTED_EDGE ( 'NONE', *, *, #1872, .T. ) ;
#1105 = CARTESIAN_POINT ( 'NONE',  ( 12.25500000000000300, 2.229999999999998200, 16.25000000000000700 ) ) ;
#1106 = ORIENTED_EDGE ( 'NONE', *, *, #527, .F. ) ;
#1107 = PLANE ( 'NONE',  #630 ) ;
#1108 = AXIS2_PLACEMENT_3D ( 'NONE', #1077, #619, #1515 ) ;
#1109 = CARTESIAN_POINT ( 'NONE',  ( 12.25500000000000300, 2.729999999999996000, 22.19999999999999600 ) ) ;
#1110 = DIRECTION ( 'NONE',  ( 0.0000000000000000000, 0.0000000000000000000, -1.000000000000000000 ) ) ;
#1111 = DIRECTION ( 'NONE',  ( 3.198165163486382200E-032, 1.000000000000000000, 2.328487887217193300E-016 ) ) ;
#1112 = EDGE_CURVE ( 'NONE', #2354, #106, #2263, .T. ) ;
#1113 = VERTEX_POINT ( 'NONE', #363 ) ;
#1114 = AXIS2_PLACEMENT_3D ( 'NONE', #2792, #2636, #2616 ) ;
#1115 = DIRECTION ( 'NONE',  ( 0.0000000000000000000, -1.000000000000000000, 0.0000000000000000000 ) ) ;
#1116 = ORIENTED_EDGE ( 'NONE', *, *, #1381, .F. ) ;
#1117 = EDGE_LOOP ( 'NONE', ( #662, #2643, #334, #934 ) ) ;
#1118 = AXIS2_PLACEMENT_3D ( 'NONE', #1101, #1003, #997 ) ;
#1119 = PLANE ( 'NONE',  #2352 ) ;
#1120 = DIRECTION ( 'NONE',  ( 0.0000000000000000000, -2.455312739597920200E-016, 1.000000000000000000 ) ) ;
#1121 = LINE ( 'NONE', #1907, #2190 ) ;
#1122 = EDGE_CURVE ( 'NONE', #2076, #1821, #2202, .T. ) ;
#1123 = EDGE_CURVE ( 'NONE', #1219, #1534, #1198, .T. ) ;
#1124 = CARTESIAN_POINT ( 'NONE',  ( 9.799999999999998900, 0.3099999999999999400, 0.0000000000000000000 ) ) ;
#1125 = DIRECTION ( 'NONE',  ( -0.7071067811865431300, -0.0000000000000000000, -0.7071067811865517900 ) ) ;
#1126 = LINE ( 'NONE', #2217, #1192 ) ;
#1127 = DIRECTION ( 'NONE',  ( 0.4472135954999563200, 1.476928644631090500E-016, -0.8944271909999167400 ) ) ;
#1128 = ORIENTED_EDGE ( 'NONE', *, *, #1964, .F. ) ;
#1129 = LINE ( 'NONE', #2693, #374 ) ;
#1130 = FACE_OUTER_BOUND ( 'NONE', #2733, .T. ) ;
#1131 = CARTESIAN_POINT ( 'NONE',  ( 6.940000000000000400, 0.3099999999999999400, 0.0000000000000000000 ) ) ;
#1132 = ORIENTED_EDGE ( 'NONE', *, *, #1362, .T. ) ;
#1133 = VECTOR ( 'NONE', #2735, 1000.000000000000000 ) ;
#1134 = CARTESIAN_POINT ( 'NONE',  ( 5.439999999999999500, 2.729999999999998600, 19.03000000000036000 ) ) ;
#1135 = FACE_OUTER_BOUND ( 'NONE', #2577, .T. ) ;
#1136 = CARTESIAN_POINT ( 'NONE',  ( 10.28000000000000100, 0.3099999999999999400, 0.0000000000000000000 ) ) ;
#1137 = VECTOR ( 'NONE', #1704, 1000.000000000000000 ) ;
#1138 = CARTESIAN_POINT ( 'NONE',  ( 5.676029765733792600, -0.3099999999999999400, -15.82000000000000400 ) ) ;
#1139 = VERTEX_POINT ( 'NONE', #1877 ) ;
#1140 = EDGE_LOOP ( 'NONE', ( #2333, #1378, #1746, #1510 ) ) ;
#1141 = ORIENTED_EDGE ( 'NONE', *, *, #923, .T. ) ;
#1142 = VERTEX_POINT ( 'NONE', #2381 ) ;
#1143 = AXIS2_PLACEMENT_3D ( 'NONE', #326, #301, #295 ) ;
#1144 = DIRECTION ( 'NONE',  ( -1.000000000000000000, -0.0000000000000000000, -0.0000000000000000000 ) ) ;
#1145 = DIRECTION ( 'NONE',  ( 5.364664646684144000E-018, 3.068496714581615700E-016, -1.000000000000000000 ) ) ;
#1146 = PLANE ( 'NONE',  #813 ) ;
#1147 = ORIENTED_EDGE ( 'NONE', *, *, #1764, .F. ) ;
#1148 = DIRECTION ( 'NONE',  ( 1.000000000000000000, -0.0000000000000000000, -0.0000000000000000000 ) ) ;
#1149 = ORIENTED_EDGE ( 'NONE', *, *, #1754, .F. ) ;
#1150 = EDGE_CURVE ( 'NONE', #1059, #637, #2753, .T. ) ;
#1151 = VERTEX_POINT ( 'NONE', #1960 ) ;
#1152 = VECTOR ( 'NONE', #2595, 1000.000000000000000 ) ;
#1153 = ORIENTED_EDGE ( 'NONE', *, *, #161, .T. ) ;
#1154 = DIRECTION ( 'NONE',  ( 0.0000000000000000000, 0.0000000000000000000, -1.000000000000000000 ) ) ;
#1155 = LINE ( 'NONE', #1180, #2224 ) ;
#1156 = DIRECTION ( 'NONE',  ( -0.0000000000000000000, 0.0000000000000000000, 1.000000000000000000 ) ) ;
#1157 = LINE ( 'NONE', #2018, #1090 ) ;
#1158 = CARTESIAN_POINT ( 'NONE',  ( 6.940000000000001300, 0.3099999999999999400, 4.249999999999996400 ) ) ;
#1159 = EDGE_CURVE ( 'NONE', #2193, #1568, #449, .T. ) ;
#1160 = VECTOR ( 'NONE', #1221, 1000.000000000000000 ) ;
#1161 = VERTEX_POINT ( 'NONE', #2300 ) ;
#1162 = VECTOR ( 'NONE', #1933, 1000.000000000000000 ) ;
#1163 = CARTESIAN_POINT ( 'NONE',  ( 2.680000000000000200, 2.229999999999996400, 23.69999999999999900 ) ) ;
#1164 = LINE ( 'NONE', #1029, #1671 ) ;
#1165 = UNCERTAINTY_MEASURE_WITH_UNIT (LENGTH_MEASURE( 1.000000000000000100E-005 ), #2514, 'distance_accuracy_value', 'NONE');
#1166 = CONICAL_SURFACE ( 'NONE', #176, 1.790000000000000000, 0.01745329251972126500 ) ;
#1167 = EDGE_CURVE ( 'NONE', #2374, #706, #1000, .T. ) ;
#1168 = AXIS2_PLACEMENT_3D ( 'NONE', #2825, #2590, #2569 ) ;
#1169 = FACE_OUTER_BOUND ( 'NONE', #278, .T. ) ;
#1170 = CARTESIAN_POINT ( 'NONE',  ( 2.680000000000000200, 2.729999999999996000, 23.69999999999999900 ) ) ;
#1171 = EDGE_LOOP ( 'NONE', ( #592, #2824, #1713, #1141 ) ) ;
#1172 = ORIENTED_EDGE ( 'NONE', *, *, #583, .T. ) ;
#1173 = STYLED_ITEM ( 'NONE', ( #1411 ), #91 ) ;
#1174 = ORIENTED_EDGE ( 'NONE', *, *, #1590, .F. ) ;
#1175 = CARTESIAN_POINT ( 'NONE',  ( 13.40999999999999800, 0.6700000000000710900, 4.268866800541908400 ) ) ;
#1176 = EDGE_CURVE ( 'NONE', #2475, #2177, #1063, .T. ) ;
#1177 = EDGE_CURVE ( 'NONE', #980, #1624, #1569, .T. ) ;
#1178 = CARTESIAN_POINT ( 'NONE',  ( 0.5999999999999989800, -0.3099999999999999400, 0.0000000000000000000 ) ) ;
#1179 = ORIENTED_EDGE ( 'NONE', *, *, #2215, .F. ) ;
#1180 = CARTESIAN_POINT ( 'NONE',  ( 15.68300000000006900, 2.229999999999997300, 20.48599999999994400 ) ) ;
#1181 = DIRECTION ( 'NONE',  ( 0.0000000000000000000, -1.000000000000000000, 1.143689371329846100E-013 ) ) ;
#1182 = ORIENTED_EDGE ( 'NONE', *, *, #1297, .T. ) ;
#1183 = CARTESIAN_POINT ( 'NONE',  ( 5.439999999999999500, 0.3099999999999999400, 0.0000000000000000000 ) ) ;
#1184 = ORIENTED_EDGE ( 'NONE', *, *, #685, .T. ) ;
#1185 = VECTOR ( 'NONE', #1308, 1000.000000000000000 ) ;
#1186 = CARTESIAN_POINT ( 'NONE',  ( 11.75500000000000100, 2.729999999999999500, 6.749999999999999100 ) ) ;
#1187 = EDGE_CURVE ( 'NONE', #1743, #318, #2621, .T. ) ;
#1188 = SURFACE_SIDE_STYLE ('',( #99 ) ) ;
#1189 = CARTESIAN_POINT ( 'NONE',  ( 11.48000000000000000, 0.3099999999999999400, 0.0000000000000000000 ) ) ;
#1190 = DIRECTION ( 'NONE',  ( -1.000000000000000000, -1.591374046096303700E-032, 9.637352644315595200E-017 ) ) ;
#1191 = DIRECTION ( 'NONE',  ( 1.000000000000000000, 0.0000000000000000000, -7.583490605363089200E-016 ) ) ;
#1192 = VECTOR ( 'NONE', #2499, 1000.000000000000000 ) ;
#1193 = AXIS2_PLACEMENT_3D ( 'NONE', #1420, #1260, #621 ) ;
#1194 = ORIENTED_EDGE ( 'NONE', *, *, #39, .F. ) ;
#1195 = LINE ( 'NONE', #1361, #577 ) ;
#1196 = FACE_OUTER_BOUND ( 'NONE', #673, .T. ) ;
#1197 = ORIENTED_EDGE ( 'NONE', *, *, #869, .T. ) ;
#1198 = LINE ( 'NONE', #2130, #515 ) ;
#1199 = FACE_OUTER_BOUND ( 'NONE', #764, .T. ) ;
#1200 = CARTESIAN_POINT ( 'NONE',  ( 11.95999999999999900, 0.3099999999999999400, 4.999999999999999100 ) ) ;
#1201 = DIRECTION ( 'NONE',  ( 0.7071067811865519000, 1.167614614644906900E-016, -0.7071067811865432400 ) ) ;
#1202 = DIRECTION ( 'NONE',  ( 1.000000000000000000, -0.0000000000000000000, 0.0000000000000000000 ) ) ;
#1203 = VECTOR ( 'NONE', #1684, 1000.000000000000000 ) ;
#1204 = ORIENTED_EDGE ( 'NONE', *, *, #1872, .F. ) ;
#1205 = EDGE_CURVE ( 'NONE', #2655, #2797, #928, .T. ) ;
#1206 = AXIS2_PLACEMENT_3D ( 'NONE', #602, #622, #632 ) ;
#1207 = CARTESIAN_POINT ( 'NONE',  ( 0.5999999999999989800, -0.3099999999999999400, -14.81999999999997200 ) ) ;
#1208 = ORIENTED_EDGE ( 'NONE', *, *, #676, .F. ) ;
#1209 = ORIENTED_EDGE ( 'NONE', *, *, #217, .T. ) ;
#1210 = VERTEX_POINT ( 'NONE', #2526 ) ;
#1211 = CARTESIAN_POINT ( 'NONE',  ( 5.439999999999999500, 2.730000000000000900, 1.217799165014592300E-015 ) ) ;
#1212 = EDGE_CURVE ( 'NONE', #384, #1423, #846, .T. ) ;
#1213 = VERTEX_POINT ( 'NONE', #2541 ) ;
#1214 = ORIENTED_EDGE ( 'NONE', *, *, #1470, .T. ) ;
#1215 = CARTESIAN_POINT ( 'NONE',  ( 5.439999999999999500, 2.229999999999997300, 19.02999999999984500 ) ) ;
#1216 = ORIENTED_EDGE ( 'NONE', *, *, #749, .F. ) ;
#1217 = VECTOR ( 'NONE', #1753, 1000.000000000000000 ) ;
#1218 = CARTESIAN_POINT ( 'NONE',  ( 6.039999999999998300, 0.3099999999999999400, -14.81999999999999000 ) ) ;
#1219 = VERTEX_POINT ( 'NONE', #2501 ) ;
#1220 = DIRECTION ( 'NONE',  ( 0.0000000000000000000, 0.0000000000000000000, -1.000000000000000000 ) ) ;
#1221 = DIRECTION ( 'NONE',  ( 0.0000000000000000000, -2.455312739597920200E-016, 1.000000000000000000 ) ) ;
#1222 = CARTESIAN_POINT ( 'NONE',  ( 12.25500000000000300, 2.229999999999996400, 23.69999999999999900 ) ) ;
#1223 = LINE ( 'NONE', #1189, #2228 ) ;
#1224 = CARTESIAN_POINT ( 'NONE',  ( 5.439999999999999500, 2.229999999999997300, 19.02999999999984500 ) ) ;
#1225 = DIRECTION ( 'NONE',  ( -0.7071067811865431300, -0.0000000000000000000, -0.7071067811865517900 ) ) ;
#1226 = COLOUR_RGB ( '',1.000000000000000000, 1.000000000000000000, 1.000000000000000000 ) ;
#1227 = EDGE_CURVE ( 'NONE', #980, #362, #2494, .T. ) ;
#1228 = DIRECTION ( 'NONE',  ( 0.0000000000000000000, -2.455312739597920200E-016, 1.000000000000000000 ) ) ;
#1229 = ORIENTED_EDGE ( 'NONE', *, *, #2709, .T. ) ;
#1230 = LINE ( 'NONE', #2507, #2233 ) ;
#1231 = VECTOR ( 'NONE', #1225, 1000.000000000000100 ) ;
#1232 = CARTESIAN_POINT ( 'NONE',  ( 4.839999999999992800, 0.3099999999999999400, -14.81999999999995100 ) ) ;
#1233 = FACE_OUTER_BOUND ( 'NONE', #1521, .T. ) ;
#1234 = FILL_AREA_STYLE_COLOUR ( '', #1032 ) ;
#1235 = ORIENTED_EDGE ( 'NONE', *, *, #2782, .F. ) ;
#1236 = FACE_OUTER_BOUND ( 'NONE', #560, .T. ) ;
#1237 = CARTESIAN_POINT ( 'NONE',  ( 11.75499999999999900, 2.729999999999997800, 15.75000000000000000 ) ) ;
#1238 = DIRECTION ( 'NONE',  ( 0.0000000000000000000, 1.000000000000000000, 0.0000000000000000000 ) ) ;
#1239 = VECTOR ( 'NONE', #772, 1000.000000000000000 ) ;
#1240 = ORIENTED_EDGE ( 'NONE', *, *, #1612, .T. ) ;
#1241 = DIRECTION ( 'NONE',  ( -0.7071067811865431300, 0.0000000000000000000, 0.7071067811865517900 ) ) ;
#1242 = VERTEX_POINT ( 'NONE', #1939 ) ;
#1243 = EDGE_CURVE ( 'NONE', #364, #98, #1937, .T. ) ;
#1244 = CARTESIAN_POINT ( 'NONE',  ( 12.99399912928092200, -2.290000000000001800, 24.12082825540070600 ) ) ;
#1245 = DIRECTION ( 'NONE',  ( 0.9902680687415708100, -0.1391731009600621900, -3.417134877965882200E-017 ) ) ;
#1246 = CARTESIAN_POINT ( 'NONE',  ( 0.1471304792870801700, -0.3099999999999999400, -1.926446959394307900 ) ) ;
#1247 = CARTESIAN_POINT ( 'NONE',  ( -0.8749999999999990000, 2.729999999999997800, 15.75000000000000000 ) ) ;
#1248 = DIRECTION ( 'NONE',  ( -1.000000000000000000, -0.0000000000000000000, -0.0000000000000000000 ) ) ;
#1249 = AXIS2_PLACEMENT_3D ( 'NONE', #282, #2275, #138 ) ;
#1250 = ORIENTED_EDGE ( 'NONE', *, *, #1470, .F. ) ;
#1251 = SURFACE_STYLE_USAGE ( .BOTH. , #1472 ) ;
#1252 = AXIS2_PLACEMENT_3D ( 'NONE', #686, #2227, #942 ) ;
#1253 = DIRECTION ( 'NONE',  ( 7.583490605363089200E-016, -1.651256423655872500E-016, 1.000000000000000000 ) ) ;
#1254 = ORIENTED_EDGE ( 'NONE', *, *, #940, .F. ) ;
#1255 = VECTOR ( 'NONE', #593, 1000.000000000000100 ) ;
#1256 = VERTEX_POINT ( 'NONE', #1083 ) ;
#1257 = DIRECTION ( 'NONE',  ( 0.0000000000000000000, 0.0000000000000000000, -1.000000000000000000 ) ) ;
#1258 = DIRECTION ( 'NONE',  ( 0.0000000000000000000, 2.455312739597920200E-016, -1.000000000000000000 ) ) ;
#1259 = EDGE_CURVE ( 'NONE', #1256, #1508, #2077, .T. ) ;
#1260 = DIRECTION ( 'NONE',  ( 0.0000000000000000000, -1.000000000000000000, -8.280302987956124700E-017 ) ) ;
#1261 = FILL_AREA_STYLE_COLOUR ( '', #2484 ) ;
#1262 = VECTOR ( 'NONE', #297, 1000.000000000000000 ) ;
#1263 = ORIENTED_EDGE ( 'NONE', *, *, #1469, .F. ) ;
#1264 = LINE ( 'NONE', #1642, #2318 ) ;
#1265 = DIRECTION ( 'NONE',  ( 0.0000000000000000000, -2.422798150805596600E-016, 1.000000000000000000 ) ) ;
#1266 = FACE_OUTER_BOUND ( 'NONE', #1312, .T. ) ;
#1267 = EDGE_CURVE ( 'NONE', #2469, #937, #765, .T. ) ;
#1268 = DIRECTION ( 'NONE',  ( 0.0000000000000000000, -1.000000000000000000, 0.0000000000000000000 ) ) ;
#1269 = ORIENTED_EDGE ( 'NONE', *, *, #2241, .T. ) ;
#1270 = LINE ( 'NONE', #1904, #2393 ) ;
#1271 = EDGE_CURVE ( 'NONE', #1821, #2270, #1437, .T. ) ;
#1272 = CARTESIAN_POINT ( 'NONE',  ( 0.2360297657337953900, 0.3099999999999999400, -15.81999999999998600 ) ) ;
#1273 = LINE ( 'NONE', #2153, #2754 ) ;
#1274 = VERTEX_POINT ( 'NONE', #2368 ) ;
#1275 = CARTESIAN_POINT ( 'NONE',  ( -0.8749999999999990000, 2.229999999999998200, 15.75000000000000000 ) ) ;
#1276 = ORIENTED_EDGE ( 'NONE', *, *, #1123, .F. ) ;
#1277 = EDGE_LOOP ( 'NONE', ( #292, #1844, #2476, #266 ) ) ;
#1278 = DIRECTION ( 'NONE',  ( 9.637352644315594000E-017, 1.927470528863118800E-016, -1.000000000000000000 ) ) ;
#1279 = VERTEX_POINT ( 'NONE', #383 ) ;
#1280 = DIRECTION ( 'NONE',  ( -1.000000000000000000, -0.0000000000000000000, -0.0000000000000000000 ) ) ;
#1281 = ADVANCED_FACE ( 'NONE', ( #1871 ), #401, .T. ) ;
#1282 = DIRECTION ( 'NONE',  ( -6.853363922158687900E-018, -0.0000000000000000000, 1.000000000000000000 ) ) ;
#1283 = ORIENTED_EDGE ( 'NONE', *, *, #1610, .F. ) ;
#1284 = ADVANCED_FACE ( 'NONE', ( #76 ), #850, .F. ) ;
#1285 = ORIENTED_EDGE ( 'NONE', *, *, #2123, .F. ) ;
#1286 = CARTESIAN_POINT ( 'NONE',  ( 10.28000000000000100, 0.3099999999999999400, -14.81999999999999300 ) ) ;
#1287 = ORIENTED_EDGE ( 'NONE', *, *, #804, .F. ) ;
#1288 = ORIENTED_EDGE ( 'NONE', *, *, #2820, .T. ) ;
#1289 = CARTESIAN_POINT ( 'NONE',  ( 12.99399912928092200, -2.290000000000001400, 24.12082825540070600 ) ) ;
#1290 = PLANE ( 'NONE',  #1193 ) ;
#1291 = CIRCLE ( 'NONE', #962, 1.868896893474535800 ) ;
#1292 = CARTESIAN_POINT ( 'NONE',  ( 5.439999999999999500, 2.229999999999777900, 17.23999999999984200 ) ) ;
#1293 = ORIENTED_EDGE ( 'NONE', *, *, #1888, .T. ) ;
#1294 = DIRECTION ( 'NONE',  ( -1.000000000000000000, 0.0000000000000000000, 0.0000000000000000000 ) ) ;
#1295 = VECTOR ( 'NONE', #897, 1000.000000000000000 ) ;
#1296 = CARTESIAN_POINT ( 'NONE',  ( 6.039999999999998300, -0.3099999999999999400, -15.82000000000000000 ) ) ;
#1297 = EDGE_CURVE ( 'NONE', #2193, #2518, #684, .T. ) ;
#1298 = DIRECTION ( 'NONE',  ( -1.000000000000000000, -0.0000000000000000000, -0.0000000000000000000 ) ) ;
#1299 = DIRECTION ( 'NONE',  ( 2.168404344971021900E-015, 4.336808689942043800E-015, -1.000000000000000000 ) ) ;
#1300 = VECTOR ( 'NONE', #1652, 1000.000000000000000 ) ;
#1301 = ORIENTED_EDGE ( 'NONE', *, *, #264, .F. ) ;
#1302 = VECTOR ( 'NONE', #149, 1000.000000000000000 ) ;
#1303 = LINE ( 'NONE', #1237, #1231 ) ;
#1304 = CARTESIAN_POINT ( 'NONE',  ( 12.21982184536909000, -2.290000000000000000, 17.37099252493612800 ) ) ;
#1305 = LINE ( 'NONE', #976, #2358 ) ;
#1306 = ORIENTED_EDGE ( 'NONE', *, *, #1020, .F. ) ;
#1307 = FACE_OUTER_BOUND ( 'NONE', #1140, .T. ) ;
#1308 = DIRECTION ( 'NONE',  ( -1.233605505988563800E-016, -0.0000000000000000000, -1.000000000000000000 ) ) ;
#1309 = EDGE_CURVE ( 'NONE', #612, #2607, #1803, .T. ) ;
#1310 = DIRECTION ( 'NONE',  ( 0.0000000000000000000, -1.000000000000000000, -0.0000000000000000000 ) ) ;
#1311 = VERTEX_POINT ( 'NONE', #1507 ) ;
#1312 = EDGE_LOOP ( 'NONE', ( #2050, #354, #969, #1545 ) ) ;
#1313 = PLANE ( 'NONE',  #2304 ) ;
#1314 = EDGE_LOOP ( 'NONE', ( #1031, #2778, #343, #834, #140, #2179 ) ) ;
#1315 = CARTESIAN_POINT ( 'NONE',  ( 5.439999999999999500, 2.229999999999997800, 17.23999999999984600 ) ) ;
#1316 = CARTESIAN_POINT ( 'NONE',  ( -0.8749999999999998900, 2.230000000000000000, 6.750000000000000900 ) ) ;
#1317 = EDGE_CURVE ( 'NONE', #1414, #2140, #2424, .T. ) ;
#1318 = CARTESIAN_POINT ( 'NONE',  ( -0.8749999999999998900, 2.729999999999999500, 6.750000000000000900 ) ) ;
#1319 = CARTESIAN_POINT ( 'NONE',  ( 4.839999999999999900, 0.3099999999999999400, 0.0000000000000000000 ) ) ;
#1320 = AXIS2_PLACEMENT_3D ( 'NONE', #1024, #2178, #2158 ) ;
#1321 = ORIENTED_EDGE ( 'NONE', *, *, #493, .F. ) ;
#1322 = PLANE ( 'NONE',  #2089 ) ;
#1323 = PLANE ( 'NONE',  #180 ) ;
#1324 = ORIENTED_EDGE ( 'NONE', *, *, #2546, .F. ) ;
#1325 = VERTEX_POINT ( 'NONE', #877 ) ;
#1326 = EDGE_CURVE ( 'NONE', #32, #145, #2288, .T. ) ;
#1327 = ORIENTED_EDGE ( 'NONE', *, *, #1697, .F. ) ;
#1328 = EDGE_CURVE ( 'NONE', #1274, #1456, #13, .T. ) ;
#1329 = DIRECTION ( 'NONE',  ( 0.0000000000000000000, -1.000000000000000000, 0.0000000000000000000 ) ) ;
#1330 = CARTESIAN_POINT ( 'NONE',  ( -0.6000000000000007500, 0.3099999999999999400, 0.0000000000000000000 ) ) ;
#1331 = VECTOR ( 'NONE', #159, 1000.000000000000000 ) ;
#1332 = ADVANCED_FACE ( 'NONE', ( #1669 ), #2560, .T. ) ;
#1333 = CARTESIAN_POINT ( 'NONE',  ( 6.040000000000000000, 0.3099999999999999400, 0.0000000000000000000 ) ) ;
#1334 = VERTEX_POINT ( 'NONE', #1944 ) ;
#1335 = VECTOR ( 'NONE', #447, 1000.000000000000000 ) ;
#1336 = DIRECTION ( 'NONE',  ( 1.000000000000000000, -0.0000000000000000000, -0.0000000000000000000 ) ) ;
#1337 = CARTESIAN_POINT ( 'NONE',  ( -0.6000000000000007500, 0.3099999999999999400, -14.81999999999997200 ) ) ;
#1338 = ORIENTED_EDGE ( 'NONE', *, *, #1552, .T. ) ;
#1339 = VECTOR ( 'NONE', #2721, 1000.000000000000000 ) ;
#1340 = EDGE_CURVE ( 'NONE', #1575, #777, #2779, .T. ) ;
#1341 = FACE_OUTER_BOUND ( 'NONE', #636, .T. ) ;
#1342 = ORIENTED_EDGE ( 'NONE', *, *, #952, .F. ) ;
#1343 = VERTEX_POINT ( 'NONE', #2516 ) ;
#1344 = LINE ( 'NONE', #638, #725 ) ;
#1345 = FACE_OUTER_BOUND ( 'NONE', #2410, .T. ) ;
#1346 = DIRECTION ( 'NONE',  ( -0.0000000000000000000, -0.0000000000000000000, 1.000000000000000000 ) ) ;
#1347 = ORIENTED_EDGE ( 'NONE', *, *, #1898, .F. ) ;
#1348 = CARTESIAN_POINT ( 'NONE',  ( 7.680000000000000600, 2.229999999999996400, 23.50000000000000000 ) ) ;
#1349 = ORIENTED_EDGE ( 'NONE', *, *, #1353, .T. ) ;
#1350 = EDGE_LOOP ( 'NONE', ( #1945, #2504, #633, #392, #1921, #744, #530, #2828, #1992, #1820 ) ) ;
#1351 = DIRECTION ( 'NONE',  ( -0.7071067811865519000, 1.167614614644906900E-016, -0.7071067811865432400 ) ) ;
#1352 = CARTESIAN_POINT ( 'NONE',  ( 4.839999999999999900, -0.3099999999999999400, 0.0000000000000000000 ) ) ;
#1353 = EDGE_CURVE ( 'NONE', #2752, #2695, #1230, .T. ) ;
#1354 = CARTESIAN_POINT ( 'NONE',  ( 9.254999999999986600, 2.229999999999996400, 23.70000000000000300 ) ) ;
#1355 = ORIENTED_EDGE ( 'NONE', *, *, #685, .F. ) ;
#1356 = AXIS2_PLACEMENT_3D ( 'NONE', #2057, #2806, #2800 ) ;
#1357 = CARTESIAN_POINT ( 'NONE',  ( -2.530000000000000200, 2.730000000000000400, 4.376826825864969600 ) ) ;
#1358 = CARTESIAN_POINT ( 'NONE',  ( -1.375000000000000400, 2.229999999999996400, 23.69999999999999900 ) ) ;
#1359 = LINE ( 'NONE', #2572, #1926 ) ;
#1360 = ORIENTED_EDGE ( 'NONE', *, *, #501, .F. ) ;
#1361 = CARTESIAN_POINT ( 'NONE',  ( 15.53651040599653800, -0.3099999999999999400, -3.674829257741667900 ) ) ;
#1362 = EDGE_CURVE ( 'NONE', #1161, #1019, #2718, .T. ) ;
#1363 = DIRECTION ( 'NONE',  ( 0.0000000000000000000, -0.9986295347545739400, -0.05233595624294422300 ) ) ;
#1364 = VECTOR ( 'NONE', #924, 1000.000000000000000 ) ;
#1365 = CARTESIAN_POINT ( 'NONE',  ( -0.8749999999999990000, 2.229999999999998200, 15.75000000000000000 ) ) ;
#1366 = DIRECTION ( 'NONE',  ( 0.0000000000000000000, -0.9396926207859082100, -0.3420201433256693800 ) ) ;
#1367 = ORIENTED_EDGE ( 'NONE', *, *, #1726, .T. ) ;
#1368 = LINE ( 'NONE', #1864, #1300 ) ;
#1369 = CARTESIAN_POINT ( 'NONE',  ( -1.080000000000000300, 0.3099999999999999400, 4.999999999999995600 ) ) ;
#1370 = VERTEX_POINT ( 'NONE', #93 ) ;
#1371 = VECTOR ( 'NONE', #1278, 1000.000000000000000 ) ;
#1372 = VECTOR ( 'NONE', #1298, 1000.000000000000000 ) ;
#1373 = FACE_OUTER_BOUND ( 'NONE', #1846, .T. ) ;
#1374 = PLANE ( 'NONE',  #855 ) ;
#1375 = ORIENTED_EDGE ( 'NONE', *, *, #105, .F. ) ;
#1376 = CYLINDRICAL_SURFACE ( 'NONE', #2255, 3.595000000000002900 ) ;
#1377 = DIRECTION ( 'NONE',  ( 9.637352644315595200E-017, 0.0000000000000000000, 1.000000000000000000 ) ) ;
#1378 = ORIENTED_EDGE ( 'NONE', *, *, #1070, .F. ) ;
#1379 = ORIENTED_EDGE ( 'NONE', *, *, #2373, .T. ) ;
#1380 = MANIFOLD_SOLID_BREP ( 'Lead3', #943 ) ;
#1381 = EDGE_CURVE ( 'NONE', #2013, #692, #1401, .T. ) ;
#1382 = ORIENTED_EDGE ( 'NONE', *, *, #1931, .T. ) ;
#1383 = ORIENTED_EDGE ( 'NONE', *, *, #1726, .F. ) ;
#1384 = CARTESIAN_POINT ( 'NONE',  ( -1.375000000000000400, 2.229999999999998200, 16.25000000000000700 ) ) ;
#1385 = DIRECTION ( 'NONE',  ( -1.000000000000000000, 0.0000000000000000000, -0.0000000000000000000 ) ) ;
#1386 = CARTESIAN_POINT ( 'NONE',  ( 10.28000000000000100, -0.3099999999999999400, 0.0000000000000000000 ) ) ;
#1387 = ORIENTED_EDGE ( 'NONE', *, *, #2446, .T. ) ;
#1388 = EDGE_CURVE ( 'NONE', #2093, #2744, #2167, .T. ) ;
#1389 = DIRECTION ( 'NONE',  ( -0.9396926207859093200, 0.0000000000000000000, 0.3420201433256663300 ) ) ;
#1390 = CARTESIAN_POINT ( 'NONE',  ( 1.624999999999981600, 2.729999999999996000, 23.69999999999999900 ) ) ;
#1391 = ORIENTED_EDGE ( 'NONE', *, *, #1744, .F. ) ;
#1392 = ORIENTED_EDGE ( 'NONE', *, *, #381, .T. ) ;
#1393 = LINE ( 'NONE', #2529, #797 ) ;
#1394 = DIRECTION ( 'NONE',  ( -0.0000000000000000000, -0.0000000000000000000, 1.000000000000000000 ) ) ;
#1395 = CARTESIAN_POINT ( 'NONE',  ( -1.080000000000000300, 0.3099999999999999400, 0.0000000000000000000 ) ) ;
#1396 = FILL_AREA_STYLE_COLOUR ( '', #330 ) ;
#1397 = PRODUCT_DEFINITION_CONTEXT ( 'detailed design', #729, 'design' ) ;
#1398 =( GEOMETRIC_REPRESENTATION_CONTEXT ( 3 ) GLOBAL_UNCERTAINTY_ASSIGNED_CONTEXT ( ( #624 ) ) GLOBAL_UNIT_ASSIGNED_CONTEXT ( ( #1616, #1829, #495 ) ) REPRESENTATION_CONTEXT ( 'NONE', 'WORKASPACE' ) );
#1399 = VECTOR ( 'NONE', #541, 1000.000000000000000 ) ;
#1400 = ORIENTED_EDGE ( 'NONE', *, *, #2817, .F. ) ;
#1401 = LINE ( 'NONE', #2522, #808 ) ;
#1402 = DIRECTION ( 'NONE',  ( 9.637352644315595200E-017, 0.0000000000000000000, 1.000000000000000000 ) ) ;
#1403 = LINE ( 'NONE', #202, #2527 ) ;
#1404 = ORIENTED_EDGE ( 'NONE', *, *, #1620, .F. ) ;
#1405 = VECTOR ( 'NONE', #1102, 1000.000000000000000 ) ;
#1406 = EDGE_CURVE ( 'NONE', #656, #576, #183, .T. ) ;
#1407 = AXIS2_PLACEMENT_3D ( 'NONE', #2580, #2369, #2377 ) ;
#1408 = FACE_OUTER_BOUND ( 'NONE', #2331, .T. ) ;
#1409 = DIRECTION ( 'NONE',  ( -0.0000000000000000000, -0.9993908270190954300, 0.03489949670250741500 ) ) ;
#1410 =( LENGTH_UNIT ( ) NAMED_UNIT ( * ) SI_UNIT ( .MILLI., .METRE. ) );
#1411 = PRESENTATION_STYLE_ASSIGNMENT (( #1948 ) ) ;
#1412 = ORIENTED_EDGE ( 'NONE', *, *, #1036, .T. ) ;
#1413 = AXIS2_PLACEMENT_3D ( 'NONE', #989, #866, #854 ) ;
#1414 = VERTEX_POINT ( 'NONE', #2429 ) ;
#1415 = ORIENTED_EDGE ( 'NONE', *, *, #40, .F. ) ;
#1416 = DIRECTION ( 'NONE',  ( 0.9848077530122088000, 4.263605828335677800E-017, -0.1736481776669265300 ) ) ;
#1417 = EDGE_CURVE ( 'NONE', #194, #1482, #113, .T. ) ;
#1418 = EDGE_CURVE ( 'NONE', #1494, #2441, #1970, .T. ) ;
#1419 = DIRECTION ( 'NONE',  ( 0.0000000000000000000, 0.0000000000000000000, -1.000000000000000000 ) ) ;
#1420 = CARTESIAN_POINT ( 'NONE',  ( 13.40999999999999800, 2.730000000000000400, 4.250000000000009800 ) ) ;
#1421 = PLANE ( 'NONE',  #2009 ) ;
#1422 = DIRECTION ( 'NONE',  ( 0.0000000000000000000, 0.9396926207859082100, 0.3420201433256693800 ) ) ;
#1423 = VERTEX_POINT ( 'NONE', #2047 ) ;
#1424 = LINE ( 'NONE', #157, #751 ) ;
#1425 = DIRECTION ( 'NONE',  ( -0.0000000000000000000, -1.000000000000000000, -0.0000000000000000000 ) ) ;
#1426 = ORIENTED_EDGE ( 'NONE', *, *, #1988, .F. ) ;
#1427 = CARTESIAN_POINT ( 'NONE',  ( 11.63353582325805900, -2.290000000000000900, 21.53562943095345600 ) ) ;
#1428 = DIRECTION ( 'NONE',  ( 0.0000000000000000000, -1.000000000000000000, -1.651256423655872500E-016 ) ) ;
#1429 = CARTESIAN_POINT ( 'NONE',  ( -2.530000000000000200, 0.6749999999999976000, 25.19999999999999900 ) ) ;
#1430 = DIRECTION ( 'NONE',  ( -0.0000000000000000000, -4.336808689941968800E-015, 1.000000000000000000 ) ) ;
#1431 = VECTOR ( 'NONE', #1787, 1000.000000000000200 ) ;
#1432 = AXIS2_PLACEMENT_3D ( 'NONE', #313, #1789, #1750 ) ;
#1433 = DIRECTION ( 'NONE',  ( 0.0000000000000000000, 0.0000000000000000000, 1.000000000000000000 ) ) ;
#1434 = EDGE_LOOP ( 'NONE', ( #1484, #2043, #1182, #1079 ) ) ;
#1435 = LINE ( 'NONE', #2004, #220 ) ;
#1436 = ORIENTED_EDGE ( 'NONE', *, *, #2208, .F. ) ;
#1437 = LINE ( 'NONE', #1286, #1302 ) ;
#1438 = ORIENTED_EDGE ( 'NONE', *, *, #695, .T. ) ;
#1439 = VECTOR ( 'NONE', #1248, 1000.000000000000000 ) ;
#1440 = VECTOR ( 'NONE', #9, 1000.000000000000000 ) ;
#1441 = DIRECTION ( 'NONE',  ( 0.0000000000000000000, -1.651256423655872500E-016, 1.000000000000000000 ) ) ;
#1442 = FACE_OUTER_BOUND ( 'NONE', #133, .T. ) ;
#1443 = EDGE_CURVE ( 'NONE', #1113, #2177, #1836, .T. ) ;
#1444 = DIRECTION ( 'NONE',  ( -0.1390275243235443700, 0.9892322371498051300, 0.04572667125494652600 ) ) ;
#1445 = EDGE_LOOP ( 'NONE', ( #137, #2481, #972, #1360, #1426, #917, #2378, #2502, #211, #2548, #1632, #2748, #2120, #860 ) ) ;
#1446 = DIRECTION ( 'NONE',  ( -1.000000000000000000, 0.0000000000000000000, 0.0000000000000000000 ) ) ;
#1447 = ORIENTED_EDGE ( 'NONE', *, *, #2727, .T. ) ;
#1448 = DIRECTION ( 'NONE',  ( 1.000000000000000000, 0.0000000000000000000, 0.0000000000000000000 ) ) ;
#1449 = DIRECTION ( 'NONE',  ( 0.0000000000000000000, 0.0000000000000000000, -1.000000000000000000 ) ) ;
#1450 = AXIS2_PLACEMENT_3D ( 'NONE', #874, #1310, #663 ) ;
#1451 = EDGE_CURVE ( 'NONE', #1210, #2760, #1264, .T. ) ;
#1452 =( NAMED_UNIT ( * ) SI_UNIT ( $, .STERADIAN. ) SOLID_ANGLE_UNIT ( ) );
#1453 = CARTESIAN_POINT ( 'NONE',  ( 7.680000000000000600, 2.229999999999996400, 23.50000000000000000 ) ) ;
#1454 = DIRECTION ( 'NONE',  ( 0.0000000000000000000, 1.000000000000000000, 1.651256423655872500E-016 ) ) ;
#1455 = ORIENTED_EDGE ( 'NONE', *, *, #316, .F. ) ;
#1456 = VERTEX_POINT ( 'NONE', #1178 ) ;
#1457 = DIRECTION ( 'NONE',  ( 0.8944271909999143000, 1.041331440120509100E-016, -0.4472135954999612600 ) ) ;
#1458 = ORIENTED_EDGE ( 'NONE', *, *, #1328, .F. ) ;
#1459 = EDGE_CURVE ( 'NONE', #1151, #692, #1195, .T. ) ;
#1460 = AXIS2_PLACEMENT_3D ( 'NONE', #2221, #2186, #2164 ) ;
#1461 = CARTESIAN_POINT ( 'NONE',  ( 2.680000000000000200, 2.229999999999996400, 23.69999999999999900 ) ) ;
#1462 = VECTOR ( 'NONE', #461, 999.9999999999998900 ) ;
#1463 = VERTEX_POINT ( 'NONE', #1186 ) ;
#1464 = UNCERTAINTY_MEASURE_WITH_UNIT (LENGTH_MEASURE( 1.000000000000000100E-005 ), #1891, 'distance_accuracy_value', 'NONE');
#1465 = CARTESIAN_POINT ( 'NONE',  ( -1.375000000000000400, 2.229999999999996400, 23.69999999999999900 ) ) ;
#1466 = PRESENTATION_LAYER_ASSIGNMENT (  '', '', ( #1173 ) ) ;
#1467 = VECTOR ( 'NONE', #87, 1000.000000000000100 ) ;
#1468 = CARTESIAN_POINT ( 'NONE',  ( 9.799999999999998900, -0.3099999999999999400, 4.271650877084877800 ) ) ;
#1469 = EDGE_CURVE ( 'NONE', #2445, #2752, #653, .T. ) ;
#1470 = EDGE_CURVE ( 'NONE', #1743, #2247, #2810, .T. ) ;
#1471 = DIRECTION ( 'NONE',  ( 0.8944271909999146300, -1.041331440120507600E-016, 0.4472135954999604300 ) ) ;
#1472 = SURFACE_SIDE_STYLE ('',( #1095 ) ) ;
#1473 = ORIENTED_EDGE ( 'NONE', *, *, #39, .T. ) ;
#1474 = CIRCLE ( 'NONE', #2473, 1.868896893474535800 ) ;
#1475 = ORIENTED_EDGE ( 'NONE', *, *, #407, .T. ) ;
#1476 = FACE_OUTER_BOUND ( 'NONE', #2600, .T. ) ;
#1477 = LINE ( 'NONE', #132, #814 ) ;
#1478 = CARTESIAN_POINT ( 'NONE',  ( -4.803000000000051500, 2.229999999999997300, 20.48599999999995800 ) ) ;
#1479 = VECTOR ( 'NONE', #2080, 1000.000000000000000 ) ;
#1480 = VERTEX_POINT ( 'NONE', #436 ) ;
#1481 = CARTESIAN_POINT ( 'NONE',  ( 7.680000000000000600, 2.729999999999996900, 23.50000000000000000 ) ) ;
#1482 = VERTEX_POINT ( 'NONE', #485 ) ;
#1483 = ORIENTED_EDGE ( 'NONE', *, *, #427, .T. ) ;
#1484 = ORIENTED_EDGE ( 'NONE', *, *, #1598, .F. ) ;
#1485 = EDGE_CURVE ( 'NONE', #2121, #1784, #1702, .T. ) ;
#1486 = ORIENTED_EDGE ( 'NONE', *, *, #2762, .F. ) ;
#1487 = CARTESIAN_POINT ( 'NONE',  ( 11.90757146730719100, 0.6699999999999978200, 21.37377289330908100 ) ) ;
#1488 = DIRECTION ( 'NONE',  ( -3.291323755655327900E-032, -1.000000000000000000, -2.020644701196047800E-016 ) ) ;
#1489 = AXIS2_PLACEMENT_3D ( 'NONE', #998, #865, #742 ) ;
#1490 = ORIENTED_EDGE ( 'NONE', *, *, #2215, .T. ) ;
#1491 = EDGE_LOOP ( 'NONE', ( #1794, #1179, #1919, #1375 ) ) ;
#1492 = VECTOR ( 'NONE', #858, 1000.000000000000000 ) ;
#1493 = DIRECTION ( 'NONE',  ( 0.0000000000000000000, 2.412689118187490600E-016, -1.000000000000000000 ) ) ;
#1494 = VERTEX_POINT ( 'NONE', #4 ) ;
#1495 = EDGE_CURVE ( 'NONE', #933, #2741, #2198, .T. ) ;
#1496 = AXIS2_PLACEMENT_3D ( 'NONE', #702, #1072, #1088 ) ;
#1497 = CARTESIAN_POINT ( 'NONE',  ( 7.680000000000000600, 2.729999999999996000, 23.70000000000000300 ) ) ;
#1498 = VERTEX_POINT ( 'NONE', #2710 ) ;
#1499 = CARTESIAN_POINT ( 'NONE',  ( 6.940000000000000400, 0.3099999999999999400, 0.0000000000000000000 ) ) ;
#1500 = LINE ( 'NONE', #430, #1696 ) ;
#1501 = EDGE_LOOP ( 'NONE', ( #795, #1392, #1962, #2515 ) ) ;
#1502 = LINE ( 'NONE', #2225, #2003 ) ;
#1503 = EDGE_LOOP ( 'NONE', ( #469, #1723, #754, #1996 ) ) ;
#1504 = VECTOR ( 'NONE', #2759, 1000.000000000000000 ) ;
#1505 = EDGE_CURVE ( 'NONE', #603, #1705, #1770, .T. ) ;
#1506 = LINE ( 'NONE', #1656, #2008 ) ;
#1507 = CARTESIAN_POINT ( 'NONE',  ( 5.440000000000000400, 2.229999999999997300, 22.62500000000035900 ) ) ;
#1508 = VERTEX_POINT ( 'NONE', #2658 ) ;
#1509 = FACE_OUTER_BOUND ( 'NONE', #2641, .T. ) ;
#1510 = ORIENTED_EDGE ( 'NONE', *, *, #283, .F. ) ;
#1511 = EDGE_LOOP ( 'NONE', ( #944, #1520, #2640, #391 ) ) ;
#1512 = DIRECTION ( 'NONE',  ( 0.8944271909999163000, 1.041331440120499300E-016, -0.4472135954999571000 ) ) ;
#1513 = CARTESIAN_POINT ( 'NONE',  ( 11.75500000000000100, 2.230000000000000000, 6.749999999999999100 ) ) ;
#1514 = ORIENTED_EDGE ( 'NONE', *, *, #2633, .T. ) ;
#1515 = DIRECTION ( 'NONE',  ( 6.853363922158688600E-018, 0.0000000000000000000, -1.000000000000000000 ) ) ;
#1516 = CARTESIAN_POINT ( 'NONE',  ( -0.8749999999999990000, 2.229999999999998200, 15.75000000000000000 ) ) ;
#1517 = DIRECTION ( 'NONE',  ( -0.0000000000000000000, 1.000000000000000000, 1.651256423655872500E-016 ) ) ;
#1518 = EDGE_CURVE ( 'NONE', #1835, #857, #1060, .T. ) ;
#1519 = DIRECTION ( 'NONE',  ( -0.0000000000000000000, 0.9993908270190954300, -0.03489949670250741500 ) ) ;
#1520 = ORIENTED_EDGE ( 'NONE', *, *, #2182, .T. ) ;
#1521 = EDGE_LOOP ( 'NONE', ( #589, #2298, #1104, #112 ) ) ;
#1522 = DIRECTION ( 'NONE',  ( 0.0000000000000000000, -1.000000000000000000, 1.143689371329846100E-013 ) ) ;
#1523 = LINE ( 'NONE', #1818, #2222 ) ;
#1524 = CLOSED_SHELL ( 'NONE', ( #203, #721, #170, #204, #715, #2315, #540, #154, #991, #760, #270, #867, #675, #238, #285, #791, #378, #825 ) ) ;
#1525 = CARTESIAN_POINT ( 'NONE',  ( -0.8749999999999990000, 2.229999999999998200, 15.75000000000000000 ) ) ;
#1526 = CARTESIAN_POINT ( 'NONE',  ( 0.5999999999999989800, 0.3099999999999999400, 0.0000000000000000000 ) ) ;
#1527 = FACE_OUTER_BOUND ( 'NONE', #1171, .T. ) ;
#1528 = DIRECTION ( 'NONE',  ( 0.0000000000000000000, 1.000000000000000000, 1.651256423655872500E-016 ) ) ;
#1529 = VECTOR ( 'NONE', #642, 1000.000000000000000 ) ;
#1530 = CARTESIAN_POINT ( 'NONE',  ( 5.676029765733795300, 0.3099999999999999400, -15.82000000000000000 ) ) ;
#1531 = EDGE_CURVE ( 'NONE', #1279, #2371, #2686, .T. ) ;
#1532 = CARTESIAN_POINT ( 'NONE',  ( 11.91000000000000000, 0.8700000000000014400, 17.64999999999999900 ) ) ;
#1533 = DIRECTION ( 'NONE',  ( 0.0000000000000000000, -0.0000000000000000000, 1.000000000000000000 ) ) ;
#1534 = VERTEX_POINT ( 'NONE', #2513 ) ;
#1535 = FACE_OUTER_BOUND ( 'NONE', #2666, .T. ) ;
#1536 = CARTESIAN_POINT ( 'NONE',  ( 12.25500000000000300, 2.229999999999996400, 23.69999999999999900 ) ) ;
#1537 = EDGE_LOOP ( 'NONE', ( #2023, #875, #245, #1081, #1116, #1287, #500, #1321, #1018, #1147 ) ) ;
#1538 = ORIENTED_EDGE ( 'NONE', *, *, #1697, .T. ) ;
#1539 = LINE ( 'NONE', #369, #2589 ) ;
#1540 = FACE_OUTER_BOUND ( 'NONE', #2542, .T. ) ;
#1541 = AXIS2_PLACEMENT_3D ( 'NONE', #372, #2739, #2728 ) ;
#1542 = PLANE ( 'NONE',  #225 ) ;
#1543 = VECTOR ( 'NONE', #2103, 1000.000000000000000 ) ;
#1544 = VERTEX_POINT ( 'NONE', #2419 ) ;
#1545 = ORIENTED_EDGE ( 'NONE', *, *, #1084, .T. ) ;
#1546 = DIRECTION ( 'NONE',  ( 0.0000000000000000000, -2.455312739597920200E-016, 1.000000000000000000 ) ) ;
#1547 = PLANE ( 'NONE',  #2176 ) ;
#1548 = ORIENTED_EDGE ( 'NONE', *, *, #2540, .T. ) ;
#1549 = ORIENTED_EDGE ( 'NONE', *, *, #1205, .T. ) ;
#1550 = CARTESIAN_POINT ( 'NONE',  ( 11.75500000000000100, 2.230000000000000000, 6.749999999999999100 ) ) ;
#1551 = CARTESIAN_POINT ( 'NONE',  ( 13.40999999999999800, 2.730000000000000400, 4.250000000000009800 ) ) ;
#1552 = EDGE_CURVE ( 'NONE', #250, #2445, #1129, .T. ) ;
#1553 = CARTESIAN_POINT ( 'NONE',  ( 2.680000000000000200, 2.229999999999996400, 23.69999999999999900 ) ) ;
#1554 = DIRECTION ( 'NONE',  ( -1.000000000000000000, -1.591374046096303700E-032, 9.637352644315595200E-017 ) ) ;
#1555 = FILL_AREA_STYLE ('',( #2054 ) ) ;
#1556 = EDGE_CURVE ( 'NONE', #362, #1311, #2137, .T. ) ;
#1557 = ORIENTED_EDGE ( 'NONE', *, *, #1406, .F. ) ;
#1558 = EDGE_CURVE ( 'NONE', #1582, #2596, #996, .T. ) ;
#1559 = VECTOR ( 'NONE', #1953, 1000.000000000000100 ) ;
#1560 = DIRECTION ( 'NONE',  ( 0.0000000000000000000, -2.455312739597920200E-016, 1.000000000000000000 ) ) ;
#1561 = PLANE ( 'NONE',  #2451 ) ;
#1562 = LINE ( 'NONE', #257, #2070 ) ;
#1563 = DIRECTION ( 'NONE',  ( 0.0000000000000000000, 1.000000000000000000, 0.0000000000000000000 ) ) ;
#1564 = CARTESIAN_POINT ( 'NONE',  ( 9.799999999999998900, -0.3099999999999999400, 4.999999999999998200 ) ) ;
#1565 = ORIENTED_EDGE ( 'NONE', *, *, #1096, .F. ) ;
#1566 = VECTOR ( 'NONE', #2649, 1000.000000000000000 ) ;
#1567 = CARTESIAN_POINT ( 'NONE',  ( 5.439999999999999500, 2.229999999999982200, 19.02999999999984100 ) ) ;
#1568 = VERTEX_POINT ( 'NONE', #2214 ) ;
#1569 = LINE ( 'NONE', #96, #1504 ) ;
#1570 = CARTESIAN_POINT ( 'NONE',  ( -2.530000000000000200, 0.6700000000000710900, 7.783341384525582300E-016 ) ) ;
#1571 = VECTOR ( 'NONE', #1853, 1000.000000000000000 ) ;
#1572 = FACE_OUTER_BOUND ( 'NONE', #182, .T. ) ;
#1573 = CARTESIAN_POINT ( 'NONE',  ( 13.40999999999999800, -1.617207450485679000, 25.27987104415823100 ) ) ;
#1574 = CARTESIAN_POINT ( 'NONE',  ( -2.530000000000000200, 2.730000000000000400, 4.376826825864969600 ) ) ;
#1575 = VERTEX_POINT ( 'NONE', #2091 ) ;
#1576 = ORIENTED_EDGE ( 'NONE', *, *, #1931, .F. ) ;
#1577 = PLANE ( 'NONE',  #532 ) ;
#1578 = PLANE ( 'NONE',  #2032 ) ;
#1579 = CARTESIAN_POINT ( 'NONE',  ( -2.157777449635766700, -1.978501064850297600, 17.24888303476738800 ) ) ;
#1580 = EDGE_CURVE ( 'NONE', #1242, #1707, #1502, .T. ) ;
#1581 = CARTESIAN_POINT ( 'NONE',  ( 20.35900000000003000, 2.729999999999999500, 18.14799999999994600 ) ) ;
#1582 = VERTEX_POINT ( 'NONE', #2067 ) ;
#1583 = DIRECTION ( 'NONE',  ( -0.1732251794336567000, 0.06975647374413206100, -0.9824088108221351600 ) ) ;
#1584 = ORIENTED_EDGE ( 'NONE', *, *, #2098, .T. ) ;
#1585 = PLANE ( 'NONE',  #497 ) ;
#1586 = VECTOR ( 'NONE', #2235, 1000.000000000000000 ) ;
#1587 = ORIENTED_EDGE ( 'NONE', *, *, #1159, .T. ) ;
#1588 = LINE ( 'NONE', #2257, #2644 ) ;
#1589 = CARTESIAN_POINT ( 'NONE',  ( 5.203970234266202900, 0.3099999999999999400, -15.82000000000000000 ) ) ;
#1590 = EDGE_CURVE ( 'NONE', #2371, #780, #2618, .T. ) ;
#1591 = CARTESIAN_POINT ( 'NONE',  ( 6.040000000000000000, 0.3099999999999999400, 0.0000000000000000000 ) ) ;
#1592 = DIRECTION ( 'NONE',  ( -0.0000000000000000000, -4.336808689941968800E-015, 1.000000000000000000 ) ) ;
#1593 = LINE ( 'NONE', #190, #1529 ) ;
#1594 = CARTESIAN_POINT ( 'NONE',  ( -1.375000000000000400, 2.229999999999998200, 16.25000000000000700 ) ) ;
#1595 = PLANE ( 'NONE',  #1717 ) ;
#1596 = CARTESIAN_POINT ( 'NONE',  ( 11.75500000000000100, 2.729999999999999500, 6.749999999999999100 ) ) ;
#1597 = PRESENTATION_STYLE_ASSIGNMENT (( #912 ) ) ;
#1598 = EDGE_CURVE ( 'NONE', #1568, #2118, #1435, .T. ) ;
#1599 = CARTESIAN_POINT ( 'NONE',  ( -1.080000000000000300, -0.3099999999999999400, 4.271650877084879600 ) ) ;
#1600 = EDGE_LOOP ( 'NONE', ( #1455, #2022, #2570, #327 ) ) ;
#1601 = VECTOR ( 'NONE', #2729, 1000.000000000000000 ) ;
#1602 = DIRECTION ( 'NONE',  ( 0.0000000000000000000, -2.455312739597920200E-016, 1.000000000000000000 ) ) ;
#1603 = VECTOR ( 'NONE', #537, 1000.000000000000100 ) ;
#1604 = EDGE_LOOP ( 'NONE', ( #807, #1400, #1969, #1473 ) ) ;
#1605 = LINE ( 'NONE', #2194, #1038 ) ;
#1606 = MECHANICAL_DESIGN_GEOMETRIC_PRESENTATION_REPRESENTATION (  '', ( #1173 ), #1749 ) ;
#1607 = FACE_OUTER_BOUND ( 'NONE', #719, .T. ) ;
#1608 = CARTESIAN_POINT ( 'NONE',  ( 1.080000000000000300, 0.3099999999999999400, 0.0000000000000000000 ) ) ;
#1609 = LINE ( 'NONE', #2165, #2661 ) ;
#1610 = EDGE_CURVE ( 'NONE', #1895, #1628, #842, .T. ) ;
#1611 = ORIENTED_EDGE ( 'NONE', *, *, #1752, .T. ) ;
#1612 = EDGE_CURVE ( 'NONE', #498, #255, #303, .T. ) ;
#1613 = CARTESIAN_POINT ( 'NONE',  ( 5.439999999999999500, 2.229999999999999100, 15.43500000000035600 ) ) ;
#1614 = ORIENTED_EDGE ( 'NONE', *, *, #2345, .T. ) ;
#1615 = ORIENTED_EDGE ( 'NONE', *, *, #2071, .F. ) ;
#1616 =( LENGTH_UNIT ( ) NAMED_UNIT ( * ) SI_UNIT ( .MILLI., .METRE. ) );
#1617 = CARTESIAN_POINT ( 'NONE',  ( 10.64397023426620200, 0.3099999999999999400, -15.82000000000000000 ) ) ;
#1618 = ORIENTED_EDGE ( 'NONE', *, *, #474, .F. ) ;
#1619 = DIRECTION ( 'NONE',  ( -1.000000000000000000, 0.0000000000000000000, 1.373494438619799700E-016 ) ) ;
#1620 = EDGE_CURVE ( 'NONE', #1534, #2220, #2492, .T. ) ;
#1621 = DIRECTION ( 'NONE',  ( 0.0000000000000000000, 0.9993908270190957600, -0.03489949670249832500 ) ) ;
#1622 =( NAMED_UNIT ( * ) SI_UNIT ( $, .STERADIAN. ) SOLID_ANGLE_UNIT ( ) );
#1623 = ORIENTED_EDGE ( 'NONE', *, *, #1580, .T. ) ;
#1624 = VERTEX_POINT ( 'NONE', #1613 ) ;
#1625 = ORIENTED_EDGE ( 'NONE', *, *, #1664, .F. ) ;
#1626 = LINE ( 'NONE', #123, #368 ) ;
#1627 = DIRECTION ( 'NONE',  ( 1.000000000000000000, -0.0000000000000000000, -7.583490605363089200E-016 ) ) ;
#1628 = VERTEX_POINT ( 'NONE', #1599 ) ;
#1629 = CARTESIAN_POINT ( 'NONE',  ( 11.75500000000000100, 2.729999999999999500, 6.749999999999999100 ) ) ;
#1630 = LINE ( 'NONE', #2599, #2196 ) ;
#1631 = CARTESIAN_POINT ( 'NONE',  ( 6.940000000000000400, -0.3099999999999999400, 0.0000000000000000000 ) ) ;
#1632 = ORIENTED_EDGE ( 'NONE', *, *, #1036, .F. ) ;
#1633 = VECTOR ( 'NONE', #2700, 1000.000000000000000 ) ;
#1634 = CARTESIAN_POINT ( 'NONE',  ( 13.40999999999999800, -2.290000000000001800, 24.12082825540070600 ) ) ;
#1635 = LINE ( 'NONE', #2629, #513 ) ;
#1636 = SURFACE_SIDE_STYLE ('',( #623 ) ) ;
#1637 = DIRECTION ( 'NONE',  ( -1.734723475976807100E-016, -0.0000000000000000000, -1.000000000000000000 ) ) ;
#1638 = ORIENTED_EDGE ( 'NONE', *, *, #2769, .F. ) ;
#1639 = VECTOR ( 'NONE', #2273, 1000.000000000000000 ) ;
#1640 = STYLED_ITEM ( 'NONE', ( #411 ), #1380 ) ;
#1641 = LINE ( 'NONE', #1899, #1708 ) ;
#1642 = CARTESIAN_POINT ( 'NONE',  ( 11.95999999999999900, -0.3099999999999999400, 4.999999999999999100 ) ) ;
#1643 = ORIENTED_EDGE ( 'NONE', *, *, #2308, .F. ) ;
#1644 = FACE_OUTER_BOUND ( 'NONE', #2084, .T. ) ;
#1645 = CARTESIAN_POINT ( 'NONE',  ( 1.625000000000022600, 2.729999999999996000, 23.69999999999999900 ) ) ;
#1646 = AXIS2_PLACEMENT_3D ( 'NONE', #15, #82, #78 ) ;
#1647 = ORIENTED_EDGE ( 'NONE', *, *, #2430, .F. ) ;
#1648 = ORIENTED_EDGE ( 'NONE', *, *, #2171, .T. ) ;
#1649 = CARTESIAN_POINT ( 'NONE',  ( -2.530000000000000200, 0.6700000000000667600, 17.37130841979095700 ) ) ;
#1650 = CARTESIAN_POINT ( 'NONE',  ( 11.48000000000000000, 0.3099999999999999400, 0.0000000000000000000 ) ) ;
#1651 = EDGE_CURVE ( 'NONE', #891, #2525, #1368, .T. ) ;
#1652 = DIRECTION ( 'NONE',  ( 0.0000000000000000000, -1.000000000000000000, -1.651256423655872500E-016 ) ) ;
#1653 = DIRECTION ( 'NONE',  ( 0.0000000000000000000, 0.0000000000000000000, -1.000000000000000000 ) ) ;
#1654 = DIRECTION ( 'NONE',  ( 1.000000000000000000, 0.0000000000000000000, -1.734723475976807100E-016 ) ) ;
#1655 = CARTESIAN_POINT ( 'NONE',  ( 12.99399912928092200, -2.290000000000000900, 21.77551581806912400 ) ) ;
#1656 = CARTESIAN_POINT ( 'NONE',  ( 12.25500000000000300, 2.729999999999996000, 23.69999999999999900 ) ) ;
#1657 = ORIENTED_EDGE ( 'NONE', *, *, #2107, .T. ) ;
#1658 = VECTOR ( 'NONE', #1968, 1000.000000000000000 ) ;
#1659 = DIRECTION ( 'NONE',  ( 0.0000000000000000000, -0.9396926207859082100, -0.3420201433256693800 ) ) ;
#1660 = EDGE_LOOP ( 'NONE', ( #252, #1458, #396, #1025 ) ) ;
#1661 = LINE ( 'NONE', #2740, #1086 ) ;
#1662 = DIRECTION ( 'NONE',  ( 0.0000000000000000000, 2.455312739597920200E-016, -1.000000000000000000 ) ) ;
#1663 = DIRECTION ( 'NONE',  ( 0.0000000000000000000, 1.000000000000000000, 1.651256423655872500E-016 ) ) ;
#1664 = EDGE_CURVE ( 'NONE', #706, #603, #1868, .T. ) ;
#1665 = LINE ( 'NONE', #2397, #2776 ) ;
#1666 = CARTESIAN_POINT ( 'NONE',  ( 2.680000000000000200, 2.229999999999996400, 23.69999999999999900 ) ) ;
#1667 = VECTOR ( 'NONE', #1148, 1000.000000000000000 ) ;
#1668 = EDGE_LOOP ( 'NONE', ( #118, #931, #50, #2660, #1538, #482, #2534, #2788, #2181, #29 ) ) ;
#1669 = FACE_OUTER_BOUND ( 'NONE', #2197, .T. ) ;
#1670 = CARTESIAN_POINT ( 'NONE',  ( 7.680000000000000600, 2.229999999999996400, 23.70000000000000300 ) ) ;
#1671 = VECTOR ( 'NONE', #1017, 1000.000000000000000 ) ;
#1672 = CARTESIAN_POINT ( 'NONE',  ( 5.440000000000000400, -0.3099999999999999400, 4.271650877084878700 ) ) ;
#1673 = LINE ( 'NONE', #2001, #2784 ) ;
#1674 = CARTESIAN_POINT ( 'NONE',  ( 12.25500000000000300, 2.229999999999996400, 23.69999999999999900 ) ) ;
#1675 = FACE_OUTER_BOUND ( 'NONE', #1604, .T. ) ;
#1676 = EDGE_CURVE ( 'NONE', #1142, #145, #141, .T. ) ;
#1677 = CARTESIAN_POINT ( 'NONE',  ( 1.624999999999981600, 2.729999999999996000, 23.69999999999999900 ) ) ;
#1678 = ORIENTED_EDGE ( 'NONE', *, *, #450, .F. ) ;
#1679 = ORIENTED_EDGE ( 'NONE', *, *, #2303, .F. ) ;
#1680 = DIRECTION ( 'NONE',  ( -1.000000000000000000, 0.0000000000000000000, 0.0000000000000000000 ) ) ;
#1681 = ORIENTED_EDGE ( 'NONE', *, *, #1651, .F. ) ;
#1682 = DIRECTION ( 'NONE',  ( 0.0000000000000000000, -1.143560727180241500E-013, -1.000000000000000000 ) ) ;
#1683 = STYLED_ITEM ( 'NONE', ( #2375 ), #2348 ) ;
#1684 = DIRECTION ( 'NONE',  ( 0.0000000000000000000, 1.000000000000000000, 1.651256423655872500E-016 ) ) ;
#1685 = CARTESIAN_POINT ( 'NONE',  ( 11.95999999999999900, 0.2838413223459549900, 4.250913481152562000 ) ) ;
#1686 = CARTESIAN_POINT ( 'NONE',  ( 5.439999999999999500, 2.729999999999998600, 19.03000000000036000 ) ) ;
#1687 = CARTESIAN_POINT ( 'NONE',  ( 10.28000000000000100, -0.3099999999999999400, -14.81999999999999300 ) ) ;
#1688 = ORIENTED_EDGE ( 'NONE', *, *, #817, .F. ) ;
#1689 = CARTESIAN_POINT ( 'NONE',  ( 4.839999999999999900, -0.3099999999999999400, -14.81999999999999100 ) ) ;
#1690 = EDGE_CURVE ( 'NONE', #63, #1895, #680, .T. ) ;
#1691 = AXIS2_PLACEMENT_3D ( 'NONE', #2830, #2157, #2060 ) ;
#1692 = VECTOR ( 'NONE', #1258, 1000.000000000000000 ) ;
#1693 = FILL_AREA_STYLE ('',( #1261 ) ) ;
#1694 = AXIS2_PLACEMENT_3D ( 'NONE', #967, #714, #704 ) ;
#1695 = CARTESIAN_POINT ( 'NONE',  ( -0.6000000000000007500, -0.3099999999999999400, 0.0000000000000000000 ) ) ;
#1696 = VECTOR ( 'NONE', #2007, 1000.000000000000000 ) ;
#1697 = EDGE_CURVE ( 'NONE', #63, #194, #2349, .T. ) ;
#1698 = CARTESIAN_POINT ( 'NONE',  ( 11.11602976573379900, 0.3099999999999999400, -15.82000000000000000 ) ) ;
#1699 = EDGE_CURVE ( 'NONE', #2354, #2475, #10, .T. ) ;
#1700 = DIRECTION ( 'NONE',  ( 0.1390899611223674900, -0.9896764980577140700, 0.03456026486006554000 ) ) ;
#1701 = ORIENTED_EDGE ( 'NONE', *, *, #1340, .T. ) ;
#1702 = LINE ( 'NONE', #216, #511 ) ;
#1703 = LINE ( 'NONE', #417, #2320 ) ;
#1704 = DIRECTION ( 'NONE',  ( 0.1309283462266585500, -0.9316035905430253300, -0.3390759770931809400 ) ) ;
#1705 = VERTEX_POINT ( 'NONE', #1232 ) ;
#1706 = LINE ( 'NONE', #1670, #1133 ) ;
#1707 = VERTEX_POINT ( 'NONE', #1207 ) ;
#1708 = VECTOR ( 'NONE', #1878, 1000.000000000000200 ) ;
#1709 = LINE ( 'NONE', #1719, #1137 ) ;
#1710 = CARTESIAN_POINT ( 'NONE',  ( 9.255000000000007900, 2.229999999999996400, 23.70000000000000600 ) ) ;
#1711 = DIRECTION ( 'NONE',  ( -1.373494438619799700E-016, 1.651256423655872500E-016, -1.000000000000000000 ) ) ;
#1712 = ORIENTED_EDGE ( 'NONE', *, *, #1112, .F. ) ;
#1713 = ORIENTED_EDGE ( 'NONE', *, *, #1309, .T. ) ;
#1714 = CARTESIAN_POINT ( 'NONE',  ( 4.839999999999999900, 0.3099999999999999400, 0.0000000000000000000 ) ) ;
#1715 = DIRECTION ( 'NONE',  ( -0.0000000000000000000, -1.000000000000000000, -0.0000000000000000000 ) ) ;
#1716 = PLANE ( 'NONE',  #2665 ) ;
#1717 = AXIS2_PLACEMENT_3D ( 'NONE', #1525, #1554, #1402 ) ;
#1718 = ORIENTED_EDGE ( 'NONE', *, *, #2405, .T. ) ;
#1719 = CARTESIAN_POINT ( 'NONE',  ( -2.113999129280922200, -2.290000000000001800, 24.12082825540070600 ) ) ;
#1720 = ORIENTED_EDGE ( 'NONE', *, *, #847, .T. ) ;
#1721 = LINE ( 'NONE', #2382, #1795 ) ;
#1722 = DIRECTION ( 'NONE',  ( 0.3420201433256659400, -0.0000000000000000000, -0.9396926207859094300 ) ) ;
#1723 = ORIENTED_EDGE ( 'NONE', *, *, #1070, .T. ) ;
#1724 = VECTOR ( 'NONE', #1900, 1000.000000000000200 ) ;
#1725 = DIRECTION ( 'NONE',  ( -1.000000000000000000, 0.0000000000000000000, 1.373494438619799700E-016 ) ) ;
#1726 = EDGE_CURVE ( 'NONE', #1978, #1113, #546, .T. ) ;
#1727 = PLANE ( 'NONE',  #957 ) ;
#1728 = DIRECTION ( 'NONE',  ( 0.0000000000000000000, 0.9993908270190957600, -0.03489949670249832500 ) ) ;
#1729 = LINE ( 'NONE', #1553, #2712 ) ;
#1730 = VECTOR ( 'NONE', #1409, 1000.000000000000100 ) ;
#1731 = CARTESIAN_POINT ( 'NONE',  ( -0.6000000000000007500, -0.3099999999999999400, -14.81999999999997500 ) ) ;
#1732 = AXIS2_PLACEMENT_3D ( 'NONE', #758, #2059, #2490 ) ;
#1733 = ORIENTED_EDGE ( 'NONE', *, *, #2583, .T. ) ;
#1734 = VECTOR ( 'NONE', #1804, 1000.000000000000000 ) ;
#1735 = EDGE_CURVE ( 'NONE', #2793, #2530, #2777, .T. ) ;
#1736 = CARTESIAN_POINT ( 'NONE',  ( 5.440000000000000400, -0.3099999999999999400, 4.271650877084878700 ) ) ;
#1737 = FACE_OUTER_BOUND ( 'NONE', #1870, .T. ) ;
#1738 = MECHANICAL_DESIGN_GEOMETRIC_PRESENTATION_REPRESENTATION (  '', ( #2337 ), #1884 ) ;
#1739 = VECTOR ( 'NONE', #1886, 1000.000000000000000 ) ;
#1740 = VECTOR ( 'NONE', #1282, 1000.000000000000000 ) ;
#1741 = CARTESIAN_POINT ( 'NONE',  ( 9.799999999999998900, 0.2838413223459549900, 4.250913481152562800 ) ) ;
#1742 = CARTESIAN_POINT ( 'NONE',  ( -0.8749999999999990000, 2.729999999999997800, 15.75000000000000000 ) ) ;
#1743 = VERTEX_POINT ( 'NONE', #1158 ) ;
#1744 = EDGE_CURVE ( 'NONE', #933, #2760, #2230, .T. ) ;
#1745 = AXIS2_PLACEMENT_3D ( 'NONE', #2053, #2204, #1797 ) ;
#1746 = ORIENTED_EDGE ( 'NONE', *, *, #1580, .F. ) ;
#1747 = EDGE_LOOP ( 'NONE', ( #1382, #2434, #1514, #317, #1769, #1779, #2631, #2085, #660, #963, #346, #415, #2328, #2588 ) ) ;
#1748 = CARTESIAN_POINT ( 'NONE',  ( -2.530000000000000200, 0.6700000000000710900, 7.783341384525582300E-016 ) ) ;
#1749 =( GEOMETRIC_REPRESENTATION_CONTEXT ( 3 ) GLOBAL_UNCERTAINTY_ASSIGNED_CONTEXT ( ( #1464 ) ) GLOBAL_UNIT_ASSIGNED_CONTEXT ( ( #1891, #1881, #1874 ) ) REPRESENTATION_CONTEXT ( 'NONE', 'WORKASPACE' ) );
#1750 = DIRECTION ( 'NONE',  ( 0.0000000000000000000, 0.0000000000000000000, -1.000000000000000000 ) ) ;
#1751 = MANIFOLD_SOLID_BREP ( 'Lead2', #2309 ) ;
#1752 = EDGE_CURVE ( 'NONE', #2573, #1463, #261, .T. ) ;
#1753 = DIRECTION ( 'NONE',  ( 1.000000000000000000, -0.0000000000000000000, -7.583490605363089200E-016 ) ) ;
#1754 = EDGE_CURVE ( 'NONE', #453, #1784, #1091, .T. ) ;
#1755 = CARTESIAN_POINT ( 'NONE',  ( 2.680000000000000600, 2.729999999999996900, 23.50000000000000000 ) ) ;
#1756 = ORIENTED_EDGE ( 'NONE', *, *, #397, .F. ) ;
#1757 = DIRECTION ( 'NONE',  ( 1.000000000000000000, 0.0000000000000000000, -1.734723475976807100E-016 ) ) ;
#1758 = EDGE_LOOP ( 'NONE', ( #523, #2211, #104, #1648 ) ) ;
#1759 = ORIENTED_EDGE ( 'NONE', *, *, #1187, .F. ) ;
#1760 = CARTESIAN_POINT ( 'NONE',  ( -1.375000000000000400, 2.229999999999996400, 22.19999999999999600 ) ) ;
#1761 = DIRECTION ( 'NONE',  ( 0.0000000000000000000, -1.000000000000000000, -0.0000000000000000000 ) ) ;
#1762 = VECTOR ( 'NONE', #2576, 1000.000000000000000 ) ;
#1763 = DIRECTION ( 'NONE',  ( 9.637352644315595200E-017, -1.927470528863119000E-016, 1.000000000000000000 ) ) ;
#1764 = EDGE_CURVE ( 'NONE', #423, #387, #2163, .T. ) ;
#1765 = CARTESIAN_POINT ( 'NONE',  ( -2.018916783600718000, -2.966546043586201400, 4.364419509117152700 ) ) ;
#1766 = FACE_OUTER_BOUND ( 'NONE', #2653, .T. ) ;
#1767 = CARTESIAN_POINT ( 'NONE',  ( 11.95999999999999900, 0.3099999999999999400, 0.0000000000000000000 ) ) ;
#1768 = DIRECTION ( 'NONE',  ( 1.000000000000000000, 0.0000000000000000000, -0.0000000000000000000 ) ) ;
#1769 = ORIENTED_EDGE ( 'NONE', *, *, #2133, .T. ) ;
#1770 = LINE ( 'NONE', #276, #445 ) ;
#1771 = LINE ( 'NONE', #1089, #114 ) ;
#1772 = ORIENTED_EDGE ( 'NONE', *, *, #641, .T. ) ;
#1773 = VECTOR ( 'NONE', #1680, 1000.000000000000000 ) ;
#1774 = CARTESIAN_POINT ( 'NONE',  ( 11.48000000000000000, -0.3099999999999999400, 0.0000000000000000000 ) ) ;
#1775 = LINE ( 'NONE', #2302, #2324 ) ;
#1776 = AXIS2_PLACEMENT_3D ( 'NONE', #746, #736, #733 ) ;
#1777 = DIRECTION ( 'NONE',  ( -0.0000000000000000000, -4.336808689941968800E-015, 1.000000000000000000 ) ) ;
#1778 = VECTOR ( 'NONE', #1790, 1000.000000000000100 ) ;
#1779 = ORIENTED_EDGE ( 'NONE', *, *, #539, .T. ) ;
#1780 = CARTESIAN_POINT ( 'NONE',  ( -1.375000000000000400, 2.729999999999996000, 22.19999999999999600 ) ) ;
#1781 = CARTESIAN_POINT ( 'NONE',  ( 11.75500000000000100, 2.729999999999999500, 6.749999999999999100 ) ) ;
#1782 = ORIENTED_EDGE ( 'NONE', *, *, #1990, .T. ) ;
#1783 = ORIENTED_EDGE ( 'NONE', *, *, #952, .T. ) ;
#1784 = VERTEX_POINT ( 'NONE', #509 ) ;
#1785 = EDGE_CURVE ( 'NONE', #1482, #2093, #1901, .T. ) ;
#1786 = AXIS2_PLACEMENT_3D ( 'NONE', #2567, #2038, #2645 ) ;
#1787 = DIRECTION ( 'NONE',  ( 0.8944271909999166300, -1.041331440120498100E-016, 0.4472135954999563200 ) ) ;
#1788 = DIRECTION ( 'NONE',  ( 0.0000000000000000000, 2.455312739597920200E-016, -1.000000000000000000 ) ) ;
#1789 = DIRECTION ( 'NONE',  ( 1.000000000000000000, 0.0000000000000000000, 0.0000000000000000000 ) ) ;
#1790 = DIRECTION ( 'NONE',  ( 0.9848077530122088000, -5.338653526482022200E-017, 0.1736481776669264700 ) ) ;
#1791 = ORIENTED_EDGE ( 'NONE', *, *, #1048, .F. ) ;
#1792 = ORIENTED_EDGE ( 'NONE', *, *, #547, .T. ) ;
#1793 = EDGE_CURVE ( 'NONE', #2568, #2076, #1967, .T. ) ;
#1794 = ORIENTED_EDGE ( 'NONE', *, *, #493, .T. ) ;
#1795 = VECTOR ( 'NONE', #1336, 1000.000000000000000 ) ;
#1796 = ORIENTED_EDGE ( 'NONE', *, *, #1227, .F. ) ;
#1797 = DIRECTION ( 'NONE',  ( 0.0000000000000000000, 0.9993908270190957600, -0.03489949670249832500 ) ) ;
#1798 = VECTOR ( 'NONE', #201, 999.9999999999998900 ) ;
#1799 = CARTESIAN_POINT ( 'NONE',  ( 2.680000000000000200, 2.729999999999996000, 23.69999999999999900 ) ) ;
#1800 = CARTESIAN_POINT ( 'NONE',  ( 7.680000000000000600, 2.729999999999996000, 23.70000000000000300 ) ) ;
#1801 = VECTOR ( 'NONE', #1444, 1000.000000000000100 ) ;
#1802 = ORIENTED_EDGE ( 'NONE', *, *, #788, .T. ) ;
#1803 = LINE ( 'NONE', #1163, #613 ) ;
#1804 = DIRECTION ( 'NONE',  ( -0.0000000000000000000, 1.000000000000000000, 1.651256423655872500E-016 ) ) ;
#1805 = LINE ( 'NONE', #654, #2289 ) ;
#1806 = EDGE_CURVE ( 'NONE', #2276, #2606, #718, .T. ) ;
#1807 = FACE_OUTER_BOUND ( 'NONE', #1434, .T. ) ;
#1808 = FACE_OUTER_BOUND ( 'NONE', #2404, .T. ) ;
#1809 = DIRECTION ( 'NONE',  ( -0.0000000000000000000, 1.000000000000000000, 1.651256423655872500E-016 ) ) ;
#1810 = DIRECTION ( 'NONE',  ( 0.3420201433256659900, -0.0000000000000000000, -0.9396926207859094300 ) ) ;
#1811 = LINE ( 'NONE', #801, #1239 ) ;
#1812 = ORIENTED_EDGE ( 'NONE', *, *, #1159, .F. ) ;
#1813 = ORIENTED_EDGE ( 'NONE', *, *, #1990, .F. ) ;
#1814 = DIRECTION ( 'NONE',  ( 1.000000000000000000, -0.0000000000000000000, 0.0000000000000000000 ) ) ;
#1815 = CARTESIAN_POINT ( 'NONE',  ( 13.40999999999999800, 0.6700000000000659900, 21.63869158020905200 ) ) ;
#1816 = DIRECTION ( 'NONE',  ( 2.168404344971021900E-015, 4.336808689942043800E-015, -1.000000000000000000 ) ) ;
#1817 = EDGE_CURVE ( 'NONE', #777, #255, #109, .T. ) ;
#1818 = CARTESIAN_POINT ( 'NONE',  ( 11.75500000000000100, 2.230000000000000000, 6.749999999999999100 ) ) ;
#1819 = CARTESIAN_POINT ( 'NONE',  ( 5.676029765733794400, 0.3099999999999999400, -15.82000000000000000 ) ) ;
#1820 = ORIENTED_EDGE ( 'NONE', *, *, #1793, .T. ) ;
#1821 = VERTEX_POINT ( 'NONE', #242 ) ;
#1822 = CARTESIAN_POINT ( 'NONE',  ( 7.680000000000000600, 2.229999999999996400, 23.50000000000000000 ) ) ;
#1823 = ORIENTED_EDGE ( 'NONE', *, *, #2795, .F. ) ;
#1824 = AXIS2_PLACEMENT_3D ( 'NONE', #2725, #110, #2699 ) ;
#1825 = LINE ( 'NONE', #2737, #504 ) ;
#1826 = DIRECTION ( 'NONE',  ( -0.0000000000000000000, -0.0000000000000000000, 1.000000000000000000 ) ) ;
#1827 = VERTEX_POINT ( 'NONE', #231 ) ;
#1828 = PLANE ( 'NONE',  #741 ) ;
#1829 =( NAMED_UNIT ( * ) PLANE_ANGLE_UNIT ( ) SI_UNIT ( $, .RADIAN. ) );
#1830 = PRESENTATION_LAYER_ASSIGNMENT (  '', '', ( #1683 ) ) ;
#1831 = CARTESIAN_POINT ( 'NONE',  ( -0.6000000000000007500, -0.3099999999999999400, 0.0000000000000000000 ) ) ;
#1832 = LINE ( 'NONE', #254, #2314 ) ;
#1833 = EDGE_CURVE ( 'NONE', #2797, #562, #1832, .T. ) ;
#1834 = DIRECTION ( 'NONE',  ( 2.168404344971021900E-015, 4.336808689942043800E-015, -1.000000000000000000 ) ) ;
#1835 = VERTEX_POINT ( 'NONE', #200 ) ;
#1836 = LINE ( 'NONE', #1848, #720 ) ;
#1837 = DIRECTION ( 'NONE',  ( 0.0000000000000000000, 0.0000000000000000000, 1.000000000000000000 ) ) ;
#1838 = FACE_OUTER_BOUND ( 'NONE', #2685, .T. ) ;
#1839 = ORIENTED_EDGE ( 'NONE', *, *, #189, .T. ) ;
#1840 = VECTOR ( 'NONE', #2145, 1000.000000000000100 ) ;
#1841 = VECTOR ( 'NONE', #2532, 1000.000000000000000 ) ;
#1842 = DIRECTION ( 'NONE',  ( 0.0000000000000000000, 0.0000000000000000000, -1.000000000000000000 ) ) ;
#1843 = CARTESIAN_POINT ( 'NONE',  ( 13.40999999999999800, 0.6700000000000703200, 4.249999999999991100 ) ) ;
#1844 = ORIENTED_EDGE ( 'NONE', *, *, #2303, .T. ) ;
#1845 = EDGE_CURVE ( 'NONE', #1862, #2672, #43, .T. ) ;
#1846 = EDGE_LOOP ( 'NONE', ( #783, #2731, #2367, #2472 ) ) ;
#1847 = EDGE_CURVE ( 'NONE', #1094, #387, #647, .T. ) ;
#1848 = CARTESIAN_POINT ( 'NONE',  ( 13.40999999999999800, 0.6749999999999976000, 25.19999999999999900 ) ) ;
#1849 = ORIENTED_EDGE ( 'NONE', *, *, #2485, .F. ) ;
#1850 = ORIENTED_EDGE ( 'NONE', *, *, #2133, .F. ) ;
#1851 = CARTESIAN_POINT ( 'NONE',  ( 13.41000000000000200, 0.6700000000000992900, 25.19818014882870800 ) ) ;
#1852 = VERTEX_POINT ( 'NONE', #1016 ) ;
#1853 = DIRECTION ( 'NONE',  ( 1.000000000000000000, -0.0000000000000000000, -0.0000000000000000000 ) ) ;
#1854 = DIRECTION ( 'NONE',  ( -0.0000000000000000000, 1.000000000000000000, 2.455312739597920200E-016 ) ) ;
#1855 = CARTESIAN_POINT ( 'NONE',  ( 3.810000000000000100, 0.3099999999999999400, 0.0000000000000000000 ) ) ;
#1856 = ADVANCED_FACE ( 'NONE', ( #2804, #1766 ), #85, .T. ) ;
#1857 = CARTESIAN_POINT ( 'NONE',  ( -1.080000000000000300, -0.3099999999999999400, 4.999999999999995600 ) ) ;
#1858 = ORIENTED_EDGE ( 'NONE', *, *, #899, .F. ) ;
#1859 = ORIENTED_EDGE ( 'NONE', *, *, #316, .T. ) ;
#1860 = CIRCLE ( 'NONE', #1252, 3.595000000000002900 ) ;
#1861 = CARTESIAN_POINT ( 'NONE',  ( 11.75500000000000100, 2.230000000000000000, 6.749999999999999100 ) ) ;
#1862 = VERTEX_POINT ( 'NONE', #291 ) ;
#1863 = CARTESIAN_POINT ( 'NONE',  ( 2.680000000000000200, 2.229999999999996400, 23.69999999999999900 ) ) ;
#1864 = CARTESIAN_POINT ( 'NONE',  ( -1.375000000000000400, 2.229999999999996400, 22.19999999999999600 ) ) ;
#1865 = LINE ( 'NONE', #2420, #543 ) ;
#1866 = CARTESIAN_POINT ( 'NONE',  ( 12.25500000000000300, 2.229999999999998200, 16.25000000000000700 ) ) ;
#1867 = CARTESIAN_POINT ( 'NONE',  ( 13.43036925914429100, 0.8149348097827710000, 4.232367287899230700 ) ) ;
#1868 = LINE ( 'NONE', #1589, #74 ) ;
#1869 = CARTESIAN_POINT ( 'NONE',  ( 0.5999999999999989800, -0.3099999999999999400, -15.81999999999998600 ) ) ;
#1870 = EDGE_LOOP ( 'NONE', ( #1712, #2823, #1208, #510 ) ) ;
#1871 = FACE_OUTER_BOUND ( 'NONE', #683, .T. ) ;
#1872 = EDGE_CURVE ( 'NONE', #870, #1334, #2254, .T. ) ;
#1873 = LINE ( 'NONE', #1333, #1372 ) ;
#1874 =( NAMED_UNIT ( * ) SI_UNIT ( $, .STERADIAN. ) SOLID_ANGLE_UNIT ( ) );
#1875 = FACE_OUTER_BOUND ( 'NONE', #2117, .T. ) ;
#1876 = LINE ( 'NONE', #1348, #230 ) ;
#1877 = CARTESIAN_POINT ( 'NONE',  ( 1.080000000000000300, -0.3099999999999999400, 4.271650877084879600 ) ) ;
#1878 = DIRECTION ( 'NONE',  ( 0.1389860559330012000, -0.9889371742192986100, -0.05182800115127986200 ) ) ;
#1879 = ORIENTED_EDGE ( 'NONE', *, *, #1764, .T. ) ;
#1880 = ORIENTED_EDGE ( 'NONE', *, *, #2523, .F. ) ;
#1881 =( NAMED_UNIT ( * ) PLANE_ANGLE_UNIT ( ) SI_UNIT ( $, .RADIAN. ) );
#1882 = CARTESIAN_POINT ( 'NONE',  ( 6.039999999999998300, 0.3099999999999999400, -15.82000000000000000 ) ) ;
#1883 = ORIENTED_EDGE ( 'NONE', *, *, #1558, .F. ) ;
#1884 =( GEOMETRIC_REPRESENTATION_CONTEXT ( 3 ) GLOBAL_UNCERTAINTY_ASSIGNED_CONTEXT ( ( #2440 ) ) GLOBAL_UNIT_ASSIGNED_CONTEXT ( ( #752, #739, #728 ) ) REPRESENTATION_CONTEXT ( 'NONE', 'WORKASPACE' ) );
#1885 = CARTESIAN_POINT ( 'NONE',  ( 7.680000000000000600, 2.229999999999996400, 23.70000000000000300 ) ) ;
#1886 = DIRECTION ( 'NONE',  ( -1.000000000000000000, 0.0000000000000000000, 1.373494438619799700E-016 ) ) ;
#1887 = DIRECTION ( 'NONE',  ( -1.233605505988563800E-016, -0.0000000000000000000, -1.000000000000000000 ) ) ;
#1888 = EDGE_CURVE ( 'NONE', #857, #2469, #1126, .T. ) ;
#1889 = ORIENTED_EDGE ( 'NONE', *, *, #1122, .F. ) ;
#1890 = ORIENTED_EDGE ( 'NONE', *, *, #1212, .T. ) ;
#1891 =( LENGTH_UNIT ( ) NAMED_UNIT ( * ) SI_UNIT ( .MILLI., .METRE. ) );
#1892 = VERTEX_POINT ( 'NONE', #2652 ) ;
#1893 = LINE ( 'NONE', #1093, #1255 ) ;
#1894 = CARTESIAN_POINT ( 'NONE',  ( 15.68299999999998200, 2.729999999999996900, 20.48600000000001100 ) ) ;
#1895 = VERTEX_POINT ( 'NONE', #2808 ) ;
#1896 = CARTESIAN_POINT ( 'NONE',  ( -1.012502267294815800, 0.6699999999999978200, 21.37111578676920600 ) ) ;
#1897 = EDGE_CURVE ( 'NONE', #2741, #2568, #1057, .T. ) ;
#1898 = EDGE_CURVE ( 'NONE', #1534, #2530, #1630, .T. ) ;
#1899 = CARTESIAN_POINT ( 'NONE',  ( -2.258117579570537700, -1.264543942372307700, 4.167481648596711900 ) ) ;
#1900 = DIRECTION ( 'NONE',  ( -0.9848077530122073500, 5.318123726799185500E-017, -0.1736481776669341900 ) ) ;
#1901 = LINE ( 'NONE', #552, #1335 ) ;
#1902 = ORIENTED_EDGE ( 'NONE', *, *, #566, .F. ) ;
#1903 = VECTOR ( 'NONE', #1816, 1000.000000000000000 ) ;
#1904 = CARTESIAN_POINT ( 'NONE',  ( 0.5999999999999989800, 0.3099999999999999400, -14.81999999999997500 ) ) ;
#1905 = FACE_OUTER_BOUND ( 'NONE', #1501, .T. ) ;
#1906 = PLANE ( 'NONE',  #431 ) ;
#1907 = CARTESIAN_POINT ( 'NONE',  ( 11.75500000000000100, 2.230000000000000000, 6.749999999999999100 ) ) ;
#1908 = ORIENTED_EDGE ( 'NONE', *, *, #2456, .F. ) ;
#1909 = LINE ( 'NONE', #1742, #1405 ) ;
#1910 = LINE ( 'NONE', #2415, #658 ) ;
#1911 = EDGE_CURVE ( 'NONE', #1073, #2354, #2747, .T. ) ;
#1912 = SURFACE_SIDE_STYLE ('',( #2751 ) ) ;
#1913 = ORIENTED_EDGE ( 'NONE', *, *, #2676, .T. ) ;
#1914 = VERTEX_POINT ( 'NONE', #2822 ) ;
#1915 = CARTESIAN_POINT ( 'NONE',  ( -0.8749999999999998900, 2.230000000000000000, 6.750000000000000900 ) ) ;
#1916 = ORIENTED_EDGE ( 'NONE', *, *, #1096, .T. ) ;
#1917 = ORIENTED_EDGE ( 'NONE', *, *, #1847, .T. ) ;
#1918 = DIRECTION ( 'NONE',  ( -0.9961946980917448800, 0.08715574274766529900, 2.139946054974616600E-017 ) ) ;
#1919 = ORIENTED_EDGE ( 'NONE', *, *, #296, .F. ) ;
#1920 = VERTEX_POINT ( 'NONE', #54 ) ;
#1921 = ORIENTED_EDGE ( 'NONE', *, *, #2456, .T. ) ;
#1922 = ORIENTED_EDGE ( 'NONE', *, *, #2107, .F. ) ;
#1923 = CARTESIAN_POINT ( 'NONE',  ( 9.799999999999998900, 0.3099999999999999400, 4.999999999999998200 ) ) ;
#1924 = EDGE_CURVE ( 'NONE', #498, #1862, #2681, .T. ) ;
#1925 = PRESENTATION_LAYER_ASSIGNMENT (  '', '', ( #1640 ) ) ;
#1926 = VECTOR ( 'NONE', #2783, 1000.000000000000100 ) ;
#1927 = VERTEX_POINT ( 'NONE', #2827 ) ;
#1928 = PRESENTATION_STYLE_ASSIGNMENT (( #2321 ) ) ;
#1929 = AXIS2_PLACEMENT_3D ( 'NONE', #62, #2578, #2566 ) ;
#1930 = LINE ( 'NONE', #954, #1364 ) ;
#1931 = EDGE_CURVE ( 'NONE', #2695, #1213, #1562, .T. ) ;
#1932 = CARTESIAN_POINT ( 'NONE',  ( 13.40999999999999800, 0.3100000000002545200, 4.250000000000000000 ) ) ;
#1933 = DIRECTION ( 'NONE',  ( -0.0000000000000000000, -1.000000000000000000, -0.0000000000000000000 ) ) ;
#1934 = EDGE_LOOP ( 'NONE', ( #2726, #489, #2239, #2791 ) ) ;
#1935 = VECTOR ( 'NONE', #1826, 1000.000000000000000 ) ;
#1936 = EDGE_LOOP ( 'NONE', ( #223, #927, #524, #1049 ) ) ;
#1937 = LINE ( 'NONE', #2350, #1371 ) ;
#1938 = VECTOR ( 'NONE', #1471, 1000.000000000000100 ) ;
#1939 = CARTESIAN_POINT ( 'NONE',  ( 0.2360297657337936700, -0.3099999999999999400, -15.81999999999999000 ) ) ;
#1940 = CARTESIAN_POINT ( 'NONE',  ( -0.6000000000000007500, 0.3099999999999999400, -14.81999999999997200 ) ) ;
#1941 = VECTOR ( 'NONE', #2416, 1000.000000000000000 ) ;
#1942 = FACE_OUTER_BOUND ( 'NONE', #548, .T. ) ;
#1943 = DIRECTION ( 'NONE',  ( 1.000000000000000000, 0.0000000000000000000, 0.0000000000000000000 ) ) ;
#1944 = CARTESIAN_POINT ( 'NONE',  ( 11.75500000000000100, 2.230000000000000000, 6.749999999999999100 ) ) ;
#1945 = ORIENTED_EDGE ( 'NONE', *, *, #1122, .T. ) ;
#1946 = VERTEX_POINT ( 'NONE', #207 ) ;
#1947 = PLANE ( 'NONE',  #1745 ) ;
#1948 = SURFACE_STYLE_USAGE ( .BOTH. , #1987 ) ;
#1949 = ORIENTED_EDGE ( 'NONE', *, *, #977, .F. ) ;
#1950 = DIRECTION ( 'NONE',  ( -3.291323755655327900E-032, -1.000000000000000000, -2.020644701196047800E-016 ) ) ;
#1951 = EDGE_CURVE ( 'NONE', #402, #562, #2614, .T. ) ;
#1952 = CARTESIAN_POINT ( 'NONE',  ( -0.8749999999999990000, 2.729999999999997800, 15.75000000000000000 ) ) ;
#1953 = DIRECTION ( 'NONE',  ( -0.3420201433256663300, -0.0000000000000000000, -0.9396926207859093200 ) ) ;
#1954 = DIRECTION ( 'NONE',  ( 0.0000000000000000000, -2.455312739597920200E-016, 1.000000000000000000 ) ) ;
#1955 = ORIENTED_EDGE ( 'NONE', *, *, #737, .T. ) ;
#1956 = DIRECTION ( 'NONE',  ( -0.0000000000000000000, -0.0000000000000000000, 1.000000000000000000 ) ) ;
#1957 = DIRECTION ( 'NONE',  ( 0.0000000000000000000, 1.000000000000000000, 1.651256423655872500E-016 ) ) ;
#1958 = ORIENTED_EDGE ( 'NONE', *, *, #1406, .T. ) ;
#1959 = UNCERTAINTY_MEASURE_WITH_UNIT (LENGTH_MEASURE( 1.000000000000000100E-005 ), #103, 'distance_accuracy_value', 'NONE');
#1960 = CARTESIAN_POINT ( 'NONE',  ( 11.11602976573379900, -0.3099999999999999400, -15.82000000000000000 ) ) ;
#1961 = CARTESIAN_POINT ( 'NONE',  ( 11.75499999999999900, 2.729999999999997800, 15.75000000000000000 ) ) ;
#1962 = ORIENTED_EDGE ( 'NONE', *, *, #2152, .T. ) ;
#1963 = LINE ( 'NONE', #366, #1331 ) ;
#1964 = EDGE_CURVE ( 'NONE', #1575, #498, #1500, .T. ) ;
#1965 = DIRECTION ( 'NONE',  ( 0.0000000000000000000, -1.000000000000000000, -1.651256423655872500E-016 ) ) ;
#1966 = CARTESIAN_POINT ( 'NONE',  ( 3.810000000000000100, 0.3099999999999999400, 5.000000000000000900 ) ) ;
#1967 = LINE ( 'NONE', #458, #2454 ) ;
#1968 = DIRECTION ( 'NONE',  ( 0.0000000000000000000, -8.280302987956124700E-017, 1.000000000000000000 ) ) ;
#1969 = ORIENTED_EDGE ( 'NONE', *, *, #914, .T. ) ;
#1970 = LINE ( 'NONE', #1799, #1903 ) ;
#1971 = FACE_OUTER_BOUND ( 'NONE', #2512, .T. ) ;
#1972 = MECHANICAL_DESIGN_GEOMETRIC_PRESENTATION_REPRESENTATION (  '', ( #1683 ), #2119 ) ;
#1973 = EDGE_LOOP ( 'NONE', ( #58, #1011, #1908, #1917 ) ) ;
#1974 = FACE_OUTER_BOUND ( 'NONE', #1934, .T. ) ;
#1975 = CARTESIAN_POINT ( 'NONE',  ( 11.75499999999999900, 2.229999999999998200, 15.75000000000000000 ) ) ;
#1976 = FACE_OUTER_BOUND ( 'NONE', #1314, .T. ) ;
#1977 = SURFACE_STYLE_FILL_AREA ( #1555 ) ;
#1978 = VERTEX_POINT ( 'NONE', #459 ) ;
#1979 = EDGE_CURVE ( 'NONE', #1213, #903, #2000, .T. ) ;
#1980 = AXIS2_PLACEMENT_3D ( 'NONE', #1966, #1814, #1842 ) ;
#1981 = DIRECTION ( 'NONE',  ( 0.0000000000000000000, -1.000000000000000000, 0.0000000000000000000 ) ) ;
#1982 = ORIENTED_EDGE ( 'NONE', *, *, #2311, .F. ) ;
#1983 = ORIENTED_EDGE ( 'NONE', *, *, #716, .F. ) ;
#1984 = DIRECTION ( 'NONE',  ( 0.0000000000000000000, -1.651256423655872500E-016, 1.000000000000000000 ) ) ;
#1985 = AXIS2_PLACEMENT_3D ( 'NONE', #691, #553, #542 ) ;
#1986 = DIRECTION ( 'NONE',  ( -0.0000000000000000000, 1.000000000000000000, 1.651256423655872500E-016 ) ) ;
#1987 = SURFACE_SIDE_STYLE ('',( #1977 ) ) ;
#1988 = EDGE_CURVE ( 'NONE', #531, #1019, #2550, .T. ) ;
#1989 = DIRECTION ( 'NONE',  ( 2.137303368056604900E-018, -0.9998476951563931600, 0.01745240643717586900 ) ) ;
#1990 = EDGE_CURVE ( 'NONE', #2561, #32, #370, .T. ) ;
#1991 = DIRECTION ( 'NONE',  ( 0.0000000000000000000, 3.068496714581615200E-016, -1.000000000000000000 ) ) ;
#1992 = ORIENTED_EDGE ( 'NONE', *, *, #1897, .T. ) ;
#1993 = EDGE_LOOP ( 'NONE', ( #2, #2280, #2552, #2706, #536, #713, #59, #1548, #2538, #1475, #128, #904 ) ) ;
#1994 = CARTESIAN_POINT ( 'NONE',  ( 14.08358605844103200, 0.6699999999999982600, 20.30073188821604200 ) ) ;
#1995 = VECTOR ( 'NONE', #2150, 1000.000000000000200 ) ;
#1996 = ORIENTED_EDGE ( 'NONE', *, *, #1328, .T. ) ;
#1997 = DIRECTION ( 'NONE',  ( 0.1389860559330012000, 0.9889371742192986100, 0.05182800115127986200 ) ) ;
#1998 = DIRECTION ( 'NONE',  ( -0.0000000000000000000, 0.9986295347545739400, 0.05233595624294422300 ) ) ;
#1999 = PLANE ( 'NONE',  #2764 ) ;
#2000 = LINE ( 'NONE', #512, #1431 ) ;
#2001 = CARTESIAN_POINT ( 'NONE',  ( 7.680000000000000600, 2.229999999999996400, 23.50000000000000000 ) ) ;
#2002 = ORIENTED_EDGE ( 'NONE', *, *, #620, .T. ) ;
#2003 = VECTOR ( 'NONE', #2055, 1000.000000000000100 ) ;
#2004 = CARTESIAN_POINT ( 'NONE',  ( 5.439999999999999500, 2.230000000000186900, 20.81999999999984000 ) ) ;
#2005 = ORIENTED_EDGE ( 'NONE', *, *, #1177, .F. ) ;
#2006 = VECTOR ( 'NONE', #2724, 1000.000000000000000 ) ;
#2007 = DIRECTION ( 'NONE',  ( 0.0000000000000000000, 2.328487887217193300E-016, -1.000000000000000000 ) ) ;
#2008 = VECTOR ( 'NONE', #1627, 1000.000000000000000 ) ;
#2009 = AXIS2_PLACEMENT_3D ( 'NONE', #1532, #1583, #1416 ) ;
#2010 = FACE_OUTER_BOUND ( 'NONE', #235, .T. ) ;
#2011 = DIRECTION ( 'NONE',  ( 0.0000000000000000000, 1.000000000000000000, 0.0000000000000000000 ) ) ;
#2012 = PLANE ( 'NONE',  #1980 ) ;
#2013 = VERTEX_POINT ( 'NONE', #1774 ) ;
#2014 = ORIENTED_EDGE ( 'NONE', *, *, #388, .T. ) ;
#2015 = DIRECTION ( 'NONE',  ( 1.000000000000000000, -0.0000000000000000000, -1.734723475976807100E-016 ) ) ;
#2016 = EDGE_CURVE ( 'NONE', #362, #980, #839, .T. ) ;
#2017 = CARTESIAN_POINT ( 'NONE',  ( 11.95999999999999900, -0.3099999999999999400, 0.0000000000000000000 ) ) ;
#2018 = CARTESIAN_POINT ( 'NONE',  ( -0.6641362246782691600, -3.311842087612789400, 21.59242232474197500 ) ) ;
#2019 = ORIENTED_EDGE ( 'NONE', *, *, #769, .T. ) ;
#2020 = AXIS2_PLACEMENT_3D ( 'NONE', #535, #1918, #2386 ) ;
#2021 = CARTESIAN_POINT ( 'NONE',  ( 13.37924977523068100, 0.4512007817199488700, 4.257400019402981100 ) ) ;
#2022 = ORIENTED_EDGE ( 'NONE', *, *, #2394, .T. ) ;
#2023 = ORIENTED_EDGE ( 'NONE', *, *, #161, .F. ) ;
#2024 = VECTOR ( 'NONE', #2449, 1000.000000000000100 ) ;
#2025 = DIRECTION ( 'NONE',  ( 3.198165163486382200E-032, 1.000000000000000000, 2.328487887217193300E-016 ) ) ;
#2026 = VERTEX_POINT ( 'NONE', #1755 ) ;
#2027 = VECTOR ( 'NONE', #1268, 1000.000000000000000 ) ;
#2028 = DIRECTION ( 'NONE',  ( -1.000000000000000000, -0.0000000000000000000, -0.0000000000000000000 ) ) ;
#2029 = CARTESIAN_POINT ( 'NONE',  ( 0.5999999999999989800, 0.3099999999999999400, 0.0000000000000000000 ) ) ;
#2030 = ORIENTED_EDGE ( 'NONE', *, *, #1897, .F. ) ;
#2031 = EDGE_CURVE ( 'NONE', #2074, #1370, #759, .T. ) ;
#2032 = AXIS2_PLACEMENT_3D ( 'NONE', #1634, #1854, #1546 ) ;
#2033 = LINE ( 'NONE', #233, #1467 ) ;
#2034 = CARTESIAN_POINT ( 'NONE',  ( 12.25500000000000300, 2.229999999999998200, 16.25000000000000700 ) ) ;
#2035 = DIRECTION ( 'NONE',  ( 0.0000000000000000000, -1.000000000000000000, -1.651256423655872500E-016 ) ) ;
#2036 = CARTESIAN_POINT ( 'NONE',  ( 12.25500000000000300, 2.229999999999996400, 23.69999999999999900 ) ) ;
#2037 = EDGE_LOOP ( 'NONE', ( #2114, #2662, #1043, #1611 ) ) ;
#2038 = DIRECTION ( 'NONE',  ( -0.1732251794336643900, -0.06975647374413118700, -0.9824088108221338300 ) ) ;
#2039 = CARTESIAN_POINT ( 'NONE',  ( -0.7535358232580594600, -2.290000000000000900, 21.53562943095345300 ) ) ;
#2040 = LINE ( 'NONE', #432, #2654 ) ;
#2041 = CARTESIAN_POINT ( 'NONE',  ( 13.40999999999999800, 2.730000000000001800, 4.376826825864970500 ) ) ;
#2042 = EDGE_CURVE ( 'NONE', #2203, #425, #1930, .T. ) ;
#2043 = ORIENTED_EDGE ( 'NONE', *, *, #970, .T. ) ;
#2044 = CIRCLE ( 'NONE', #2396, 1.790000000000000000 ) ;
#2045 = EDGE_CURVE ( 'NONE', #2423, #1094, #214, .T. ) ;
#2046 = FACE_OUTER_BOUND ( 'NONE', #277, .T. ) ;
#2047 = CARTESIAN_POINT ( 'NONE',  ( 6.040000000000000000, -0.3099999999999999400, 0.0000000000000000000 ) ) ;
#2048 = DIRECTION ( 'NONE',  ( -0.0000000000000000000, -0.0000000000000000000, 1.000000000000000000 ) ) ;
#2049 = LINE ( 'NONE', #1526, #1479 ) ;
#2050 = ORIENTED_EDGE ( 'NONE', *, *, #1951, .T. ) ;
#2051 = ORIENTED_EDGE ( 'NONE', *, *, #1326, .F. ) ;
#2052 = ORIENTED_EDGE ( 'NONE', *, *, #1924, .T. ) ;
#2053 = CARTESIAN_POINT ( 'NONE',  ( -3.059999999999999200, 0.3099999999999999400, 4.249999999999998200 ) ) ;
#2054 = FILL_AREA_STYLE_COLOUR ( '', #900 ) ;
#2055 = DIRECTION ( 'NONE',  ( 0.3420201433256663300, -0.0000000000000000000, 0.9396926207859093200 ) ) ;
#2056 = EDGE_CURVE ( 'NONE', #387, #533, #2418, .T. ) ;
#2057 = CARTESIAN_POINT ( 'NONE',  ( 5.439999999999999500, 2.230000000000001300, 1.135236343831798700E-015 ) ) ;
#2058 = PRODUCT_CONTEXT ( 'NONE', #974, 'mechanical' ) ;
#2059 = DIRECTION ( 'NONE',  ( 0.0000000000000000000, -1.000000000000000000, 0.0000000000000000000 ) ) ;
#2060 = DIRECTION ( 'NONE',  ( 0.0000000000000000000, 0.0000000000000000000, -1.000000000000000000 ) ) ;
#2061 = ORIENTED_EDGE ( 'NONE', *, *, #2031, .T. ) ;
#2062 = CARTESIAN_POINT ( 'NONE',  ( -1.080000000000000300, 0.3099999999999999400, 0.0000000000000000000 ) ) ;
#2063 = DIRECTION ( 'NONE',  ( 0.0000000000000000000, 0.0000000000000000000, 1.000000000000000000 ) ) ;
#2064 = ORIENTED_EDGE ( 'NONE', *, *, #1212, .F. ) ;
#2065 = AXIS2_PLACEMENT_3D ( 'NONE', #669, #756, #2088 ) ;
#2066 = VECTOR ( 'NONE', #1047, 1000.000000000000100 ) ;
#2067 = CARTESIAN_POINT ( 'NONE',  ( -2.113999129280922200, -2.289999999999996500, 4.340794000678531700 ) ) ;
#2068 = PLANE ( 'NONE',  #442 ) ;
#2069 = DIRECTION ( 'NONE',  ( -1.000000000000000000, 0.0000000000000000000, 0.0000000000000000000 ) ) ;
#2070 = VECTOR ( 'NONE', #218, 1000.000000000000000 ) ;
#2071 = EDGE_CURVE ( 'NONE', #777, #1946, #678, .T. ) ;
#2072 = MECHANICAL_DESIGN_GEOMETRIC_PRESENTATION_REPRESENTATION (  '', ( #1640 ), #2209 ) ;
#2073 = CARTESIAN_POINT ( 'NONE',  ( 7.680000000000000600, 2.729999999999996900, 23.50000000000000000 ) ) ;
#2074 = VERTEX_POINT ( 'NONE', #2450 ) ;
#2075 = VECTOR ( 'NONE', #2272, 1000.000000000000000 ) ;
#2076 = VERTEX_POINT ( 'NONE', #2460 ) ;
#2077 = LINE ( 'NONE', #1092, #146 ) ;
#2078 = DIRECTION ( 'NONE',  ( 0.0000000000000000000, 1.000000000000000000, 0.0000000000000000000 ) ) ;
#2079 = LINE ( 'NONE', #1478, #1938 ) ;
#2080 = DIRECTION ( 'NONE',  ( 0.0000000000000000000, 0.0000000000000000000, -1.000000000000000000 ) ) ;
#2081 = DIRECTION ( 'NONE',  ( 0.0000000000000000000, 0.03489949670249289900, 0.9993908270190959800 ) ) ;
#2082 = FACE_OUTER_BOUND ( 'NONE', #1491, .T. ) ;
#2083 = EDGE_CURVE ( 'NONE', #1113, #2702, #7, .T. ) ;
#2084 = EDGE_LOOP ( 'NONE', ( #1074, #1009, #1576, #2146 ) ) ;
#2085 = ORIENTED_EDGE ( 'NONE', *, *, #1150, .T. ) ;
#2086 = VERTEX_POINT ( 'NONE', #487 ) ;
#2087 = DIRECTION ( 'NONE',  ( 1.000000000000000000, -0.0000000000000000000, -0.0000000000000000000 ) ) ;
#2088 = DIRECTION ( 'NONE',  ( 1.000000000000000000, 0.0000000000000000000, -0.0000000000000000000 ) ) ;
#2089 = AXIS2_PLACEMENT_3D ( 'NONE', #1365, #1190, #1377 ) ;
#2090 = CARTESIAN_POINT ( 'NONE',  ( 12.25500000000000300, 2.229999999999996400, 22.19999999999999600 ) ) ;
#2091 = CARTESIAN_POINT ( 'NONE',  ( 12.25499999999999900, 2.229999999999996400, 22.19999999999999600 ) ) ;
#2092 = ORIENTED_EDGE ( 'NONE', *, *, #2495, .F. ) ;
#2093 = VERTEX_POINT ( 'NONE', #906 ) ;
#2094 = PLANE ( 'NONE',  #2250 ) ;
#2095 = ORIENTED_EDGE ( 'NONE', *, *, #2123, .T. ) ;
#2096 = VECTOR ( 'NONE', #1602, 1000.000000000000000 ) ;
#2097 = CARTESIAN_POINT ( 'NONE',  ( -3.059999999999999200, 0.3099999999999999400, 4.249999999999998200 ) ) ;
#2098 = EDGE_CURVE ( 'NONE', #1480, #2074, #608, .T. ) ;
#2099 = VERTEX_POINT ( 'NONE', #529 ) ;
#2100 = CARTESIAN_POINT ( 'NONE',  ( 10.28000000000000100, -0.3099999999999999400, 0.0000000000000000000 ) ) ;
#2101 = LINE ( 'NONE', #2628, #2575 ) ;
#2102 = CARTESIAN_POINT ( 'NONE',  ( -0.6000000000000007500, 0.3099999999999999400, -14.81999999999997200 ) ) ;
#2103 = DIRECTION ( 'NONE',  ( 0.0000000000000000000, 1.000000000000000000, 1.651256423655872500E-016 ) ) ;
#2104 = DIRECTION ( 'NONE',  ( 0.9848077530122073500, 4.263605828335865800E-017, -0.1736481776669342200 ) ) ;
#2105 = PLANE ( 'NONE',  #111 ) ;
#2106 = ORIENTED_EDGE ( 'NONE', *, *, #2098, .F. ) ;
#2107 = EDGE_CURVE ( 'NONE', #1827, #2121, #1865, .T. ) ;
#2108 = FACE_OUTER_BOUND ( 'NONE', #2271, .T. ) ;
#2109 = DIRECTION ( 'NONE',  ( 0.0000000000000000000, 1.000000000000000000, 1.651256423655872500E-016 ) ) ;
#2110 = ORIENTED_EDGE ( 'NONE', *, *, #2319, .F. ) ;
#2111 = VECTOR ( 'NONE', #1528, 1000.000000000000000 ) ;
#2112 = FACE_OUTER_BOUND ( 'NONE', #2144, .T. ) ;
#2113 = LINE ( 'NONE', #1677, #1203 ) ;
#2114 = ORIENTED_EDGE ( 'NONE', *, *, #142, .T. ) ;
#2115 = DIRECTION ( 'NONE',  ( 1.042325246743780200E-019, -1.000000000000000000, -3.068496714581615200E-016 ) ) ;
#2116 = AXIS2_PLACEMENT_3D ( 'NONE', #2707, #2613, #2602 ) ;
#2117 = EDGE_LOOP ( 'NONE', ( #845, #2687, #999, #2299 ) ) ;
#2118 = VERTEX_POINT ( 'NONE', #2412 ) ;
#2119 =( GEOMETRIC_REPRESENTATION_CONTEXT ( 3 ) GLOBAL_UNCERTAINTY_ASSIGNED_CONTEXT ( ( #414 ) ) GLOBAL_UNIT_ASSIGNED_CONTEXT ( ( #1410, #42, #1622 ) ) REPRESENTATION_CONTEXT ( 'NONE', 'WORKASPACE' ) );
#2120 = ORIENTED_EDGE ( 'NONE', *, *, #142, .F. ) ;
#2121 = VERTEX_POINT ( 'NONE', #35 ) ;
#2122 = DIRECTION ( 'NONE',  ( -0.9848077530122088000, 4.263605828335677800E-017, -0.1736481776669265300 ) ) ;
#2123 = EDGE_CURVE ( 'NONE', #2741, #2013, #1223, .T. ) ;
#2124 = VERTEX_POINT ( 'NONE', #1330 ) ;
#2125 = AXIS2_PLACEMENT_3D ( 'NONE', #300, #1488, #1493 ) ;
#2126 = CARTESIAN_POINT ( 'NONE',  ( 7.680000000000000600, 2.229999999999996400, 23.70000000000000300 ) ) ;
#2127 = CARTESIAN_POINT ( 'NONE',  ( 4.839999999999999900, 0.3099999999999999400, 0.0000000000000000000 ) ) ;
#2128 = ORIENTED_EDGE ( 'NONE', *, *, #175, .F. ) ;
#2129 = LINE ( 'NONE', #610, #2066 ) ;
#2130 = CARTESIAN_POINT ( 'NONE',  ( 2.680000000000000200, 2.229999999999996400, 23.69999999999999900 ) ) ;
#2131 = EDGE_CURVE ( 'NONE', #823, #425, #1157, .T. ) ;
#2132 = CARTESIAN_POINT ( 'NONE',  ( 13.40999999999999800, -2.290000000000001800, 24.12082825540070600 ) ) ;
#2133 = EDGE_CURVE ( 'NONE', #2441, #44, #1665, .T. ) ;
#2134 = CARTESIAN_POINT ( 'NONE',  ( 7.680000000000000600, 2.229999999999996400, 23.70000000000000300 ) ) ;
#2135 = VECTOR ( 'NONE', #667, 1000.000000000000100 ) ;
#2136 = ORIENTED_EDGE ( 'NONE', *, *, #1326, .T. ) ;
#2137 = LINE ( 'NONE', #2497, #2075 ) ;
#2138 = CARTESIAN_POINT ( 'NONE',  ( -0.8749999999999990000, 2.729999999999997800, 15.75000000000000000 ) ) ;
#2139 = CARTESIAN_POINT ( 'NONE',  ( 5.439999999999999500, -2.289999999999999600, 17.16110310652582200 ) ) ;
#2140 = VERTEX_POINT ( 'NONE', #2408 ) ;
#2141 = VECTOR ( 'NONE', #406, 1000.000000000000000 ) ;
#2142 = LINE ( 'NONE', #1765, #2625 ) ;
#2143 = VECTOR ( 'NONE', #1013, 1000.000000000000100 ) ;
#2144 = EDGE_LOOP ( 'NONE', ( #600, #2674, #1823, #2493 ) ) ;
#2145 = DIRECTION ( 'NONE',  ( -0.7071067811865431300, 0.0000000000000000000, 0.7071067811865517900 ) ) ;
#2146 = ORIENTED_EDGE ( 'NONE', *, *, #1353, .F. ) ;
#2147 = DIRECTION ( 'NONE',  ( -0.0000000000000000000, -0.0000000000000000000, 1.000000000000000000 ) ) ;
#2148 = DIRECTION ( 'NONE',  ( -0.0000000000000000000, 0.0000000000000000000, 1.000000000000000000 ) ) ;
#2149 = CARTESIAN_POINT ( 'NONE',  ( -0.8749999999999998900, 2.230000000000000000, 6.750000000000000900 ) ) ;
#2150 = DIRECTION ( 'NONE',  ( -0.8944271909999166300, 1.041331440120498100E-016, -0.4472135954999563200 ) ) ;
#2151 = ORIENTED_EDGE ( 'NONE', *, *, #2336, .T. ) ;
#2152 = EDGE_CURVE ( 'NONE', #1139, #2744, #473, .T. ) ;
#2153 = CARTESIAN_POINT ( 'NONE',  ( -0.7151650067116609400, -2.290000000000000900, 21.52886362072450800 ) ) ;
#2154 = VERTEX_POINT ( 'NONE', #1354 ) ;
#2155 = LINE ( 'NONE', #700, #1082 ) ;
#2156 = ORIENTED_EDGE ( 'NONE', *, *, #1598, .T. ) ;
#2157 = DIRECTION ( 'NONE',  ( 0.0000000000000000000, -1.000000000000000000, -0.0000000000000000000 ) ) ;
#2158 = DIRECTION ( 'NONE',  ( 1.000000000000000000, 0.0000000000000000000, -0.0000000000000000000 ) ) ;
#2159 = VECTOR ( 'NONE', #1238, 1000.000000000000000 ) ;
#2160 = DIRECTION ( 'NONE',  ( 1.000000000000000000, -0.0000000000000000000, -0.0000000000000000000 ) ) ;
#2161 = VECTOR ( 'NONE', #1653, 1000.000000000000000 ) ;
#2162 = AXIS2_PLACEMENT_3D ( 'NONE', #1134, #975, #1014 ) ;
#2163 = LINE ( 'NONE', #682, #179 ) ;
#2164 = DIRECTION ( 'NONE',  ( 1.000000000000000000, 0.0000000000000000000, -0.0000000000000000000 ) ) ;
#2165 = CARTESIAN_POINT ( 'NONE',  ( 11.75499999999999900, 2.229999999999998200, 15.75000000000000000 ) ) ;
#2166 = ORIENTED_EDGE ( 'NONE', *, *, #501, .T. ) ;
#2167 = LINE ( 'NONE', #2818, #2458 ) ;
#2168 = LINE ( 'NONE', #806, #2236 ) ;
#2169 = DIRECTION ( 'NONE',  ( -0.0000000000000000000, 1.000000000000000000, 2.455312739597920200E-016 ) ) ;
#2170 = LINE ( 'NONE', #1550, #1739 ) ;
#2171 = EDGE_CURVE ( 'NONE', #612, #1494, #1729, .T. ) ;
#2172 = LINE ( 'NONE', #1272, #2786 ) ;
#2173 = PLANE ( 'NONE',  #2574 ) ;
#2174 = FACE_OUTER_BOUND ( 'NONE', #314, .T. ) ;
#2175 = VERTEX_POINT ( 'NONE', #1819 ) ;
#2176 = AXIS2_PLACEMENT_3D ( 'NONE', #1608, #1533, #1768 ) ;
#2177 = VERTEX_POINT ( 'NONE', #1851 ) ;
#2178 = DIRECTION ( 'NONE',  ( 0.0000000000000000000, 0.0000000000000000000, 1.000000000000000000 ) ) ;
#2179 = ORIENTED_EDGE ( 'NONE', *, *, #1176, .T. ) ;
#2180 = ORIENTED_EDGE ( 'NONE', *, *, #1340, .F. ) ;
#2181 = ORIENTED_EDGE ( 'NONE', *, *, #72, .T. ) ;
#2182 = EDGE_CURVE ( 'NONE', #1705, #2374, #405, .T. ) ;
#2183 = DIRECTION ( 'NONE',  ( -0.0000000000000000000, -2.328487887217193300E-016, 1.000000000000000000 ) ) ;
#2184 = EDGE_CURVE ( 'NONE', #89, #1213, #1593, .T. ) ;
#2185 = CARTESIAN_POINT ( 'NONE',  ( -0.8749999999999998900, 2.729999999999999500, 6.750000000000000900 ) ) ;
#2186 = DIRECTION ( 'NONE',  ( 0.0000000000000000000, 0.0000000000000000000, 1.000000000000000000 ) ) ;
#2187 = PLANE ( 'NONE',  #1320 ) ;
#2188 = ORIENTED_EDGE ( 'NONE', *, *, #1167, .F. ) ;
#2189 = DIRECTION ( 'NONE',  ( -0.0000000000000000000, -1.000000000000000000, -0.0000000000000000000 ) ) ;
#2190 = VECTOR ( 'NONE', #1725, 1000.000000000000000 ) ;
#2191 = EDGE_CURVE ( 'NONE', #780, #121, #2648, .T. ) ;
#2192 = CARTESIAN_POINT ( 'NONE',  ( 0.5999999999999989800, 0.3099999999999999400, 0.0000000000000000000 ) ) ;
#2193 = VERTEX_POINT ( 'NONE', #1315 ) ;
#2194 = CARTESIAN_POINT ( 'NONE',  ( -2.099089354497920100, -2.396088560058546000, 21.78041969860145200 ) ) ;
#2195 = CARTESIAN_POINT ( 'NONE',  ( -2.530000000000000200, 0.6700000000000703200, 4.268866800541909300 ) ) ;
#2196 = VECTOR ( 'NONE', #651, 1000.000000000000000 ) ;
#2197 = EDGE_LOOP ( 'NONE', ( #1858, #2277, #2831, #2694 ) ) ;
#2198 = LINE ( 'NONE', #789, #1633 ) ;
#2199 = DIRECTION ( 'NONE',  ( -1.000000000000000000, 0.0000000000000000000, 0.0000000000000000000 ) ) ;
#2200 = CYLINDRICAL_SURFACE ( 'NONE', #696, 3.595000000000002900 ) ;
#2201 = ORIENTED_EDGE ( 'NONE', *, *, #2736, .T. ) ;
#2202 = LINE ( 'NONE', #2334, #1639 ) ;
#2203 = VERTEX_POINT ( 'NONE', #528 ) ;
#2204 = DIRECTION ( 'NONE',  ( -1.733666729305901600E-016, -0.03489949670249833200, -0.9993908270190958700 ) ) ;
#2205 = LINE ( 'NONE', #1736, #377 ) ;
#2206 = DIRECTION ( 'NONE',  ( 0.0000000000000000000, 2.455312739597920200E-016, -1.000000000000000000 ) ) ;
#2207 = VECTOR ( 'NONE', #1394, 1000.000000000000000 ) ;
#2208 = EDGE_CURVE ( 'NONE', #2203, #570, #2033, .T. ) ;
#2209 =( GEOMETRIC_REPRESENTATION_CONTEXT ( 3 ) GLOBAL_UNCERTAINTY_ASSIGNED_CONTEXT ( ( #1959 ) ) GLOBAL_UNIT_ASSIGNED_CONTEXT ( ( #103, #2487, #1452 ) ) REPRESENTATION_CONTEXT ( 'NONE', 'WORKASPACE' ) );
#2210 = ORIENTED_EDGE ( 'NONE', *, *, #1267, .F. ) ;
#2211 = ORIENTED_EDGE ( 'NONE', *, *, #328, .T. ) ;
#2212 = AXIS2_PLACEMENT_3D ( 'NONE', #2422, #2307, #2290 ) ;
#2213 = CARTESIAN_POINT ( 'NONE',  ( -0.7535358232580594600, -2.290000000000000000, 17.64999999999999900 ) ) ;
#2214 = CARTESIAN_POINT ( 'NONE',  ( 5.439999999999999500, 2.229999999999996900, 20.81999999999984400 ) ) ;
#2215 = EDGE_CURVE ( 'NONE', #1343, #1210, #2581, .T. ) ;
#2216 = CARTESIAN_POINT ( 'NONE',  ( -3.059999999999999200, 0.3099999999999999400, 4.249999999999998200 ) ) ;
#2217 = CARTESIAN_POINT ( 'NONE',  ( 13.29956597334219000, -0.1157789296018885000, 17.33498625655808600 ) ) ;
#2218 = DIRECTION ( 'NONE',  ( 1.000000000000000000, 0.0000000000000000000, -0.0000000000000000000 ) ) ;
#2219 = DIRECTION ( 'NONE',  ( -0.8944271909999163000, -1.041331440120499300E-016, 0.4472135954999571000 ) ) ;
#2220 = VERTEX_POINT ( 'NONE', #353 ) ;
#2221 = CARTESIAN_POINT ( 'NONE',  ( 6.040000000000000000, 0.3099999999999999400, 0.0000000000000000000 ) ) ;
#2222 = VECTOR ( 'NONE', #708, 1000.000000000000000 ) ;
#2223 = ORIENTED_EDGE ( 'NONE', *, *, #705, .T. ) ;
#2224 = VECTOR ( 'NONE', #1457, 999.9999999999998900 ) ;
#2225 = CARTESIAN_POINT ( 'NONE',  ( 5.929228635429283600, -0.3099999999999999400, -0.1780646610469297500 ) ) ;
#2226 = DIRECTION ( 'NONE',  ( 0.0000000000000000000, -1.000000000000000000, -1.651256423655872500E-016 ) ) ;
#2227 = DIRECTION ( 'NONE',  ( -3.291323755655327900E-032, -1.000000000000000000, -2.020644701196047800E-016 ) ) ;
#2228 = VECTOR ( 'NONE', #2189, 1000.000000000000000 ) ;
#2229 = PLANE ( 'NONE',  #1460 ) ;
#2230 = LINE ( 'NONE', #1023, #2715 ) ;
#2231 = EDGE_CURVE ( 'NONE', #98, #2444, #888, .T. ) ;
#2232 = ORIENTED_EDGE ( 'NONE', *, *, #737, .F. ) ;
#2233 = VECTOR ( 'NONE', #1454, 1000.000000000000000 ) ;
#2234 = DIRECTION ( 'NONE',  ( -1.733666729305901600E-016, -0.03489949670249833200, -0.9993908270190958700 ) ) ;
#2235 = DIRECTION ( 'NONE',  ( 0.0000000000000000000, 2.328487887217193300E-016, -1.000000000000000000 ) ) ;
#2236 = VECTOR ( 'NONE', #796, 1000.000000000000200 ) ;
#2237 = VECTOR ( 'NONE', #1956, 1000.000000000000000 ) ;
#2238 = LINE ( 'NONE', #1843, #83 ) ;
#2239 = ORIENTED_EDGE ( 'NONE', *, *, #359, .F. ) ;
#2240 = ORIENTED_EDGE ( 'NONE', *, *, #2557, .F. ) ;
#2241 = EDGE_CURVE ( 'NONE', #2220, #2026, #259, .T. ) ;
#2242 = PLANE ( 'NONE',  #129 ) ;
#2243 = MANIFOLD_SOLID_BREP ( 'Mold', #34 ) ;
#2244 = CARTESIAN_POINT ( 'NONE',  ( 5.439999999999999500, 2.229999999999982200, 19.02999999999984100 ) ) ;
#2245 = DIRECTION ( 'NONE',  ( 0.0000000000000000000, -1.651256423655872500E-016, 1.000000000000000000 ) ) ;
#2246 = DIRECTION ( 'NONE',  ( 0.0000000000000000000, 1.000000000000000000, 1.651256423655872500E-016 ) ) ;
#2247 = VERTEX_POINT ( 'NONE', #1499 ) ;
#2248 = VECTOR ( 'NONE', #2329, 1000.000000000000000 ) ;
#2249 = EDGE_CURVE ( 'NONE', #106, #1325, #2281, .T. ) ;
#2250 = AXIS2_PLACEMENT_3D ( 'NONE', #130, #312, #1662 ) ;
#2251 = DIRECTION ( 'NONE',  ( 0.0000000000000000000, 0.0000000000000000000, -1.000000000000000000 ) ) ;
#2252 = APPLICATION_PROTOCOL_DEFINITION ( 'draft international standard', 'automotive_design', 1998, #729 ) ;
#2253 = CARTESIAN_POINT ( 'NONE',  ( 4.839999999999999900, 0.3099999999999999400, -14.81999999999999000 ) ) ;
#2254 = LINE ( 'NONE', #2549, #508 ) ;
#2255 = AXIS2_PLACEMENT_3D ( 'NONE', #664, #472, #434 ) ;
#2256 = DIRECTION ( 'NONE',  ( 0.0000000000000000000, 0.0000000000000000000, 1.000000000000000000 ) ) ;
#2257 = CARTESIAN_POINT ( 'NONE',  ( -2.113999129280922200, -2.290000000000001800, 24.12082825540070600 ) ) ;
#2258 = ORIENTED_EDGE ( 'NONE', *, *, #1817, .T. ) ;
#2259 = VECTOR ( 'NONE', #775, 1000.000000000000100 ) ;
#2260 = FACE_OUTER_BOUND ( 'NONE', #2506, .T. ) ;
#2261 = EDGE_CURVE ( 'NONE', #1051, #828, #213, .T. ) ;
#2262 = ORIENTED_EDGE ( 'NONE', *, *, #1988, .T. ) ;
#2263 = LINE ( 'NONE', #2743, #582 ) ;
#2264 = EDGE_CURVE ( 'NONE', #2445, #2637, #3, .T. ) ;
#2265 = VECTOR ( 'NONE', #2199, 1000.000000000000000 ) ;
#2266 = DIRECTION ( 'NONE',  ( 1.000000000000000000, -0.0000000000000000000, 0.0000000000000000000 ) ) ;
#2267 = VECTOR ( 'NONE', #890, 1000.000000000000100 ) ;
#2268 = ORIENTED_EDGE ( 'NONE', *, *, #2805, .F. ) ;
#2269 = DIRECTION ( 'NONE',  ( 1.000000000000000000, -0.0000000000000000000, -1.734723475976807100E-016 ) ) ;
#2270 = VERTEX_POINT ( 'NONE', #471 ) ;
#2271 = EDGE_LOOP ( 'NONE', ( #1902, #2392, #1438, #2343 ) ) ;
#2272 = DIRECTION ( 'NONE',  ( -3.291323755655327900E-032, -1.000000000000000000, -2.020644701196047800E-016 ) ) ;
#2273 = DIRECTION ( 'NONE',  ( -1.000000000000000000, -0.0000000000000000000, -0.0000000000000000000 ) ) ;
#2274 = EDGE_CURVE ( 'NONE', #1325, #1835, #1661, .T. ) ;
#2275 = DIRECTION ( 'NONE',  ( -1.000000000000000000, 0.0000000000000000000, 1.734723475976807100E-016 ) ) ;
#2276 = VERTEX_POINT ( 'NONE', #499 ) ;
#2277 = ORIENTED_EDGE ( 'NONE', *, *, #648, .F. ) ;
#2278 = VECTOR ( 'NONE', #2183, 1000.000000000000000 ) ;
#2279 = CARTESIAN_POINT ( 'NONE',  ( 13.40999999999999800, -2.289999999999996500, 4.340794000678531700 ) ) ;
#2280 = ORIENTED_EDGE ( 'NONE', *, *, #1558, .T. ) ;
#2281 = LINE ( 'NONE', #1487, #1724 ) ;
#2282 = CARTESIAN_POINT ( 'NONE',  ( 1.080000000000000300, -0.3099999999999999400, 0.0000000000000000000 ) ) ;
#2283 = DIRECTION ( 'NONE',  ( 0.0000000000000000000, -0.9993908270190957600, 0.03489949670249832500 ) ) ;
#2284 = VECTOR ( 'NONE', #496, 1000.000000000000000 ) ;
#2285 = EDGE_CURVE ( 'NONE', #2380, #1575, #1155, .T. ) ;
#2286 = VECTOR ( 'NONE', #1346, 1000.000000000000000 ) ;
#2287 = EDGE_LOOP ( 'NONE', ( #821, #199, #1916, #127 ) ) ;
#2288 = LINE ( 'NONE', #1748, #549 ) ;
#2289 = VECTOR ( 'NONE', #1125, 1000.000000000000100 ) ;
#2290 = DIRECTION ( 'NONE',  ( 0.0000000000000000000, -1.000000000000000000, 0.0000000000000000000 ) ) ;
#2291 = PLANE ( 'NONE',  #488 ) ;
#2292 = FACE_OUTER_BOUND ( 'NONE', #2630, .T. ) ;
#2293 = PLANE ( 'NONE',  #24 ) ;
#2294 = FACE_OUTER_BOUND ( 'NONE', #697, .T. ) ;
#2295 = AXIS2_PLACEMENT_3D ( 'NONE', #2511, #108, #61 ) ;
#2296 = AXIS2_PLACEMENT_3D ( 'NONE', #11, #2025, #237 ) ;
#2297 = DIRECTION ( 'NONE',  ( 1.000000000000000000, 0.0000000000000000000, 0.0000000000000000000 ) ) ;
#2298 = ORIENTED_EDGE ( 'NONE', *, *, #31, .F. ) ;
#2299 = ORIENTED_EDGE ( 'NONE', *, *, #2208, .T. ) ;
#2300 = CARTESIAN_POINT ( 'NONE',  ( 7.680000000000000600, 2.229999999999996400, 23.70000000000000300 ) ) ;
#2301 = ORIENTED_EDGE ( 'NONE', *, *, #2709, .F. ) ;
#2302 = CARTESIAN_POINT ( 'NONE',  ( 1.080000000000000300, 0.2838413223459549900, 4.250913481152563700 ) ) ;
#2303 = EDGE_CURVE ( 'NONE', #1927, #1508, #470, .T. ) ;
#2304 = AXIS2_PLACEMENT_3D ( 'NONE', #1760, #1127, #988 ) ;
#2305 = PLANE ( 'NONE',  #2020 ) ;
#2306 = ORIENTED_EDGE ( 'NONE', *, *, #559, .T. ) ;
#2307 = DIRECTION ( 'NONE',  ( -0.9396926207859093200, 0.0000000000000000000, 0.3420201433256663300 ) ) ;
#2308 = EDGE_CURVE ( 'NONE', #947, #1821, #2708, .T. ) ;
#2309 = CLOSED_SHELL ( 'NONE', ( #325, #818, #979, #2435, #2437, #810, #883, #288, #177, #260, #787, #215 ) ) ;
#2310 = CARTESIAN_POINT ( 'NONE',  ( 7.680000000000000600, 2.229999999999996400, 23.50000000000000000 ) ) ;
#2311 = EDGE_CURVE ( 'NONE', #1142, #1582, #1588, .T. ) ;
#2312 = CARTESIAN_POINT ( 'NONE',  ( 6.940000000000000400, -0.3099999999999999400, 0.0000000000000000000 ) ) ;
#2313 = LINE ( 'NONE', #2768, #1692 ) ;
#2314 = VECTOR ( 'NONE', #73, 1000.000000000000000 ) ;
#2315 = ADVANCED_FACE ( 'NONE', ( #1527 ), #2291, .T. ) ;
#2316 = CARTESIAN_POINT ( 'NONE',  ( 7.680000000000000600, 2.229999999999996400, 23.70000000000000300 ) ) ;
#2317 = EDGE_LOOP ( 'NONE', ( #1383, #1949, #239, #864 ) ) ;
#2318 = VECTOR ( 'NONE', #1419, 1000.000000000000000 ) ;
#2319 = EDGE_CURVE ( 'NONE', #1480, #2154, #950, .T. ) ;
#2320 = VECTOR ( 'NONE', #181, 1000.000000000000000 ) ;
#2321 = SURFACE_STYLE_USAGE ( .BOTH. , #1912 ) ;
#2322 = ORIENTED_EDGE ( 'NONE', *, *, #869, .F. ) ;
#2323 = LINE ( 'NONE', #1695, #1773 ) ;
#2324 = VECTOR ( 'NONE', #2283, 1000.000000000000100 ) ;
#2325 = DIRECTION ( 'NONE',  ( -1.000000000000000000, 0.0000000000000000000, 0.0000000000000000000 ) ) ;
#2326 = DIRECTION ( 'NONE',  ( -0.0000000000000000000, -1.000000000000000000, -0.0000000000000000000 ) ) ;
#2327 = LINE ( 'NONE', #1994, #1778 ) ;
#2328 = ORIENTED_EDGE ( 'NONE', *, *, #1028, .T. ) ;
#2329 = DIRECTION ( 'NONE',  ( -1.000000000000000000, -0.0000000000000000000, -0.0000000000000000000 ) ) ;
#2330 = AXIS2_PLACEMENT_3D ( 'NONE', #609, #517, #599 ) ;
#2331 = EDGE_LOOP ( 'NONE', ( #1250, #95, #707, #1324 ) ) ;
#2332 = ORIENTED_EDGE ( 'NONE', *, *, #2523, .T. ) ;
#2333 = ORIENTED_EDGE ( 'NONE', *, *, #2543, .F. ) ;
#2334 = CARTESIAN_POINT ( 'NONE',  ( 10.28000000000000100, 0.3099999999999999400, -15.82000000000000000 ) ) ;
#2335 = CARTESIAN_POINT ( 'NONE',  ( 4.839999999999999900, -0.3099999999999999400, -15.82000000000000000 ) ) ;
#2336 = EDGE_CURVE ( 'NONE', #828, #1827, #2101, .T. ) ;
#2337 = STYLED_ITEM ( 'NONE', ( #1597 ), #1751 ) ;
#2338 = DIRECTION ( 'NONE',  ( 0.0000000000000000000, 1.000000000000000000, 1.651256423655872500E-016 ) ) ;
#2339 = EDGE_LOOP ( 'NONE', ( #1913, #2466, #195, #816 ) ) ;
#2340 = ORIENTED_EDGE ( 'NONE', *, *, #437, .T. ) ;
#2341 = ORIENTED_EDGE ( 'NONE', *, *, #2805, .T. ) ;
#2342 = LINE ( 'NONE', #1536, #1217 ) ;
#2343 = ORIENTED_EDGE ( 'NONE', *, *, #31, .T. ) ;
#2344 = DIRECTION ( 'NONE',  ( 1.000000000000000000, -0.0000000000000000000, -0.0000000000000000000 ) ) ;
#2345 = EDGE_CURVE ( 'NONE', #2596, #2371, #336, .T. ) ;
#2346 = DIRECTION ( 'NONE',  ( -0.4472135954999571000, 1.476928644631089800E-016, -0.8944271909999163000 ) ) ;
#2347 = VECTOR ( 'NONE', #2635, 1000.000000000000000 ) ;
#2348 = ADVANCED_BREP_SHAPE_REPRESENTATION ( 'TO-247', ( #6, #2243, #1751, #91, #1380, #2535 ), #1398 ) ;
#2349 = LINE ( 'NONE', #1369, #2286 ) ;
#2350 = CARTESIAN_POINT ( 'NONE',  ( 11.75499999999999900, 2.729999999999997800, 15.75000000000000000 ) ) ;
#2351 = CARTESIAN_POINT ( 'NONE',  ( 12.99399912928092200, -2.289999999999996500, 4.340794000678531700 ) ) ;
#2352 = AXIS2_PLACEMENT_3D ( 'NONE', #1358, #1385, #1156 ) ;
#2353 = CARTESIAN_POINT ( 'NONE',  ( 2.680000000000000200, 2.729999999999996000, 23.69999999999999900 ) ) ;
#2354 = VERTEX_POINT ( 'NONE', #1655 ) ;
#2355 = VECTOR ( 'NONE', #837, 1000.000000000000200 ) ;
#2356 = DIRECTION ( 'NONE',  ( 3.198165163486382200E-032, 1.000000000000000000, 2.328487887217193300E-016 ) ) ;
#2357 = LINE ( 'NONE', #889, #1439 ) ;
#2358 = VECTOR ( 'NONE', #2470, 1000.000000000000000 ) ;
#2359 = LINE ( 'NONE', #2821, #689 ) ;
#2360 = COLOUR_RGB ( '',1.000000000000000000, 0.5019607843137254800, 0.0000000000000000000 ) ;
#2361 = DIRECTION ( 'NONE',  ( -0.9848077530122088000, -4.263605828335677800E-017, 0.1736481776669265300 ) ) ;
#2362 = EDGE_CURVE ( 'NONE', #2124, #1920, #538, .T. ) ;
#2363 = ORIENTED_EDGE ( 'NONE', *, *, #1227, .T. ) ;
#2364 = PLANE ( 'NONE',  #1064 ) ;
#2365 = ORIENTED_EDGE ( 'NONE', *, *, #788, .F. ) ;
#2366 = PLANE ( 'NONE',  #2385 ) ;
#2367 = ORIENTED_EDGE ( 'NONE', *, *, #1417, .F. ) ;
#2368 = CARTESIAN_POINT ( 'NONE',  ( 0.5999999999999989800, 0.3099999999999999400, 0.0000000000000000000 ) ) ;
#2369 = DIRECTION ( 'NONE',  ( 1.000000000000000000, -1.591374046096303400E-032, 9.637352644315594000E-017 ) ) ;
#2370 = CARTESIAN_POINT ( 'NONE',  ( -2.530000000000000200, 0.6745622767978850500, 25.19984068178358100 ) ) ;
#2371 = VERTEX_POINT ( 'NONE', #679 ) ;
#2372 = VERTEX_POINT ( 'NONE', #2697 ) ;
#2373 = EDGE_CURVE ( 'NONE', #2423, #423, #1393, .T. ) ;
#2374 = VERTEX_POINT ( 'NONE', #1689 ) ;
#2375 = PRESENTATION_STYLE_ASSIGNMENT (( #2667 ) ) ;
#2376 = ORIENTED_EDGE ( 'NONE', *, *, #2362, .T. ) ;
#2377 = DIRECTION ( 'NONE',  ( 9.637352644315594000E-017, 0.0000000000000000000, -1.000000000000000000 ) ) ;
#2378 = ORIENTED_EDGE ( 'NONE', *, *, #606, .F. ) ;
#2379 = FACE_OUTER_BOUND ( 'NONE', #1511, .T. ) ;
#2380 = VERTEX_POINT ( 'NONE', #1710 ) ;
#2381 = CARTESIAN_POINT ( 'NONE',  ( -2.113999129280922200, -2.290000000000000000, 17.23448418193087400 ) ) ;
#2382 = CARTESIAN_POINT ( 'NONE',  ( 7.680000000000000600, 2.229999999999996400, 23.50000000000000000 ) ) ;
#2383 = CARTESIAN_POINT ( 'NONE',  ( 7.680000000000000600, 2.229999999999996400, 23.70000000000000300 ) ) ;
#2384 = DIRECTION ( 'NONE',  ( 1.000000000000000000, -0.0000000000000000000, -0.0000000000000000000 ) ) ;
#2385 = AXIS2_PLACEMENT_3D ( 'NONE', #48, #2346, #2338 ) ;
#2386 = DIRECTION ( 'NONE',  ( 0.0000000000000000000, 2.455312739597920200E-016, -1.000000000000000000 ) ) ;
#2387 = VECTOR ( 'NONE', #320, 1000.000000000000000 ) ;
#2388 = DIRECTION ( 'NONE',  ( -0.0000000000000000000, -2.328487887217193300E-016, 1.000000000000000000 ) ) ;
#2389 = ORIENTED_EDGE ( 'NONE', *, *, #2016, .T. ) ;
#2390 = VECTOR ( 'NONE', #2015, 1000.000000000000000 ) ;
#2391 = LINE ( 'NONE', #1570, #723 ) ;
#2392 = ORIENTED_EDGE ( 'NONE', *, *, #2031, .F. ) ;
#2393 = VECTOR ( 'NONE', #2078, 1000.000000000000000 ) ;
#2394 = EDGE_CURVE ( 'NONE', #2175, #771, #253, .T. ) ;
#2395 = DIRECTION ( 'NONE',  ( 0.0000000000000000000, 0.0000000000000000000, 1.000000000000000000 ) ) ;
#2396 = AXIS2_PLACEMENT_3D ( 'NONE', #1215, #1111, #1265 ) ;
#2397 = CARTESIAN_POINT ( 'NONE',  ( 7.680000000000000600, 2.729999999999996900, 23.50000000000000000 ) ) ;
#2398 = LINE ( 'NONE', #2316, #2815 ) ;
#2399 = DIRECTION ( 'NONE',  ( -1.000000000000000000, 0.0000000000000000000, 0.0000000000000000000 ) ) ;
#2400 = ORIENTED_EDGE ( 'NONE', *, *, #131, .T. ) ;
#2401 = AXIS2_PLACEMENT_3D ( 'NONE', #2383, #2448, #2395 ) ;
#2402 = PLANE ( 'NONE',  #1407 ) ;
#2403 = EDGE_LOOP ( 'NONE', ( #1890, #2442, #168, #792 ) ) ;
#2404 = EDGE_LOOP ( 'NONE', ( #1678, #1733, #12, #1263, #666, #2585, #1204, #56, #2106, #958, #2232, #1565, #1880, #694 ) ) ;
#2405 = EDGE_CURVE ( 'NONE', #2076, #1151, #882, .T. ) ;
#2406 = DIRECTION ( 'NONE',  ( 9.637352644315595200E-017, -1.927470528863119000E-016, 1.000000000000000000 ) ) ;
#2407 = EDGE_CURVE ( 'NONE', #1456, #1707, #1963, .T. ) ;
#2408 = CARTESIAN_POINT ( 'NONE',  ( -1.375000000000000400, 2.729999999999997800, 16.25000000000000700 ) ) ;
#2409 = CARTESIAN_POINT ( 'NONE',  ( 11.75499999999999900, 2.729999999999997800, 15.75000000000000000 ) ) ;
#2410 = EDGE_LOOP ( 'NONE', ( #302, #2617, #2301, #1782, #2136, #373, #1839 ) ) ;
#2411 = ORIENTED_EDGE ( 'NONE', *, *, #1505, .T. ) ;
#2412 = CARTESIAN_POINT ( 'NONE',  ( 5.439999999999999500, -2.290000000000001400, 20.89889689347490200 ) ) ;
#2413 = VECTOR ( 'NONE', #2794, 1000.000000000000000 ) ;
#2414 = ORIENTED_EDGE ( 'NONE', *, *, #1176, .F. ) ;
#2415 = CARTESIAN_POINT ( 'NONE',  ( 1.080000000000000300, 0.3099999999999999400, 0.0000000000000000000 ) ) ;
#2416 = DIRECTION ( 'NONE',  ( 1.000000000000000000, -0.0000000000000000000, -1.734723475976807100E-016 ) ) ;
#2417 = EDGE_CURVE ( 'NONE', #771, #706, #172, .T. ) ;
#2418 = LINE ( 'NONE', #1564, #71 ) ;
#2419 = CARTESIAN_POINT ( 'NONE',  ( 7.680000000000000600, 2.229999999999996400, 23.50000000000000000 ) ) ;
#2420 = CARTESIAN_POINT ( 'NONE',  ( 3.810000000000000100, -0.3099999999999999400, 5.000000000000000900 ) ) ;
#2421 = VECTOR ( 'NONE', #1834, 1000.000000000000000 ) ;
#2422 = CARTESIAN_POINT ( 'NONE',  ( 5.676029765733795300, 0.3099999999999999400, -15.82000000000000000 ) ) ;
#2423 = VERTEX_POINT ( 'NONE', #2564 ) ;
#2424 = LINE ( 'NONE', #1594, #1734 ) ;
#2425 = CARTESIAN_POINT ( 'NONE',  ( -1.375000000000000400, 2.229999999999996400, 23.69999999999999900 ) ) ;
#2426 = FACE_OUTER_BOUND ( 'NONE', #262, .T. ) ;
#2427 = FACE_OUTER_BOUND ( 'NONE', #709, .T. ) ;
#2428 = FACE_BOUND ( 'NONE', #2505, .T. ) ;
#2429 = CARTESIAN_POINT ( 'NONE',  ( -1.375000000000000400, 2.229999999999998200, 16.25000000000000700 ) ) ;
#2430 = EDGE_CURVE ( 'NONE', #937, #1835, #1893, .T. ) ;
#2431 = CARTESIAN_POINT ( 'NONE',  ( 1.080000000000000300, -0.3099999999999999400, 0.0000000000000000000 ) ) ;
#2432 = ORIENTED_EDGE ( 'NONE', *, *, #1556, .T. ) ;
#2433 = ORIENTED_EDGE ( 'NONE', *, *, #1847, .F. ) ;
#2434 = ORIENTED_EDGE ( 'NONE', *, *, #1979, .T. ) ;
#2435 = ADVANCED_FACE ( 'NONE', ( #643 ), #386, .F. ) ;
#2436 = ORIENTED_EDGE ( 'NONE', *, *, #463, .F. ) ;
#2437 = ADVANCED_FACE ( 'NONE', ( #2379 ), #2761, .F. ) ;
#2438 = CARTESIAN_POINT ( 'NONE',  ( 6.039999999999998300, 0.3099999999999999400, -14.81999999999999000 ) ) ;
#2439 = STYLED_ITEM ( 'NONE', ( #1928 ), #2243 ) ;
#2440 = UNCERTAINTY_MEASURE_WITH_UNIT (LENGTH_MEASURE( 1.000000000000000100E-005 ), #752, 'distance_accuracy_value', 'NONE');
#2441 = VERTEX_POINT ( 'NONE', #826 ) ;
#2442 = ORIENTED_EDGE ( 'NONE', *, *, #232, .F. ) ;
#2443 = PLANE ( 'NONE',  #1691 ) ;
#2444 = VERTEX_POINT ( 'NONE', #1318 ) ;
#2445 = VERTEX_POINT ( 'NONE', #873 ) ;
#2446 = EDGE_CURVE ( 'NONE', #1423, #656, #711, .T. ) ;
#2447 = VECTOR ( 'NONE', #1069, 1000.000000000000000 ) ;
#2448 = DIRECTION ( 'NONE',  ( -1.000000000000000000, 0.0000000000000000000, 0.0000000000000000000 ) ) ;
#2449 = DIRECTION ( 'NONE',  ( -0.3420201433256663300, -0.0000000000000000000, -0.9396926207859093200 ) ) ;
#2450 = CARTESIAN_POINT ( 'NONE',  ( 12.25500000000000300, 2.229999999999998200, 16.25000000000000700 ) ) ;
#2451 = AXIS2_PLACEMENT_3D ( 'NONE', #1465, #1446, #1433 ) ;
#2452 = DIRECTION ( 'NONE',  ( 0.0000000000000000000, 2.455312739597920200E-016, -1.000000000000000000 ) ) ;
#2453 = CARTESIAN_POINT ( 'NONE',  ( -0.7535358232580594600, -2.290000000000001800, 24.12082825540070600 ) ) ;
#2454 = VECTOR ( 'NONE', #331, 1000.000000000000000 ) ;
#2455 = EDGE_CURVE ( 'NONE', #2596, #2469, #37, .T. ) ;
#2456 = EDGE_CURVE ( 'NONE', #1094, #1914, #571, .T. ) ;
#2457 = ORIENTED_EDGE ( 'NONE', *, *, #2264, .T. ) ;
#2458 = VECTOR ( 'NONE', #2684, 1000.000000000000000 ) ;
#2459 = FILL_AREA_STYLE ('',( #1396 ) ) ;
#2460 = CARTESIAN_POINT ( 'NONE',  ( 11.11602976573379900, 0.3099999999999999400, -15.82000000000000000 ) ) ;
#2461 = VECTOR ( 'NONE', #338, 1000.000000000000000 ) ;
#2462 = EDGE_LOOP ( 'NONE', ( #819, #126, #1044, #2414 ) ) ;
#2463 = LINE ( 'NONE', #2282, #657 ) ;
#2464 = FACE_OUTER_BOUND ( 'NONE', #590, .T. ) ;
#2465 = CARTESIAN_POINT ( 'NONE',  ( 4.839999999999999900, -0.3099999999999999400, 0.0000000000000000000 ) ) ;
#2466 = ORIENTED_EDGE ( 'NONE', *, *, #1651, .T. ) ;
#2467 = ORIENTED_EDGE ( 'NONE', *, *, #1806, .F. ) ;
#2468 = EDGE_LOOP ( 'NONE', ( #1355, #1922, #2477, #206, #830, #2544, #287, #913, #2064, #365 ) ) ;
#2469 = VERTEX_POINT ( 'NONE', #2787 ) ;
#2470 = DIRECTION ( 'NONE',  ( -0.0000000000000000000, -1.000000000000000000, -0.0000000000000000000 ) ) ;
#2471 = CARTESIAN_POINT ( 'NONE',  ( 11.75499999999999900, 2.229999999999998200, 15.75000000000000000 ) ) ;
#2472 = ORIENTED_EDGE ( 'NONE', *, *, #185, .F. ) ;
#2473 = AXIS2_PLACEMENT_3D ( 'NONE', #2559, #2528, #2479 ) ;
#2474 = DIRECTION ( 'NONE',  ( -0.08702245882270023800, 0.9946712558582770900, -0.05528276792789466000 ) ) ;
#2475 = VERTEX_POINT ( 'NONE', #1289 ) ;
#2476 = ORIENTED_EDGE ( 'NONE', *, *, #1259, .F. ) ;
#2477 = ORIENTED_EDGE ( 'NONE', *, *, #2336, .F. ) ;
#2478 = VECTOR ( 'NONE', #1519, 1000.000000000000100 ) ;
#2479 = DIRECTION ( 'NONE',  ( 0.0000000000000000000, -2.320517897527934400E-016, 1.000000000000000000 ) ) ;
#2480 = CARTESIAN_POINT ( 'NONE',  ( 2.680000000000000200, 2.229999999999996400, 23.69999999999999900 ) ) ;
#2481 = ORIENTED_EDGE ( 'NONE', *, *, #1817, .F. ) ;
#2482 = ORIENTED_EDGE ( 'NONE', *, *, #2782, .T. ) ;
#2483 = PLANE ( 'NONE',  #2295 ) ;
#2484 = COLOUR_RGB ( '',0.0000000000000000000, 0.0000000000000000000, 1.000000000000000000 ) ;
#2485 = EDGE_CURVE ( 'NONE', #995, #1852, #2313, .T. ) ;
#2486 = PRESENTATION_LAYER_ASSIGNMENT (  '', '', ( #2337 ) ) ;
#2487 =( NAMED_UNIT ( * ) PLANE_ANGLE_UNIT ( ) SI_UNIT ( $, .RADIAN. ) );
#2488 = VECTOR ( 'NONE', #1363, 999.9999999999998900 ) ;
#2489 = AXIS2_PLACEMENT_3D ( 'NONE', #2520, #2115, #1991 ) ;
#2490 = DIRECTION ( 'NONE',  ( 0.0000000000000000000, -0.0000000000000000000, -1.000000000000000000 ) ) ;
#2491 = ORIENTED_EDGE ( 'NONE', *, *, #2682, .T. ) ;
#2492 = LINE ( 'NONE', #1666, #2421 ) ;
#2493 = ORIENTED_EDGE ( 'NONE', *, *, #2430, .T. ) ;
#2494 = CIRCLE ( 'NONE', #738, 3.595000000000002900 ) ;
#2495 = EDGE_CURVE ( 'NONE', #570, #1142, #1825, .T. ) ;
#2496 = FACE_OUTER_BOUND ( 'NONE', #1758, .T. ) ;
#2497 = CARTESIAN_POINT ( 'NONE',  ( 5.440000000000000400, 2.729999999999997800, 22.62500000000035900 ) ) ;
#2498 = LINE ( 'NONE', #2646, #1941 ) ;
#2499 = DIRECTION ( 'NONE',  ( -0.1390275243235443400, -0.9892322371498051300, -0.04572667125494615800 ) ) ;
#2500 = FACE_OUTER_BOUND ( 'NONE', #1973, .T. ) ;
#2501 = CARTESIAN_POINT ( 'NONE',  ( 1.624999999999993600, 2.229999999999996400, 23.69999999999999900 ) ) ;
#2502 = ORIENTED_EDGE ( 'NONE', *, *, #1735, .F. ) ;
#2503 = DIRECTION ( 'NONE',  ( 0.0000000000000000000, -1.000000000000000000, -1.651256423655872500E-016 ) ) ;
#2504 = ORIENTED_EDGE ( 'NONE', *, *, #1271, .T. ) ;
#2505 = EDGE_LOOP ( 'NONE', ( #1342, #724 ) ) ;
#2506 = EDGE_LOOP ( 'NONE', ( #1037, #1796, #2819, #1783 ) ) ;
#2507 = CARTESIAN_POINT ( 'NONE',  ( -1.375000000000000400, 2.229999999999998200, 16.25000000000000700 ) ) ;
#2508 = DIRECTION ( 'NONE',  ( -1.000000000000000000, -0.0000000000000000000, -0.0000000000000000000 ) ) ;
#2509 = CARTESIAN_POINT ( 'NONE',  ( 9.254999999999984800, 2.229999999999996400, 23.70000000000000300 ) ) ;
#2510 = EDGE_CURVE ( 'NONE', #2573, #2655, #1121, .T. ) ;
#2511 = CARTESIAN_POINT ( 'NONE',  ( -1.080000000000000300, 0.3099999999999999400, 4.999999999999995600 ) ) ;
#2512 = EDGE_LOOP ( 'NONE', ( #762, #1367, #219, #2491, #2002, #841, #925 ) ) ;
#2513 = CARTESIAN_POINT ( 'NONE',  ( 2.680000000000000200, 2.229999999999996400, 23.69999999999999900 ) ) ;
#2514 =( LENGTH_UNIT ( ) NAMED_UNIT ( * ) SI_UNIT ( .MILLI., .METRE. ) );
#2515 = ORIENTED_EDGE ( 'NONE', *, *, #1388, .F. ) ;
#2516 = CARTESIAN_POINT ( 'NONE',  ( 11.95999999999999900, 0.3099999999999999400, 4.249999999999995600 ) ) ;
#2517 = VECTOR ( 'NONE', #2705, 1000.000000000000000 ) ;
#2518 = VERTEX_POINT ( 'NONE', #2139 ) ;
#2519 = PLANE ( 'NONE',  #2489 ) ;
#2520 = CARTESIAN_POINT ( 'NONE',  ( 5.439999999999999500, 0.6700000000000043700, 9.698882955776946500E-016 ) ) ;
#2521 = VECTOR ( 'NONE', #569, 1000.000000000000000 ) ;
#2522 = CARTESIAN_POINT ( 'NONE',  ( 11.48000000000000000, -0.3099999999999999400, 0.0000000000000000000 ) ) ;
#2523 = EDGE_CURVE ( 'NONE', #2607, #1544, #1054, .T. ) ;
#2524 = VECTOR ( 'NONE', #674, 1000.000000000000000 ) ;
#2525 = VERTEX_POINT ( 'NONE', #2545 ) ;
#2526 = CARTESIAN_POINT ( 'NONE',  ( 11.95999999999999900, -0.3099999999999999400, 4.271650877084877800 ) ) ;
#2527 = VECTOR ( 'NONE', #222, 1000.000000000000000 ) ;
#2528 = DIRECTION ( 'NONE',  ( -0.0000000000000000000, 1.000000000000000000, 2.455312739597920200E-016 ) ) ;
#2529 = CARTESIAN_POINT ( 'NONE',  ( 10.28000000000000100, 0.3099999999999999400, 0.0000000000000000000 ) ) ;
#2530 = VERTEX_POINT ( 'NONE', #2353 ) ;
#2531 = VECTOR ( 'NONE', #1015, 1000.000000000000000 ) ;
#2532 = DIRECTION ( 'NONE',  ( 9.637352644315594000E-017, 1.927470528863118800E-016, -1.000000000000000000 ) ) ;
#2533 = FACE_OUTER_BOUND ( 'NONE', #457, .T. ) ;
#2534 = ORIENTED_EDGE ( 'NONE', *, *, #1785, .T. ) ;
#2535 = AXIS2_PLACEMENT_3D ( 'NONE', #486, #1837, #505 ) ;
#2536 = VECTOR ( 'NONE', #1366, 1000.000000000000100 ) ;
#2537 = ORIENTED_EDGE ( 'NONE', *, *, #1317, .F. ) ;
#2538 = ORIENTED_EDGE ( 'NONE', *, *, #2485, .T. ) ;
#2539 = ORIENTED_EDGE ( 'NONE', *, *, #2285, .T. ) ;
#2540 = EDGE_CURVE ( 'NONE', #2475, #995, #2677, .T. ) ;
#2541 = CARTESIAN_POINT ( 'NONE',  ( -1.374999999999998700, 2.729999999999996900, 22.19999999999999600 ) ) ;
#2542 = EDGE_LOOP ( 'NONE', ( #100, #710, #1327, #171 ) ) ;
#2543 = EDGE_CURVE ( 'NONE', #1892, #1256, #2742, .T. ) ;
#2544 = ORIENTED_EDGE ( 'NONE', *, *, #2417, .F. ) ;
#2545 = CARTESIAN_POINT ( 'NONE',  ( -1.374999999999999600, 2.229999999999996400, 22.19999999999999600 ) ) ;
#2546 = EDGE_CURVE ( 'NONE', #2247, #384, #1626, .T. ) ;
#2547 = LINE ( 'NONE', #1940, #1492 ) ;
#2548 = ORIENTED_EDGE ( 'NONE', *, *, #2676, .F. ) ;
#2549 = CARTESIAN_POINT ( 'NONE',  ( 11.75499999999999900, 2.229999999999998200, 15.75000000000000000 ) ) ;
#2550 = LINE ( 'NONE', #1800, #299 ) ;
#2551 = CARTESIAN_POINT ( 'NONE',  ( -0.8749999999999990000, 2.229999999999998200, 15.75000000000000000 ) ) ;
#2552 = ORIENTED_EDGE ( 'NONE', *, *, #2455, .T. ) ;
#2553 = VECTOR ( 'NONE', #1997, 1000.000000000000200 ) ;
#2554 = EDGE_LOOP ( 'NONE', ( #1276, #2400, #731, #1347 ) ) ;
#2555 = VECTOR ( 'NONE', #2361, 1000.000000000000000 ) ;
#2556 = LINE ( 'NONE', #1631, #1001 ) ;
#2557 = EDGE_CURVE ( 'NONE', #2793, #891, #2129, .T. ) ;
#2558 = LINE ( 'NONE', #838, #311 ) ;
#2559 = CARTESIAN_POINT ( 'NONE',  ( 5.439999999999999500, -2.290000000000000500, 19.03000000000036000 ) ) ;
#2560 = PLANE ( 'NONE',  #1786 ) ;
#2561 = VERTEX_POINT ( 'NONE', #1357 ) ;
#2562 = ORIENTED_EDGE ( 'NONE', *, *, #2683, .T. ) ;
#2563 = CARTESIAN_POINT ( 'NONE',  ( -2.530000000000000200, 0.6699999999999978200, 25.19999999999999900 ) ) ;
#2564 = CARTESIAN_POINT ( 'NONE',  ( 10.28000000000000100, 0.3099999999999999400, 0.0000000000000000000 ) ) ;
#2565 = EDGE_CURVE ( 'NONE', #1051, #453, #2609, .T. ) ;
#2566 = DIRECTION ( 'NONE',  ( 0.0000000000000000000, 2.455312739597920200E-016, -1.000000000000000000 ) ) ;
#2567 = CARTESIAN_POINT ( 'NONE',  ( 12.54082210081577200, -2.290000000000000500, 19.19147543774380400 ) ) ;
#2568 = VERTEX_POINT ( 'NONE', #2615 ) ;
#2569 = DIRECTION ( 'NONE',  ( 1.000000000000000000, 0.0000000000000000000, -0.0000000000000000000 ) ) ;
#2570 = ORIENTED_EDGE ( 'NONE', *, *, #2417, .T. ) ;
#2571 = CARTESIAN_POINT ( 'NONE',  ( 6.040000000000000000, -0.3099999999999999400, 0.0000000000000000000 ) ) ;
#2572 = CARTESIAN_POINT ( 'NONE',  ( -0.8749999999999990000, 2.729999999999997800, 15.75000000000000000 ) ) ;
#2573 = VERTEX_POINT ( 'NONE', #1513 ) ;
#2574 = AXIS2_PLACEMENT_3D ( 'NONE', #2796, #101, #2148 ) ;
#2575 = VECTOR ( 'NONE', #2028, 1000.000000000000000 ) ;
#2576 = DIRECTION ( 'NONE',  ( 0.0000000000000000000, -2.455312739597920200E-016, 1.000000000000000000 ) ) ;
#2577 = EDGE_LOOP ( 'NONE', ( #699, #1883, #2436, #782 ) ) ;
#2578 = DIRECTION ( 'NONE',  ( 0.9902680687415708100, 0.1391731009600621900, 3.417134877965882200E-017 ) ) ;
#2579 = PRESENTATION_LAYER_ASSIGNMENT (  '', '', ( #2439 ) ) ;
#2580 = CARTESIAN_POINT ( 'NONE',  ( 11.75499999999999900, 2.229999999999998200, 15.75000000000000000 ) ) ;
#2581 = LINE ( 'NONE', #1685, #955 ) ;
#2582 = CARTESIAN_POINT ( 'NONE',  ( 13.40999999999999800, 0.6700000000000703200, 4.249999999999991100 ) ) ;
#2583 = EDGE_CURVE ( 'NONE', #2372, #89, #916, .T. ) ;
#2584 = AXIS2_PLACEMENT_3D ( 'NONE', #909, #506, #491 ) ;
#2585 = ORIENTED_EDGE ( 'NONE', *, *, #914, .F. ) ;
#2586 = DIRECTION ( 'NONE',  ( -0.7071067811865431300, 0.0000000000000000000, 0.7071067811865517900 ) ) ;
#2587 = LINE ( 'NONE', #361, #2461 ) ;
#2588 = ORIENTED_EDGE ( 'NONE', *, *, #2647, .T. ) ;
#2589 = VECTOR ( 'NONE', #136, 1000.000000000000000 ) ;
#2590 = DIRECTION ( 'NONE',  ( 0.0000000000000000000, 0.0000000000000000000, 1.000000000000000000 ) ) ;
#2591 = LINE ( 'NONE', #2551, #726 ) ;
#2592 = VECTOR ( 'NONE', #2109, 1000.000000000000000 ) ;
#2593 = CARTESIAN_POINT ( 'NONE',  ( -0.8749999999999990000, 2.229999999999998200, 15.75000000000000000 ) ) ;
#2594 = EDGE_CURVE ( 'NONE', #1508, #2276, #2547, .T. ) ;
#2595 = DIRECTION ( 'NONE',  ( 0.0000000000000000000, -8.280302987956124700E-017, 1.000000000000000000 ) ) ;
#2596 = VERTEX_POINT ( 'NONE', #2351 ) ;
#2597 = EDGE_CURVE ( 'NONE', #2702, #1498, #986, .T. ) ;
#2598 = CARTESIAN_POINT ( 'NONE',  ( 9.799999999999998900, 0.3099999999999999400, 4.999999999999998200 ) ) ;
#2599 = CARTESIAN_POINT ( 'NONE',  ( 2.680000000000000200, 2.229999999999996400, 23.69999999999999900 ) ) ;
#2600 = EDGE_LOOP ( 'NONE', ( #1387, #1958, #247, #872 ) ) ;
#2601 = ORIENTED_EDGE ( 'NONE', *, *, #92, .T. ) ;
#2602 = DIRECTION ( 'NONE',  ( 0.0000000000000000000, 0.0000000000000000000, -1.000000000000000000 ) ) ;
#2603 = ORIENTED_EDGE ( 'NONE', *, *, #2152, .F. ) ;
#2604 = DIRECTION ( 'NONE',  ( -0.0000000000000000000, -1.000000000000000000, -0.0000000000000000000 ) ) ;
#2605 = DIRECTION ( 'NONE',  ( -0.7071067811865431300, -0.0000000000000000000, -0.7071067811865517900 ) ) ;
#2606 = VERTEX_POINT ( 'NONE', #1731 ) ;
#2607 = VERTEX_POINT ( 'NONE', #607 ) ;
#2608 = DIRECTION ( 'NONE',  ( -1.000000000000000000, -0.0000000000000000000, -0.0000000000000000000 ) ) ;
#2609 = LINE ( 'NONE', #2750, #290 ) ;
#2610 = DIRECTION ( 'NONE',  ( 0.9848077530122088000, 5.338653526482022800E-017, -0.1736481776669265000 ) ) ;
#2611 = CARTESIAN_POINT ( 'NONE',  ( 13.79852808684789500, -2.290000000000000900, 21.91737598004944600 ) ) ;
#2612 = AXIS2_PLACEMENT_3D ( 'NONE', #595, #519, #507 ) ;
#2613 = DIRECTION ( 'NONE',  ( 1.000000000000000000, 0.0000000000000000000, 0.0000000000000000000 ) ) ;
#2614 = LINE ( 'NONE', #424, #921 ) ;
#2615 = CARTESIAN_POINT ( 'NONE',  ( 11.48000000000000000, 0.3099999999999999400, -14.81999999999999000 ) ) ;
#2616 = DIRECTION ( 'NONE',  ( 0.9848077530122088000, -4.263605828335677800E-017, 0.1736481776669265300 ) ) ;
#2617 = ORIENTED_EDGE ( 'NONE', *, *, #2597, .T. ) ;
#2618 = LINE ( 'NONE', #2021, #2553 ) ;
#2619 = CARTESIAN_POINT ( 'NONE',  ( 13.40999999999999800, 0.3099999999998338500, 4.250000000000000000 ) ) ;
#2620 = ORIENTED_EDGE ( 'NONE', *, *, #2622, .F. ) ;
#2621 = LINE ( 'NONE', #2798, #306 ) ;
#2622 = EDGE_CURVE ( 'NONE', #2270, #2423, #831, .T. ) ;
#2623 = PLANE ( 'NONE',  #2401 ) ;
#2624 = DIRECTION ( 'NONE',  ( 9.637352644315594000E-017, 1.927470528863118800E-016, -1.000000000000000000 ) ) ;
#2625 = VECTOR ( 'NONE', #1700, 999.9999999999998900 ) ;
#2626 = DIRECTION ( 'NONE',  ( -0.4472135954999612600, 1.476928644631086600E-016, -0.8944271909999143000 ) ) ;
#2627 = LINE ( 'NONE', #1042, #2143 ) ;
#2628 = CARTESIAN_POINT ( 'NONE',  ( 3.810000000000000100, -0.3099999999999999400, 0.0000000000000000000 ) ) ;
#2629 = CARTESIAN_POINT ( 'NONE',  ( 11.48000000000000000, -0.3099999999999999400, 0.0000000000000000000 ) ) ;
#2630 = EDGE_LOOP ( 'NONE', ( #1436, #567, #375, #2092 ) ) ;
#2631 = ORIENTED_EDGE ( 'NONE', *, *, #716, .T. ) ;
#2632 = CARTESIAN_POINT ( 'NONE',  ( 11.90757146730719100, 0.6699999999999991500, 17.63622710669091700 ) ) ;
#2633 = EDGE_CURVE ( 'NONE', #903, #1494, #1424, .T. ) ;
#2634 = CARTESIAN_POINT ( 'NONE',  ( 2.680000000000000200, 2.229999999999996400, 23.69999999999999900 ) ) ;
#2635 = DIRECTION ( 'NONE',  ( 0.0000000000000000000, 2.328487887217193300E-016, -1.000000000000000000 ) ) ;
#2636 = DIRECTION ( 'NONE',  ( -0.1732251794336567000, -0.06975647374413244900, 0.9824088108221351600 ) ) ;
#2637 = VERTEX_POINT ( 'NONE', #1952 ) ;
#2638 = AXIS2_PLACEMENT_3D ( 'NONE', #946, #929, #939 ) ;
#2639 = DIRECTION ( 'NONE',  ( -0.3420201433256663300, -0.0000000000000000000, 0.9396926207859093200 ) ) ;
#2640 = ORIENTED_EDGE ( 'NONE', *, *, #815, .T. ) ;
#2641 = EDGE_LOOP ( 'NONE', ( #1216, #2601, #324, #597 ) ) ;
#2642 = LINE ( 'NONE', #953, #2096 ) ;
#2643 = ORIENTED_EDGE ( 'NONE', *, *, #328, .F. ) ;
#2644 = VECTOR ( 'NONE', #2452, 1000.000000000000000 ) ;
#2645 = DIRECTION ( 'NONE',  ( -0.9848077530122073500, -4.263605828335865800E-017, 0.1736481776669342200 ) ) ;
#2646 = CARTESIAN_POINT ( 'NONE',  ( -3.059999999999999200, 0.3099999999999999400, 4.249999999999998200 ) ) ;
#2647 = EDGE_CURVE ( 'NONE', #2637, #2695, #1359, .T. ) ;
#2648 = LINE ( 'NONE', #730, #340 ) ;
#2649 = DIRECTION ( 'NONE',  ( 1.000000000000000000, 0.0000000000000000000, 0.0000000000000000000 ) ) ;
#2650 = PLANE ( 'NONE',  #1929 ) ;
#2651 = CARTESIAN_POINT ( 'NONE',  ( 5.676029765733795300, 0.3099999999999999400, -15.82000000000000000 ) ) ;
#2652 = CARTESIAN_POINT ( 'NONE',  ( 0.6000000000000076400, 0.3099999999999999400, -14.81999999999992400 ) ) ;
#2653 = EDGE_LOOP ( 'NONE', ( #158, #779, #236, #859, #1447, #2014, #2562, #2539, #905, #2052, #357, #973, #1549, #2664 ) ) ;
#2654 = VECTOR ( 'NONE', #428, 1000.000000000000000 ) ;
#2655 = VERTEX_POINT ( 'NONE', #1316 ) ;
#2656 = FACE_OUTER_BOUND ( 'NONE', #670, .T. ) ;
#2657 = FACE_OUTER_BOUND ( 'NONE', #1537, .T. ) ;
#2658 = CARTESIAN_POINT ( 'NONE',  ( -0.2360297657337962500, 0.3099999999999999400, -15.81999999999998600 ) ) ;
#2659 = EDGE_CURVE ( 'NONE', #2118, #2518, #1291, .T. ) ;
#2660 = ORIENTED_EDGE ( 'NONE', *, *, #940, .T. ) ;
#2661 = VECTOR ( 'NONE', #1957, 1000.000000000000000 ) ;
#2662 = ORIENTED_EDGE ( 'NONE', *, *, #1084, .F. ) ;
#2663 = ORIENTED_EDGE ( 'NONE', *, *, #124, .F. ) ;
#2664 = ORIENTED_EDGE ( 'NONE', *, *, #348, .T. ) ;
#2665 = AXIS2_PLACEMENT_3D ( 'NONE', #1650, #2256, #2218 ) ;
#2666 = EDGE_LOOP ( 'NONE', ( #36, #640, #1254, #2376 ) ) ;
#2667 = SURFACE_STYLE_USAGE ( .BOTH. , #1188 ) ;
#2668 = CARTESIAN_POINT ( 'NONE',  ( 11.48000000000000000, 0.3099999999999999400, 0.0000000000000000000 ) ) ;
#2669 = PRODUCT_DEFINITION ( 'Î´Öª', '', #2803, #1397 ) ;
#2670 = EDGE_LOOP ( 'NONE', ( #1772, #2322, #49, #1269 ) ) ;
#2671 = DIRECTION ( 'NONE',  ( 1.000000000000000000, -3.580591603716704200E-031, 2.168404344971021900E-015 ) ) ;
#2672 = VERTEX_POINT ( 'NONE', #1961 ) ;
#2673 = DIRECTION ( 'NONE',  ( 0.0000000000000000000, -2.455312739597920200E-016, 1.000000000000000000 ) ) ;
#2674 = ORIENTED_EDGE ( 'NONE', *, *, #676, .T. ) ;
#2675 = EDGE_LOOP ( 'NONE', ( #2363, #2389 ) ) ;
#2676 = EDGE_CURVE ( 'NONE', #2140, #891, #672, .T. ) ;
#2677 = LINE ( 'NONE', #2132, #2248 ) ;
#2678 = PLANE ( 'NONE',  #1646 ) ;
#2679 = AXIS2_PLACEMENT_3D ( 'NONE', #2598, #2266, #2251 ) ;
#2680 = CARTESIAN_POINT ( 'NONE',  ( 13.40999999999999800, 0.6700000000000672100, 17.37130841979095300 ) ) ;
#2681 = LINE ( 'NONE', #677, #993 ) ;
#2682 = EDGE_CURVE ( 'NONE', #2177, #106, #135, .T. ) ;
#2683 = EDGE_CURVE ( 'NONE', #1161, #2380, #2342, .T. ) ;
#2684 = DIRECTION ( 'NONE',  ( -0.0000000000000000000, -1.000000000000000000, -0.0000000000000000000 ) ) ;
#2685 = EDGE_LOOP ( 'NONE', ( #1647, #2210, #2758, #522 ) ) ;
#2686 = LINE ( 'NONE', #2619, #1566 ) ;
#2687 = ORIENTED_EDGE ( 'NONE', *, *, #2131, .T. ) ;
#2688 = VECTOR ( 'NONE', #1512, 1000.000000000000000 ) ;
#2689 = LINE ( 'NONE', #1863, #1571 ) ;
#2690 = CARTESIAN_POINT ( 'NONE',  ( 7.680000000000000600, 2.229999999999996400, 23.50000000000000000 ) ) ;
#2691 = ORIENTED_EDGE ( 'NONE', *, *, #1012, .F. ) ;
#2692 = FACE_OUTER_BOUND ( 'NONE', #2462, .T. ) ;
#2693 = CARTESIAN_POINT ( 'NONE',  ( -0.8749999999999990000, 2.229999999999998200, 15.75000000000000000 ) ) ;
#2694 = ORIENTED_EDGE ( 'NONE', *, *, #407, .F. ) ;
#2695 = VERTEX_POINT ( 'NONE', #422 ) ;
#2696 = CARTESIAN_POINT ( 'NONE',  ( 5.440000000000000400, 2.729999999999997800, 22.62500000000035900 ) ) ;
#2697 = CARTESIAN_POINT ( 'NONE',  ( 1.625000000000030000, 2.229999999999996400, 23.69999999999999900 ) ) ;
#2698 = EDGE_CURVE ( 'NONE', #2752, #89, #2832, .T. ) ;
#2699 = DIRECTION ( 'NONE',  ( 0.0000000000000000000, -1.000000000000000000, -1.651256423655872500E-016 ) ) ;
#2700 = DIRECTION ( 'NONE',  ( -1.000000000000000000, -0.0000000000000000000, -0.0000000000000000000 ) ) ;
#2701 = ORIENTED_EDGE ( 'NONE', *, *, #847, .F. ) ;
#2702 = VERTEX_POINT ( 'NONE', #2370 ) ;
#2703 = VECTOR ( 'NONE', #1810, 1000.000000000000000 ) ;
#2704 = PLANE ( 'NONE',  #907 ) ;
#2705 = DIRECTION ( 'NONE',  ( -0.0000000000000000000, -1.000000000000000000, -0.0000000000000000000 ) ) ;
#2706 = ORIENTED_EDGE ( 'NONE', *, *, #1267, .T. ) ;
#2707 = CARTESIAN_POINT ( 'NONE',  ( -2.530000000000000200, -2.500000000000000000, 0.0000000000000000000 ) ) ;
#2708 = LINE ( 'NONE', #1617, #1026 ) ;
#2709 = EDGE_CURVE ( 'NONE', #2561, #1498, #601, .T. ) ;
#2710 = CARTESIAN_POINT ( 'NONE',  ( -2.530000000000000200, 2.729999999999998600, 25.12806321484697800 ) ) ;
#2711 = FILL_AREA_STYLE_COLOUR ( '', #2360 ) ;
#2712 = VECTOR ( 'NONE', #2246, 1000.000000000000000 ) ;
#2713 = DIRECTION ( 'NONE',  ( 0.1390275243235443400, 0.9892322371498052400, -0.04572667125494511700 ) ) ;
#2714 = PLANE ( 'NONE',  #1824 ) ;
#2715 = VECTOR ( 'NONE', #971, 1000.000000000000000 ) ;
#2716 = PLANE ( 'NONE',  #2116 ) ;
#2717 = EDGE_LOOP ( 'NONE', ( #1657, #2767, #1149, #1720 ) ) ;
#2718 = LINE ( 'NONE', #1885, #1601 ) ;
#2719 = FACE_OUTER_BOUND ( 'NONE', #160, .T. ) ;
#2720 = MECHANICAL_DESIGN_GEOMETRIC_PRESENTATION_REPRESENTATION (  '', ( #2439 ), #28 ) ;
#2721 = DIRECTION ( 'NONE',  ( 0.0000000000000000000, 1.000000000000000000, 0.0000000000000000000 ) ) ;
#2722 = LINE ( 'NONE', #793, #2111 ) ;
#2723 = FACE_BOUND ( 'NONE', #2675, .T. ) ;
#2724 = DIRECTION ( 'NONE',  ( 9.637352644315595200E-017, -1.927470528863119000E-016, 1.000000000000000000 ) ) ;
#2725 = CARTESIAN_POINT ( 'NONE',  ( 1.624999999999981600, 2.229999999999996400, 23.69999999999999900 ) ) ;
#2726 = ORIENTED_EDGE ( 'NONE', *, *, #978, .T. ) ;
#2727 = EDGE_CURVE ( 'NONE', #2220, #122, #1721, .T. ) ;
#2728 = DIRECTION ( 'NONE',  ( 0.0000000000000000000, -0.0000000000000000000, -1.000000000000000000 ) ) ;
#2729 = DIRECTION ( 'NONE',  ( -0.0000000000000000000, 1.000000000000000000, 1.651256423655872500E-016 ) ) ;
#2730 = EDGE_LOOP ( 'NONE', ( #2110, #2268, #735, #878 ) ) ;
#2731 = ORIENTED_EDGE ( 'NONE', *, *, #381, .F. ) ;
#2732 =( NAMED_UNIT ( * ) PLANE_ANGLE_UNIT ( ) SI_UNIT ( $, .RADIAN. ) );
#2733 = EDGE_LOOP ( 'NONE', ( #1004, #1643, #1306, #2691 ) ) ;
#2734 = AXIS2_PLACEMENT_3D ( 'NONE', #1453, #829, #920 ) ;
#2735 = DIRECTION ( 'NONE',  ( -0.0000000000000000000, -4.336808689941968800E-015, 1.000000000000000000 ) ) ;
#2736 = EDGE_CURVE ( 'NONE', #1311, #1624, #1860, .T. ) ;
#2737 = CARTESIAN_POINT ( 'NONE',  ( -2.075628312734524500, -2.290000000000000000, 17.24124999215981900 ) ) ;
#2738 = EDGE_CURVE ( 'NONE', #121, #1978, #2772, .T. ) ;
#2739 = DIRECTION ( 'NONE',  ( 0.0000000000000000000, -1.000000000000000000, 0.0000000000000000000 ) ) ;
#2740 = CARTESIAN_POINT ( 'NONE',  ( 11.89250226729481400, 0.6699999999999978200, 21.35999999999999900 ) ) ;
#2741 = VERTEX_POINT ( 'NONE', #467 ) ;
#2742 = LINE ( 'NONE', #164, #1559 ) ;
#2743 = CARTESIAN_POINT ( 'NONE',  ( 13.54756291610633000, 1.648811008185937700, 21.59344662405902300 ) ) ;
#2744 = VERTEX_POINT ( 'NONE', #2431 ) ;
#2745 = CARTESIAN_POINT ( 'NONE',  ( 9.799999999999998900, -0.3099999999999999400, 0.0000000000000000000 ) ) ;
#2746 =( NAMED_UNIT ( * ) SI_UNIT ( $, .STERADIAN. ) SOLID_ANGLE_UNIT ( ) );
#2747 = LINE ( 'NONE', #2611, #2135 ) ;
#2748 = ORIENTED_EDGE ( 'NONE', *, *, #1951, .F. ) ;
#2749 = VECTOR ( 'NONE', #2610, 1000.000000000000100 ) ;
#2750 = CARTESIAN_POINT ( 'NONE',  ( 3.810000000000000100, 0.3099999999999999400, 0.0000000000000000000 ) ) ;
#2751 = SURFACE_STYLE_FILL_AREA ( #1693 ) ;
#2752 = VERTEX_POINT ( 'NONE', #1384 ) ;
#2753 = LINE ( 'NONE', #1894, #2688 ) ;
#2754 = VECTOR ( 'NONE', #2104, 1000.000000000000100 ) ;
#2755 = PRODUCT ( 'TO-247', 'TO-247', '', ( #2058 ) ) ;
#2756 = ORIENTED_EDGE ( 'NONE', *, *, #1459, .F. ) ;
#2757 = VECTOR ( 'NONE', #1619, 1000.000000000000000 ) ;
#2758 = ORIENTED_EDGE ( 'NONE', *, *, #1888, .F. ) ;
#2759 = DIRECTION ( 'NONE',  ( -3.291323755655327900E-032, -1.000000000000000000, -2.020644701196047800E-016 ) ) ;
#2760 = VERTEX_POINT ( 'NONE', #2017 ) ;
#2761 = PLANE ( 'NONE',  #1108 ) ;
#2762 = EDGE_CURVE ( 'NONE', #2606, #1927, #468, .T. ) ;
#2763 = PLANE ( 'NONE',  #1541 ) ;
#2764 = AXIS2_PLACEMENT_3D ( 'NONE', #1861, #1711, #1663 ) ;
#2765 = CARTESIAN_POINT ( 'NONE',  ( -1.375000000000000400, 2.229999999999996400, 22.19999999999999600 ) ) ;
#2766 = VERTEX_POINT ( 'NONE', #1591 ) ;
#2767 = ORIENTED_EDGE ( 'NONE', *, *, #1485, .T. ) ;
#2768 = CARTESIAN_POINT ( 'NONE',  ( -2.113999129280922200, -2.290000000000001800, 24.12082825540070600 ) ) ;
#2769 = EDGE_CURVE ( 'NONE', #637, #1370, #534, .T. ) ;
#2770 = CARTESIAN_POINT ( 'NONE',  ( -0.8749999999999998900, 2.230000000000000000, 6.750000000000000900 ) ) ;
#2771 = ORIENTED_EDGE ( 'NONE', *, *, #1495, .F. ) ;
#2772 = LINE ( 'NONE', #1551, #1658 ) ;
#2773 = DIRECTION ( 'NONE',  ( 0.0000000000000000000, 0.0000000000000000000, -1.000000000000000000 ) ) ;
#2774 = ORIENTED_EDGE ( 'NONE', *, *, #2659, .T. ) ;
#2775 = VECTOR ( 'NONE', #554, 1000.000000000000000 ) ;
#2776 = VECTOR ( 'NONE', #2384, 1000.000000000000000 ) ;
#2777 = LINE ( 'NONE', #1170, #1667 ) ;
#2778 = ORIENTED_EDGE ( 'NONE', *, *, #2083, .T. ) ;
#2779 = LINE ( 'NONE', #945, #478 ) ;
#2780 = VECTOR ( 'NONE', #1035, 1000.000000000000000 ) ;
#2781 = DIRECTION ( 'NONE',  ( 0.1390275243235443700, -0.9892322371498053500, 0.04572667125494429100 ) ) ;
#2782 = EDGE_CURVE ( 'NONE', #692, #2568, #2155, .T. ) ;
#2783 = DIRECTION ( 'NONE',  ( -0.7071067811865431300, 0.0000000000000000000, 0.7071067811865517900 ) ) ;
#2784 = VECTOR ( 'NONE', #1986, 1000.000000000000000 ) ;
#2785 = DIRECTION ( 'NONE',  ( -0.0000000000000000000, -1.000000000000000000, -0.0000000000000000000 ) ) ;
#2786 = VECTOR ( 'NONE', #1115, 1000.000000000000000 ) ;
#2787 = CARTESIAN_POINT ( 'NONE',  ( 12.99399912928092200, -2.290000000000000000, 17.23448418193087800 ) ) ;
#2788 = ORIENTED_EDGE ( 'NONE', *, *, #360, .T. ) ;
#2789 = CARTESIAN_POINT ( 'NONE',  ( 13.40999999999999800, 0.6749999999999976000, 25.19999999999999900 ) ) ;
#2790 = EDGE_LOOP ( 'NONE', ( #426, #1045, #1615, #2180 ) ) ;
#2791 = ORIENTED_EDGE ( 'NONE', *, *, #1845, .T. ) ;
#2792 = CARTESIAN_POINT ( 'NONE',  ( 14.11952834229461800, -2.290000000000000500, 20.09689306724164800 ) ) ;
#2793 = VERTEX_POINT ( 'NONE', #1390 ) ;
#2794 = DIRECTION ( 'NONE',  ( 0.0000000000000000000, 2.455312739597920200E-016, -1.000000000000000000 ) ) ;
#2795 = EDGE_CURVE ( 'NONE', #937, #1073, #2642, .T. ) ;
#2796 = CARTESIAN_POINT ( 'NONE',  ( 7.680000000000000600, 2.229999999999996400, 23.70000000000000300 ) ) ;
#2797 = VERTEX_POINT ( 'NONE', #27 ) ;
#2798 = CARTESIAN_POINT ( 'NONE',  ( 6.940000000000000400, 0.4582325067062549300, 4.244823606802123500 ) ) ;
#2799 = ORIENTED_EDGE ( 'NONE', *, *, #1485, .F. ) ;
#2800 = DIRECTION ( 'NONE',  ( 0.0000000000000000000, -2.328487887217193300E-016, 1.000000000000000000 ) ) ;
#2801 = DIRECTION ( 'NONE',  ( 0.0000000000000000000, 0.0000000000000000000, -1.000000000000000000 ) ) ;
#2802 = VECTOR ( 'NONE', #2147, 1000.000000000000000 ) ;
#2803 = PRODUCT_DEFINITION_FORMATION_WITH_SPECIFIED_SOURCE ( 'ÈÎºÎ', '', #2755, .NOT_KNOWN. ) ;
#2804 = FACE_BOUND ( 'NONE', #456, .T. ) ;
#2805 = EDGE_CURVE ( 'NONE', #637, #1480, #393, .T. ) ;
#2806 = DIRECTION ( 'NONE',  ( 3.198165163486382200E-032, 1.000000000000000000, 2.328487887217193300E-016 ) ) ;
#2807 = AXIS2_PLACEMENT_3D ( 'NONE', #394, #885, #893 ) ;
#2808 = CARTESIAN_POINT ( 'NONE',  ( -1.080000000000000300, -0.3099999999999999400, 0.0000000000000000000 ) ) ;
#2809 = EDGE_LOOP ( 'NONE', ( #1172, #23, #625, #1240 ) ) ;
#2810 = LINE ( 'NONE', #1131, #45 ) ;
#2811 = DIRECTION ( 'NONE',  ( 1.000000000000000000, -0.0000000000000000000, 0.0000000000000000000 ) ) ;
#2812 = FACE_OUTER_BOUND ( 'NONE', #2317, .T. ) ;
#2813 = ORIENTED_EDGE ( 'NONE', *, *, #1362, .F. ) ;
#2814 = VECTOR ( 'NONE', #1517, 1000.000000000000000 ) ;
#2815 = VECTOR ( 'NONE', #1777, 1000.000000000000000 ) ;
#2816 = FACE_OUTER_BOUND ( 'NONE', #1660, .T. ) ;
#2817 = EDGE_CURVE ( 'NONE', #1334, #98, #1523, .T. ) ;
#2818 = CARTESIAN_POINT ( 'NONE',  ( 1.080000000000000300, 0.3099999999999999400, 0.0000000000000000000 ) ) ;
#2819 = ORIENTED_EDGE ( 'NONE', *, *, #1177, .T. ) ;
#2820 = EDGE_CURVE ( 'NONE', #576, #2175, #1022, .T. ) ;
#2821 = CARTESIAN_POINT ( 'NONE',  ( 6.040000000000000000, 0.3099999999999999400, 0.0000000000000000000 ) ) ;
#2822 = CARTESIAN_POINT ( 'NONE',  ( 9.799999999999998900, 0.3099999999999999400, 4.249999999999995600 ) ) ;
#2823 = ORIENTED_EDGE ( 'NONE', *, *, #1911, .F. ) ;
#2824 = ORIENTED_EDGE ( 'NONE', *, *, #2171, .F. ) ;
#2825 = CARTESIAN_POINT ( 'NONE',  ( 3.810000000000000100, 0.3099999999999999400, 0.0000000000000000000 ) ) ;
#2826 = CARTESIAN_POINT ( 'NONE',  ( -3.059999999999999200, 0.3099999999999999400, 4.249999999999998200 ) ) ;
#2827 = CARTESIAN_POINT ( 'NONE',  ( -0.2360297657337962500, -0.3099999999999999400, -15.81999999999998600 ) ) ;
#2828 = ORIENTED_EDGE ( 'NONE', *, *, #1495, .T. ) ;
#2829 = ORIENTED_EDGE ( 'NONE', *, *, #1754, .T. ) ;
#2830 = CARTESIAN_POINT ( 'NONE',  ( 5.439999999999999500, -0.3099999999999999400, 0.0000000000000000000 ) ) ;
#2831 = ORIENTED_EDGE ( 'NONE', *, *, #2131, .F. ) ;
#2832 = LINE ( 'NONE', #174, #2278 ) ;
ENDSEC;
END-ISO-10303-21;
