
build/debug/BitCrusher.elf:     file format elf32-littlearm

Sections:
Idx Name          Size      VMA       LMA       File off  Algn
  0 .isr_vector   00000194  08000000  08000000  00001000  2**0
                  CONTENTS, ALLOC, LOAD, READONLY, DATA
  1 .text         00003220  08000194  08000194  00001194  2**2
                  CONTENTS, ALLOC, LOAD, READONLY, CODE
  2 .rodata       00000038  080033b4  080033b4  000043b4  2**2
                  CONTENTS, ALLOC, LOAD, READONLY, DATA
  3 .ARM.extab    00000000  080033ec  080033ec  0000500c  2**0
                  CONTENTS, READONLY
  4 .ARM          00000000  080033ec  080033ec  0000500c  2**0
                  CONTENTS, READONLY
  5 .preinit_array 00000000  080033ec  080033ec  0000500c  2**0
                  CONTENTS, ALLOC, LOAD, DATA
  6 .init_array   00000004  080033ec  080033ec  000043ec  2**2
                  CONTENTS, ALLOC, LOAD, READONLY, DATA
  7 .fini_array   00000004  080033f0  080033f0  000043f0  2**2
                  CONTENTS, ALLOC, LOAD, READONLY, DATA
  8 .data         0000000c  20000000  080033f4  00005000  2**2
                  CONTENTS, ALLOC, LOAD, DATA
  9 .ccmram       00000000  10000000  10000000  0000500c  2**0
                  CONTENTS
 10 .bss          00000248  2000000c  2000000c  0000500c  2**2
                  ALLOC
 11 ._user_heap_stack 00000604  20000254  20000254  0000500c  2**0
                  ALLOC
 12 .ARM.attributes 00000030  00000000  00000000  0000500c  2**0
                  CONTENTS, READONLY
 13 .comment      0000001e  00000000  00000000  0000503c  2**0
                  CONTENTS, READONLY
 14 .debug_info   00016645  00000000  00000000  0000505a  2**0
                  CONTENTS, READONLY, DEBUGGING, OCTETS
 15 .debug_abbrev 000029dc  00000000  00000000  0001b69f  2**0
                  CONTENTS, READONLY, DEBUGGING, OCTETS
 16 .debug_aranges 00001020  00000000  00000000  0001e080  2**3
                  CONTENTS, READONLY, DEBUGGING, OCTETS
 17 .debug_rnglists 00000c5f  00000000  00000000  0001f0a0  2**0
                  CONTENTS, READONLY, DEBUGGING, OCTETS
 18 .debug_line   000130ed  00000000  00000000  0001fcff  2**0
                  CONTENTS, READONLY, DEBUGGING, OCTETS
 19 .debug_str    000051e4  00000000  00000000  00032dec  2**0
                  CONTENTS, READONLY, DEBUGGING, OCTETS
 20 .debug_frame  00002ae0  00000000  00000000  00037fd0  2**2
                  CONTENTS, READONLY, DEBUGGING, OCTETS
 21 .debug_loclists 0000c8c9  00000000  00000000  0003aab0  2**0
                  CONTENTS, READONLY, DEBUGGING, OCTETS
 22 .debug_line_str 00000046  00000000  00000000  00047379  2**0
                  CONTENTS, READONLY, DEBUGGING, OCTETS

Disassembly of section .text:

08000194 <__do_global_dtors_aux>:
 8000194:	b510      	push	{r4, lr}
 8000196:	4c05      	ldr	r4, [pc, #20]	@ (80001ac <__do_global_dtors_aux+0x18>)
 8000198:	7823      	ldrb	r3, [r4, #0]
 800019a:	b933      	cbnz	r3, 80001aa <__do_global_dtors_aux+0x16>
 800019c:	4b04      	ldr	r3, [pc, #16]	@ (80001b0 <__do_global_dtors_aux+0x1c>)
 800019e:	b113      	cbz	r3, 80001a6 <__do_global_dtors_aux+0x12>
 80001a0:	4804      	ldr	r0, [pc, #16]	@ (80001b4 <__do_global_dtors_aux+0x20>)
 80001a2:	f3af 8000 	nop.w
 80001a6:	2301      	movs	r3, #1
 80001a8:	7023      	strb	r3, [r4, #0]
 80001aa:	bd10      	pop	{r4, pc}
 80001ac:	2000000c 	.word	0x2000000c
 80001b0:	00000000 	.word	0x00000000
 80001b4:	0800339c 	.word	0x0800339c

080001b8 <frame_dummy>:
 80001b8:	b508      	push	{r3, lr}
 80001ba:	4b03      	ldr	r3, [pc, #12]	@ (80001c8 <frame_dummy+0x10>)
 80001bc:	b11b      	cbz	r3, 80001c6 <frame_dummy+0xe>
 80001be:	4903      	ldr	r1, [pc, #12]	@ (80001cc <frame_dummy+0x14>)
 80001c0:	4803      	ldr	r0, [pc, #12]	@ (80001d0 <frame_dummy+0x18>)
 80001c2:	f3af 8000 	nop.w
 80001c6:	bd08      	pop	{r3, pc}
 80001c8:	00000000 	.word	0x00000000
 80001cc:	20000010 	.word	0x20000010
 80001d0:	0800339c 	.word	0x0800339c

080001d4 <MX_GPIO_Init>:
  * @brief GPIO Initialization Function
  * @param None
  * @retval None
  */
static void MX_GPIO_Init(void)
{
 80001d4:	b084      	sub	sp, #16
  /* USER CODE BEGIN MX_GPIO_Init_1 */

  /* USER CODE END MX_GPIO_Init_1 */

  /* GPIO Ports Clock Enable */
  __HAL_RCC_GPIOA_CLK_ENABLE();
 80001d6:	4b0f      	ldr	r3, [pc, #60]	@ (8000214 <MX_GPIO_Init+0x40>)
 80001d8:	695a      	ldr	r2, [r3, #20]
 80001da:	f442 3200 	orr.w	r2, r2, #131072	@ 0x20000
 80001de:	615a      	str	r2, [r3, #20]
 80001e0:	695a      	ldr	r2, [r3, #20]
 80001e2:	f402 3200 	and.w	r2, r2, #131072	@ 0x20000
 80001e6:	9201      	str	r2, [sp, #4]
 80001e8:	9a01      	ldr	r2, [sp, #4]
  __HAL_RCC_GPIOC_CLK_ENABLE();
 80001ea:	695a      	ldr	r2, [r3, #20]
 80001ec:	f442 2200 	orr.w	r2, r2, #524288	@ 0x80000
 80001f0:	615a      	str	r2, [r3, #20]
 80001f2:	695a      	ldr	r2, [r3, #20]
 80001f4:	f402 2200 	and.w	r2, r2, #524288	@ 0x80000
 80001f8:	9202      	str	r2, [sp, #8]
 80001fa:	9a02      	ldr	r2, [sp, #8]
  __HAL_RCC_GPIOB_CLK_ENABLE();
 80001fc:	695a      	ldr	r2, [r3, #20]
 80001fe:	f442 2280 	orr.w	r2, r2, #262144	@ 0x40000
 8000202:	615a      	str	r2, [r3, #20]
 8000204:	695b      	ldr	r3, [r3, #20]
 8000206:	f403 2380 	and.w	r3, r3, #262144	@ 0x40000
 800020a:	9303      	str	r3, [sp, #12]
 800020c:	9b03      	ldr	r3, [sp, #12]

  /* USER CODE BEGIN MX_GPIO_Init_2 */

  /* USER CODE END MX_GPIO_Init_2 */
}
 800020e:	b004      	add	sp, #16
 8000210:	4770      	bx	lr
 8000212:	bf00      	nop
 8000214:	40021000 	.word	0x40021000

08000218 <MX_DMA_Init>:
{
 8000218:	b500      	push	{lr}
 800021a:	b083      	sub	sp, #12
  __HAL_RCC_DMA1_CLK_ENABLE();
 800021c:	4b0a      	ldr	r3, [pc, #40]	@ (8000248 <MX_DMA_Init+0x30>)
 800021e:	695a      	ldr	r2, [r3, #20]
 8000220:	f042 0201 	orr.w	r2, r2, #1
 8000224:	615a      	str	r2, [r3, #20]
 8000226:	695b      	ldr	r3, [r3, #20]
 8000228:	f003 0301 	and.w	r3, r3, #1
 800022c:	9301      	str	r3, [sp, #4]
 800022e:	9b01      	ldr	r3, [sp, #4]
  HAL_NVIC_SetPriority(DMA1_Channel6_IRQn, 0, 0);
 8000230:	2200      	movs	r2, #0
 8000232:	4611      	mov	r1, r2
 8000234:	2010      	movs	r0, #16
 8000236:	f000 ff03 	bl	8001040 <HAL_NVIC_SetPriority>
  HAL_NVIC_EnableIRQ(DMA1_Channel6_IRQn);
 800023a:	2010      	movs	r0, #16
 800023c:	f000 ff10 	bl	8001060 <HAL_NVIC_EnableIRQ>
}
 8000240:	b003      	add	sp, #12
 8000242:	f85d fb04 	ldr.w	pc, [sp], #4
 8000246:	bf00      	nop
 8000248:	40021000 	.word	0x40021000

0800024c <Error_Handler>:
  \details Disables IRQ interrupts by setting the I-bit in the CPSR.
           Can only be executed in Privileged modes.
 */
__STATIC_FORCEINLINE void __disable_irq(void)
{
  __ASM volatile ("cpsid i" : : : "memory");
 800024c:	b672      	cpsid	i
void Error_Handler(void)
{
  /* USER CODE BEGIN Error_Handler_Debug */
  /* User can add his own implementation to report the HAL error return state */
  __disable_irq();
  while (1)
 800024e:	e7fe      	b.n	800024e <Error_Handler+0x2>

08000250 <MX_ADC1_Init>:
{
 8000250:	b500      	push	{lr}
 8000252:	b08b      	sub	sp, #44	@ 0x2c
  ADC_MultiModeTypeDef multimode = {0};
 8000254:	2300      	movs	r3, #0
 8000256:	9307      	str	r3, [sp, #28]
 8000258:	9308      	str	r3, [sp, #32]
 800025a:	9309      	str	r3, [sp, #36]	@ 0x24
  ADC_ChannelConfTypeDef sConfig = {0};
 800025c:	9301      	str	r3, [sp, #4]
 800025e:	9302      	str	r3, [sp, #8]
 8000260:	9303      	str	r3, [sp, #12]
 8000262:	9304      	str	r3, [sp, #16]
 8000264:	9305      	str	r3, [sp, #20]
 8000266:	9306      	str	r3, [sp, #24]
  hadc1.Instance = ADC1;
 8000268:	481a      	ldr	r0, [pc, #104]	@ (80002d4 <MX_ADC1_Init+0x84>)
 800026a:	f04f 42a0 	mov.w	r2, #1342177280	@ 0x50000000
 800026e:	6002      	str	r2, [r0, #0]
  hadc1.Init.ClockPrescaler = ADC_CLOCK_ASYNC_DIV1;
 8000270:	6043      	str	r3, [r0, #4]
  hadc1.Init.Resolution = ADC_RESOLUTION_12B;
 8000272:	6083      	str	r3, [r0, #8]
  hadc1.Init.ScanConvMode = ADC_SCAN_DISABLE;
 8000274:	6103      	str	r3, [r0, #16]
  hadc1.Init.ContinuousConvMode = ENABLE;
 8000276:	2201      	movs	r2, #1
 8000278:	7642      	strb	r2, [r0, #25]
  hadc1.Init.DiscontinuousConvMode = DISABLE;
 800027a:	f880 3020 	strb.w	r3, [r0, #32]
  hadc1.Init.ExternalTrigConvEdge = ADC_EXTERNALTRIGCONVEDGE_NONE;
 800027e:	62c3      	str	r3, [r0, #44]	@ 0x2c
  hadc1.Init.ExternalTrigConv = ADC_SOFTWARE_START;
 8000280:	6282      	str	r2, [r0, #40]	@ 0x28
  hadc1.Init.DataAlign = ADC_DATAALIGN_RIGHT;
 8000282:	60c3      	str	r3, [r0, #12]
  hadc1.Init.NbrOfConversion = 1;
 8000284:	61c2      	str	r2, [r0, #28]
  hadc1.Init.DMAContinuousRequests = DISABLE;
 8000286:	f880 3030 	strb.w	r3, [r0, #48]	@ 0x30
  hadc1.Init.EOCSelection = ADC_EOC_SINGLE_CONV;
 800028a:	2204      	movs	r2, #4
 800028c:	6142      	str	r2, [r0, #20]
  hadc1.Init.LowPowerAutoWait = DISABLE;
 800028e:	7603      	strb	r3, [r0, #24]
  hadc1.Init.Overrun = ADC_OVR_DATA_OVERWRITTEN;
 8000290:	6343      	str	r3, [r0, #52]	@ 0x34
  if (HAL_ADC_Init(&hadc1) != HAL_OK)
 8000292:	f000 fa31 	bl	80006f8 <HAL_ADC_Init>
 8000296:	b9b0      	cbnz	r0, 80002c6 <MX_ADC1_Init+0x76>
  multimode.Mode = ADC_MODE_INDEPENDENT;
 8000298:	2300      	movs	r3, #0
 800029a:	9307      	str	r3, [sp, #28]
  if (HAL_ADCEx_MultiModeConfigChannel(&hadc1, &multimode) != HAL_OK)
 800029c:	a907      	add	r1, sp, #28
 800029e:	480d      	ldr	r0, [pc, #52]	@ (80002d4 <MX_ADC1_Init+0x84>)
 80002a0:	f000 fd5c 	bl	8000d5c <HAL_ADCEx_MultiModeConfigChannel>
 80002a4:	b988      	cbnz	r0, 80002ca <MX_ADC1_Init+0x7a>
  sConfig.Channel = ADC_CHANNEL_1;
 80002a6:	2301      	movs	r3, #1
 80002a8:	9301      	str	r3, [sp, #4]
  sConfig.Rank = ADC_REGULAR_RANK_1;
 80002aa:	9302      	str	r3, [sp, #8]
  sConfig.SingleDiff = ADC_DIFFERENTIAL_ENDED;
 80002ac:	9304      	str	r3, [sp, #16]
  sConfig.SamplingTime = ADC_SAMPLETIME_1CYCLE_5;
 80002ae:	2300      	movs	r3, #0
 80002b0:	9303      	str	r3, [sp, #12]
  sConfig.OffsetNumber = ADC_OFFSET_NONE;
 80002b2:	9305      	str	r3, [sp, #20]
  sConfig.Offset = 0;
 80002b4:	9306      	str	r3, [sp, #24]
  if (HAL_ADC_ConfigChannel(&hadc1, &sConfig) != HAL_OK)
 80002b6:	a901      	add	r1, sp, #4
 80002b8:	4806      	ldr	r0, [pc, #24]	@ (80002d4 <MX_ADC1_Init+0x84>)
 80002ba:	f000 fb79 	bl	80009b0 <HAL_ADC_ConfigChannel>
 80002be:	b930      	cbnz	r0, 80002ce <MX_ADC1_Init+0x7e>
}
 80002c0:	b00b      	add	sp, #44	@ 0x2c
 80002c2:	f85d fb04 	ldr.w	pc, [sp], #4
    Error_Handler();
 80002c6:	f7ff ffc1 	bl	800024c <Error_Handler>
    Error_Handler();
 80002ca:	f7ff ffbf 	bl	800024c <Error_Handler>
    Error_Handler();
 80002ce:	f7ff ffbd 	bl	800024c <Error_Handler>
 80002d2:	bf00      	nop
 80002d4:	20000200 	.word	0x20000200

080002d8 <MX_COMP2_Init>:
{
 80002d8:	b508      	push	{r3, lr}
  hcomp2.Instance = COMP2;
 80002da:	4809      	ldr	r0, [pc, #36]	@ (8000300 <MX_COMP2_Init+0x28>)
 80002dc:	4b09      	ldr	r3, [pc, #36]	@ (8000304 <MX_COMP2_Init+0x2c>)
 80002de:	6003      	str	r3, [r0, #0]
  hcomp2.Init.InvertingInput = COMP_INVERTINGINPUT_DAC1_CH1;
 80002e0:	2340      	movs	r3, #64	@ 0x40
 80002e2:	6043      	str	r3, [r0, #4]
  hcomp2.Init.NonInvertingInput = COMP_NONINVERTINGINPUT_IO1;
 80002e4:	2300      	movs	r3, #0
 80002e6:	6083      	str	r3, [r0, #8]
  hcomp2.Init.Output = COMP_OUTPUT_NONE;
 80002e8:	227f      	movs	r2, #127	@ 0x7f
 80002ea:	60c2      	str	r2, [r0, #12]
  hcomp2.Init.OutputPol = COMP_OUTPUTPOL_NONINVERTED;
 80002ec:	6103      	str	r3, [r0, #16]
  hcomp2.Init.BlankingSrce = COMP_BLANKINGSRCE_NONE;
 80002ee:	6183      	str	r3, [r0, #24]
  hcomp2.Init.TriggerMode = COMP_TRIGGERMODE_NONE;
 80002f0:	6243      	str	r3, [r0, #36]	@ 0x24
  if (HAL_COMP_Init(&hcomp2) != HAL_OK)
 80002f2:	f000 fde1 	bl	8000eb8 <HAL_COMP_Init>
 80002f6:	b900      	cbnz	r0, 80002fa <MX_COMP2_Init+0x22>
}
 80002f8:	bd08      	pop	{r3, pc}
    Error_Handler();
 80002fa:	f7ff ffa7 	bl	800024c <Error_Handler>
 80002fe:	bf00      	nop
 8000300:	200001d0 	.word	0x200001d0
 8000304:	40010020 	.word	0x40010020

08000308 <MX_COMP3_Init>:
{
 8000308:	b508      	push	{r3, lr}
  hcomp3.Instance = COMP3;
 800030a:	4809      	ldr	r0, [pc, #36]	@ (8000330 <MX_COMP3_Init+0x28>)
 800030c:	4b09      	ldr	r3, [pc, #36]	@ (8000334 <MX_COMP3_Init+0x2c>)
 800030e:	6003      	str	r3, [r0, #0]
  hcomp3.Init.InvertingInput = COMP_INVERTINGINPUT_VREFINT;
 8000310:	2330      	movs	r3, #48	@ 0x30
 8000312:	6043      	str	r3, [r0, #4]
  hcomp3.Init.NonInvertingInput = COMP_NONINVERTINGINPUT_IO1;
 8000314:	2300      	movs	r3, #0
 8000316:	6083      	str	r3, [r0, #8]
  hcomp3.Init.Output = COMP_OUTPUT_TIM2OCREFCLR;
 8000318:	f242 4207 	movw	r2, #9223	@ 0x2407
 800031c:	60c2      	str	r2, [r0, #12]
  hcomp3.Init.OutputPol = COMP_OUTPUTPOL_NONINVERTED;
 800031e:	6103      	str	r3, [r0, #16]
  hcomp3.Init.BlankingSrce = COMP_BLANKINGSRCE_NONE;
 8000320:	6183      	str	r3, [r0, #24]
  hcomp3.Init.TriggerMode = COMP_TRIGGERMODE_NONE;
 8000322:	6243      	str	r3, [r0, #36]	@ 0x24
  if (HAL_COMP_Init(&hcomp3) != HAL_OK)
 8000324:	f000 fdc8 	bl	8000eb8 <HAL_COMP_Init>
 8000328:	b900      	cbnz	r0, 800032c <MX_COMP3_Init+0x24>
}
 800032a:	bd08      	pop	{r3, pc}
    Error_Handler();
 800032c:	f7ff ff8e 	bl	800024c <Error_Handler>
 8000330:	200001a0 	.word	0x200001a0
 8000334:	40010024 	.word	0x40010024

08000338 <MX_TIM2_Init>:
{
 8000338:	b500      	push	{lr}
 800033a:	b095      	sub	sp, #84	@ 0x54
  TIM_ClockConfigTypeDef sClockSourceConfig = {0};
 800033c:	2300      	movs	r3, #0
 800033e:	9310      	str	r3, [sp, #64]	@ 0x40
 8000340:	9311      	str	r3, [sp, #68]	@ 0x44
 8000342:	9312      	str	r3, [sp, #72]	@ 0x48
 8000344:	9313      	str	r3, [sp, #76]	@ 0x4c
  TIM_ClearInputConfigTypeDef sClearInputConfig = {0};
 8000346:	930b      	str	r3, [sp, #44]	@ 0x2c
 8000348:	930c      	str	r3, [sp, #48]	@ 0x30
 800034a:	930d      	str	r3, [sp, #52]	@ 0x34
 800034c:	930e      	str	r3, [sp, #56]	@ 0x38
 800034e:	930f      	str	r3, [sp, #60]	@ 0x3c
  TIM_MasterConfigTypeDef sMasterConfig = {0};
 8000350:	9308      	str	r3, [sp, #32]
 8000352:	9309      	str	r3, [sp, #36]	@ 0x24
 8000354:	930a      	str	r3, [sp, #40]	@ 0x28
  TIM_OC_InitTypeDef sConfigOC = {0};
 8000356:	9301      	str	r3, [sp, #4]
 8000358:	9302      	str	r3, [sp, #8]
 800035a:	9303      	str	r3, [sp, #12]
 800035c:	9304      	str	r3, [sp, #16]
 800035e:	9305      	str	r3, [sp, #20]
 8000360:	9306      	str	r3, [sp, #24]
 8000362:	9307      	str	r3, [sp, #28]
  htim2.Instance = TIM2;
 8000364:	4825      	ldr	r0, [pc, #148]	@ (80003fc <MX_TIM2_Init+0xc4>)
 8000366:	f04f 4280 	mov.w	r2, #1073741824	@ 0x40000000
 800036a:	6002      	str	r2, [r0, #0]
  htim2.Init.Prescaler = 0;
 800036c:	6043      	str	r3, [r0, #4]
  htim2.Init.CounterMode = TIM_COUNTERMODE_UP;
 800036e:	6083      	str	r3, [r0, #8]
  htim2.Init.Period = 720;
 8000370:	f44f 7234 	mov.w	r2, #720	@ 0x2d0
 8000374:	60c2      	str	r2, [r0, #12]
  htim2.Init.ClockDivision = TIM_CLOCKDIVISION_DIV1;
 8000376:	6103      	str	r3, [r0, #16]
  htim2.Init.AutoReloadPreload = TIM_AUTORELOAD_PRELOAD_DISABLE;
 8000378:	6183      	str	r3, [r0, #24]
  if (HAL_TIM_Base_Init(&htim2) != HAL_OK)
 800037a:	f002 f9b7 	bl	80026ec <HAL_TIM_Base_Init>
 800037e:	2800      	cmp	r0, #0
 8000380:	d130      	bne.n	80003e4 <MX_TIM2_Init+0xac>
  sClockSourceConfig.ClockSource = TIM_CLOCKSOURCE_INTERNAL;
 8000382:	f44f 5380 	mov.w	r3, #4096	@ 0x1000
 8000386:	9310      	str	r3, [sp, #64]	@ 0x40
  if (HAL_TIM_ConfigClockSource(&htim2, &sClockSourceConfig) != HAL_OK)
 8000388:	a910      	add	r1, sp, #64	@ 0x40
 800038a:	481c      	ldr	r0, [pc, #112]	@ (80003fc <MX_TIM2_Init+0xc4>)
 800038c:	f002 fc28 	bl	8002be0 <HAL_TIM_ConfigClockSource>
 8000390:	bb50      	cbnz	r0, 80003e8 <MX_TIM2_Init+0xb0>
  if (HAL_TIM_PWM_Init(&htim2) != HAL_OK)
 8000392:	481a      	ldr	r0, [pc, #104]	@ (80003fc <MX_TIM2_Init+0xc4>)
 8000394:	f002 fa0a 	bl	80027ac <HAL_TIM_PWM_Init>
 8000398:	bb40      	cbnz	r0, 80003ec <MX_TIM2_Init+0xb4>
  sClearInputConfig.ClearInputState = ENABLE;
 800039a:	2301      	movs	r3, #1
 800039c:	930b      	str	r3, [sp, #44]	@ 0x2c
  sClearInputConfig.ClearInputSource = TIM_CLEARINPUTSOURCE_OCREFCLR;
 800039e:	2302      	movs	r3, #2
 80003a0:	930c      	str	r3, [sp, #48]	@ 0x30
  if (HAL_TIM_ConfigOCrefClear(&htim2, &sClearInputConfig, TIM_CHANNEL_1) != HAL_OK)
 80003a2:	2200      	movs	r2, #0
 80003a4:	a90b      	add	r1, sp, #44	@ 0x2c
 80003a6:	4815      	ldr	r0, [pc, #84]	@ (80003fc <MX_TIM2_Init+0xc4>)
 80003a8:	f002 fb65 	bl	8002a76 <HAL_TIM_ConfigOCrefClear>
 80003ac:	bb00      	cbnz	r0, 80003f0 <MX_TIM2_Init+0xb8>
  sMasterConfig.MasterOutputTrigger = TIM_TRGO_RESET;
 80003ae:	2300      	movs	r3, #0
 80003b0:	9308      	str	r3, [sp, #32]
  sMasterConfig.MasterSlaveMode = TIM_MASTERSLAVEMODE_DISABLE;
 80003b2:	930a      	str	r3, [sp, #40]	@ 0x28
  if (HAL_TIMEx_MasterConfigSynchronization(&htim2, &sMasterConfig) != HAL_OK)
 80003b4:	a908      	add	r1, sp, #32
 80003b6:	4811      	ldr	r0, [pc, #68]	@ (80003fc <MX_TIM2_Init+0xc4>)
 80003b8:	f002 fc92 	bl	8002ce0 <HAL_TIMEx_MasterConfigSynchronization>
 80003bc:	b9d0      	cbnz	r0, 80003f4 <MX_TIM2_Init+0xbc>
  sConfigOC.OCMode = TIM_OCMODE_PWM1;
 80003be:	2360      	movs	r3, #96	@ 0x60
 80003c0:	9301      	str	r3, [sp, #4]
  sConfigOC.Pulse = 360;
 80003c2:	f44f 73b4 	mov.w	r3, #360	@ 0x168
 80003c6:	9302      	str	r3, [sp, #8]
  sConfigOC.OCPolarity = TIM_OCPOLARITY_HIGH;
 80003c8:	2200      	movs	r2, #0
 80003ca:	9203      	str	r2, [sp, #12]
  sConfigOC.OCFastMode = TIM_OCFAST_DISABLE;
 80003cc:	9205      	str	r2, [sp, #20]
  if (HAL_TIM_PWM_ConfigChannel(&htim2, &sConfigOC, TIM_CHANNEL_1) != HAL_OK)
 80003ce:	a901      	add	r1, sp, #4
 80003d0:	480a      	ldr	r0, [pc, #40]	@ (80003fc <MX_TIM2_Init+0xc4>)
 80003d2:	f002 faa6 	bl	8002922 <HAL_TIM_PWM_ConfigChannel>
 80003d6:	b978      	cbnz	r0, 80003f8 <MX_TIM2_Init+0xc0>
  HAL_TIM_MspPostInit(&htim2);
 80003d8:	4808      	ldr	r0, [pc, #32]	@ (80003fc <MX_TIM2_Init+0xc4>)
 80003da:	f001 f94f 	bl	800167c <HAL_TIM_MspPostInit>
}
 80003de:	b015      	add	sp, #84	@ 0x54
 80003e0:	f85d fb04 	ldr.w	pc, [sp], #4
    Error_Handler();
 80003e4:	f7ff ff32 	bl	800024c <Error_Handler>
    Error_Handler();
 80003e8:	f7ff ff30 	bl	800024c <Error_Handler>
    Error_Handler();
 80003ec:	f7ff ff2e 	bl	800024c <Error_Handler>
    Error_Handler();
 80003f0:	f7ff ff2c 	bl	800024c <Error_Handler>
    Error_Handler();
 80003f4:	f7ff ff2a 	bl	800024c <Error_Handler>
    Error_Handler();
 80003f8:	f7ff ff28 	bl	800024c <Error_Handler>
 80003fc:	20000140 	.word	0x20000140

08000400 <MX_DAC1_Init>:
{
 8000400:	b500      	push	{lr}
 8000402:	b085      	sub	sp, #20
  DAC_ChannelConfTypeDef sConfig = {0};
 8000404:	2300      	movs	r3, #0
 8000406:	9301      	str	r3, [sp, #4]
 8000408:	9302      	str	r3, [sp, #8]
 800040a:	9303      	str	r3, [sp, #12]
  hdac1.Instance = DAC1;
 800040c:	480a      	ldr	r0, [pc, #40]	@ (8000438 <MX_DAC1_Init+0x38>)
 800040e:	4b0b      	ldr	r3, [pc, #44]	@ (800043c <MX_DAC1_Init+0x3c>)
 8000410:	6003      	str	r3, [r0, #0]
  if (HAL_DAC_Init(&hdac1) != HAL_OK)
 8000412:	f000 fe47 	bl	80010a4 <HAL_DAC_Init>
 8000416:	b950      	cbnz	r0, 800042e <MX_DAC1_Init+0x2e>
  sConfig.DAC_Trigger = DAC_TRIGGER_NONE;
 8000418:	2200      	movs	r2, #0
 800041a:	9201      	str	r2, [sp, #4]
  sConfig.DAC_OutputBuffer = DAC_OUTPUTBUFFER_ENABLE;
 800041c:	9202      	str	r2, [sp, #8]
  if (HAL_DAC_ConfigChannel(&hdac1, &sConfig, DAC_CHANNEL_1) != HAL_OK)
 800041e:	a901      	add	r1, sp, #4
 8000420:	4805      	ldr	r0, [pc, #20]	@ (8000438 <MX_DAC1_Init+0x38>)
 8000422:	f000 fe51 	bl	80010c8 <HAL_DAC_ConfigChannel>
 8000426:	b920      	cbnz	r0, 8000432 <MX_DAC1_Init+0x32>
}
 8000428:	b005      	add	sp, #20
 800042a:	f85d fb04 	ldr.w	pc, [sp], #4
    Error_Handler();
 800042e:	f7ff ff0d 	bl	800024c <Error_Handler>
    Error_Handler();
 8000432:	f7ff ff0b 	bl	800024c <Error_Handler>
 8000436:	bf00      	nop
 8000438:	2000018c 	.word	0x2000018c
 800043c:	40007400 	.word	0x40007400

08000440 <MX_TIM3_Init>:
{
 8000440:	b500      	push	{lr}
 8000442:	b08f      	sub	sp, #60	@ 0x3c
  TIM_ClockConfigTypeDef sClockSourceConfig = {0};
 8000444:	2300      	movs	r3, #0
 8000446:	930a      	str	r3, [sp, #40]	@ 0x28
 8000448:	930b      	str	r3, [sp, #44]	@ 0x2c
 800044a:	930c      	str	r3, [sp, #48]	@ 0x30
 800044c:	930d      	str	r3, [sp, #52]	@ 0x34
  TIM_MasterConfigTypeDef sMasterConfig = {0};
 800044e:	9307      	str	r3, [sp, #28]
 8000450:	9308      	str	r3, [sp, #32]
 8000452:	9309      	str	r3, [sp, #36]	@ 0x24
  TIM_OC_InitTypeDef sConfigOC = {0};
 8000454:	9300      	str	r3, [sp, #0]
 8000456:	9301      	str	r3, [sp, #4]
 8000458:	9302      	str	r3, [sp, #8]
 800045a:	9303      	str	r3, [sp, #12]
 800045c:	9304      	str	r3, [sp, #16]
 800045e:	9305      	str	r3, [sp, #20]
 8000460:	9306      	str	r3, [sp, #24]
  htim3.Instance = TIM3;
 8000462:	481e      	ldr	r0, [pc, #120]	@ (80004dc <MX_TIM3_Init+0x9c>)
 8000464:	4a1e      	ldr	r2, [pc, #120]	@ (80004e0 <MX_TIM3_Init+0xa0>)
 8000466:	6002      	str	r2, [r0, #0]
  htim3.Init.Prescaler = 0;
 8000468:	6043      	str	r3, [r0, #4]
  htim3.Init.CounterMode = TIM_COUNTERMODE_UP;
 800046a:	6083      	str	r3, [r0, #8]
  htim3.Init.Period = 65535;
 800046c:	f64f 72ff 	movw	r2, #65535	@ 0xffff
 8000470:	60c2      	str	r2, [r0, #12]
  htim3.Init.ClockDivision = TIM_CLOCKDIVISION_DIV1;
 8000472:	6103      	str	r3, [r0, #16]
  htim3.Init.AutoReloadPreload = TIM_AUTORELOAD_PRELOAD_DISABLE;
 8000474:	6183      	str	r3, [r0, #24]
  if (HAL_TIM_Base_Init(&htim3) != HAL_OK)
 8000476:	f002 f939 	bl	80026ec <HAL_TIM_Base_Init>
 800047a:	bb20      	cbnz	r0, 80004c6 <MX_TIM3_Init+0x86>
  sClockSourceConfig.ClockSource = TIM_CLOCKSOURCE_INTERNAL;
 800047c:	f44f 5380 	mov.w	r3, #4096	@ 0x1000
 8000480:	930a      	str	r3, [sp, #40]	@ 0x28
  if (HAL_TIM_ConfigClockSource(&htim3, &sClockSourceConfig) != HAL_OK)
 8000482:	a90a      	add	r1, sp, #40	@ 0x28
 8000484:	4815      	ldr	r0, [pc, #84]	@ (80004dc <MX_TIM3_Init+0x9c>)
 8000486:	f002 fbab 	bl	8002be0 <HAL_TIM_ConfigClockSource>
 800048a:	b9f0      	cbnz	r0, 80004ca <MX_TIM3_Init+0x8a>
  if (HAL_TIM_OC_Init(&htim3) != HAL_OK)
 800048c:	4813      	ldr	r0, [pc, #76]	@ (80004dc <MX_TIM3_Init+0x9c>)
 800048e:	f002 f95d 	bl	800274c <HAL_TIM_OC_Init>
 8000492:	b9e0      	cbnz	r0, 80004ce <MX_TIM3_Init+0x8e>
  sMasterConfig.MasterOutputTrigger = TIM_TRGO_RESET;
 8000494:	2300      	movs	r3, #0
 8000496:	9307      	str	r3, [sp, #28]
  sMasterConfig.MasterSlaveMode = TIM_MASTERSLAVEMODE_DISABLE;
 8000498:	9309      	str	r3, [sp, #36]	@ 0x24
  if (HAL_TIMEx_MasterConfigSynchronization(&htim3, &sMasterConfig) != HAL_OK)
 800049a:	a907      	add	r1, sp, #28
 800049c:	480f      	ldr	r0, [pc, #60]	@ (80004dc <MX_TIM3_Init+0x9c>)
 800049e:	f002 fc1f 	bl	8002ce0 <HAL_TIMEx_MasterConfigSynchronization>
 80004a2:	b9b0      	cbnz	r0, 80004d2 <MX_TIM3_Init+0x92>
  sConfigOC.OCMode = TIM_OCMODE_TOGGLE;
 80004a4:	2330      	movs	r3, #48	@ 0x30
 80004a6:	9300      	str	r3, [sp, #0]
  sConfigOC.Pulse = 0;
 80004a8:	2200      	movs	r2, #0
 80004aa:	9201      	str	r2, [sp, #4]
  sConfigOC.OCPolarity = TIM_OCPOLARITY_HIGH;
 80004ac:	9202      	str	r2, [sp, #8]
  sConfigOC.OCFastMode = TIM_OCFAST_DISABLE;
 80004ae:	9204      	str	r2, [sp, #16]
  if (HAL_TIM_OC_ConfigChannel(&htim3, &sConfigOC, TIM_CHANNEL_1) != HAL_OK)
 80004b0:	4669      	mov	r1, sp
 80004b2:	480a      	ldr	r0, [pc, #40]	@ (80004dc <MX_TIM3_Init+0x9c>)
 80004b4:	f002 f9f8 	bl	80028a8 <HAL_TIM_OC_ConfigChannel>
 80004b8:	b968      	cbnz	r0, 80004d6 <MX_TIM3_Init+0x96>
  HAL_TIM_MspPostInit(&htim3);
 80004ba:	4808      	ldr	r0, [pc, #32]	@ (80004dc <MX_TIM3_Init+0x9c>)
 80004bc:	f001 f8de 	bl	800167c <HAL_TIM_MspPostInit>
}
 80004c0:	b00f      	add	sp, #60	@ 0x3c
 80004c2:	f85d fb04 	ldr.w	pc, [sp], #4
    Error_Handler();
 80004c6:	f7ff fec1 	bl	800024c <Error_Handler>
    Error_Handler();
 80004ca:	f7ff febf 	bl	800024c <Error_Handler>
    Error_Handler();
 80004ce:	f7ff febd 	bl	800024c <Error_Handler>
    Error_Handler();
 80004d2:	f7ff febb 	bl	800024c <Error_Handler>
    Error_Handler();
 80004d6:	f7ff feb9 	bl	800024c <Error_Handler>
 80004da:	bf00      	nop
 80004dc:	200000f4 	.word	0x200000f4
 80004e0:	40000400 	.word	0x40000400

080004e4 <MX_USART1_UART_Init>:
{
 80004e4:	b508      	push	{r3, lr}
  huart1.Instance = USART1;
 80004e6:	480b      	ldr	r0, [pc, #44]	@ (8000514 <MX_USART1_UART_Init+0x30>)
 80004e8:	4b0b      	ldr	r3, [pc, #44]	@ (8000518 <MX_USART1_UART_Init+0x34>)
 80004ea:	6003      	str	r3, [r0, #0]
  huart1.Init.BaudRate = 115200;
 80004ec:	f44f 33e1 	mov.w	r3, #115200	@ 0x1c200
 80004f0:	6043      	str	r3, [r0, #4]
  huart1.Init.WordLength = UART_WORDLENGTH_8B;
 80004f2:	2300      	movs	r3, #0
 80004f4:	6083      	str	r3, [r0, #8]
  huart1.Init.StopBits = UART_STOPBITS_1;
 80004f6:	60c3      	str	r3, [r0, #12]
  huart1.Init.Parity = UART_PARITY_NONE;
 80004f8:	6103      	str	r3, [r0, #16]
  huart1.Init.Mode = UART_MODE_TX_RX;
 80004fa:	220c      	movs	r2, #12
 80004fc:	6142      	str	r2, [r0, #20]
  huart1.Init.HwFlowCtl = UART_HWCONTROL_NONE;
 80004fe:	6183      	str	r3, [r0, #24]
  huart1.Init.OverSampling = UART_OVERSAMPLING_16;
 8000500:	61c3      	str	r3, [r0, #28]
  huart1.Init.OneBitSampling = UART_ONE_BIT_SAMPLE_DISABLE;
 8000502:	6203      	str	r3, [r0, #32]
  huart1.AdvancedInit.AdvFeatureInit = UART_ADVFEATURE_NO_INIT;
 8000504:	6243      	str	r3, [r0, #36]	@ 0x24
  if (HAL_UART_Init(&huart1) != HAL_OK)
 8000506:	f002 fea4 	bl	8003252 <HAL_UART_Init>
 800050a:	b900      	cbnz	r0, 800050e <MX_USART1_UART_Init+0x2a>
}
 800050c:	bd08      	pop	{r3, pc}
    Error_Handler();
 800050e:	f7ff fe9d 	bl	800024c <Error_Handler>
 8000512:	bf00      	nop
 8000514:	20000028 	.word	0x20000028
 8000518:	40013800 	.word	0x40013800

0800051c <SystemClock_Config>:
{
 800051c:	b510      	push	{r4, lr}
 800051e:	b0a6      	sub	sp, #152	@ 0x98
  RCC_OscInitTypeDef RCC_OscInitStruct = {0};
 8000520:	ac1c      	add	r4, sp, #112	@ 0x70
 8000522:	2228      	movs	r2, #40	@ 0x28
 8000524:	2100      	movs	r1, #0
 8000526:	4620      	mov	r0, r4
 8000528:	f002 ff0b 	bl	8003342 <memset>
  RCC_ClkInitTypeDef RCC_ClkInitStruct = {0};
 800052c:	2100      	movs	r1, #0
 800052e:	9117      	str	r1, [sp, #92]	@ 0x5c
 8000530:	9118      	str	r1, [sp, #96]	@ 0x60
 8000532:	9119      	str	r1, [sp, #100]	@ 0x64
 8000534:	911a      	str	r1, [sp, #104]	@ 0x68
 8000536:	911b      	str	r1, [sp, #108]	@ 0x6c
  RCC_PeriphCLKInitTypeDef PeriphClkInit = {0};
 8000538:	2258      	movs	r2, #88	@ 0x58
 800053a:	a801      	add	r0, sp, #4
 800053c:	f002 ff01 	bl	8003342 <memset>
  RCC_OscInitStruct.OscillatorType = RCC_OSCILLATORTYPE_HSI;
 8000540:	2302      	movs	r3, #2
 8000542:	931c      	str	r3, [sp, #112]	@ 0x70
  RCC_OscInitStruct.HSIState = RCC_HSI_ON;
 8000544:	2201      	movs	r2, #1
 8000546:	921f      	str	r2, [sp, #124]	@ 0x7c
  RCC_OscInitStruct.HSICalibrationValue = RCC_HSICALIBRATION_DEFAULT;
 8000548:	2210      	movs	r2, #16
 800054a:	9220      	str	r2, [sp, #128]	@ 0x80
  RCC_OscInitStruct.PLL.PLLState = RCC_PLL_ON;
 800054c:	9322      	str	r3, [sp, #136]	@ 0x88
  RCC_OscInitStruct.PLL.PLLSource = RCC_PLLSOURCE_HSI;
 800054e:	f44f 4300 	mov.w	r3, #32768	@ 0x8000
 8000552:	9323      	str	r3, [sp, #140]	@ 0x8c
  RCC_OscInitStruct.PLL.PLLMUL = RCC_PLL_MUL9;
 8000554:	f44f 13e0 	mov.w	r3, #1835008	@ 0x1c0000
 8000558:	9324      	str	r3, [sp, #144]	@ 0x90
  if (HAL_RCC_OscConfig(&RCC_OscInitStruct) != HAL_OK)
 800055a:	4620      	mov	r0, r4
 800055c:	f001 f904 	bl	8001768 <HAL_RCC_OscConfig>
 8000560:	b9e0      	cbnz	r0, 800059c <SystemClock_Config+0x80>
  RCC_ClkInitStruct.ClockType = RCC_CLOCKTYPE_HCLK|RCC_CLOCKTYPE_SYSCLK
 8000562:	230f      	movs	r3, #15
 8000564:	9317      	str	r3, [sp, #92]	@ 0x5c
  RCC_ClkInitStruct.SYSCLKSource = RCC_SYSCLKSOURCE_PLLCLK;
 8000566:	2102      	movs	r1, #2
 8000568:	9118      	str	r1, [sp, #96]	@ 0x60
  RCC_ClkInitStruct.AHBCLKDivider = RCC_SYSCLK_DIV1;
 800056a:	2300      	movs	r3, #0
 800056c:	9319      	str	r3, [sp, #100]	@ 0x64
  RCC_ClkInitStruct.APB1CLKDivider = RCC_HCLK_DIV2;
 800056e:	f44f 6280 	mov.w	r2, #1024	@ 0x400
 8000572:	921a      	str	r2, [sp, #104]	@ 0x68
  RCC_ClkInitStruct.APB2CLKDivider = RCC_HCLK_DIV1;
 8000574:	931b      	str	r3, [sp, #108]	@ 0x6c
  if (HAL_RCC_ClockConfig(&RCC_ClkInitStruct, FLASH_LATENCY_2) != HAL_OK)
 8000576:	a817      	add	r0, sp, #92	@ 0x5c
 8000578:	f001 fc42 	bl	8001e00 <HAL_RCC_ClockConfig>
 800057c:	b980      	cbnz	r0, 80005a0 <SystemClock_Config+0x84>
  PeriphClkInit.PeriphClockSelection = RCC_PERIPHCLK_USART1|RCC_PERIPHCLK_ADC12
 800057e:	4b0a      	ldr	r3, [pc, #40]	@ (80005a8 <SystemClock_Config+0x8c>)
 8000580:	9301      	str	r3, [sp, #4]
  PeriphClkInit.Usart1ClockSelection = RCC_USART1CLKSOURCE_PCLK2;
 8000582:	2300      	movs	r3, #0
 8000584:	9303      	str	r3, [sp, #12]
  PeriphClkInit.Adc12ClockSelection = RCC_ADC12PLLCLK_DIV1;
 8000586:	f44f 7280 	mov.w	r2, #256	@ 0x100
 800058a:	920b      	str	r2, [sp, #44]	@ 0x2c
  PeriphClkInit.Tim2ClockSelection = RCC_TIM2CLK_HCLK;
 800058c:	930f      	str	r3, [sp, #60]	@ 0x3c
  PeriphClkInit.Tim34ClockSelection = RCC_TIM34CLK_HCLK;
 800058e:	9310      	str	r3, [sp, #64]	@ 0x40
  if (HAL_RCCEx_PeriphCLKConfig(&PeriphClkInit) != HAL_OK)
 8000590:	a801      	add	r0, sp, #4
 8000592:	f001 fd3b 	bl	800200c <HAL_RCCEx_PeriphCLKConfig>
 8000596:	b928      	cbnz	r0, 80005a4 <SystemClock_Config+0x88>
}
 8000598:	b026      	add	sp, #152	@ 0x98
 800059a:	bd10      	pop	{r4, pc}
    Error_Handler();
 800059c:	f7ff fe56 	bl	800024c <Error_Handler>
    Error_Handler();
 80005a0:	f7ff fe54 	bl	800024c <Error_Handler>
    Error_Handler();
 80005a4:	f7ff fe52 	bl	800024c <Error_Handler>
 80005a8:	00300081 	.word	0x00300081

080005ac <main>:
{
 80005ac:	b508      	push	{r3, lr}
  HAL_Init();
 80005ae:	f000 f83b 	bl	8000628 <HAL_Init>
  SystemClock_Config();
 80005b2:	f7ff ffb3 	bl	800051c <SystemClock_Config>
  MX_GPIO_Init();
 80005b6:	f7ff fe0d 	bl	80001d4 <MX_GPIO_Init>
  MX_DMA_Init();
 80005ba:	f7ff fe2d 	bl	8000218 <MX_DMA_Init>
  MX_ADC1_Init();
 80005be:	f7ff fe47 	bl	8000250 <MX_ADC1_Init>
  MX_COMP2_Init();
 80005c2:	f7ff fe89 	bl	80002d8 <MX_COMP2_Init>
  MX_COMP3_Init();
 80005c6:	f7ff fe9f 	bl	8000308 <MX_COMP3_Init>
  MX_TIM2_Init();
 80005ca:	f7ff feb5 	bl	8000338 <MX_TIM2_Init>
  MX_DAC1_Init();
 80005ce:	f7ff ff17 	bl	8000400 <MX_DAC1_Init>
  MX_TIM3_Init();
 80005d2:	f7ff ff35 	bl	8000440 <MX_TIM3_Init>
  MX_USART1_UART_Init();
 80005d6:	f7ff ff85 	bl	80004e4 <MX_USART1_UART_Init>
  while (1)
 80005da:	e7fe      	b.n	80005da <main+0x2e>

080005dc <HAL_InitTick>:
  *         implementation  in user file.
  * @param TickPriority Tick interrupt priority.
  * @retval HAL status
  */
__weak HAL_StatusTypeDef HAL_InitTick(uint32_t TickPriority)
{
 80005dc:	b510      	push	{r4, lr}
 80005de:	4604      	mov	r4, r0
  /* Configure the SysTick to have interrupt in 1ms time basis*/
  if (HAL_SYSTICK_Config(SystemCoreClock / (1000U / uwTickFreq)) > 0U)
 80005e0:	4b0e      	ldr	r3, [pc, #56]	@ (800061c <HAL_InitTick+0x40>)
 80005e2:	781a      	ldrb	r2, [r3, #0]
 80005e4:	f44f 737a 	mov.w	r3, #1000	@ 0x3e8
 80005e8:	fbb3 f3f2 	udiv	r3, r3, r2
 80005ec:	4a0c      	ldr	r2, [pc, #48]	@ (8000620 <HAL_InitTick+0x44>)
 80005ee:	6810      	ldr	r0, [r2, #0]
 80005f0:	fbb0 f0f3 	udiv	r0, r0, r3
 80005f4:	f000 fd42 	bl	800107c <HAL_SYSTICK_Config>
 80005f8:	b968      	cbnz	r0, 8000616 <HAL_InitTick+0x3a>
  {
    return HAL_ERROR;
  }

  /* Configure the SysTick IRQ priority */
  if (TickPriority < (1UL << __NVIC_PRIO_BITS))
 80005fa:	2c0f      	cmp	r4, #15
 80005fc:	d901      	bls.n	8000602 <HAL_InitTick+0x26>
    HAL_NVIC_SetPriority(SysTick_IRQn, TickPriority, 0U);
    uwTickPrio = TickPriority;
  }
  else
  {
    return HAL_ERROR;
 80005fe:	2001      	movs	r0, #1
 8000600:	e00a      	b.n	8000618 <HAL_InitTick+0x3c>
    HAL_NVIC_SetPriority(SysTick_IRQn, TickPriority, 0U);
 8000602:	2200      	movs	r2, #0
 8000604:	4621      	mov	r1, r4
 8000606:	f04f 30ff 	mov.w	r0, #4294967295	@ 0xffffffff
 800060a:	f000 fd19 	bl	8001040 <HAL_NVIC_SetPriority>
    uwTickPrio = TickPriority;
 800060e:	4b05      	ldr	r3, [pc, #20]	@ (8000624 <HAL_InitTick+0x48>)
 8000610:	601c      	str	r4, [r3, #0]
  }
   /* Return function status */
  return HAL_OK;
 8000612:	2000      	movs	r0, #0
 8000614:	e000      	b.n	8000618 <HAL_InitTick+0x3c>
    return HAL_ERROR;
 8000616:	2001      	movs	r0, #1
}
 8000618:	bd10      	pop	{r4, pc}
 800061a:	bf00      	nop
 800061c:	20000000 	.word	0x20000000
 8000620:	20000008 	.word	0x20000008
 8000624:	20000004 	.word	0x20000004

08000628 <HAL_Init>:
{
 8000628:	b508      	push	{r3, lr}
  __HAL_FLASH_PREFETCH_BUFFER_ENABLE();
 800062a:	4a07      	ldr	r2, [pc, #28]	@ (8000648 <HAL_Init+0x20>)
 800062c:	6813      	ldr	r3, [r2, #0]
 800062e:	f043 0310 	orr.w	r3, r3, #16
 8000632:	6013      	str	r3, [r2, #0]
  HAL_NVIC_SetPriorityGrouping(NVIC_PRIORITYGROUP_4);
 8000634:	2003      	movs	r0, #3
 8000636:	f000 fcf1 	bl	800101c <HAL_NVIC_SetPriorityGrouping>
  HAL_InitTick(TICK_INT_PRIORITY);
 800063a:	200f      	movs	r0, #15
 800063c:	f7ff ffce 	bl	80005dc <HAL_InitTick>
  HAL_MspInit();
 8000640:	f000 ff02 	bl	8001448 <HAL_MspInit>
}
 8000644:	2000      	movs	r0, #0
 8000646:	bd08      	pop	{r3, pc}
 8000648:	40022000 	.word	0x40022000

0800064c <HAL_IncTick>:
  *         implementations  in user file.
  * @retval None
  */
__weak void HAL_IncTick(void)
{
  uwTick += uwTickFreq;
 800064c:	4a03      	ldr	r2, [pc, #12]	@ (800065c <HAL_IncTick+0x10>)
 800064e:	6811      	ldr	r1, [r2, #0]
 8000650:	4b03      	ldr	r3, [pc, #12]	@ (8000660 <HAL_IncTick+0x14>)
 8000652:	781b      	ldrb	r3, [r3, #0]
 8000654:	440b      	add	r3, r1
 8000656:	6013      	str	r3, [r2, #0]
}
 8000658:	4770      	bx	lr
 800065a:	bf00      	nop
 800065c:	20000250 	.word	0x20000250
 8000660:	20000000 	.word	0x20000000

08000664 <HAL_GetTick>:
  *         implementations  in user file.
  * @retval tick value
  */
__weak uint32_t HAL_GetTick(void)
{
  return uwTick;  
 8000664:	4b01      	ldr	r3, [pc, #4]	@ (800066c <HAL_GetTick+0x8>)
 8000666:	6818      	ldr	r0, [r3, #0]
}
 8000668:	4770      	bx	lr
 800066a:	bf00      	nop
 800066c:	20000250 	.word	0x20000250

08000670 <ADC_Disable>:
  *         stopped.
  * @param  hadc ADC handle
  * @retval HAL status.
  */
static HAL_StatusTypeDef ADC_Disable(ADC_HandleTypeDef* hadc)
{
 8000670:	b538      	push	{r3, r4, r5, lr}
  uint32_t tickstart = 0U;
  
  /* Verification if ADC is not already disabled:                             */
  /* Note: forbidden to disable ADC (set bit ADC_CR_ADDIS) if ADC is already  */
  /* disabled.                                                                */
  if (ADC_IS_ENABLE(hadc) != RESET )
 8000672:	6802      	ldr	r2, [r0, #0]
 8000674:	6893      	ldr	r3, [r2, #8]
 8000676:	f003 0303 	and.w	r3, r3, #3
 800067a:	2b01      	cmp	r3, #1
 800067c:	d001      	beq.n	8000682 <ADC_Disable+0x12>
      }
    }
  }
  
  /* Return HAL status */
  return HAL_OK;
 800067e:	2000      	movs	r0, #0
}
 8000680:	bd38      	pop	{r3, r4, r5, pc}
 8000682:	4604      	mov	r4, r0
  if (ADC_IS_ENABLE(hadc) != RESET )
 8000684:	6813      	ldr	r3, [r2, #0]
 8000686:	f013 0f01 	tst.w	r3, #1
 800068a:	d033      	beq.n	80006f4 <ADC_Disable+0x84>
    if (ADC_DISABLING_CONDITIONS(hadc) != RESET)
 800068c:	6893      	ldr	r3, [r2, #8]
 800068e:	f003 030d 	and.w	r3, r3, #13
 8000692:	2b01      	cmp	r3, #1
 8000694:	d009      	beq.n	80006aa <ADC_Disable+0x3a>
      SET_BIT(hadc->State, HAL_ADC_STATE_ERROR_INTERNAL);
 8000696:	6c03      	ldr	r3, [r0, #64]	@ 0x40
 8000698:	f043 0310 	orr.w	r3, r3, #16
 800069c:	6403      	str	r3, [r0, #64]	@ 0x40
      SET_BIT(hadc->ErrorCode, HAL_ADC_ERROR_INTERNAL);
 800069e:	6c43      	ldr	r3, [r0, #68]	@ 0x44
 80006a0:	f043 0301 	orr.w	r3, r3, #1
 80006a4:	6443      	str	r3, [r0, #68]	@ 0x44
      return HAL_ERROR;
 80006a6:	2001      	movs	r0, #1
 80006a8:	e7ea      	b.n	8000680 <ADC_Disable+0x10>
      __HAL_ADC_DISABLE(hadc);
 80006aa:	6893      	ldr	r3, [r2, #8]
 80006ac:	f043 0302 	orr.w	r3, r3, #2
 80006b0:	6093      	str	r3, [r2, #8]
 80006b2:	6803      	ldr	r3, [r0, #0]
 80006b4:	2203      	movs	r2, #3
 80006b6:	601a      	str	r2, [r3, #0]
    tickstart = HAL_GetTick();
 80006b8:	f7ff ffd4 	bl	8000664 <HAL_GetTick>
 80006bc:	4605      	mov	r5, r0
    while(HAL_IS_BIT_SET(hadc->Instance->CR, ADC_CR_ADEN))
 80006be:	6823      	ldr	r3, [r4, #0]
 80006c0:	689b      	ldr	r3, [r3, #8]
 80006c2:	f013 0f01 	tst.w	r3, #1
 80006c6:	d013      	beq.n	80006f0 <ADC_Disable+0x80>
      if((HAL_GetTick() - tickstart) > ADC_DISABLE_TIMEOUT)
 80006c8:	f7ff ffcc 	bl	8000664 <HAL_GetTick>
 80006cc:	1b40      	subs	r0, r0, r5
 80006ce:	2802      	cmp	r0, #2
 80006d0:	d9f5      	bls.n	80006be <ADC_Disable+0x4e>
        if(HAL_IS_BIT_SET(hadc->Instance->CR, ADC_CR_ADEN))
 80006d2:	6823      	ldr	r3, [r4, #0]
 80006d4:	689b      	ldr	r3, [r3, #8]
 80006d6:	f013 0f01 	tst.w	r3, #1
 80006da:	d0f0      	beq.n	80006be <ADC_Disable+0x4e>
          SET_BIT(hadc->State, HAL_ADC_STATE_ERROR_INTERNAL);
 80006dc:	6c23      	ldr	r3, [r4, #64]	@ 0x40
 80006de:	f043 0310 	orr.w	r3, r3, #16
 80006e2:	6423      	str	r3, [r4, #64]	@ 0x40
          SET_BIT(hadc->ErrorCode, HAL_ADC_ERROR_INTERNAL);
 80006e4:	6c63      	ldr	r3, [r4, #68]	@ 0x44
 80006e6:	f043 0301 	orr.w	r3, r3, #1
 80006ea:	6463      	str	r3, [r4, #68]	@ 0x44
          return HAL_ERROR;
 80006ec:	2001      	movs	r0, #1
 80006ee:	e7c7      	b.n	8000680 <ADC_Disable+0x10>
  return HAL_OK;
 80006f0:	2000      	movs	r0, #0
 80006f2:	e7c5      	b.n	8000680 <ADC_Disable+0x10>
 80006f4:	2000      	movs	r0, #0
 80006f6:	e7c3      	b.n	8000680 <ADC_Disable+0x10>

080006f8 <HAL_ADC_Init>:
{
 80006f8:	b530      	push	{r4, r5, lr}
 80006fa:	b097      	sub	sp, #92	@ 0x5c
  __IO uint32_t wait_loop_index = 0U;
 80006fc:	2300      	movs	r3, #0
 80006fe:	9301      	str	r3, [sp, #4]
  if(hadc == NULL)
 8000700:	2800      	cmp	r0, #0
 8000702:	f000 8143 	beq.w	800098c <HAL_ADC_Init+0x294>
 8000706:	4604      	mov	r4, r0
  if (HAL_IS_BIT_CLR(hadc->State, HAL_ADC_STATE_ERROR_INTERNAL))
 8000708:	6c03      	ldr	r3, [r0, #64]	@ 0x40
 800070a:	f013 0f10 	tst.w	r3, #16
 800070e:	d152      	bne.n	80007b6 <HAL_ADC_Init+0xbe>
    if (hadc->State == HAL_ADC_STATE_RESET)
 8000710:	6c03      	ldr	r3, [r0, #64]	@ 0x40
 8000712:	b1ab      	cbz	r3, 8000740 <HAL_ADC_Init+0x48>
  HAL_StatusTypeDef tmp_hal_status = HAL_OK;
 8000714:	2000      	movs	r0, #0
    if (HAL_IS_BIT_CLR(hadc->Instance->CR, ADC_CR_ADVREGEN_0) ||
 8000716:	6823      	ldr	r3, [r4, #0]
 8000718:	689a      	ldr	r2, [r3, #8]
 800071a:	f012 5f80 	tst.w	r2, #268435456	@ 0x10000000
 800071e:	d003      	beq.n	8000728 <HAL_ADC_Init+0x30>
        HAL_IS_BIT_SET(hadc->Instance->CR, ADC_CR_ADVREGEN_1)   )
 8000720:	689b      	ldr	r3, [r3, #8]
    if (HAL_IS_BIT_CLR(hadc->Instance->CR, ADC_CR_ADVREGEN_0) ||
 8000722:	f013 5f00 	tst.w	r3, #536870912	@ 0x20000000
 8000726:	d047      	beq.n	80007b8 <HAL_ADC_Init+0xc0>
      ADC_STATE_CLR_SET(hadc->State,
 8000728:	6c23      	ldr	r3, [r4, #64]	@ 0x40
 800072a:	f023 0312 	bic.w	r3, r3, #18
 800072e:	f043 0310 	orr.w	r3, r3, #16
 8000732:	6423      	str	r3, [r4, #64]	@ 0x40
      SET_BIT(hadc->ErrorCode, HAL_ADC_ERROR_INTERNAL);
 8000734:	6c63      	ldr	r3, [r4, #68]	@ 0x44
 8000736:	f043 0301 	orr.w	r3, r3, #1
 800073a:	6463      	str	r3, [r4, #68]	@ 0x44
      tmp_hal_status = HAL_ERROR;
 800073c:	2001      	movs	r0, #1
 800073e:	e03b      	b.n	80007b8 <HAL_ADC_Init+0xc0>
      ADC_CLEAR_ERRORCODE(hadc);
 8000740:	6443      	str	r3, [r0, #68]	@ 0x44
      hadc->InjectionConfig.ChannelCount = 0U;
 8000742:	64c3      	str	r3, [r0, #76]	@ 0x4c
      hadc->InjectionConfig.ContextQueue = 0U;
 8000744:	6483      	str	r3, [r0, #72]	@ 0x48
      hadc->Lock = HAL_UNLOCKED;
 8000746:	f880 303c 	strb.w	r3, [r0, #60]	@ 0x3c
    HAL_ADC_MspInit(hadc);
 800074a:	f000 fe95 	bl	8001478 <HAL_ADC_MspInit>
      if (HAL_IS_BIT_CLR(hadc->Instance->CR, ADC_CR_ADVREGEN_0))
 800074e:	6823      	ldr	r3, [r4, #0]
 8000750:	689b      	ldr	r3, [r3, #8]
 8000752:	f013 5f80 	tst.w	r3, #268435456	@ 0x10000000
 8000756:	d001      	beq.n	800075c <HAL_ADC_Init+0x64>
  HAL_StatusTypeDef tmp_hal_status = HAL_OK;
 8000758:	2000      	movs	r0, #0
 800075a:	e7dc      	b.n	8000716 <HAL_ADC_Init+0x1e>
        tmp_hal_status = ADC_Disable(hadc);
 800075c:	4620      	mov	r0, r4
 800075e:	f7ff ff87 	bl	8000670 <ADC_Disable>
        if (HAL_IS_BIT_CLR(hadc->State, HAL_ADC_STATE_ERROR_INTERNAL) &&
 8000762:	6c23      	ldr	r3, [r4, #64]	@ 0x40
 8000764:	f013 0f10 	tst.w	r3, #16
 8000768:	d1d5      	bne.n	8000716 <HAL_ADC_Init+0x1e>
 800076a:	2800      	cmp	r0, #0
 800076c:	d1d3      	bne.n	8000716 <HAL_ADC_Init+0x1e>
          ADC_STATE_CLR_SET(hadc->State,
 800076e:	6c23      	ldr	r3, [r4, #64]	@ 0x40
 8000770:	f423 5388 	bic.w	r3, r3, #4352	@ 0x1100
 8000774:	f023 0302 	bic.w	r3, r3, #2
 8000778:	f043 0302 	orr.w	r3, r3, #2
 800077c:	6423      	str	r3, [r4, #64]	@ 0x40
          CLEAR_BIT(hadc->Instance->CR, (ADC_CR_ADVREGEN_1 | ADC_CR_ADVREGEN_0));
 800077e:	6822      	ldr	r2, [r4, #0]
 8000780:	6893      	ldr	r3, [r2, #8]
 8000782:	f023 5340 	bic.w	r3, r3, #805306368	@ 0x30000000
 8000786:	6093      	str	r3, [r2, #8]
          SET_BIT(hadc->Instance->CR, ADC_CR_ADVREGEN_0);
 8000788:	6822      	ldr	r2, [r4, #0]
 800078a:	6893      	ldr	r3, [r2, #8]
 800078c:	f043 5380 	orr.w	r3, r3, #268435456	@ 0x10000000
 8000790:	6093      	str	r3, [r2, #8]
          wait_loop_index = (ADC_STAB_DELAY_US * (SystemCoreClock / 1000000U));
 8000792:	4b7f      	ldr	r3, [pc, #508]	@ (8000990 <HAL_ADC_Init+0x298>)
 8000794:	681b      	ldr	r3, [r3, #0]
 8000796:	4a7f      	ldr	r2, [pc, #508]	@ (8000994 <HAL_ADC_Init+0x29c>)
 8000798:	fba2 2303 	umull	r2, r3, r2, r3
 800079c:	0c9b      	lsrs	r3, r3, #18
 800079e:	eb03 0383 	add.w	r3, r3, r3, lsl #2
 80007a2:	005b      	lsls	r3, r3, #1
 80007a4:	9301      	str	r3, [sp, #4]
          while(wait_loop_index != 0U)
 80007a6:	e002      	b.n	80007ae <HAL_ADC_Init+0xb6>
            wait_loop_index--;
 80007a8:	9b01      	ldr	r3, [sp, #4]
 80007aa:	3b01      	subs	r3, #1
 80007ac:	9301      	str	r3, [sp, #4]
          while(wait_loop_index != 0U)
 80007ae:	9b01      	ldr	r3, [sp, #4]
 80007b0:	2b00      	cmp	r3, #0
 80007b2:	d1f9      	bne.n	80007a8 <HAL_ADC_Init+0xb0>
 80007b4:	e7af      	b.n	8000716 <HAL_ADC_Init+0x1e>
  HAL_StatusTypeDef tmp_hal_status = HAL_OK;
 80007b6:	2000      	movs	r0, #0
  if (HAL_IS_BIT_CLR(hadc->State, HAL_ADC_STATE_ERROR_INTERNAL) &&
 80007b8:	6c23      	ldr	r3, [r4, #64]	@ 0x40
 80007ba:	f013 0f10 	tst.w	r3, #16
 80007be:	f040 80dc 	bne.w	800097a <HAL_ADC_Init+0x282>
 80007c2:	2800      	cmp	r0, #0
 80007c4:	f040 80d9 	bne.w	800097a <HAL_ADC_Init+0x282>
      (ADC_IS_CONVERSION_ONGOING_REGULAR(hadc) == RESET)          )
 80007c8:	6823      	ldr	r3, [r4, #0]
 80007ca:	6899      	ldr	r1, [r3, #8]
      (tmp_hal_status == HAL_OK)                                &&
 80007cc:	f011 0104 	ands.w	r1, r1, #4
 80007d0:	f040 80d3 	bne.w	800097a <HAL_ADC_Init+0x282>
    ADC_STATE_CLR_SET(hadc->State,
 80007d4:	6c22      	ldr	r2, [r4, #64]	@ 0x40
 80007d6:	f422 7281 	bic.w	r2, r2, #258	@ 0x102
 80007da:	f042 0202 	orr.w	r2, r2, #2
 80007de:	6422      	str	r2, [r4, #64]	@ 0x40
    tmpADC_Common = ADC_COMMON_REGISTER(hadc);
 80007e0:	f1b3 4fa0 	cmp.w	r3, #1342177280	@ 0x50000000
 80007e4:	d014      	beq.n	8000810 <HAL_ADC_Init+0x118>
 80007e6:	4a6c      	ldr	r2, [pc, #432]	@ (8000998 <HAL_ADC_Init+0x2a0>)
 80007e8:	4293      	cmp	r3, r2
 80007ea:	d00f      	beq.n	800080c <HAL_ADC_Init+0x114>
 80007ec:	4d6b      	ldr	r5, [pc, #428]	@ (800099c <HAL_ADC_Init+0x2a4>)
    ADC_COMMON_ADC_OTHER(hadc, &tmphadcSharingSameCommonRegister);
 80007ee:	f1b3 4fa0 	cmp.w	r3, #1342177280	@ 0x50000000
 80007f2:	d00f      	beq.n	8000814 <HAL_ADC_Init+0x11c>
 80007f4:	4a68      	ldr	r2, [pc, #416]	@ (8000998 <HAL_ADC_Init+0x2a0>)
 80007f6:	4293      	cmp	r3, r2
 80007f8:	d069      	beq.n	80008ce <HAL_ADC_Init+0x1d6>
 80007fa:	4a69      	ldr	r2, [pc, #420]	@ (80009a0 <HAL_ADC_Init+0x2a8>)
 80007fc:	4293      	cmp	r3, r2
 80007fe:	d06a      	beq.n	80008d6 <HAL_ADC_Init+0x1de>
 8000800:	4a68      	ldr	r2, [pc, #416]	@ (80009a4 <HAL_ADC_Init+0x2ac>)
 8000802:	4293      	cmp	r3, r2
 8000804:	d06b      	beq.n	80008de <HAL_ADC_Init+0x1e6>
 8000806:	2200      	movs	r2, #0
 8000808:	9202      	str	r2, [sp, #8]
 800080a:	e005      	b.n	8000818 <HAL_ADC_Init+0x120>
    tmpADC_Common = ADC_COMMON_REGISTER(hadc);
 800080c:	4d66      	ldr	r5, [pc, #408]	@ (80009a8 <HAL_ADC_Init+0x2b0>)
 800080e:	e7ee      	b.n	80007ee <HAL_ADC_Init+0xf6>
 8000810:	4d65      	ldr	r5, [pc, #404]	@ (80009a8 <HAL_ADC_Init+0x2b0>)
 8000812:	e7ec      	b.n	80007ee <HAL_ADC_Init+0xf6>
    ADC_COMMON_ADC_OTHER(hadc, &tmphadcSharingSameCommonRegister);
 8000814:	4a60      	ldr	r2, [pc, #384]	@ (8000998 <HAL_ADC_Init+0x2a0>)
 8000816:	9202      	str	r2, [sp, #8]
    if ((ADC_IS_ENABLE(hadc) == RESET)                                   &&
 8000818:	689a      	ldr	r2, [r3, #8]
 800081a:	f002 0203 	and.w	r2, r2, #3
 800081e:	2a01      	cmp	r2, #1
 8000820:	d061      	beq.n	80008e6 <HAL_ADC_Init+0x1ee>
        ((tmphadcSharingSameCommonRegister.Instance == NULL)         ||
 8000822:	9b02      	ldr	r3, [sp, #8]
    if ((ADC_IS_ENABLE(hadc) == RESET)                                   &&
 8000824:	b123      	cbz	r3, 8000830 <HAL_ADC_Init+0x138>
         (ADC_IS_ENABLE(&tmphadcSharingSameCommonRegister) == RESET)   )   )
 8000826:	689a      	ldr	r2, [r3, #8]
 8000828:	f002 0203 	and.w	r2, r2, #3
 800082c:	2a01      	cmp	r2, #1
 800082e:	d05f      	beq.n	80008f0 <HAL_ADC_Init+0x1f8>
      MODIFY_REG(tmpADC_Common->CCR       ,
 8000830:	68ab      	ldr	r3, [r5, #8]
 8000832:	f423 3340 	bic.w	r3, r3, #196608	@ 0x30000
 8000836:	6862      	ldr	r2, [r4, #4]
 8000838:	4313      	orrs	r3, r2
 800083a:	60ab      	str	r3, [r5, #8]
    SET_BIT(tmpCFGR, ADC_CFGR_CONTINUOUS((uint32_t)hadc->Init.ContinuousConvMode) |
 800083c:	7e62      	ldrb	r2, [r4, #25]
 800083e:	0353      	lsls	r3, r2, #13
 8000840:	6b65      	ldr	r5, [r4, #52]	@ 0x34
 8000842:	2d01      	cmp	r5, #1
 8000844:	d001      	beq.n	800084a <HAL_ADC_Init+0x152>
 8000846:	f44f 5180 	mov.w	r1, #4096	@ 0x1000
 800084a:	430b      	orrs	r3, r1
 800084c:	68e1      	ldr	r1, [r4, #12]
 800084e:	430b      	orrs	r3, r1
 8000850:	68a1      	ldr	r1, [r4, #8]
 8000852:	430b      	orrs	r3, r1
    if (hadc->Init.DiscontinuousConvMode == ENABLE)
 8000854:	f894 1020 	ldrb.w	r1, [r4, #32]
 8000858:	2901      	cmp	r1, #1
 800085a:	d04e      	beq.n	80008fa <HAL_ADC_Init+0x202>
    if (hadc->Init.ExternalTrigConv != ADC_SOFTWARE_START)
 800085c:	6aa2      	ldr	r2, [r4, #40]	@ 0x28
 800085e:	2a01      	cmp	r2, #1
 8000860:	d00c      	beq.n	800087c <HAL_ADC_Init+0x184>
      SET_BIT(tmpCFGR, ADC_CFGR_EXTSEL_SET(hadc, hadc->Init.ExternalTrigConv) |
 8000862:	6821      	ldr	r1, [r4, #0]
 8000864:	4d4e      	ldr	r5, [pc, #312]	@ (80009a0 <HAL_ADC_Init+0x2a8>)
 8000866:	42a9      	cmp	r1, r5
 8000868:	d05a      	beq.n	8000920 <HAL_ADC_Init+0x228>
 800086a:	f505 7580 	add.w	r5, r5, #256	@ 0x100
 800086e:	42a9      	cmp	r1, r5
 8000870:	d056      	beq.n	8000920 <HAL_ADC_Init+0x228>
 8000872:	f422 5280 	bic.w	r2, r2, #4096	@ 0x1000
 8000876:	6ae1      	ldr	r1, [r4, #44]	@ 0x2c
 8000878:	4311      	orrs	r1, r2
 800087a:	430b      	orrs	r3, r1
    if (ADC_IS_CONVERSION_ONGOING_REGULAR_INJECTED(hadc) == RESET)
 800087c:	6822      	ldr	r2, [r4, #0]
 800087e:	6891      	ldr	r1, [r2, #8]
 8000880:	f011 0f0c 	tst.w	r1, #12
 8000884:	d10c      	bne.n	80008a0 <HAL_ADC_Init+0x1a8>
      CLEAR_BIT(hadc->Instance->CFGR, ADC_CFGR_AUTDLY |
 8000886:	68d1      	ldr	r1, [r2, #12]
 8000888:	f421 4180 	bic.w	r1, r1, #16384	@ 0x4000
 800088c:	f021 0102 	bic.w	r1, r1, #2
 8000890:	60d1      	str	r1, [r2, #12]
      SET_BIT(tmpCFGR, ADC_CFGR_AUTOWAIT((uint32_t)hadc->Init.LowPowerAutoWait) |
 8000892:	7e21      	ldrb	r1, [r4, #24]
 8000894:	f894 2030 	ldrb.w	r2, [r4, #48]	@ 0x30
 8000898:	0052      	lsls	r2, r2, #1
 800089a:	ea42 3281 	orr.w	r2, r2, r1, lsl #14
 800089e:	4313      	orrs	r3, r2
    MODIFY_REG(hadc->Instance->CFGR,
 80008a0:	6821      	ldr	r1, [r4, #0]
 80008a2:	68cd      	ldr	r5, [r1, #12]
 80008a4:	4a41      	ldr	r2, [pc, #260]	@ (80009ac <HAL_ADC_Init+0x2b4>)
 80008a6:	402a      	ands	r2, r5
 80008a8:	431a      	orrs	r2, r3
 80008aa:	60ca      	str	r2, [r1, #12]
    if (hadc->Init.ScanConvMode == ADC_SCAN_ENABLE)
 80008ac:	6923      	ldr	r3, [r4, #16]
 80008ae:	2b01      	cmp	r3, #1
 80008b0:	d05a      	beq.n	8000968 <HAL_ADC_Init+0x270>
      CLEAR_BIT(hadc->Instance->SQR1, ADC_SQR1_L);
 80008b2:	6822      	ldr	r2, [r4, #0]
 80008b4:	6b13      	ldr	r3, [r2, #48]	@ 0x30
 80008b6:	f023 030f 	bic.w	r3, r3, #15
 80008ba:	6313      	str	r3, [r2, #48]	@ 0x30
    ADC_CLEAR_ERRORCODE(hadc);
 80008bc:	2300      	movs	r3, #0
 80008be:	6463      	str	r3, [r4, #68]	@ 0x44
    ADC_STATE_CLR_SET(hadc->State,
 80008c0:	6c23      	ldr	r3, [r4, #64]	@ 0x40
 80008c2:	f023 0303 	bic.w	r3, r3, #3
 80008c6:	f043 0301 	orr.w	r3, r3, #1
 80008ca:	6423      	str	r3, [r4, #64]	@ 0x40
 80008cc:	e05c      	b.n	8000988 <HAL_ADC_Init+0x290>
    ADC_COMMON_ADC_OTHER(hadc, &tmphadcSharingSameCommonRegister);
 80008ce:	f04f 42a0 	mov.w	r2, #1342177280	@ 0x50000000
 80008d2:	9202      	str	r2, [sp, #8]
 80008d4:	e7a0      	b.n	8000818 <HAL_ADC_Init+0x120>
 80008d6:	f502 7280 	add.w	r2, r2, #256	@ 0x100
 80008da:	9202      	str	r2, [sp, #8]
 80008dc:	e79c      	b.n	8000818 <HAL_ADC_Init+0x120>
 80008de:	f5a2 7280 	sub.w	r2, r2, #256	@ 0x100
 80008e2:	9202      	str	r2, [sp, #8]
 80008e4:	e798      	b.n	8000818 <HAL_ADC_Init+0x120>
    if ((ADC_IS_ENABLE(hadc) == RESET)                                   &&
 80008e6:	681b      	ldr	r3, [r3, #0]
 80008e8:	f013 0f01 	tst.w	r3, #1
 80008ec:	d1a6      	bne.n	800083c <HAL_ADC_Init+0x144>
 80008ee:	e798      	b.n	8000822 <HAL_ADC_Init+0x12a>
         (ADC_IS_ENABLE(&tmphadcSharingSameCommonRegister) == RESET)   )   )
 80008f0:	681b      	ldr	r3, [r3, #0]
 80008f2:	f013 0f01 	tst.w	r3, #1
 80008f6:	d1a1      	bne.n	800083c <HAL_ADC_Init+0x144>
 80008f8:	e79a      	b.n	8000830 <HAL_ADC_Init+0x138>
      if (hadc->Init.ContinuousConvMode == DISABLE)
 80008fa:	b932      	cbnz	r2, 800090a <HAL_ADC_Init+0x212>
        SET_BIT(tmpCFGR, ADC_CFGR_DISCEN                                            |
 80008fc:	6a62      	ldr	r2, [r4, #36]	@ 0x24
 80008fe:	3a01      	subs	r2, #1
 8000900:	ea43 4242 	orr.w	r2, r3, r2, lsl #17
 8000904:	f442 3380 	orr.w	r3, r2, #65536	@ 0x10000
 8000908:	e7a8      	b.n	800085c <HAL_ADC_Init+0x164>
        ADC_STATE_CLR_SET(hadc->State,
 800090a:	6c22      	ldr	r2, [r4, #64]	@ 0x40
 800090c:	f022 0222 	bic.w	r2, r2, #34	@ 0x22
 8000910:	f042 0220 	orr.w	r2, r2, #32
 8000914:	6422      	str	r2, [r4, #64]	@ 0x40
        SET_BIT(hadc->ErrorCode, HAL_ADC_ERROR_INTERNAL);
 8000916:	6c62      	ldr	r2, [r4, #68]	@ 0x44
 8000918:	f042 0201 	orr.w	r2, r2, #1
 800091c:	6462      	str	r2, [r4, #68]	@ 0x44
 800091e:	e79d      	b.n	800085c <HAL_ADC_Init+0x164>
      SET_BIT(tmpCFGR, ADC_CFGR_EXTSEL_SET(hadc, hadc->Init.ExternalTrigConv) |
 8000920:	f5b2 7f30 	cmp.w	r2, #704	@ 0x2c0
 8000924:	d011      	beq.n	800094a <HAL_ADC_Init+0x252>
 8000926:	f5b2 7f80 	cmp.w	r2, #256	@ 0x100
 800092a:	d011      	beq.n	8000950 <HAL_ADC_Init+0x258>
 800092c:	f5b2 7fe0 	cmp.w	r2, #448	@ 0x1c0
 8000930:	d011      	beq.n	8000956 <HAL_ADC_Init+0x25e>
 8000932:	f5b2 5f8a 	cmp.w	r2, #4416	@ 0x1140
 8000936:	d011      	beq.n	800095c <HAL_ADC_Init+0x264>
 8000938:	f5b2 5f84 	cmp.w	r2, #4224	@ 0x1080
 800093c:	d011      	beq.n	8000962 <HAL_ADC_Init+0x26a>
 800093e:	f5b2 5f86 	cmp.w	r2, #4288	@ 0x10c0
 8000942:	d198      	bne.n	8000876 <HAL_ADC_Init+0x17e>
 8000944:	f44f 72c0 	mov.w	r2, #384	@ 0x180
 8000948:	e795      	b.n	8000876 <HAL_ADC_Init+0x17e>
 800094a:	f44f 72e0 	mov.w	r2, #448	@ 0x1c0
 800094e:	e792      	b.n	8000876 <HAL_ADC_Init+0x17e>
 8000950:	f44f 7230 	mov.w	r2, #704	@ 0x2c0
 8000954:	e78f      	b.n	8000876 <HAL_ADC_Init+0x17e>
 8000956:	f44f 7280 	mov.w	r2, #256	@ 0x100
 800095a:	e78c      	b.n	8000876 <HAL_ADC_Init+0x17e>
 800095c:	f44f 7270 	mov.w	r2, #960	@ 0x3c0
 8000960:	e789      	b.n	8000876 <HAL_ADC_Init+0x17e>
 8000962:	f44f 72a0 	mov.w	r2, #320	@ 0x140
 8000966:	e786      	b.n	8000876 <HAL_ADC_Init+0x17e>
      MODIFY_REG(hadc->Instance->SQR1                     ,
 8000968:	6821      	ldr	r1, [r4, #0]
 800096a:	6b0b      	ldr	r3, [r1, #48]	@ 0x30
 800096c:	f023 030f 	bic.w	r3, r3, #15
 8000970:	69e2      	ldr	r2, [r4, #28]
 8000972:	3a01      	subs	r2, #1
 8000974:	4313      	orrs	r3, r2
 8000976:	630b      	str	r3, [r1, #48]	@ 0x30
 8000978:	e7a0      	b.n	80008bc <HAL_ADC_Init+0x1c4>
    ADC_STATE_CLR_SET(hadc->State,
 800097a:	6c23      	ldr	r3, [r4, #64]	@ 0x40
 800097c:	f023 0312 	bic.w	r3, r3, #18
 8000980:	f043 0310 	orr.w	r3, r3, #16
 8000984:	6423      	str	r3, [r4, #64]	@ 0x40
    tmp_hal_status = HAL_ERROR; 
 8000986:	2001      	movs	r0, #1
}
 8000988:	b017      	add	sp, #92	@ 0x5c
 800098a:	bd30      	pop	{r4, r5, pc}
    return HAL_ERROR;
 800098c:	2001      	movs	r0, #1
 800098e:	e7fb      	b.n	8000988 <HAL_ADC_Init+0x290>
 8000990:	20000008 	.word	0x20000008
 8000994:	431bde83 	.word	0x431bde83
 8000998:	50000100 	.word	0x50000100
 800099c:	50000700 	.word	0x50000700
 80009a0:	50000400 	.word	0x50000400
 80009a4:	50000500 	.word	0x50000500
 80009a8:	50000300 	.word	0x50000300
 80009ac:	fff0c007 	.word	0xfff0c007

080009b0 <HAL_ADC_ConfigChannel>:
{
 80009b0:	b430      	push	{r4, r5}
 80009b2:	b096      	sub	sp, #88	@ 0x58
  __IO uint32_t wait_loop_index = 0U;
 80009b4:	2200      	movs	r2, #0
 80009b6:	9201      	str	r2, [sp, #4]
  __HAL_LOCK(hadc);
 80009b8:	f890 203c 	ldrb.w	r2, [r0, #60]	@ 0x3c
 80009bc:	2a01      	cmp	r2, #1
 80009be:	f000 81bb 	beq.w	8000d38 <HAL_ADC_ConfigChannel+0x388>
 80009c2:	4603      	mov	r3, r0
 80009c4:	2201      	movs	r2, #1
 80009c6:	f880 203c 	strb.w	r2, [r0, #60]	@ 0x3c
  if (ADC_IS_CONVERSION_ONGOING_REGULAR(hadc) == RESET)
 80009ca:	6800      	ldr	r0, [r0, #0]
 80009cc:	6882      	ldr	r2, [r0, #8]
 80009ce:	f012 0f04 	tst.w	r2, #4
 80009d2:	f040 81a6 	bne.w	8000d22 <HAL_ADC_ConfigChannel+0x372>
    if (sConfig->Rank < 5U)
 80009d6:	684a      	ldr	r2, [r1, #4]
 80009d8:	2a04      	cmp	r2, #4
 80009da:	d835      	bhi.n	8000a48 <HAL_ADC_ConfigChannel+0x98>
      MODIFY_REG(hadc->Instance->SQR1,
 80009dc:	6b04      	ldr	r4, [r0, #48]	@ 0x30
 80009de:	eb02 0242 	add.w	r2, r2, r2, lsl #1
 80009e2:	0052      	lsls	r2, r2, #1
 80009e4:	f04f 0c1f 	mov.w	ip, #31
 80009e8:	fa0c fc02 	lsl.w	ip, ip, r2
 80009ec:	ea24 0c0c 	bic.w	ip, r4, ip
 80009f0:	680c      	ldr	r4, [r1, #0]
 80009f2:	4094      	lsls	r4, r2
 80009f4:	ea4c 0404 	orr.w	r4, ip, r4
 80009f8:	6304      	str	r4, [r0, #48]	@ 0x30
  if (ADC_IS_CONVERSION_ONGOING_REGULAR_INJECTED(hadc) == RESET)
 80009fa:	6818      	ldr	r0, [r3, #0]
 80009fc:	6882      	ldr	r2, [r0, #8]
 80009fe:	f012 0f0c 	tst.w	r2, #12
 8000a02:	d16b      	bne.n	8000adc <HAL_ADC_ConfigChannel+0x12c>
    if (sConfig->Channel >= ADC_CHANNEL_10)
 8000a04:	680a      	ldr	r2, [r1, #0]
 8000a06:	2a09      	cmp	r2, #9
 8000a08:	d94f      	bls.n	8000aaa <HAL_ADC_ConfigChannel+0xfa>
      MODIFY_REG(hadc->Instance->SMPR2                             ,
 8000a0a:	6984      	ldr	r4, [r0, #24]
 8000a0c:	eb02 0242 	add.w	r2, r2, r2, lsl #1
 8000a10:	3a1e      	subs	r2, #30
 8000a12:	f04f 0c07 	mov.w	ip, #7
 8000a16:	fa0c fc02 	lsl.w	ip, ip, r2
 8000a1a:	ea24 040c 	bic.w	r4, r4, ip
 8000a1e:	688d      	ldr	r5, [r1, #8]
 8000a20:	fa05 f202 	lsl.w	r2, r5, r2
 8000a24:	4322      	orrs	r2, r4
 8000a26:	6182      	str	r2, [r0, #24]
    tmpOffsetShifted = ADC_OFFSET_SHIFT_RESOLUTION(hadc, sConfig->Offset);
 8000a28:	6948      	ldr	r0, [r1, #20]
 8000a2a:	681c      	ldr	r4, [r3, #0]
 8000a2c:	68e2      	ldr	r2, [r4, #12]
 8000a2e:	f3c2 02c1 	ubfx	r2, r2, #3, #2
 8000a32:	0052      	lsls	r2, r2, #1
 8000a34:	4090      	lsls	r0, r2
    switch (sConfig->OffsetNumber)
 8000a36:	690a      	ldr	r2, [r1, #16]
 8000a38:	3a01      	subs	r2, #1
 8000a3a:	2a03      	cmp	r2, #3
 8000a3c:	f200 8097 	bhi.w	8000b6e <HAL_ADC_ConfigChannel+0x1be>
 8000a40:	e8df f002 	tbb	[pc, r2]
 8000a44:	8a7f7442 	.word	0x8a7f7442
    else if (sConfig->Rank < 10U)
 8000a48:	2a09      	cmp	r2, #9
 8000a4a:	d810      	bhi.n	8000a6e <HAL_ADC_ConfigChannel+0xbe>
      MODIFY_REG(hadc->Instance->SQR2,
 8000a4c:	6b44      	ldr	r4, [r0, #52]	@ 0x34
 8000a4e:	eb02 0242 	add.w	r2, r2, r2, lsl #1
 8000a52:	0052      	lsls	r2, r2, #1
 8000a54:	3a1e      	subs	r2, #30
 8000a56:	f04f 0c1f 	mov.w	ip, #31
 8000a5a:	fa0c fc02 	lsl.w	ip, ip, r2
 8000a5e:	ea24 040c 	bic.w	r4, r4, ip
 8000a62:	680d      	ldr	r5, [r1, #0]
 8000a64:	fa05 f202 	lsl.w	r2, r5, r2
 8000a68:	4322      	orrs	r2, r4
 8000a6a:	6342      	str	r2, [r0, #52]	@ 0x34
 8000a6c:	e7c5      	b.n	80009fa <HAL_ADC_ConfigChannel+0x4a>
    else if (sConfig->Rank < 15U)
 8000a6e:	2a0e      	cmp	r2, #14
 8000a70:	d80d      	bhi.n	8000a8e <HAL_ADC_ConfigChannel+0xde>
      MODIFY_REG(hadc->Instance->SQR3                        ,
 8000a72:	6b84      	ldr	r4, [r0, #56]	@ 0x38
 8000a74:	eb02 0242 	add.w	r2, r2, r2, lsl #1
 8000a78:	0052      	lsls	r2, r2, #1
 8000a7a:	3a3c      	subs	r2, #60	@ 0x3c
 8000a7c:	251f      	movs	r5, #31
 8000a7e:	4095      	lsls	r5, r2
 8000a80:	ea24 0405 	bic.w	r4, r4, r5
 8000a84:	680d      	ldr	r5, [r1, #0]
 8000a86:	4095      	lsls	r5, r2
 8000a88:	432c      	orrs	r4, r5
 8000a8a:	6384      	str	r4, [r0, #56]	@ 0x38
 8000a8c:	e7b5      	b.n	80009fa <HAL_ADC_ConfigChannel+0x4a>
      MODIFY_REG(hadc->Instance->SQR4                        ,
 8000a8e:	6bc4      	ldr	r4, [r0, #60]	@ 0x3c
 8000a90:	eb02 0242 	add.w	r2, r2, r2, lsl #1
 8000a94:	0052      	lsls	r2, r2, #1
 8000a96:	3a5a      	subs	r2, #90	@ 0x5a
 8000a98:	251f      	movs	r5, #31
 8000a9a:	4095      	lsls	r5, r2
 8000a9c:	ea24 0405 	bic.w	r4, r4, r5
 8000aa0:	680d      	ldr	r5, [r1, #0]
 8000aa2:	4095      	lsls	r5, r2
 8000aa4:	432c      	orrs	r4, r5
 8000aa6:	63c4      	str	r4, [r0, #60]	@ 0x3c
 8000aa8:	e7a7      	b.n	80009fa <HAL_ADC_ConfigChannel+0x4a>
      MODIFY_REG(hadc->Instance->SMPR1                             ,
 8000aaa:	6944      	ldr	r4, [r0, #20]
 8000aac:	eb02 0242 	add.w	r2, r2, r2, lsl #1
 8000ab0:	f04f 0c07 	mov.w	ip, #7
 8000ab4:	fa0c fc02 	lsl.w	ip, ip, r2
 8000ab8:	ea24 040c 	bic.w	r4, r4, ip
 8000abc:	688d      	ldr	r5, [r1, #8]
 8000abe:	fa05 f202 	lsl.w	r2, r5, r2
 8000ac2:	4322      	orrs	r2, r4
 8000ac4:	6142      	str	r2, [r0, #20]
 8000ac6:	e7af      	b.n	8000a28 <HAL_ADC_ConfigChannel+0x78>
      MODIFY_REG(hadc->Instance->OFR1               ,
 8000ac8:	6e25      	ldr	r5, [r4, #96]	@ 0x60
 8000aca:	4a9c      	ldr	r2, [pc, #624]	@ (8000d3c <HAL_ADC_ConfigChannel+0x38c>)
 8000acc:	402a      	ands	r2, r5
 8000ace:	680d      	ldr	r5, [r1, #0]
 8000ad0:	ea40 6585 	orr.w	r5, r0, r5, lsl #26
 8000ad4:	432a      	orrs	r2, r5
 8000ad6:	f042 4200 	orr.w	r2, r2, #2147483648	@ 0x80000000
 8000ada:	6622      	str	r2, [r4, #96]	@ 0x60
  if (ADC_IS_ENABLE(hadc) == RESET)
 8000adc:	6818      	ldr	r0, [r3, #0]
 8000ade:	6882      	ldr	r2, [r0, #8]
 8000ae0:	f002 0203 	and.w	r2, r2, #3
 8000ae4:	2a01      	cmp	r2, #1
 8000ae6:	d072      	beq.n	8000bce <HAL_ADC_ConfigChannel+0x21e>
    if (sConfig->SingleDiff != ADC_DIFFERENTIAL_ENDED)
 8000ae8:	68ca      	ldr	r2, [r1, #12]
 8000aea:	2a01      	cmp	r2, #1
 8000aec:	d075      	beq.n	8000bda <HAL_ADC_ConfigChannel+0x22a>
      CLEAR_BIT(hadc->Instance->DIFSEL, ADC_DIFSEL_CHANNEL(sConfig->Channel));
 8000aee:	f8d0 20b0 	ldr.w	r2, [r0, #176]	@ 0xb0
 8000af2:	2401      	movs	r4, #1
 8000af4:	680d      	ldr	r5, [r1, #0]
 8000af6:	40ac      	lsls	r4, r5
 8000af8:	ea22 0204 	bic.w	r2, r2, r4
 8000afc:	f8c0 20b0 	str.w	r2, [r0, #176]	@ 0xb0
    tmpADC_Common = ADC_COMMON_REGISTER(hadc);
 8000b00:	681a      	ldr	r2, [r3, #0]
 8000b02:	f1b2 4fa0 	cmp.w	r2, #1342177280	@ 0x50000000
 8000b06:	f000 8091 	beq.w	8000c2c <HAL_ADC_ConfigChannel+0x27c>
 8000b0a:	488d      	ldr	r0, [pc, #564]	@ (8000d40 <HAL_ADC_ConfigChannel+0x390>)
 8000b0c:	4282      	cmp	r2, r0
 8000b0e:	f000 808b 	beq.w	8000c28 <HAL_ADC_ConfigChannel+0x278>
 8000b12:	4c8c      	ldr	r4, [pc, #560]	@ (8000d44 <HAL_ADC_ConfigChannel+0x394>)
    if (( (sConfig->Channel == ADC_CHANNEL_TEMPSENSOR) &&
 8000b14:	6809      	ldr	r1, [r1, #0]
 8000b16:	2910      	cmp	r1, #16
 8000b18:	f000 808a 	beq.w	8000c30 <HAL_ADC_ConfigChannel+0x280>
          (HAL_IS_BIT_CLR(tmpADC_Common->CCR, ADC_CCR_TSEN))            ) ||
 8000b1c:	2911      	cmp	r1, #17
 8000b1e:	f000 809b 	beq.w	8000c58 <HAL_ADC_ConfigChannel+0x2a8>
          (HAL_IS_BIT_CLR(tmpADC_Common->CCR, ADC_CCR_VBATEN))          ) ||
 8000b22:	2912      	cmp	r1, #18
 8000b24:	f000 809d 	beq.w	8000c62 <HAL_ADC_ConfigChannel+0x2b2>
  HAL_StatusTypeDef tmp_hal_status = HAL_OK;
 8000b28:	2000      	movs	r0, #0
 8000b2a:	e0ff      	b.n	8000d2c <HAL_ADC_ConfigChannel+0x37c>
      MODIFY_REG(hadc->Instance->OFR2               ,
 8000b2c:	6e65      	ldr	r5, [r4, #100]	@ 0x64
 8000b2e:	4a83      	ldr	r2, [pc, #524]	@ (8000d3c <HAL_ADC_ConfigChannel+0x38c>)
 8000b30:	402a      	ands	r2, r5
 8000b32:	680d      	ldr	r5, [r1, #0]
 8000b34:	ea40 6585 	orr.w	r5, r0, r5, lsl #26
 8000b38:	432a      	orrs	r2, r5
 8000b3a:	f042 4200 	orr.w	r2, r2, #2147483648	@ 0x80000000
 8000b3e:	6662      	str	r2, [r4, #100]	@ 0x64
      break;
 8000b40:	e7cc      	b.n	8000adc <HAL_ADC_ConfigChannel+0x12c>
      MODIFY_REG(hadc->Instance->OFR3               ,
 8000b42:	6ea5      	ldr	r5, [r4, #104]	@ 0x68
 8000b44:	4a7d      	ldr	r2, [pc, #500]	@ (8000d3c <HAL_ADC_ConfigChannel+0x38c>)
 8000b46:	402a      	ands	r2, r5
 8000b48:	680d      	ldr	r5, [r1, #0]
 8000b4a:	ea40 6585 	orr.w	r5, r0, r5, lsl #26
 8000b4e:	432a      	orrs	r2, r5
 8000b50:	f042 4200 	orr.w	r2, r2, #2147483648	@ 0x80000000
 8000b54:	66a2      	str	r2, [r4, #104]	@ 0x68
      break;
 8000b56:	e7c1      	b.n	8000adc <HAL_ADC_ConfigChannel+0x12c>
      MODIFY_REG(hadc->Instance->OFR4               ,
 8000b58:	6ee2      	ldr	r2, [r4, #108]	@ 0x6c
 8000b5a:	4d78      	ldr	r5, [pc, #480]	@ (8000d3c <HAL_ADC_ConfigChannel+0x38c>)
 8000b5c:	4015      	ands	r5, r2
 8000b5e:	680a      	ldr	r2, [r1, #0]
 8000b60:	ea40 6282 	orr.w	r2, r0, r2, lsl #26
 8000b64:	4315      	orrs	r5, r2
 8000b66:	f045 4500 	orr.w	r5, r5, #2147483648	@ 0x80000000
 8000b6a:	66e5      	str	r5, [r4, #108]	@ 0x6c
      break;
 8000b6c:	e7b6      	b.n	8000adc <HAL_ADC_ConfigChannel+0x12c>
      if (((hadc->Instance->OFR1) & ADC_OFR1_OFFSET1_CH) == ADC_OFR_CHANNEL(sConfig->Channel))
 8000b6e:	6e22      	ldr	r2, [r4, #96]	@ 0x60
 8000b70:	f002 42f8 	and.w	r2, r2, #2080374784	@ 0x7c000000
 8000b74:	6808      	ldr	r0, [r1, #0]
 8000b76:	ebb2 6f80 	cmp.w	r2, r0, lsl #26
 8000b7a:	d103      	bne.n	8000b84 <HAL_ADC_ConfigChannel+0x1d4>
        CLEAR_BIT(hadc->Instance->OFR1, ADC_OFR1_OFFSET1_EN);
 8000b7c:	6e22      	ldr	r2, [r4, #96]	@ 0x60
 8000b7e:	f022 4200 	bic.w	r2, r2, #2147483648	@ 0x80000000
 8000b82:	6622      	str	r2, [r4, #96]	@ 0x60
      if (((hadc->Instance->OFR2) & ADC_OFR2_OFFSET2_CH) == ADC_OFR_CHANNEL(sConfig->Channel))
 8000b84:	681a      	ldr	r2, [r3, #0]
 8000b86:	6e50      	ldr	r0, [r2, #100]	@ 0x64
 8000b88:	f000 40f8 	and.w	r0, r0, #2080374784	@ 0x7c000000
 8000b8c:	680c      	ldr	r4, [r1, #0]
 8000b8e:	ebb0 6f84 	cmp.w	r0, r4, lsl #26
 8000b92:	d103      	bne.n	8000b9c <HAL_ADC_ConfigChannel+0x1ec>
        CLEAR_BIT(hadc->Instance->OFR2, ADC_OFR2_OFFSET2_EN); 
 8000b94:	6e50      	ldr	r0, [r2, #100]	@ 0x64
 8000b96:	f020 4000 	bic.w	r0, r0, #2147483648	@ 0x80000000
 8000b9a:	6650      	str	r0, [r2, #100]	@ 0x64
      if (((hadc->Instance->OFR3) & ADC_OFR3_OFFSET3_CH) == ADC_OFR_CHANNEL(sConfig->Channel))
 8000b9c:	681a      	ldr	r2, [r3, #0]
 8000b9e:	6e90      	ldr	r0, [r2, #104]	@ 0x68
 8000ba0:	f000 40f8 	and.w	r0, r0, #2080374784	@ 0x7c000000
 8000ba4:	680c      	ldr	r4, [r1, #0]
 8000ba6:	ebb0 6f84 	cmp.w	r0, r4, lsl #26
 8000baa:	d103      	bne.n	8000bb4 <HAL_ADC_ConfigChannel+0x204>
        CLEAR_BIT(hadc->Instance->OFR3, ADC_OFR3_OFFSET3_EN);
 8000bac:	6e90      	ldr	r0, [r2, #104]	@ 0x68
 8000bae:	f020 4000 	bic.w	r0, r0, #2147483648	@ 0x80000000
 8000bb2:	6690      	str	r0, [r2, #104]	@ 0x68
      if (((hadc->Instance->OFR4) & ADC_OFR4_OFFSET4_CH) == ADC_OFR_CHANNEL(sConfig->Channel))
 8000bb4:	681a      	ldr	r2, [r3, #0]
 8000bb6:	6ed0      	ldr	r0, [r2, #108]	@ 0x6c
 8000bb8:	f000 40f8 	and.w	r0, r0, #2080374784	@ 0x7c000000
 8000bbc:	680c      	ldr	r4, [r1, #0]
 8000bbe:	ebb0 6f84 	cmp.w	r0, r4, lsl #26
 8000bc2:	d18b      	bne.n	8000adc <HAL_ADC_ConfigChannel+0x12c>
        CLEAR_BIT(hadc->Instance->OFR4, ADC_OFR4_OFFSET4_EN);
 8000bc4:	6ed0      	ldr	r0, [r2, #108]	@ 0x6c
 8000bc6:	f020 4000 	bic.w	r0, r0, #2147483648	@ 0x80000000
 8000bca:	66d0      	str	r0, [r2, #108]	@ 0x6c
 8000bcc:	e786      	b.n	8000adc <HAL_ADC_ConfigChannel+0x12c>
  if (ADC_IS_ENABLE(hadc) == RESET)
 8000bce:	6802      	ldr	r2, [r0, #0]
 8000bd0:	f012 0f01 	tst.w	r2, #1
 8000bd4:	d088      	beq.n	8000ae8 <HAL_ADC_ConfigChannel+0x138>
  HAL_StatusTypeDef tmp_hal_status = HAL_OK;
 8000bd6:	2000      	movs	r0, #0
 8000bd8:	e0a8      	b.n	8000d2c <HAL_ADC_ConfigChannel+0x37c>
      SET_BIT(hadc->Instance->DIFSEL, ADC_DIFSEL_CHANNEL(sConfig->Channel));
 8000bda:	f8d0 20b0 	ldr.w	r2, [r0, #176]	@ 0xb0
 8000bde:	680d      	ldr	r5, [r1, #0]
 8000be0:	2401      	movs	r4, #1
 8000be2:	40ac      	lsls	r4, r5
 8000be4:	4322      	orrs	r2, r4
 8000be6:	f8c0 20b0 	str.w	r2, [r0, #176]	@ 0xb0
      if (sConfig->Channel >= ADC_CHANNEL_10)
 8000bea:	680a      	ldr	r2, [r1, #0]
 8000bec:	2a09      	cmp	r2, #9
 8000bee:	d90d      	bls.n	8000c0c <HAL_ADC_ConfigChannel+0x25c>
        MODIFY_REG(hadc->Instance->SMPR2,
 8000bf0:	681d      	ldr	r5, [r3, #0]
 8000bf2:	69a8      	ldr	r0, [r5, #24]
 8000bf4:	eb02 0242 	add.w	r2, r2, r2, lsl #1
 8000bf8:	3a1b      	subs	r2, #27
 8000bfa:	2407      	movs	r4, #7
 8000bfc:	4094      	lsls	r4, r2
 8000bfe:	ea20 0004 	bic.w	r0, r0, r4
 8000c02:	688c      	ldr	r4, [r1, #8]
 8000c04:	4094      	lsls	r4, r2
 8000c06:	4320      	orrs	r0, r4
 8000c08:	61a8      	str	r0, [r5, #24]
 8000c0a:	e779      	b.n	8000b00 <HAL_ADC_ConfigChannel+0x150>
        MODIFY_REG(hadc->Instance->SMPR1,
 8000c0c:	681d      	ldr	r5, [r3, #0]
 8000c0e:	6968      	ldr	r0, [r5, #20]
 8000c10:	3201      	adds	r2, #1
 8000c12:	eb02 0242 	add.w	r2, r2, r2, lsl #1
 8000c16:	2407      	movs	r4, #7
 8000c18:	4094      	lsls	r4, r2
 8000c1a:	ea20 0004 	bic.w	r0, r0, r4
 8000c1e:	688c      	ldr	r4, [r1, #8]
 8000c20:	4094      	lsls	r4, r2
 8000c22:	4320      	orrs	r0, r4
 8000c24:	6168      	str	r0, [r5, #20]
 8000c26:	e76b      	b.n	8000b00 <HAL_ADC_ConfigChannel+0x150>
    tmpADC_Common = ADC_COMMON_REGISTER(hadc);
 8000c28:	4c47      	ldr	r4, [pc, #284]	@ (8000d48 <HAL_ADC_ConfigChannel+0x398>)
 8000c2a:	e773      	b.n	8000b14 <HAL_ADC_ConfigChannel+0x164>
 8000c2c:	4c46      	ldr	r4, [pc, #280]	@ (8000d48 <HAL_ADC_ConfigChannel+0x398>)
 8000c2e:	e771      	b.n	8000b14 <HAL_ADC_ConfigChannel+0x164>
          (HAL_IS_BIT_CLR(tmpADC_Common->CCR, ADC_CCR_TSEN))            ) ||
 8000c30:	68a0      	ldr	r0, [r4, #8]
    if (( (sConfig->Channel == ADC_CHANNEL_TEMPSENSOR) &&
 8000c32:	f410 0f00 	tst.w	r0, #8388608	@ 0x800000
 8000c36:	f47f af71 	bne.w	8000b1c <HAL_ADC_ConfigChannel+0x16c>
      ADC_COMMON_ADC_OTHER(hadc, &tmphadcSharingSameCommonRegister);
 8000c3a:	f1b2 4fa0 	cmp.w	r2, #1342177280	@ 0x50000000
 8000c3e:	d016      	beq.n	8000c6e <HAL_ADC_ConfigChannel+0x2be>
 8000c40:	483f      	ldr	r0, [pc, #252]	@ (8000d40 <HAL_ADC_ConfigChannel+0x390>)
 8000c42:	4282      	cmp	r2, r0
 8000c44:	d029      	beq.n	8000c9a <HAL_ADC_ConfigChannel+0x2ea>
 8000c46:	4841      	ldr	r0, [pc, #260]	@ (8000d4c <HAL_ADC_ConfigChannel+0x39c>)
 8000c48:	4282      	cmp	r2, r0
 8000c4a:	d02a      	beq.n	8000ca2 <HAL_ADC_ConfigChannel+0x2f2>
 8000c4c:	4840      	ldr	r0, [pc, #256]	@ (8000d50 <HAL_ADC_ConfigChannel+0x3a0>)
 8000c4e:	4282      	cmp	r2, r0
 8000c50:	d02b      	beq.n	8000caa <HAL_ADC_ConfigChannel+0x2fa>
 8000c52:	2000      	movs	r0, #0
 8000c54:	9002      	str	r0, [sp, #8]
 8000c56:	e00c      	b.n	8000c72 <HAL_ADC_ConfigChannel+0x2c2>
          (HAL_IS_BIT_CLR(tmpADC_Common->CCR, ADC_CCR_VBATEN))          ) ||
 8000c58:	68a0      	ldr	r0, [r4, #8]
        ( (sConfig->Channel == ADC_CHANNEL_VBAT)       &&
 8000c5a:	f010 7f80 	tst.w	r0, #16777216	@ 0x1000000
 8000c5e:	d0ec      	beq.n	8000c3a <HAL_ADC_ConfigChannel+0x28a>
 8000c60:	e75f      	b.n	8000b22 <HAL_ADC_ConfigChannel+0x172>
          (HAL_IS_BIT_CLR(tmpADC_Common->CCR, ADC_CCR_VREFEN)))
 8000c62:	68a0      	ldr	r0, [r4, #8]
        ( (sConfig->Channel == ADC_CHANNEL_VREFINT)    &&
 8000c64:	f410 0f80 	tst.w	r0, #4194304	@ 0x400000
 8000c68:	d0e7      	beq.n	8000c3a <HAL_ADC_ConfigChannel+0x28a>
  HAL_StatusTypeDef tmp_hal_status = HAL_OK;
 8000c6a:	2000      	movs	r0, #0
 8000c6c:	e05e      	b.n	8000d2c <HAL_ADC_ConfigChannel+0x37c>
      ADC_COMMON_ADC_OTHER(hadc, &tmphadcSharingSameCommonRegister);
 8000c6e:	4834      	ldr	r0, [pc, #208]	@ (8000d40 <HAL_ADC_ConfigChannel+0x390>)
 8000c70:	9002      	str	r0, [sp, #8]
      if ((ADC_IS_ENABLE(hadc) == RESET)                                    &&
 8000c72:	6890      	ldr	r0, [r2, #8]
 8000c74:	f000 0003 	and.w	r0, r0, #3
 8000c78:	2801      	cmp	r0, #1
 8000c7a:	d01a      	beq.n	8000cb2 <HAL_ADC_ConfigChannel+0x302>
          ( (tmphadcSharingSameCommonRegister.Instance == NULL)         ||
 8000c7c:	9802      	ldr	r0, [sp, #8]
      if ((ADC_IS_ENABLE(hadc) == RESET)                                    &&
 8000c7e:	b120      	cbz	r0, 8000c8a <HAL_ADC_ConfigChannel+0x2da>
            (ADC_IS_ENABLE(&tmphadcSharingSameCommonRegister) == RESET)   )   )
 8000c80:	6885      	ldr	r5, [r0, #8]
 8000c82:	f005 0503 	and.w	r5, r5, #3
 8000c86:	2d01      	cmp	r5, #1
 8000c88:	d01d      	beq.n	8000cc6 <HAL_ADC_ConfigChannel+0x316>
        if ((sConfig->Channel == ADC_CHANNEL_TEMPSENSOR) && (hadc->Instance == ADC1))
 8000c8a:	2910      	cmp	r1, #16
 8000c8c:	d020      	beq.n	8000cd0 <HAL_ADC_ConfigChannel+0x320>
        else if ((sConfig->Channel == ADC_CHANNEL_VBAT) && (hadc->Instance == ADC1))
 8000c8e:	2911      	cmp	r1, #17
 8000c90:	d038      	beq.n	8000d04 <HAL_ADC_ConfigChannel+0x354>
        else if (sConfig->Channel == ADC_CHANNEL_VREFINT)
 8000c92:	2912      	cmp	r1, #18
 8000c94:	d03f      	beq.n	8000d16 <HAL_ADC_ConfigChannel+0x366>
  HAL_StatusTypeDef tmp_hal_status = HAL_OK;
 8000c96:	2000      	movs	r0, #0
 8000c98:	e048      	b.n	8000d2c <HAL_ADC_ConfigChannel+0x37c>
      ADC_COMMON_ADC_OTHER(hadc, &tmphadcSharingSameCommonRegister);
 8000c9a:	f04f 40a0 	mov.w	r0, #1342177280	@ 0x50000000
 8000c9e:	9002      	str	r0, [sp, #8]
 8000ca0:	e7e7      	b.n	8000c72 <HAL_ADC_ConfigChannel+0x2c2>
 8000ca2:	f500 7080 	add.w	r0, r0, #256	@ 0x100
 8000ca6:	9002      	str	r0, [sp, #8]
 8000ca8:	e7e3      	b.n	8000c72 <HAL_ADC_ConfigChannel+0x2c2>
 8000caa:	f5a0 7080 	sub.w	r0, r0, #256	@ 0x100
 8000cae:	9002      	str	r0, [sp, #8]
 8000cb0:	e7df      	b.n	8000c72 <HAL_ADC_ConfigChannel+0x2c2>
      if ((ADC_IS_ENABLE(hadc) == RESET)                                    &&
 8000cb2:	6810      	ldr	r0, [r2, #0]
 8000cb4:	f010 0f01 	tst.w	r0, #1
 8000cb8:	d0e0      	beq.n	8000c7c <HAL_ADC_ConfigChannel+0x2cc>
        SET_BIT(hadc->State, HAL_ADC_STATE_ERROR_CONFIG);
 8000cba:	6c1a      	ldr	r2, [r3, #64]	@ 0x40
 8000cbc:	f042 0220 	orr.w	r2, r2, #32
 8000cc0:	641a      	str	r2, [r3, #64]	@ 0x40
        tmp_hal_status = HAL_ERROR;
 8000cc2:	2001      	movs	r0, #1
 8000cc4:	e032      	b.n	8000d2c <HAL_ADC_ConfigChannel+0x37c>
            (ADC_IS_ENABLE(&tmphadcSharingSameCommonRegister) == RESET)   )   )
 8000cc6:	6800      	ldr	r0, [r0, #0]
 8000cc8:	f010 0f01 	tst.w	r0, #1
 8000ccc:	d1f5      	bne.n	8000cba <HAL_ADC_ConfigChannel+0x30a>
 8000cce:	e7dc      	b.n	8000c8a <HAL_ADC_ConfigChannel+0x2da>
        if ((sConfig->Channel == ADC_CHANNEL_TEMPSENSOR) && (hadc->Instance == ADC1))
 8000cd0:	f1b2 4fa0 	cmp.w	r2, #1342177280	@ 0x50000000
 8000cd4:	d1db      	bne.n	8000c8e <HAL_ADC_ConfigChannel+0x2de>
          SET_BIT(tmpADC_Common->CCR, ADC_CCR_TSEN);
 8000cd6:	68a2      	ldr	r2, [r4, #8]
 8000cd8:	f442 0200 	orr.w	r2, r2, #8388608	@ 0x800000
 8000cdc:	60a2      	str	r2, [r4, #8]
          wait_loop_index = (ADC_TEMPSENSOR_DELAY_US * (SystemCoreClock / 1000000U));
 8000cde:	4a1d      	ldr	r2, [pc, #116]	@ (8000d54 <HAL_ADC_ConfigChannel+0x3a4>)
 8000ce0:	6812      	ldr	r2, [r2, #0]
 8000ce2:	491d      	ldr	r1, [pc, #116]	@ (8000d58 <HAL_ADC_ConfigChannel+0x3a8>)
 8000ce4:	fba1 1202 	umull	r1, r2, r1, r2
 8000ce8:	0c92      	lsrs	r2, r2, #18
 8000cea:	eb02 0282 	add.w	r2, r2, r2, lsl #2
 8000cee:	0052      	lsls	r2, r2, #1
 8000cf0:	9201      	str	r2, [sp, #4]
          while(wait_loop_index != 0U)
 8000cf2:	e002      	b.n	8000cfa <HAL_ADC_ConfigChannel+0x34a>
            wait_loop_index--;
 8000cf4:	9a01      	ldr	r2, [sp, #4]
 8000cf6:	3a01      	subs	r2, #1
 8000cf8:	9201      	str	r2, [sp, #4]
          while(wait_loop_index != 0U)
 8000cfa:	9a01      	ldr	r2, [sp, #4]
 8000cfc:	2a00      	cmp	r2, #0
 8000cfe:	d1f9      	bne.n	8000cf4 <HAL_ADC_ConfigChannel+0x344>
  HAL_StatusTypeDef tmp_hal_status = HAL_OK;
 8000d00:	2000      	movs	r0, #0
 8000d02:	e013      	b.n	8000d2c <HAL_ADC_ConfigChannel+0x37c>
        else if ((sConfig->Channel == ADC_CHANNEL_VBAT) && (hadc->Instance == ADC1))
 8000d04:	f1b2 4fa0 	cmp.w	r2, #1342177280	@ 0x50000000
 8000d08:	d1c3      	bne.n	8000c92 <HAL_ADC_ConfigChannel+0x2e2>
          SET_BIT(tmpADC_Common->CCR, ADC_CCR_VBATEN);
 8000d0a:	68a2      	ldr	r2, [r4, #8]
 8000d0c:	f042 7280 	orr.w	r2, r2, #16777216	@ 0x1000000
 8000d10:	60a2      	str	r2, [r4, #8]
  HAL_StatusTypeDef tmp_hal_status = HAL_OK;
 8000d12:	2000      	movs	r0, #0
          SET_BIT(tmpADC_Common->CCR, ADC_CCR_VBATEN);
 8000d14:	e00a      	b.n	8000d2c <HAL_ADC_ConfigChannel+0x37c>
          SET_BIT(tmpADC_Common->CCR, ADC_CCR_VREFEN);
 8000d16:	68a2      	ldr	r2, [r4, #8]
 8000d18:	f442 0280 	orr.w	r2, r2, #4194304	@ 0x400000
 8000d1c:	60a2      	str	r2, [r4, #8]
  HAL_StatusTypeDef tmp_hal_status = HAL_OK;
 8000d1e:	2000      	movs	r0, #0
 8000d20:	e004      	b.n	8000d2c <HAL_ADC_ConfigChannel+0x37c>
    SET_BIT(hadc->State, HAL_ADC_STATE_ERROR_CONFIG);
 8000d22:	6c1a      	ldr	r2, [r3, #64]	@ 0x40
 8000d24:	f042 0220 	orr.w	r2, r2, #32
 8000d28:	641a      	str	r2, [r3, #64]	@ 0x40
    tmp_hal_status = HAL_ERROR;
 8000d2a:	2001      	movs	r0, #1
  __HAL_UNLOCK(hadc);
 8000d2c:	2200      	movs	r2, #0
 8000d2e:	f883 203c 	strb.w	r2, [r3, #60]	@ 0x3c
}
 8000d32:	b016      	add	sp, #88	@ 0x58
 8000d34:	bc30      	pop	{r4, r5}
 8000d36:	4770      	bx	lr
  __HAL_LOCK(hadc);
 8000d38:	2002      	movs	r0, #2
 8000d3a:	e7fa      	b.n	8000d32 <HAL_ADC_ConfigChannel+0x382>
 8000d3c:	83fff000 	.word	0x83fff000
 8000d40:	50000100 	.word	0x50000100
 8000d44:	50000700 	.word	0x50000700
 8000d48:	50000300 	.word	0x50000300
 8000d4c:	50000400 	.word	0x50000400
 8000d50:	50000500 	.word	0x50000500
 8000d54:	20000008 	.word	0x20000008
 8000d58:	431bde83 	.word	0x431bde83

08000d5c <HAL_ADCEx_MultiModeConfigChannel>:
{
 8000d5c:	b470      	push	{r4, r5, r6}
 8000d5e:	b095      	sub	sp, #84	@ 0x54
 8000d60:	4603      	mov	r3, r0
  ADC_COMMON_ADC_OTHER(hadc, &tmphadcSharingSameCommonRegister);
 8000d62:	6802      	ldr	r2, [r0, #0]
 8000d64:	f1b2 4fa0 	cmp.w	r2, #1342177280	@ 0x50000000
 8000d68:	d00b      	beq.n	8000d82 <HAL_ADCEx_MultiModeConfigChannel+0x26>
 8000d6a:	484e      	ldr	r0, [pc, #312]	@ (8000ea4 <HAL_ADCEx_MultiModeConfigChannel+0x148>)
 8000d6c:	4282      	cmp	r2, r0
 8000d6e:	d04b      	beq.n	8000e08 <HAL_ADCEx_MultiModeConfigChannel+0xac>
 8000d70:	484d      	ldr	r0, [pc, #308]	@ (8000ea8 <HAL_ADCEx_MultiModeConfigChannel+0x14c>)
 8000d72:	4282      	cmp	r2, r0
 8000d74:	d04c      	beq.n	8000e10 <HAL_ADCEx_MultiModeConfigChannel+0xb4>
 8000d76:	484d      	ldr	r0, [pc, #308]	@ (8000eac <HAL_ADCEx_MultiModeConfigChannel+0x150>)
 8000d78:	4282      	cmp	r2, r0
 8000d7a:	d04d      	beq.n	8000e18 <HAL_ADCEx_MultiModeConfigChannel+0xbc>
 8000d7c:	2000      	movs	r0, #0
 8000d7e:	9000      	str	r0, [sp, #0]
 8000d80:	e001      	b.n	8000d86 <HAL_ADCEx_MultiModeConfigChannel+0x2a>
 8000d82:	4848      	ldr	r0, [pc, #288]	@ (8000ea4 <HAL_ADCEx_MultiModeConfigChannel+0x148>)
 8000d84:	9000      	str	r0, [sp, #0]
  if (tmphadcSharingSameCommonRegister.Instance == NULL)
 8000d86:	9800      	ldr	r0, [sp, #0]
 8000d88:	2800      	cmp	r0, #0
 8000d8a:	f000 8087 	beq.w	8000e9c <HAL_ADCEx_MultiModeConfigChannel+0x140>
  __HAL_LOCK(hadc);
 8000d8e:	f893 c03c 	ldrb.w	ip, [r3, #60]	@ 0x3c
 8000d92:	f1bc 0f01 	cmp.w	ip, #1
 8000d96:	f000 8083 	beq.w	8000ea0 <HAL_ADCEx_MultiModeConfigChannel+0x144>
 8000d9a:	2401      	movs	r4, #1
 8000d9c:	f883 403c 	strb.w	r4, [r3, #60]	@ 0x3c
  if ( (ADC_IS_CONVERSION_ONGOING_REGULAR(hadc) == RESET) 
 8000da0:	6894      	ldr	r4, [r2, #8]
 8000da2:	f014 0f04 	tst.w	r4, #4
 8000da6:	d16e      	bne.n	8000e86 <HAL_ADCEx_MultiModeConfigChannel+0x12a>
    && (ADC_IS_CONVERSION_ONGOING_REGULAR(&tmphadcSharingSameCommonRegister) == RESET) )
 8000da8:	6884      	ldr	r4, [r0, #8]
 8000daa:	f014 0f04 	tst.w	r4, #4
 8000dae:	d16a      	bne.n	8000e86 <HAL_ADCEx_MultiModeConfigChannel+0x12a>
    tmpADC_Common = ADC_COMMON_REGISTER(hadc);
 8000db0:	f1b2 4fa0 	cmp.w	r2, #1342177280	@ 0x50000000
 8000db4:	d036      	beq.n	8000e24 <HAL_ADCEx_MultiModeConfigChannel+0xc8>
 8000db6:	4c3b      	ldr	r4, [pc, #236]	@ (8000ea4 <HAL_ADCEx_MultiModeConfigChannel+0x148>)
 8000db8:	42a2      	cmp	r2, r4
 8000dba:	d031      	beq.n	8000e20 <HAL_ADCEx_MultiModeConfigChannel+0xc4>
 8000dbc:	4a3c      	ldr	r2, [pc, #240]	@ (8000eb0 <HAL_ADCEx_MultiModeConfigChannel+0x154>)
    if(multimode->Mode != ADC_MODE_INDEPENDENT)
 8000dbe:	680c      	ldr	r4, [r1, #0]
 8000dc0:	2c00      	cmp	r4, #0
 8000dc2:	d03d      	beq.n	8000e40 <HAL_ADCEx_MultiModeConfigChannel+0xe4>
      MODIFY_REG(tmpADC_Common->CCR                                          ,
 8000dc4:	6894      	ldr	r4, [r2, #8]
 8000dc6:	f424 4460 	bic.w	r4, r4, #57344	@ 0xe000
 8000dca:	f893 5030 	ldrb.w	r5, [r3, #48]	@ 0x30
 8000dce:	684e      	ldr	r6, [r1, #4]
 8000dd0:	ea46 3c45 	orr.w	ip, r6, r5, lsl #13
 8000dd4:	ea44 040c 	orr.w	r4, r4, ip
 8000dd8:	6094      	str	r4, [r2, #8]
      if ((ADC_IS_ENABLE(hadc) == RESET)                              &&
 8000dda:	681d      	ldr	r5, [r3, #0]
 8000ddc:	68ac      	ldr	r4, [r5, #8]
 8000dde:	f004 0403 	and.w	r4, r4, #3
 8000de2:	2c01      	cmp	r4, #1
 8000de4:	d020      	beq.n	8000e28 <HAL_ADCEx_MultiModeConfigChannel+0xcc>
          (ADC_IS_ENABLE(&tmphadcSharingSameCommonRegister) == RESET)   )
 8000de6:	6884      	ldr	r4, [r0, #8]
 8000de8:	f004 0403 	and.w	r4, r4, #3
 8000dec:	2c01      	cmp	r4, #1
 8000dee:	d021      	beq.n	8000e34 <HAL_ADCEx_MultiModeConfigChannel+0xd8>
        MODIFY_REG(tmpADC_Common->CCR                                          ,
 8000df0:	6890      	ldr	r0, [r2, #8]
 8000df2:	f420 6071 	bic.w	r0, r0, #3856	@ 0xf10
 8000df6:	f020 000f 	bic.w	r0, r0, #15
 8000dfa:	680c      	ldr	r4, [r1, #0]
 8000dfc:	6889      	ldr	r1, [r1, #8]
 8000dfe:	4321      	orrs	r1, r4
 8000e00:	4308      	orrs	r0, r1
 8000e02:	6090      	str	r0, [r2, #8]
  HAL_StatusTypeDef tmp_hal_status = HAL_OK;
 8000e04:	2000      	movs	r0, #0
 8000e06:	e043      	b.n	8000e90 <HAL_ADCEx_MultiModeConfigChannel+0x134>
  ADC_COMMON_ADC_OTHER(hadc, &tmphadcSharingSameCommonRegister);
 8000e08:	f04f 40a0 	mov.w	r0, #1342177280	@ 0x50000000
 8000e0c:	9000      	str	r0, [sp, #0]
 8000e0e:	e7ba      	b.n	8000d86 <HAL_ADCEx_MultiModeConfigChannel+0x2a>
 8000e10:	f500 7080 	add.w	r0, r0, #256	@ 0x100
 8000e14:	9000      	str	r0, [sp, #0]
 8000e16:	e7b6      	b.n	8000d86 <HAL_ADCEx_MultiModeConfigChannel+0x2a>
 8000e18:	f5a0 7080 	sub.w	r0, r0, #256	@ 0x100
 8000e1c:	9000      	str	r0, [sp, #0]
 8000e1e:	e7b2      	b.n	8000d86 <HAL_ADCEx_MultiModeConfigChannel+0x2a>
    tmpADC_Common = ADC_COMMON_REGISTER(hadc);
 8000e20:	4a24      	ldr	r2, [pc, #144]	@ (8000eb4 <HAL_ADCEx_MultiModeConfigChannel+0x158>)
 8000e22:	e7cc      	b.n	8000dbe <HAL_ADCEx_MultiModeConfigChannel+0x62>
 8000e24:	4a23      	ldr	r2, [pc, #140]	@ (8000eb4 <HAL_ADCEx_MultiModeConfigChannel+0x158>)
 8000e26:	e7ca      	b.n	8000dbe <HAL_ADCEx_MultiModeConfigChannel+0x62>
      if ((ADC_IS_ENABLE(hadc) == RESET)                              &&
 8000e28:	682c      	ldr	r4, [r5, #0]
 8000e2a:	f014 0f01 	tst.w	r4, #1
 8000e2e:	d0da      	beq.n	8000de6 <HAL_ADCEx_MultiModeConfigChannel+0x8a>
  HAL_StatusTypeDef tmp_hal_status = HAL_OK;
 8000e30:	2000      	movs	r0, #0
 8000e32:	e02d      	b.n	8000e90 <HAL_ADCEx_MultiModeConfigChannel+0x134>
          (ADC_IS_ENABLE(&tmphadcSharingSameCommonRegister) == RESET)   )
 8000e34:	6800      	ldr	r0, [r0, #0]
 8000e36:	f010 0f01 	tst.w	r0, #1
 8000e3a:	d0d9      	beq.n	8000df0 <HAL_ADCEx_MultiModeConfigChannel+0x94>
  HAL_StatusTypeDef tmp_hal_status = HAL_OK;
 8000e3c:	2000      	movs	r0, #0
 8000e3e:	e027      	b.n	8000e90 <HAL_ADCEx_MultiModeConfigChannel+0x134>
      CLEAR_BIT(tmpADC_Common->CCR, ADC_CCR_MDMA | ADC_CCR_DMACFG);
 8000e40:	6891      	ldr	r1, [r2, #8]
 8000e42:	f421 4160 	bic.w	r1, r1, #57344	@ 0xe000
 8000e46:	6091      	str	r1, [r2, #8]
      if ((ADC_IS_ENABLE(hadc) == RESET)                              &&
 8000e48:	681c      	ldr	r4, [r3, #0]
 8000e4a:	68a1      	ldr	r1, [r4, #8]
 8000e4c:	f001 0103 	and.w	r1, r1, #3
 8000e50:	2901      	cmp	r1, #1
 8000e52:	d00c      	beq.n	8000e6e <HAL_ADCEx_MultiModeConfigChannel+0x112>
          (ADC_IS_ENABLE(&tmphadcSharingSameCommonRegister) == RESET)   )
 8000e54:	6881      	ldr	r1, [r0, #8]
 8000e56:	f001 0103 	and.w	r1, r1, #3
 8000e5a:	2901      	cmp	r1, #1
 8000e5c:	d00d      	beq.n	8000e7a <HAL_ADCEx_MultiModeConfigChannel+0x11e>
        CLEAR_BIT(tmpADC_Common->CCR, ADC_CCR_MULTI | ADC_CCR_DELAY);
 8000e5e:	6891      	ldr	r1, [r2, #8]
 8000e60:	f421 6171 	bic.w	r1, r1, #3856	@ 0xf10
 8000e64:	f021 010f 	bic.w	r1, r1, #15
 8000e68:	6091      	str	r1, [r2, #8]
  HAL_StatusTypeDef tmp_hal_status = HAL_OK;
 8000e6a:	2000      	movs	r0, #0
 8000e6c:	e010      	b.n	8000e90 <HAL_ADCEx_MultiModeConfigChannel+0x134>
      if ((ADC_IS_ENABLE(hadc) == RESET)                              &&
 8000e6e:	6821      	ldr	r1, [r4, #0]
 8000e70:	f011 0f01 	tst.w	r1, #1
 8000e74:	d0ee      	beq.n	8000e54 <HAL_ADCEx_MultiModeConfigChannel+0xf8>
  HAL_StatusTypeDef tmp_hal_status = HAL_OK;
 8000e76:	2000      	movs	r0, #0
 8000e78:	e00a      	b.n	8000e90 <HAL_ADCEx_MultiModeConfigChannel+0x134>
          (ADC_IS_ENABLE(&tmphadcSharingSameCommonRegister) == RESET)   )
 8000e7a:	6801      	ldr	r1, [r0, #0]
 8000e7c:	f011 0f01 	tst.w	r1, #1
 8000e80:	d0ed      	beq.n	8000e5e <HAL_ADCEx_MultiModeConfigChannel+0x102>
  HAL_StatusTypeDef tmp_hal_status = HAL_OK;
 8000e82:	2000      	movs	r0, #0
 8000e84:	e004      	b.n	8000e90 <HAL_ADCEx_MultiModeConfigChannel+0x134>
    SET_BIT(hadc->State, HAL_ADC_STATE_ERROR_CONFIG);
 8000e86:	6c1a      	ldr	r2, [r3, #64]	@ 0x40
 8000e88:	f042 0220 	orr.w	r2, r2, #32
 8000e8c:	641a      	str	r2, [r3, #64]	@ 0x40
    tmp_hal_status = HAL_ERROR;
 8000e8e:	2001      	movs	r0, #1
  __HAL_UNLOCK(hadc);
 8000e90:	2200      	movs	r2, #0
 8000e92:	f883 203c 	strb.w	r2, [r3, #60]	@ 0x3c
} 
 8000e96:	b015      	add	sp, #84	@ 0x54
 8000e98:	bc70      	pop	{r4, r5, r6}
 8000e9a:	4770      	bx	lr
    return HAL_ERROR;
 8000e9c:	2001      	movs	r0, #1
 8000e9e:	e7fa      	b.n	8000e96 <HAL_ADCEx_MultiModeConfigChannel+0x13a>
  __HAL_LOCK(hadc);
 8000ea0:	2002      	movs	r0, #2
 8000ea2:	e7f8      	b.n	8000e96 <HAL_ADCEx_MultiModeConfigChannel+0x13a>
 8000ea4:	50000100 	.word	0x50000100
 8000ea8:	50000400 	.word	0x50000400
 8000eac:	50000500 	.word	0x50000500
 8000eb0:	50000700 	.word	0x50000700
 8000eb4:	50000300 	.word	0x50000300

08000eb8 <HAL_COMP_Init>:
  *         To unlock the configuration, perform a system reset.
  * @param  hcomp  COMP handle
  * @retval HAL status
  */
HAL_StatusTypeDef HAL_COMP_Init(COMP_HandleTypeDef *hcomp)
{
 8000eb8:	b530      	push	{r4, r5, lr}
 8000eba:	b085      	sub	sp, #20
  uint32_t comp_voltage_scaler_initialized; /* Value "0" if comparator voltage scaler is not initialized */
  __IO uint32_t wait_loop_index = 0UL;
 8000ebc:	2300      	movs	r3, #0
 8000ebe:	9303      	str	r3, [sp, #12]
  HAL_StatusTypeDef status = HAL_OK;

  /* Check the COMP handle allocation and lock status */
  if ((hcomp == NULL) || ((hcomp->State & COMP_STATE_BIT_LOCK) != RESET))
 8000ec0:	2800      	cmp	r0, #0
 8000ec2:	d070      	beq.n	8000fa6 <HAL_COMP_Init+0xee>
 8000ec4:	4604      	mov	r4, r0
 8000ec6:	f890 5029 	ldrb.w	r5, [r0, #41]	@ 0x29
 8000eca:	f015 0510 	ands.w	r5, r5, #16
 8000ece:	d003      	beq.n	8000ed8 <HAL_COMP_Init+0x20>
  {
    status = HAL_ERROR;
 8000ed0:	2501      	movs	r5, #1
    /* Initialize the COMP state*/
    hcomp->State = HAL_COMP_STATE_READY;
  }

  return status;
}
 8000ed2:	4628      	mov	r0, r5
 8000ed4:	b005      	add	sp, #20
 8000ed6:	bd30      	pop	{r4, r5, pc}
    __HAL_RCC_SYSCFG_CLK_ENABLE();
 8000ed8:	f103 4380 	add.w	r3, r3, #1073741824	@ 0x40000000
 8000edc:	f503 3304 	add.w	r3, r3, #135168	@ 0x21000
 8000ee0:	699a      	ldr	r2, [r3, #24]
 8000ee2:	f042 0201 	orr.w	r2, r2, #1
 8000ee6:	619a      	str	r2, [r3, #24]
 8000ee8:	699b      	ldr	r3, [r3, #24]
 8000eea:	f003 0301 	and.w	r3, r3, #1
 8000eee:	9301      	str	r3, [sp, #4]
 8000ef0:	9b01      	ldr	r3, [sp, #4]
      HAL_COMP_MspInit(hcomp);
 8000ef2:	f000 faf1 	bl	80014d8 <HAL_COMP_MspInit>
    comp_voltage_scaler_initialized = READ_BIT(hcomp->Instance->CSR, (COMP_CSR_COMPxINSEL_1 | COMP_CSR_COMPxINSEL_0));
 8000ef6:	6822      	ldr	r2, [r4, #0]
 8000ef8:	6811      	ldr	r1, [r2, #0]
 8000efa:	f001 0130 	and.w	r1, r1, #48	@ 0x30
    if (hcomp->State == HAL_COMP_STATE_RESET)
 8000efe:	f894 3029 	ldrb.w	r3, [r4, #41]	@ 0x29
 8000f02:	b90b      	cbnz	r3, 8000f08 <HAL_COMP_Init+0x50>
      hcomp->Lock = HAL_UNLOCKED;
 8000f04:	f884 3028 	strb.w	r3, [r4, #40]	@ 0x28
    hcomp->Init.InvertingInput = COMP_INVERTINGINPUT_SELECTION(hcomp->Instance, hcomp->Init.InvertingInput);
 8000f08:	6863      	ldr	r3, [r4, #4]
    COMP_INIT(hcomp);
 8000f0a:	2000      	movs	r0, #0
 8000f0c:	9002      	str	r0, [sp, #8]
 8000f0e:	6810      	ldr	r0, [r2, #0]
 8000f10:	9002      	str	r0, [sp, #8]
 8000f12:	9802      	ldr	r0, [sp, #8]
 8000f14:	f020 0070 	bic.w	r0, r0, #112	@ 0x70
 8000f18:	4303      	orrs	r3, r0
 8000f1a:	9302      	str	r3, [sp, #8]
 8000f1c:	9b02      	ldr	r3, [sp, #8]
 8000f1e:	f023 0302 	bic.w	r3, r3, #2
 8000f22:	68a0      	ldr	r0, [r4, #8]
 8000f24:	4303      	orrs	r3, r0
 8000f26:	9302      	str	r3, [sp, #8]
 8000f28:	9b02      	ldr	r3, [sp, #8]
 8000f2a:	f423 2340 	bic.w	r3, r3, #786432	@ 0xc0000
 8000f2e:	69a0      	ldr	r0, [r4, #24]
 8000f30:	4303      	orrs	r3, r0
 8000f32:	9302      	str	r3, [sp, #8]
 8000f34:	9b02      	ldr	r3, [sp, #8]
 8000f36:	f423 5370 	bic.w	r3, r3, #15360	@ 0x3c00
 8000f3a:	68e0      	ldr	r0, [r4, #12]
 8000f3c:	f400 5070 	and.w	r0, r0, #15360	@ 0x3c00
 8000f40:	4303      	orrs	r3, r0
 8000f42:	9302      	str	r3, [sp, #8]
 8000f44:	9b02      	ldr	r3, [sp, #8]
 8000f46:	f423 4300 	bic.w	r3, r3, #32768	@ 0x8000
 8000f4a:	6920      	ldr	r0, [r4, #16]
 8000f4c:	4303      	orrs	r3, r0
 8000f4e:	9302      	str	r3, [sp, #8]
 8000f50:	6963      	ldr	r3, [r4, #20]
 8000f52:	9802      	ldr	r0, [sp, #8]
 8000f54:	4303      	orrs	r3, r0
 8000f56:	9302      	str	r3, [sp, #8]
 8000f58:	69e3      	ldr	r3, [r4, #28]
 8000f5a:	9802      	ldr	r0, [sp, #8]
 8000f5c:	4303      	orrs	r3, r0
 8000f5e:	9302      	str	r3, [sp, #8]
 8000f60:	6a23      	ldr	r3, [r4, #32]
 8000f62:	9802      	ldr	r0, [sp, #8]
 8000f64:	4303      	orrs	r3, r0
 8000f66:	9302      	str	r3, [sp, #8]
 8000f68:	9b02      	ldr	r3, [sp, #8]
 8000f6a:	6013      	str	r3, [r2, #0]
    if ((READ_BIT(hcomp->Instance->CSR, (COMP_CSR_COMPxINSEL_1 | COMP_CSR_COMPxINSEL_0)) != 0UL) &&
 8000f6c:	6823      	ldr	r3, [r4, #0]
 8000f6e:	681b      	ldr	r3, [r3, #0]
 8000f70:	f013 0f30 	tst.w	r3, #48	@ 0x30
 8000f74:	d013      	beq.n	8000f9e <HAL_COMP_Init+0xe6>
 8000f76:	b991      	cbnz	r1, 8000f9e <HAL_COMP_Init+0xe6>
      wait_loop_index = ((COMP_DELAY_VOLTAGE_SCALER_STAB_US / 10UL) * ((SystemCoreClock / (100000UL * 2UL)) + 1UL));
 8000f78:	4b0c      	ldr	r3, [pc, #48]	@ (8000fac <HAL_COMP_Init+0xf4>)
 8000f7a:	681b      	ldr	r3, [r3, #0]
 8000f7c:	099b      	lsrs	r3, r3, #6
 8000f7e:	4a0c      	ldr	r2, [pc, #48]	@ (8000fb0 <HAL_COMP_Init+0xf8>)
 8000f80:	fba2 2303 	umull	r2, r3, r2, r3
 8000f84:	099b      	lsrs	r3, r3, #6
 8000f86:	3301      	adds	r3, #1
 8000f88:	eb03 0383 	add.w	r3, r3, r3, lsl #2
 8000f8c:	009b      	lsls	r3, r3, #2
 8000f8e:	9303      	str	r3, [sp, #12]
      while (wait_loop_index != 0UL)
 8000f90:	e002      	b.n	8000f98 <HAL_COMP_Init+0xe0>
        wait_loop_index--;
 8000f92:	9b03      	ldr	r3, [sp, #12]
 8000f94:	3b01      	subs	r3, #1
 8000f96:	9303      	str	r3, [sp, #12]
      while (wait_loop_index != 0UL)
 8000f98:	9b03      	ldr	r3, [sp, #12]
 8000f9a:	2b00      	cmp	r3, #0
 8000f9c:	d1f9      	bne.n	8000f92 <HAL_COMP_Init+0xda>
    hcomp->State = HAL_COMP_STATE_READY;
 8000f9e:	2301      	movs	r3, #1
 8000fa0:	f884 3029 	strb.w	r3, [r4, #41]	@ 0x29
 8000fa4:	e795      	b.n	8000ed2 <HAL_COMP_Init+0x1a>
    status = HAL_ERROR;
 8000fa6:	2501      	movs	r5, #1
 8000fa8:	e793      	b.n	8000ed2 <HAL_COMP_Init+0x1a>
 8000faa:	bf00      	nop
 8000fac:	20000008 	.word	0x20000008
 8000fb0:	053e2d63 	.word	0x053e2d63

08000fb4 <__NVIC_SetPriority>:
  \param [in]  priority  Priority to set.
  \note    The priority cannot be set for every processor exception.
 */
__STATIC_INLINE void __NVIC_SetPriority(IRQn_Type IRQn, uint32_t priority)
{
  if ((int32_t)(IRQn) >= 0)
 8000fb4:	2800      	cmp	r0, #0
 8000fb6:	db08      	blt.n	8000fca <__NVIC_SetPriority+0x16>
  {
    NVIC->IP[((uint32_t)IRQn)]               = (uint8_t)((priority << (8U - __NVIC_PRIO_BITS)) & (uint32_t)0xFFUL);
 8000fb8:	0109      	lsls	r1, r1, #4
 8000fba:	b2c9      	uxtb	r1, r1
 8000fbc:	f100 4060 	add.w	r0, r0, #3758096384	@ 0xe0000000
 8000fc0:	f500 4061 	add.w	r0, r0, #57600	@ 0xe100
 8000fc4:	f880 1300 	strb.w	r1, [r0, #768]	@ 0x300
 8000fc8:	4770      	bx	lr
  }
  else
  {
    SCB->SHP[(((uint32_t)IRQn) & 0xFUL)-4UL] = (uint8_t)((priority << (8U - __NVIC_PRIO_BITS)) & (uint32_t)0xFFUL);
 8000fca:	f000 000f 	and.w	r0, r0, #15
 8000fce:	0109      	lsls	r1, r1, #4
 8000fd0:	b2c9      	uxtb	r1, r1
 8000fd2:	4b01      	ldr	r3, [pc, #4]	@ (8000fd8 <__NVIC_SetPriority+0x24>)
 8000fd4:	5419      	strb	r1, [r3, r0]
  }
}
 8000fd6:	4770      	bx	lr
 8000fd8:	e000ed14 	.word	0xe000ed14

08000fdc <NVIC_EncodePriority>:
  \param [in]   PreemptPriority  Preemptive priority value (starting from 0).
  \param [in]       SubPriority  Subpriority value (starting from 0).
  \return                        Encoded priority. Value can be used in the function \ref NVIC_SetPriority().
 */
__STATIC_INLINE uint32_t NVIC_EncodePriority (uint32_t PriorityGroup, uint32_t PreemptPriority, uint32_t SubPriority)
{
 8000fdc:	b500      	push	{lr}
  uint32_t PriorityGroupTmp = (PriorityGroup & (uint32_t)0x07UL);   /* only values 0..7 are used          */
 8000fde:	f000 0007 	and.w	r0, r0, #7
  uint32_t PreemptPriorityBits;
  uint32_t SubPriorityBits;

  PreemptPriorityBits = ((7UL - PriorityGroupTmp) > (uint32_t)(__NVIC_PRIO_BITS)) ? (uint32_t)(__NVIC_PRIO_BITS) : (uint32_t)(7UL - PriorityGroupTmp);
 8000fe2:	f1c0 0c07 	rsb	ip, r0, #7
 8000fe6:	f1bc 0f04 	cmp.w	ip, #4
 8000fea:	bf28      	it	cs
 8000fec:	f04f 0c04 	movcs.w	ip, #4
  SubPriorityBits     = ((PriorityGroupTmp + (uint32_t)(__NVIC_PRIO_BITS)) < (uint32_t)7UL) ? (uint32_t)0UL : (uint32_t)((PriorityGroupTmp - 7UL) + (uint32_t)(__NVIC_PRIO_BITS));
 8000ff0:	1d03      	adds	r3, r0, #4
 8000ff2:	2b06      	cmp	r3, #6
 8000ff4:	d90f      	bls.n	8001016 <NVIC_EncodePriority+0x3a>
 8000ff6:	1ec3      	subs	r3, r0, #3

  return (
           ((PreemptPriority & (uint32_t)((1UL << (PreemptPriorityBits)) - 1UL)) << SubPriorityBits) |
 8000ff8:	f04f 3eff 	mov.w	lr, #4294967295	@ 0xffffffff
 8000ffc:	fa0e f00c 	lsl.w	r0, lr, ip
 8001000:	ea21 0100 	bic.w	r1, r1, r0
 8001004:	4099      	lsls	r1, r3
           ((SubPriority     & (uint32_t)((1UL << (SubPriorityBits    )) - 1UL)))
 8001006:	fa0e fe03 	lsl.w	lr, lr, r3
 800100a:	ea22 020e 	bic.w	r2, r2, lr
         );
}
 800100e:	ea41 0002 	orr.w	r0, r1, r2
 8001012:	f85d fb04 	ldr.w	pc, [sp], #4
  SubPriorityBits     = ((PriorityGroupTmp + (uint32_t)(__NVIC_PRIO_BITS)) < (uint32_t)7UL) ? (uint32_t)0UL : (uint32_t)((PriorityGroupTmp - 7UL) + (uint32_t)(__NVIC_PRIO_BITS));
 8001016:	2300      	movs	r3, #0
 8001018:	e7ee      	b.n	8000ff8 <NVIC_EncodePriority+0x1c>
	...

0800101c <HAL_NVIC_SetPriorityGrouping>:
  reg_value  =  SCB->AIRCR;                                                   /* read old register configuration    */
 800101c:	4a07      	ldr	r2, [pc, #28]	@ (800103c <HAL_NVIC_SetPriorityGrouping+0x20>)
 800101e:	68d3      	ldr	r3, [r2, #12]
  reg_value &= ~((uint32_t)(SCB_AIRCR_VECTKEY_Msk | SCB_AIRCR_PRIGROUP_Msk)); /* clear bits to change               */
 8001020:	f423 63e0 	bic.w	r3, r3, #1792	@ 0x700
 8001024:	041b      	lsls	r3, r3, #16
 8001026:	0c1b      	lsrs	r3, r3, #16
                (PriorityGroupTmp << SCB_AIRCR_PRIGROUP_Pos)  );              /* Insert write key and priority group */
 8001028:	0200      	lsls	r0, r0, #8
 800102a:	f400 60e0 	and.w	r0, r0, #1792	@ 0x700
                ((uint32_t)0x5FAUL << SCB_AIRCR_VECTKEY_Pos) |
 800102e:	4303      	orrs	r3, r0
  reg_value  =  (reg_value                                   |
 8001030:	f043 63bf 	orr.w	r3, r3, #100139008	@ 0x5f80000
 8001034:	f443 3300 	orr.w	r3, r3, #131072	@ 0x20000
  SCB->AIRCR =  reg_value;
 8001038:	60d3      	str	r3, [r2, #12]
  /* Check the parameters */
  assert_param(IS_NVIC_PRIORITY_GROUP(PriorityGroup));

  /* Set the PRIGROUP[10:8] bits according to the PriorityGroup parameter value */
  NVIC_SetPriorityGrouping(PriorityGroup);
}
 800103a:	4770      	bx	lr
 800103c:	e000ed00 	.word	0xe000ed00

08001040 <HAL_NVIC_SetPriority>:
  *         This parameter can be a value between 0 and 15 as described in the table CORTEX_NVIC_Priority_Table
  *         A lower priority value indicates a higher priority.
  * @retval None
  */
void HAL_NVIC_SetPriority(IRQn_Type IRQn, uint32_t PreemptPriority, uint32_t SubPriority)
{
 8001040:	b510      	push	{r4, lr}
 8001042:	4604      	mov	r4, r0
  return ((uint32_t)((SCB->AIRCR & SCB_AIRCR_PRIGROUP_Msk) >> SCB_AIRCR_PRIGROUP_Pos));
 8001044:	4b05      	ldr	r3, [pc, #20]	@ (800105c <HAL_NVIC_SetPriority+0x1c>)
 8001046:	68d8      	ldr	r0, [r3, #12]
  assert_param(IS_NVIC_SUB_PRIORITY(SubPriority));
  assert_param(IS_NVIC_PREEMPTION_PRIORITY(PreemptPriority));
  
  prioritygroup = NVIC_GetPriorityGrouping();
  
  NVIC_SetPriority(IRQn, NVIC_EncodePriority(prioritygroup, PreemptPriority, SubPriority));
 8001048:	f3c0 2002 	ubfx	r0, r0, #8, #3
 800104c:	f7ff ffc6 	bl	8000fdc <NVIC_EncodePriority>
 8001050:	4601      	mov	r1, r0
 8001052:	4620      	mov	r0, r4
 8001054:	f7ff ffae 	bl	8000fb4 <__NVIC_SetPriority>
}
 8001058:	bd10      	pop	{r4, pc}
 800105a:	bf00      	nop
 800105c:	e000ed00 	.word	0xe000ed00

08001060 <HAL_NVIC_EnableIRQ>:
  if ((int32_t)(IRQn) >= 0)
 8001060:	2800      	cmp	r0, #0
 8001062:	db07      	blt.n	8001074 <HAL_NVIC_EnableIRQ+0x14>
    NVIC->ISER[(((uint32_t)IRQn) >> 5UL)] = (uint32_t)(1UL << (((uint32_t)IRQn) & 0x1FUL));
 8001064:	f000 021f 	and.w	r2, r0, #31
 8001068:	0940      	lsrs	r0, r0, #5
 800106a:	2301      	movs	r3, #1
 800106c:	4093      	lsls	r3, r2
 800106e:	4a02      	ldr	r2, [pc, #8]	@ (8001078 <HAL_NVIC_EnableIRQ+0x18>)
 8001070:	f842 3020 	str.w	r3, [r2, r0, lsl #2]
  /* Check the parameters */
  assert_param(IS_NVIC_DEVICE_IRQ(IRQn));
  
  /* Enable interrupt */
  NVIC_EnableIRQ(IRQn);
}
 8001074:	4770      	bx	lr
 8001076:	bf00      	nop
 8001078:	e000e100 	.word	0xe000e100

0800107c <HAL_SYSTICK_Config>:
           function <b>SysTick_Config</b> is not included. In this case, the file <b><i>device</i>.h</b>
           must contain a vendor-specific implementation of this function.
 */
__STATIC_INLINE uint32_t SysTick_Config(uint32_t ticks)
{
  if ((ticks - 1UL) > SysTick_LOAD_RELOAD_Msk)
 800107c:	3801      	subs	r0, #1
 800107e:	f1b0 7f80 	cmp.w	r0, #16777216	@ 0x1000000
 8001082:	d20b      	bcs.n	800109c <HAL_SYSTICK_Config+0x20>
  {
    return (1UL);                                                   /* Reload value impossible */
  }

  SysTick->LOAD  = (uint32_t)(ticks - 1UL);                         /* set reload register */
 8001084:	f04f 23e0 	mov.w	r3, #3758153728	@ 0xe000e000
 8001088:	6158      	str	r0, [r3, #20]
    SCB->SHP[(((uint32_t)IRQn) & 0xFUL)-4UL] = (uint8_t)((priority << (8U - __NVIC_PRIO_BITS)) & (uint32_t)0xFFUL);
 800108a:	4a05      	ldr	r2, [pc, #20]	@ (80010a0 <HAL_SYSTICK_Config+0x24>)
 800108c:	21f0      	movs	r1, #240	@ 0xf0
 800108e:	f882 1023 	strb.w	r1, [r2, #35]	@ 0x23
  NVIC_SetPriority (SysTick_IRQn, (1UL << __NVIC_PRIO_BITS) - 1UL); /* set Priority for Systick Interrupt */
  SysTick->VAL   = 0UL;                                             /* Load the SysTick Counter Value */
 8001092:	2000      	movs	r0, #0
 8001094:	6198      	str	r0, [r3, #24]
  SysTick->CTRL  = SysTick_CTRL_CLKSOURCE_Msk |
 8001096:	2207      	movs	r2, #7
 8001098:	611a      	str	r2, [r3, #16]
                   SysTick_CTRL_TICKINT_Msk   |
                   SysTick_CTRL_ENABLE_Msk;                         /* Enable SysTick IRQ and SysTick Timer */
  return (0UL);                                                     /* Function successful */
 800109a:	4770      	bx	lr
    return (1UL);                                                   /* Reload value impossible */
 800109c:	2001      	movs	r0, #1
  *                  - 1  Function failed.
  */
uint32_t HAL_SYSTICK_Config(uint32_t TicksNumb)
{
   return SysTick_Config(TicksNumb);
}
 800109e:	4770      	bx	lr
 80010a0:	e000ed00 	.word	0xe000ed00

080010a4 <HAL_DAC_Init>:
  * @retval HAL status
  */
HAL_StatusTypeDef HAL_DAC_Init(DAC_HandleTypeDef* hdac)
{
  /* Check DAC handle */
  if(hdac == NULL)
 80010a4:	b170      	cbz	r0, 80010c4 <HAL_DAC_Init+0x20>
{
 80010a6:	b510      	push	{r4, lr}
 80010a8:	4604      	mov	r4, r0
     return HAL_ERROR;
  }
  /* Check the parameters */
  assert_param(IS_DAC_ALL_INSTANCE(hdac->Instance));

  if(hdac->State == HAL_DAC_STATE_RESET)
 80010aa:	7903      	ldrb	r3, [r0, #4]
 80010ac:	b133      	cbz	r3, 80010bc <HAL_DAC_Init+0x18>
    HAL_DAC_MspInit(hdac);
#endif /* USE_HAL_DAC_REGISTER_CALLBACKS */
  }

  /* Initialize the DAC state*/
  hdac->State = HAL_DAC_STATE_BUSY;
 80010ae:	2302      	movs	r3, #2
 80010b0:	7123      	strb	r3, [r4, #4]

  /* Set DAC error code to none */
  hdac->ErrorCode = HAL_DAC_ERROR_NONE;
 80010b2:	2000      	movs	r0, #0
 80010b4:	6120      	str	r0, [r4, #16]

  /* Initialize the DAC state*/
  hdac->State = HAL_DAC_STATE_READY;
 80010b6:	2301      	movs	r3, #1
 80010b8:	7123      	strb	r3, [r4, #4]

  /* Return function status */
  return HAL_OK;
}
 80010ba:	bd10      	pop	{r4, pc}
    hdac->Lock = HAL_UNLOCKED;
 80010bc:	7143      	strb	r3, [r0, #5]
    HAL_DAC_MspInit(hdac);
 80010be:	f000 fa65 	bl	800158c <HAL_DAC_MspInit>
 80010c2:	e7f4      	b.n	80010ae <HAL_DAC_Init+0xa>
     return HAL_ERROR;
 80010c4:	2001      	movs	r0, #1
}
 80010c6:	4770      	bx	lr

080010c8 <HAL_DAC_ConfigChannel>:
  *            @arg DAC_CHANNEL_1: DAC2 Channel1 selected 
  * @retval HAL status
  */

HAL_StatusTypeDef HAL_DAC_ConfigChannel(DAC_HandleTypeDef* hdac, DAC_ChannelConfTypeDef* sConfig, uint32_t Channel)
{
 80010c8:	4603      	mov	r3, r0
  assert_param(IS_DAC_OUTPUT_BUFFER_STATE(sConfig->DAC_OutputBuffer));    
#endif /* STM32F303x8 || STM32F334x8 || STM32F328xx || */
  assert_param(IS_DAC_CHANNEL(Channel));   
 
  /* Process locked */
  __HAL_LOCK(hdac);
 80010ca:	7940      	ldrb	r0, [r0, #5]
 80010cc:	2801      	cmp	r0, #1
 80010ce:	d022      	beq.n	8001116 <HAL_DAC_ConfigChannel+0x4e>
{
 80010d0:	b510      	push	{r4, lr}
  __HAL_LOCK(hdac);
 80010d2:	f04f 0e01 	mov.w	lr, #1
 80010d6:	f883 e005 	strb.w	lr, [r3, #5]
  
  /* Change DAC state */
  hdac->State = HAL_DAC_STATE_BUSY;
 80010da:	2002      	movs	r0, #2
 80010dc:	7118      	strb	r0, [r3, #4]
  
  /* Get the DAC CR value */
  tmpreg1 = hdac->Instance->CR;
 80010de:	681c      	ldr	r4, [r3, #0]
 80010e0:	6820      	ldr	r0, [r4, #0]
    /* Output Switch (OUTEN) control */
    tmpreg1 &= ~(((uint32_t)(DAC_CR_MAMP1 | DAC_CR_WAVE1 | DAC_CR_TSEL1 | DAC_CR_TEN1 | DAC_CR_OUTEN1)) << Channel);    
    tmpreg2 = (sConfig->DAC_Trigger | sConfig->DAC_OutputSwitch);    
  }    
#else
  tmpreg1 &= ~(((uint32_t)(DAC_CR_MAMP1 | DAC_CR_WAVE1 | DAC_CR_TSEL1 | DAC_CR_TEN1 | DAC_CR_BOFF1)) << Channel);
 80010e2:	f640 7cfe 	movw	ip, #4094	@ 0xffe
 80010e6:	fa0c fc02 	lsl.w	ip, ip, r2
 80010ea:	ea20 0c0c 	bic.w	ip, r0, ip
  tmpreg2 = (sConfig->DAC_Trigger | sConfig->DAC_OutputBuffer);
 80010ee:	6808      	ldr	r0, [r1, #0]
 80010f0:	6849      	ldr	r1, [r1, #4]
 80010f2:	4301      	orrs	r1, r0
#endif  /* STM32F303x8 || STM32F334x8 || STM32F328xx || */
  
  /* Calculate CR register value depending on DAC_Channel */
  tmpreg1 |= tmpreg2 << Channel;
 80010f4:	4091      	lsls	r1, r2
 80010f6:	ea41 010c 	orr.w	r1, r1, ip
  /* Write to DAC CR */
  hdac->Instance->CR = tmpreg1;
 80010fa:	6021      	str	r1, [r4, #0]
  
  /* Disable wave generation */
  hdac->Instance->CR &= ~(DAC_CR_WAVE1 << Channel);
 80010fc:	681c      	ldr	r4, [r3, #0]
 80010fe:	6821      	ldr	r1, [r4, #0]
 8001100:	20c0      	movs	r0, #192	@ 0xc0
 8001102:	fa00 f202 	lsl.w	r2, r0, r2
 8001106:	ea21 0202 	bic.w	r2, r1, r2
 800110a:	6022      	str	r2, [r4, #0]

  /* Change DAC state */
  hdac->State = HAL_DAC_STATE_READY;
 800110c:	f883 e004 	strb.w	lr, [r3, #4]
  
  /* Process unlocked */
  __HAL_UNLOCK(hdac);
 8001110:	2000      	movs	r0, #0
 8001112:	7158      	strb	r0, [r3, #5]
  
  /* Return function status */
  return HAL_OK;
}
 8001114:	bd10      	pop	{r4, pc}
  __HAL_LOCK(hdac);
 8001116:	2002      	movs	r0, #2
}
 8001118:	4770      	bx	lr
	...

0800111c <DMA_CalcBaseAndBitshift>:
  */
static void DMA_CalcBaseAndBitshift(DMA_HandleTypeDef *hdma)
{
#if defined (DMA2)
  /* calculation of the channel index */
  if ((uint32_t)(hdma->Instance) < (uint32_t)(DMA2_Channel1))
 800111c:	6802      	ldr	r2, [r0, #0]
 800111e:	4b0c      	ldr	r3, [pc, #48]	@ (8001150 <DMA_CalcBaseAndBitshift+0x34>)
 8001120:	429a      	cmp	r2, r3
 8001122:	d80a      	bhi.n	800113a <DMA_CalcBaseAndBitshift+0x1e>
  {
    /* DMA1 */
    hdma->ChannelIndex = (((uint32_t)hdma->Instance - (uint32_t)DMA1_Channel1) / ((uint32_t)DMA1_Channel2 - (uint32_t)DMA1_Channel1)) << 2U;
 8001124:	4b0b      	ldr	r3, [pc, #44]	@ (8001154 <DMA_CalcBaseAndBitshift+0x38>)
 8001126:	4413      	add	r3, r2
 8001128:	4a0b      	ldr	r2, [pc, #44]	@ (8001158 <DMA_CalcBaseAndBitshift+0x3c>)
 800112a:	fba2 2303 	umull	r2, r3, r2, r3
 800112e:	091b      	lsrs	r3, r3, #4
 8001130:	009b      	lsls	r3, r3, #2
 8001132:	6403      	str	r3, [r0, #64]	@ 0x40
    hdma->DmaBaseAddress = DMA1;
 8001134:	4b09      	ldr	r3, [pc, #36]	@ (800115c <DMA_CalcBaseAndBitshift+0x40>)
 8001136:	63c3      	str	r3, [r0, #60]	@ 0x3c
 8001138:	4770      	bx	lr
  }
  else
  {
    /* DMA2 */
    hdma->ChannelIndex = (((uint32_t)hdma->Instance - (uint32_t)DMA2_Channel1) / ((uint32_t)DMA2_Channel2 - (uint32_t)DMA2_Channel1)) << 2U;
 800113a:	4b09      	ldr	r3, [pc, #36]	@ (8001160 <DMA_CalcBaseAndBitshift+0x44>)
 800113c:	4413      	add	r3, r2
 800113e:	4a06      	ldr	r2, [pc, #24]	@ (8001158 <DMA_CalcBaseAndBitshift+0x3c>)
 8001140:	fba2 2303 	umull	r2, r3, r2, r3
 8001144:	091b      	lsrs	r3, r3, #4
 8001146:	009b      	lsls	r3, r3, #2
 8001148:	6403      	str	r3, [r0, #64]	@ 0x40
    hdma->DmaBaseAddress = DMA2;
 800114a:	4b06      	ldr	r3, [pc, #24]	@ (8001164 <DMA_CalcBaseAndBitshift+0x48>)
 800114c:	63c3      	str	r3, [r0, #60]	@ 0x3c
  /* calculation of the channel index */
  /* DMA1 */
  hdma->ChannelIndex = (((uint32_t)hdma->Instance - (uint32_t)DMA1_Channel1) / ((uint32_t)DMA1_Channel2 - (uint32_t)DMA1_Channel1)) << 2U;
  hdma->DmaBaseAddress = DMA1;
#endif
}
 800114e:	4770      	bx	lr
 8001150:	40020407 	.word	0x40020407
 8001154:	bffdfff8 	.word	0xbffdfff8
 8001158:	cccccccd 	.word	0xcccccccd
 800115c:	40020000 	.word	0x40020000
 8001160:	bffdfbf8 	.word	0xbffdfbf8
 8001164:	40020400 	.word	0x40020400

08001168 <HAL_DMA_Init>:
  if(NULL == hdma)
 8001168:	b310      	cbz	r0, 80011b0 <HAL_DMA_Init+0x48>
{
 800116a:	b510      	push	{r4, lr}
 800116c:	4604      	mov	r4, r0
  hdma->State = HAL_DMA_STATE_BUSY;
 800116e:	2302      	movs	r3, #2
 8001170:	f880 3021 	strb.w	r3, [r0, #33]	@ 0x21
  tmp = hdma->Instance->CCR;
 8001174:	6801      	ldr	r1, [r0, #0]
 8001176:	680a      	ldr	r2, [r1, #0]
  tmp &= ((uint32_t)~(DMA_CCR_PL    | DMA_CCR_MSIZE  | DMA_CCR_PSIZE  | \
 8001178:	f36f 120d 	bfc	r2, #4, #10
  tmp |=  hdma->Init.Direction        |
 800117c:	6843      	ldr	r3, [r0, #4]
          hdma->Init.PeriphInc           | hdma->Init.MemInc           |
 800117e:	6880      	ldr	r0, [r0, #8]
  tmp |=  hdma->Init.Direction        |
 8001180:	4303      	orrs	r3, r0
          hdma->Init.PeriphInc           | hdma->Init.MemInc           |
 8001182:	68e0      	ldr	r0, [r4, #12]
 8001184:	4303      	orrs	r3, r0
          hdma->Init.PeriphDataAlignment | hdma->Init.MemDataAlignment |
 8001186:	6920      	ldr	r0, [r4, #16]
          hdma->Init.PeriphInc           | hdma->Init.MemInc           |
 8001188:	4303      	orrs	r3, r0
          hdma->Init.PeriphDataAlignment | hdma->Init.MemDataAlignment |
 800118a:	6960      	ldr	r0, [r4, #20]
 800118c:	4303      	orrs	r3, r0
          hdma->Init.Mode                | hdma->Init.Priority;
 800118e:	69a0      	ldr	r0, [r4, #24]
          hdma->Init.PeriphDataAlignment | hdma->Init.MemDataAlignment |
 8001190:	4303      	orrs	r3, r0
          hdma->Init.Mode                | hdma->Init.Priority;
 8001192:	69e0      	ldr	r0, [r4, #28]
 8001194:	4303      	orrs	r3, r0
  tmp |=  hdma->Init.Direction        |
 8001196:	4313      	orrs	r3, r2
  hdma->Instance->CCR = tmp;
 8001198:	600b      	str	r3, [r1, #0]
  DMA_CalcBaseAndBitshift(hdma);
 800119a:	4620      	mov	r0, r4
 800119c:	f7ff ffbe 	bl	800111c <DMA_CalcBaseAndBitshift>
  hdma->ErrorCode = HAL_DMA_ERROR_NONE;
 80011a0:	2000      	movs	r0, #0
 80011a2:	63a0      	str	r0, [r4, #56]	@ 0x38
  hdma->State = HAL_DMA_STATE_READY;
 80011a4:	2301      	movs	r3, #1
 80011a6:	f884 3021 	strb.w	r3, [r4, #33]	@ 0x21
  hdma->Lock = HAL_UNLOCKED;
 80011aa:	f884 0020 	strb.w	r0, [r4, #32]
}
 80011ae:	bd10      	pop	{r4, pc}
    return HAL_ERROR;
 80011b0:	2001      	movs	r0, #1
}
 80011b2:	4770      	bx	lr

080011b4 <HAL_DMA_IRQHandler>:
{
 80011b4:	b538      	push	{r3, r4, r5, lr}
  uint32_t flag_it = hdma->DmaBaseAddress->ISR;
 80011b6:	6bc3      	ldr	r3, [r0, #60]	@ 0x3c
 80011b8:	681a      	ldr	r2, [r3, #0]
  uint32_t source_it = hdma->Instance->CCR;
 80011ba:	6804      	ldr	r4, [r0, #0]
 80011bc:	6825      	ldr	r5, [r4, #0]
  if ((RESET != (flag_it & (DMA_FLAG_HT1 << hdma->ChannelIndex))) && (RESET != (source_it & DMA_IT_HT)))
 80011be:	6c01      	ldr	r1, [r0, #64]	@ 0x40
 80011c0:	2304      	movs	r3, #4
 80011c2:	408b      	lsls	r3, r1
 80011c4:	4213      	tst	r3, r2
 80011c6:	d013      	beq.n	80011f0 <HAL_DMA_IRQHandler+0x3c>
 80011c8:	f015 0f04 	tst.w	r5, #4
 80011cc:	d010      	beq.n	80011f0 <HAL_DMA_IRQHandler+0x3c>
    if((hdma->Instance->CCR & DMA_CCR_CIRC) == 0U)
 80011ce:	6823      	ldr	r3, [r4, #0]
 80011d0:	f013 0f20 	tst.w	r3, #32
 80011d4:	d103      	bne.n	80011de <HAL_DMA_IRQHandler+0x2a>
      hdma->Instance->CCR &= ~DMA_IT_HT;
 80011d6:	6823      	ldr	r3, [r4, #0]
 80011d8:	f023 0304 	bic.w	r3, r3, #4
 80011dc:	6023      	str	r3, [r4, #0]
    hdma->DmaBaseAddress->IFCR = DMA_FLAG_HT1 << hdma->ChannelIndex;
 80011de:	6c01      	ldr	r1, [r0, #64]	@ 0x40
 80011e0:	6bc2      	ldr	r2, [r0, #60]	@ 0x3c
 80011e2:	2304      	movs	r3, #4
 80011e4:	408b      	lsls	r3, r1
 80011e6:	6053      	str	r3, [r2, #4]
    if(hdma->XferHalfCpltCallback != NULL)
 80011e8:	6ac3      	ldr	r3, [r0, #44]	@ 0x2c
 80011ea:	b103      	cbz	r3, 80011ee <HAL_DMA_IRQHandler+0x3a>
      hdma->XferHalfCpltCallback(hdma);
 80011ec:	4798      	blx	r3
}
 80011ee:	bd38      	pop	{r3, r4, r5, pc}
  else if ((RESET != (flag_it & (DMA_FLAG_TC1 << hdma->ChannelIndex))) && (RESET != (source_it & DMA_IT_TC)))
 80011f0:	2302      	movs	r3, #2
 80011f2:	408b      	lsls	r3, r1
 80011f4:	4213      	tst	r3, r2
 80011f6:	d01a      	beq.n	800122e <HAL_DMA_IRQHandler+0x7a>
 80011f8:	f015 0f02 	tst.w	r5, #2
 80011fc:	d017      	beq.n	800122e <HAL_DMA_IRQHandler+0x7a>
    if((hdma->Instance->CCR & DMA_CCR_CIRC) == 0U)
 80011fe:	6823      	ldr	r3, [r4, #0]
 8001200:	f013 0f20 	tst.w	r3, #32
 8001204:	d106      	bne.n	8001214 <HAL_DMA_IRQHandler+0x60>
      hdma->Instance->CCR &= ~(DMA_IT_TC | DMA_IT_TE);
 8001206:	6823      	ldr	r3, [r4, #0]
 8001208:	f023 030a 	bic.w	r3, r3, #10
 800120c:	6023      	str	r3, [r4, #0]
      hdma->State = HAL_DMA_STATE_READY;
 800120e:	2301      	movs	r3, #1
 8001210:	f880 3021 	strb.w	r3, [r0, #33]	@ 0x21
    hdma->DmaBaseAddress->IFCR = DMA_FLAG_TC1 << hdma->ChannelIndex;
 8001214:	6c01      	ldr	r1, [r0, #64]	@ 0x40
 8001216:	6bc2      	ldr	r2, [r0, #60]	@ 0x3c
 8001218:	2302      	movs	r3, #2
 800121a:	408b      	lsls	r3, r1
 800121c:	6053      	str	r3, [r2, #4]
    __HAL_UNLOCK(hdma);
 800121e:	2300      	movs	r3, #0
 8001220:	f880 3020 	strb.w	r3, [r0, #32]
    if(hdma->XferCpltCallback != NULL)
 8001224:	6a83      	ldr	r3, [r0, #40]	@ 0x28
 8001226:	2b00      	cmp	r3, #0
 8001228:	d0e1      	beq.n	80011ee <HAL_DMA_IRQHandler+0x3a>
      hdma->XferCpltCallback(hdma);
 800122a:	4798      	blx	r3
 800122c:	e7df      	b.n	80011ee <HAL_DMA_IRQHandler+0x3a>
  else if (( RESET != (flag_it & (DMA_FLAG_TE1 << hdma->ChannelIndex))) && (RESET != (source_it & DMA_IT_TE)))
 800122e:	2308      	movs	r3, #8
 8001230:	408b      	lsls	r3, r1
 8001232:	4213      	tst	r3, r2
 8001234:	d0db      	beq.n	80011ee <HAL_DMA_IRQHandler+0x3a>
 8001236:	f015 0f08 	tst.w	r5, #8
 800123a:	d0d8      	beq.n	80011ee <HAL_DMA_IRQHandler+0x3a>
    hdma->Instance->CCR &= ~(DMA_IT_TC | DMA_IT_HT | DMA_IT_TE);
 800123c:	6823      	ldr	r3, [r4, #0]
 800123e:	f023 030e 	bic.w	r3, r3, #14
 8001242:	6023      	str	r3, [r4, #0]
    hdma->DmaBaseAddress->IFCR = DMA_FLAG_GL1 << hdma->ChannelIndex;
 8001244:	6c02      	ldr	r2, [r0, #64]	@ 0x40
 8001246:	6bc1      	ldr	r1, [r0, #60]	@ 0x3c
 8001248:	2301      	movs	r3, #1
 800124a:	fa03 f202 	lsl.w	r2, r3, r2
 800124e:	604a      	str	r2, [r1, #4]
    hdma->ErrorCode = HAL_DMA_ERROR_TE;
 8001250:	6383      	str	r3, [r0, #56]	@ 0x38
    hdma->State = HAL_DMA_STATE_READY;
 8001252:	f880 3021 	strb.w	r3, [r0, #33]	@ 0x21
    __HAL_UNLOCK(hdma);
 8001256:	2300      	movs	r3, #0
 8001258:	f880 3020 	strb.w	r3, [r0, #32]
    if(hdma->XferErrorCallback != NULL)
 800125c:	6b03      	ldr	r3, [r0, #48]	@ 0x30
 800125e:	2b00      	cmp	r3, #0
 8001260:	d0c5      	beq.n	80011ee <HAL_DMA_IRQHandler+0x3a>
      hdma->XferErrorCallback(hdma);
 8001262:	4798      	blx	r3
}
 8001264:	e7c3      	b.n	80011ee <HAL_DMA_IRQHandler+0x3a>
	...

08001268 <HAL_GPIO_Init>:
  * @param  GPIO_Init pointer to a GPIO_InitTypeDef structure that contains
  *         the configuration information for the specified GPIO peripheral.
  * @retval None
  */
void HAL_GPIO_Init(GPIO_TypeDef  *GPIOx, GPIO_InitTypeDef *GPIO_Init)
{
 8001268:	b5f0      	push	{r4, r5, r6, r7, lr}
 800126a:	b083      	sub	sp, #12
  uint32_t position = 0x00u;
 800126c:	2300      	movs	r3, #0
  assert_param(IS_GPIO_ALL_INSTANCE(GPIOx));
  assert_param(IS_GPIO_PIN(GPIO_Init->Pin));
  assert_param(IS_GPIO_MODE(GPIO_Init->Mode));

  /* Configure the port pins */
  while (((GPIO_Init->Pin) >> position) != 0x00u)
 800126e:	e062      	b.n	8001336 <HAL_GPIO_Init+0xce>
      if(((GPIO_Init->Mode & GPIO_MODE) == MODE_OUTPUT) || ((GPIO_Init->Mode & GPIO_MODE) == MODE_AF))
      {
        /* Check the Speed parameter */
        assert_param(IS_GPIO_SPEED(GPIO_Init->Speed));
        /* Configure the IO Speed */
        temp = GPIOx->OSPEEDR;
 8001270:	6885      	ldr	r5, [r0, #8]
        temp &= ~(GPIO_OSPEEDER_OSPEEDR0 << (position * 2u));
 8001272:	005e      	lsls	r6, r3, #1
 8001274:	2403      	movs	r4, #3
 8001276:	40b4      	lsls	r4, r6
 8001278:	ea25 0504 	bic.w	r5, r5, r4
        temp |= (GPIO_Init->Speed << (position * 2u));
 800127c:	68cc      	ldr	r4, [r1, #12]
 800127e:	40b4      	lsls	r4, r6
 8001280:	432c      	orrs	r4, r5
        GPIOx->OSPEEDR = temp;
 8001282:	6084      	str	r4, [r0, #8]

        /* Configure the IO Output Type */
        temp = GPIOx->OTYPER;
 8001284:	6845      	ldr	r5, [r0, #4]
        temp &= ~(GPIO_OTYPER_OT_0 << position) ;
 8001286:	ea25 050c 	bic.w	r5, r5, ip
        temp |= (((GPIO_Init->Mode & OUTPUT_TYPE) >> OUTPUT_TYPE_Pos) << position);
 800128a:	684c      	ldr	r4, [r1, #4]
 800128c:	f3c4 1400 	ubfx	r4, r4, #4, #1
 8001290:	409c      	lsls	r4, r3
 8001292:	432c      	orrs	r4, r5
        GPIOx->OTYPER = temp;
 8001294:	6044      	str	r4, [r0, #4]
 8001296:	e05f      	b.n	8001358 <HAL_GPIO_Init+0xf0>
        /* Check the Alternate function parameters */
        assert_param(IS_GPIO_AF_INSTANCE(GPIOx));
        assert_param(IS_GPIO_AF(GPIO_Init->Alternate));

        /* Configure Alternate function mapped with the current IO */
        temp = GPIOx->AFR[position >> 3u];
 8001298:	08dd      	lsrs	r5, r3, #3
 800129a:	3508      	adds	r5, #8
 800129c:	f850 4025 	ldr.w	r4, [r0, r5, lsl #2]
        temp &= ~(0xFu << ((position & 0x07u) * 4u));
 80012a0:	f003 0c07 	and.w	ip, r3, #7
 80012a4:	ea4f 0c8c 	mov.w	ip, ip, lsl #2
 80012a8:	f04f 0e0f 	mov.w	lr, #15
 80012ac:	fa0e fe0c 	lsl.w	lr, lr, ip
 80012b0:	ea24 0e0e 	bic.w	lr, r4, lr
        temp |= ((GPIO_Init->Alternate) << ((position & 0x07u) * 4u));
 80012b4:	690c      	ldr	r4, [r1, #16]
 80012b6:	fa04 f40c 	lsl.w	r4, r4, ip
 80012ba:	ea44 040e 	orr.w	r4, r4, lr
        GPIOx->AFR[position >> 3u] = temp;
 80012be:	f840 4025 	str.w	r4, [r0, r5, lsl #2]
 80012c2:	e060      	b.n	8001386 <HAL_GPIO_Init+0x11e>
        /* Enable SYSCFG Clock */
        __HAL_RCC_SYSCFG_CLK_ENABLE();

        temp = SYSCFG->EXTICR[position >> 2u];
        temp &= ~(0x0FuL << (4u * (position & 0x03u)));
        temp |= (GPIO_GET_INDEX(GPIOx) << (4u * (position & 0x03u)));
 80012c4:	2406      	movs	r4, #6
 80012c6:	e000      	b.n	80012ca <HAL_GPIO_Init+0x62>
 80012c8:	2400      	movs	r4, #0
 80012ca:	fa04 f40e 	lsl.w	r4, r4, lr
 80012ce:	432c      	orrs	r4, r5
        SYSCFG->EXTICR[position >> 2u] = temp;
 80012d0:	f10c 0c02 	add.w	ip, ip, #2
 80012d4:	4d58      	ldr	r5, [pc, #352]	@ (8001438 <HAL_GPIO_Init+0x1d0>)
 80012d6:	f845 402c 	str.w	r4, [r5, ip, lsl #2]

        /* Clear Rising Falling edge configuration */
        temp = EXTI->RTSR;
 80012da:	4c58      	ldr	r4, [pc, #352]	@ (800143c <HAL_GPIO_Init+0x1d4>)
 80012dc:	68a5      	ldr	r5, [r4, #8]
        temp &= ~(iocurrent);
 80012de:	43d4      	mvns	r4, r2
 80012e0:	ea25 0602 	bic.w	r6, r5, r2
        if((GPIO_Init->Mode & TRIGGER_RISING) != 0x00u)
 80012e4:	684f      	ldr	r7, [r1, #4]
 80012e6:	f417 1f80 	tst.w	r7, #1048576	@ 0x100000
 80012ea:	d001      	beq.n	80012f0 <HAL_GPIO_Init+0x88>
        {
          temp |= iocurrent;
 80012ec:	ea42 0605 	orr.w	r6, r2, r5
        }
        EXTI->RTSR = temp;
 80012f0:	4d52      	ldr	r5, [pc, #328]	@ (800143c <HAL_GPIO_Init+0x1d4>)
 80012f2:	60ae      	str	r6, [r5, #8]

        temp = EXTI->FTSR;
 80012f4:	68ed      	ldr	r5, [r5, #12]
        temp &= ~(iocurrent);
 80012f6:	ea04 0605 	and.w	r6, r4, r5
        if((GPIO_Init->Mode & TRIGGER_FALLING) != 0x00u)
 80012fa:	684f      	ldr	r7, [r1, #4]
 80012fc:	f417 1f00 	tst.w	r7, #2097152	@ 0x200000
 8001300:	d001      	beq.n	8001306 <HAL_GPIO_Init+0x9e>
        {
          temp |= iocurrent;
 8001302:	ea42 0605 	orr.w	r6, r2, r5
        }
        EXTI->FTSR = temp;
 8001306:	4d4d      	ldr	r5, [pc, #308]	@ (800143c <HAL_GPIO_Init+0x1d4>)
 8001308:	60ee      	str	r6, [r5, #12]

        temp = EXTI->EMR;
 800130a:	686d      	ldr	r5, [r5, #4]
        temp &= ~(iocurrent);
 800130c:	ea04 0605 	and.w	r6, r4, r5
        if((GPIO_Init->Mode & EXTI_EVT) != 0x00u)
 8001310:	684f      	ldr	r7, [r1, #4]
 8001312:	f417 3f00 	tst.w	r7, #131072	@ 0x20000
 8001316:	d001      	beq.n	800131c <HAL_GPIO_Init+0xb4>
        {
          temp |= iocurrent;
 8001318:	ea42 0605 	orr.w	r6, r2, r5
        }
        EXTI->EMR = temp;
 800131c:	4d47      	ldr	r5, [pc, #284]	@ (800143c <HAL_GPIO_Init+0x1d4>)
 800131e:	606e      	str	r6, [r5, #4]

        /* Clear EXTI line configuration */
        temp = EXTI->IMR;
 8001320:	682d      	ldr	r5, [r5, #0]
        temp &= ~(iocurrent);
 8001322:	402c      	ands	r4, r5
        if((GPIO_Init->Mode & EXTI_IT) != 0x00u)
 8001324:	684e      	ldr	r6, [r1, #4]
 8001326:	f416 3f80 	tst.w	r6, #65536	@ 0x10000
 800132a:	d001      	beq.n	8001330 <HAL_GPIO_Init+0xc8>
        {
          temp |= iocurrent;
 800132c:	ea42 0405 	orr.w	r4, r2, r5
        }
        EXTI->IMR = temp;
 8001330:	4a42      	ldr	r2, [pc, #264]	@ (800143c <HAL_GPIO_Init+0x1d4>)
 8001332:	6014      	str	r4, [r2, #0]
      }
    }

    position++;
 8001334:	3301      	adds	r3, #1
  while (((GPIO_Init->Pin) >> position) != 0x00u)
 8001336:	680a      	ldr	r2, [r1, #0]
 8001338:	fa32 f403 	lsrs.w	r4, r2, r3
 800133c:	d07a      	beq.n	8001434 <HAL_GPIO_Init+0x1cc>
    iocurrent = (GPIO_Init->Pin) & (1uL << position);
 800133e:	f04f 0c01 	mov.w	ip, #1
 8001342:	fa0c fc03 	lsl.w	ip, ip, r3
    if (iocurrent != 0x00u)
 8001346:	ea1c 0202 	ands.w	r2, ip, r2
 800134a:	d0f3      	beq.n	8001334 <HAL_GPIO_Init+0xcc>
      if(((GPIO_Init->Mode & GPIO_MODE) == MODE_OUTPUT) || ((GPIO_Init->Mode & GPIO_MODE) == MODE_AF))
 800134c:	684c      	ldr	r4, [r1, #4]
 800134e:	f004 0403 	and.w	r4, r4, #3
 8001352:	3c01      	subs	r4, #1
 8001354:	2c01      	cmp	r4, #1
 8001356:	d98b      	bls.n	8001270 <HAL_GPIO_Init+0x8>
      if((GPIO_Init->Mode & GPIO_MODE) != MODE_ANALOG)
 8001358:	684c      	ldr	r4, [r1, #4]
 800135a:	f004 0403 	and.w	r4, r4, #3
 800135e:	2c03      	cmp	r4, #3
 8001360:	d00c      	beq.n	800137c <HAL_GPIO_Init+0x114>
        temp = GPIOx->PUPDR;
 8001362:	68c4      	ldr	r4, [r0, #12]
        temp &= ~(GPIO_PUPDR_PUPDR0 << (position * 2u));
 8001364:	005d      	lsls	r5, r3, #1
 8001366:	f04f 0c03 	mov.w	ip, #3
 800136a:	fa0c fc05 	lsl.w	ip, ip, r5
 800136e:	ea24 0c0c 	bic.w	ip, r4, ip
        temp |= ((GPIO_Init->Pull) << (position * 2u));
 8001372:	688c      	ldr	r4, [r1, #8]
 8001374:	40ac      	lsls	r4, r5
 8001376:	ea44 040c 	orr.w	r4, r4, ip
        GPIOx->PUPDR = temp;
 800137a:	60c4      	str	r4, [r0, #12]
      if((GPIO_Init->Mode & GPIO_MODE) == MODE_AF)
 800137c:	684c      	ldr	r4, [r1, #4]
 800137e:	f004 0403 	and.w	r4, r4, #3
 8001382:	2c02      	cmp	r4, #2
 8001384:	d088      	beq.n	8001298 <HAL_GPIO_Init+0x30>
      temp = GPIOx->MODER;
 8001386:	6804      	ldr	r4, [r0, #0]
      temp &= ~(GPIO_MODER_MODER0 << (position * 2u));
 8001388:	ea4f 0e43 	mov.w	lr, r3, lsl #1
 800138c:	f04f 0c03 	mov.w	ip, #3
 8001390:	fa0c fc0e 	lsl.w	ip, ip, lr
 8001394:	ea24 0c0c 	bic.w	ip, r4, ip
      temp |= ((GPIO_Init->Mode & GPIO_MODE) << (position * 2u));
 8001398:	684c      	ldr	r4, [r1, #4]
 800139a:	f004 0403 	and.w	r4, r4, #3
 800139e:	fa04 f40e 	lsl.w	r4, r4, lr
 80013a2:	ea44 040c 	orr.w	r4, r4, ip
      GPIOx->MODER = temp;
 80013a6:	6004      	str	r4, [r0, #0]
      if((GPIO_Init->Mode & EXTI_MODE) != 0x00u)
 80013a8:	684c      	ldr	r4, [r1, #4]
 80013aa:	f414 3f40 	tst.w	r4, #196608	@ 0x30000
 80013ae:	d0c1      	beq.n	8001334 <HAL_GPIO_Init+0xcc>
        __HAL_RCC_SYSCFG_CLK_ENABLE();
 80013b0:	4c23      	ldr	r4, [pc, #140]	@ (8001440 <HAL_GPIO_Init+0x1d8>)
 80013b2:	69a5      	ldr	r5, [r4, #24]
 80013b4:	f045 0501 	orr.w	r5, r5, #1
 80013b8:	61a5      	str	r5, [r4, #24]
 80013ba:	69a4      	ldr	r4, [r4, #24]
 80013bc:	f004 0401 	and.w	r4, r4, #1
 80013c0:	9401      	str	r4, [sp, #4]
 80013c2:	9c01      	ldr	r4, [sp, #4]
        temp = SYSCFG->EXTICR[position >> 2u];
 80013c4:	ea4f 0c93 	mov.w	ip, r3, lsr #2
 80013c8:	f10c 0502 	add.w	r5, ip, #2
 80013cc:	4c1a      	ldr	r4, [pc, #104]	@ (8001438 <HAL_GPIO_Init+0x1d0>)
 80013ce:	f854 5025 	ldr.w	r5, [r4, r5, lsl #2]
        temp &= ~(0x0FuL << (4u * (position & 0x03u)));
 80013d2:	f003 0e03 	and.w	lr, r3, #3
 80013d6:	ea4f 0e8e 	mov.w	lr, lr, lsl #2
 80013da:	240f      	movs	r4, #15
 80013dc:	fa04 f40e 	lsl.w	r4, r4, lr
 80013e0:	ea25 0504 	bic.w	r5, r5, r4
        temp |= (GPIO_GET_INDEX(GPIOx) << (4u * (position & 0x03u)));
 80013e4:	f1b0 4f90 	cmp.w	r0, #1207959552	@ 0x48000000
 80013e8:	f43f af6e 	beq.w	80012c8 <HAL_GPIO_Init+0x60>
 80013ec:	4c15      	ldr	r4, [pc, #84]	@ (8001444 <HAL_GPIO_Init+0x1dc>)
 80013ee:	42a0      	cmp	r0, r4
 80013f0:	d016      	beq.n	8001420 <HAL_GPIO_Init+0x1b8>
 80013f2:	f504 6480 	add.w	r4, r4, #1024	@ 0x400
 80013f6:	42a0      	cmp	r0, r4
 80013f8:	d014      	beq.n	8001424 <HAL_GPIO_Init+0x1bc>
 80013fa:	f504 6480 	add.w	r4, r4, #1024	@ 0x400
 80013fe:	42a0      	cmp	r0, r4
 8001400:	d012      	beq.n	8001428 <HAL_GPIO_Init+0x1c0>
 8001402:	f504 6480 	add.w	r4, r4, #1024	@ 0x400
 8001406:	42a0      	cmp	r0, r4
 8001408:	d010      	beq.n	800142c <HAL_GPIO_Init+0x1c4>
 800140a:	f504 6480 	add.w	r4, r4, #1024	@ 0x400
 800140e:	42a0      	cmp	r0, r4
 8001410:	d00e      	beq.n	8001430 <HAL_GPIO_Init+0x1c8>
 8001412:	f504 6480 	add.w	r4, r4, #1024	@ 0x400
 8001416:	42a0      	cmp	r0, r4
 8001418:	f43f af54 	beq.w	80012c4 <HAL_GPIO_Init+0x5c>
 800141c:	2407      	movs	r4, #7
 800141e:	e754      	b.n	80012ca <HAL_GPIO_Init+0x62>
 8001420:	2401      	movs	r4, #1
 8001422:	e752      	b.n	80012ca <HAL_GPIO_Init+0x62>
 8001424:	2402      	movs	r4, #2
 8001426:	e750      	b.n	80012ca <HAL_GPIO_Init+0x62>
 8001428:	2403      	movs	r4, #3
 800142a:	e74e      	b.n	80012ca <HAL_GPIO_Init+0x62>
 800142c:	2404      	movs	r4, #4
 800142e:	e74c      	b.n	80012ca <HAL_GPIO_Init+0x62>
 8001430:	2405      	movs	r4, #5
 8001432:	e74a      	b.n	80012ca <HAL_GPIO_Init+0x62>
  }
}
 8001434:	b003      	add	sp, #12
 8001436:	bdf0      	pop	{r4, r5, r6, r7, pc}
 8001438:	40010000 	.word	0x40010000
 800143c:	40010400 	.word	0x40010400
 8001440:	40021000 	.word	0x40021000
 8001444:	48000400 	.word	0x48000400

08001448 <HAL_MspInit>:
void HAL_TIM_MspPostInit(TIM_HandleTypeDef *htim);
                                        /**
  * Initializes the Global MSP.
  */
void HAL_MspInit(void)
{
 8001448:	b082      	sub	sp, #8

  /* USER CODE BEGIN MspInit 0 */

  /* USER CODE END MspInit 0 */

  __HAL_RCC_SYSCFG_CLK_ENABLE();
 800144a:	4b0a      	ldr	r3, [pc, #40]	@ (8001474 <HAL_MspInit+0x2c>)
 800144c:	699a      	ldr	r2, [r3, #24]
 800144e:	f042 0201 	orr.w	r2, r2, #1
 8001452:	619a      	str	r2, [r3, #24]
 8001454:	699a      	ldr	r2, [r3, #24]
 8001456:	f002 0201 	and.w	r2, r2, #1
 800145a:	9200      	str	r2, [sp, #0]
 800145c:	9a00      	ldr	r2, [sp, #0]
  __HAL_RCC_PWR_CLK_ENABLE();
 800145e:	69da      	ldr	r2, [r3, #28]
 8001460:	f042 5280 	orr.w	r2, r2, #268435456	@ 0x10000000
 8001464:	61da      	str	r2, [r3, #28]
 8001466:	69db      	ldr	r3, [r3, #28]
 8001468:	f003 5380 	and.w	r3, r3, #268435456	@ 0x10000000
 800146c:	9301      	str	r3, [sp, #4]
 800146e:	9b01      	ldr	r3, [sp, #4]
  /* System interrupt init*/

  /* USER CODE BEGIN MspInit 1 */

  /* USER CODE END MspInit 1 */
}
 8001470:	b002      	add	sp, #8
 8001472:	4770      	bx	lr
 8001474:	40021000 	.word	0x40021000

08001478 <HAL_ADC_MspInit>:
  * This function configures the hardware resources used in this example
  * @param hadc: ADC handle pointer
  * @retval None
  */
void HAL_ADC_MspInit(ADC_HandleTypeDef* hadc)
{
 8001478:	b500      	push	{lr}
 800147a:	b089      	sub	sp, #36	@ 0x24
  GPIO_InitTypeDef GPIO_InitStruct = {0};
 800147c:	2300      	movs	r3, #0
 800147e:	9303      	str	r3, [sp, #12]
 8001480:	9304      	str	r3, [sp, #16]
 8001482:	9305      	str	r3, [sp, #20]
 8001484:	9306      	str	r3, [sp, #24]
 8001486:	9307      	str	r3, [sp, #28]
  if(hadc->Instance==ADC1)
 8001488:	6803      	ldr	r3, [r0, #0]
 800148a:	f1b3 4fa0 	cmp.w	r3, #1342177280	@ 0x50000000
 800148e:	d002      	beq.n	8001496 <HAL_ADC_MspInit+0x1e>

    /* USER CODE END ADC1_MspInit 1 */

  }

}
 8001490:	b009      	add	sp, #36	@ 0x24
 8001492:	f85d fb04 	ldr.w	pc, [sp], #4
    __HAL_RCC_ADC12_CLK_ENABLE();
 8001496:	f103 4370 	add.w	r3, r3, #4026531840	@ 0xf0000000
 800149a:	f503 3304 	add.w	r3, r3, #135168	@ 0x21000
 800149e:	695a      	ldr	r2, [r3, #20]
 80014a0:	f042 5280 	orr.w	r2, r2, #268435456	@ 0x10000000
 80014a4:	615a      	str	r2, [r3, #20]
 80014a6:	695a      	ldr	r2, [r3, #20]
 80014a8:	f002 5280 	and.w	r2, r2, #268435456	@ 0x10000000
 80014ac:	9201      	str	r2, [sp, #4]
 80014ae:	9a01      	ldr	r2, [sp, #4]
    __HAL_RCC_GPIOA_CLK_ENABLE();
 80014b0:	695a      	ldr	r2, [r3, #20]
 80014b2:	f442 3200 	orr.w	r2, r2, #131072	@ 0x20000
 80014b6:	615a      	str	r2, [r3, #20]
 80014b8:	695b      	ldr	r3, [r3, #20]
 80014ba:	f403 3300 	and.w	r3, r3, #131072	@ 0x20000
 80014be:	9302      	str	r3, [sp, #8]
 80014c0:	9b02      	ldr	r3, [sp, #8]
    GPIO_InitStruct.Pin = HVSense_Pin|GPIO_PIN_1|PulseVS_Pin|GPIO_PIN_3;
 80014c2:	230f      	movs	r3, #15
 80014c4:	9303      	str	r3, [sp, #12]
    GPIO_InitStruct.Mode = GPIO_MODE_ANALOG;
 80014c6:	2303      	movs	r3, #3
 80014c8:	9304      	str	r3, [sp, #16]
    HAL_GPIO_Init(GPIOA, &GPIO_InitStruct);
 80014ca:	a903      	add	r1, sp, #12
 80014cc:	f04f 4090 	mov.w	r0, #1207959552	@ 0x48000000
 80014d0:	f7ff feca 	bl	8001268 <HAL_GPIO_Init>
}
 80014d4:	e7dc      	b.n	8001490 <HAL_ADC_MspInit+0x18>
	...

080014d8 <HAL_COMP_MspInit>:
  * This function configures the hardware resources used in this example
  * @param hcomp: COMP handle pointer
  * @retval None
  */
void HAL_COMP_MspInit(COMP_HandleTypeDef* hcomp)
{
 80014d8:	b510      	push	{r4, lr}
 80014da:	b088      	sub	sp, #32
  GPIO_InitTypeDef GPIO_InitStruct = {0};
 80014dc:	2300      	movs	r3, #0
 80014de:	9303      	str	r3, [sp, #12]
 80014e0:	9304      	str	r3, [sp, #16]
 80014e2:	9305      	str	r3, [sp, #20]
 80014e4:	9306      	str	r3, [sp, #24]
 80014e6:	9307      	str	r3, [sp, #28]
  if(hcomp->Instance==COMP2)
 80014e8:	6803      	ldr	r3, [r0, #0]
 80014ea:	4a24      	ldr	r2, [pc, #144]	@ (800157c <HAL_COMP_MspInit+0xa4>)
 80014ec:	4293      	cmp	r3, r2
 80014ee:	d004      	beq.n	80014fa <HAL_COMP_MspInit+0x22>

    /* USER CODE BEGIN COMP2_MspInit 1 */

    /* USER CODE END COMP2_MspInit 1 */
  }
  else if(hcomp->Instance==COMP3)
 80014f0:	4a23      	ldr	r2, [pc, #140]	@ (8001580 <HAL_COMP_MspInit+0xa8>)
 80014f2:	4293      	cmp	r3, r2
 80014f4:	d02d      	beq.n	8001552 <HAL_COMP_MspInit+0x7a>
    /* USER CODE BEGIN COMP3_MspInit 1 */

    /* USER CODE END COMP3_MspInit 1 */
  }

}
 80014f6:	b008      	add	sp, #32
 80014f8:	bd10      	pop	{r4, pc}
    __HAL_RCC_GPIOA_CLK_ENABLE();
 80014fa:	4b22      	ldr	r3, [pc, #136]	@ (8001584 <HAL_COMP_MspInit+0xac>)
 80014fc:	695a      	ldr	r2, [r3, #20]
 80014fe:	f442 3200 	orr.w	r2, r2, #131072	@ 0x20000
 8001502:	615a      	str	r2, [r3, #20]
 8001504:	695a      	ldr	r2, [r3, #20]
 8001506:	f402 3200 	and.w	r2, r2, #131072	@ 0x20000
 800150a:	9200      	str	r2, [sp, #0]
 800150c:	9a00      	ldr	r2, [sp, #0]
    __HAL_RCC_GPIOB_CLK_ENABLE();
 800150e:	695a      	ldr	r2, [r3, #20]
 8001510:	f442 2280 	orr.w	r2, r2, #262144	@ 0x40000
 8001514:	615a      	str	r2, [r3, #20]
 8001516:	695b      	ldr	r3, [r3, #20]
 8001518:	f403 2380 	and.w	r3, r3, #262144	@ 0x40000
 800151c:	9301      	str	r3, [sp, #4]
 800151e:	9b01      	ldr	r3, [sp, #4]
    GPIO_InitStruct.Pin = GPIO_PIN_7;
 8001520:	2380      	movs	r3, #128	@ 0x80
 8001522:	9303      	str	r3, [sp, #12]
    GPIO_InitStruct.Mode = GPIO_MODE_ANALOG;
 8001524:	2303      	movs	r3, #3
 8001526:	9304      	str	r3, [sp, #16]
    HAL_GPIO_Init(GPIOA, &GPIO_InitStruct);
 8001528:	ac03      	add	r4, sp, #12
 800152a:	4621      	mov	r1, r4
 800152c:	f04f 4090 	mov.w	r0, #1207959552	@ 0x48000000
 8001530:	f7ff fe9a 	bl	8001268 <HAL_GPIO_Init>
    GPIO_InitStruct.Pin = GPIO_PIN_9;
 8001534:	f44f 7300 	mov.w	r3, #512	@ 0x200
 8001538:	9303      	str	r3, [sp, #12]
    GPIO_InitStruct.Mode = GPIO_MODE_AF_PP;
 800153a:	2302      	movs	r3, #2
 800153c:	9304      	str	r3, [sp, #16]
    GPIO_InitStruct.Pull = GPIO_NOPULL;
 800153e:	2300      	movs	r3, #0
 8001540:	9305      	str	r3, [sp, #20]
    GPIO_InitStruct.Speed = GPIO_SPEED_FREQ_LOW;
 8001542:	9306      	str	r3, [sp, #24]
    GPIO_InitStruct.Alternate = GPIO_AF8_COMP2;
 8001544:	2308      	movs	r3, #8
 8001546:	9307      	str	r3, [sp, #28]
    HAL_GPIO_Init(GPIOB, &GPIO_InitStruct);
 8001548:	4621      	mov	r1, r4
 800154a:	480f      	ldr	r0, [pc, #60]	@ (8001588 <HAL_COMP_MspInit+0xb0>)
 800154c:	f7ff fe8c 	bl	8001268 <HAL_GPIO_Init>
 8001550:	e7d1      	b.n	80014f6 <HAL_COMP_MspInit+0x1e>
    __HAL_RCC_GPIOB_CLK_ENABLE();
 8001552:	4b0c      	ldr	r3, [pc, #48]	@ (8001584 <HAL_COMP_MspInit+0xac>)
 8001554:	695a      	ldr	r2, [r3, #20]
 8001556:	f442 2280 	orr.w	r2, r2, #262144	@ 0x40000
 800155a:	615a      	str	r2, [r3, #20]
 800155c:	695b      	ldr	r3, [r3, #20]
 800155e:	f403 2380 	and.w	r3, r3, #262144	@ 0x40000
 8001562:	9302      	str	r3, [sp, #8]
 8001564:	9b02      	ldr	r3, [sp, #8]
    GPIO_InitStruct.Pin = GPIO_PIN_14;
 8001566:	f44f 4380 	mov.w	r3, #16384	@ 0x4000
 800156a:	9303      	str	r3, [sp, #12]
    GPIO_InitStruct.Mode = GPIO_MODE_ANALOG;
 800156c:	2303      	movs	r3, #3
 800156e:	9304      	str	r3, [sp, #16]
    HAL_GPIO_Init(GPIOB, &GPIO_InitStruct);
 8001570:	a903      	add	r1, sp, #12
 8001572:	4805      	ldr	r0, [pc, #20]	@ (8001588 <HAL_COMP_MspInit+0xb0>)
 8001574:	f7ff fe78 	bl	8001268 <HAL_GPIO_Init>
}
 8001578:	e7bd      	b.n	80014f6 <HAL_COMP_MspInit+0x1e>
 800157a:	bf00      	nop
 800157c:	40010020 	.word	0x40010020
 8001580:	40010024 	.word	0x40010024
 8001584:	40021000 	.word	0x40021000
 8001588:	48000400 	.word	0x48000400

0800158c <HAL_DAC_MspInit>:
  * This function configures the hardware resources used in this example
  * @param hdac: DAC handle pointer
  * @retval None
  */
void HAL_DAC_MspInit(DAC_HandleTypeDef* hdac)
{
 800158c:	b500      	push	{lr}
 800158e:	b089      	sub	sp, #36	@ 0x24
  GPIO_InitTypeDef GPIO_InitStruct = {0};
 8001590:	2300      	movs	r3, #0
 8001592:	9303      	str	r3, [sp, #12]
 8001594:	9304      	str	r3, [sp, #16]
 8001596:	9305      	str	r3, [sp, #20]
 8001598:	9306      	str	r3, [sp, #24]
 800159a:	9307      	str	r3, [sp, #28]
  if(hdac->Instance==DAC1)
 800159c:	6802      	ldr	r2, [r0, #0]
 800159e:	4b12      	ldr	r3, [pc, #72]	@ (80015e8 <HAL_DAC_MspInit+0x5c>)
 80015a0:	429a      	cmp	r2, r3
 80015a2:	d002      	beq.n	80015aa <HAL_DAC_MspInit+0x1e>

    /* USER CODE END DAC1_MspInit 1 */

  }

}
 80015a4:	b009      	add	sp, #36	@ 0x24
 80015a6:	f85d fb04 	ldr.w	pc, [sp], #4
    __HAL_RCC_DAC1_CLK_ENABLE();
 80015aa:	f503 33ce 	add.w	r3, r3, #105472	@ 0x19c00
 80015ae:	69da      	ldr	r2, [r3, #28]
 80015b0:	f042 5200 	orr.w	r2, r2, #536870912	@ 0x20000000
 80015b4:	61da      	str	r2, [r3, #28]
 80015b6:	69da      	ldr	r2, [r3, #28]
 80015b8:	f002 5200 	and.w	r2, r2, #536870912	@ 0x20000000
 80015bc:	9201      	str	r2, [sp, #4]
 80015be:	9a01      	ldr	r2, [sp, #4]
    __HAL_RCC_GPIOA_CLK_ENABLE();
 80015c0:	695a      	ldr	r2, [r3, #20]
 80015c2:	f442 3200 	orr.w	r2, r2, #131072	@ 0x20000
 80015c6:	615a      	str	r2, [r3, #20]
 80015c8:	695b      	ldr	r3, [r3, #20]
 80015ca:	f403 3300 	and.w	r3, r3, #131072	@ 0x20000
 80015ce:	9302      	str	r3, [sp, #8]
 80015d0:	9b02      	ldr	r3, [sp, #8]
    GPIO_InitStruct.Pin = GPIO_PIN_4;
 80015d2:	2310      	movs	r3, #16
 80015d4:	9303      	str	r3, [sp, #12]
    GPIO_InitStruct.Mode = GPIO_MODE_ANALOG;
 80015d6:	2303      	movs	r3, #3
 80015d8:	9304      	str	r3, [sp, #16]
    HAL_GPIO_Init(GPIOA, &GPIO_InitStruct);
 80015da:	a903      	add	r1, sp, #12
 80015dc:	f04f 4090 	mov.w	r0, #1207959552	@ 0x48000000
 80015e0:	f7ff fe42 	bl	8001268 <HAL_GPIO_Init>
}
 80015e4:	e7de      	b.n	80015a4 <HAL_DAC_MspInit+0x18>
 80015e6:	bf00      	nop
 80015e8:	40007400 	.word	0x40007400

080015ec <HAL_TIM_Base_MspInit>:
  * This function configures the hardware resources used in this example
  * @param htim_base: TIM_Base handle pointer
  * @retval None
  */
void HAL_TIM_Base_MspInit(TIM_HandleTypeDef* htim_base)
{
 80015ec:	b510      	push	{r4, lr}
 80015ee:	b082      	sub	sp, #8
  if(htim_base->Instance==TIM2)
 80015f0:	6803      	ldr	r3, [r0, #0]
 80015f2:	f1b3 4f80 	cmp.w	r3, #1073741824	@ 0x40000000
 80015f6:	d005      	beq.n	8001604 <HAL_TIM_Base_MspInit+0x18>
 80015f8:	4604      	mov	r4, r0
    __HAL_RCC_TIM2_CLK_ENABLE();
    /* USER CODE BEGIN TIM2_MspInit 1 */

    /* USER CODE END TIM2_MspInit 1 */
  }
  else if(htim_base->Instance==TIM3)
 80015fa:	4a1c      	ldr	r2, [pc, #112]	@ (800166c <HAL_TIM_Base_MspInit+0x80>)
 80015fc:	4293      	cmp	r3, r2
 80015fe:	d00d      	beq.n	800161c <HAL_TIM_Base_MspInit+0x30>
    /* USER CODE BEGIN TIM3_MspInit 1 */

    /* USER CODE END TIM3_MspInit 1 */
  }

}
 8001600:	b002      	add	sp, #8
 8001602:	bd10      	pop	{r4, pc}
    __HAL_RCC_TIM2_CLK_ENABLE();
 8001604:	f503 3304 	add.w	r3, r3, #135168	@ 0x21000
 8001608:	69da      	ldr	r2, [r3, #28]
 800160a:	f042 0201 	orr.w	r2, r2, #1
 800160e:	61da      	str	r2, [r3, #28]
 8001610:	69db      	ldr	r3, [r3, #28]
 8001612:	f003 0301 	and.w	r3, r3, #1
 8001616:	9300      	str	r3, [sp, #0]
 8001618:	9b00      	ldr	r3, [sp, #0]
 800161a:	e7f1      	b.n	8001600 <HAL_TIM_Base_MspInit+0x14>
    __HAL_RCC_TIM3_CLK_ENABLE();
 800161c:	4b14      	ldr	r3, [pc, #80]	@ (8001670 <HAL_TIM_Base_MspInit+0x84>)
 800161e:	69da      	ldr	r2, [r3, #28]
 8001620:	f042 0202 	orr.w	r2, r2, #2
 8001624:	61da      	str	r2, [r3, #28]
 8001626:	69db      	ldr	r3, [r3, #28]
 8001628:	f003 0302 	and.w	r3, r3, #2
 800162c:	9301      	str	r3, [sp, #4]
 800162e:	9b01      	ldr	r3, [sp, #4]
    hdma_tim3_ch1_trig.Instance = DMA1_Channel6;
 8001630:	4810      	ldr	r0, [pc, #64]	@ (8001674 <HAL_TIM_Base_MspInit+0x88>)
 8001632:	4b11      	ldr	r3, [pc, #68]	@ (8001678 <HAL_TIM_Base_MspInit+0x8c>)
 8001634:	6003      	str	r3, [r0, #0]
    hdma_tim3_ch1_trig.Init.Direction = DMA_MEMORY_TO_PERIPH;
 8001636:	2310      	movs	r3, #16
 8001638:	6043      	str	r3, [r0, #4]
    hdma_tim3_ch1_trig.Init.PeriphInc = DMA_PINC_DISABLE;
 800163a:	2300      	movs	r3, #0
 800163c:	6083      	str	r3, [r0, #8]
    hdma_tim3_ch1_trig.Init.MemInc = DMA_MINC_ENABLE;
 800163e:	2280      	movs	r2, #128	@ 0x80
 8001640:	60c2      	str	r2, [r0, #12]
    hdma_tim3_ch1_trig.Init.PeriphDataAlignment = DMA_PDATAALIGN_HALFWORD;
 8001642:	f44f 7280 	mov.w	r2, #256	@ 0x100
 8001646:	6102      	str	r2, [r0, #16]
    hdma_tim3_ch1_trig.Init.MemDataAlignment = DMA_MDATAALIGN_HALFWORD;
 8001648:	f44f 6280 	mov.w	r2, #1024	@ 0x400
 800164c:	6142      	str	r2, [r0, #20]
    hdma_tim3_ch1_trig.Init.Mode = DMA_NORMAL;
 800164e:	6183      	str	r3, [r0, #24]
    hdma_tim3_ch1_trig.Init.Priority = DMA_PRIORITY_VERY_HIGH;
 8001650:	f44f 5340 	mov.w	r3, #12288	@ 0x3000
 8001654:	61c3      	str	r3, [r0, #28]
    if (HAL_DMA_Init(&hdma_tim3_ch1_trig) != HAL_OK)
 8001656:	f7ff fd87 	bl	8001168 <HAL_DMA_Init>
 800165a:	b920      	cbnz	r0, 8001666 <HAL_TIM_Base_MspInit+0x7a>
    __HAL_LINKDMA(htim_base,hdma[TIM_DMA_ID_CC1],hdma_tim3_ch1_trig);
 800165c:	4b05      	ldr	r3, [pc, #20]	@ (8001674 <HAL_TIM_Base_MspInit+0x88>)
 800165e:	6263      	str	r3, [r4, #36]	@ 0x24
 8001660:	625c      	str	r4, [r3, #36]	@ 0x24
    __HAL_LINKDMA(htim_base,hdma[TIM_DMA_ID_TRIGGER],hdma_tim3_ch1_trig);
 8001662:	63a3      	str	r3, [r4, #56]	@ 0x38
}
 8001664:	e7cc      	b.n	8001600 <HAL_TIM_Base_MspInit+0x14>
      Error_Handler();
 8001666:	f7fe fdf1 	bl	800024c <Error_Handler>
 800166a:	e7f7      	b.n	800165c <HAL_TIM_Base_MspInit+0x70>
 800166c:	40000400 	.word	0x40000400
 8001670:	40021000 	.word	0x40021000
 8001674:	200000b0 	.word	0x200000b0
 8001678:	4002006c 	.word	0x4002006c

0800167c <HAL_TIM_MspPostInit>:

void HAL_TIM_MspPostInit(TIM_HandleTypeDef* htim)
{
 800167c:	b500      	push	{lr}
 800167e:	b089      	sub	sp, #36	@ 0x24
  GPIO_InitTypeDef GPIO_InitStruct = {0};
 8001680:	2300      	movs	r3, #0
 8001682:	9303      	str	r3, [sp, #12]
 8001684:	9304      	str	r3, [sp, #16]
 8001686:	9305      	str	r3, [sp, #20]
 8001688:	9306      	str	r3, [sp, #24]
 800168a:	9307      	str	r3, [sp, #28]
  if(htim->Instance==TIM2)
 800168c:	6803      	ldr	r3, [r0, #0]
 800168e:	f1b3 4f80 	cmp.w	r3, #1073741824	@ 0x40000000
 8001692:	d005      	beq.n	80016a0 <HAL_TIM_MspPostInit+0x24>

    /* USER CODE BEGIN TIM2_MspPostInit 1 */

    /* USER CODE END TIM2_MspPostInit 1 */
  }
  else if(htim->Instance==TIM3)
 8001694:	4a18      	ldr	r2, [pc, #96]	@ (80016f8 <HAL_TIM_MspPostInit+0x7c>)
 8001696:	4293      	cmp	r3, r2
 8001698:	d019      	beq.n	80016ce <HAL_TIM_MspPostInit+0x52>
    /* USER CODE BEGIN TIM3_MspPostInit 1 */

    /* USER CODE END TIM3_MspPostInit 1 */
  }

}
 800169a:	b009      	add	sp, #36	@ 0x24
 800169c:	f85d fb04 	ldr.w	pc, [sp], #4
    __HAL_RCC_GPIOA_CLK_ENABLE();
 80016a0:	f503 3304 	add.w	r3, r3, #135168	@ 0x21000
 80016a4:	695a      	ldr	r2, [r3, #20]
 80016a6:	f442 3200 	orr.w	r2, r2, #131072	@ 0x20000
 80016aa:	615a      	str	r2, [r3, #20]
 80016ac:	695b      	ldr	r3, [r3, #20]
 80016ae:	f403 3300 	and.w	r3, r3, #131072	@ 0x20000
 80016b2:	9301      	str	r3, [sp, #4]
 80016b4:	9b01      	ldr	r3, [sp, #4]
    GPIO_InitStruct.Pin = GPIO_PIN_5;
 80016b6:	2320      	movs	r3, #32
 80016b8:	9303      	str	r3, [sp, #12]
    GPIO_InitStruct.Mode = GPIO_MODE_AF_PP;
 80016ba:	2302      	movs	r3, #2
 80016bc:	9304      	str	r3, [sp, #16]
    GPIO_InitStruct.Alternate = GPIO_AF1_TIM2;
 80016be:	2301      	movs	r3, #1
 80016c0:	9307      	str	r3, [sp, #28]
    HAL_GPIO_Init(GPIOA, &GPIO_InitStruct);
 80016c2:	a903      	add	r1, sp, #12
 80016c4:	f04f 4090 	mov.w	r0, #1207959552	@ 0x48000000
 80016c8:	f7ff fdce 	bl	8001268 <HAL_GPIO_Init>
 80016cc:	e7e5      	b.n	800169a <HAL_TIM_MspPostInit+0x1e>
    __HAL_RCC_GPIOA_CLK_ENABLE();
 80016ce:	4b0b      	ldr	r3, [pc, #44]	@ (80016fc <HAL_TIM_MspPostInit+0x80>)
 80016d0:	695a      	ldr	r2, [r3, #20]
 80016d2:	f442 3200 	orr.w	r2, r2, #131072	@ 0x20000
 80016d6:	615a      	str	r2, [r3, #20]
 80016d8:	695b      	ldr	r3, [r3, #20]
 80016da:	f403 3300 	and.w	r3, r3, #131072	@ 0x20000
 80016de:	9302      	str	r3, [sp, #8]
 80016e0:	9b02      	ldr	r3, [sp, #8]
    GPIO_InitStruct.Pin = GPIO_PIN_6;
 80016e2:	2340      	movs	r3, #64	@ 0x40
 80016e4:	9303      	str	r3, [sp, #12]
    GPIO_InitStruct.Mode = GPIO_MODE_AF_PP;
 80016e6:	2302      	movs	r3, #2
 80016e8:	9304      	str	r3, [sp, #16]
    GPIO_InitStruct.Alternate = GPIO_AF2_TIM3;
 80016ea:	9307      	str	r3, [sp, #28]
    HAL_GPIO_Init(GPIOA, &GPIO_InitStruct);
 80016ec:	a903      	add	r1, sp, #12
 80016ee:	f04f 4090 	mov.w	r0, #1207959552	@ 0x48000000
 80016f2:	f7ff fdb9 	bl	8001268 <HAL_GPIO_Init>
}
 80016f6:	e7d0      	b.n	800169a <HAL_TIM_MspPostInit+0x1e>
 80016f8:	40000400 	.word	0x40000400
 80016fc:	40021000 	.word	0x40021000

08001700 <HAL_UART_MspInit>:
  * This function configures the hardware resources used in this example
  * @param huart: UART handle pointer
  * @retval None
  */
void HAL_UART_MspInit(UART_HandleTypeDef* huart)
{
 8001700:	b500      	push	{lr}
 8001702:	b089      	sub	sp, #36	@ 0x24
  GPIO_InitTypeDef GPIO_InitStruct = {0};
 8001704:	2300      	movs	r3, #0
 8001706:	9303      	str	r3, [sp, #12]
 8001708:	9304      	str	r3, [sp, #16]
 800170a:	9305      	str	r3, [sp, #20]
 800170c:	9306      	str	r3, [sp, #24]
 800170e:	9307      	str	r3, [sp, #28]
  if(huart->Instance==USART1)
 8001710:	6802      	ldr	r2, [r0, #0]
 8001712:	4b13      	ldr	r3, [pc, #76]	@ (8001760 <HAL_UART_MspInit+0x60>)
 8001714:	429a      	cmp	r2, r3
 8001716:	d002      	beq.n	800171e <HAL_UART_MspInit+0x1e>

    /* USER CODE END USART1_MspInit 1 */

  }

}
 8001718:	b009      	add	sp, #36	@ 0x24
 800171a:	f85d fb04 	ldr.w	pc, [sp], #4
    __HAL_RCC_USART1_CLK_ENABLE();
 800171e:	f503 4358 	add.w	r3, r3, #55296	@ 0xd800
 8001722:	699a      	ldr	r2, [r3, #24]
 8001724:	f442 4280 	orr.w	r2, r2, #16384	@ 0x4000
 8001728:	619a      	str	r2, [r3, #24]
 800172a:	699a      	ldr	r2, [r3, #24]
 800172c:	f402 4280 	and.w	r2, r2, #16384	@ 0x4000
 8001730:	9201      	str	r2, [sp, #4]
 8001732:	9a01      	ldr	r2, [sp, #4]
    __HAL_RCC_GPIOC_CLK_ENABLE();
 8001734:	695a      	ldr	r2, [r3, #20]
 8001736:	f442 2200 	orr.w	r2, r2, #524288	@ 0x80000
 800173a:	615a      	str	r2, [r3, #20]
 800173c:	695b      	ldr	r3, [r3, #20]
 800173e:	f403 2300 	and.w	r3, r3, #524288	@ 0x80000
 8001742:	9302      	str	r3, [sp, #8]
 8001744:	9b02      	ldr	r3, [sp, #8]
    GPIO_InitStruct.Pin = GPIO_PIN_4|GPIO_PIN_5;
 8001746:	2330      	movs	r3, #48	@ 0x30
 8001748:	9303      	str	r3, [sp, #12]
    GPIO_InitStruct.Mode = GPIO_MODE_AF_PP;
 800174a:	2302      	movs	r3, #2
 800174c:	9304      	str	r3, [sp, #16]
    GPIO_InitStruct.Speed = GPIO_SPEED_FREQ_HIGH;
 800174e:	2303      	movs	r3, #3
 8001750:	9306      	str	r3, [sp, #24]
    GPIO_InitStruct.Alternate = GPIO_AF7_USART1;
 8001752:	2307      	movs	r3, #7
 8001754:	9307      	str	r3, [sp, #28]
    HAL_GPIO_Init(GPIOC, &GPIO_InitStruct);
 8001756:	a903      	add	r1, sp, #12
 8001758:	4802      	ldr	r0, [pc, #8]	@ (8001764 <HAL_UART_MspInit+0x64>)
 800175a:	f7ff fd85 	bl	8001268 <HAL_GPIO_Init>
}
 800175e:	e7db      	b.n	8001718 <HAL_UART_MspInit+0x18>
 8001760:	40013800 	.word	0x40013800
 8001764:	48000800 	.word	0x48000800

08001768 <HAL_RCC_OscConfig>:
#if defined(RCC_CFGR_PLLSRC_HSI_PREDIV)
  uint32_t pll_config2;
#endif /* RCC_CFGR_PLLSRC_HSI_PREDIV */

  /* Check Null pointer */
  if(RCC_OscInitStruct == NULL)
 8001768:	2800      	cmp	r0, #0
 800176a:	f000 8308 	beq.w	8001d7e <HAL_RCC_OscConfig+0x616>
{
 800176e:	b570      	push	{r4, r5, r6, lr}
 8001770:	b082      	sub	sp, #8
 8001772:	4604      	mov	r4, r0

  /* Check the parameters */
  assert_param(IS_RCC_OSCILLATORTYPE(RCC_OscInitStruct->OscillatorType));

  /*------------------------------- HSE Configuration ------------------------*/ 
  if(((RCC_OscInitStruct->OscillatorType) & RCC_OSCILLATORTYPE_HSE) == RCC_OSCILLATORTYPE_HSE)
 8001774:	6803      	ldr	r3, [r0, #0]
 8001776:	f013 0f01 	tst.w	r3, #1
 800177a:	d03d      	beq.n	80017f8 <HAL_RCC_OscConfig+0x90>
  {
    /* Check the parameters */
    assert_param(IS_RCC_HSE(RCC_OscInitStruct->HSEState));

    /* When the HSE is used as system clock or clock source for PLL in these cases it is not allowed to be disabled */
    if((__HAL_RCC_GET_SYSCLK_SOURCE() == RCC_SYSCLKSOURCE_STATUS_HSE) 
 800177c:	4bb2      	ldr	r3, [pc, #712]	@ (8001a48 <HAL_RCC_OscConfig+0x2e0>)
 800177e:	685b      	ldr	r3, [r3, #4]
 8001780:	f003 030c 	and.w	r3, r3, #12
 8001784:	2b04      	cmp	r3, #4
 8001786:	d020      	beq.n	80017ca <HAL_RCC_OscConfig+0x62>
       || ((__HAL_RCC_GET_SYSCLK_SOURCE() == RCC_SYSCLKSOURCE_STATUS_PLLCLK) && (__HAL_RCC_GET_PLL_OSCSOURCE() == RCC_PLLSOURCE_HSE)))
 8001788:	4baf      	ldr	r3, [pc, #700]	@ (8001a48 <HAL_RCC_OscConfig+0x2e0>)
 800178a:	685b      	ldr	r3, [r3, #4]
 800178c:	f003 030c 	and.w	r3, r3, #12
 8001790:	2b08      	cmp	r3, #8
 8001792:	d013      	beq.n	80017bc <HAL_RCC_OscConfig+0x54>
      }
    }
    else
    {
      /* Set the new HSE configuration ---------------------------------------*/
      __HAL_RCC_HSE_CONFIG(RCC_OscInitStruct->HSEState);
 8001794:	6863      	ldr	r3, [r4, #4]
 8001796:	f5b3 3f80 	cmp.w	r3, #65536	@ 0x10000
 800179a:	d06a      	beq.n	8001872 <HAL_RCC_OscConfig+0x10a>
 800179c:	2b00      	cmp	r3, #0
 800179e:	f040 808d 	bne.w	80018bc <HAL_RCC_OscConfig+0x154>
 80017a2:	f103 4380 	add.w	r3, r3, #1073741824	@ 0x40000000
 80017a6:	f503 3304 	add.w	r3, r3, #135168	@ 0x21000
 80017aa:	681a      	ldr	r2, [r3, #0]
 80017ac:	f422 3280 	bic.w	r2, r2, #65536	@ 0x10000
 80017b0:	601a      	str	r2, [r3, #0]
 80017b2:	681a      	ldr	r2, [r3, #0]
 80017b4:	f422 2280 	bic.w	r2, r2, #262144	@ 0x40000
 80017b8:	601a      	str	r2, [r3, #0]
 80017ba:	e05f      	b.n	800187c <HAL_RCC_OscConfig+0x114>
       || ((__HAL_RCC_GET_SYSCLK_SOURCE() == RCC_SYSCLKSOURCE_STATUS_PLLCLK) && (__HAL_RCC_GET_PLL_OSCSOURCE() == RCC_PLLSOURCE_HSE)))
 80017bc:	4ba2      	ldr	r3, [pc, #648]	@ (8001a48 <HAL_RCC_OscConfig+0x2e0>)
 80017be:	685b      	ldr	r3, [r3, #4]
 80017c0:	f403 33c0 	and.w	r3, r3, #98304	@ 0x18000
 80017c4:	f5b3 3f80 	cmp.w	r3, #65536	@ 0x10000
 80017c8:	d1e4      	bne.n	8001794 <HAL_RCC_OscConfig+0x2c>
  uint32_t result;

#if ((defined (__ARM_ARCH_7M__      ) && (__ARM_ARCH_7M__      == 1)) || \
     (defined (__ARM_ARCH_7EM__     ) && (__ARM_ARCH_7EM__     == 1)) || \
     (defined (__ARM_ARCH_8M_MAIN__ ) && (__ARM_ARCH_8M_MAIN__ == 1))    )
   __ASM volatile ("rbit %0, %1" : "=r" (result) : "r" (value) );
 80017ca:	f44f 3300 	mov.w	r3, #131072	@ 0x20000
 80017ce:	fa93 f3a3 	rbit	r3, r3
      if((__HAL_RCC_GET_FLAG(RCC_FLAG_HSERDY) != RESET) && (RCC_OscInitStruct->HSEState == RCC_HSE_OFF))
 80017d2:	4b9d      	ldr	r3, [pc, #628]	@ (8001a48 <HAL_RCC_OscConfig+0x2e0>)
 80017d4:	6819      	ldr	r1, [r3, #0]
 80017d6:	f44f 3300 	mov.w	r3, #131072	@ 0x20000
 80017da:	fa93 f3a3 	rbit	r3, r3
 80017de:	fab3 f383 	clz	r3, r3
 80017e2:	f003 031f 	and.w	r3, r3, #31
 80017e6:	2201      	movs	r2, #1
 80017e8:	fa02 f303 	lsl.w	r3, r2, r3
 80017ec:	420b      	tst	r3, r1
 80017ee:	d003      	beq.n	80017f8 <HAL_RCC_OscConfig+0x90>
 80017f0:	6863      	ldr	r3, [r4, #4]
 80017f2:	2b00      	cmp	r3, #0
 80017f4:	f000 82c5 	beq.w	8001d82 <HAL_RCC_OscConfig+0x61a>
        }
      }
    }
  }
  /*----------------------------- HSI Configuration --------------------------*/ 
  if(((RCC_OscInitStruct->OscillatorType) & RCC_OSCILLATORTYPE_HSI) == RCC_OSCILLATORTYPE_HSI)
 80017f8:	6823      	ldr	r3, [r4, #0]
 80017fa:	f013 0f02 	tst.w	r3, #2
 80017fe:	f000 80bf 	beq.w	8001980 <HAL_RCC_OscConfig+0x218>
    /* Check the parameters */
    assert_param(IS_RCC_HSI(RCC_OscInitStruct->HSIState));
    assert_param(IS_RCC_CALIBRATION_VALUE(RCC_OscInitStruct->HSICalibrationValue));
    
    /* Check if HSI is used as system clock or as PLL source when PLL is selected as system clock */ 
    if((__HAL_RCC_GET_SYSCLK_SOURCE() == RCC_SYSCLKSOURCE_STATUS_HSI) 
 8001802:	4b91      	ldr	r3, [pc, #580]	@ (8001a48 <HAL_RCC_OscConfig+0x2e0>)
 8001804:	685b      	ldr	r3, [r3, #4]
 8001806:	f013 0f0c 	tst.w	r3, #12
 800180a:	f000 8097 	beq.w	800193c <HAL_RCC_OscConfig+0x1d4>
       || ((__HAL_RCC_GET_SYSCLK_SOURCE() == RCC_SYSCLKSOURCE_STATUS_PLLCLK) && (__HAL_RCC_GET_PLL_OSCSOURCE() == RCC_PLLSOURCE_HSI)))
 800180e:	4b8e      	ldr	r3, [pc, #568]	@ (8001a48 <HAL_RCC_OscConfig+0x2e0>)
 8001810:	685b      	ldr	r3, [r3, #4]
 8001812:	f003 030c 	and.w	r3, r3, #12
 8001816:	2b08      	cmp	r3, #8
 8001818:	f000 8088 	beq.w	800192c <HAL_RCC_OscConfig+0x1c4>
      }
    }
    else
    {
      /* Check the HSI State */
      if(RCC_OscInitStruct->HSIState != RCC_HSI_OFF)
 800181c:	68e3      	ldr	r3, [r4, #12]
 800181e:	2b00      	cmp	r3, #0
 8001820:	f000 80eb 	beq.w	80019fa <HAL_RCC_OscConfig+0x292>
 8001824:	2201      	movs	r2, #1
 8001826:	fa92 f3a2 	rbit	r3, r2
      {
       /* Enable the Internal High Speed oscillator (HSI). */
        __HAL_RCC_HSI_ENABLE();
 800182a:	fab3 f383 	clz	r3, r3
 800182e:	f103 5384 	add.w	r3, r3, #276824064	@ 0x10800000
 8001832:	f503 1384 	add.w	r3, r3, #1081344	@ 0x108000
 8001836:	009b      	lsls	r3, r3, #2
 8001838:	601a      	str	r2, [r3, #0]
        
        /* Get Start Tick */
        tickstart = HAL_GetTick();
 800183a:	f7fe ff13 	bl	8000664 <HAL_GetTick>
 800183e:	4605      	mov	r5, r0
 8001840:	2302      	movs	r3, #2
 8001842:	fa93 f3a3 	rbit	r3, r3
        
        /* Wait till HSI is ready */
        while(__HAL_RCC_GET_FLAG(RCC_FLAG_HSIRDY) == RESET)
 8001846:	4b80      	ldr	r3, [pc, #512]	@ (8001a48 <HAL_RCC_OscConfig+0x2e0>)
 8001848:	6819      	ldr	r1, [r3, #0]
 800184a:	2302      	movs	r3, #2
 800184c:	fa93 f3a3 	rbit	r3, r3
 8001850:	fab3 f383 	clz	r3, r3
 8001854:	f003 031f 	and.w	r3, r3, #31
 8001858:	2201      	movs	r2, #1
 800185a:	fa02 f303 	lsl.w	r3, r2, r3
 800185e:	420b      	tst	r3, r1
 8001860:	f040 80bd 	bne.w	80019de <HAL_RCC_OscConfig+0x276>
        {
          if((HAL_GetTick() - tickstart ) > HSI_TIMEOUT_VALUE)
 8001864:	f7fe fefe 	bl	8000664 <HAL_GetTick>
 8001868:	1b40      	subs	r0, r0, r5
 800186a:	2802      	cmp	r0, #2
 800186c:	d9e8      	bls.n	8001840 <HAL_RCC_OscConfig+0xd8>
          {
            return HAL_TIMEOUT;
 800186e:	2003      	movs	r0, #3
 8001870:	e290      	b.n	8001d94 <HAL_RCC_OscConfig+0x62c>
      __HAL_RCC_HSE_CONFIG(RCC_OscInitStruct->HSEState);
 8001872:	4a75      	ldr	r2, [pc, #468]	@ (8001a48 <HAL_RCC_OscConfig+0x2e0>)
 8001874:	6813      	ldr	r3, [r2, #0]
 8001876:	f443 3380 	orr.w	r3, r3, #65536	@ 0x10000
 800187a:	6013      	str	r3, [r2, #0]
      if(RCC_OscInitStruct->HSEState != RCC_HSE_OFF)
 800187c:	6863      	ldr	r3, [r4, #4]
 800187e:	2b00      	cmp	r3, #0
 8001880:	d036      	beq.n	80018f0 <HAL_RCC_OscConfig+0x188>
        tickstart = HAL_GetTick();
 8001882:	f7fe feef 	bl	8000664 <HAL_GetTick>
 8001886:	4605      	mov	r5, r0
 8001888:	f44f 3300 	mov.w	r3, #131072	@ 0x20000
 800188c:	fa93 f3a3 	rbit	r3, r3
        while(__HAL_RCC_GET_FLAG(RCC_FLAG_HSERDY) == RESET)
 8001890:	4b6d      	ldr	r3, [pc, #436]	@ (8001a48 <HAL_RCC_OscConfig+0x2e0>)
 8001892:	6819      	ldr	r1, [r3, #0]
 8001894:	f44f 3300 	mov.w	r3, #131072	@ 0x20000
 8001898:	fa93 f3a3 	rbit	r3, r3
 800189c:	fab3 f383 	clz	r3, r3
 80018a0:	f003 031f 	and.w	r3, r3, #31
 80018a4:	2201      	movs	r2, #1
 80018a6:	fa02 f303 	lsl.w	r3, r2, r3
 80018aa:	420b      	tst	r3, r1
 80018ac:	d1a4      	bne.n	80017f8 <HAL_RCC_OscConfig+0x90>
          if((HAL_GetTick() - tickstart ) > HSE_TIMEOUT_VALUE)
 80018ae:	f7fe fed9 	bl	8000664 <HAL_GetTick>
 80018b2:	1b40      	subs	r0, r0, r5
 80018b4:	2864      	cmp	r0, #100	@ 0x64
 80018b6:	d9e7      	bls.n	8001888 <HAL_RCC_OscConfig+0x120>
            return HAL_TIMEOUT;
 80018b8:	2003      	movs	r0, #3
 80018ba:	e26b      	b.n	8001d94 <HAL_RCC_OscConfig+0x62c>
      __HAL_RCC_HSE_CONFIG(RCC_OscInitStruct->HSEState);
 80018bc:	f5b3 2fa0 	cmp.w	r3, #327680	@ 0x50000
 80018c0:	d009      	beq.n	80018d6 <HAL_RCC_OscConfig+0x16e>
 80018c2:	4b61      	ldr	r3, [pc, #388]	@ (8001a48 <HAL_RCC_OscConfig+0x2e0>)
 80018c4:	681a      	ldr	r2, [r3, #0]
 80018c6:	f422 3280 	bic.w	r2, r2, #65536	@ 0x10000
 80018ca:	601a      	str	r2, [r3, #0]
 80018cc:	681a      	ldr	r2, [r3, #0]
 80018ce:	f422 2280 	bic.w	r2, r2, #262144	@ 0x40000
 80018d2:	601a      	str	r2, [r3, #0]
 80018d4:	e7d2      	b.n	800187c <HAL_RCC_OscConfig+0x114>
 80018d6:	f103 4380 	add.w	r3, r3, #1073741824	@ 0x40000000
 80018da:	f5a3 333c 	sub.w	r3, r3, #192512	@ 0x2f000
 80018de:	681a      	ldr	r2, [r3, #0]
 80018e0:	f442 2280 	orr.w	r2, r2, #262144	@ 0x40000
 80018e4:	601a      	str	r2, [r3, #0]
 80018e6:	681a      	ldr	r2, [r3, #0]
 80018e8:	f442 3280 	orr.w	r2, r2, #65536	@ 0x10000
 80018ec:	601a      	str	r2, [r3, #0]
 80018ee:	e7c5      	b.n	800187c <HAL_RCC_OscConfig+0x114>
        tickstart = HAL_GetTick();
 80018f0:	f7fe feb8 	bl	8000664 <HAL_GetTick>
 80018f4:	4605      	mov	r5, r0
 80018f6:	f44f 3300 	mov.w	r3, #131072	@ 0x20000
 80018fa:	fa93 f3a3 	rbit	r3, r3
        while(__HAL_RCC_GET_FLAG(RCC_FLAG_HSERDY) != RESET)
 80018fe:	4b52      	ldr	r3, [pc, #328]	@ (8001a48 <HAL_RCC_OscConfig+0x2e0>)
 8001900:	6819      	ldr	r1, [r3, #0]
 8001902:	f44f 3300 	mov.w	r3, #131072	@ 0x20000
 8001906:	fa93 f3a3 	rbit	r3, r3
 800190a:	fab3 f383 	clz	r3, r3
 800190e:	f003 031f 	and.w	r3, r3, #31
 8001912:	2201      	movs	r2, #1
 8001914:	fa02 f303 	lsl.w	r3, r2, r3
 8001918:	420b      	tst	r3, r1
 800191a:	f43f af6d 	beq.w	80017f8 <HAL_RCC_OscConfig+0x90>
           if((HAL_GetTick() - tickstart ) > HSE_TIMEOUT_VALUE)
 800191e:	f7fe fea1 	bl	8000664 <HAL_GetTick>
 8001922:	1b40      	subs	r0, r0, r5
 8001924:	2864      	cmp	r0, #100	@ 0x64
 8001926:	d9e6      	bls.n	80018f6 <HAL_RCC_OscConfig+0x18e>
            return HAL_TIMEOUT;
 8001928:	2003      	movs	r0, #3
 800192a:	e233      	b.n	8001d94 <HAL_RCC_OscConfig+0x62c>
       || ((__HAL_RCC_GET_SYSCLK_SOURCE() == RCC_SYSCLKSOURCE_STATUS_PLLCLK) && (__HAL_RCC_GET_PLL_OSCSOURCE() == RCC_PLLSOURCE_HSI)))
 800192c:	4b46      	ldr	r3, [pc, #280]	@ (8001a48 <HAL_RCC_OscConfig+0x2e0>)
 800192e:	685b      	ldr	r3, [r3, #4]
 8001930:	f403 33c0 	and.w	r3, r3, #98304	@ 0x18000
 8001934:	f5b3 4f00 	cmp.w	r3, #32768	@ 0x8000
 8001938:	f47f af70 	bne.w	800181c <HAL_RCC_OscConfig+0xb4>
 800193c:	2302      	movs	r3, #2
 800193e:	fa93 f3a3 	rbit	r3, r3
      if((__HAL_RCC_GET_FLAG(RCC_FLAG_HSIRDY) != RESET) && (RCC_OscInitStruct->HSIState != RCC_HSI_ON))
 8001942:	4b41      	ldr	r3, [pc, #260]	@ (8001a48 <HAL_RCC_OscConfig+0x2e0>)
 8001944:	6819      	ldr	r1, [r3, #0]
 8001946:	2302      	movs	r3, #2
 8001948:	fa93 f3a3 	rbit	r3, r3
 800194c:	fab3 f383 	clz	r3, r3
 8001950:	f003 031f 	and.w	r3, r3, #31
 8001954:	2201      	movs	r2, #1
 8001956:	fa02 f303 	lsl.w	r3, r2, r3
 800195a:	420b      	tst	r3, r1
 800195c:	d003      	beq.n	8001966 <HAL_RCC_OscConfig+0x1fe>
 800195e:	68e3      	ldr	r3, [r4, #12]
 8001960:	4293      	cmp	r3, r2
 8001962:	f040 8210 	bne.w	8001d86 <HAL_RCC_OscConfig+0x61e>
        __HAL_RCC_HSI_CALIBRATIONVALUE_ADJUST(RCC_OscInitStruct->HSICalibrationValue);
 8001966:	4838      	ldr	r0, [pc, #224]	@ (8001a48 <HAL_RCC_OscConfig+0x2e0>)
 8001968:	6803      	ldr	r3, [r0, #0]
 800196a:	f023 03f8 	bic.w	r3, r3, #248	@ 0xf8
 800196e:	6921      	ldr	r1, [r4, #16]
 8001970:	22f8      	movs	r2, #248	@ 0xf8
 8001972:	fa92 f2a2 	rbit	r2, r2
 8001976:	fab2 f282 	clz	r2, r2
 800197a:	4091      	lsls	r1, r2
 800197c:	430b      	orrs	r3, r1
 800197e:	6003      	str	r3, [r0, #0]
        }
      }
    }
  }
  /*------------------------------ LSI Configuration -------------------------*/ 
  if(((RCC_OscInitStruct->OscillatorType) & RCC_OSCILLATORTYPE_LSI) == RCC_OSCILLATORTYPE_LSI)
 8001980:	6823      	ldr	r3, [r4, #0]
 8001982:	f013 0f08 	tst.w	r3, #8
 8001986:	f000 808b 	beq.w	8001aa0 <HAL_RCC_OscConfig+0x338>
  {
    /* Check the parameters */
    assert_param(IS_RCC_LSI(RCC_OscInitStruct->LSIState));
    
    /* Check the LSI State */
    if(RCC_OscInitStruct->LSIState != RCC_LSI_OFF)
 800198a:	6963      	ldr	r3, [r4, #20]
 800198c:	2b00      	cmp	r3, #0
 800198e:	d05f      	beq.n	8001a50 <HAL_RCC_OscConfig+0x2e8>
 8001990:	2101      	movs	r1, #1
 8001992:	fa91 f2a1 	rbit	r2, r1
    {
      /* Enable the Internal Low Speed oscillator (LSI). */
      __HAL_RCC_LSI_ENABLE();
 8001996:	fab2 f282 	clz	r2, r2
 800199a:	4b2c      	ldr	r3, [pc, #176]	@ (8001a4c <HAL_RCC_OscConfig+0x2e4>)
 800199c:	4413      	add	r3, r2
 800199e:	009b      	lsls	r3, r3, #2
 80019a0:	6019      	str	r1, [r3, #0]
      
      /* Get Start Tick */
      tickstart = HAL_GetTick();
 80019a2:	f7fe fe5f 	bl	8000664 <HAL_GetTick>
 80019a6:	4605      	mov	r5, r0
 80019a8:	2302      	movs	r3, #2
 80019aa:	fa93 f2a3 	rbit	r2, r3
 80019ae:	fa93 f2a3 	rbit	r2, r3
 80019b2:	fa93 f2a3 	rbit	r2, r3
      
      /* Wait till LSI is ready */  
      while(__HAL_RCC_GET_FLAG(RCC_FLAG_LSIRDY) == RESET)
 80019b6:	4a24      	ldr	r2, [pc, #144]	@ (8001a48 <HAL_RCC_OscConfig+0x2e0>)
 80019b8:	6a51      	ldr	r1, [r2, #36]	@ 0x24
 80019ba:	fa93 f3a3 	rbit	r3, r3
 80019be:	fab3 f383 	clz	r3, r3
 80019c2:	f003 031f 	and.w	r3, r3, #31
 80019c6:	2201      	movs	r2, #1
 80019c8:	fa02 f303 	lsl.w	r3, r2, r3
 80019cc:	420b      	tst	r3, r1
 80019ce:	d167      	bne.n	8001aa0 <HAL_RCC_OscConfig+0x338>
      {
        if((HAL_GetTick() - tickstart ) > LSI_TIMEOUT_VALUE)
 80019d0:	f7fe fe48 	bl	8000664 <HAL_GetTick>
 80019d4:	1b40      	subs	r0, r0, r5
 80019d6:	2802      	cmp	r0, #2
 80019d8:	d9e6      	bls.n	80019a8 <HAL_RCC_OscConfig+0x240>
        {
          return HAL_TIMEOUT;
 80019da:	2003      	movs	r0, #3
 80019dc:	e1da      	b.n	8001d94 <HAL_RCC_OscConfig+0x62c>
        __HAL_RCC_HSI_CALIBRATIONVALUE_ADJUST(RCC_OscInitStruct->HSICalibrationValue);
 80019de:	481a      	ldr	r0, [pc, #104]	@ (8001a48 <HAL_RCC_OscConfig+0x2e0>)
 80019e0:	6803      	ldr	r3, [r0, #0]
 80019e2:	f023 03f8 	bic.w	r3, r3, #248	@ 0xf8
 80019e6:	6921      	ldr	r1, [r4, #16]
 80019e8:	22f8      	movs	r2, #248	@ 0xf8
 80019ea:	fa92 f2a2 	rbit	r2, r2
 80019ee:	fab2 f282 	clz	r2, r2
 80019f2:	4091      	lsls	r1, r2
 80019f4:	430b      	orrs	r3, r1
 80019f6:	6003      	str	r3, [r0, #0]
 80019f8:	e7c2      	b.n	8001980 <HAL_RCC_OscConfig+0x218>
 80019fa:	2301      	movs	r3, #1
 80019fc:	fa93 f3a3 	rbit	r3, r3
        __HAL_RCC_HSI_DISABLE();
 8001a00:	fab3 f383 	clz	r3, r3
 8001a04:	f103 5384 	add.w	r3, r3, #276824064	@ 0x10800000
 8001a08:	f503 1384 	add.w	r3, r3, #1081344	@ 0x108000
 8001a0c:	009b      	lsls	r3, r3, #2
 8001a0e:	2200      	movs	r2, #0
 8001a10:	601a      	str	r2, [r3, #0]
        tickstart = HAL_GetTick();
 8001a12:	f7fe fe27 	bl	8000664 <HAL_GetTick>
 8001a16:	4605      	mov	r5, r0
 8001a18:	2302      	movs	r3, #2
 8001a1a:	fa93 f3a3 	rbit	r3, r3
        while(__HAL_RCC_GET_FLAG(RCC_FLAG_HSIRDY) != RESET)
 8001a1e:	4b0a      	ldr	r3, [pc, #40]	@ (8001a48 <HAL_RCC_OscConfig+0x2e0>)
 8001a20:	6819      	ldr	r1, [r3, #0]
 8001a22:	2302      	movs	r3, #2
 8001a24:	fa93 f3a3 	rbit	r3, r3
 8001a28:	fab3 f383 	clz	r3, r3
 8001a2c:	f003 031f 	and.w	r3, r3, #31
 8001a30:	2201      	movs	r2, #1
 8001a32:	fa02 f303 	lsl.w	r3, r2, r3
 8001a36:	420b      	tst	r3, r1
 8001a38:	d0a2      	beq.n	8001980 <HAL_RCC_OscConfig+0x218>
          if((HAL_GetTick() - tickstart ) > HSI_TIMEOUT_VALUE)
 8001a3a:	f7fe fe13 	bl	8000664 <HAL_GetTick>
 8001a3e:	1b40      	subs	r0, r0, r5
 8001a40:	2802      	cmp	r0, #2
 8001a42:	d9e9      	bls.n	8001a18 <HAL_RCC_OscConfig+0x2b0>
            return HAL_TIMEOUT;
 8001a44:	2003      	movs	r0, #3
 8001a46:	e1a5      	b.n	8001d94 <HAL_RCC_OscConfig+0x62c>
 8001a48:	40021000 	.word	0x40021000
 8001a4c:	10908120 	.word	0x10908120
 8001a50:	2201      	movs	r2, #1
 8001a52:	fa92 f2a2 	rbit	r2, r2
      }
    }
    else
    {
      /* Disable the Internal Low Speed oscillator (LSI). */
      __HAL_RCC_LSI_DISABLE();
 8001a56:	fab2 f282 	clz	r2, r2
 8001a5a:	4b9c      	ldr	r3, [pc, #624]	@ (8001ccc <HAL_RCC_OscConfig+0x564>)
 8001a5c:	4413      	add	r3, r2
 8001a5e:	009b      	lsls	r3, r3, #2
 8001a60:	2200      	movs	r2, #0
 8001a62:	601a      	str	r2, [r3, #0]
      
      /* Get Start Tick */
      tickstart = HAL_GetTick();
 8001a64:	f7fe fdfe 	bl	8000664 <HAL_GetTick>
 8001a68:	4605      	mov	r5, r0
 8001a6a:	2302      	movs	r3, #2
 8001a6c:	fa93 f2a3 	rbit	r2, r3
 8001a70:	fa93 f2a3 	rbit	r2, r3
 8001a74:	fa93 f2a3 	rbit	r2, r3
      
      /* Wait till LSI is disabled */  
      while(__HAL_RCC_GET_FLAG(RCC_FLAG_LSIRDY) != RESET)
 8001a78:	4a95      	ldr	r2, [pc, #596]	@ (8001cd0 <HAL_RCC_OscConfig+0x568>)
 8001a7a:	6a51      	ldr	r1, [r2, #36]	@ 0x24
 8001a7c:	fa93 f3a3 	rbit	r3, r3
 8001a80:	fab3 f383 	clz	r3, r3
 8001a84:	f003 031f 	and.w	r3, r3, #31
 8001a88:	2201      	movs	r2, #1
 8001a8a:	fa02 f303 	lsl.w	r3, r2, r3
 8001a8e:	420b      	tst	r3, r1
 8001a90:	d006      	beq.n	8001aa0 <HAL_RCC_OscConfig+0x338>
      {
        if((HAL_GetTick() - tickstart ) > LSI_TIMEOUT_VALUE)
 8001a92:	f7fe fde7 	bl	8000664 <HAL_GetTick>
 8001a96:	1b40      	subs	r0, r0, r5
 8001a98:	2802      	cmp	r0, #2
 8001a9a:	d9e6      	bls.n	8001a6a <HAL_RCC_OscConfig+0x302>
        {
          return HAL_TIMEOUT;
 8001a9c:	2003      	movs	r0, #3
 8001a9e:	e179      	b.n	8001d94 <HAL_RCC_OscConfig+0x62c>
        }
      }
    }
  }
  /*------------------------------ LSE Configuration -------------------------*/ 
  if(((RCC_OscInitStruct->OscillatorType) & RCC_OSCILLATORTYPE_LSE) == RCC_OSCILLATORTYPE_LSE)
 8001aa0:	6823      	ldr	r3, [r4, #0]
 8001aa2:	f013 0f04 	tst.w	r3, #4
 8001aa6:	f000 80a9 	beq.w	8001bfc <HAL_RCC_OscConfig+0x494>
    /* Check the parameters */
    assert_param(IS_RCC_LSE(RCC_OscInitStruct->LSEState));

    /* Update LSE configuration in Backup Domain control register    */
    /* Requires to enable write access to Backup Domain of necessary */
    if(__HAL_RCC_PWR_IS_CLK_DISABLED())
 8001aaa:	4b89      	ldr	r3, [pc, #548]	@ (8001cd0 <HAL_RCC_OscConfig+0x568>)
 8001aac:	69db      	ldr	r3, [r3, #28]
 8001aae:	f013 5f80 	tst.w	r3, #268435456	@ 0x10000000
 8001ab2:	d120      	bne.n	8001af6 <HAL_RCC_OscConfig+0x38e>
    {
      __HAL_RCC_PWR_CLK_ENABLE();
 8001ab4:	4b86      	ldr	r3, [pc, #536]	@ (8001cd0 <HAL_RCC_OscConfig+0x568>)
 8001ab6:	69da      	ldr	r2, [r3, #28]
 8001ab8:	f042 5280 	orr.w	r2, r2, #268435456	@ 0x10000000
 8001abc:	61da      	str	r2, [r3, #28]
 8001abe:	69db      	ldr	r3, [r3, #28]
 8001ac0:	f003 5380 	and.w	r3, r3, #268435456	@ 0x10000000
 8001ac4:	9301      	str	r3, [sp, #4]
 8001ac6:	9b01      	ldr	r3, [sp, #4]
      pwrclkchanged = SET;
 8001ac8:	2501      	movs	r5, #1
    }
    
    if(HAL_IS_BIT_CLR(PWR->CR, PWR_CR_DBP))
 8001aca:	4b82      	ldr	r3, [pc, #520]	@ (8001cd4 <HAL_RCC_OscConfig+0x56c>)
 8001acc:	681b      	ldr	r3, [r3, #0]
 8001ace:	f413 7f80 	tst.w	r3, #256	@ 0x100
 8001ad2:	d012      	beq.n	8001afa <HAL_RCC_OscConfig+0x392>
        }
      }
    }

    /* Set the new LSE configuration -----------------------------------------*/
    __HAL_RCC_LSE_CONFIG(RCC_OscInitStruct->LSEState);
 8001ad4:	68a3      	ldr	r3, [r4, #8]
 8001ad6:	2b01      	cmp	r3, #1
 8001ad8:	d023      	beq.n	8001b22 <HAL_RCC_OscConfig+0x3ba>
 8001ada:	bb73      	cbnz	r3, 8001b3a <HAL_RCC_OscConfig+0x3d2>
 8001adc:	f103 4380 	add.w	r3, r3, #1073741824	@ 0x40000000
 8001ae0:	f503 3304 	add.w	r3, r3, #135168	@ 0x21000
 8001ae4:	6a1a      	ldr	r2, [r3, #32]
 8001ae6:	f022 0201 	bic.w	r2, r2, #1
 8001aea:	621a      	str	r2, [r3, #32]
 8001aec:	6a1a      	ldr	r2, [r3, #32]
 8001aee:	f022 0204 	bic.w	r2, r2, #4
 8001af2:	621a      	str	r2, [r3, #32]
 8001af4:	e01a      	b.n	8001b2c <HAL_RCC_OscConfig+0x3c4>
    FlagStatus       pwrclkchanged = RESET;
 8001af6:	2500      	movs	r5, #0
 8001af8:	e7e7      	b.n	8001aca <HAL_RCC_OscConfig+0x362>
      SET_BIT(PWR->CR, PWR_CR_DBP);
 8001afa:	4a76      	ldr	r2, [pc, #472]	@ (8001cd4 <HAL_RCC_OscConfig+0x56c>)
 8001afc:	6813      	ldr	r3, [r2, #0]
 8001afe:	f443 7380 	orr.w	r3, r3, #256	@ 0x100
 8001b02:	6013      	str	r3, [r2, #0]
      tickstart = HAL_GetTick();
 8001b04:	f7fe fdae 	bl	8000664 <HAL_GetTick>
 8001b08:	4606      	mov	r6, r0
      while(HAL_IS_BIT_CLR(PWR->CR, PWR_CR_DBP))
 8001b0a:	4b72      	ldr	r3, [pc, #456]	@ (8001cd4 <HAL_RCC_OscConfig+0x56c>)
 8001b0c:	681b      	ldr	r3, [r3, #0]
 8001b0e:	f413 7f80 	tst.w	r3, #256	@ 0x100
 8001b12:	d1df      	bne.n	8001ad4 <HAL_RCC_OscConfig+0x36c>
        if((HAL_GetTick() - tickstart) > RCC_DBP_TIMEOUT_VALUE)
 8001b14:	f7fe fda6 	bl	8000664 <HAL_GetTick>
 8001b18:	1b80      	subs	r0, r0, r6
 8001b1a:	2864      	cmp	r0, #100	@ 0x64
 8001b1c:	d9f5      	bls.n	8001b0a <HAL_RCC_OscConfig+0x3a2>
          return HAL_TIMEOUT;
 8001b1e:	2003      	movs	r0, #3
 8001b20:	e138      	b.n	8001d94 <HAL_RCC_OscConfig+0x62c>
    __HAL_RCC_LSE_CONFIG(RCC_OscInitStruct->LSEState);
 8001b22:	4a6b      	ldr	r2, [pc, #428]	@ (8001cd0 <HAL_RCC_OscConfig+0x568>)
 8001b24:	6a13      	ldr	r3, [r2, #32]
 8001b26:	f043 0301 	orr.w	r3, r3, #1
 8001b2a:	6213      	str	r3, [r2, #32]
    /* Check the LSE State */
    if(RCC_OscInitStruct->LSEState != RCC_LSE_OFF)
 8001b2c:	68a3      	ldr	r3, [r4, #8]
 8001b2e:	2b00      	cmp	r3, #0
 8001b30:	d03c      	beq.n	8001bac <HAL_RCC_OscConfig+0x444>
    {
      /* Get Start Tick */
      tickstart = HAL_GetTick();
 8001b32:	f7fe fd97 	bl	8000664 <HAL_GetTick>
 8001b36:	4606      	mov	r6, r0
      
      /* Wait till LSE is ready */  
      while(__HAL_RCC_GET_FLAG(RCC_FLAG_LSERDY) == RESET)
 8001b38:	e02e      	b.n	8001b98 <HAL_RCC_OscConfig+0x430>
    __HAL_RCC_LSE_CONFIG(RCC_OscInitStruct->LSEState);
 8001b3a:	2b05      	cmp	r3, #5
 8001b3c:	d009      	beq.n	8001b52 <HAL_RCC_OscConfig+0x3ea>
 8001b3e:	4b64      	ldr	r3, [pc, #400]	@ (8001cd0 <HAL_RCC_OscConfig+0x568>)
 8001b40:	6a1a      	ldr	r2, [r3, #32]
 8001b42:	f022 0201 	bic.w	r2, r2, #1
 8001b46:	621a      	str	r2, [r3, #32]
 8001b48:	6a1a      	ldr	r2, [r3, #32]
 8001b4a:	f022 0204 	bic.w	r2, r2, #4
 8001b4e:	621a      	str	r2, [r3, #32]
 8001b50:	e7ec      	b.n	8001b2c <HAL_RCC_OscConfig+0x3c4>
 8001b52:	4b5f      	ldr	r3, [pc, #380]	@ (8001cd0 <HAL_RCC_OscConfig+0x568>)
 8001b54:	6a1a      	ldr	r2, [r3, #32]
 8001b56:	f042 0204 	orr.w	r2, r2, #4
 8001b5a:	621a      	str	r2, [r3, #32]
 8001b5c:	6a1a      	ldr	r2, [r3, #32]
 8001b5e:	f042 0201 	orr.w	r2, r2, #1
 8001b62:	621a      	str	r2, [r3, #32]
 8001b64:	e7e2      	b.n	8001b2c <HAL_RCC_OscConfig+0x3c4>
 8001b66:	2302      	movs	r3, #2
 8001b68:	fa93 f3a3 	rbit	r3, r3
      while(__HAL_RCC_GET_FLAG(RCC_FLAG_LSERDY) == RESET)
 8001b6c:	4b58      	ldr	r3, [pc, #352]	@ (8001cd0 <HAL_RCC_OscConfig+0x568>)
 8001b6e:	6a59      	ldr	r1, [r3, #36]	@ 0x24
 8001b70:	2302      	movs	r3, #2
 8001b72:	fa93 f3a3 	rbit	r3, r3
 8001b76:	fab3 f383 	clz	r3, r3
 8001b7a:	f003 031f 	and.w	r3, r3, #31
 8001b7e:	2201      	movs	r2, #1
 8001b80:	fa02 f303 	lsl.w	r3, r2, r3
 8001b84:	4219      	tst	r1, r3
 8001b86:	d138      	bne.n	8001bfa <HAL_RCC_OscConfig+0x492>
      {
        if((HAL_GetTick() - tickstart ) > RCC_LSE_TIMEOUT_VALUE)
 8001b88:	f7fe fd6c 	bl	8000664 <HAL_GetTick>
 8001b8c:	1b80      	subs	r0, r0, r6
 8001b8e:	f241 3388 	movw	r3, #5000	@ 0x1388
 8001b92:	4298      	cmp	r0, r3
 8001b94:	f200 80f9 	bhi.w	8001d8a <HAL_RCC_OscConfig+0x622>
 8001b98:	2302      	movs	r3, #2
 8001b9a:	fa93 f2a3 	rbit	r2, r3
 8001b9e:	fa93 f3a3 	rbit	r3, r3
      while(__HAL_RCC_GET_FLAG(RCC_FLAG_LSERDY) == RESET)
 8001ba2:	2b00      	cmp	r3, #0
 8001ba4:	d0df      	beq.n	8001b66 <HAL_RCC_OscConfig+0x3fe>
 8001ba6:	4b4a      	ldr	r3, [pc, #296]	@ (8001cd0 <HAL_RCC_OscConfig+0x568>)
 8001ba8:	6a19      	ldr	r1, [r3, #32]
 8001baa:	e7e1      	b.n	8001b70 <HAL_RCC_OscConfig+0x408>
      }
    }
    else
    {
      /* Get Start Tick */
      tickstart = HAL_GetTick();
 8001bac:	f7fe fd5a 	bl	8000664 <HAL_GetTick>
 8001bb0:	4606      	mov	r6, r0
      
      /* Wait till LSE is disabled */  
      while(__HAL_RCC_GET_FLAG(RCC_FLAG_LSERDY) != RESET)
 8001bb2:	e018      	b.n	8001be6 <HAL_RCC_OscConfig+0x47e>
 8001bb4:	2302      	movs	r3, #2
 8001bb6:	fa93 f3a3 	rbit	r3, r3
 8001bba:	4b45      	ldr	r3, [pc, #276]	@ (8001cd0 <HAL_RCC_OscConfig+0x568>)
 8001bbc:	6a59      	ldr	r1, [r3, #36]	@ 0x24
 8001bbe:	2302      	movs	r3, #2
 8001bc0:	fa93 f3a3 	rbit	r3, r3
 8001bc4:	fab3 f383 	clz	r3, r3
 8001bc8:	f003 031f 	and.w	r3, r3, #31
 8001bcc:	2201      	movs	r2, #1
 8001bce:	fa02 f303 	lsl.w	r3, r2, r3
 8001bd2:	4219      	tst	r1, r3
 8001bd4:	d011      	beq.n	8001bfa <HAL_RCC_OscConfig+0x492>
      {
        if((HAL_GetTick() - tickstart ) > RCC_LSE_TIMEOUT_VALUE)
 8001bd6:	f7fe fd45 	bl	8000664 <HAL_GetTick>
 8001bda:	1b80      	subs	r0, r0, r6
 8001bdc:	f241 3388 	movw	r3, #5000	@ 0x1388
 8001be0:	4298      	cmp	r0, r3
 8001be2:	f200 80d4 	bhi.w	8001d8e <HAL_RCC_OscConfig+0x626>
 8001be6:	2302      	movs	r3, #2
 8001be8:	fa93 f2a3 	rbit	r2, r3
 8001bec:	fa93 f3a3 	rbit	r3, r3
      while(__HAL_RCC_GET_FLAG(RCC_FLAG_LSERDY) != RESET)
 8001bf0:	2b00      	cmp	r3, #0
 8001bf2:	d0df      	beq.n	8001bb4 <HAL_RCC_OscConfig+0x44c>
 8001bf4:	4b36      	ldr	r3, [pc, #216]	@ (8001cd0 <HAL_RCC_OscConfig+0x568>)
 8001bf6:	6a19      	ldr	r1, [r3, #32]
 8001bf8:	e7e1      	b.n	8001bbe <HAL_RCC_OscConfig+0x456>
        }
      }
    }

    /* Require to disable power clock if necessary */
    if(pwrclkchanged == SET)
 8001bfa:	bbb5      	cbnz	r5, 8001c6a <HAL_RCC_OscConfig+0x502>
  }

  /*-------------------------------- PLL Configuration -----------------------*/
  /* Check the parameters */
  assert_param(IS_RCC_PLL(RCC_OscInitStruct->PLL.PLLState));
  if ((RCC_OscInitStruct->PLL.PLLState) != RCC_PLL_NONE)
 8001bfc:	69a3      	ldr	r3, [r4, #24]
 8001bfe:	2b00      	cmp	r3, #0
 8001c00:	f000 80c7 	beq.w	8001d92 <HAL_RCC_OscConfig+0x62a>
  {
    /* Check if the PLL is used as system clock or not */
    if(__HAL_RCC_GET_SYSCLK_SOURCE() != RCC_SYSCLKSOURCE_STATUS_PLLCLK)
 8001c04:	4a32      	ldr	r2, [pc, #200]	@ (8001cd0 <HAL_RCC_OscConfig+0x568>)
 8001c06:	6852      	ldr	r2, [r2, #4]
 8001c08:	f002 020c 	and.w	r2, r2, #12
 8001c0c:	2a08      	cmp	r2, #8
 8001c0e:	f000 80a0 	beq.w	8001d52 <HAL_RCC_OscConfig+0x5ea>
    { 
      if((RCC_OscInitStruct->PLL.PLLState) == RCC_PLL_ON)
 8001c12:	2b02      	cmp	r3, #2
 8001c14:	d02f      	beq.n	8001c76 <HAL_RCC_OscConfig+0x50e>
 8001c16:	f04f 7380 	mov.w	r3, #16777216	@ 0x1000000
 8001c1a:	fa93 f3a3 	rbit	r3, r3
        }
      }
      else
      {
        /* Disable the main PLL. */
        __HAL_RCC_PLL_DISABLE();
 8001c1e:	fab3 f383 	clz	r3, r3
 8001c22:	f103 5384 	add.w	r3, r3, #276824064	@ 0x10800000
 8001c26:	f503 1384 	add.w	r3, r3, #1081344	@ 0x108000
 8001c2a:	009b      	lsls	r3, r3, #2
 8001c2c:	2200      	movs	r2, #0
 8001c2e:	601a      	str	r2, [r3, #0]
 
        /* Get Start Tick */
        tickstart = HAL_GetTick();
 8001c30:	f7fe fd18 	bl	8000664 <HAL_GetTick>
 8001c34:	4604      	mov	r4, r0
 8001c36:	f04f 7300 	mov.w	r3, #33554432	@ 0x2000000
 8001c3a:	fa93 f3a3 	rbit	r3, r3
        
        /* Wait till PLL is disabled */  
        while(__HAL_RCC_GET_FLAG(RCC_FLAG_PLLRDY)  != RESET)
 8001c3e:	4b24      	ldr	r3, [pc, #144]	@ (8001cd0 <HAL_RCC_OscConfig+0x568>)
 8001c40:	6819      	ldr	r1, [r3, #0]
 8001c42:	f04f 7300 	mov.w	r3, #33554432	@ 0x2000000
 8001c46:	fa93 f3a3 	rbit	r3, r3
 8001c4a:	fab3 f383 	clz	r3, r3
 8001c4e:	f003 031f 	and.w	r3, r3, #31
 8001c52:	2201      	movs	r2, #1
 8001c54:	fa02 f303 	lsl.w	r3, r2, r3
 8001c58:	4219      	tst	r1, r3
 8001c5a:	d078      	beq.n	8001d4e <HAL_RCC_OscConfig+0x5e6>
        {
          if((HAL_GetTick() - tickstart ) > PLL_TIMEOUT_VALUE)
 8001c5c:	f7fe fd02 	bl	8000664 <HAL_GetTick>
 8001c60:	1b00      	subs	r0, r0, r4
 8001c62:	2802      	cmp	r0, #2
 8001c64:	d9e7      	bls.n	8001c36 <HAL_RCC_OscConfig+0x4ce>
          {
            return HAL_TIMEOUT;
 8001c66:	2003      	movs	r0, #3
 8001c68:	e094      	b.n	8001d94 <HAL_RCC_OscConfig+0x62c>
      __HAL_RCC_PWR_CLK_DISABLE();
 8001c6a:	4a19      	ldr	r2, [pc, #100]	@ (8001cd0 <HAL_RCC_OscConfig+0x568>)
 8001c6c:	69d3      	ldr	r3, [r2, #28]
 8001c6e:	f023 5380 	bic.w	r3, r3, #268435456	@ 0x10000000
 8001c72:	61d3      	str	r3, [r2, #28]
 8001c74:	e7c2      	b.n	8001bfc <HAL_RCC_OscConfig+0x494>
 8001c76:	f04f 7380 	mov.w	r3, #16777216	@ 0x1000000
 8001c7a:	fa93 f3a3 	rbit	r3, r3
        __HAL_RCC_PLL_DISABLE();
 8001c7e:	fab3 f383 	clz	r3, r3
 8001c82:	f103 5384 	add.w	r3, r3, #276824064	@ 0x10800000
 8001c86:	f503 1384 	add.w	r3, r3, #1081344	@ 0x108000
 8001c8a:	009b      	lsls	r3, r3, #2
 8001c8c:	2200      	movs	r2, #0
 8001c8e:	601a      	str	r2, [r3, #0]
        tickstart = HAL_GetTick();
 8001c90:	f7fe fce8 	bl	8000664 <HAL_GetTick>
 8001c94:	4605      	mov	r5, r0
 8001c96:	f04f 7300 	mov.w	r3, #33554432	@ 0x2000000
 8001c9a:	fa93 f3a3 	rbit	r3, r3
        while(__HAL_RCC_GET_FLAG(RCC_FLAG_PLLRDY)  != RESET)
 8001c9e:	4b0c      	ldr	r3, [pc, #48]	@ (8001cd0 <HAL_RCC_OscConfig+0x568>)
 8001ca0:	6819      	ldr	r1, [r3, #0]
 8001ca2:	f04f 7300 	mov.w	r3, #33554432	@ 0x2000000
 8001ca6:	fa93 f3a3 	rbit	r3, r3
 8001caa:	fab3 f383 	clz	r3, r3
 8001cae:	f003 031f 	and.w	r3, r3, #31
 8001cb2:	2201      	movs	r2, #1
 8001cb4:	fa02 f303 	lsl.w	r3, r2, r3
 8001cb8:	4219      	tst	r1, r3
 8001cba:	d00d      	beq.n	8001cd8 <HAL_RCC_OscConfig+0x570>
          if((HAL_GetTick() - tickstart ) > PLL_TIMEOUT_VALUE)
 8001cbc:	f7fe fcd2 	bl	8000664 <HAL_GetTick>
 8001cc0:	1b40      	subs	r0, r0, r5
 8001cc2:	2802      	cmp	r0, #2
 8001cc4:	d9e7      	bls.n	8001c96 <HAL_RCC_OscConfig+0x52e>
            return HAL_TIMEOUT;
 8001cc6:	2003      	movs	r0, #3
 8001cc8:	e064      	b.n	8001d94 <HAL_RCC_OscConfig+0x62c>
 8001cca:	bf00      	nop
 8001ccc:	10908120 	.word	0x10908120
 8001cd0:	40021000 	.word	0x40021000
 8001cd4:	40007000 	.word	0x40007000
        __HAL_RCC_PLL_CONFIG(RCC_OscInitStruct->PLL.PLLSource,
 8001cd8:	4a33      	ldr	r2, [pc, #204]	@ (8001da8 <HAL_RCC_OscConfig+0x640>)
 8001cda:	6ad3      	ldr	r3, [r2, #44]	@ 0x2c
 8001cdc:	f023 030f 	bic.w	r3, r3, #15
 8001ce0:	6a61      	ldr	r1, [r4, #36]	@ 0x24
 8001ce2:	430b      	orrs	r3, r1
 8001ce4:	62d3      	str	r3, [r2, #44]	@ 0x2c
 8001ce6:	6853      	ldr	r3, [r2, #4]
 8001ce8:	f423 1376 	bic.w	r3, r3, #4030464	@ 0x3d8000
 8001cec:	6a21      	ldr	r1, [r4, #32]
 8001cee:	69e0      	ldr	r0, [r4, #28]
 8001cf0:	4301      	orrs	r1, r0
 8001cf2:	430b      	orrs	r3, r1
 8001cf4:	6053      	str	r3, [r2, #4]
 8001cf6:	f04f 7380 	mov.w	r3, #16777216	@ 0x1000000
 8001cfa:	fa93 f3a3 	rbit	r3, r3
        __HAL_RCC_PLL_ENABLE();
 8001cfe:	fab3 f383 	clz	r3, r3
 8001d02:	f103 5384 	add.w	r3, r3, #276824064	@ 0x10800000
 8001d06:	f503 1384 	add.w	r3, r3, #1081344	@ 0x108000
 8001d0a:	009b      	lsls	r3, r3, #2
 8001d0c:	2201      	movs	r2, #1
 8001d0e:	601a      	str	r2, [r3, #0]
        tickstart = HAL_GetTick();
 8001d10:	f7fe fca8 	bl	8000664 <HAL_GetTick>
 8001d14:	4604      	mov	r4, r0
 8001d16:	f04f 7300 	mov.w	r3, #33554432	@ 0x2000000
 8001d1a:	fa93 f3a3 	rbit	r3, r3
        while(__HAL_RCC_GET_FLAG(RCC_FLAG_PLLRDY)  == RESET)
 8001d1e:	4b22      	ldr	r3, [pc, #136]	@ (8001da8 <HAL_RCC_OscConfig+0x640>)
 8001d20:	6819      	ldr	r1, [r3, #0]
 8001d22:	f04f 7300 	mov.w	r3, #33554432	@ 0x2000000
 8001d26:	fa93 f3a3 	rbit	r3, r3
 8001d2a:	fab3 f383 	clz	r3, r3
 8001d2e:	f003 031f 	and.w	r3, r3, #31
 8001d32:	2201      	movs	r2, #1
 8001d34:	fa02 f303 	lsl.w	r3, r2, r3
 8001d38:	4219      	tst	r1, r3
 8001d3a:	d106      	bne.n	8001d4a <HAL_RCC_OscConfig+0x5e2>
          if((HAL_GetTick() - tickstart ) > PLL_TIMEOUT_VALUE)
 8001d3c:	f7fe fc92 	bl	8000664 <HAL_GetTick>
 8001d40:	1b00      	subs	r0, r0, r4
 8001d42:	2802      	cmp	r0, #2
 8001d44:	d9e7      	bls.n	8001d16 <HAL_RCC_OscConfig+0x5ae>
            return HAL_TIMEOUT;
 8001d46:	2003      	movs	r0, #3
 8001d48:	e024      	b.n	8001d94 <HAL_RCC_OscConfig+0x62c>
        }
      }
    }
  }

  return HAL_OK;
 8001d4a:	2000      	movs	r0, #0
 8001d4c:	e022      	b.n	8001d94 <HAL_RCC_OscConfig+0x62c>
 8001d4e:	2000      	movs	r0, #0
 8001d50:	e020      	b.n	8001d94 <HAL_RCC_OscConfig+0x62c>
      if((RCC_OscInitStruct->PLL.PLLState) == RCC_PLL_OFF)
 8001d52:	2b01      	cmp	r3, #1
 8001d54:	d020      	beq.n	8001d98 <HAL_RCC_OscConfig+0x630>
        pll_config = RCC->CFGR;
 8001d56:	4a14      	ldr	r2, [pc, #80]	@ (8001da8 <HAL_RCC_OscConfig+0x640>)
 8001d58:	6853      	ldr	r3, [r2, #4]
        pll_config2 = RCC->CFGR2;
 8001d5a:	6ad0      	ldr	r0, [r2, #44]	@ 0x2c
        if((READ_BIT(pll_config, RCC_CFGR_PLLSRC)   != RCC_OscInitStruct->PLL.PLLSource) ||      
 8001d5c:	f403 31c0 	and.w	r1, r3, #98304	@ 0x18000
 8001d60:	69e2      	ldr	r2, [r4, #28]
 8001d62:	4291      	cmp	r1, r2
 8001d64:	d11a      	bne.n	8001d9c <HAL_RCC_OscConfig+0x634>
           (READ_BIT(pll_config, RCC_CFGR_PLLMUL)   != RCC_OscInitStruct->PLL.PLLMUL)    ||      
 8001d66:	f403 1370 	and.w	r3, r3, #3932160	@ 0x3c0000
 8001d6a:	6a22      	ldr	r2, [r4, #32]
        if((READ_BIT(pll_config, RCC_CFGR_PLLSRC)   != RCC_OscInitStruct->PLL.PLLSource) ||      
 8001d6c:	4293      	cmp	r3, r2
 8001d6e:	d117      	bne.n	8001da0 <HAL_RCC_OscConfig+0x638>
           (READ_BIT(pll_config2, RCC_CFGR2_PREDIV)  != RCC_OscInitStruct->PLL.PREDIV))     
 8001d70:	f000 000f 	and.w	r0, r0, #15
 8001d74:	6a63      	ldr	r3, [r4, #36]	@ 0x24
           (READ_BIT(pll_config, RCC_CFGR_PLLMUL)   != RCC_OscInitStruct->PLL.PLLMUL)    ||      
 8001d76:	4298      	cmp	r0, r3
 8001d78:	d114      	bne.n	8001da4 <HAL_RCC_OscConfig+0x63c>
  return HAL_OK;
 8001d7a:	2000      	movs	r0, #0
 8001d7c:	e00a      	b.n	8001d94 <HAL_RCC_OscConfig+0x62c>
    return HAL_ERROR;
 8001d7e:	2001      	movs	r0, #1
}
 8001d80:	4770      	bx	lr
        return HAL_ERROR;
 8001d82:	2001      	movs	r0, #1
 8001d84:	e006      	b.n	8001d94 <HAL_RCC_OscConfig+0x62c>
        return HAL_ERROR;
 8001d86:	2001      	movs	r0, #1
 8001d88:	e004      	b.n	8001d94 <HAL_RCC_OscConfig+0x62c>
          return HAL_TIMEOUT;
 8001d8a:	2003      	movs	r0, #3
 8001d8c:	e002      	b.n	8001d94 <HAL_RCC_OscConfig+0x62c>
          return HAL_TIMEOUT;
 8001d8e:	2003      	movs	r0, #3
 8001d90:	e000      	b.n	8001d94 <HAL_RCC_OscConfig+0x62c>
  return HAL_OK;
 8001d92:	2000      	movs	r0, #0
}
 8001d94:	b002      	add	sp, #8
 8001d96:	bd70      	pop	{r4, r5, r6, pc}
        return HAL_ERROR;
 8001d98:	2001      	movs	r0, #1
 8001d9a:	e7fb      	b.n	8001d94 <HAL_RCC_OscConfig+0x62c>
          return HAL_ERROR;
 8001d9c:	2001      	movs	r0, #1
 8001d9e:	e7f9      	b.n	8001d94 <HAL_RCC_OscConfig+0x62c>
 8001da0:	2001      	movs	r0, #1
 8001da2:	e7f7      	b.n	8001d94 <HAL_RCC_OscConfig+0x62c>
 8001da4:	2001      	movs	r0, #1
 8001da6:	e7f5      	b.n	8001d94 <HAL_RCC_OscConfig+0x62c>
 8001da8:	40021000 	.word	0x40021000

08001dac <HAL_RCC_GetSysClockFreq>:
uint32_t HAL_RCC_GetSysClockFreq(void)
{
  uint32_t tmpreg = 0U, prediv = 0U, pllclk = 0U, pllmul = 0U;
  uint32_t sysclockfreq = 0U;
  
  tmpreg = RCC->CFGR;
 8001dac:	4b10      	ldr	r3, [pc, #64]	@ (8001df0 <HAL_RCC_GetSysClockFreq+0x44>)
 8001dae:	685b      	ldr	r3, [r3, #4]
  
  /* Get SYSCLK source -------------------------------------------------------*/
  switch (tmpreg & RCC_CFGR_SWS)
 8001db0:	f003 020c 	and.w	r2, r3, #12
 8001db4:	2a08      	cmp	r2, #8
 8001db6:	d001      	beq.n	8001dbc <HAL_RCC_GetSysClockFreq+0x10>
  {
    case RCC_SYSCLKSOURCE_STATUS_HSE:  /* HSE used as system clock */
    {
      sysclockfreq = HSE_VALUE;
 8001db8:	480e      	ldr	r0, [pc, #56]	@ (8001df4 <HAL_RCC_GetSysClockFreq+0x48>)
      sysclockfreq = HSI_VALUE;
      break;
    }
  }
  return sysclockfreq;
}
 8001dba:	4770      	bx	lr
      pllmul = aPLLMULFactorTable[(uint32_t)(tmpreg & RCC_CFGR_PLLMUL) >> RCC_CFGR_PLLMUL_Pos];
 8001dbc:	f3c3 4283 	ubfx	r2, r3, #18, #4
 8001dc0:	490d      	ldr	r1, [pc, #52]	@ (8001df8 <HAL_RCC_GetSysClockFreq+0x4c>)
 8001dc2:	5c88      	ldrb	r0, [r1, r2]
      prediv = aPredivFactorTable[(uint32_t)(RCC->CFGR2 & RCC_CFGR2_PREDIV) >> RCC_CFGR2_PREDIV_Pos];
 8001dc4:	4a0a      	ldr	r2, [pc, #40]	@ (8001df0 <HAL_RCC_GetSysClockFreq+0x44>)
 8001dc6:	6ad2      	ldr	r2, [r2, #44]	@ 0x2c
 8001dc8:	f002 020f 	and.w	r2, r2, #15
 8001dcc:	490b      	ldr	r1, [pc, #44]	@ (8001dfc <HAL_RCC_GetSysClockFreq+0x50>)
 8001dce:	5c8a      	ldrb	r2, [r1, r2]
      if ((tmpreg & RCC_CFGR_PLLSRC_HSE_PREDIV) == RCC_CFGR_PLLSRC_HSE_PREDIV)
 8001dd0:	f413 3f80 	tst.w	r3, #65536	@ 0x10000
 8001dd4:	d005      	beq.n	8001de2 <HAL_RCC_GetSysClockFreq+0x36>
        pllclk = (uint32_t)((uint64_t) HSE_VALUE / (uint64_t) (prediv)) * ((uint64_t) pllmul);
 8001dd6:	4b07      	ldr	r3, [pc, #28]	@ (8001df4 <HAL_RCC_GetSysClockFreq+0x48>)
 8001dd8:	fbb3 f3f2 	udiv	r3, r3, r2
 8001ddc:	fb03 f000 	mul.w	r0, r3, r0
 8001de0:	4770      	bx	lr
        pllclk = (uint32_t)((uint64_t) HSI_VALUE / (uint64_t) (prediv)) * ((uint64_t) pllmul);
 8001de2:	4b04      	ldr	r3, [pc, #16]	@ (8001df4 <HAL_RCC_GetSysClockFreq+0x48>)
 8001de4:	fbb3 f3f2 	udiv	r3, r3, r2
 8001de8:	fb03 f000 	mul.w	r0, r3, r0
 8001dec:	4770      	bx	lr
 8001dee:	bf00      	nop
 8001df0:	40021000 	.word	0x40021000
 8001df4:	007a1200 	.word	0x007a1200
 8001df8:	080033c4 	.word	0x080033c4
 8001dfc:	080033b4 	.word	0x080033b4

08001e00 <HAL_RCC_ClockConfig>:
  if(RCC_ClkInitStruct == NULL)
 8001e00:	2800      	cmp	r0, #0
 8001e02:	f000 80be 	beq.w	8001f82 <HAL_RCC_ClockConfig+0x182>
{
 8001e06:	b570      	push	{r4, r5, r6, lr}
 8001e08:	460d      	mov	r5, r1
 8001e0a:	4604      	mov	r4, r0
  if(FLatency > __HAL_FLASH_GET_LATENCY())
 8001e0c:	4b61      	ldr	r3, [pc, #388]	@ (8001f94 <HAL_RCC_ClockConfig+0x194>)
 8001e0e:	681b      	ldr	r3, [r3, #0]
 8001e10:	f003 0307 	and.w	r3, r3, #7
 8001e14:	428b      	cmp	r3, r1
 8001e16:	d20b      	bcs.n	8001e30 <HAL_RCC_ClockConfig+0x30>
    __HAL_FLASH_SET_LATENCY(FLatency);
 8001e18:	4a5e      	ldr	r2, [pc, #376]	@ (8001f94 <HAL_RCC_ClockConfig+0x194>)
 8001e1a:	6813      	ldr	r3, [r2, #0]
 8001e1c:	f023 0307 	bic.w	r3, r3, #7
 8001e20:	430b      	orrs	r3, r1
 8001e22:	6013      	str	r3, [r2, #0]
    if(__HAL_FLASH_GET_LATENCY() != FLatency)
 8001e24:	6813      	ldr	r3, [r2, #0]
 8001e26:	f003 0307 	and.w	r3, r3, #7
 8001e2a:	428b      	cmp	r3, r1
 8001e2c:	f040 80ab 	bne.w	8001f86 <HAL_RCC_ClockConfig+0x186>
  if(((RCC_ClkInitStruct->ClockType) & RCC_CLOCKTYPE_HCLK) == RCC_CLOCKTYPE_HCLK)
 8001e30:	6823      	ldr	r3, [r4, #0]
 8001e32:	f013 0f02 	tst.w	r3, #2
 8001e36:	d006      	beq.n	8001e46 <HAL_RCC_ClockConfig+0x46>
    MODIFY_REG(RCC->CFGR, RCC_CFGR_HPRE, RCC_ClkInitStruct->AHBCLKDivider);
 8001e38:	4a57      	ldr	r2, [pc, #348]	@ (8001f98 <HAL_RCC_ClockConfig+0x198>)
 8001e3a:	6853      	ldr	r3, [r2, #4]
 8001e3c:	f023 03f0 	bic.w	r3, r3, #240	@ 0xf0
 8001e40:	68a1      	ldr	r1, [r4, #8]
 8001e42:	430b      	orrs	r3, r1
 8001e44:	6053      	str	r3, [r2, #4]
  if(((RCC_ClkInitStruct->ClockType) & RCC_CLOCKTYPE_SYSCLK) == RCC_CLOCKTYPE_SYSCLK)
 8001e46:	6823      	ldr	r3, [r4, #0]
 8001e48:	f013 0f01 	tst.w	r3, #1
 8001e4c:	d05a      	beq.n	8001f04 <HAL_RCC_ClockConfig+0x104>
    if(RCC_ClkInitStruct->SYSCLKSource == RCC_SYSCLKSOURCE_HSE)
 8001e4e:	6863      	ldr	r3, [r4, #4]
 8001e50:	2b01      	cmp	r3, #1
 8001e52:	d02d      	beq.n	8001eb0 <HAL_RCC_ClockConfig+0xb0>
    else if(RCC_ClkInitStruct->SYSCLKSource == RCC_SYSCLKSOURCE_PLLCLK)
 8001e54:	2b02      	cmp	r3, #2
 8001e56:	d040      	beq.n	8001eda <HAL_RCC_ClockConfig+0xda>
 8001e58:	2202      	movs	r2, #2
 8001e5a:	fa92 f2a2 	rbit	r2, r2
      if(__HAL_RCC_GET_FLAG(RCC_FLAG_HSIRDY) == RESET)
 8001e5e:	4a4e      	ldr	r2, [pc, #312]	@ (8001f98 <HAL_RCC_ClockConfig+0x198>)
 8001e60:	6810      	ldr	r0, [r2, #0]
 8001e62:	2202      	movs	r2, #2
 8001e64:	fa92 f2a2 	rbit	r2, r2
 8001e68:	fab2 f282 	clz	r2, r2
 8001e6c:	f002 021f 	and.w	r2, r2, #31
 8001e70:	2101      	movs	r1, #1
 8001e72:	fa01 f202 	lsl.w	r2, r1, r2
 8001e76:	4210      	tst	r0, r2
 8001e78:	f000 8087 	beq.w	8001f8a <HAL_RCC_ClockConfig+0x18a>
    __HAL_RCC_SYSCLK_CONFIG(RCC_ClkInitStruct->SYSCLKSource);
 8001e7c:	4946      	ldr	r1, [pc, #280]	@ (8001f98 <HAL_RCC_ClockConfig+0x198>)
 8001e7e:	684a      	ldr	r2, [r1, #4]
 8001e80:	f022 0203 	bic.w	r2, r2, #3
 8001e84:	4313      	orrs	r3, r2
 8001e86:	604b      	str	r3, [r1, #4]
    tickstart = HAL_GetTick();
 8001e88:	f7fe fbec 	bl	8000664 <HAL_GetTick>
 8001e8c:	4606      	mov	r6, r0
    while (__HAL_RCC_GET_SYSCLK_SOURCE() != (RCC_ClkInitStruct->SYSCLKSource << RCC_CFGR_SWS_Pos))
 8001e8e:	4b42      	ldr	r3, [pc, #264]	@ (8001f98 <HAL_RCC_ClockConfig+0x198>)
 8001e90:	685b      	ldr	r3, [r3, #4]
 8001e92:	f003 030c 	and.w	r3, r3, #12
 8001e96:	6862      	ldr	r2, [r4, #4]
 8001e98:	ebb3 0f82 	cmp.w	r3, r2, lsl #2
 8001e9c:	d032      	beq.n	8001f04 <HAL_RCC_ClockConfig+0x104>
      if ((HAL_GetTick() - tickstart) > CLOCKSWITCH_TIMEOUT_VALUE)
 8001e9e:	f7fe fbe1 	bl	8000664 <HAL_GetTick>
 8001ea2:	1b80      	subs	r0, r0, r6
 8001ea4:	f241 3388 	movw	r3, #5000	@ 0x1388
 8001ea8:	4298      	cmp	r0, r3
 8001eaa:	d9f0      	bls.n	8001e8e <HAL_RCC_ClockConfig+0x8e>
        return HAL_TIMEOUT;
 8001eac:	2003      	movs	r0, #3
 8001eae:	e067      	b.n	8001f80 <HAL_RCC_ClockConfig+0x180>
 8001eb0:	f44f 3200 	mov.w	r2, #131072	@ 0x20000
 8001eb4:	fa92 f2a2 	rbit	r2, r2
      if(__HAL_RCC_GET_FLAG(RCC_FLAG_HSERDY) == RESET)
 8001eb8:	4a37      	ldr	r2, [pc, #220]	@ (8001f98 <HAL_RCC_ClockConfig+0x198>)
 8001eba:	6810      	ldr	r0, [r2, #0]
 8001ebc:	f44f 3200 	mov.w	r2, #131072	@ 0x20000
 8001ec0:	fa92 f2a2 	rbit	r2, r2
 8001ec4:	fab2 f282 	clz	r2, r2
 8001ec8:	f002 021f 	and.w	r2, r2, #31
 8001ecc:	2101      	movs	r1, #1
 8001ece:	fa01 f202 	lsl.w	r2, r1, r2
 8001ed2:	4202      	tst	r2, r0
 8001ed4:	d1d2      	bne.n	8001e7c <HAL_RCC_ClockConfig+0x7c>
        return HAL_ERROR;
 8001ed6:	2001      	movs	r0, #1
 8001ed8:	e052      	b.n	8001f80 <HAL_RCC_ClockConfig+0x180>
 8001eda:	f04f 7200 	mov.w	r2, #33554432	@ 0x2000000
 8001ede:	fa92 f2a2 	rbit	r2, r2
      if(__HAL_RCC_GET_FLAG(RCC_FLAG_PLLRDY) == RESET)
 8001ee2:	4a2d      	ldr	r2, [pc, #180]	@ (8001f98 <HAL_RCC_ClockConfig+0x198>)
 8001ee4:	6810      	ldr	r0, [r2, #0]
 8001ee6:	f04f 7200 	mov.w	r2, #33554432	@ 0x2000000
 8001eea:	fa92 f2a2 	rbit	r2, r2
 8001eee:	fab2 f282 	clz	r2, r2
 8001ef2:	f002 021f 	and.w	r2, r2, #31
 8001ef6:	2101      	movs	r1, #1
 8001ef8:	fa01 f202 	lsl.w	r2, r1, r2
 8001efc:	4210      	tst	r0, r2
 8001efe:	d1bd      	bne.n	8001e7c <HAL_RCC_ClockConfig+0x7c>
        return HAL_ERROR;
 8001f00:	2001      	movs	r0, #1
 8001f02:	e03d      	b.n	8001f80 <HAL_RCC_ClockConfig+0x180>
  if(FLatency < __HAL_FLASH_GET_LATENCY())
 8001f04:	4b23      	ldr	r3, [pc, #140]	@ (8001f94 <HAL_RCC_ClockConfig+0x194>)
 8001f06:	681b      	ldr	r3, [r3, #0]
 8001f08:	f003 0307 	and.w	r3, r3, #7
 8001f0c:	42ab      	cmp	r3, r5
 8001f0e:	d90a      	bls.n	8001f26 <HAL_RCC_ClockConfig+0x126>
    __HAL_FLASH_SET_LATENCY(FLatency);
 8001f10:	4a20      	ldr	r2, [pc, #128]	@ (8001f94 <HAL_RCC_ClockConfig+0x194>)
 8001f12:	6813      	ldr	r3, [r2, #0]
 8001f14:	f023 0307 	bic.w	r3, r3, #7
 8001f18:	432b      	orrs	r3, r5
 8001f1a:	6013      	str	r3, [r2, #0]
    if(__HAL_FLASH_GET_LATENCY() != FLatency)
 8001f1c:	6813      	ldr	r3, [r2, #0]
 8001f1e:	f003 0307 	and.w	r3, r3, #7
 8001f22:	42ab      	cmp	r3, r5
 8001f24:	d133      	bne.n	8001f8e <HAL_RCC_ClockConfig+0x18e>
  if(((RCC_ClkInitStruct->ClockType) & RCC_CLOCKTYPE_PCLK1) == RCC_CLOCKTYPE_PCLK1)
 8001f26:	6823      	ldr	r3, [r4, #0]
 8001f28:	f013 0f04 	tst.w	r3, #4
 8001f2c:	d006      	beq.n	8001f3c <HAL_RCC_ClockConfig+0x13c>
    MODIFY_REG(RCC->CFGR, RCC_CFGR_PPRE1, RCC_ClkInitStruct->APB1CLKDivider);
 8001f2e:	4a1a      	ldr	r2, [pc, #104]	@ (8001f98 <HAL_RCC_ClockConfig+0x198>)
 8001f30:	6853      	ldr	r3, [r2, #4]
 8001f32:	f423 63e0 	bic.w	r3, r3, #1792	@ 0x700
 8001f36:	68e1      	ldr	r1, [r4, #12]
 8001f38:	430b      	orrs	r3, r1
 8001f3a:	6053      	str	r3, [r2, #4]
  if(((RCC_ClkInitStruct->ClockType) & RCC_CLOCKTYPE_PCLK2) == RCC_CLOCKTYPE_PCLK2)
 8001f3c:	6823      	ldr	r3, [r4, #0]
 8001f3e:	f013 0f08 	tst.w	r3, #8
 8001f42:	d007      	beq.n	8001f54 <HAL_RCC_ClockConfig+0x154>
    MODIFY_REG(RCC->CFGR, RCC_CFGR_PPRE2, ((RCC_ClkInitStruct->APB2CLKDivider) << 3U));
 8001f44:	4a14      	ldr	r2, [pc, #80]	@ (8001f98 <HAL_RCC_ClockConfig+0x198>)
 8001f46:	6853      	ldr	r3, [r2, #4]
 8001f48:	f423 5360 	bic.w	r3, r3, #14336	@ 0x3800
 8001f4c:	6921      	ldr	r1, [r4, #16]
 8001f4e:	ea43 03c1 	orr.w	r3, r3, r1, lsl #3
 8001f52:	6053      	str	r3, [r2, #4]
  SystemCoreClock = HAL_RCC_GetSysClockFreq() >> AHBPrescTable[(RCC->CFGR & RCC_CFGR_HPRE)>> RCC_CFGR_HPRE_BITNUMBER];
 8001f54:	f7ff ff2a 	bl	8001dac <HAL_RCC_GetSysClockFreq>
 8001f58:	4b0f      	ldr	r3, [pc, #60]	@ (8001f98 <HAL_RCC_ClockConfig+0x198>)
 8001f5a:	685b      	ldr	r3, [r3, #4]
 8001f5c:	f003 03f0 	and.w	r3, r3, #240	@ 0xf0
 8001f60:	22f0      	movs	r2, #240	@ 0xf0
 8001f62:	fa92 f2a2 	rbit	r2, r2
 8001f66:	fab2 f282 	clz	r2, r2
 8001f6a:	40d3      	lsrs	r3, r2
 8001f6c:	4a0b      	ldr	r2, [pc, #44]	@ (8001f9c <HAL_RCC_ClockConfig+0x19c>)
 8001f6e:	5cd3      	ldrb	r3, [r2, r3]
 8001f70:	40d8      	lsrs	r0, r3
 8001f72:	4b0b      	ldr	r3, [pc, #44]	@ (8001fa0 <HAL_RCC_ClockConfig+0x1a0>)
 8001f74:	6018      	str	r0, [r3, #0]
  HAL_InitTick (uwTickPrio);
 8001f76:	4b0b      	ldr	r3, [pc, #44]	@ (8001fa4 <HAL_RCC_ClockConfig+0x1a4>)
 8001f78:	6818      	ldr	r0, [r3, #0]
 8001f7a:	f7fe fb2f 	bl	80005dc <HAL_InitTick>
  return HAL_OK;
 8001f7e:	2000      	movs	r0, #0
}
 8001f80:	bd70      	pop	{r4, r5, r6, pc}
    return HAL_ERROR;
 8001f82:	2001      	movs	r0, #1
}
 8001f84:	4770      	bx	lr
      return HAL_ERROR;
 8001f86:	2001      	movs	r0, #1
 8001f88:	e7fa      	b.n	8001f80 <HAL_RCC_ClockConfig+0x180>
        return HAL_ERROR;
 8001f8a:	2001      	movs	r0, #1
 8001f8c:	e7f8      	b.n	8001f80 <HAL_RCC_ClockConfig+0x180>
      return HAL_ERROR;
 8001f8e:	2001      	movs	r0, #1
 8001f90:	e7f6      	b.n	8001f80 <HAL_RCC_ClockConfig+0x180>
 8001f92:	bf00      	nop
 8001f94:	40022000 	.word	0x40022000
 8001f98:	40021000 	.word	0x40021000
 8001f9c:	080033dc 	.word	0x080033dc
 8001fa0:	20000008 	.word	0x20000008
 8001fa4:	20000004 	.word	0x20000004

08001fa8 <HAL_RCC_GetHCLKFreq>:
  * @retval HCLK frequency
  */
uint32_t HAL_RCC_GetHCLKFreq(void)
{
  return SystemCoreClock;
}
 8001fa8:	4b01      	ldr	r3, [pc, #4]	@ (8001fb0 <HAL_RCC_GetHCLKFreq+0x8>)
 8001faa:	6818      	ldr	r0, [r3, #0]
 8001fac:	4770      	bx	lr
 8001fae:	bf00      	nop
 8001fb0:	20000008 	.word	0x20000008

08001fb4 <HAL_RCC_GetPCLK1Freq>:
  * @note   Each time PCLK1 changes, this function must be called to update the
  *         right PCLK1 value. Otherwise, any configuration based on this function will be incorrect.
  * @retval PCLK1 frequency
  */
uint32_t HAL_RCC_GetPCLK1Freq(void)
{
 8001fb4:	b508      	push	{r3, lr}
  /* Get HCLK source and Compute PCLK1 frequency ---------------------------*/
  return (HAL_RCC_GetHCLKFreq() >> APBPrescTable[(RCC->CFGR & RCC_CFGR_PPRE1) >> RCC_CFGR_PPRE1_BITNUMBER]);
 8001fb6:	f7ff fff7 	bl	8001fa8 <HAL_RCC_GetHCLKFreq>
 8001fba:	4b07      	ldr	r3, [pc, #28]	@ (8001fd8 <HAL_RCC_GetPCLK1Freq+0x24>)
 8001fbc:	685b      	ldr	r3, [r3, #4]
 8001fbe:	f403 63e0 	and.w	r3, r3, #1792	@ 0x700
 8001fc2:	f44f 62e0 	mov.w	r2, #1792	@ 0x700
 8001fc6:	fa92 f2a2 	rbit	r2, r2
 8001fca:	fab2 f282 	clz	r2, r2
 8001fce:	40d3      	lsrs	r3, r2
 8001fd0:	4a02      	ldr	r2, [pc, #8]	@ (8001fdc <HAL_RCC_GetPCLK1Freq+0x28>)
 8001fd2:	5cd3      	ldrb	r3, [r2, r3]
}    
 8001fd4:	40d8      	lsrs	r0, r3
 8001fd6:	bd08      	pop	{r3, pc}
 8001fd8:	40021000 	.word	0x40021000
 8001fdc:	080033d4 	.word	0x080033d4

08001fe0 <HAL_RCC_GetPCLK2Freq>:
  * @note   Each time PCLK2 changes, this function must be called to update the
  *         right PCLK2 value. Otherwise, any configuration based on this function will be incorrect.
  * @retval PCLK2 frequency
  */
uint32_t HAL_RCC_GetPCLK2Freq(void)
{
 8001fe0:	b508      	push	{r3, lr}
  /* Get HCLK source and Compute PCLK2 frequency ---------------------------*/
  return (HAL_RCC_GetHCLKFreq()>> APBPrescTable[(RCC->CFGR & RCC_CFGR_PPRE2) >> RCC_CFGR_PPRE2_BITNUMBER]);
 8001fe2:	f7ff ffe1 	bl	8001fa8 <HAL_RCC_GetHCLKFreq>
 8001fe6:	4b07      	ldr	r3, [pc, #28]	@ (8002004 <HAL_RCC_GetPCLK2Freq+0x24>)
 8001fe8:	685b      	ldr	r3, [r3, #4]
 8001fea:	f403 5360 	and.w	r3, r3, #14336	@ 0x3800
 8001fee:	f44f 5260 	mov.w	r2, #14336	@ 0x3800
 8001ff2:	fa92 f2a2 	rbit	r2, r2
 8001ff6:	fab2 f282 	clz	r2, r2
 8001ffa:	40d3      	lsrs	r3, r2
 8001ffc:	4a02      	ldr	r2, [pc, #8]	@ (8002008 <HAL_RCC_GetPCLK2Freq+0x28>)
 8001ffe:	5cd3      	ldrb	r3, [r2, r3]
} 
 8002000:	40d8      	lsrs	r0, r3
 8002002:	bd08      	pop	{r3, pc}
 8002004:	40021000 	.word	0x40021000
 8002008:	080033d4 	.word	0x080033d4

0800200c <HAL_RCCEx_PeriphCLKConfig>:
  *         When the TIMx clock source is PLL clock, so the TIMx clock is PLL clock x 2.
  *
  * @retval HAL status
  */
HAL_StatusTypeDef HAL_RCCEx_PeriphCLKConfig(RCC_PeriphCLKInitTypeDef  *PeriphClkInit)
{
 800200c:	b5f0      	push	{r4, r5, r6, r7, lr}
 800200e:	b083      	sub	sp, #12
 8002010:	4604      	mov	r4, r0
    
  /* Check the parameters */
  assert_param(IS_RCC_PERIPHCLOCK(PeriphClkInit->PeriphClockSelection));
  
  /*---------------------------- RTC configuration -------------------------------*/
  if(((PeriphClkInit->PeriphClockSelection) & RCC_PERIPHCLK_RTC) == (RCC_PERIPHCLK_RTC))
 8002012:	6803      	ldr	r3, [r0, #0]
 8002014:	f413 3f80 	tst.w	r3, #65536	@ 0x10000
 8002018:	d048      	beq.n	80020ac <HAL_RCCEx_PeriphCLKConfig+0xa0>


    /* As soon as function is called to change RTC clock source, activation of the 
       power domain is done. */
    /* Requires to enable write access to Backup Domain of necessary */
    if(__HAL_RCC_PWR_IS_CLK_DISABLED())
 800201a:	4ba1      	ldr	r3, [pc, #644]	@ (80022a0 <HAL_RCCEx_PeriphCLKConfig+0x294>)
 800201c:	69db      	ldr	r3, [r3, #28]
 800201e:	f013 5f80 	tst.w	r3, #268435456	@ 0x10000000
 8002022:	f040 8122 	bne.w	800226a <HAL_RCCEx_PeriphCLKConfig+0x25e>
    {
      __HAL_RCC_PWR_CLK_ENABLE();
 8002026:	4b9e      	ldr	r3, [pc, #632]	@ (80022a0 <HAL_RCCEx_PeriphCLKConfig+0x294>)
 8002028:	69da      	ldr	r2, [r3, #28]
 800202a:	f042 5280 	orr.w	r2, r2, #268435456	@ 0x10000000
 800202e:	61da      	str	r2, [r3, #28]
 8002030:	69db      	ldr	r3, [r3, #28]
 8002032:	f003 5380 	and.w	r3, r3, #268435456	@ 0x10000000
 8002036:	9301      	str	r3, [sp, #4]
 8002038:	9b01      	ldr	r3, [sp, #4]
      pwrclkchanged = SET;
 800203a:	2501      	movs	r5, #1
    }
    
    if(HAL_IS_BIT_CLR(PWR->CR, PWR_CR_DBP))
 800203c:	4b99      	ldr	r3, [pc, #612]	@ (80022a4 <HAL_RCCEx_PeriphCLKConfig+0x298>)
 800203e:	681b      	ldr	r3, [r3, #0]
 8002040:	f413 7f80 	tst.w	r3, #256	@ 0x100
 8002044:	f000 8113 	beq.w	800226e <HAL_RCCEx_PeriphCLKConfig+0x262>
        }
      }
    }
    
    /* Reset the Backup domain only if the RTC Clock source selection is modified from reset value */ 
    temp_reg = (RCC->BDCR & RCC_BDCR_RTCSEL);
 8002048:	4b95      	ldr	r3, [pc, #596]	@ (80022a0 <HAL_RCCEx_PeriphCLKConfig+0x294>)
 800204a:	6a1b      	ldr	r3, [r3, #32]
    if((temp_reg != 0x00000000U) && (temp_reg != (PeriphClkInit->RTCClockSelection & RCC_BDCR_RTCSEL)))
 800204c:	f413 7340 	ands.w	r3, r3, #768	@ 0x300
 8002050:	d022      	beq.n	8002098 <HAL_RCCEx_PeriphCLKConfig+0x8c>
 8002052:	6862      	ldr	r2, [r4, #4]
 8002054:	f402 7240 	and.w	r2, r2, #768	@ 0x300
 8002058:	429a      	cmp	r2, r3
 800205a:	d01d      	beq.n	8002098 <HAL_RCCEx_PeriphCLKConfig+0x8c>
    {
      /* Store the content of BDCR register before the reset of Backup Domain */
      temp_reg = (RCC->BDCR & ~(RCC_BDCR_RTCSEL));
 800205c:	4890      	ldr	r0, [pc, #576]	@ (80022a0 <HAL_RCCEx_PeriphCLKConfig+0x294>)
 800205e:	6a01      	ldr	r1, [r0, #32]
 8002060:	f421 7640 	bic.w	r6, r1, #768	@ 0x300
 8002064:	f44f 3380 	mov.w	r3, #65536	@ 0x10000
 8002068:	fa93 f2a3 	rbit	r2, r3
      /* RTC Clock selection can be changed only if the Backup Domain is reset */
      __HAL_RCC_BACKUPRESET_FORCE();
 800206c:	fab2 f282 	clz	r2, r2
 8002070:	4f8d      	ldr	r7, [pc, #564]	@ (80022a8 <HAL_RCCEx_PeriphCLKConfig+0x29c>)
 8002072:	443a      	add	r2, r7
 8002074:	0092      	lsls	r2, r2, #2
 8002076:	f04f 0c01 	mov.w	ip, #1
 800207a:	f8c2 c000 	str.w	ip, [r2]
 800207e:	fa93 f3a3 	rbit	r3, r3
      __HAL_RCC_BACKUPRESET_RELEASE();
 8002082:	fab3 f383 	clz	r3, r3
 8002086:	443b      	add	r3, r7
 8002088:	009b      	lsls	r3, r3, #2
 800208a:	2200      	movs	r2, #0
 800208c:	601a      	str	r2, [r3, #0]
      /* Restore the Content of BDCR register */
      RCC->BDCR = temp_reg;
 800208e:	6206      	str	r6, [r0, #32]
    
      /* Wait for LSERDY if LSE was enabled */
      if (HAL_IS_BIT_SET(temp_reg, RCC_BDCR_LSEON))
 8002090:	f011 0f01 	tst.w	r1, #1
 8002094:	f040 8100 	bne.w	8002298 <HAL_RCCEx_PeriphCLKConfig+0x28c>
            return HAL_TIMEOUT;
          }      
        }  
      }
    }
    __HAL_RCC_RTC_CONFIG(PeriphClkInit->RTCClockSelection); 
 8002098:	4a81      	ldr	r2, [pc, #516]	@ (80022a0 <HAL_RCCEx_PeriphCLKConfig+0x294>)
 800209a:	6a13      	ldr	r3, [r2, #32]
 800209c:	f423 7340 	bic.w	r3, r3, #768	@ 0x300
 80020a0:	6861      	ldr	r1, [r4, #4]
 80020a2:	430b      	orrs	r3, r1
 80020a4:	6213      	str	r3, [r2, #32]

    /* Require to disable power clock if necessary */
    if(pwrclkchanged == SET)
 80020a6:	2d00      	cmp	r5, #0
 80020a8:	f040 8123 	bne.w	80022f2 <HAL_RCCEx_PeriphCLKConfig+0x2e6>
      __HAL_RCC_PWR_CLK_DISABLE();
    }
  }

  /*------------------------------- USART1 Configuration ------------------------*/
  if(((PeriphClkInit->PeriphClockSelection) & RCC_PERIPHCLK_USART1) == RCC_PERIPHCLK_USART1)
 80020ac:	6823      	ldr	r3, [r4, #0]
 80020ae:	f013 0f01 	tst.w	r3, #1
 80020b2:	d006      	beq.n	80020c2 <HAL_RCCEx_PeriphCLKConfig+0xb6>
  {
    /* Check the parameters */
    assert_param(IS_RCC_USART1CLKSOURCE(PeriphClkInit->Usart1ClockSelection));
    
    /* Configure the USART1 clock source */
    __HAL_RCC_USART1_CONFIG(PeriphClkInit->Usart1ClockSelection);
 80020b4:	4a7a      	ldr	r2, [pc, #488]	@ (80022a0 <HAL_RCCEx_PeriphCLKConfig+0x294>)
 80020b6:	6b13      	ldr	r3, [r2, #48]	@ 0x30
 80020b8:	f023 0303 	bic.w	r3, r3, #3
 80020bc:	68a1      	ldr	r1, [r4, #8]
 80020be:	430b      	orrs	r3, r1
 80020c0:	6313      	str	r3, [r2, #48]	@ 0x30
  }

#if defined(RCC_CFGR3_USART2SW)
  /*----------------------------- USART2 Configuration --------------------------*/ 
  if(((PeriphClkInit->PeriphClockSelection) & RCC_PERIPHCLK_USART2) == RCC_PERIPHCLK_USART2)
 80020c2:	6823      	ldr	r3, [r4, #0]
 80020c4:	f013 0f02 	tst.w	r3, #2
 80020c8:	d006      	beq.n	80020d8 <HAL_RCCEx_PeriphCLKConfig+0xcc>
  {
    /* Check the parameters */
    assert_param(IS_RCC_USART2CLKSOURCE(PeriphClkInit->Usart2ClockSelection));
    
    /* Configure the USART2 clock source */
    __HAL_RCC_USART2_CONFIG(PeriphClkInit->Usart2ClockSelection);
 80020ca:	4a75      	ldr	r2, [pc, #468]	@ (80022a0 <HAL_RCCEx_PeriphCLKConfig+0x294>)
 80020cc:	6b13      	ldr	r3, [r2, #48]	@ 0x30
 80020ce:	f423 3340 	bic.w	r3, r3, #196608	@ 0x30000
 80020d2:	68e1      	ldr	r1, [r4, #12]
 80020d4:	430b      	orrs	r3, r1
 80020d6:	6313      	str	r3, [r2, #48]	@ 0x30
  }
#endif /* RCC_CFGR3_USART2SW */

#if defined(RCC_CFGR3_USART3SW)
  /*------------------------------ USART3 Configuration ------------------------*/ 
  if(((PeriphClkInit->PeriphClockSelection) & RCC_PERIPHCLK_USART3) == RCC_PERIPHCLK_USART3)
 80020d8:	6823      	ldr	r3, [r4, #0]
 80020da:	f013 0f04 	tst.w	r3, #4
 80020de:	d006      	beq.n	80020ee <HAL_RCCEx_PeriphCLKConfig+0xe2>
  {
    /* Check the parameters */
    assert_param(IS_RCC_USART3CLKSOURCE(PeriphClkInit->Usart3ClockSelection));
    
    /* Configure the USART3 clock source */
    __HAL_RCC_USART3_CONFIG(PeriphClkInit->Usart3ClockSelection);
 80020e0:	4a6f      	ldr	r2, [pc, #444]	@ (80022a0 <HAL_RCCEx_PeriphCLKConfig+0x294>)
 80020e2:	6b13      	ldr	r3, [r2, #48]	@ 0x30
 80020e4:	f423 2340 	bic.w	r3, r3, #786432	@ 0xc0000
 80020e8:	6921      	ldr	r1, [r4, #16]
 80020ea:	430b      	orrs	r3, r1
 80020ec:	6313      	str	r3, [r2, #48]	@ 0x30
  }
#endif /* RCC_CFGR3_USART3SW */

  /*------------------------------ I2C1 Configuration ------------------------*/ 
  if(((PeriphClkInit->PeriphClockSelection) & RCC_PERIPHCLK_I2C1) == RCC_PERIPHCLK_I2C1)
 80020ee:	6823      	ldr	r3, [r4, #0]
 80020f0:	f013 0f20 	tst.w	r3, #32
 80020f4:	d006      	beq.n	8002104 <HAL_RCCEx_PeriphCLKConfig+0xf8>
  {
    /* Check the parameters */
    assert_param(IS_RCC_I2C1CLKSOURCE(PeriphClkInit->I2c1ClockSelection));
    
    /* Configure the I2C1 clock source */
    __HAL_RCC_I2C1_CONFIG(PeriphClkInit->I2c1ClockSelection);
 80020f6:	4a6a      	ldr	r2, [pc, #424]	@ (80022a0 <HAL_RCCEx_PeriphCLKConfig+0x294>)
 80020f8:	6b13      	ldr	r3, [r2, #48]	@ 0x30
 80020fa:	f023 0310 	bic.w	r3, r3, #16
 80020fe:	69e1      	ldr	r1, [r4, #28]
 8002100:	430b      	orrs	r3, r1
 8002102:	6313      	str	r3, [r2, #48]	@ 0x30
#if defined(STM32F302xE) || defined(STM32F303xE)\
 || defined(STM32F302xC) || defined(STM32F303xC)\
 || defined(STM32F302x8)                        \
 || defined(STM32F373xC)
  /*------------------------------ USB Configuration ------------------------*/ 
  if(((PeriphClkInit->PeriphClockSelection) & RCC_PERIPHCLK_USB) == RCC_PERIPHCLK_USB)
 8002104:	6823      	ldr	r3, [r4, #0]
 8002106:	f413 3f00 	tst.w	r3, #131072	@ 0x20000
 800210a:	d006      	beq.n	800211a <HAL_RCCEx_PeriphCLKConfig+0x10e>
  {
    /* Check the parameters */
    assert_param(IS_RCC_USBCLKSOURCE(PeriphClkInit->USBClockSelection));
    
    /* Configure the USB clock source */
    __HAL_RCC_USB_CONFIG(PeriphClkInit->USBClockSelection);
 800210c:	4a64      	ldr	r2, [pc, #400]	@ (80022a0 <HAL_RCCEx_PeriphCLKConfig+0x294>)
 800210e:	6853      	ldr	r3, [r2, #4]
 8002110:	f423 0380 	bic.w	r3, r3, #4194304	@ 0x400000
 8002114:	6d61      	ldr	r1, [r4, #84]	@ 0x54
 8002116:	430b      	orrs	r3, r1
 8002118:	6053      	str	r3, [r2, #4]
 || defined(STM32F302xC) || defined(STM32F303xC) || defined(STM32F358xx)\
 || defined(STM32F301x8) || defined(STM32F302x8) || defined(STM32F318xx)\
 || defined(STM32F373xC) || defined(STM32F378xx)

  /*------------------------------ I2C2 Configuration ------------------------*/ 
  if(((PeriphClkInit->PeriphClockSelection) & RCC_PERIPHCLK_I2C2) == RCC_PERIPHCLK_I2C2)
 800211a:	6823      	ldr	r3, [r4, #0]
 800211c:	f013 0f40 	tst.w	r3, #64	@ 0x40
 8002120:	d006      	beq.n	8002130 <HAL_RCCEx_PeriphCLKConfig+0x124>
  {
    /* Check the parameters */
    assert_param(IS_RCC_I2C2CLKSOURCE(PeriphClkInit->I2c2ClockSelection));
    
    /* Configure the I2C2 clock source */
    __HAL_RCC_I2C2_CONFIG(PeriphClkInit->I2c2ClockSelection);
 8002122:	4a5f      	ldr	r2, [pc, #380]	@ (80022a0 <HAL_RCCEx_PeriphCLKConfig+0x294>)
 8002124:	6b13      	ldr	r3, [r2, #48]	@ 0x30
 8002126:	f023 0320 	bic.w	r3, r3, #32
 800212a:	6a21      	ldr	r1, [r4, #32]
 800212c:	430b      	orrs	r3, r1
 800212e:	6313      	str	r3, [r2, #48]	@ 0x30
  
#if defined(STM32F302xE) || defined(STM32F303xE) || defined(STM32F398xx)\
 || defined(STM32F301x8) || defined(STM32F302x8) || defined(STM32F318xx)

  /*------------------------------ I2C3 Configuration ------------------------*/ 
  if(((PeriphClkInit->PeriphClockSelection) & RCC_PERIPHCLK_I2C3) == RCC_PERIPHCLK_I2C3)
 8002130:	6823      	ldr	r3, [r4, #0]
 8002132:	f413 2f80 	tst.w	r3, #262144	@ 0x40000
 8002136:	d006      	beq.n	8002146 <HAL_RCCEx_PeriphCLKConfig+0x13a>
  {
    /* Check the parameters */
    assert_param(IS_RCC_I2C3CLKSOURCE(PeriphClkInit->I2c3ClockSelection));
    
    /* Configure the I2C3 clock source */
    __HAL_RCC_I2C3_CONFIG(PeriphClkInit->I2c3ClockSelection);
 8002138:	4a59      	ldr	r2, [pc, #356]	@ (80022a0 <HAL_RCCEx_PeriphCLKConfig+0x294>)
 800213a:	6b13      	ldr	r3, [r2, #48]	@ 0x30
 800213c:	f023 0340 	bic.w	r3, r3, #64	@ 0x40
 8002140:	6a61      	ldr	r1, [r4, #36]	@ 0x24
 8002142:	430b      	orrs	r3, r1
 8002144:	6313      	str	r3, [r2, #48]	@ 0x30
  
#if defined(STM32F302xE) || defined(STM32F303xE) || defined(STM32F398xx)\
 || defined(STM32F302xC) || defined(STM32F303xC) || defined(STM32F358xx)

  /*------------------------------ UART4 Configuration ------------------------*/ 
  if(((PeriphClkInit->PeriphClockSelection) & RCC_PERIPHCLK_UART4) == RCC_PERIPHCLK_UART4)
 8002146:	6823      	ldr	r3, [r4, #0]
 8002148:	f013 0f08 	tst.w	r3, #8
 800214c:	d006      	beq.n	800215c <HAL_RCCEx_PeriphCLKConfig+0x150>
  {
    /* Check the parameters */
    assert_param(IS_RCC_UART4CLKSOURCE(PeriphClkInit->Uart4ClockSelection));
    
    /* Configure the UART4 clock source */
    __HAL_RCC_UART4_CONFIG(PeriphClkInit->Uart4ClockSelection);
 800214e:	4a54      	ldr	r2, [pc, #336]	@ (80022a0 <HAL_RCCEx_PeriphCLKConfig+0x294>)
 8002150:	6b13      	ldr	r3, [r2, #48]	@ 0x30
 8002152:	f423 1340 	bic.w	r3, r3, #3145728	@ 0x300000
 8002156:	6961      	ldr	r1, [r4, #20]
 8002158:	430b      	orrs	r3, r1
 800215a:	6313      	str	r3, [r2, #48]	@ 0x30
  }

  /*------------------------------ UART5 Configuration ------------------------*/ 
  if(((PeriphClkInit->PeriphClockSelection) & RCC_PERIPHCLK_UART5) == RCC_PERIPHCLK_UART5)
 800215c:	6823      	ldr	r3, [r4, #0]
 800215e:	f013 0f10 	tst.w	r3, #16
 8002162:	d006      	beq.n	8002172 <HAL_RCCEx_PeriphCLKConfig+0x166>
  {
    /* Check the parameters */
    assert_param(IS_RCC_UART5CLKSOURCE(PeriphClkInit->Uart5ClockSelection));
    
    /* Configure the UART5 clock source */
    __HAL_RCC_UART5_CONFIG(PeriphClkInit->Uart5ClockSelection);
 8002164:	4a4e      	ldr	r2, [pc, #312]	@ (80022a0 <HAL_RCCEx_PeriphCLKConfig+0x294>)
 8002166:	6b13      	ldr	r3, [r2, #48]	@ 0x30
 8002168:	f423 0340 	bic.w	r3, r3, #12582912	@ 0xc00000
 800216c:	69a1      	ldr	r1, [r4, #24]
 800216e:	430b      	orrs	r3, r1
 8002170:	6313      	str	r3, [r2, #48]	@ 0x30

#if defined(STM32F302xE) || defined(STM32F303xE) || defined(STM32F398xx)\
 || defined(STM32F302xC) || defined(STM32F303xC) || defined(STM32F358xx)\
 || defined(STM32F301x8) || defined(STM32F302x8) || defined(STM32F318xx)
  /*------------------------------ I2S Configuration ------------------------*/ 
  if(((PeriphClkInit->PeriphClockSelection) & RCC_PERIPHCLK_I2S) == RCC_PERIPHCLK_I2S)
 8002172:	6823      	ldr	r3, [r4, #0]
 8002174:	f413 7f00 	tst.w	r3, #512	@ 0x200
 8002178:	d006      	beq.n	8002188 <HAL_RCCEx_PeriphCLKConfig+0x17c>
  {
    /* Check the parameters */
    assert_param(IS_RCC_I2SCLKSOURCE(PeriphClkInit->I2sClockSelection));
    
    /* Configure the I2S clock source */
    __HAL_RCC_I2S_CONFIG(PeriphClkInit->I2sClockSelection);
 800217a:	4a49      	ldr	r2, [pc, #292]	@ (80022a0 <HAL_RCCEx_PeriphCLKConfig+0x294>)
 800217c:	6853      	ldr	r3, [r2, #4]
 800217e:	f423 0300 	bic.w	r3, r3, #8388608	@ 0x800000
 8002182:	6b21      	ldr	r1, [r4, #48]	@ 0x30
 8002184:	430b      	orrs	r3, r1
 8002186:	6053      	str	r3, [r2, #4]
#if defined(STM32F302xE) || defined(STM32F303xE) || defined(STM32F398xx)\
 || defined(STM32F302xC) || defined(STM32F303xC) || defined(STM32F358xx)\
 || defined(STM32F303x8) || defined(STM32F334x8) || defined(STM32F328xx)
      
  /*------------------------------ ADC1 & ADC2 clock Configuration -------------*/ 
  if(((PeriphClkInit->PeriphClockSelection) & RCC_PERIPHCLK_ADC12) == RCC_PERIPHCLK_ADC12)
 8002188:	6823      	ldr	r3, [r4, #0]
 800218a:	f013 0f80 	tst.w	r3, #128	@ 0x80
 800218e:	d006      	beq.n	800219e <HAL_RCCEx_PeriphCLKConfig+0x192>
  {
    /* Check the parameters */
    assert_param(IS_RCC_ADC12PLLCLK_DIV(PeriphClkInit->Adc12ClockSelection));
    
    /* Configure the ADC12 clock source */
    __HAL_RCC_ADC12_CONFIG(PeriphClkInit->Adc12ClockSelection);
 8002190:	4a43      	ldr	r2, [pc, #268]	@ (80022a0 <HAL_RCCEx_PeriphCLKConfig+0x294>)
 8002192:	6ad3      	ldr	r3, [r2, #44]	@ 0x2c
 8002194:	f423 73f8 	bic.w	r3, r3, #496	@ 0x1f0
 8002198:	6aa1      	ldr	r1, [r4, #40]	@ 0x28
 800219a:	430b      	orrs	r3, r1
 800219c:	62d3      	str	r3, [r2, #44]	@ 0x2c
  
#if defined(STM32F303xE) || defined(STM32F398xx)\
 || defined(STM32F303xC) || defined(STM32F358xx)

  /*------------------------------ ADC3 & ADC4 clock Configuration -------------*/ 
  if(((PeriphClkInit->PeriphClockSelection) & RCC_PERIPHCLK_ADC34) == RCC_PERIPHCLK_ADC34)
 800219e:	6823      	ldr	r3, [r4, #0]
 80021a0:	f413 7f80 	tst.w	r3, #256	@ 0x100
 80021a4:	d006      	beq.n	80021b4 <HAL_RCCEx_PeriphCLKConfig+0x1a8>
  {
    /* Check the parameters */
    assert_param(IS_RCC_ADC34PLLCLK_DIV(PeriphClkInit->Adc34ClockSelection));
    
    /* Configure the ADC34 clock source */
    __HAL_RCC_ADC34_CONFIG(PeriphClkInit->Adc34ClockSelection);
 80021a6:	4a3e      	ldr	r2, [pc, #248]	@ (80022a0 <HAL_RCCEx_PeriphCLKConfig+0x294>)
 80021a8:	6ad3      	ldr	r3, [r2, #44]	@ 0x2c
 80021aa:	f423 5378 	bic.w	r3, r3, #15872	@ 0x3e00
 80021ae:	6ae1      	ldr	r1, [r4, #44]	@ 0x2c
 80021b0:	430b      	orrs	r3, r1
 80021b2:	62d3      	str	r3, [r2, #44]	@ 0x2c
 || defined(STM32F302xC) || defined(STM32F303xC) || defined(STM32F358xx)\
 || defined(STM32F303x8) || defined(STM32F334x8) || defined(STM32F328xx)\
 || defined(STM32F301x8) || defined(STM32F302x8) || defined(STM32F318xx)

  /*------------------------------ TIM1 clock Configuration ----------------*/ 
  if(((PeriphClkInit->PeriphClockSelection) & RCC_PERIPHCLK_TIM1) == RCC_PERIPHCLK_TIM1)
 80021b4:	6823      	ldr	r3, [r4, #0]
 80021b6:	f413 5f80 	tst.w	r3, #4096	@ 0x1000
 80021ba:	d006      	beq.n	80021ca <HAL_RCCEx_PeriphCLKConfig+0x1be>
  {
    /* Check the parameters */
    assert_param(IS_RCC_TIM1CLKSOURCE(PeriphClkInit->Tim1ClockSelection));
    
    /* Configure the TIM1 clock source */
    __HAL_RCC_TIM1_CONFIG(PeriphClkInit->Tim1ClockSelection);
 80021bc:	4a38      	ldr	r2, [pc, #224]	@ (80022a0 <HAL_RCCEx_PeriphCLKConfig+0x294>)
 80021be:	6b13      	ldr	r3, [r2, #48]	@ 0x30
 80021c0:	f423 7380 	bic.w	r3, r3, #256	@ 0x100
 80021c4:	6b61      	ldr	r1, [r4, #52]	@ 0x34
 80021c6:	430b      	orrs	r3, r1
 80021c8:	6313      	str	r3, [r2, #48]	@ 0x30
  
#if defined(STM32F303xE) || defined(STM32F398xx)\
 || defined(STM32F303xC) || defined(STM32F358xx)

  /*------------------------------ TIM8 clock Configuration ----------------*/ 
  if(((PeriphClkInit->PeriphClockSelection) & RCC_PERIPHCLK_TIM8) == RCC_PERIPHCLK_TIM8)
 80021ca:	6823      	ldr	r3, [r4, #0]
 80021cc:	f413 5f00 	tst.w	r3, #8192	@ 0x2000
 80021d0:	d006      	beq.n	80021e0 <HAL_RCCEx_PeriphCLKConfig+0x1d4>
  {
    /* Check the parameters */
    assert_param(IS_RCC_TIM8CLKSOURCE(PeriphClkInit->Tim8ClockSelection));
    
    /* Configure the TIM8 clock source */
    __HAL_RCC_TIM8_CONFIG(PeriphClkInit->Tim8ClockSelection);
 80021d2:	4a33      	ldr	r2, [pc, #204]	@ (80022a0 <HAL_RCCEx_PeriphCLKConfig+0x294>)
 80021d4:	6b13      	ldr	r3, [r2, #48]	@ 0x30
 80021d6:	f423 7300 	bic.w	r3, r3, #512	@ 0x200
 80021da:	6c21      	ldr	r1, [r4, #64]	@ 0x40
 80021dc:	430b      	orrs	r3, r1
 80021de:	6313      	str	r3, [r2, #48]	@ 0x30
#endif /* STM32F373xC || STM32F378xx */
  
#if defined(STM32F302xE) || defined(STM32F303xE) || defined(STM32F398xx)
  
  /*------------------------------ TIM2 clock Configuration -------------------*/ 
  if(((PeriphClkInit->PeriphClockSelection) & RCC_PERIPHCLK_TIM2) == RCC_PERIPHCLK_TIM2)
 80021e0:	6823      	ldr	r3, [r4, #0]
 80021e2:	f413 1f80 	tst.w	r3, #1048576	@ 0x100000
 80021e6:	d006      	beq.n	80021f6 <HAL_RCCEx_PeriphCLKConfig+0x1ea>
  {
    /* Check the parameters */
    assert_param(IS_RCC_TIM2CLKSOURCE(PeriphClkInit->Tim2ClockSelection));
    
    /* Configure the CEC clock source */
    __HAL_RCC_TIM2_CONFIG(PeriphClkInit->Tim2ClockSelection);
 80021e8:	4a2d      	ldr	r2, [pc, #180]	@ (80022a0 <HAL_RCCEx_PeriphCLKConfig+0x294>)
 80021ea:	6b13      	ldr	r3, [r2, #48]	@ 0x30
 80021ec:	f023 7380 	bic.w	r3, r3, #16777216	@ 0x1000000
 80021f0:	6ba1      	ldr	r1, [r4, #56]	@ 0x38
 80021f2:	430b      	orrs	r3, r1
 80021f4:	6313      	str	r3, [r2, #48]	@ 0x30
  }

  /*------------------------------ TIM3 clock Configuration -------------------*/ 
  if(((PeriphClkInit->PeriphClockSelection) & RCC_PERIPHCLK_TIM34) == RCC_PERIPHCLK_TIM34)
 80021f6:	6823      	ldr	r3, [r4, #0]
 80021f8:	f413 1f00 	tst.w	r3, #2097152	@ 0x200000
 80021fc:	d006      	beq.n	800220c <HAL_RCCEx_PeriphCLKConfig+0x200>
  {
    /* Check the parameters */
    assert_param(IS_RCC_TIM3CLKSOURCE(PeriphClkInit->Tim34ClockSelection));
    
    /* Configure the CEC clock source */
    __HAL_RCC_TIM34_CONFIG(PeriphClkInit->Tim34ClockSelection);
 80021fe:	4a28      	ldr	r2, [pc, #160]	@ (80022a0 <HAL_RCCEx_PeriphCLKConfig+0x294>)
 8002200:	6b13      	ldr	r3, [r2, #48]	@ 0x30
 8002202:	f023 7300 	bic.w	r3, r3, #33554432	@ 0x2000000
 8002206:	6be1      	ldr	r1, [r4, #60]	@ 0x3c
 8002208:	430b      	orrs	r3, r1
 800220a:	6313      	str	r3, [r2, #48]	@ 0x30
  }

  /*------------------------------ TIM15 clock Configuration ------------------*/ 
  if(((PeriphClkInit->PeriphClockSelection) & RCC_PERIPHCLK_TIM15) == RCC_PERIPHCLK_TIM15)
 800220c:	6823      	ldr	r3, [r4, #0]
 800220e:	f413 0f80 	tst.w	r3, #4194304	@ 0x400000
 8002212:	d006      	beq.n	8002222 <HAL_RCCEx_PeriphCLKConfig+0x216>
  {
    /* Check the parameters */
    assert_param(IS_RCC_TIM15CLKSOURCE(PeriphClkInit->Tim15ClockSelection));
    
    /* Configure the CEC clock source */
    __HAL_RCC_TIM15_CONFIG(PeriphClkInit->Tim15ClockSelection);
 8002214:	4a22      	ldr	r2, [pc, #136]	@ (80022a0 <HAL_RCCEx_PeriphCLKConfig+0x294>)
 8002216:	6b13      	ldr	r3, [r2, #48]	@ 0x30
 8002218:	f423 6380 	bic.w	r3, r3, #1024	@ 0x400
 800221c:	6c61      	ldr	r1, [r4, #68]	@ 0x44
 800221e:	430b      	orrs	r3, r1
 8002220:	6313      	str	r3, [r2, #48]	@ 0x30
  }

  /*------------------------------ TIM16 clock Configuration ------------------*/ 
  if(((PeriphClkInit->PeriphClockSelection) & RCC_PERIPHCLK_TIM16) == RCC_PERIPHCLK_TIM16)
 8002222:	6823      	ldr	r3, [r4, #0]
 8002224:	f413 0f00 	tst.w	r3, #8388608	@ 0x800000
 8002228:	d006      	beq.n	8002238 <HAL_RCCEx_PeriphCLKConfig+0x22c>
  {
    /* Check the parameters */
    assert_param(IS_RCC_TIM16CLKSOURCE(PeriphClkInit->Tim16ClockSelection));
    
    /* Configure the CEC clock source */
    __HAL_RCC_TIM16_CONFIG(PeriphClkInit->Tim16ClockSelection);
 800222a:	4a1d      	ldr	r2, [pc, #116]	@ (80022a0 <HAL_RCCEx_PeriphCLKConfig+0x294>)
 800222c:	6b13      	ldr	r3, [r2, #48]	@ 0x30
 800222e:	f423 6300 	bic.w	r3, r3, #2048	@ 0x800
 8002232:	6ca1      	ldr	r1, [r4, #72]	@ 0x48
 8002234:	430b      	orrs	r3, r1
 8002236:	6313      	str	r3, [r2, #48]	@ 0x30
  }

  /*------------------------------ TIM17 clock Configuration ------------------*/ 
  if(((PeriphClkInit->PeriphClockSelection) & RCC_PERIPHCLK_TIM17) == RCC_PERIPHCLK_TIM17)
 8002238:	6823      	ldr	r3, [r4, #0]
 800223a:	f013 7f80 	tst.w	r3, #16777216	@ 0x1000000
 800223e:	d006      	beq.n	800224e <HAL_RCCEx_PeriphCLKConfig+0x242>
  {
    /* Check the parameters */
    assert_param(IS_RCC_TIM17CLKSOURCE(PeriphClkInit->Tim17ClockSelection));
    
    /* Configure the CEC clock source */
    __HAL_RCC_TIM17_CONFIG(PeriphClkInit->Tim17ClockSelection);
 8002240:	4a17      	ldr	r2, [pc, #92]	@ (80022a0 <HAL_RCCEx_PeriphCLKConfig+0x294>)
 8002242:	6b13      	ldr	r3, [r2, #48]	@ 0x30
 8002244:	f423 5300 	bic.w	r3, r3, #8192	@ 0x2000
 8002248:	6ce1      	ldr	r1, [r4, #76]	@ 0x4c
 800224a:	430b      	orrs	r3, r1
 800224c:	6313      	str	r3, [r2, #48]	@ 0x30

#endif /* STM32F302xE || STM32F303xE || STM32F398xx */  

#if defined(STM32F303xE) || defined(STM32F398xx)
  /*------------------------------ TIM20 clock Configuration ------------------*/ 
  if(((PeriphClkInit->PeriphClockSelection) & RCC_PERIPHCLK_TIM20) == RCC_PERIPHCLK_TIM20)
 800224e:	6823      	ldr	r3, [r4, #0]
 8002250:	f013 7f00 	tst.w	r3, #33554432	@ 0x2000000
 8002254:	d054      	beq.n	8002300 <HAL_RCCEx_PeriphCLKConfig+0x2f4>
  {
    /* Check the parameters */
    assert_param(IS_RCC_TIM20CLKSOURCE(PeriphClkInit->Tim20ClockSelection));
    
    /* Configure the CEC clock source */
    __HAL_RCC_TIM20_CONFIG(PeriphClkInit->Tim20ClockSelection);
 8002256:	4a12      	ldr	r2, [pc, #72]	@ (80022a0 <HAL_RCCEx_PeriphCLKConfig+0x294>)
 8002258:	6b13      	ldr	r3, [r2, #48]	@ 0x30
 800225a:	f423 4300 	bic.w	r3, r3, #32768	@ 0x8000
 800225e:	6d21      	ldr	r1, [r4, #80]	@ 0x50
 8002260:	430b      	orrs	r3, r1
 8002262:	6313      	str	r3, [r2, #48]	@ 0x30
  }
#endif /* STM32F303xE || STM32F398xx */  

  
  return HAL_OK;
 8002264:	2000      	movs	r0, #0
}
 8002266:	b003      	add	sp, #12
 8002268:	bdf0      	pop	{r4, r5, r6, r7, pc}
  FlagStatus       pwrclkchanged = RESET;
 800226a:	2500      	movs	r5, #0
 800226c:	e6e6      	b.n	800203c <HAL_RCCEx_PeriphCLKConfig+0x30>
      SET_BIT(PWR->CR, PWR_CR_DBP);
 800226e:	4a0d      	ldr	r2, [pc, #52]	@ (80022a4 <HAL_RCCEx_PeriphCLKConfig+0x298>)
 8002270:	6813      	ldr	r3, [r2, #0]
 8002272:	f443 7380 	orr.w	r3, r3, #256	@ 0x100
 8002276:	6013      	str	r3, [r2, #0]
      tickstart = HAL_GetTick();
 8002278:	f7fe f9f4 	bl	8000664 <HAL_GetTick>
 800227c:	4606      	mov	r6, r0
      while(HAL_IS_BIT_CLR(PWR->CR, PWR_CR_DBP))
 800227e:	4b09      	ldr	r3, [pc, #36]	@ (80022a4 <HAL_RCCEx_PeriphCLKConfig+0x298>)
 8002280:	681b      	ldr	r3, [r3, #0]
 8002282:	f413 7f80 	tst.w	r3, #256	@ 0x100
 8002286:	f47f aedf 	bne.w	8002048 <HAL_RCCEx_PeriphCLKConfig+0x3c>
          if((HAL_GetTick() - tickstart) > RCC_DBP_TIMEOUT_VALUE)
 800228a:	f7fe f9eb 	bl	8000664 <HAL_GetTick>
 800228e:	1b80      	subs	r0, r0, r6
 8002290:	2864      	cmp	r0, #100	@ 0x64
 8002292:	d9f4      	bls.n	800227e <HAL_RCCEx_PeriphCLKConfig+0x272>
          return HAL_TIMEOUT;
 8002294:	2003      	movs	r0, #3
 8002296:	e7e6      	b.n	8002266 <HAL_RCCEx_PeriphCLKConfig+0x25a>
        tickstart = HAL_GetTick();
 8002298:	f7fe f9e4 	bl	8000664 <HAL_GetTick>
 800229c:	4606      	mov	r6, r0
        while(__HAL_RCC_GET_FLAG(RCC_FLAG_LSERDY) == RESET)
 800229e:	e01e      	b.n	80022de <HAL_RCCEx_PeriphCLKConfig+0x2d2>
 80022a0:	40021000 	.word	0x40021000
 80022a4:	40007000 	.word	0x40007000
 80022a8:	10908100 	.word	0x10908100
 80022ac:	2302      	movs	r3, #2
 80022ae:	fa93 f3a3 	rbit	r3, r3
 80022b2:	4b14      	ldr	r3, [pc, #80]	@ (8002304 <HAL_RCCEx_PeriphCLKConfig+0x2f8>)
 80022b4:	6a59      	ldr	r1, [r3, #36]	@ 0x24
 80022b6:	2302      	movs	r3, #2
 80022b8:	fa93 f3a3 	rbit	r3, r3
 80022bc:	fab3 f383 	clz	r3, r3
 80022c0:	f003 031f 	and.w	r3, r3, #31
 80022c4:	2201      	movs	r2, #1
 80022c6:	fa02 f303 	lsl.w	r3, r2, r3
 80022ca:	420b      	tst	r3, r1
 80022cc:	f47f aee4 	bne.w	8002098 <HAL_RCCEx_PeriphCLKConfig+0x8c>
            if((HAL_GetTick() - tickstart) > RCC_LSE_TIMEOUT_VALUE)
 80022d0:	f7fe f9c8 	bl	8000664 <HAL_GetTick>
 80022d4:	1b80      	subs	r0, r0, r6
 80022d6:	f241 3388 	movw	r3, #5000	@ 0x1388
 80022da:	4298      	cmp	r0, r3
 80022dc:	d80e      	bhi.n	80022fc <HAL_RCCEx_PeriphCLKConfig+0x2f0>
 80022de:	2302      	movs	r3, #2
 80022e0:	fa93 f2a3 	rbit	r2, r3
 80022e4:	fa93 f3a3 	rbit	r3, r3
        while(__HAL_RCC_GET_FLAG(RCC_FLAG_LSERDY) == RESET)
 80022e8:	2b00      	cmp	r3, #0
 80022ea:	d0df      	beq.n	80022ac <HAL_RCCEx_PeriphCLKConfig+0x2a0>
 80022ec:	4b05      	ldr	r3, [pc, #20]	@ (8002304 <HAL_RCCEx_PeriphCLKConfig+0x2f8>)
 80022ee:	6a19      	ldr	r1, [r3, #32]
 80022f0:	e7e1      	b.n	80022b6 <HAL_RCCEx_PeriphCLKConfig+0x2aa>
      __HAL_RCC_PWR_CLK_DISABLE();
 80022f2:	69d3      	ldr	r3, [r2, #28]
 80022f4:	f023 5380 	bic.w	r3, r3, #268435456	@ 0x10000000
 80022f8:	61d3      	str	r3, [r2, #28]
 80022fa:	e6d7      	b.n	80020ac <HAL_RCCEx_PeriphCLKConfig+0xa0>
            return HAL_TIMEOUT;
 80022fc:	2003      	movs	r0, #3
 80022fe:	e7b2      	b.n	8002266 <HAL_RCCEx_PeriphCLKConfig+0x25a>
  return HAL_OK;
 8002300:	2000      	movs	r0, #0
 8002302:	e7b0      	b.n	8002266 <HAL_RCCEx_PeriphCLKConfig+0x25a>
 8002304:	40021000 	.word	0x40021000

08002308 <TIM_OC1_SetConfig>:
  * @param  TIMx to select the TIM peripheral
  * @param  OC_Config The output configuration structure
  * @retval None
  */
static void TIM_OC1_SetConfig(TIM_TypeDef *TIMx, const TIM_OC_InitTypeDef *OC_Config)
{
 8002308:	b430      	push	{r4, r5}
  uint32_t tmpccmrx;
  uint32_t tmpccer;
  uint32_t tmpcr2;

  /* Get the TIMx CCER register value */
  tmpccer = TIMx->CCER;
 800230a:	6a02      	ldr	r2, [r0, #32]

  /* Disable the Channel 1: Reset the CC1E Bit */
  TIMx->CCER &= ~TIM_CCER_CC1E;
 800230c:	6a03      	ldr	r3, [r0, #32]
 800230e:	f023 0301 	bic.w	r3, r3, #1
 8002312:	6203      	str	r3, [r0, #32]

  /* Get the TIMx CR2 register value */
  tmpcr2 =  TIMx->CR2;
 8002314:	6844      	ldr	r4, [r0, #4]

  /* Get the TIMx CCMR1 register value */
  tmpccmrx = TIMx->CCMR1;
 8002316:	6983      	ldr	r3, [r0, #24]

  /* Reset the Output Compare Mode Bits */
  tmpccmrx &= ~TIM_CCMR1_OC1M;
  tmpccmrx &= ~TIM_CCMR1_CC1S;
 8002318:	f423 3380 	bic.w	r3, r3, #65536	@ 0x10000
 800231c:	f023 0373 	bic.w	r3, r3, #115	@ 0x73
  /* Select the Output Compare Mode */
  tmpccmrx |= OC_Config->OCMode;
 8002320:	680d      	ldr	r5, [r1, #0]
 8002322:	431d      	orrs	r5, r3

  /* Reset the Output Polarity level */
  tmpccer &= ~TIM_CCER_CC1P;
 8002324:	f022 0202 	bic.w	r2, r2, #2
  /* Set the Output Compare Polarity */
  tmpccer |= OC_Config->OCPolarity;
 8002328:	688b      	ldr	r3, [r1, #8]
 800232a:	4313      	orrs	r3, r2

  if (IS_TIM_CCXN_INSTANCE(TIMx, TIM_CHANNEL_1))
 800232c:	4a20      	ldr	r2, [pc, #128]	@ (80023b0 <TIM_OC1_SetConfig+0xa8>)
 800232e:	4290      	cmp	r0, r2
 8002330:	d013      	beq.n	800235a <TIM_OC1_SetConfig+0x52>
 8002332:	f502 6200 	add.w	r2, r2, #2048	@ 0x800
 8002336:	4290      	cmp	r0, r2
 8002338:	d00f      	beq.n	800235a <TIM_OC1_SetConfig+0x52>
 800233a:	f502 6240 	add.w	r2, r2, #3072	@ 0xc00
 800233e:	4290      	cmp	r0, r2
 8002340:	d00b      	beq.n	800235a <TIM_OC1_SetConfig+0x52>
 8002342:	f502 6280 	add.w	r2, r2, #1024	@ 0x400
 8002346:	4290      	cmp	r0, r2
 8002348:	d007      	beq.n	800235a <TIM_OC1_SetConfig+0x52>
 800234a:	f502 6280 	add.w	r2, r2, #1024	@ 0x400
 800234e:	4290      	cmp	r0, r2
 8002350:	d003      	beq.n	800235a <TIM_OC1_SetConfig+0x52>
 8002352:	f502 6200 	add.w	r2, r2, #2048	@ 0x800
 8002356:	4290      	cmp	r0, r2
 8002358:	d105      	bne.n	8002366 <TIM_OC1_SetConfig+0x5e>
  {
    /* Check parameters */
    assert_param(IS_TIM_OCN_POLARITY(OC_Config->OCNPolarity));

    /* Reset the Output N Polarity level */
    tmpccer &= ~TIM_CCER_CC1NP;
 800235a:	f023 0308 	bic.w	r3, r3, #8
    /* Set the Output N Polarity */
    tmpccer |= OC_Config->OCNPolarity;
 800235e:	68ca      	ldr	r2, [r1, #12]
 8002360:	431a      	orrs	r2, r3
    /* Reset the Output N State */
    tmpccer &= ~TIM_CCER_CC1NE;
 8002362:	f022 0304 	bic.w	r3, r2, #4
  }

  if (IS_TIM_BREAK_INSTANCE(TIMx))
 8002366:	4a12      	ldr	r2, [pc, #72]	@ (80023b0 <TIM_OC1_SetConfig+0xa8>)
 8002368:	4290      	cmp	r0, r2
 800236a:	d013      	beq.n	8002394 <TIM_OC1_SetConfig+0x8c>
 800236c:	f502 6200 	add.w	r2, r2, #2048	@ 0x800
 8002370:	4290      	cmp	r0, r2
 8002372:	d00f      	beq.n	8002394 <TIM_OC1_SetConfig+0x8c>
 8002374:	f502 6240 	add.w	r2, r2, #3072	@ 0xc00
 8002378:	4290      	cmp	r0, r2
 800237a:	d00b      	beq.n	8002394 <TIM_OC1_SetConfig+0x8c>
 800237c:	f502 6280 	add.w	r2, r2, #1024	@ 0x400
 8002380:	4290      	cmp	r0, r2
 8002382:	d007      	beq.n	8002394 <TIM_OC1_SetConfig+0x8c>
 8002384:	f502 6280 	add.w	r2, r2, #1024	@ 0x400
 8002388:	4290      	cmp	r0, r2
 800238a:	d003      	beq.n	8002394 <TIM_OC1_SetConfig+0x8c>
 800238c:	f502 6200 	add.w	r2, r2, #2048	@ 0x800
 8002390:	4290      	cmp	r0, r2
 8002392:	d105      	bne.n	80023a0 <TIM_OC1_SetConfig+0x98>
    assert_param(IS_TIM_OCNIDLE_STATE(OC_Config->OCNIdleState));
    assert_param(IS_TIM_OCIDLE_STATE(OC_Config->OCIdleState));

    /* Reset the Output Compare and Output Compare N IDLE State */
    tmpcr2 &= ~TIM_CR2_OIS1;
    tmpcr2 &= ~TIM_CR2_OIS1N;
 8002394:	f424 7440 	bic.w	r4, r4, #768	@ 0x300
    /* Set the Output Idle state */
    tmpcr2 |= OC_Config->OCIdleState;
 8002398:	694a      	ldr	r2, [r1, #20]
 800239a:	4322      	orrs	r2, r4
    /* Set the Output N Idle state */
    tmpcr2 |= OC_Config->OCNIdleState;
 800239c:	698c      	ldr	r4, [r1, #24]
 800239e:	4314      	orrs	r4, r2
  }

  /* Write to TIMx CR2 */
  TIMx->CR2 = tmpcr2;
 80023a0:	6044      	str	r4, [r0, #4]

  /* Write to TIMx CCMR1 */
  TIMx->CCMR1 = tmpccmrx;
 80023a2:	6185      	str	r5, [r0, #24]

  /* Set the Capture Compare Register value */
  TIMx->CCR1 = OC_Config->Pulse;
 80023a4:	684a      	ldr	r2, [r1, #4]
 80023a6:	6342      	str	r2, [r0, #52]	@ 0x34

  /* Write to TIMx CCER */
  TIMx->CCER = tmpccer;
 80023a8:	6203      	str	r3, [r0, #32]
}
 80023aa:	bc30      	pop	{r4, r5}
 80023ac:	4770      	bx	lr
 80023ae:	bf00      	nop
 80023b0:	40012c00 	.word	0x40012c00

080023b4 <TIM_OC3_SetConfig>:
  * @param  TIMx to select the TIM peripheral
  * @param  OC_Config The output configuration structure
  * @retval None
  */
static void TIM_OC3_SetConfig(TIM_TypeDef *TIMx, const TIM_OC_InitTypeDef *OC_Config)
{
 80023b4:	b430      	push	{r4, r5}
  uint32_t tmpccmrx;
  uint32_t tmpccer;
  uint32_t tmpcr2;

  /* Get the TIMx CCER register value */
  tmpccer = TIMx->CCER;
 80023b6:	6a03      	ldr	r3, [r0, #32]

  /* Disable the Channel 3: Reset the CC2E Bit */
  TIMx->CCER &= ~TIM_CCER_CC3E;
 80023b8:	6a02      	ldr	r2, [r0, #32]
 80023ba:	f422 7280 	bic.w	r2, r2, #256	@ 0x100
 80023be:	6202      	str	r2, [r0, #32]

  /* Get the TIMx CR2 register value */
  tmpcr2 =  TIMx->CR2;
 80023c0:	6844      	ldr	r4, [r0, #4]

  /* Get the TIMx CCMR2 register value */
  tmpccmrx = TIMx->CCMR2;
 80023c2:	69c2      	ldr	r2, [r0, #28]

  /* Reset the Output Compare mode and Capture/Compare selection Bits */
  tmpccmrx &= ~TIM_CCMR2_OC3M;
  tmpccmrx &= ~TIM_CCMR2_CC3S;
 80023c4:	f422 3280 	bic.w	r2, r2, #65536	@ 0x10000
 80023c8:	f022 0273 	bic.w	r2, r2, #115	@ 0x73
  /* Select the Output Compare Mode */
  tmpccmrx |= OC_Config->OCMode;
 80023cc:	680d      	ldr	r5, [r1, #0]
 80023ce:	4315      	orrs	r5, r2

  /* Reset the Output Polarity level */
  tmpccer &= ~TIM_CCER_CC3P;
 80023d0:	f423 7300 	bic.w	r3, r3, #512	@ 0x200
  /* Set the Output Compare Polarity */
  tmpccer |= (OC_Config->OCPolarity << 8U);
 80023d4:	688a      	ldr	r2, [r1, #8]
 80023d6:	ea43 2302 	orr.w	r3, r3, r2, lsl #8

  if (IS_TIM_CCXN_INSTANCE(TIMx, TIM_CHANNEL_3))
 80023da:	4a1c      	ldr	r2, [pc, #112]	@ (800244c <TIM_OC3_SetConfig+0x98>)
 80023dc:	4290      	cmp	r0, r2
 80023de:	d007      	beq.n	80023f0 <TIM_OC3_SetConfig+0x3c>
 80023e0:	f502 6200 	add.w	r2, r2, #2048	@ 0x800
 80023e4:	4290      	cmp	r0, r2
 80023e6:	d003      	beq.n	80023f0 <TIM_OC3_SetConfig+0x3c>
 80023e8:	f502 52e0 	add.w	r2, r2, #7168	@ 0x1c00
 80023ec:	4290      	cmp	r0, r2
 80023ee:	d106      	bne.n	80023fe <TIM_OC3_SetConfig+0x4a>
  {
    assert_param(IS_TIM_OCN_POLARITY(OC_Config->OCNPolarity));

    /* Reset the Output N Polarity level */
    tmpccer &= ~TIM_CCER_CC3NP;
 80023f0:	f423 6300 	bic.w	r3, r3, #2048	@ 0x800
    /* Set the Output N Polarity */
    tmpccer |= (OC_Config->OCNPolarity << 8U);
 80023f4:	68ca      	ldr	r2, [r1, #12]
 80023f6:	ea43 2302 	orr.w	r3, r3, r2, lsl #8
    /* Reset the Output N State */
    tmpccer &= ~TIM_CCER_CC3NE;
 80023fa:	f423 6380 	bic.w	r3, r3, #1024	@ 0x400
  }

#if defined(TIM_CR2_OIS3)
  if (IS_TIM_BREAK_INSTANCE(TIMx))
 80023fe:	4a13      	ldr	r2, [pc, #76]	@ (800244c <TIM_OC3_SetConfig+0x98>)
 8002400:	4290      	cmp	r0, r2
 8002402:	d013      	beq.n	800242c <TIM_OC3_SetConfig+0x78>
 8002404:	f502 6200 	add.w	r2, r2, #2048	@ 0x800
 8002408:	4290      	cmp	r0, r2
 800240a:	d00f      	beq.n	800242c <TIM_OC3_SetConfig+0x78>
 800240c:	f502 6240 	add.w	r2, r2, #3072	@ 0xc00
 8002410:	4290      	cmp	r0, r2
 8002412:	d00b      	beq.n	800242c <TIM_OC3_SetConfig+0x78>
 8002414:	f502 6280 	add.w	r2, r2, #1024	@ 0x400
 8002418:	4290      	cmp	r0, r2
 800241a:	d007      	beq.n	800242c <TIM_OC3_SetConfig+0x78>
 800241c:	f502 6280 	add.w	r2, r2, #1024	@ 0x400
 8002420:	4290      	cmp	r0, r2
 8002422:	d003      	beq.n	800242c <TIM_OC3_SetConfig+0x78>
 8002424:	f502 6200 	add.w	r2, r2, #2048	@ 0x800
 8002428:	4290      	cmp	r0, r2
 800242a:	d107      	bne.n	800243c <TIM_OC3_SetConfig+0x88>
    assert_param(IS_TIM_OCNIDLE_STATE(OC_Config->OCNIdleState));
    assert_param(IS_TIM_OCIDLE_STATE(OC_Config->OCIdleState));

    /* Reset the Output Compare and Output Compare N IDLE State */
    tmpcr2 &= ~TIM_CR2_OIS3;
    tmpcr2 &= ~TIM_CR2_OIS3N;
 800242c:	f424 5240 	bic.w	r2, r4, #12288	@ 0x3000
    /* Set the Output Idle state */
    tmpcr2 |= (OC_Config->OCIdleState << 4U);
 8002430:	694c      	ldr	r4, [r1, #20]
 8002432:	ea42 1204 	orr.w	r2, r2, r4, lsl #4
    /* Set the Output N Idle state */
    tmpcr2 |= (OC_Config->OCNIdleState << 4U);
 8002436:	698c      	ldr	r4, [r1, #24]
 8002438:	ea42 1404 	orr.w	r4, r2, r4, lsl #4
  }
#endif /* TIM_CR2_OIS3 */

  /* Write to TIMx CR2 */
  TIMx->CR2 = tmpcr2;
 800243c:	6044      	str	r4, [r0, #4]

  /* Write to TIMx CCMR2 */
  TIMx->CCMR2 = tmpccmrx;
 800243e:	61c5      	str	r5, [r0, #28]

  /* Set the Capture Compare Register value */
  TIMx->CCR3 = OC_Config->Pulse;
 8002440:	684a      	ldr	r2, [r1, #4]
 8002442:	63c2      	str	r2, [r0, #60]	@ 0x3c

  /* Write to TIMx CCER */
  TIMx->CCER = tmpccer;
 8002444:	6203      	str	r3, [r0, #32]
}
 8002446:	bc30      	pop	{r4, r5}
 8002448:	4770      	bx	lr
 800244a:	bf00      	nop
 800244c:	40012c00 	.word	0x40012c00

08002450 <TIM_OC4_SetConfig>:
  * @param  TIMx to select the TIM peripheral
  * @param  OC_Config The output configuration structure
  * @retval None
  */
static void TIM_OC4_SetConfig(TIM_TypeDef *TIMx, const TIM_OC_InitTypeDef *OC_Config)
{
 8002450:	b430      	push	{r4, r5}
  uint32_t tmpccmrx;
  uint32_t tmpccer;
  uint32_t tmpcr2;

  /* Get the TIMx CCER register value */
  tmpccer = TIMx->CCER;
 8002452:	6a03      	ldr	r3, [r0, #32]

  /* Disable the Channel 4: Reset the CC4E Bit */
  TIMx->CCER &= ~TIM_CCER_CC4E;
 8002454:	6a02      	ldr	r2, [r0, #32]
 8002456:	f422 5280 	bic.w	r2, r2, #4096	@ 0x1000
 800245a:	6202      	str	r2, [r0, #32]

  /* Get the TIMx CR2 register value */
  tmpcr2 =  TIMx->CR2;
 800245c:	6844      	ldr	r4, [r0, #4]

  /* Get the TIMx CCMR2 register value */
  tmpccmrx = TIMx->CCMR2;
 800245e:	69c2      	ldr	r2, [r0, #28]

  /* Reset the Output Compare mode and Capture/Compare selection Bits */
  tmpccmrx &= ~TIM_CCMR2_OC4M;
  tmpccmrx &= ~TIM_CCMR2_CC4S;
 8002460:	f022 7280 	bic.w	r2, r2, #16777216	@ 0x1000000
 8002464:	f422 42e6 	bic.w	r2, r2, #29440	@ 0x7300

  /* Select the Output Compare Mode */
  tmpccmrx |= (OC_Config->OCMode << 8U);
 8002468:	680d      	ldr	r5, [r1, #0]
 800246a:	ea42 2205 	orr.w	r2, r2, r5, lsl #8

  /* Reset the Output Polarity level */
  tmpccer &= ~TIM_CCER_CC4P;
 800246e:	f423 5300 	bic.w	r3, r3, #8192	@ 0x2000
  /* Set the Output Compare Polarity */
  tmpccer |= (OC_Config->OCPolarity << 12U);
 8002472:	688d      	ldr	r5, [r1, #8]
 8002474:	ea43 3305 	orr.w	r3, r3, r5, lsl #12

#if defined(TIM_CR2_OIS4)
  if (IS_TIM_BREAK_INSTANCE(TIMx))
 8002478:	4d11      	ldr	r5, [pc, #68]	@ (80024c0 <TIM_OC4_SetConfig+0x70>)
 800247a:	42a8      	cmp	r0, r5
 800247c:	d013      	beq.n	80024a6 <TIM_OC4_SetConfig+0x56>
 800247e:	f505 6500 	add.w	r5, r5, #2048	@ 0x800
 8002482:	42a8      	cmp	r0, r5
 8002484:	d00f      	beq.n	80024a6 <TIM_OC4_SetConfig+0x56>
 8002486:	f505 6540 	add.w	r5, r5, #3072	@ 0xc00
 800248a:	42a8      	cmp	r0, r5
 800248c:	d00b      	beq.n	80024a6 <TIM_OC4_SetConfig+0x56>
 800248e:	f505 6580 	add.w	r5, r5, #1024	@ 0x400
 8002492:	42a8      	cmp	r0, r5
 8002494:	d007      	beq.n	80024a6 <TIM_OC4_SetConfig+0x56>
 8002496:	f505 6580 	add.w	r5, r5, #1024	@ 0x400
 800249a:	42a8      	cmp	r0, r5
 800249c:	d003      	beq.n	80024a6 <TIM_OC4_SetConfig+0x56>
 800249e:	f505 6500 	add.w	r5, r5, #2048	@ 0x800
 80024a2:	42a8      	cmp	r0, r5
 80024a4:	d104      	bne.n	80024b0 <TIM_OC4_SetConfig+0x60>
  {
    /* Check parameters */
    assert_param(IS_TIM_OCIDLE_STATE(OC_Config->OCIdleState));

    /* Reset the Output Compare IDLE State */
    tmpcr2 &= ~TIM_CR2_OIS4;
 80024a6:	f424 4480 	bic.w	r4, r4, #16384	@ 0x4000

    /* Set the Output Idle state */
    tmpcr2 |= (OC_Config->OCIdleState << 6U);
 80024aa:	694d      	ldr	r5, [r1, #20]
 80024ac:	ea44 1485 	orr.w	r4, r4, r5, lsl #6
  }
#endif /* TIM_CR2_OIS4 */

  /* Write to TIMx CR2 */
  TIMx->CR2 = tmpcr2;
 80024b0:	6044      	str	r4, [r0, #4]

  /* Write to TIMx CCMR2 */
  TIMx->CCMR2 = tmpccmrx;
 80024b2:	61c2      	str	r2, [r0, #28]

  /* Set the Capture Compare Register value */
  TIMx->CCR4 = OC_Config->Pulse;
 80024b4:	684a      	ldr	r2, [r1, #4]
 80024b6:	6402      	str	r2, [r0, #64]	@ 0x40

  /* Write to TIMx CCER */
  TIMx->CCER = tmpccer;
 80024b8:	6203      	str	r3, [r0, #32]
}
 80024ba:	bc30      	pop	{r4, r5}
 80024bc:	4770      	bx	lr
 80024be:	bf00      	nop
 80024c0:	40012c00 	.word	0x40012c00

080024c4 <TIM_OC5_SetConfig>:
  * @param  OC_Config The output configuration structure
  * @retval None
  */
static void TIM_OC5_SetConfig(TIM_TypeDef *TIMx,
                              const TIM_OC_InitTypeDef *OC_Config)
{
 80024c4:	b430      	push	{r4, r5}
  uint32_t tmpccmrx;
  uint32_t tmpccer;
  uint32_t tmpcr2;

  /* Get the TIMx CCER register value */
  tmpccer = TIMx->CCER;
 80024c6:	6a03      	ldr	r3, [r0, #32]

  /* Disable the output: Reset the CCxE Bit */
  TIMx->CCER &= ~TIM_CCER_CC5E;
 80024c8:	6a02      	ldr	r2, [r0, #32]
 80024ca:	f422 3280 	bic.w	r2, r2, #65536	@ 0x10000
 80024ce:	6202      	str	r2, [r0, #32]

  /* Get the TIMx CR2 register value */
  tmpcr2 =  TIMx->CR2;
 80024d0:	6844      	ldr	r4, [r0, #4]
  /* Get the TIMx CCMR1 register value */
  tmpccmrx = TIMx->CCMR3;
 80024d2:	6d42      	ldr	r2, [r0, #84]	@ 0x54

  /* Reset the Output Compare Mode Bits */
  tmpccmrx &= ~(TIM_CCMR3_OC5M);
 80024d4:	f422 3280 	bic.w	r2, r2, #65536	@ 0x10000
 80024d8:	f022 0270 	bic.w	r2, r2, #112	@ 0x70
  /* Select the Output Compare Mode */
  tmpccmrx |= OC_Config->OCMode;
 80024dc:	680d      	ldr	r5, [r1, #0]
 80024de:	4315      	orrs	r5, r2

  /* Reset the Output Polarity level */
  tmpccer &= ~TIM_CCER_CC5P;
 80024e0:	f423 3300 	bic.w	r3, r3, #131072	@ 0x20000
  /* Set the Output Compare Polarity */
  tmpccer |= (OC_Config->OCPolarity << 16U);
 80024e4:	688a      	ldr	r2, [r1, #8]
 80024e6:	ea43 4302 	orr.w	r3, r3, r2, lsl #16

  if (IS_TIM_BREAK_INSTANCE(TIMx))
 80024ea:	4a11      	ldr	r2, [pc, #68]	@ (8002530 <TIM_OC5_SetConfig+0x6c>)
 80024ec:	4290      	cmp	r0, r2
 80024ee:	d013      	beq.n	8002518 <TIM_OC5_SetConfig+0x54>
 80024f0:	f502 6200 	add.w	r2, r2, #2048	@ 0x800
 80024f4:	4290      	cmp	r0, r2
 80024f6:	d00f      	beq.n	8002518 <TIM_OC5_SetConfig+0x54>
 80024f8:	f502 6240 	add.w	r2, r2, #3072	@ 0xc00
 80024fc:	4290      	cmp	r0, r2
 80024fe:	d00b      	beq.n	8002518 <TIM_OC5_SetConfig+0x54>
 8002500:	f502 6280 	add.w	r2, r2, #1024	@ 0x400
 8002504:	4290      	cmp	r0, r2
 8002506:	d007      	beq.n	8002518 <TIM_OC5_SetConfig+0x54>
 8002508:	f502 6280 	add.w	r2, r2, #1024	@ 0x400
 800250c:	4290      	cmp	r0, r2
 800250e:	d003      	beq.n	8002518 <TIM_OC5_SetConfig+0x54>
 8002510:	f502 6200 	add.w	r2, r2, #2048	@ 0x800
 8002514:	4290      	cmp	r0, r2
 8002516:	d104      	bne.n	8002522 <TIM_OC5_SetConfig+0x5e>
  {
    /* Reset the Output Compare IDLE State */
    tmpcr2 &= ~TIM_CR2_OIS5;
 8002518:	f424 3480 	bic.w	r4, r4, #65536	@ 0x10000
    /* Set the Output Idle state */
    tmpcr2 |= (OC_Config->OCIdleState << 8U);
 800251c:	694a      	ldr	r2, [r1, #20]
 800251e:	ea44 2402 	orr.w	r4, r4, r2, lsl #8
  }
  /* Write to TIMx CR2 */
  TIMx->CR2 = tmpcr2;
 8002522:	6044      	str	r4, [r0, #4]

  /* Write to TIMx CCMR3 */
  TIMx->CCMR3 = tmpccmrx;
 8002524:	6545      	str	r5, [r0, #84]	@ 0x54

  /* Set the Capture Compare Register value */
  TIMx->CCR5 = OC_Config->Pulse;
 8002526:	684a      	ldr	r2, [r1, #4]
 8002528:	6582      	str	r2, [r0, #88]	@ 0x58

  /* Write to TIMx CCER */
  TIMx->CCER = tmpccer;
 800252a:	6203      	str	r3, [r0, #32]
}
 800252c:	bc30      	pop	{r4, r5}
 800252e:	4770      	bx	lr
 8002530:	40012c00 	.word	0x40012c00

08002534 <TIM_OC6_SetConfig>:
  * @param  OC_Config The output configuration structure
  * @retval None
  */
static void TIM_OC6_SetConfig(TIM_TypeDef *TIMx,
                              const TIM_OC_InitTypeDef *OC_Config)
{
 8002534:	b430      	push	{r4, r5}
  uint32_t tmpccmrx;
  uint32_t tmpccer;
  uint32_t tmpcr2;

  /* Get the TIMx CCER register value */
  tmpccer = TIMx->CCER;
 8002536:	6a03      	ldr	r3, [r0, #32]

  /* Disable the output: Reset the CCxE Bit */
  TIMx->CCER &= ~TIM_CCER_CC6E;
 8002538:	6a02      	ldr	r2, [r0, #32]
 800253a:	f422 1280 	bic.w	r2, r2, #1048576	@ 0x100000
 800253e:	6202      	str	r2, [r0, #32]

  /* Get the TIMx CR2 register value */
  tmpcr2 =  TIMx->CR2;
 8002540:	6844      	ldr	r4, [r0, #4]
  /* Get the TIMx CCMR1 register value */
  tmpccmrx = TIMx->CCMR3;
 8002542:	6d42      	ldr	r2, [r0, #84]	@ 0x54

  /* Reset the Output Compare Mode Bits */
  tmpccmrx &= ~(TIM_CCMR3_OC6M);
 8002544:	f022 7280 	bic.w	r2, r2, #16777216	@ 0x1000000
 8002548:	f422 42e0 	bic.w	r2, r2, #28672	@ 0x7000
  /* Select the Output Compare Mode */
  tmpccmrx |= (OC_Config->OCMode << 8U);
 800254c:	680d      	ldr	r5, [r1, #0]
 800254e:	ea42 2205 	orr.w	r2, r2, r5, lsl #8

  /* Reset the Output Polarity level */
  tmpccer &= (uint32_t)~TIM_CCER_CC6P;
 8002552:	f423 1300 	bic.w	r3, r3, #2097152	@ 0x200000
  /* Set the Output Compare Polarity */
  tmpccer |= (OC_Config->OCPolarity << 20U);
 8002556:	688d      	ldr	r5, [r1, #8]
 8002558:	ea43 5305 	orr.w	r3, r3, r5, lsl #20

  if (IS_TIM_BREAK_INSTANCE(TIMx))
 800255c:	4d11      	ldr	r5, [pc, #68]	@ (80025a4 <TIM_OC6_SetConfig+0x70>)
 800255e:	42a8      	cmp	r0, r5
 8002560:	d013      	beq.n	800258a <TIM_OC6_SetConfig+0x56>
 8002562:	f505 6500 	add.w	r5, r5, #2048	@ 0x800
 8002566:	42a8      	cmp	r0, r5
 8002568:	d00f      	beq.n	800258a <TIM_OC6_SetConfig+0x56>
 800256a:	f505 6540 	add.w	r5, r5, #3072	@ 0xc00
 800256e:	42a8      	cmp	r0, r5
 8002570:	d00b      	beq.n	800258a <TIM_OC6_SetConfig+0x56>
 8002572:	f505 6580 	add.w	r5, r5, #1024	@ 0x400
 8002576:	42a8      	cmp	r0, r5
 8002578:	d007      	beq.n	800258a <TIM_OC6_SetConfig+0x56>
 800257a:	f505 6580 	add.w	r5, r5, #1024	@ 0x400
 800257e:	42a8      	cmp	r0, r5
 8002580:	d003      	beq.n	800258a <TIM_OC6_SetConfig+0x56>
 8002582:	f505 6500 	add.w	r5, r5, #2048	@ 0x800
 8002586:	42a8      	cmp	r0, r5
 8002588:	d104      	bne.n	8002594 <TIM_OC6_SetConfig+0x60>
  {
    /* Reset the Output Compare IDLE State */
    tmpcr2 &= ~TIM_CR2_OIS6;
 800258a:	f424 2480 	bic.w	r4, r4, #262144	@ 0x40000
    /* Set the Output Idle state */
    tmpcr2 |= (OC_Config->OCIdleState << 10U);
 800258e:	694d      	ldr	r5, [r1, #20]
 8002590:	ea44 2485 	orr.w	r4, r4, r5, lsl #10
  }

  /* Write to TIMx CR2 */
  TIMx->CR2 = tmpcr2;
 8002594:	6044      	str	r4, [r0, #4]

  /* Write to TIMx CCMR3 */
  TIMx->CCMR3 = tmpccmrx;
 8002596:	6542      	str	r2, [r0, #84]	@ 0x54

  /* Set the Capture Compare Register value */
  TIMx->CCR6 = OC_Config->Pulse;
 8002598:	684a      	ldr	r2, [r1, #4]
 800259a:	65c2      	str	r2, [r0, #92]	@ 0x5c

  /* Write to TIMx CCER */
  TIMx->CCER = tmpccer;
 800259c:	6203      	str	r3, [r0, #32]
}
 800259e:	bc30      	pop	{r4, r5}
 80025a0:	4770      	bx	lr
 80025a2:	bf00      	nop
 80025a4:	40012c00 	.word	0x40012c00

080025a8 <TIM_TI1_ConfigInputStage>:
  * @param  TIM_ICFilter Specifies the Input Capture Filter.
  *          This parameter must be a value between 0x00 and 0x0F.
  * @retval None
  */
static void TIM_TI1_ConfigInputStage(TIM_TypeDef *TIMx, uint32_t TIM_ICPolarity, uint32_t TIM_ICFilter)
{
 80025a8:	b410      	push	{r4}
  uint32_t tmpccmr1;
  uint32_t tmpccer;

  /* Disable the Channel 1: Reset the CC1E Bit */
  tmpccer = TIMx->CCER;
 80025aa:	6a03      	ldr	r3, [r0, #32]
  TIMx->CCER &= ~TIM_CCER_CC1E;
 80025ac:	6a04      	ldr	r4, [r0, #32]
 80025ae:	f024 0401 	bic.w	r4, r4, #1
 80025b2:	6204      	str	r4, [r0, #32]
  tmpccmr1 = TIMx->CCMR1;
 80025b4:	6984      	ldr	r4, [r0, #24]

  /* Set the filter */
  tmpccmr1 &= ~TIM_CCMR1_IC1F;
 80025b6:	f024 0cf0 	bic.w	ip, r4, #240	@ 0xf0
  tmpccmr1 |= (TIM_ICFilter << 4U);
 80025ba:	ea4c 1202 	orr.w	r2, ip, r2, lsl #4

  /* Select the Polarity and set the CC1E Bit */
  tmpccer &= ~(TIM_CCER_CC1P | TIM_CCER_CC1NP);
 80025be:	f023 030a 	bic.w	r3, r3, #10
  tmpccer |= TIM_ICPolarity;
 80025c2:	430b      	orrs	r3, r1

  /* Write to TIMx CCMR1 and CCER registers */
  TIMx->CCMR1 = tmpccmr1;
 80025c4:	6182      	str	r2, [r0, #24]
  TIMx->CCER = tmpccer;
 80025c6:	6203      	str	r3, [r0, #32]
}
 80025c8:	f85d 4b04 	ldr.w	r4, [sp], #4
 80025cc:	4770      	bx	lr

080025ce <TIM_TI2_ConfigInputStage>:
  * @param  TIM_ICFilter Specifies the Input Capture Filter.
  *          This parameter must be a value between 0x00 and 0x0F.
  * @retval None
  */
static void TIM_TI2_ConfigInputStage(TIM_TypeDef *TIMx, uint32_t TIM_ICPolarity, uint32_t TIM_ICFilter)
{
 80025ce:	b410      	push	{r4}
  uint32_t tmpccmr1;
  uint32_t tmpccer;

  /* Disable the Channel 2: Reset the CC2E Bit */
  tmpccer = TIMx->CCER;
 80025d0:	6a03      	ldr	r3, [r0, #32]
  TIMx->CCER &= ~TIM_CCER_CC2E;
 80025d2:	6a04      	ldr	r4, [r0, #32]
 80025d4:	f024 0410 	bic.w	r4, r4, #16
 80025d8:	6204      	str	r4, [r0, #32]
  tmpccmr1 = TIMx->CCMR1;
 80025da:	6984      	ldr	r4, [r0, #24]

  /* Set the filter */
  tmpccmr1 &= ~TIM_CCMR1_IC2F;
 80025dc:	f424 4c70 	bic.w	ip, r4, #61440	@ 0xf000
  tmpccmr1 |= (TIM_ICFilter << 12U);
 80025e0:	ea4c 3202 	orr.w	r2, ip, r2, lsl #12

  /* Select the Polarity and set the CC2E Bit */
  tmpccer &= ~(TIM_CCER_CC2P | TIM_CCER_CC2NP);
 80025e4:	f023 03a0 	bic.w	r3, r3, #160	@ 0xa0
  tmpccer |= (TIM_ICPolarity << 4U);
 80025e8:	ea43 1301 	orr.w	r3, r3, r1, lsl #4

  /* Write to TIMx CCMR1 and CCER registers */
  TIMx->CCMR1 = tmpccmr1 ;
 80025ec:	6182      	str	r2, [r0, #24]
  TIMx->CCER = tmpccer;
 80025ee:	6203      	str	r3, [r0, #32]
}
 80025f0:	f85d 4b04 	ldr.w	r4, [sp], #4
 80025f4:	4770      	bx	lr

080025f6 <TIM_ITRx_SetConfig>:
static void TIM_ITRx_SetConfig(TIM_TypeDef *TIMx, uint32_t InputTriggerSource)
{
  uint32_t tmpsmcr;

  /* Get the TIMx SMCR register value */
  tmpsmcr = TIMx->SMCR;
 80025f6:	6883      	ldr	r3, [r0, #8]
  /* Reset the TS Bits */
  tmpsmcr &= ~TIM_SMCR_TS;
 80025f8:	f023 0370 	bic.w	r3, r3, #112	@ 0x70
  /* Set the Input Trigger source and the slave mode*/
  tmpsmcr |= (InputTriggerSource | TIM_SLAVEMODE_EXTERNAL1);
 80025fc:	430b      	orrs	r3, r1
 80025fe:	f043 0307 	orr.w	r3, r3, #7
  /* Write to TIMx SMCR */
  TIMx->SMCR = tmpsmcr;
 8002602:	6083      	str	r3, [r0, #8]
}
 8002604:	4770      	bx	lr

08002606 <HAL_TIM_OC_MspInit>:
}
 8002606:	4770      	bx	lr

08002608 <HAL_TIM_PWM_MspInit>:
}
 8002608:	4770      	bx	lr
	...

0800260c <TIM_Base_SetConfig>:
  tmpcr1 = TIMx->CR1;
 800260c:	6803      	ldr	r3, [r0, #0]
  if (IS_TIM_COUNTER_MODE_SELECT_INSTANCE(TIMx))
 800260e:	4a36      	ldr	r2, [pc, #216]	@ (80026e8 <TIM_Base_SetConfig+0xdc>)
 8002610:	4290      	cmp	r0, r2
 8002612:	d012      	beq.n	800263a <TIM_Base_SetConfig+0x2e>
 8002614:	f1b0 4f80 	cmp.w	r0, #1073741824	@ 0x40000000
 8002618:	d00f      	beq.n	800263a <TIM_Base_SetConfig+0x2e>
 800261a:	f5a2 3294 	sub.w	r2, r2, #75776	@ 0x12800
 800261e:	4290      	cmp	r0, r2
 8002620:	d00b      	beq.n	800263a <TIM_Base_SetConfig+0x2e>
 8002622:	f502 6280 	add.w	r2, r2, #1024	@ 0x400
 8002626:	4290      	cmp	r0, r2
 8002628:	d007      	beq.n	800263a <TIM_Base_SetConfig+0x2e>
 800262a:	f502 3296 	add.w	r2, r2, #76800	@ 0x12c00
 800262e:	4290      	cmp	r0, r2
 8002630:	d003      	beq.n	800263a <TIM_Base_SetConfig+0x2e>
 8002632:	f502 52e0 	add.w	r2, r2, #7168	@ 0x1c00
 8002636:	4290      	cmp	r0, r2
 8002638:	d103      	bne.n	8002642 <TIM_Base_SetConfig+0x36>
    tmpcr1 &= ~(TIM_CR1_DIR | TIM_CR1_CMS);
 800263a:	f023 0370 	bic.w	r3, r3, #112	@ 0x70
    tmpcr1 |= Structure->CounterMode;
 800263e:	684a      	ldr	r2, [r1, #4]
 8002640:	4313      	orrs	r3, r2
  if (IS_TIM_CLOCK_DIVISION_INSTANCE(TIMx))
 8002642:	4a29      	ldr	r2, [pc, #164]	@ (80026e8 <TIM_Base_SetConfig+0xdc>)
 8002644:	4290      	cmp	r0, r2
 8002646:	d01e      	beq.n	8002686 <TIM_Base_SetConfig+0x7a>
 8002648:	f1b0 4f80 	cmp.w	r0, #1073741824	@ 0x40000000
 800264c:	d01b      	beq.n	8002686 <TIM_Base_SetConfig+0x7a>
 800264e:	f5a2 3294 	sub.w	r2, r2, #75776	@ 0x12800
 8002652:	4290      	cmp	r0, r2
 8002654:	d017      	beq.n	8002686 <TIM_Base_SetConfig+0x7a>
 8002656:	f502 6280 	add.w	r2, r2, #1024	@ 0x400
 800265a:	4290      	cmp	r0, r2
 800265c:	d013      	beq.n	8002686 <TIM_Base_SetConfig+0x7a>
 800265e:	f502 3296 	add.w	r2, r2, #76800	@ 0x12c00
 8002662:	4290      	cmp	r0, r2
 8002664:	d00f      	beq.n	8002686 <TIM_Base_SetConfig+0x7a>
 8002666:	f502 6240 	add.w	r2, r2, #3072	@ 0xc00
 800266a:	4290      	cmp	r0, r2
 800266c:	d00b      	beq.n	8002686 <TIM_Base_SetConfig+0x7a>
 800266e:	f502 6280 	add.w	r2, r2, #1024	@ 0x400
 8002672:	4290      	cmp	r0, r2
 8002674:	d007      	beq.n	8002686 <TIM_Base_SetConfig+0x7a>
 8002676:	f502 6280 	add.w	r2, r2, #1024	@ 0x400
 800267a:	4290      	cmp	r0, r2
 800267c:	d003      	beq.n	8002686 <TIM_Base_SetConfig+0x7a>
 800267e:	f502 6200 	add.w	r2, r2, #2048	@ 0x800
 8002682:	4290      	cmp	r0, r2
 8002684:	d103      	bne.n	800268e <TIM_Base_SetConfig+0x82>
    tmpcr1 &= ~TIM_CR1_CKD;
 8002686:	f423 7340 	bic.w	r3, r3, #768	@ 0x300
    tmpcr1 |= (uint32_t)Structure->ClockDivision;
 800268a:	68ca      	ldr	r2, [r1, #12]
 800268c:	4313      	orrs	r3, r2
  MODIFY_REG(tmpcr1, TIM_CR1_ARPE, Structure->AutoReloadPreload);
 800268e:	f023 0380 	bic.w	r3, r3, #128	@ 0x80
 8002692:	694a      	ldr	r2, [r1, #20]
 8002694:	4313      	orrs	r3, r2
  TIMx->CR1 = tmpcr1;
 8002696:	6003      	str	r3, [r0, #0]
  TIMx->ARR = (uint32_t)Structure->Period ;
 8002698:	688b      	ldr	r3, [r1, #8]
 800269a:	62c3      	str	r3, [r0, #44]	@ 0x2c
  TIMx->PSC = Structure->Prescaler;
 800269c:	680b      	ldr	r3, [r1, #0]
 800269e:	6283      	str	r3, [r0, #40]	@ 0x28
  if (IS_TIM_REPETITION_COUNTER_INSTANCE(TIMx))
 80026a0:	4b11      	ldr	r3, [pc, #68]	@ (80026e8 <TIM_Base_SetConfig+0xdc>)
 80026a2:	4298      	cmp	r0, r3
 80026a4:	d013      	beq.n	80026ce <TIM_Base_SetConfig+0xc2>
 80026a6:	f503 6300 	add.w	r3, r3, #2048	@ 0x800
 80026aa:	4298      	cmp	r0, r3
 80026ac:	d00f      	beq.n	80026ce <TIM_Base_SetConfig+0xc2>
 80026ae:	f503 6340 	add.w	r3, r3, #3072	@ 0xc00
 80026b2:	4298      	cmp	r0, r3
 80026b4:	d00b      	beq.n	80026ce <TIM_Base_SetConfig+0xc2>
 80026b6:	f503 6380 	add.w	r3, r3, #1024	@ 0x400
 80026ba:	4298      	cmp	r0, r3
 80026bc:	d007      	beq.n	80026ce <TIM_Base_SetConfig+0xc2>
 80026be:	f503 6380 	add.w	r3, r3, #1024	@ 0x400
 80026c2:	4298      	cmp	r0, r3
 80026c4:	d003      	beq.n	80026ce <TIM_Base_SetConfig+0xc2>
 80026c6:	f503 6300 	add.w	r3, r3, #2048	@ 0x800
 80026ca:	4298      	cmp	r0, r3
 80026cc:	d101      	bne.n	80026d2 <TIM_Base_SetConfig+0xc6>
    TIMx->RCR = Structure->RepetitionCounter;
 80026ce:	690b      	ldr	r3, [r1, #16]
 80026d0:	6303      	str	r3, [r0, #48]	@ 0x30
  TIMx->EGR = TIM_EGR_UG;
 80026d2:	2301      	movs	r3, #1
 80026d4:	6143      	str	r3, [r0, #20]
  if (HAL_IS_BIT_SET(TIMx->SR, TIM_FLAG_UPDATE))
 80026d6:	6903      	ldr	r3, [r0, #16]
 80026d8:	f013 0f01 	tst.w	r3, #1
 80026dc:	d003      	beq.n	80026e6 <TIM_Base_SetConfig+0xda>
    CLEAR_BIT(TIMx->SR, TIM_FLAG_UPDATE);
 80026de:	6903      	ldr	r3, [r0, #16]
 80026e0:	f023 0301 	bic.w	r3, r3, #1
 80026e4:	6103      	str	r3, [r0, #16]
}
 80026e6:	4770      	bx	lr
 80026e8:	40012c00 	.word	0x40012c00

080026ec <HAL_TIM_Base_Init>:
  if (htim == NULL)
 80026ec:	b360      	cbz	r0, 8002748 <HAL_TIM_Base_Init+0x5c>
{
 80026ee:	b510      	push	{r4, lr}
 80026f0:	4604      	mov	r4, r0
  if (htim->State == HAL_TIM_STATE_RESET)
 80026f2:	f890 303d 	ldrb.w	r3, [r0, #61]	@ 0x3d
 80026f6:	b313      	cbz	r3, 800273e <HAL_TIM_Base_Init+0x52>
  htim->State = HAL_TIM_STATE_BUSY;
 80026f8:	2302      	movs	r3, #2
 80026fa:	f884 303d 	strb.w	r3, [r4, #61]	@ 0x3d
  TIM_Base_SetConfig(htim->Instance, &htim->Init);
 80026fe:	4621      	mov	r1, r4
 8002700:	f851 0b04 	ldr.w	r0, [r1], #4
 8002704:	f7ff ff82 	bl	800260c <TIM_Base_SetConfig>
  htim->DMABurstState = HAL_DMA_BURST_STATE_READY;
 8002708:	2301      	movs	r3, #1
 800270a:	f884 3048 	strb.w	r3, [r4, #72]	@ 0x48
  TIM_CHANNEL_STATE_SET_ALL(htim, HAL_TIM_CHANNEL_STATE_READY);
 800270e:	f884 303e 	strb.w	r3, [r4, #62]	@ 0x3e
 8002712:	f884 303f 	strb.w	r3, [r4, #63]	@ 0x3f
 8002716:	f884 3040 	strb.w	r3, [r4, #64]	@ 0x40
 800271a:	f884 3041 	strb.w	r3, [r4, #65]	@ 0x41
 800271e:	f884 3042 	strb.w	r3, [r4, #66]	@ 0x42
 8002722:	f884 3043 	strb.w	r3, [r4, #67]	@ 0x43
  TIM_CHANNEL_N_STATE_SET_ALL(htim, HAL_TIM_CHANNEL_STATE_READY);
 8002726:	f884 3044 	strb.w	r3, [r4, #68]	@ 0x44
 800272a:	f884 3045 	strb.w	r3, [r4, #69]	@ 0x45
 800272e:	f884 3046 	strb.w	r3, [r4, #70]	@ 0x46
 8002732:	f884 3047 	strb.w	r3, [r4, #71]	@ 0x47
  htim->State = HAL_TIM_STATE_READY;
 8002736:	f884 303d 	strb.w	r3, [r4, #61]	@ 0x3d
  return HAL_OK;
 800273a:	2000      	movs	r0, #0
}
 800273c:	bd10      	pop	{r4, pc}
    htim->Lock = HAL_UNLOCKED;
 800273e:	f880 303c 	strb.w	r3, [r0, #60]	@ 0x3c
    HAL_TIM_Base_MspInit(htim);
 8002742:	f7fe ff53 	bl	80015ec <HAL_TIM_Base_MspInit>
 8002746:	e7d7      	b.n	80026f8 <HAL_TIM_Base_Init+0xc>
    return HAL_ERROR;
 8002748:	2001      	movs	r0, #1
}
 800274a:	4770      	bx	lr

0800274c <HAL_TIM_OC_Init>:
  if (htim == NULL)
 800274c:	b360      	cbz	r0, 80027a8 <HAL_TIM_OC_Init+0x5c>
{
 800274e:	b510      	push	{r4, lr}
 8002750:	4604      	mov	r4, r0
  if (htim->State == HAL_TIM_STATE_RESET)
 8002752:	f890 303d 	ldrb.w	r3, [r0, #61]	@ 0x3d
 8002756:	b313      	cbz	r3, 800279e <HAL_TIM_OC_Init+0x52>
  htim->State = HAL_TIM_STATE_BUSY;
 8002758:	2302      	movs	r3, #2
 800275a:	f884 303d 	strb.w	r3, [r4, #61]	@ 0x3d
  TIM_Base_SetConfig(htim->Instance,  &htim->Init);
 800275e:	4621      	mov	r1, r4
 8002760:	f851 0b04 	ldr.w	r0, [r1], #4
 8002764:	f7ff ff52 	bl	800260c <TIM_Base_SetConfig>
  htim->DMABurstState = HAL_DMA_BURST_STATE_READY;
 8002768:	2301      	movs	r3, #1
 800276a:	f884 3048 	strb.w	r3, [r4, #72]	@ 0x48
  TIM_CHANNEL_STATE_SET_ALL(htim, HAL_TIM_CHANNEL_STATE_READY);
 800276e:	f884 303e 	strb.w	r3, [r4, #62]	@ 0x3e
 8002772:	f884 303f 	strb.w	r3, [r4, #63]	@ 0x3f
 8002776:	f884 3040 	strb.w	r3, [r4, #64]	@ 0x40
 800277a:	f884 3041 	strb.w	r3, [r4, #65]	@ 0x41
 800277e:	f884 3042 	strb.w	r3, [r4, #66]	@ 0x42
 8002782:	f884 3043 	strb.w	r3, [r4, #67]	@ 0x43
  TIM_CHANNEL_N_STATE_SET_ALL(htim, HAL_TIM_CHANNEL_STATE_READY);
 8002786:	f884 3044 	strb.w	r3, [r4, #68]	@ 0x44
 800278a:	f884 3045 	strb.w	r3, [r4, #69]	@ 0x45
 800278e:	f884 3046 	strb.w	r3, [r4, #70]	@ 0x46
 8002792:	f884 3047 	strb.w	r3, [r4, #71]	@ 0x47
  htim->State = HAL_TIM_STATE_READY;
 8002796:	f884 303d 	strb.w	r3, [r4, #61]	@ 0x3d
  return HAL_OK;
 800279a:	2000      	movs	r0, #0
}
 800279c:	bd10      	pop	{r4, pc}
    htim->Lock = HAL_UNLOCKED;
 800279e:	f880 303c 	strb.w	r3, [r0, #60]	@ 0x3c
    HAL_TIM_OC_MspInit(htim);
 80027a2:	f7ff ff30 	bl	8002606 <HAL_TIM_OC_MspInit>
 80027a6:	e7d7      	b.n	8002758 <HAL_TIM_OC_Init+0xc>
    return HAL_ERROR;
 80027a8:	2001      	movs	r0, #1
}
 80027aa:	4770      	bx	lr

080027ac <HAL_TIM_PWM_Init>:
  if (htim == NULL)
 80027ac:	b360      	cbz	r0, 8002808 <HAL_TIM_PWM_Init+0x5c>
{
 80027ae:	b510      	push	{r4, lr}
 80027b0:	4604      	mov	r4, r0
  if (htim->State == HAL_TIM_STATE_RESET)
 80027b2:	f890 303d 	ldrb.w	r3, [r0, #61]	@ 0x3d
 80027b6:	b313      	cbz	r3, 80027fe <HAL_TIM_PWM_Init+0x52>
  htim->State = HAL_TIM_STATE_BUSY;
 80027b8:	2302      	movs	r3, #2
 80027ba:	f884 303d 	strb.w	r3, [r4, #61]	@ 0x3d
  TIM_Base_SetConfig(htim->Instance, &htim->Init);
 80027be:	4621      	mov	r1, r4
 80027c0:	f851 0b04 	ldr.w	r0, [r1], #4
 80027c4:	f7ff ff22 	bl	800260c <TIM_Base_SetConfig>
  htim->DMABurstState = HAL_DMA_BURST_STATE_READY;
 80027c8:	2301      	movs	r3, #1
 80027ca:	f884 3048 	strb.w	r3, [r4, #72]	@ 0x48
  TIM_CHANNEL_STATE_SET_ALL(htim, HAL_TIM_CHANNEL_STATE_READY);
 80027ce:	f884 303e 	strb.w	r3, [r4, #62]	@ 0x3e
 80027d2:	f884 303f 	strb.w	r3, [r4, #63]	@ 0x3f
 80027d6:	f884 3040 	strb.w	r3, [r4, #64]	@ 0x40
 80027da:	f884 3041 	strb.w	r3, [r4, #65]	@ 0x41
 80027de:	f884 3042 	strb.w	r3, [r4, #66]	@ 0x42
 80027e2:	f884 3043 	strb.w	r3, [r4, #67]	@ 0x43
  TIM_CHANNEL_N_STATE_SET_ALL(htim, HAL_TIM_CHANNEL_STATE_READY);
 80027e6:	f884 3044 	strb.w	r3, [r4, #68]	@ 0x44
 80027ea:	f884 3045 	strb.w	r3, [r4, #69]	@ 0x45
 80027ee:	f884 3046 	strb.w	r3, [r4, #70]	@ 0x46
 80027f2:	f884 3047 	strb.w	r3, [r4, #71]	@ 0x47
  htim->State = HAL_TIM_STATE_READY;
 80027f6:	f884 303d 	strb.w	r3, [r4, #61]	@ 0x3d
  return HAL_OK;
 80027fa:	2000      	movs	r0, #0
}
 80027fc:	bd10      	pop	{r4, pc}
    htim->Lock = HAL_UNLOCKED;
 80027fe:	f880 303c 	strb.w	r3, [r0, #60]	@ 0x3c
    HAL_TIM_PWM_MspInit(htim);
 8002802:	f7ff ff01 	bl	8002608 <HAL_TIM_PWM_MspInit>
 8002806:	e7d7      	b.n	80027b8 <HAL_TIM_PWM_Init+0xc>
    return HAL_ERROR;
 8002808:	2001      	movs	r0, #1
}
 800280a:	4770      	bx	lr

0800280c <TIM_OC2_SetConfig>:
{
 800280c:	b430      	push	{r4, r5}
  tmpccer = TIMx->CCER;
 800280e:	6a03      	ldr	r3, [r0, #32]
  TIMx->CCER &= ~TIM_CCER_CC2E;
 8002810:	6a02      	ldr	r2, [r0, #32]
 8002812:	f022 0210 	bic.w	r2, r2, #16
 8002816:	6202      	str	r2, [r0, #32]
  tmpcr2 =  TIMx->CR2;
 8002818:	6844      	ldr	r4, [r0, #4]
  tmpccmrx = TIMx->CCMR1;
 800281a:	6982      	ldr	r2, [r0, #24]
  tmpccmrx &= ~TIM_CCMR1_CC2S;
 800281c:	f022 7280 	bic.w	r2, r2, #16777216	@ 0x1000000
 8002820:	f422 42e6 	bic.w	r2, r2, #29440	@ 0x7300
  tmpccmrx |= (OC_Config->OCMode << 8U);
 8002824:	680d      	ldr	r5, [r1, #0]
 8002826:	ea42 2205 	orr.w	r2, r2, r5, lsl #8
  tmpccer &= ~TIM_CCER_CC2P;
 800282a:	f023 0320 	bic.w	r3, r3, #32
  tmpccer |= (OC_Config->OCPolarity << 4U);
 800282e:	688d      	ldr	r5, [r1, #8]
 8002830:	ea43 1305 	orr.w	r3, r3, r5, lsl #4
  if (IS_TIM_CCXN_INSTANCE(TIMx, TIM_CHANNEL_2))
 8002834:	4d1b      	ldr	r5, [pc, #108]	@ (80028a4 <TIM_OC2_SetConfig+0x98>)
 8002836:	42a8      	cmp	r0, r5
 8002838:	d007      	beq.n	800284a <TIM_OC2_SetConfig+0x3e>
 800283a:	f505 6500 	add.w	r5, r5, #2048	@ 0x800
 800283e:	42a8      	cmp	r0, r5
 8002840:	d003      	beq.n	800284a <TIM_OC2_SetConfig+0x3e>
 8002842:	f505 55e0 	add.w	r5, r5, #7168	@ 0x1c00
 8002846:	42a8      	cmp	r0, r5
 8002848:	d106      	bne.n	8002858 <TIM_OC2_SetConfig+0x4c>
    tmpccer &= ~TIM_CCER_CC2NP;
 800284a:	f023 0380 	bic.w	r3, r3, #128	@ 0x80
    tmpccer |= (OC_Config->OCNPolarity << 4U);
 800284e:	68cd      	ldr	r5, [r1, #12]
 8002850:	ea43 1305 	orr.w	r3, r3, r5, lsl #4
    tmpccer &= ~TIM_CCER_CC2NE;
 8002854:	f023 0340 	bic.w	r3, r3, #64	@ 0x40
  if (IS_TIM_BREAK_INSTANCE(TIMx))
 8002858:	4d12      	ldr	r5, [pc, #72]	@ (80028a4 <TIM_OC2_SetConfig+0x98>)
 800285a:	42a8      	cmp	r0, r5
 800285c:	d013      	beq.n	8002886 <TIM_OC2_SetConfig+0x7a>
 800285e:	f505 6500 	add.w	r5, r5, #2048	@ 0x800
 8002862:	42a8      	cmp	r0, r5
 8002864:	d00f      	beq.n	8002886 <TIM_OC2_SetConfig+0x7a>
 8002866:	f505 6540 	add.w	r5, r5, #3072	@ 0xc00
 800286a:	42a8      	cmp	r0, r5
 800286c:	d00b      	beq.n	8002886 <TIM_OC2_SetConfig+0x7a>
 800286e:	f505 6580 	add.w	r5, r5, #1024	@ 0x400
 8002872:	42a8      	cmp	r0, r5
 8002874:	d007      	beq.n	8002886 <TIM_OC2_SetConfig+0x7a>
 8002876:	f505 6580 	add.w	r5, r5, #1024	@ 0x400
 800287a:	42a8      	cmp	r0, r5
 800287c:	d003      	beq.n	8002886 <TIM_OC2_SetConfig+0x7a>
 800287e:	f505 6500 	add.w	r5, r5, #2048	@ 0x800
 8002882:	42a8      	cmp	r0, r5
 8002884:	d107      	bne.n	8002896 <TIM_OC2_SetConfig+0x8a>
    tmpcr2 &= ~TIM_CR2_OIS2N;
 8002886:	f424 6c40 	bic.w	ip, r4, #3072	@ 0xc00
    tmpcr2 |= (OC_Config->OCIdleState << 2U);
 800288a:	694c      	ldr	r4, [r1, #20]
 800288c:	ea4c 0c84 	orr.w	ip, ip, r4, lsl #2
    tmpcr2 |= (OC_Config->OCNIdleState << 2U);
 8002890:	698c      	ldr	r4, [r1, #24]
 8002892:	ea4c 0484 	orr.w	r4, ip, r4, lsl #2
  TIMx->CR2 = tmpcr2;
 8002896:	6044      	str	r4, [r0, #4]
  TIMx->CCMR1 = tmpccmrx;
 8002898:	6182      	str	r2, [r0, #24]
  TIMx->CCR2 = OC_Config->Pulse;
 800289a:	684a      	ldr	r2, [r1, #4]
 800289c:	6382      	str	r2, [r0, #56]	@ 0x38
  TIMx->CCER = tmpccer;
 800289e:	6203      	str	r3, [r0, #32]
}
 80028a0:	bc30      	pop	{r4, r5}
 80028a2:	4770      	bx	lr
 80028a4:	40012c00 	.word	0x40012c00

080028a8 <HAL_TIM_OC_ConfigChannel>:
  __HAL_LOCK(htim);
 80028a8:	f890 303c 	ldrb.w	r3, [r0, #60]	@ 0x3c
 80028ac:	2b01      	cmp	r3, #1
 80028ae:	d036      	beq.n	800291e <HAL_TIM_OC_ConfigChannel+0x76>
{
 80028b0:	b510      	push	{r4, lr}
 80028b2:	4604      	mov	r4, r0
  __HAL_LOCK(htim);
 80028b4:	2301      	movs	r3, #1
 80028b6:	f880 303c 	strb.w	r3, [r0, #60]	@ 0x3c
  switch (Channel)
 80028ba:	2a14      	cmp	r2, #20
 80028bc:	d82a      	bhi.n	8002914 <HAL_TIM_OC_ConfigChannel+0x6c>
 80028be:	e8df f002 	tbb	[pc, r2]
 80028c2:	290b      	.short	0x290b
 80028c4:	29102929 	.word	0x29102929
 80028c8:	29152929 	.word	0x29152929
 80028cc:	291a2929 	.word	0x291a2929
 80028d0:	291f2929 	.word	0x291f2929
 80028d4:	2929      	.short	0x2929
 80028d6:	24          	.byte	0x24
 80028d7:	00          	.byte	0x00
      TIM_OC1_SetConfig(htim->Instance, sConfig);
 80028d8:	6800      	ldr	r0, [r0, #0]
 80028da:	f7ff fd15 	bl	8002308 <TIM_OC1_SetConfig>
  HAL_StatusTypeDef status = HAL_OK;
 80028de:	2000      	movs	r0, #0
      break;
 80028e0:	e019      	b.n	8002916 <HAL_TIM_OC_ConfigChannel+0x6e>
      TIM_OC2_SetConfig(htim->Instance, sConfig);
 80028e2:	6800      	ldr	r0, [r0, #0]
 80028e4:	f7ff ff92 	bl	800280c <TIM_OC2_SetConfig>
  HAL_StatusTypeDef status = HAL_OK;
 80028e8:	2000      	movs	r0, #0
      break;
 80028ea:	e014      	b.n	8002916 <HAL_TIM_OC_ConfigChannel+0x6e>
      TIM_OC3_SetConfig(htim->Instance, sConfig);
 80028ec:	6800      	ldr	r0, [r0, #0]
 80028ee:	f7ff fd61 	bl	80023b4 <TIM_OC3_SetConfig>
  HAL_StatusTypeDef status = HAL_OK;
 80028f2:	2000      	movs	r0, #0
      break;
 80028f4:	e00f      	b.n	8002916 <HAL_TIM_OC_ConfigChannel+0x6e>
      TIM_OC4_SetConfig(htim->Instance, sConfig);
 80028f6:	6800      	ldr	r0, [r0, #0]
 80028f8:	f7ff fdaa 	bl	8002450 <TIM_OC4_SetConfig>
  HAL_StatusTypeDef status = HAL_OK;
 80028fc:	2000      	movs	r0, #0
      break;
 80028fe:	e00a      	b.n	8002916 <HAL_TIM_OC_ConfigChannel+0x6e>
      TIM_OC5_SetConfig(htim->Instance, sConfig);
 8002900:	6800      	ldr	r0, [r0, #0]
 8002902:	f7ff fddf 	bl	80024c4 <TIM_OC5_SetConfig>
  HAL_StatusTypeDef status = HAL_OK;
 8002906:	2000      	movs	r0, #0
      break;
 8002908:	e005      	b.n	8002916 <HAL_TIM_OC_ConfigChannel+0x6e>
      TIM_OC6_SetConfig(htim->Instance, sConfig);
 800290a:	6800      	ldr	r0, [r0, #0]
 800290c:	f7ff fe12 	bl	8002534 <TIM_OC6_SetConfig>
  HAL_StatusTypeDef status = HAL_OK;
 8002910:	2000      	movs	r0, #0
      break;
 8002912:	e000      	b.n	8002916 <HAL_TIM_OC_ConfigChannel+0x6e>
  switch (Channel)
 8002914:	2001      	movs	r0, #1
  __HAL_UNLOCK(htim);
 8002916:	2300      	movs	r3, #0
 8002918:	f884 303c 	strb.w	r3, [r4, #60]	@ 0x3c
}
 800291c:	bd10      	pop	{r4, pc}
  __HAL_LOCK(htim);
 800291e:	2002      	movs	r0, #2
}
 8002920:	4770      	bx	lr

08002922 <HAL_TIM_PWM_ConfigChannel>:
{
 8002922:	b538      	push	{r3, r4, r5, lr}
  __HAL_LOCK(htim);
 8002924:	f890 303c 	ldrb.w	r3, [r0, #60]	@ 0x3c
 8002928:	2b01      	cmp	r3, #1
 800292a:	f000 8095 	beq.w	8002a58 <HAL_TIM_PWM_ConfigChannel+0x136>
 800292e:	4604      	mov	r4, r0
 8002930:	460d      	mov	r5, r1
 8002932:	2301      	movs	r3, #1
 8002934:	f880 303c 	strb.w	r3, [r0, #60]	@ 0x3c
  switch (Channel)
 8002938:	2a14      	cmp	r2, #20
 800293a:	f200 8088 	bhi.w	8002a4e <HAL_TIM_PWM_ConfigChannel+0x12c>
 800293e:	e8df f002 	tbb	[pc, r2]
 8002942:	860b      	.short	0x860b
 8002944:	861f8686 	.word	0x861f8686
 8002948:	86348686 	.word	0x86348686
 800294c:	86488686 	.word	0x86488686
 8002950:	865d8686 	.word	0x865d8686
 8002954:	8686      	.short	0x8686
 8002956:	71          	.byte	0x71
 8002957:	00          	.byte	0x00
      TIM_OC1_SetConfig(htim->Instance, sConfig);
 8002958:	6800      	ldr	r0, [r0, #0]
 800295a:	f7ff fcd5 	bl	8002308 <TIM_OC1_SetConfig>
      htim->Instance->CCMR1 |= TIM_CCMR1_OC1PE;
 800295e:	6822      	ldr	r2, [r4, #0]
 8002960:	6993      	ldr	r3, [r2, #24]
 8002962:	f043 0308 	orr.w	r3, r3, #8
 8002966:	6193      	str	r3, [r2, #24]
      htim->Instance->CCMR1 &= ~TIM_CCMR1_OC1FE;
 8002968:	6822      	ldr	r2, [r4, #0]
 800296a:	6993      	ldr	r3, [r2, #24]
 800296c:	f023 0304 	bic.w	r3, r3, #4
 8002970:	6193      	str	r3, [r2, #24]
      htim->Instance->CCMR1 |= sConfig->OCFastMode;
 8002972:	6822      	ldr	r2, [r4, #0]
 8002974:	6993      	ldr	r3, [r2, #24]
 8002976:	6929      	ldr	r1, [r5, #16]
 8002978:	430b      	orrs	r3, r1
 800297a:	6193      	str	r3, [r2, #24]
  HAL_StatusTypeDef status = HAL_OK;
 800297c:	2000      	movs	r0, #0
      break;
 800297e:	e067      	b.n	8002a50 <HAL_TIM_PWM_ConfigChannel+0x12e>
      TIM_OC2_SetConfig(htim->Instance, sConfig);
 8002980:	6800      	ldr	r0, [r0, #0]
 8002982:	f7ff ff43 	bl	800280c <TIM_OC2_SetConfig>
      htim->Instance->CCMR1 |= TIM_CCMR1_OC2PE;
 8002986:	6822      	ldr	r2, [r4, #0]
 8002988:	6993      	ldr	r3, [r2, #24]
 800298a:	f443 6300 	orr.w	r3, r3, #2048	@ 0x800
 800298e:	6193      	str	r3, [r2, #24]
      htim->Instance->CCMR1 &= ~TIM_CCMR1_OC2FE;
 8002990:	6822      	ldr	r2, [r4, #0]
 8002992:	6993      	ldr	r3, [r2, #24]
 8002994:	f423 6380 	bic.w	r3, r3, #1024	@ 0x400
 8002998:	6193      	str	r3, [r2, #24]
      htim->Instance->CCMR1 |= sConfig->OCFastMode << 8U;
 800299a:	6822      	ldr	r2, [r4, #0]
 800299c:	6993      	ldr	r3, [r2, #24]
 800299e:	6929      	ldr	r1, [r5, #16]
 80029a0:	ea43 2301 	orr.w	r3, r3, r1, lsl #8
 80029a4:	6193      	str	r3, [r2, #24]
  HAL_StatusTypeDef status = HAL_OK;
 80029a6:	2000      	movs	r0, #0
      break;
 80029a8:	e052      	b.n	8002a50 <HAL_TIM_PWM_ConfigChannel+0x12e>
      TIM_OC3_SetConfig(htim->Instance, sConfig);
 80029aa:	6800      	ldr	r0, [r0, #0]
 80029ac:	f7ff fd02 	bl	80023b4 <TIM_OC3_SetConfig>
      htim->Instance->CCMR2 |= TIM_CCMR2_OC3PE;
 80029b0:	6822      	ldr	r2, [r4, #0]
 80029b2:	69d3      	ldr	r3, [r2, #28]
 80029b4:	f043 0308 	orr.w	r3, r3, #8
 80029b8:	61d3      	str	r3, [r2, #28]
      htim->Instance->CCMR2 &= ~TIM_CCMR2_OC3FE;
 80029ba:	6822      	ldr	r2, [r4, #0]
 80029bc:	69d3      	ldr	r3, [r2, #28]
 80029be:	f023 0304 	bic.w	r3, r3, #4
 80029c2:	61d3      	str	r3, [r2, #28]
      htim->Instance->CCMR2 |= sConfig->OCFastMode;
 80029c4:	6822      	ldr	r2, [r4, #0]
 80029c6:	69d3      	ldr	r3, [r2, #28]
 80029c8:	6929      	ldr	r1, [r5, #16]
 80029ca:	430b      	orrs	r3, r1
 80029cc:	61d3      	str	r3, [r2, #28]
  HAL_StatusTypeDef status = HAL_OK;
 80029ce:	2000      	movs	r0, #0
      break;
 80029d0:	e03e      	b.n	8002a50 <HAL_TIM_PWM_ConfigChannel+0x12e>
      TIM_OC4_SetConfig(htim->Instance, sConfig);
 80029d2:	6800      	ldr	r0, [r0, #0]
 80029d4:	f7ff fd3c 	bl	8002450 <TIM_OC4_SetConfig>
      htim->Instance->CCMR2 |= TIM_CCMR2_OC4PE;
 80029d8:	6822      	ldr	r2, [r4, #0]
 80029da:	69d3      	ldr	r3, [r2, #28]
 80029dc:	f443 6300 	orr.w	r3, r3, #2048	@ 0x800
 80029e0:	61d3      	str	r3, [r2, #28]
      htim->Instance->CCMR2 &= ~TIM_CCMR2_OC4FE;
 80029e2:	6822      	ldr	r2, [r4, #0]
 80029e4:	69d3      	ldr	r3, [r2, #28]
 80029e6:	f423 6380 	bic.w	r3, r3, #1024	@ 0x400
 80029ea:	61d3      	str	r3, [r2, #28]
      htim->Instance->CCMR2 |= sConfig->OCFastMode << 8U;
 80029ec:	6822      	ldr	r2, [r4, #0]
 80029ee:	69d3      	ldr	r3, [r2, #28]
 80029f0:	6929      	ldr	r1, [r5, #16]
 80029f2:	ea43 2301 	orr.w	r3, r3, r1, lsl #8
 80029f6:	61d3      	str	r3, [r2, #28]
  HAL_StatusTypeDef status = HAL_OK;
 80029f8:	2000      	movs	r0, #0
      break;
 80029fa:	e029      	b.n	8002a50 <HAL_TIM_PWM_ConfigChannel+0x12e>
      TIM_OC5_SetConfig(htim->Instance, sConfig);
 80029fc:	6800      	ldr	r0, [r0, #0]
 80029fe:	f7ff fd61 	bl	80024c4 <TIM_OC5_SetConfig>
      htim->Instance->CCMR3 |= TIM_CCMR3_OC5PE;
 8002a02:	6822      	ldr	r2, [r4, #0]
 8002a04:	6d53      	ldr	r3, [r2, #84]	@ 0x54
 8002a06:	f043 0308 	orr.w	r3, r3, #8
 8002a0a:	6553      	str	r3, [r2, #84]	@ 0x54
      htim->Instance->CCMR3 &= ~TIM_CCMR3_OC5FE;
 8002a0c:	6822      	ldr	r2, [r4, #0]
 8002a0e:	6d53      	ldr	r3, [r2, #84]	@ 0x54
 8002a10:	f023 0304 	bic.w	r3, r3, #4
 8002a14:	6553      	str	r3, [r2, #84]	@ 0x54
      htim->Instance->CCMR3 |= sConfig->OCFastMode;
 8002a16:	6822      	ldr	r2, [r4, #0]
 8002a18:	6d53      	ldr	r3, [r2, #84]	@ 0x54
 8002a1a:	6929      	ldr	r1, [r5, #16]
 8002a1c:	430b      	orrs	r3, r1
 8002a1e:	6553      	str	r3, [r2, #84]	@ 0x54
  HAL_StatusTypeDef status = HAL_OK;
 8002a20:	2000      	movs	r0, #0
      break;
 8002a22:	e015      	b.n	8002a50 <HAL_TIM_PWM_ConfigChannel+0x12e>
      TIM_OC6_SetConfig(htim->Instance, sConfig);
 8002a24:	6800      	ldr	r0, [r0, #0]
 8002a26:	f7ff fd85 	bl	8002534 <TIM_OC6_SetConfig>
      htim->Instance->CCMR3 |= TIM_CCMR3_OC6PE;
 8002a2a:	6822      	ldr	r2, [r4, #0]
 8002a2c:	6d53      	ldr	r3, [r2, #84]	@ 0x54
 8002a2e:	f443 6300 	orr.w	r3, r3, #2048	@ 0x800
 8002a32:	6553      	str	r3, [r2, #84]	@ 0x54
      htim->Instance->CCMR3 &= ~TIM_CCMR3_OC6FE;
 8002a34:	6822      	ldr	r2, [r4, #0]
 8002a36:	6d53      	ldr	r3, [r2, #84]	@ 0x54
 8002a38:	f423 6380 	bic.w	r3, r3, #1024	@ 0x400
 8002a3c:	6553      	str	r3, [r2, #84]	@ 0x54
      htim->Instance->CCMR3 |= sConfig->OCFastMode << 8U;
 8002a3e:	6822      	ldr	r2, [r4, #0]
 8002a40:	6d53      	ldr	r3, [r2, #84]	@ 0x54
 8002a42:	6929      	ldr	r1, [r5, #16]
 8002a44:	ea43 2301 	orr.w	r3, r3, r1, lsl #8
 8002a48:	6553      	str	r3, [r2, #84]	@ 0x54
  HAL_StatusTypeDef status = HAL_OK;
 8002a4a:	2000      	movs	r0, #0
      break;
 8002a4c:	e000      	b.n	8002a50 <HAL_TIM_PWM_ConfigChannel+0x12e>
  switch (Channel)
 8002a4e:	2001      	movs	r0, #1
  __HAL_UNLOCK(htim);
 8002a50:	2300      	movs	r3, #0
 8002a52:	f884 303c 	strb.w	r3, [r4, #60]	@ 0x3c
}
 8002a56:	bd38      	pop	{r3, r4, r5, pc}
  __HAL_LOCK(htim);
 8002a58:	2002      	movs	r0, #2
 8002a5a:	e7fc      	b.n	8002a56 <HAL_TIM_PWM_ConfigChannel+0x134>

08002a5c <TIM_ETR_SetConfig>:
  *          This parameter must be a value between 0x00 and 0x0F
  * @retval None
  */
void TIM_ETR_SetConfig(TIM_TypeDef *TIMx, uint32_t TIM_ExtTRGPrescaler,
                       uint32_t TIM_ExtTRGPolarity, uint32_t ExtTRGFilter)
{
 8002a5c:	b410      	push	{r4}
  uint32_t tmpsmcr;

  tmpsmcr = TIMx->SMCR;
 8002a5e:	6884      	ldr	r4, [r0, #8]

  /* Reset the ETR Bits */
  tmpsmcr &= ~(TIM_SMCR_ETF | TIM_SMCR_ETPS | TIM_SMCR_ECE | TIM_SMCR_ETP);
 8002a60:	f424 4c7f 	bic.w	ip, r4, #65280	@ 0xff00

  /* Set the Prescaler, the Filter value and the Polarity */
  tmpsmcr |= (uint32_t)(TIM_ExtTRGPrescaler | (TIM_ExtTRGPolarity | (ExtTRGFilter << 8U)));
 8002a64:	ea42 2203 	orr.w	r2, r2, r3, lsl #8
 8002a68:	430a      	orrs	r2, r1
 8002a6a:	ea42 020c 	orr.w	r2, r2, ip

  /* Write to TIMx SMCR */
  TIMx->SMCR = tmpsmcr;
 8002a6e:	6082      	str	r2, [r0, #8]
}
 8002a70:	f85d 4b04 	ldr.w	r4, [sp], #4
 8002a74:	4770      	bx	lr

08002a76 <HAL_TIM_ConfigOCrefClear>:
  __HAL_LOCK(htim);
 8002a76:	f890 303c 	ldrb.w	r3, [r0, #60]	@ 0x3c
 8002a7a:	2b01      	cmp	r3, #1
 8002a7c:	f000 80ad 	beq.w	8002bda <HAL_TIM_ConfigOCrefClear+0x164>
{
 8002a80:	b570      	push	{r4, r5, r6, lr}
 8002a82:	4604      	mov	r4, r0
 8002a84:	460d      	mov	r5, r1
 8002a86:	4616      	mov	r6, r2
  __HAL_LOCK(htim);
 8002a88:	2301      	movs	r3, #1
 8002a8a:	f880 303c 	strb.w	r3, [r0, #60]	@ 0x3c
  htim->State = HAL_TIM_STATE_BUSY;
 8002a8e:	2302      	movs	r3, #2
 8002a90:	f880 303d 	strb.w	r3, [r0, #61]	@ 0x3d
  switch (sClearInputConfig->ClearInputSource)
 8002a94:	684b      	ldr	r3, [r1, #4]
 8002a96:	2b01      	cmp	r3, #1
 8002a98:	d021      	beq.n	8002ade <HAL_TIM_ConfigOCrefClear+0x68>
 8002a9a:	2b02      	cmp	r3, #2
 8002a9c:	d00a      	beq.n	8002ab4 <HAL_TIM_ConfigOCrefClear+0x3e>
 8002a9e:	2b00      	cmp	r3, #0
 8002aa0:	f040 8091 	bne.w	8002bc6 <HAL_TIM_ConfigOCrefClear+0x150>
      CLEAR_BIT(htim->Instance->SMCR, (TIM_SMCR_OCCS | TIM_SMCR_ETF | TIM_SMCR_ETPS | TIM_SMCR_ECE | TIM_SMCR_ETP));
 8002aa4:	6802      	ldr	r2, [r0, #0]
 8002aa6:	6893      	ldr	r3, [r2, #8]
 8002aa8:	f423 437f 	bic.w	r3, r3, #65280	@ 0xff00
 8002aac:	f023 0308 	bic.w	r3, r3, #8
 8002ab0:	6093      	str	r3, [r2, #8]
  if (status == HAL_OK)
 8002ab2:	e004      	b.n	8002abe <HAL_TIM_ConfigOCrefClear+0x48>
      CLEAR_BIT(htim->Instance->SMCR, TIM_SMCR_OCCS);
 8002ab4:	6802      	ldr	r2, [r0, #0]
 8002ab6:	6893      	ldr	r3, [r2, #8]
 8002ab8:	f023 0308 	bic.w	r3, r3, #8
 8002abc:	6093      	str	r3, [r2, #8]
    switch (Channel)
 8002abe:	2e14      	cmp	r6, #20
 8002ac0:	f200 8083 	bhi.w	8002bca <HAL_TIM_ConfigOCrefClear+0x154>
 8002ac4:	e8df f006 	tbb	[pc, r6]
 8002ac8:	8181811f 	.word	0x8181811f
 8002acc:	8181812f 	.word	0x8181812f
 8002ad0:	8181813f 	.word	0x8181813f
 8002ad4:	8181814f 	.word	0x8181814f
 8002ad8:	8181815f 	.word	0x8181815f
 8002adc:	6f          	.byte	0x6f
 8002add:	00          	.byte	0x00
      if (sClearInputConfig->ClearInputPrescaler != TIM_CLEARINPUTPRESCALER_DIV1)
 8002ade:	68c9      	ldr	r1, [r1, #12]
 8002ae0:	b131      	cbz	r1, 8002af0 <HAL_TIM_ConfigOCrefClear+0x7a>
        htim->State = HAL_TIM_STATE_READY;
 8002ae2:	2001      	movs	r0, #1
 8002ae4:	f884 003d 	strb.w	r0, [r4, #61]	@ 0x3d
        __HAL_UNLOCK(htim);
 8002ae8:	2300      	movs	r3, #0
 8002aea:	f884 303c 	strb.w	r3, [r4, #60]	@ 0x3c
        return HAL_ERROR;
 8002aee:	e073      	b.n	8002bd8 <HAL_TIM_ConfigOCrefClear+0x162>
      TIM_ETR_SetConfig(htim->Instance,
 8002af0:	692b      	ldr	r3, [r5, #16]
 8002af2:	68aa      	ldr	r2, [r5, #8]
 8002af4:	6800      	ldr	r0, [r0, #0]
 8002af6:	f7ff ffb1 	bl	8002a5c <TIM_ETR_SetConfig>
      SET_BIT(htim->Instance->SMCR, TIM_SMCR_OCCS);
 8002afa:	6822      	ldr	r2, [r4, #0]
 8002afc:	6893      	ldr	r3, [r2, #8]
 8002afe:	f043 0308 	orr.w	r3, r3, #8
 8002b02:	6093      	str	r3, [r2, #8]
  if (status == HAL_OK)
 8002b04:	e7db      	b.n	8002abe <HAL_TIM_ConfigOCrefClear+0x48>
        if (sClearInputConfig->ClearInputState != (uint32_t)DISABLE)
 8002b06:	682b      	ldr	r3, [r5, #0]
 8002b08:	b133      	cbz	r3, 8002b18 <HAL_TIM_ConfigOCrefClear+0xa2>
          SET_BIT(htim->Instance->CCMR1, TIM_CCMR1_OC1CE);
 8002b0a:	6822      	ldr	r2, [r4, #0]
 8002b0c:	6993      	ldr	r3, [r2, #24]
 8002b0e:	f043 0380 	orr.w	r3, r3, #128	@ 0x80
 8002b12:	6193      	str	r3, [r2, #24]
 8002b14:	2000      	movs	r0, #0
 8002b16:	e059      	b.n	8002bcc <HAL_TIM_ConfigOCrefClear+0x156>
          CLEAR_BIT(htim->Instance->CCMR1, TIM_CCMR1_OC1CE);
 8002b18:	6822      	ldr	r2, [r4, #0]
 8002b1a:	6993      	ldr	r3, [r2, #24]
 8002b1c:	f023 0380 	bic.w	r3, r3, #128	@ 0x80
 8002b20:	6193      	str	r3, [r2, #24]
 8002b22:	2000      	movs	r0, #0
 8002b24:	e052      	b.n	8002bcc <HAL_TIM_ConfigOCrefClear+0x156>
        if (sClearInputConfig->ClearInputState != (uint32_t)DISABLE)
 8002b26:	682b      	ldr	r3, [r5, #0]
 8002b28:	b133      	cbz	r3, 8002b38 <HAL_TIM_ConfigOCrefClear+0xc2>
          SET_BIT(htim->Instance->CCMR1, TIM_CCMR1_OC2CE);
 8002b2a:	6822      	ldr	r2, [r4, #0]
 8002b2c:	6993      	ldr	r3, [r2, #24]
 8002b2e:	f443 4300 	orr.w	r3, r3, #32768	@ 0x8000
 8002b32:	6193      	str	r3, [r2, #24]
 8002b34:	2000      	movs	r0, #0
 8002b36:	e049      	b.n	8002bcc <HAL_TIM_ConfigOCrefClear+0x156>
          CLEAR_BIT(htim->Instance->CCMR1, TIM_CCMR1_OC2CE);
 8002b38:	6822      	ldr	r2, [r4, #0]
 8002b3a:	6993      	ldr	r3, [r2, #24]
 8002b3c:	f423 4300 	bic.w	r3, r3, #32768	@ 0x8000
 8002b40:	6193      	str	r3, [r2, #24]
 8002b42:	2000      	movs	r0, #0
 8002b44:	e042      	b.n	8002bcc <HAL_TIM_ConfigOCrefClear+0x156>
        if (sClearInputConfig->ClearInputState != (uint32_t)DISABLE)
 8002b46:	682b      	ldr	r3, [r5, #0]
 8002b48:	b133      	cbz	r3, 8002b58 <HAL_TIM_ConfigOCrefClear+0xe2>
          SET_BIT(htim->Instance->CCMR2, TIM_CCMR2_OC3CE);
 8002b4a:	6822      	ldr	r2, [r4, #0]
 8002b4c:	69d3      	ldr	r3, [r2, #28]
 8002b4e:	f043 0380 	orr.w	r3, r3, #128	@ 0x80
 8002b52:	61d3      	str	r3, [r2, #28]
 8002b54:	2000      	movs	r0, #0
 8002b56:	e039      	b.n	8002bcc <HAL_TIM_ConfigOCrefClear+0x156>
          CLEAR_BIT(htim->Instance->CCMR2, TIM_CCMR2_OC3CE);
 8002b58:	6822      	ldr	r2, [r4, #0]
 8002b5a:	69d3      	ldr	r3, [r2, #28]
 8002b5c:	f023 0380 	bic.w	r3, r3, #128	@ 0x80
 8002b60:	61d3      	str	r3, [r2, #28]
 8002b62:	2000      	movs	r0, #0
 8002b64:	e032      	b.n	8002bcc <HAL_TIM_ConfigOCrefClear+0x156>
        if (sClearInputConfig->ClearInputState != (uint32_t)DISABLE)
 8002b66:	682b      	ldr	r3, [r5, #0]
 8002b68:	b133      	cbz	r3, 8002b78 <HAL_TIM_ConfigOCrefClear+0x102>
          SET_BIT(htim->Instance->CCMR2, TIM_CCMR2_OC4CE);
 8002b6a:	6822      	ldr	r2, [r4, #0]
 8002b6c:	69d3      	ldr	r3, [r2, #28]
 8002b6e:	f443 4300 	orr.w	r3, r3, #32768	@ 0x8000
 8002b72:	61d3      	str	r3, [r2, #28]
 8002b74:	2000      	movs	r0, #0
 8002b76:	e029      	b.n	8002bcc <HAL_TIM_ConfigOCrefClear+0x156>
          CLEAR_BIT(htim->Instance->CCMR2, TIM_CCMR2_OC4CE);
 8002b78:	6822      	ldr	r2, [r4, #0]
 8002b7a:	69d3      	ldr	r3, [r2, #28]
 8002b7c:	f423 4300 	bic.w	r3, r3, #32768	@ 0x8000
 8002b80:	61d3      	str	r3, [r2, #28]
 8002b82:	2000      	movs	r0, #0
 8002b84:	e022      	b.n	8002bcc <HAL_TIM_ConfigOCrefClear+0x156>
        if (sClearInputConfig->ClearInputState != (uint32_t)DISABLE)
 8002b86:	682b      	ldr	r3, [r5, #0]
 8002b88:	b133      	cbz	r3, 8002b98 <HAL_TIM_ConfigOCrefClear+0x122>
          SET_BIT(htim->Instance->CCMR3, TIM_CCMR3_OC5CE);
 8002b8a:	6822      	ldr	r2, [r4, #0]
 8002b8c:	6d53      	ldr	r3, [r2, #84]	@ 0x54
 8002b8e:	f043 0380 	orr.w	r3, r3, #128	@ 0x80
 8002b92:	6553      	str	r3, [r2, #84]	@ 0x54
 8002b94:	2000      	movs	r0, #0
 8002b96:	e019      	b.n	8002bcc <HAL_TIM_ConfigOCrefClear+0x156>
          CLEAR_BIT(htim->Instance->CCMR3, TIM_CCMR3_OC5CE);
 8002b98:	6822      	ldr	r2, [r4, #0]
 8002b9a:	6d53      	ldr	r3, [r2, #84]	@ 0x54
 8002b9c:	f023 0380 	bic.w	r3, r3, #128	@ 0x80
 8002ba0:	6553      	str	r3, [r2, #84]	@ 0x54
 8002ba2:	2000      	movs	r0, #0
 8002ba4:	e012      	b.n	8002bcc <HAL_TIM_ConfigOCrefClear+0x156>
        if (sClearInputConfig->ClearInputState != (uint32_t)DISABLE)
 8002ba6:	682b      	ldr	r3, [r5, #0]
 8002ba8:	b133      	cbz	r3, 8002bb8 <HAL_TIM_ConfigOCrefClear+0x142>
          SET_BIT(htim->Instance->CCMR3, TIM_CCMR3_OC6CE);
 8002baa:	6822      	ldr	r2, [r4, #0]
 8002bac:	6d53      	ldr	r3, [r2, #84]	@ 0x54
 8002bae:	f443 4300 	orr.w	r3, r3, #32768	@ 0x8000
 8002bb2:	6553      	str	r3, [r2, #84]	@ 0x54
 8002bb4:	2000      	movs	r0, #0
 8002bb6:	e009      	b.n	8002bcc <HAL_TIM_ConfigOCrefClear+0x156>
          CLEAR_BIT(htim->Instance->CCMR3, TIM_CCMR3_OC6CE);
 8002bb8:	6822      	ldr	r2, [r4, #0]
 8002bba:	6d53      	ldr	r3, [r2, #84]	@ 0x54
 8002bbc:	f423 4300 	bic.w	r3, r3, #32768	@ 0x8000
 8002bc0:	6553      	str	r3, [r2, #84]	@ 0x54
 8002bc2:	2000      	movs	r0, #0
 8002bc4:	e002      	b.n	8002bcc <HAL_TIM_ConfigOCrefClear+0x156>
  switch (sClearInputConfig->ClearInputSource)
 8002bc6:	2001      	movs	r0, #1
 8002bc8:	e000      	b.n	8002bcc <HAL_TIM_ConfigOCrefClear+0x156>
    switch (Channel)
 8002bca:	2000      	movs	r0, #0
  htim->State = HAL_TIM_STATE_READY;
 8002bcc:	2301      	movs	r3, #1
 8002bce:	f884 303d 	strb.w	r3, [r4, #61]	@ 0x3d
  __HAL_UNLOCK(htim);
 8002bd2:	2300      	movs	r3, #0
 8002bd4:	f884 303c 	strb.w	r3, [r4, #60]	@ 0x3c
}
 8002bd8:	bd70      	pop	{r4, r5, r6, pc}
  __HAL_LOCK(htim);
 8002bda:	2002      	movs	r0, #2
}
 8002bdc:	4770      	bx	lr
	...

08002be0 <HAL_TIM_ConfigClockSource>:
  __HAL_LOCK(htim);
 8002be0:	f890 303c 	ldrb.w	r3, [r0, #60]	@ 0x3c
 8002be4:	2b01      	cmp	r3, #1
 8002be6:	d076      	beq.n	8002cd6 <HAL_TIM_ConfigClockSource+0xf6>
{
 8002be8:	b510      	push	{r4, lr}
 8002bea:	4604      	mov	r4, r0
  __HAL_LOCK(htim);
 8002bec:	2301      	movs	r3, #1
 8002bee:	f880 303c 	strb.w	r3, [r0, #60]	@ 0x3c
  htim->State = HAL_TIM_STATE_BUSY;
 8002bf2:	2302      	movs	r3, #2
 8002bf4:	f880 303d 	strb.w	r3, [r0, #61]	@ 0x3d
  tmpsmcr = htim->Instance->SMCR;
 8002bf8:	6802      	ldr	r2, [r0, #0]
 8002bfa:	6890      	ldr	r0, [r2, #8]
  tmpsmcr &= ~(TIM_SMCR_ETF | TIM_SMCR_ETPS | TIM_SMCR_ECE | TIM_SMCR_ETP);
 8002bfc:	4b37      	ldr	r3, [pc, #220]	@ (8002cdc <HAL_TIM_ConfigClockSource+0xfc>)
 8002bfe:	4003      	ands	r3, r0
  htim->Instance->SMCR = tmpsmcr;
 8002c00:	6093      	str	r3, [r2, #8]
  switch (sClockSourceConfig->ClockSource)
 8002c02:	680b      	ldr	r3, [r1, #0]
 8002c04:	2b60      	cmp	r3, #96	@ 0x60
 8002c06:	d04c      	beq.n	8002ca2 <HAL_TIM_ConfigClockSource+0xc2>
 8002c08:	d823      	bhi.n	8002c52 <HAL_TIM_ConfigClockSource+0x72>
 8002c0a:	2b40      	cmp	r3, #64	@ 0x40
 8002c0c:	d054      	beq.n	8002cb8 <HAL_TIM_ConfigClockSource+0xd8>
 8002c0e:	d811      	bhi.n	8002c34 <HAL_TIM_ConfigClockSource+0x54>
 8002c10:	2b20      	cmp	r3, #32
 8002c12:	d003      	beq.n	8002c1c <HAL_TIM_ConfigClockSource+0x3c>
 8002c14:	d80a      	bhi.n	8002c2c <HAL_TIM_ConfigClockSource+0x4c>
 8002c16:	b10b      	cbz	r3, 8002c1c <HAL_TIM_ConfigClockSource+0x3c>
 8002c18:	2b10      	cmp	r3, #16
 8002c1a:	d105      	bne.n	8002c28 <HAL_TIM_ConfigClockSource+0x48>
      TIM_ITRx_SetConfig(htim->Instance, sClockSourceConfig->ClockSource);
 8002c1c:	4619      	mov	r1, r3
 8002c1e:	6820      	ldr	r0, [r4, #0]
 8002c20:	f7ff fce9 	bl	80025f6 <TIM_ITRx_SetConfig>
  HAL_StatusTypeDef status = HAL_OK;
 8002c24:	2000      	movs	r0, #0
      break;
 8002c26:	e028      	b.n	8002c7a <HAL_TIM_ConfigClockSource+0x9a>
      status = HAL_ERROR;
 8002c28:	2001      	movs	r0, #1
 8002c2a:	e026      	b.n	8002c7a <HAL_TIM_ConfigClockSource+0x9a>
  switch (sClockSourceConfig->ClockSource)
 8002c2c:	2b30      	cmp	r3, #48	@ 0x30
 8002c2e:	d0f5      	beq.n	8002c1c <HAL_TIM_ConfigClockSource+0x3c>
      status = HAL_ERROR;
 8002c30:	2001      	movs	r0, #1
 8002c32:	e022      	b.n	8002c7a <HAL_TIM_ConfigClockSource+0x9a>
  switch (sClockSourceConfig->ClockSource)
 8002c34:	2b50      	cmp	r3, #80	@ 0x50
 8002c36:	d10a      	bne.n	8002c4e <HAL_TIM_ConfigClockSource+0x6e>
      TIM_TI1_ConfigInputStage(htim->Instance,
 8002c38:	68ca      	ldr	r2, [r1, #12]
 8002c3a:	6849      	ldr	r1, [r1, #4]
 8002c3c:	6820      	ldr	r0, [r4, #0]
 8002c3e:	f7ff fcb3 	bl	80025a8 <TIM_TI1_ConfigInputStage>
      TIM_ITRx_SetConfig(htim->Instance, TIM_CLOCKSOURCE_TI1);
 8002c42:	2150      	movs	r1, #80	@ 0x50
 8002c44:	6820      	ldr	r0, [r4, #0]
 8002c46:	f7ff fcd6 	bl	80025f6 <TIM_ITRx_SetConfig>
  HAL_StatusTypeDef status = HAL_OK;
 8002c4a:	2000      	movs	r0, #0
      break;
 8002c4c:	e015      	b.n	8002c7a <HAL_TIM_ConfigClockSource+0x9a>
      status = HAL_ERROR;
 8002c4e:	2001      	movs	r0, #1
 8002c50:	e013      	b.n	8002c7a <HAL_TIM_ConfigClockSource+0x9a>
  switch (sClockSourceConfig->ClockSource)
 8002c52:	f5b3 5f80 	cmp.w	r3, #4096	@ 0x1000
 8002c56:	d03a      	beq.n	8002cce <HAL_TIM_ConfigClockSource+0xee>
 8002c58:	f5b3 5f00 	cmp.w	r3, #8192	@ 0x2000
 8002c5c:	d014      	beq.n	8002c88 <HAL_TIM_ConfigClockSource+0xa8>
 8002c5e:	2b70      	cmp	r3, #112	@ 0x70
 8002c60:	d137      	bne.n	8002cd2 <HAL_TIM_ConfigClockSource+0xf2>
      TIM_ETR_SetConfig(htim->Instance,
 8002c62:	68cb      	ldr	r3, [r1, #12]
 8002c64:	684a      	ldr	r2, [r1, #4]
 8002c66:	6889      	ldr	r1, [r1, #8]
 8002c68:	6820      	ldr	r0, [r4, #0]
 8002c6a:	f7ff fef7 	bl	8002a5c <TIM_ETR_SetConfig>
      tmpsmcr = htim->Instance->SMCR;
 8002c6e:	6822      	ldr	r2, [r4, #0]
 8002c70:	6893      	ldr	r3, [r2, #8]
      tmpsmcr |= (TIM_SLAVEMODE_EXTERNAL1 | TIM_CLOCKSOURCE_ETRMODE1);
 8002c72:	f043 0377 	orr.w	r3, r3, #119	@ 0x77
      htim->Instance->SMCR = tmpsmcr;
 8002c76:	6093      	str	r3, [r2, #8]
  HAL_StatusTypeDef status = HAL_OK;
 8002c78:	2000      	movs	r0, #0
  htim->State = HAL_TIM_STATE_READY;
 8002c7a:	2301      	movs	r3, #1
 8002c7c:	f884 303d 	strb.w	r3, [r4, #61]	@ 0x3d
  __HAL_UNLOCK(htim);
 8002c80:	2300      	movs	r3, #0
 8002c82:	f884 303c 	strb.w	r3, [r4, #60]	@ 0x3c
}
 8002c86:	bd10      	pop	{r4, pc}
      TIM_ETR_SetConfig(htim->Instance,
 8002c88:	68cb      	ldr	r3, [r1, #12]
 8002c8a:	684a      	ldr	r2, [r1, #4]
 8002c8c:	6889      	ldr	r1, [r1, #8]
 8002c8e:	6820      	ldr	r0, [r4, #0]
 8002c90:	f7ff fee4 	bl	8002a5c <TIM_ETR_SetConfig>
      htim->Instance->SMCR |= TIM_SMCR_ECE;
 8002c94:	6822      	ldr	r2, [r4, #0]
 8002c96:	6893      	ldr	r3, [r2, #8]
 8002c98:	f443 4380 	orr.w	r3, r3, #16384	@ 0x4000
 8002c9c:	6093      	str	r3, [r2, #8]
  HAL_StatusTypeDef status = HAL_OK;
 8002c9e:	2000      	movs	r0, #0
      break;
 8002ca0:	e7eb      	b.n	8002c7a <HAL_TIM_ConfigClockSource+0x9a>
      TIM_TI2_ConfigInputStage(htim->Instance,
 8002ca2:	68ca      	ldr	r2, [r1, #12]
 8002ca4:	6849      	ldr	r1, [r1, #4]
 8002ca6:	6820      	ldr	r0, [r4, #0]
 8002ca8:	f7ff fc91 	bl	80025ce <TIM_TI2_ConfigInputStage>
      TIM_ITRx_SetConfig(htim->Instance, TIM_CLOCKSOURCE_TI2);
 8002cac:	2160      	movs	r1, #96	@ 0x60
 8002cae:	6820      	ldr	r0, [r4, #0]
 8002cb0:	f7ff fca1 	bl	80025f6 <TIM_ITRx_SetConfig>
  HAL_StatusTypeDef status = HAL_OK;
 8002cb4:	2000      	movs	r0, #0
      break;
 8002cb6:	e7e0      	b.n	8002c7a <HAL_TIM_ConfigClockSource+0x9a>
      TIM_TI1_ConfigInputStage(htim->Instance,
 8002cb8:	68ca      	ldr	r2, [r1, #12]
 8002cba:	6849      	ldr	r1, [r1, #4]
 8002cbc:	6820      	ldr	r0, [r4, #0]
 8002cbe:	f7ff fc73 	bl	80025a8 <TIM_TI1_ConfigInputStage>
      TIM_ITRx_SetConfig(htim->Instance, TIM_CLOCKSOURCE_TI1ED);
 8002cc2:	2140      	movs	r1, #64	@ 0x40
 8002cc4:	6820      	ldr	r0, [r4, #0]
 8002cc6:	f7ff fc96 	bl	80025f6 <TIM_ITRx_SetConfig>
  HAL_StatusTypeDef status = HAL_OK;
 8002cca:	2000      	movs	r0, #0
      break;
 8002ccc:	e7d5      	b.n	8002c7a <HAL_TIM_ConfigClockSource+0x9a>
  switch (sClockSourceConfig->ClockSource)
 8002cce:	2000      	movs	r0, #0
 8002cd0:	e7d3      	b.n	8002c7a <HAL_TIM_ConfigClockSource+0x9a>
      status = HAL_ERROR;
 8002cd2:	2001      	movs	r0, #1
 8002cd4:	e7d1      	b.n	8002c7a <HAL_TIM_ConfigClockSource+0x9a>
  __HAL_LOCK(htim);
 8002cd6:	2002      	movs	r0, #2
}
 8002cd8:	4770      	bx	lr
 8002cda:	bf00      	nop
 8002cdc:	fffe0088 	.word	0xfffe0088

08002ce0 <HAL_TIMEx_MasterConfigSynchronization>:
  assert_param(IS_TIM_MASTER_INSTANCE(htim->Instance));
  assert_param(IS_TIM_TRGO_SOURCE(sMasterConfig->MasterOutputTrigger));
  assert_param(IS_TIM_MSM_STATE(sMasterConfig->MasterSlaveMode));

  /* Check input state */
  __HAL_LOCK(htim);
 8002ce0:	f890 203c 	ldrb.w	r2, [r0, #60]	@ 0x3c
 8002ce4:	2a01      	cmp	r2, #1
 8002ce6:	d046      	beq.n	8002d76 <HAL_TIMEx_MasterConfigSynchronization+0x96>
{
 8002ce8:	b430      	push	{r4, r5}
 8002cea:	4603      	mov	r3, r0
  __HAL_LOCK(htim);
 8002cec:	2201      	movs	r2, #1
 8002cee:	f880 203c 	strb.w	r2, [r0, #60]	@ 0x3c

  /* Change the handler state */
  htim->State = HAL_TIM_STATE_BUSY;
 8002cf2:	2202      	movs	r2, #2
 8002cf4:	f880 203d 	strb.w	r2, [r0, #61]	@ 0x3d

  /* Get the TIMx CR2 register value */
  tmpcr2 = htim->Instance->CR2;
 8002cf8:	6800      	ldr	r0, [r0, #0]
 8002cfa:	6842      	ldr	r2, [r0, #4]

  /* Get the TIMx SMCR register value */
  tmpsmcr = htim->Instance->SMCR;
 8002cfc:	6884      	ldr	r4, [r0, #8]

#if defined(TIM_CR2_MMS2)
  /* If the timer supports ADC synchronization through TRGO2, set the master mode selection 2 */
  if (IS_TIM_TRGO2_INSTANCE(htim->Instance))
 8002cfe:	4d1f      	ldr	r5, [pc, #124]	@ (8002d7c <HAL_TIMEx_MasterConfigSynchronization+0x9c>)
 8002d00:	42a8      	cmp	r0, r5
 8002d02:	d007      	beq.n	8002d14 <HAL_TIMEx_MasterConfigSynchronization+0x34>
 8002d04:	f505 6500 	add.w	r5, r5, #2048	@ 0x800
 8002d08:	42a8      	cmp	r0, r5
 8002d0a:	d003      	beq.n	8002d14 <HAL_TIMEx_MasterConfigSynchronization+0x34>
 8002d0c:	f505 55e0 	add.w	r5, r5, #7168	@ 0x1c00
 8002d10:	42a8      	cmp	r0, r5
 8002d12:	d103      	bne.n	8002d1c <HAL_TIMEx_MasterConfigSynchronization+0x3c>
  {
    /* Check the parameters */
    assert_param(IS_TIM_TRGO2_SOURCE(sMasterConfig->MasterOutputTrigger2));

    /* Clear the MMS2 bits */
    tmpcr2 &= ~TIM_CR2_MMS2;
 8002d14:	f422 0270 	bic.w	r2, r2, #15728640	@ 0xf00000
    /* Select the TRGO2 source*/
    tmpcr2 |= sMasterConfig->MasterOutputTrigger2;
 8002d18:	684d      	ldr	r5, [r1, #4]
 8002d1a:	432a      	orrs	r2, r5
  }
#endif /* TIM_CR2_MMS2 */

  /* Reset the MMS Bits */
  tmpcr2 &= ~TIM_CR2_MMS;
 8002d1c:	f022 0270 	bic.w	r2, r2, #112	@ 0x70
  /* Select the TRGO source */
  tmpcr2 |=  sMasterConfig->MasterOutputTrigger;
 8002d20:	680d      	ldr	r5, [r1, #0]
 8002d22:	432a      	orrs	r2, r5

  /* Update TIMx CR2 */
  htim->Instance->CR2 = tmpcr2;
 8002d24:	6042      	str	r2, [r0, #4]

  if (IS_TIM_SLAVE_INSTANCE(htim->Instance))
 8002d26:	681a      	ldr	r2, [r3, #0]
 8002d28:	4814      	ldr	r0, [pc, #80]	@ (8002d7c <HAL_TIMEx_MasterConfigSynchronization+0x9c>)
 8002d2a:	4282      	cmp	r2, r0
 8002d2c:	d016      	beq.n	8002d5c <HAL_TIMEx_MasterConfigSynchronization+0x7c>
 8002d2e:	f1b2 4f80 	cmp.w	r2, #1073741824	@ 0x40000000
 8002d32:	d013      	beq.n	8002d5c <HAL_TIMEx_MasterConfigSynchronization+0x7c>
 8002d34:	f5a0 3094 	sub.w	r0, r0, #75776	@ 0x12800
 8002d38:	4282      	cmp	r2, r0
 8002d3a:	d00f      	beq.n	8002d5c <HAL_TIMEx_MasterConfigSynchronization+0x7c>
 8002d3c:	f500 6080 	add.w	r0, r0, #1024	@ 0x400
 8002d40:	4282      	cmp	r2, r0
 8002d42:	d00b      	beq.n	8002d5c <HAL_TIMEx_MasterConfigSynchronization+0x7c>
 8002d44:	f500 3096 	add.w	r0, r0, #76800	@ 0x12c00
 8002d48:	4282      	cmp	r2, r0
 8002d4a:	d007      	beq.n	8002d5c <HAL_TIMEx_MasterConfigSynchronization+0x7c>
 8002d4c:	f500 6040 	add.w	r0, r0, #3072	@ 0xc00
 8002d50:	4282      	cmp	r2, r0
 8002d52:	d003      	beq.n	8002d5c <HAL_TIMEx_MasterConfigSynchronization+0x7c>
 8002d54:	f500 5080 	add.w	r0, r0, #4096	@ 0x1000
 8002d58:	4282      	cmp	r2, r0
 8002d5a:	d104      	bne.n	8002d66 <HAL_TIMEx_MasterConfigSynchronization+0x86>
  {
    /* Reset the MSM Bit */
    tmpsmcr &= ~TIM_SMCR_MSM;
 8002d5c:	f024 0480 	bic.w	r4, r4, #128	@ 0x80
    /* Set master mode */
    tmpsmcr |= sMasterConfig->MasterSlaveMode;
 8002d60:	6889      	ldr	r1, [r1, #8]
 8002d62:	4321      	orrs	r1, r4

    /* Update TIMx SMCR */
    htim->Instance->SMCR = tmpsmcr;
 8002d64:	6091      	str	r1, [r2, #8]
  }

  /* Change the htim state */
  htim->State = HAL_TIM_STATE_READY;
 8002d66:	2201      	movs	r2, #1
 8002d68:	f883 203d 	strb.w	r2, [r3, #61]	@ 0x3d

  __HAL_UNLOCK(htim);
 8002d6c:	2000      	movs	r0, #0
 8002d6e:	f883 003c 	strb.w	r0, [r3, #60]	@ 0x3c

  return HAL_OK;
}
 8002d72:	bc30      	pop	{r4, r5}
 8002d74:	4770      	bx	lr
  __HAL_LOCK(htim);
 8002d76:	2002      	movs	r0, #2
}
 8002d78:	4770      	bx	lr
 8002d7a:	bf00      	nop
 8002d7c:	40012c00 	.word	0x40012c00

08002d80 <UART_EndRxTransfer>:
  * @retval None
  */
static void UART_EndRxTransfer(UART_HandleTypeDef *huart)
{
  /* Disable RXNE, PE and ERR (Frame error, noise error, overrun error) interrupts */
  ATOMIC_CLEAR_BIT(huart->Instance->CR1, (USART_CR1_RXNEIE | USART_CR1_PEIE));
 8002d80:	6802      	ldr	r2, [r0, #0]
 */
__STATIC_FORCEINLINE uint32_t __LDREXW(volatile uint32_t *addr)
{
    uint32_t result;

   __ASM volatile ("ldrex %0, %1" : "=r" (result) : "Q" (*addr) );
 8002d82:	e852 3f00 	ldrex	r3, [r2]
 8002d86:	f423 7390 	bic.w	r3, r3, #288	@ 0x120
 */
__STATIC_FORCEINLINE uint32_t __STREXW(uint32_t value, volatile uint32_t *addr)
{
   uint32_t result;

   __ASM volatile ("strex %0, %2, %1" : "=&r" (result), "=Q" (*addr) : "r" (value) );
 8002d8a:	e842 3100 	strex	r1, r3, [r2]
 8002d8e:	2900      	cmp	r1, #0
 8002d90:	d1f6      	bne.n	8002d80 <UART_EndRxTransfer>
  ATOMIC_CLEAR_BIT(huart->Instance->CR3, USART_CR3_EIE);
 8002d92:	6802      	ldr	r2, [r0, #0]
   __ASM volatile ("ldrex %0, %1" : "=r" (result) : "Q" (*addr) );
 8002d94:	f102 0308 	add.w	r3, r2, #8
 8002d98:	e853 3f00 	ldrex	r3, [r3]
 8002d9c:	f023 0301 	bic.w	r3, r3, #1
   __ASM volatile ("strex %0, %2, %1" : "=&r" (result), "=Q" (*addr) : "r" (value) );
 8002da0:	3208      	adds	r2, #8
 8002da2:	e842 3100 	strex	r1, r3, [r2]
 8002da6:	2900      	cmp	r1, #0
 8002da8:	d1f3      	bne.n	8002d92 <UART_EndRxTransfer+0x12>

  /* In case of reception waiting for IDLE event, disable also the IDLE IE interrupt source */
  if (huart->ReceptionType == HAL_UART_RECEPTION_TOIDLE)
 8002daa:	6e03      	ldr	r3, [r0, #96]	@ 0x60
 8002dac:	2b01      	cmp	r3, #1
 8002dae:	d006      	beq.n	8002dbe <UART_EndRxTransfer+0x3e>
  {
    ATOMIC_CLEAR_BIT(huart->Instance->CR1, USART_CR1_IDLEIE);
  }

  /* At end of Rx process, restore huart->RxState to Ready */
  huart->RxState = HAL_UART_STATE_READY;
 8002db0:	2320      	movs	r3, #32
 8002db2:	f8c0 3080 	str.w	r3, [r0, #128]	@ 0x80
  huart->ReceptionType = HAL_UART_RECEPTION_STANDARD;
 8002db6:	2300      	movs	r3, #0
 8002db8:	6603      	str	r3, [r0, #96]	@ 0x60

  /* Reset RxIsr function pointer */
  huart->RxISR = NULL;
 8002dba:	6683      	str	r3, [r0, #104]	@ 0x68
}
 8002dbc:	4770      	bx	lr
    ATOMIC_CLEAR_BIT(huart->Instance->CR1, USART_CR1_IDLEIE);
 8002dbe:	6802      	ldr	r2, [r0, #0]
   __ASM volatile ("ldrex %0, %1" : "=r" (result) : "Q" (*addr) );
 8002dc0:	e852 3f00 	ldrex	r3, [r2]
 8002dc4:	f023 0310 	bic.w	r3, r3, #16
   __ASM volatile ("strex %0, %2, %1" : "=&r" (result), "=Q" (*addr) : "r" (value) );
 8002dc8:	e842 3100 	strex	r1, r3, [r2]
 8002dcc:	2900      	cmp	r1, #0
 8002dce:	d1f6      	bne.n	8002dbe <UART_EndRxTransfer+0x3e>
 8002dd0:	e7ee      	b.n	8002db0 <UART_EndRxTransfer+0x30>
	...

08002dd4 <UART_SetConfig>:
{
 8002dd4:	b510      	push	{r4, lr}
 8002dd6:	4604      	mov	r4, r0
  tmpreg = (uint32_t)huart->Init.WordLength | huart->Init.Parity | huart->Init.Mode | huart->Init.OverSampling ;
 8002dd8:	6883      	ldr	r3, [r0, #8]
 8002dda:	6902      	ldr	r2, [r0, #16]
 8002ddc:	4313      	orrs	r3, r2
 8002dde:	6942      	ldr	r2, [r0, #20]
 8002de0:	4313      	orrs	r3, r2
 8002de2:	69c2      	ldr	r2, [r0, #28]
 8002de4:	4313      	orrs	r3, r2
  MODIFY_REG(huart->Instance->CR1, USART_CR1_FIELDS, tmpreg);
 8002de6:	6801      	ldr	r1, [r0, #0]
 8002de8:	6808      	ldr	r0, [r1, #0]
 8002dea:	4a86      	ldr	r2, [pc, #536]	@ (8003004 <UART_SetConfig+0x230>)
 8002dec:	4002      	ands	r2, r0
 8002dee:	431a      	orrs	r2, r3
 8002df0:	600a      	str	r2, [r1, #0]
  MODIFY_REG(huart->Instance->CR2, USART_CR2_STOP, huart->Init.StopBits);
 8002df2:	6822      	ldr	r2, [r4, #0]
 8002df4:	6853      	ldr	r3, [r2, #4]
 8002df6:	f423 5340 	bic.w	r3, r3, #12288	@ 0x3000
 8002dfa:	68e1      	ldr	r1, [r4, #12]
 8002dfc:	430b      	orrs	r3, r1
 8002dfe:	6053      	str	r3, [r2, #4]
  tmpreg = (uint32_t)huart->Init.HwFlowCtl;
 8002e00:	69a2      	ldr	r2, [r4, #24]
  tmpreg |= huart->Init.OneBitSampling;
 8002e02:	6a23      	ldr	r3, [r4, #32]
 8002e04:	431a      	orrs	r2, r3
  MODIFY_REG(huart->Instance->CR3, USART_CR3_FIELDS, tmpreg);
 8002e06:	6821      	ldr	r1, [r4, #0]
 8002e08:	688b      	ldr	r3, [r1, #8]
 8002e0a:	f423 6330 	bic.w	r3, r3, #2816	@ 0xb00
 8002e0e:	4313      	orrs	r3, r2
 8002e10:	608b      	str	r3, [r1, #8]
  UART_GETCLOCKSOURCE(huart, clocksource);
 8002e12:	6823      	ldr	r3, [r4, #0]
 8002e14:	4a7c      	ldr	r2, [pc, #496]	@ (8003008 <UART_SetConfig+0x234>)
 8002e16:	4293      	cmp	r3, r2
 8002e18:	d01b      	beq.n	8002e52 <UART_SetConfig+0x7e>
 8002e1a:	4a7c      	ldr	r2, [pc, #496]	@ (800300c <UART_SetConfig+0x238>)
 8002e1c:	4293      	cmp	r3, r2
 8002e1e:	d02a      	beq.n	8002e76 <UART_SetConfig+0xa2>
 8002e20:	4a7b      	ldr	r2, [pc, #492]	@ (8003010 <UART_SetConfig+0x23c>)
 8002e22:	4293      	cmp	r3, r2
 8002e24:	d03b      	beq.n	8002e9e <UART_SetConfig+0xca>
 8002e26:	4a7b      	ldr	r2, [pc, #492]	@ (8003014 <UART_SetConfig+0x240>)
 8002e28:	4293      	cmp	r3, r2
 8002e2a:	d04b      	beq.n	8002ec4 <UART_SetConfig+0xf0>
 8002e2c:	4a7a      	ldr	r2, [pc, #488]	@ (8003018 <UART_SetConfig+0x244>)
 8002e2e:	4293      	cmp	r3, r2
 8002e30:	d05b      	beq.n	8002eea <UART_SetConfig+0x116>
 8002e32:	2310      	movs	r3, #16
  if (huart->Init.OverSampling == UART_OVERSAMPLING_8)
 8002e34:	69e0      	ldr	r0, [r4, #28]
 8002e36:	f5b0 4f00 	cmp.w	r0, #32768	@ 0x8000
 8002e3a:	f000 808b 	beq.w	8002f54 <UART_SetConfig+0x180>
    switch (clocksource)
 8002e3e:	2b08      	cmp	r3, #8
 8002e40:	f200 80d7 	bhi.w	8002ff2 <UART_SetConfig+0x21e>
 8002e44:	e8df f003 	tbb	[pc, r3]
 8002e48:	d5b1c6b3 	.word	0xd5b1c6b3
 8002e4c:	d5d5d5c9 	.word	0xd5d5d5c9
 8002e50:	cc          	.byte	0xcc
 8002e51:	00          	.byte	0x00
  UART_GETCLOCKSOURCE(huart, clocksource);
 8002e52:	4b72      	ldr	r3, [pc, #456]	@ (800301c <UART_SetConfig+0x248>)
 8002e54:	6b1b      	ldr	r3, [r3, #48]	@ 0x30
 8002e56:	f003 0303 	and.w	r3, r3, #3
 8002e5a:	2b03      	cmp	r3, #3
 8002e5c:	d809      	bhi.n	8002e72 <UART_SetConfig+0x9e>
 8002e5e:	e8df f003 	tbb	[pc, r3]
 8002e62:	0402      	.short	0x0402
 8002e64:	5706      	.short	0x5706
 8002e66:	2301      	movs	r3, #1
 8002e68:	e7e4      	b.n	8002e34 <UART_SetConfig+0x60>
 8002e6a:	2304      	movs	r3, #4
 8002e6c:	e7e2      	b.n	8002e34 <UART_SetConfig+0x60>
 8002e6e:	2308      	movs	r3, #8
 8002e70:	e7e0      	b.n	8002e34 <UART_SetConfig+0x60>
 8002e72:	2310      	movs	r3, #16
 8002e74:	e7de      	b.n	8002e34 <UART_SetConfig+0x60>
 8002e76:	4b69      	ldr	r3, [pc, #420]	@ (800301c <UART_SetConfig+0x248>)
 8002e78:	6b1b      	ldr	r3, [r3, #48]	@ 0x30
 8002e7a:	f403 3340 	and.w	r3, r3, #196608	@ 0x30000
 8002e7e:	f5b3 3f00 	cmp.w	r3, #131072	@ 0x20000
 8002e82:	d047      	beq.n	8002f14 <UART_SetConfig+0x140>
 8002e84:	d806      	bhi.n	8002e94 <UART_SetConfig+0xc0>
 8002e86:	2b00      	cmp	r3, #0
 8002e88:	d046      	beq.n	8002f18 <UART_SetConfig+0x144>
 8002e8a:	f5b3 3f80 	cmp.w	r3, #65536	@ 0x10000
 8002e8e:	d145      	bne.n	8002f1c <UART_SetConfig+0x148>
 8002e90:	2304      	movs	r3, #4
 8002e92:	e7cf      	b.n	8002e34 <UART_SetConfig+0x60>
 8002e94:	f5b3 3f40 	cmp.w	r3, #196608	@ 0x30000
 8002e98:	d142      	bne.n	8002f20 <UART_SetConfig+0x14c>
 8002e9a:	2302      	movs	r3, #2
 8002e9c:	e7ca      	b.n	8002e34 <UART_SetConfig+0x60>
 8002e9e:	4b5f      	ldr	r3, [pc, #380]	@ (800301c <UART_SetConfig+0x248>)
 8002ea0:	6b1b      	ldr	r3, [r3, #48]	@ 0x30
 8002ea2:	f403 2340 	and.w	r3, r3, #786432	@ 0xc0000
 8002ea6:	f5b3 2f00 	cmp.w	r3, #524288	@ 0x80000
 8002eaa:	d03b      	beq.n	8002f24 <UART_SetConfig+0x150>
 8002eac:	d805      	bhi.n	8002eba <UART_SetConfig+0xe6>
 8002eae:	b3db      	cbz	r3, 8002f28 <UART_SetConfig+0x154>
 8002eb0:	f5b3 2f80 	cmp.w	r3, #262144	@ 0x40000
 8002eb4:	d13a      	bne.n	8002f2c <UART_SetConfig+0x158>
 8002eb6:	2304      	movs	r3, #4
 8002eb8:	e7bc      	b.n	8002e34 <UART_SetConfig+0x60>
 8002eba:	f5b3 2f40 	cmp.w	r3, #786432	@ 0xc0000
 8002ebe:	d137      	bne.n	8002f30 <UART_SetConfig+0x15c>
 8002ec0:	2302      	movs	r3, #2
 8002ec2:	e7b7      	b.n	8002e34 <UART_SetConfig+0x60>
 8002ec4:	4b55      	ldr	r3, [pc, #340]	@ (800301c <UART_SetConfig+0x248>)
 8002ec6:	6b1b      	ldr	r3, [r3, #48]	@ 0x30
 8002ec8:	f403 1340 	and.w	r3, r3, #3145728	@ 0x300000
 8002ecc:	f5b3 1f00 	cmp.w	r3, #2097152	@ 0x200000
 8002ed0:	d030      	beq.n	8002f34 <UART_SetConfig+0x160>
 8002ed2:	d805      	bhi.n	8002ee0 <UART_SetConfig+0x10c>
 8002ed4:	b383      	cbz	r3, 8002f38 <UART_SetConfig+0x164>
 8002ed6:	f5b3 1f80 	cmp.w	r3, #1048576	@ 0x100000
 8002eda:	d12f      	bne.n	8002f3c <UART_SetConfig+0x168>
 8002edc:	2304      	movs	r3, #4
 8002ede:	e7a9      	b.n	8002e34 <UART_SetConfig+0x60>
 8002ee0:	f5b3 1f40 	cmp.w	r3, #3145728	@ 0x300000
 8002ee4:	d12c      	bne.n	8002f40 <UART_SetConfig+0x16c>
 8002ee6:	2302      	movs	r3, #2
 8002ee8:	e7a4      	b.n	8002e34 <UART_SetConfig+0x60>
 8002eea:	4b4c      	ldr	r3, [pc, #304]	@ (800301c <UART_SetConfig+0x248>)
 8002eec:	6b1b      	ldr	r3, [r3, #48]	@ 0x30
 8002eee:	f403 0340 	and.w	r3, r3, #12582912	@ 0xc00000
 8002ef2:	f5b3 0f00 	cmp.w	r3, #8388608	@ 0x800000
 8002ef6:	d025      	beq.n	8002f44 <UART_SetConfig+0x170>
 8002ef8:	d805      	bhi.n	8002f06 <UART_SetConfig+0x132>
 8002efa:	b32b      	cbz	r3, 8002f48 <UART_SetConfig+0x174>
 8002efc:	f5b3 0f80 	cmp.w	r3, #4194304	@ 0x400000
 8002f00:	d124      	bne.n	8002f4c <UART_SetConfig+0x178>
 8002f02:	2304      	movs	r3, #4
 8002f04:	e796      	b.n	8002e34 <UART_SetConfig+0x60>
 8002f06:	f5b3 0f40 	cmp.w	r3, #12582912	@ 0xc00000
 8002f0a:	d121      	bne.n	8002f50 <UART_SetConfig+0x17c>
 8002f0c:	2302      	movs	r3, #2
 8002f0e:	e791      	b.n	8002e34 <UART_SetConfig+0x60>
 8002f10:	2302      	movs	r3, #2
 8002f12:	e78f      	b.n	8002e34 <UART_SetConfig+0x60>
 8002f14:	2308      	movs	r3, #8
 8002f16:	e78d      	b.n	8002e34 <UART_SetConfig+0x60>
 8002f18:	2300      	movs	r3, #0
 8002f1a:	e78b      	b.n	8002e34 <UART_SetConfig+0x60>
 8002f1c:	2310      	movs	r3, #16
 8002f1e:	e789      	b.n	8002e34 <UART_SetConfig+0x60>
 8002f20:	2310      	movs	r3, #16
 8002f22:	e787      	b.n	8002e34 <UART_SetConfig+0x60>
 8002f24:	2308      	movs	r3, #8
 8002f26:	e785      	b.n	8002e34 <UART_SetConfig+0x60>
 8002f28:	2300      	movs	r3, #0
 8002f2a:	e783      	b.n	8002e34 <UART_SetConfig+0x60>
 8002f2c:	2310      	movs	r3, #16
 8002f2e:	e781      	b.n	8002e34 <UART_SetConfig+0x60>
 8002f30:	2310      	movs	r3, #16
 8002f32:	e77f      	b.n	8002e34 <UART_SetConfig+0x60>
 8002f34:	2308      	movs	r3, #8
 8002f36:	e77d      	b.n	8002e34 <UART_SetConfig+0x60>
 8002f38:	2300      	movs	r3, #0
 8002f3a:	e77b      	b.n	8002e34 <UART_SetConfig+0x60>
 8002f3c:	2310      	movs	r3, #16
 8002f3e:	e779      	b.n	8002e34 <UART_SetConfig+0x60>
 8002f40:	2310      	movs	r3, #16
 8002f42:	e777      	b.n	8002e34 <UART_SetConfig+0x60>
 8002f44:	2308      	movs	r3, #8
 8002f46:	e775      	b.n	8002e34 <UART_SetConfig+0x60>
 8002f48:	2300      	movs	r3, #0
 8002f4a:	e773      	b.n	8002e34 <UART_SetConfig+0x60>
 8002f4c:	2310      	movs	r3, #16
 8002f4e:	e771      	b.n	8002e34 <UART_SetConfig+0x60>
 8002f50:	2310      	movs	r3, #16
 8002f52:	e76f      	b.n	8002e34 <UART_SetConfig+0x60>
    switch (clocksource)
 8002f54:	2b08      	cmp	r3, #8
 8002f56:	d846      	bhi.n	8002fe6 <UART_SetConfig+0x212>
 8002f58:	e8df f003 	tbb	[pc, r3]
 8002f5c:	45251f05 	.word	0x45251f05
 8002f60:	45454522 	.word	0x45454522
 8002f64:	09          	.byte	0x09
 8002f65:	00          	.byte	0x00
        pclk = HAL_RCC_GetPCLK1Freq();
 8002f66:	f7ff f825 	bl	8001fb4 <HAL_RCC_GetPCLK1Freq>
    if (pclk != 0U)
 8002f6a:	2800      	cmp	r0, #0
 8002f6c:	d03d      	beq.n	8002fea <UART_SetConfig+0x216>
      usartdiv = (uint32_t)(UART_DIV_SAMPLING8(pclk, huart->Init.BaudRate));
 8002f6e:	6862      	ldr	r2, [r4, #4]
 8002f70:	0853      	lsrs	r3, r2, #1
 8002f72:	eb03 0340 	add.w	r3, r3, r0, lsl #1
 8002f76:	fbb3 f3f2 	udiv	r3, r3, r2
      if ((usartdiv >= UART_BRR_MIN) && (usartdiv <= UART_BRR_MAX))
 8002f7a:	f1a3 0110 	sub.w	r1, r3, #16
 8002f7e:	f64f 72ef 	movw	r2, #65519	@ 0xffef
 8002f82:	4291      	cmp	r1, r2
 8002f84:	d833      	bhi.n	8002fee <UART_SetConfig+0x21a>
        brrtemp = (uint16_t)(usartdiv & 0xFFF0U);
 8002f86:	b29a      	uxth	r2, r3
 8002f88:	f022 020f 	bic.w	r2, r2, #15
        brrtemp |= (uint16_t)((usartdiv & (uint16_t)0x000FU) >> 1U);
 8002f8c:	f3c3 0342 	ubfx	r3, r3, #1, #3
 8002f90:	4313      	orrs	r3, r2
        huart->Instance->BRR = brrtemp;
 8002f92:	6822      	ldr	r2, [r4, #0]
 8002f94:	60d3      	str	r3, [r2, #12]
 8002f96:	2000      	movs	r0, #0
 8002f98:	e02c      	b.n	8002ff4 <UART_SetConfig+0x220>
        pclk = HAL_RCC_GetPCLK2Freq();
 8002f9a:	f7ff f821 	bl	8001fe0 <HAL_RCC_GetPCLK2Freq>
        break;
 8002f9e:	e7e4      	b.n	8002f6a <UART_SetConfig+0x196>
        pclk = HAL_RCC_GetSysClockFreq();
 8002fa0:	f7fe ff04 	bl	8001dac <HAL_RCC_GetSysClockFreq>
        break;
 8002fa4:	e7e1      	b.n	8002f6a <UART_SetConfig+0x196>
        pclk = (uint32_t) HSI_VALUE;
 8002fa6:	481e      	ldr	r0, [pc, #120]	@ (8003020 <UART_SetConfig+0x24c>)
 8002fa8:	e7e1      	b.n	8002f6e <UART_SetConfig+0x19a>
    switch (clocksource)
 8002faa:	481d      	ldr	r0, [pc, #116]	@ (8003020 <UART_SetConfig+0x24c>)
 8002fac:	e002      	b.n	8002fb4 <UART_SetConfig+0x1e0>
        pclk = HAL_RCC_GetPCLK1Freq();
 8002fae:	f7ff f801 	bl	8001fb4 <HAL_RCC_GetPCLK1Freq>
    if (pclk != 0U)
 8002fb2:	b318      	cbz	r0, 8002ffc <UART_SetConfig+0x228>
      usartdiv = (uint32_t)(UART_DIV_SAMPLING16(pclk, huart->Init.BaudRate));
 8002fb4:	6863      	ldr	r3, [r4, #4]
 8002fb6:	eb00 0053 	add.w	r0, r0, r3, lsr #1
 8002fba:	fbb0 f0f3 	udiv	r0, r0, r3
      if ((usartdiv >= UART_BRR_MIN) && (usartdiv <= UART_BRR_MAX))
 8002fbe:	f1a0 0210 	sub.w	r2, r0, #16
 8002fc2:	f64f 73ef 	movw	r3, #65519	@ 0xffef
 8002fc6:	429a      	cmp	r2, r3
 8002fc8:	d81a      	bhi.n	8003000 <UART_SetConfig+0x22c>
        huart->Instance->BRR = (uint16_t)usartdiv;
 8002fca:	6823      	ldr	r3, [r4, #0]
 8002fcc:	b280      	uxth	r0, r0
 8002fce:	60d8      	str	r0, [r3, #12]
 8002fd0:	2000      	movs	r0, #0
 8002fd2:	e00f      	b.n	8002ff4 <UART_SetConfig+0x220>
        pclk = HAL_RCC_GetPCLK2Freq();
 8002fd4:	f7ff f804 	bl	8001fe0 <HAL_RCC_GetPCLK2Freq>
        break;
 8002fd8:	e7eb      	b.n	8002fb2 <UART_SetConfig+0x1de>
        pclk = HAL_RCC_GetSysClockFreq();
 8002fda:	f7fe fee7 	bl	8001dac <HAL_RCC_GetSysClockFreq>
        break;
 8002fde:	e7e8      	b.n	8002fb2 <UART_SetConfig+0x1de>
        pclk = (uint32_t) LSE_VALUE;
 8002fe0:	f44f 4000 	mov.w	r0, #32768	@ 0x8000
 8002fe4:	e7e6      	b.n	8002fb4 <UART_SetConfig+0x1e0>
    switch (clocksource)
 8002fe6:	2001      	movs	r0, #1
 8002fe8:	e004      	b.n	8002ff4 <UART_SetConfig+0x220>
 8002fea:	2000      	movs	r0, #0
 8002fec:	e002      	b.n	8002ff4 <UART_SetConfig+0x220>
        ret = HAL_ERROR;
 8002fee:	2001      	movs	r0, #1
 8002ff0:	e000      	b.n	8002ff4 <UART_SetConfig+0x220>
    switch (clocksource)
 8002ff2:	2001      	movs	r0, #1
  huart->RxISR = NULL;
 8002ff4:	2300      	movs	r3, #0
 8002ff6:	66a3      	str	r3, [r4, #104]	@ 0x68
  huart->TxISR = NULL;
 8002ff8:	66e3      	str	r3, [r4, #108]	@ 0x6c
}
 8002ffa:	bd10      	pop	{r4, pc}
 8002ffc:	2000      	movs	r0, #0
 8002ffe:	e7f9      	b.n	8002ff4 <UART_SetConfig+0x220>
        ret = HAL_ERROR;
 8003000:	2001      	movs	r0, #1
 8003002:	e7f7      	b.n	8002ff4 <UART_SetConfig+0x220>
 8003004:	efff69f3 	.word	0xefff69f3
 8003008:	40013800 	.word	0x40013800
 800300c:	40004400 	.word	0x40004400
 8003010:	40004800 	.word	0x40004800
 8003014:	40004c00 	.word	0x40004c00
 8003018:	40005000 	.word	0x40005000
 800301c:	40021000 	.word	0x40021000
 8003020:	007a1200 	.word	0x007a1200

08003024 <UART_AdvFeatureConfig>:
  if (HAL_IS_BIT_SET(huart->AdvancedInit.AdvFeatureInit, UART_ADVFEATURE_SWAP_INIT))
 8003024:	6a43      	ldr	r3, [r0, #36]	@ 0x24
 8003026:	f013 0f08 	tst.w	r3, #8
 800302a:	d006      	beq.n	800303a <UART_AdvFeatureConfig+0x16>
    MODIFY_REG(huart->Instance->CR2, USART_CR2_SWAP, huart->AdvancedInit.Swap);
 800302c:	6802      	ldr	r2, [r0, #0]
 800302e:	6853      	ldr	r3, [r2, #4]
 8003030:	f423 4300 	bic.w	r3, r3, #32768	@ 0x8000
 8003034:	6b41      	ldr	r1, [r0, #52]	@ 0x34
 8003036:	430b      	orrs	r3, r1
 8003038:	6053      	str	r3, [r2, #4]
  if (HAL_IS_BIT_SET(huart->AdvancedInit.AdvFeatureInit, UART_ADVFEATURE_TXINVERT_INIT))
 800303a:	6a43      	ldr	r3, [r0, #36]	@ 0x24
 800303c:	f013 0f01 	tst.w	r3, #1
 8003040:	d006      	beq.n	8003050 <UART_AdvFeatureConfig+0x2c>
    MODIFY_REG(huart->Instance->CR2, USART_CR2_TXINV, huart->AdvancedInit.TxPinLevelInvert);
 8003042:	6802      	ldr	r2, [r0, #0]
 8003044:	6853      	ldr	r3, [r2, #4]
 8003046:	f423 3300 	bic.w	r3, r3, #131072	@ 0x20000
 800304a:	6a81      	ldr	r1, [r0, #40]	@ 0x28
 800304c:	430b      	orrs	r3, r1
 800304e:	6053      	str	r3, [r2, #4]
  if (HAL_IS_BIT_SET(huart->AdvancedInit.AdvFeatureInit, UART_ADVFEATURE_RXINVERT_INIT))
 8003050:	6a43      	ldr	r3, [r0, #36]	@ 0x24
 8003052:	f013 0f02 	tst.w	r3, #2
 8003056:	d006      	beq.n	8003066 <UART_AdvFeatureConfig+0x42>
    MODIFY_REG(huart->Instance->CR2, USART_CR2_RXINV, huart->AdvancedInit.RxPinLevelInvert);
 8003058:	6802      	ldr	r2, [r0, #0]
 800305a:	6853      	ldr	r3, [r2, #4]
 800305c:	f423 3380 	bic.w	r3, r3, #65536	@ 0x10000
 8003060:	6ac1      	ldr	r1, [r0, #44]	@ 0x2c
 8003062:	430b      	orrs	r3, r1
 8003064:	6053      	str	r3, [r2, #4]
  if (HAL_IS_BIT_SET(huart->AdvancedInit.AdvFeatureInit, UART_ADVFEATURE_DATAINVERT_INIT))
 8003066:	6a43      	ldr	r3, [r0, #36]	@ 0x24
 8003068:	f013 0f04 	tst.w	r3, #4
 800306c:	d006      	beq.n	800307c <UART_AdvFeatureConfig+0x58>
    MODIFY_REG(huart->Instance->CR2, USART_CR2_DATAINV, huart->AdvancedInit.DataInvert);
 800306e:	6802      	ldr	r2, [r0, #0]
 8003070:	6853      	ldr	r3, [r2, #4]
 8003072:	f423 2380 	bic.w	r3, r3, #262144	@ 0x40000
 8003076:	6b01      	ldr	r1, [r0, #48]	@ 0x30
 8003078:	430b      	orrs	r3, r1
 800307a:	6053      	str	r3, [r2, #4]
  if (HAL_IS_BIT_SET(huart->AdvancedInit.AdvFeatureInit, UART_ADVFEATURE_RXOVERRUNDISABLE_INIT))
 800307c:	6a43      	ldr	r3, [r0, #36]	@ 0x24
 800307e:	f013 0f10 	tst.w	r3, #16
 8003082:	d006      	beq.n	8003092 <UART_AdvFeatureConfig+0x6e>
    MODIFY_REG(huart->Instance->CR3, USART_CR3_OVRDIS, huart->AdvancedInit.OverrunDisable);
 8003084:	6802      	ldr	r2, [r0, #0]
 8003086:	6893      	ldr	r3, [r2, #8]
 8003088:	f423 5380 	bic.w	r3, r3, #4096	@ 0x1000
 800308c:	6b81      	ldr	r1, [r0, #56]	@ 0x38
 800308e:	430b      	orrs	r3, r1
 8003090:	6093      	str	r3, [r2, #8]
  if (HAL_IS_BIT_SET(huart->AdvancedInit.AdvFeatureInit, UART_ADVFEATURE_DMADISABLEONERROR_INIT))
 8003092:	6a43      	ldr	r3, [r0, #36]	@ 0x24
 8003094:	f013 0f20 	tst.w	r3, #32
 8003098:	d006      	beq.n	80030a8 <UART_AdvFeatureConfig+0x84>
    MODIFY_REG(huart->Instance->CR3, USART_CR3_DDRE, huart->AdvancedInit.DMADisableonRxError);
 800309a:	6802      	ldr	r2, [r0, #0]
 800309c:	6893      	ldr	r3, [r2, #8]
 800309e:	f423 5300 	bic.w	r3, r3, #8192	@ 0x2000
 80030a2:	6bc1      	ldr	r1, [r0, #60]	@ 0x3c
 80030a4:	430b      	orrs	r3, r1
 80030a6:	6093      	str	r3, [r2, #8]
  if (HAL_IS_BIT_SET(huart->AdvancedInit.AdvFeatureInit, UART_ADVFEATURE_AUTOBAUDRATE_INIT))
 80030a8:	6a43      	ldr	r3, [r0, #36]	@ 0x24
 80030aa:	f013 0f40 	tst.w	r3, #64	@ 0x40
 80030ae:	d00a      	beq.n	80030c6 <UART_AdvFeatureConfig+0xa2>
    MODIFY_REG(huart->Instance->CR2, USART_CR2_ABREN, huart->AdvancedInit.AutoBaudRateEnable);
 80030b0:	6802      	ldr	r2, [r0, #0]
 80030b2:	6853      	ldr	r3, [r2, #4]
 80030b4:	f423 1380 	bic.w	r3, r3, #1048576	@ 0x100000
 80030b8:	6c01      	ldr	r1, [r0, #64]	@ 0x40
 80030ba:	430b      	orrs	r3, r1
 80030bc:	6053      	str	r3, [r2, #4]
    if (huart->AdvancedInit.AutoBaudRateEnable == UART_ADVFEATURE_AUTOBAUDRATE_ENABLE)
 80030be:	6c03      	ldr	r3, [r0, #64]	@ 0x40
 80030c0:	f5b3 1f80 	cmp.w	r3, #1048576	@ 0x100000
 80030c4:	d00b      	beq.n	80030de <UART_AdvFeatureConfig+0xba>
  if (HAL_IS_BIT_SET(huart->AdvancedInit.AdvFeatureInit, UART_ADVFEATURE_MSBFIRST_INIT))
 80030c6:	6a43      	ldr	r3, [r0, #36]	@ 0x24
 80030c8:	f013 0f80 	tst.w	r3, #128	@ 0x80
 80030cc:	d006      	beq.n	80030dc <UART_AdvFeatureConfig+0xb8>
    MODIFY_REG(huart->Instance->CR2, USART_CR2_MSBFIRST, huart->AdvancedInit.MSBFirst);
 80030ce:	6802      	ldr	r2, [r0, #0]
 80030d0:	6853      	ldr	r3, [r2, #4]
 80030d2:	f423 2300 	bic.w	r3, r3, #524288	@ 0x80000
 80030d6:	6c81      	ldr	r1, [r0, #72]	@ 0x48
 80030d8:	430b      	orrs	r3, r1
 80030da:	6053      	str	r3, [r2, #4]
}
 80030dc:	4770      	bx	lr
      MODIFY_REG(huart->Instance->CR2, USART_CR2_ABRMODE, huart->AdvancedInit.AutoBaudRateMode);
 80030de:	6802      	ldr	r2, [r0, #0]
 80030e0:	6853      	ldr	r3, [r2, #4]
 80030e2:	f423 03c0 	bic.w	r3, r3, #6291456	@ 0x600000
 80030e6:	6c41      	ldr	r1, [r0, #68]	@ 0x44
 80030e8:	430b      	orrs	r3, r1
 80030ea:	6053      	str	r3, [r2, #4]
 80030ec:	e7eb      	b.n	80030c6 <UART_AdvFeatureConfig+0xa2>

080030ee <UART_WaitOnFlagUntilTimeout>:
{
 80030ee:	e92d 43f8 	stmdb	sp!, {r3, r4, r5, r6, r7, r8, r9, lr}
 80030f2:	4605      	mov	r5, r0
 80030f4:	460e      	mov	r6, r1
 80030f6:	4617      	mov	r7, r2
 80030f8:	4699      	mov	r9, r3
 80030fa:	f8dd 8020 	ldr.w	r8, [sp, #32]
  while ((__HAL_UART_GET_FLAG(huart, Flag) ? SET : RESET) == Status)
 80030fe:	682b      	ldr	r3, [r5, #0]
 8003100:	69dc      	ldr	r4, [r3, #28]
 8003102:	ea36 0404 	bics.w	r4, r6, r4
 8003106:	bf0c      	ite	eq
 8003108:	2401      	moveq	r4, #1
 800310a:	2400      	movne	r4, #0
 800310c:	42bc      	cmp	r4, r7
 800310e:	d136      	bne.n	800317e <UART_WaitOnFlagUntilTimeout+0x90>
    if (Timeout != HAL_MAX_DELAY)
 8003110:	f1b8 3fff 	cmp.w	r8, #4294967295	@ 0xffffffff
 8003114:	d0f3      	beq.n	80030fe <UART_WaitOnFlagUntilTimeout+0x10>
      if (((HAL_GetTick() - Tickstart) > Timeout) || (Timeout == 0U))
 8003116:	f7fd faa5 	bl	8000664 <HAL_GetTick>
 800311a:	eba0 0009 	sub.w	r0, r0, r9
 800311e:	4540      	cmp	r0, r8
 8003120:	d830      	bhi.n	8003184 <UART_WaitOnFlagUntilTimeout+0x96>
 8003122:	f1b8 0f00 	cmp.w	r8, #0
 8003126:	d02f      	beq.n	8003188 <UART_WaitOnFlagUntilTimeout+0x9a>
      if ((READ_BIT(huart->Instance->CR1, USART_CR1_RE) != 0U) && (Flag != UART_FLAG_TXE) && (Flag != UART_FLAG_TC))
 8003128:	682b      	ldr	r3, [r5, #0]
 800312a:	681a      	ldr	r2, [r3, #0]
 800312c:	f012 0f04 	tst.w	r2, #4
 8003130:	d0e5      	beq.n	80030fe <UART_WaitOnFlagUntilTimeout+0x10>
 8003132:	2e80      	cmp	r6, #128	@ 0x80
 8003134:	d0e3      	beq.n	80030fe <UART_WaitOnFlagUntilTimeout+0x10>
 8003136:	2e40      	cmp	r6, #64	@ 0x40
 8003138:	d0e1      	beq.n	80030fe <UART_WaitOnFlagUntilTimeout+0x10>
        if (__HAL_UART_GET_FLAG(huart, UART_FLAG_ORE) == SET)
 800313a:	69da      	ldr	r2, [r3, #28]
 800313c:	f012 0f08 	tst.w	r2, #8
 8003140:	d111      	bne.n	8003166 <UART_WaitOnFlagUntilTimeout+0x78>
        if (__HAL_UART_GET_FLAG(huart, UART_FLAG_RTOF) == SET)
 8003142:	69da      	ldr	r2, [r3, #28]
 8003144:	f412 6f00 	tst.w	r2, #2048	@ 0x800
 8003148:	d0d9      	beq.n	80030fe <UART_WaitOnFlagUntilTimeout+0x10>
          __HAL_UART_CLEAR_FLAG(huart, UART_CLEAR_RTOF);
 800314a:	f44f 6200 	mov.w	r2, #2048	@ 0x800
 800314e:	621a      	str	r2, [r3, #32]
          UART_EndRxTransfer(huart);
 8003150:	4628      	mov	r0, r5
 8003152:	f7ff fe15 	bl	8002d80 <UART_EndRxTransfer>
          huart->ErrorCode = HAL_UART_ERROR_RTO;
 8003156:	2320      	movs	r3, #32
 8003158:	f8c5 3084 	str.w	r3, [r5, #132]	@ 0x84
          __HAL_UNLOCK(huart);
 800315c:	2300      	movs	r3, #0
 800315e:	f885 3078 	strb.w	r3, [r5, #120]	@ 0x78
          return HAL_TIMEOUT;
 8003162:	2003      	movs	r0, #3
 8003164:	e00c      	b.n	8003180 <UART_WaitOnFlagUntilTimeout+0x92>
          __HAL_UART_CLEAR_FLAG(huart, UART_CLEAR_OREF);
 8003166:	2408      	movs	r4, #8
 8003168:	621c      	str	r4, [r3, #32]
          UART_EndRxTransfer(huart);
 800316a:	4628      	mov	r0, r5
 800316c:	f7ff fe08 	bl	8002d80 <UART_EndRxTransfer>
          huart->ErrorCode = HAL_UART_ERROR_ORE;
 8003170:	f8c5 4084 	str.w	r4, [r5, #132]	@ 0x84
          __HAL_UNLOCK(huart);
 8003174:	2300      	movs	r3, #0
 8003176:	f885 3078 	strb.w	r3, [r5, #120]	@ 0x78
          return HAL_ERROR;
 800317a:	2001      	movs	r0, #1
 800317c:	e000      	b.n	8003180 <UART_WaitOnFlagUntilTimeout+0x92>
  return HAL_OK;
 800317e:	2000      	movs	r0, #0
}
 8003180:	e8bd 83f8 	ldmia.w	sp!, {r3, r4, r5, r6, r7, r8, r9, pc}
        return HAL_TIMEOUT;
 8003184:	2003      	movs	r0, #3
 8003186:	e7fb      	b.n	8003180 <UART_WaitOnFlagUntilTimeout+0x92>
 8003188:	2003      	movs	r0, #3
 800318a:	e7f9      	b.n	8003180 <UART_WaitOnFlagUntilTimeout+0x92>

0800318c <UART_CheckIdleState>:
{
 800318c:	b530      	push	{r4, r5, lr}
 800318e:	b083      	sub	sp, #12
 8003190:	4604      	mov	r4, r0
  huart->ErrorCode = HAL_UART_ERROR_NONE;
 8003192:	2300      	movs	r3, #0
 8003194:	f8c0 3084 	str.w	r3, [r0, #132]	@ 0x84
  tickstart = HAL_GetTick();
 8003198:	f7fd fa64 	bl	8000664 <HAL_GetTick>
 800319c:	4605      	mov	r5, r0
  if ((huart->Instance->CR1 & USART_CR1_TE) == USART_CR1_TE)
 800319e:	6822      	ldr	r2, [r4, #0]
 80031a0:	6812      	ldr	r2, [r2, #0]
 80031a2:	f012 0f08 	tst.w	r2, #8
 80031a6:	d10f      	bne.n	80031c8 <UART_CheckIdleState+0x3c>
  if ((huart->Instance->CR1 & USART_CR1_RE) == USART_CR1_RE)
 80031a8:	6823      	ldr	r3, [r4, #0]
 80031aa:	681b      	ldr	r3, [r3, #0]
 80031ac:	f013 0f04 	tst.w	r3, #4
 80031b0:	d126      	bne.n	8003200 <UART_CheckIdleState+0x74>
  huart->gState = HAL_UART_STATE_READY;
 80031b2:	2320      	movs	r3, #32
 80031b4:	67e3      	str	r3, [r4, #124]	@ 0x7c
  huart->RxState = HAL_UART_STATE_READY;
 80031b6:	f8c4 3080 	str.w	r3, [r4, #128]	@ 0x80
  huart->ReceptionType = HAL_UART_RECEPTION_STANDARD;
 80031ba:	2000      	movs	r0, #0
 80031bc:	6620      	str	r0, [r4, #96]	@ 0x60
  huart->RxEventType = HAL_UART_RXEVENT_TC;
 80031be:	6660      	str	r0, [r4, #100]	@ 0x64
  __HAL_UNLOCK(huart);
 80031c0:	f884 0078 	strb.w	r0, [r4, #120]	@ 0x78
}
 80031c4:	b003      	add	sp, #12
 80031c6:	bd30      	pop	{r4, r5, pc}
    if (UART_WaitOnFlagUntilTimeout(huart, USART_ISR_TEACK, RESET, tickstart, HAL_UART_TIMEOUT_VALUE) != HAL_OK)
 80031c8:	f06f 437e 	mvn.w	r3, #4261412864	@ 0xfe000000
 80031cc:	9300      	str	r3, [sp, #0]
 80031ce:	4603      	mov	r3, r0
 80031d0:	2200      	movs	r2, #0
 80031d2:	f44f 1100 	mov.w	r1, #2097152	@ 0x200000
 80031d6:	4620      	mov	r0, r4
 80031d8:	f7ff ff89 	bl	80030ee <UART_WaitOnFlagUntilTimeout>
 80031dc:	2800      	cmp	r0, #0
 80031de:	d0e3      	beq.n	80031a8 <UART_CheckIdleState+0x1c>
      ATOMIC_CLEAR_BIT(huart->Instance->CR1, (USART_CR1_TXEIE));
 80031e0:	6822      	ldr	r2, [r4, #0]
   __ASM volatile ("ldrex %0, %1" : "=r" (result) : "Q" (*addr) );
 80031e2:	e852 3f00 	ldrex	r3, [r2]
 80031e6:	f023 0380 	bic.w	r3, r3, #128	@ 0x80
   __ASM volatile ("strex %0, %2, %1" : "=&r" (result), "=Q" (*addr) : "r" (value) );
 80031ea:	e842 3100 	strex	r1, r3, [r2]
 80031ee:	2900      	cmp	r1, #0
 80031f0:	d1f6      	bne.n	80031e0 <UART_CheckIdleState+0x54>
      huart->gState = HAL_UART_STATE_READY;
 80031f2:	2320      	movs	r3, #32
 80031f4:	67e3      	str	r3, [r4, #124]	@ 0x7c
      __HAL_UNLOCK(huart);
 80031f6:	2300      	movs	r3, #0
 80031f8:	f884 3078 	strb.w	r3, [r4, #120]	@ 0x78
      return HAL_TIMEOUT;
 80031fc:	2003      	movs	r0, #3
 80031fe:	e7e1      	b.n	80031c4 <UART_CheckIdleState+0x38>
    if (UART_WaitOnFlagUntilTimeout(huart, USART_ISR_REACK, RESET, tickstart, HAL_UART_TIMEOUT_VALUE) != HAL_OK)
 8003200:	f06f 437e 	mvn.w	r3, #4261412864	@ 0xfe000000
 8003204:	9300      	str	r3, [sp, #0]
 8003206:	462b      	mov	r3, r5
 8003208:	2200      	movs	r2, #0
 800320a:	f44f 0180 	mov.w	r1, #4194304	@ 0x400000
 800320e:	4620      	mov	r0, r4
 8003210:	f7ff ff6d 	bl	80030ee <UART_WaitOnFlagUntilTimeout>
 8003214:	2800      	cmp	r0, #0
 8003216:	d0cc      	beq.n	80031b2 <UART_CheckIdleState+0x26>
      ATOMIC_CLEAR_BIT(huart->Instance->CR1, (USART_CR1_RXNEIE | USART_CR1_PEIE));
 8003218:	6822      	ldr	r2, [r4, #0]
   __ASM volatile ("ldrex %0, %1" : "=r" (result) : "Q" (*addr) );
 800321a:	e852 3f00 	ldrex	r3, [r2]
 800321e:	f423 7390 	bic.w	r3, r3, #288	@ 0x120
   __ASM volatile ("strex %0, %2, %1" : "=&r" (result), "=Q" (*addr) : "r" (value) );
 8003222:	e842 3100 	strex	r1, r3, [r2]
 8003226:	2900      	cmp	r1, #0
 8003228:	d1f6      	bne.n	8003218 <UART_CheckIdleState+0x8c>
      ATOMIC_CLEAR_BIT(huart->Instance->CR3, USART_CR3_EIE);
 800322a:	6822      	ldr	r2, [r4, #0]
   __ASM volatile ("ldrex %0, %1" : "=r" (result) : "Q" (*addr) );
 800322c:	f102 0308 	add.w	r3, r2, #8
 8003230:	e853 3f00 	ldrex	r3, [r3]
 8003234:	f023 0301 	bic.w	r3, r3, #1
   __ASM volatile ("strex %0, %2, %1" : "=&r" (result), "=Q" (*addr) : "r" (value) );
 8003238:	3208      	adds	r2, #8
 800323a:	e842 3100 	strex	r1, r3, [r2]
 800323e:	2900      	cmp	r1, #0
 8003240:	d1f3      	bne.n	800322a <UART_CheckIdleState+0x9e>
      huart->RxState = HAL_UART_STATE_READY;
 8003242:	2320      	movs	r3, #32
 8003244:	f8c4 3080 	str.w	r3, [r4, #128]	@ 0x80
      __HAL_UNLOCK(huart);
 8003248:	2300      	movs	r3, #0
 800324a:	f884 3078 	strb.w	r3, [r4, #120]	@ 0x78
      return HAL_TIMEOUT;
 800324e:	2003      	movs	r0, #3
 8003250:	e7b8      	b.n	80031c4 <UART_CheckIdleState+0x38>

08003252 <HAL_UART_Init>:
  if (huart == NULL)
 8003252:	b368      	cbz	r0, 80032b0 <HAL_UART_Init+0x5e>
{
 8003254:	b510      	push	{r4, lr}
 8003256:	4604      	mov	r4, r0
  if (huart->gState == HAL_UART_STATE_RESET)
 8003258:	6fc3      	ldr	r3, [r0, #124]	@ 0x7c
 800325a:	b303      	cbz	r3, 800329e <HAL_UART_Init+0x4c>
  huart->gState = HAL_UART_STATE_BUSY;
 800325c:	2324      	movs	r3, #36	@ 0x24
 800325e:	67e3      	str	r3, [r4, #124]	@ 0x7c
  __HAL_UART_DISABLE(huart);
 8003260:	6822      	ldr	r2, [r4, #0]
 8003262:	6813      	ldr	r3, [r2, #0]
 8003264:	f023 0301 	bic.w	r3, r3, #1
 8003268:	6013      	str	r3, [r2, #0]
  if (huart->AdvancedInit.AdvFeatureInit != UART_ADVFEATURE_NO_INIT)
 800326a:	6a63      	ldr	r3, [r4, #36]	@ 0x24
 800326c:	b9e3      	cbnz	r3, 80032a8 <HAL_UART_Init+0x56>
  if (UART_SetConfig(huart) == HAL_ERROR)
 800326e:	4620      	mov	r0, r4
 8003270:	f7ff fdb0 	bl	8002dd4 <UART_SetConfig>
 8003274:	2801      	cmp	r0, #1
 8003276:	d011      	beq.n	800329c <HAL_UART_Init+0x4a>
  CLEAR_BIT(huart->Instance->CR2, (USART_CR2_LINEN | USART_CR2_CLKEN));
 8003278:	6822      	ldr	r2, [r4, #0]
 800327a:	6853      	ldr	r3, [r2, #4]
 800327c:	f423 4390 	bic.w	r3, r3, #18432	@ 0x4800
 8003280:	6053      	str	r3, [r2, #4]
  CLEAR_BIT(huart->Instance->CR3, (USART_CR3_SCEN | USART_CR3_HDSEL | USART_CR3_IREN));
 8003282:	6822      	ldr	r2, [r4, #0]
 8003284:	6893      	ldr	r3, [r2, #8]
 8003286:	f023 032a 	bic.w	r3, r3, #42	@ 0x2a
 800328a:	6093      	str	r3, [r2, #8]
  __HAL_UART_ENABLE(huart);
 800328c:	6822      	ldr	r2, [r4, #0]
 800328e:	6813      	ldr	r3, [r2, #0]
 8003290:	f043 0301 	orr.w	r3, r3, #1
 8003294:	6013      	str	r3, [r2, #0]
  return (UART_CheckIdleState(huart));
 8003296:	4620      	mov	r0, r4
 8003298:	f7ff ff78 	bl	800318c <UART_CheckIdleState>
}
 800329c:	bd10      	pop	{r4, pc}
    huart->Lock = HAL_UNLOCKED;
 800329e:	f880 3078 	strb.w	r3, [r0, #120]	@ 0x78
    HAL_UART_MspInit(huart);
 80032a2:	f7fe fa2d 	bl	8001700 <HAL_UART_MspInit>
 80032a6:	e7d9      	b.n	800325c <HAL_UART_Init+0xa>
    UART_AdvFeatureConfig(huart);
 80032a8:	4620      	mov	r0, r4
 80032aa:	f7ff febb 	bl	8003024 <UART_AdvFeatureConfig>
 80032ae:	e7de      	b.n	800326e <HAL_UART_Init+0x1c>
    return HAL_ERROR;
 80032b0:	2001      	movs	r0, #1
}
 80032b2:	4770      	bx	lr

080032b4 <NMI_Handler>:
{
  /* USER CODE BEGIN NonMaskableInt_IRQn 0 */

  /* USER CODE END NonMaskableInt_IRQn 0 */
  /* USER CODE BEGIN NonMaskableInt_IRQn 1 */
   while (1)
 80032b4:	e7fe      	b.n	80032b4 <NMI_Handler>

080032b6 <HardFault_Handler>:
void HardFault_Handler(void)
{
  /* USER CODE BEGIN HardFault_IRQn 0 */

  /* USER CODE END HardFault_IRQn 0 */
  while (1)
 80032b6:	e7fe      	b.n	80032b6 <HardFault_Handler>

080032b8 <MemManage_Handler>:
void MemManage_Handler(void)
{
  /* USER CODE BEGIN MemoryManagement_IRQn 0 */

  /* USER CODE END MemoryManagement_IRQn 0 */
  while (1)
 80032b8:	e7fe      	b.n	80032b8 <MemManage_Handler>

080032ba <BusFault_Handler>:
void BusFault_Handler(void)
{
  /* USER CODE BEGIN BusFault_IRQn 0 */

  /* USER CODE END BusFault_IRQn 0 */
  while (1)
 80032ba:	e7fe      	b.n	80032ba <BusFault_Handler>

080032bc <UsageFault_Handler>:
void UsageFault_Handler(void)
{
  /* USER CODE BEGIN UsageFault_IRQn 0 */

  /* USER CODE END UsageFault_IRQn 0 */
  while (1)
 80032bc:	e7fe      	b.n	80032bc <UsageFault_Handler>

080032be <SVC_Handler>:

  /* USER CODE END SVCall_IRQn 0 */
  /* USER CODE BEGIN SVCall_IRQn 1 */

  /* USER CODE END SVCall_IRQn 1 */
}
 80032be:	4770      	bx	lr

080032c0 <DebugMon_Handler>:

  /* USER CODE END DebugMonitor_IRQn 0 */
  /* USER CODE BEGIN DebugMonitor_IRQn 1 */

  /* USER CODE END DebugMonitor_IRQn 1 */
}
 80032c0:	4770      	bx	lr

080032c2 <PendSV_Handler>:

  /* USER CODE END PendSV_IRQn 0 */
  /* USER CODE BEGIN PendSV_IRQn 1 */

  /* USER CODE END PendSV_IRQn 1 */
}
 80032c2:	4770      	bx	lr

080032c4 <SysTick_Handler>:

/**
  * @brief This function handles System tick timer.
  */
void SysTick_Handler(void)
{
 80032c4:	b508      	push	{r3, lr}
  /* USER CODE BEGIN SysTick_IRQn 0 */

  /* USER CODE END SysTick_IRQn 0 */
  HAL_IncTick();
 80032c6:	f7fd f9c1 	bl	800064c <HAL_IncTick>
  /* USER CODE BEGIN SysTick_IRQn 1 */

  /* USER CODE END SysTick_IRQn 1 */
}
 80032ca:	bd08      	pop	{r3, pc}

080032cc <DMA1_Channel6_IRQHandler>:

/**
  * @brief This function handles DMA1 channel6 global interrupt.
  */
void DMA1_Channel6_IRQHandler(void)
{
 80032cc:	b508      	push	{r3, lr}
  /* USER CODE BEGIN DMA1_Channel6_IRQn 0 */

  /* USER CODE END DMA1_Channel6_IRQn 0 */
  HAL_DMA_IRQHandler(&hdma_tim3_ch1_trig);
 80032ce:	4802      	ldr	r0, [pc, #8]	@ (80032d8 <DMA1_Channel6_IRQHandler+0xc>)
 80032d0:	f7fd ff70 	bl	80011b4 <HAL_DMA_IRQHandler>
  /* USER CODE BEGIN DMA1_Channel6_IRQn 1 */

  /* USER CODE END DMA1_Channel6_IRQn 1 */
}
 80032d4:	bd08      	pop	{r3, pc}
 80032d6:	bf00      	nop
 80032d8:	200000b0 	.word	0x200000b0

080032dc <SystemInit>:
  */
void SystemInit(void)
{
/* FPU settings --------------------------------------------------------------*/
#if (__FPU_PRESENT == 1) && (__FPU_USED == 1)
  SCB->CPACR |= ((3UL << 10*2)|(3UL << 11*2));  /* set CP10 and CP11 Full Access */
 80032dc:	4a03      	ldr	r2, [pc, #12]	@ (80032ec <SystemInit+0x10>)
 80032de:	f8d2 3088 	ldr.w	r3, [r2, #136]	@ 0x88
 80032e2:	f443 0370 	orr.w	r3, r3, #15728640	@ 0xf00000
 80032e6:	f8c2 3088 	str.w	r3, [r2, #136]	@ 0x88

  /* Configure the Vector Table location -------------------------------------*/
#if defined(USER_VECT_TAB_ADDRESS)
  SCB->VTOR = VECT_TAB_BASE_ADDRESS | VECT_TAB_OFFSET; /* Vector Table Relocation in Internal SRAM */
#endif /* USER_VECT_TAB_ADDRESS */
}
 80032ea:	4770      	bx	lr
 80032ec:	e000ed00 	.word	0xe000ed00

080032f0 <Reset_Handler>:

    .section	.text.Reset_Handler
	.weak	Reset_Handler
	.type	Reset_Handler, %function
Reset_Handler:
  ldr   sp, =_estack    /* Atollic update: set stack pointer */
 80032f0:	f8df d034 	ldr.w	sp, [pc, #52]	@ 8003328 <LoopForever+0x2>
  
/* Call the clock system initialization function.*/
    bl  SystemInit
 80032f4:	f7ff fff2 	bl	80032dc <SystemInit>

/* Copy the data segment initializers from flash to SRAM */
  ldr r0, =_sdata
 80032f8:	480c      	ldr	r0, [pc, #48]	@ (800332c <LoopForever+0x6>)
  ldr r1, =_edata
 80032fa:	490d      	ldr	r1, [pc, #52]	@ (8003330 <LoopForever+0xa>)
  ldr r2, =_sidata
 80032fc:	4a0d      	ldr	r2, [pc, #52]	@ (8003334 <LoopForever+0xe>)
  movs r3, #0
 80032fe:	2300      	movs	r3, #0
  b LoopCopyDataInit
 8003300:	e002      	b.n	8003308 <LoopCopyDataInit>

08003302 <CopyDataInit>:

CopyDataInit:
  ldr r4, [r2, r3]
 8003302:	58d4      	ldr	r4, [r2, r3]
  str r4, [r0, r3]
 8003304:	50c4      	str	r4, [r0, r3]
  adds r3, r3, #4
 8003306:	3304      	adds	r3, #4

08003308 <LoopCopyDataInit>:

LoopCopyDataInit:
  adds r4, r0, r3
 8003308:	18c4      	adds	r4, r0, r3
  cmp r4, r1
 800330a:	428c      	cmp	r4, r1
  bcc CopyDataInit
 800330c:	d3f9      	bcc.n	8003302 <CopyDataInit>
  
/* Zero fill the bss segment. */
  ldr r2, =_sbss
 800330e:	4a0a      	ldr	r2, [pc, #40]	@ (8003338 <LoopForever+0x12>)
  ldr r4, =_ebss
 8003310:	4c0a      	ldr	r4, [pc, #40]	@ (800333c <LoopForever+0x16>)
  movs r3, #0
 8003312:	2300      	movs	r3, #0
  b LoopFillZerobss
 8003314:	e001      	b.n	800331a <LoopFillZerobss>

08003316 <FillZerobss>:

FillZerobss:
  str  r3, [r2]
 8003316:	6013      	str	r3, [r2, #0]
  adds r2, r2, #4
 8003318:	3204      	adds	r2, #4

0800331a <LoopFillZerobss>:

LoopFillZerobss:
  cmp r2, r4
 800331a:	42a2      	cmp	r2, r4
  bcc FillZerobss
 800331c:	d3fb      	bcc.n	8003316 <FillZerobss>

/* Call static constructors */
    bl __libc_init_array
 800331e:	f000 f819 	bl	8003354 <__libc_init_array>
/* Call the application's entry point.*/
	bl	main
 8003322:	f7fd f943 	bl	80005ac <main>

08003326 <LoopForever>:

LoopForever:
    b LoopForever
 8003326:	e7fe      	b.n	8003326 <LoopForever>
  ldr   sp, =_estack    /* Atollic update: set stack pointer */
 8003328:	20010000 	.word	0x20010000
  ldr r0, =_sdata
 800332c:	20000000 	.word	0x20000000
  ldr r1, =_edata
 8003330:	2000000c 	.word	0x2000000c
  ldr r2, =_sidata
 8003334:	080033f4 	.word	0x080033f4
  ldr r2, =_sbss
 8003338:	2000000c 	.word	0x2000000c
  ldr r4, =_ebss
 800333c:	20000254 	.word	0x20000254

08003340 <ADC1_2_IRQHandler>:
 * @retval : None
*/
    .section	.text.Default_Handler,"ax",%progbits
Default_Handler:
Infinite_Loop:
	b	Infinite_Loop
 8003340:	e7fe      	b.n	8003340 <ADC1_2_IRQHandler>

08003342 <memset>:
 8003342:	4402      	add	r2, r0
 8003344:	4603      	mov	r3, r0
 8003346:	4293      	cmp	r3, r2
 8003348:	d100      	bne.n	800334c <memset+0xa>
 800334a:	4770      	bx	lr
 800334c:	f803 1b01 	strb.w	r1, [r3], #1
 8003350:	e7f9      	b.n	8003346 <memset+0x4>
	...

08003354 <__libc_init_array>:
 8003354:	b570      	push	{r4, r5, r6, lr}
 8003356:	4b0d      	ldr	r3, [pc, #52]	@ (800338c <__libc_init_array+0x38>)
 8003358:	4d0d      	ldr	r5, [pc, #52]	@ (8003390 <__libc_init_array+0x3c>)
 800335a:	1b5b      	subs	r3, r3, r5
 800335c:	109c      	asrs	r4, r3, #2
 800335e:	2600      	movs	r6, #0
 8003360:	42a6      	cmp	r6, r4
 8003362:	d109      	bne.n	8003378 <__libc_init_array+0x24>
 8003364:	f000 f81a 	bl	800339c <_init>
 8003368:	4d0a      	ldr	r5, [pc, #40]	@ (8003394 <__libc_init_array+0x40>)
 800336a:	4b0b      	ldr	r3, [pc, #44]	@ (8003398 <__libc_init_array+0x44>)
 800336c:	1b5b      	subs	r3, r3, r5
 800336e:	109c      	asrs	r4, r3, #2
 8003370:	2600      	movs	r6, #0
 8003372:	42a6      	cmp	r6, r4
 8003374:	d105      	bne.n	8003382 <__libc_init_array+0x2e>
 8003376:	bd70      	pop	{r4, r5, r6, pc}
 8003378:	f855 3b04 	ldr.w	r3, [r5], #4
 800337c:	4798      	blx	r3
 800337e:	3601      	adds	r6, #1
 8003380:	e7ee      	b.n	8003360 <__libc_init_array+0xc>
 8003382:	f855 3b04 	ldr.w	r3, [r5], #4
 8003386:	4798      	blx	r3
 8003388:	3601      	adds	r6, #1
 800338a:	e7f2      	b.n	8003372 <__libc_init_array+0x1e>
 800338c:	080033ec 	.word	0x080033ec
 8003390:	080033ec 	.word	0x080033ec
 8003394:	080033ec 	.word	0x080033ec
 8003398:	080033f0 	.word	0x080033f0

0800339c <_init>:
 800339c:	b5f8      	push	{r3, r4, r5, r6, r7, lr}
 800339e:	bf00      	nop
 80033a0:	bcf8      	pop	{r3, r4, r5, r6, r7}
 80033a2:	bc08      	pop	{r3}
 80033a4:	469e      	mov	lr, r3
 80033a6:	4770      	bx	lr

080033a8 <_fini>:
 80033a8:	b5f8      	push	{r3, r4, r5, r6, r7, lr}
 80033aa:	bf00      	nop
 80033ac:	bcf8      	pop	{r3, r4, r5, r6, r7}
 80033ae:	bc08      	pop	{r3}
 80033b0:	469e      	mov	lr, r3
 80033b2:	4770      	bx	lr
