ARM GAS  /tmp/cc4w7x71.s 			page 1


   1              		.cpu cortex-m4
   2              		.arch armv7e-m
   3              		.fpu fpv4-sp-d16
   4              		.eabi_attribute 27, 1
   5              		.eabi_attribute 28, 1
   6              		.eabi_attribute 20, 1
   7              		.eabi_attribute 21, 1
   8              		.eabi_attribute 23, 3
   9              		.eabi_attribute 24, 1
  10              		.eabi_attribute 25, 1
  11              		.eabi_attribute 26, 1
  12              		.eabi_attribute 30, 1
  13              		.eabi_attribute 34, 1
  14              		.eabi_attribute 18, 4
  15              		.file	"main.c"
  16              		.text
  17              	.Ltext0:
  18              		.cfi_sections	.debug_frame
  19              		.file 1 "Src/main.c"
  20              		.section	.text.MX_GPIO_Init,"ax",%progbits
  21              		.align	1
  22              		.syntax unified
  23              		.thumb
  24              		.thumb_func
  26              	MX_GPIO_Init:
  27              	.LFB140:
   1:Src/main.c    **** /* USER CODE BEGIN Header */
   2:Src/main.c    **** /**
   3:Src/main.c    ****   ******************************************************************************
   4:Src/main.c    ****   * @file           : main.c
   5:Src/main.c    ****   * @brief          : Main program body
   6:Src/main.c    ****   ******************************************************************************
   7:Src/main.c    ****   * @attention
   8:Src/main.c    ****   *
   9:Src/main.c    ****   * Copyright (c) 2026 STMicroelectronics.
  10:Src/main.c    ****   * All rights reserved.
  11:Src/main.c    ****   *
  12:Src/main.c    ****   * This software is licensed under terms that can be found in the LICENSE file
  13:Src/main.c    ****   * in the root directory of this software component.
  14:Src/main.c    ****   * If no LICENSE file comes with this software, it is provided AS-IS.
  15:Src/main.c    ****   *
  16:Src/main.c    ****   ******************************************************************************
  17:Src/main.c    ****   */
  18:Src/main.c    **** /* USER CODE END Header */
  19:Src/main.c    **** /* Includes ------------------------------------------------------------------*/
  20:Src/main.c    **** #include "main.h"
  21:Src/main.c    **** 
  22:Src/main.c    **** /* Private includes ----------------------------------------------------------*/
  23:Src/main.c    **** /* USER CODE BEGIN Includes */
  24:Src/main.c    **** 
  25:Src/main.c    **** /* USER CODE END Includes */
  26:Src/main.c    **** 
  27:Src/main.c    **** /* Private typedef -----------------------------------------------------------*/
  28:Src/main.c    **** /* USER CODE BEGIN PTD */
  29:Src/main.c    **** 
  30:Src/main.c    **** /* USER CODE END PTD */
  31:Src/main.c    **** 
ARM GAS  /tmp/cc4w7x71.s 			page 2


  32:Src/main.c    **** /* Private define ------------------------------------------------------------*/
  33:Src/main.c    **** /* USER CODE BEGIN PD */
  34:Src/main.c    **** 
  35:Src/main.c    **** /* USER CODE END PD */
  36:Src/main.c    **** 
  37:Src/main.c    **** /* Private macro -------------------------------------------------------------*/
  38:Src/main.c    **** /* USER CODE BEGIN PM */
  39:Src/main.c    **** 
  40:Src/main.c    **** /* USER CODE END PM */
  41:Src/main.c    **** 
  42:Src/main.c    **** /* Private variables ---------------------------------------------------------*/
  43:Src/main.c    **** ADC_HandleTypeDef hadc1;
  44:Src/main.c    **** 
  45:Src/main.c    **** COMP_HandleTypeDef hcomp2;
  46:Src/main.c    **** COMP_HandleTypeDef hcomp3;
  47:Src/main.c    **** 
  48:Src/main.c    **** DAC_HandleTypeDef hdac1;
  49:Src/main.c    **** 
  50:Src/main.c    **** TIM_HandleTypeDef htim2;
  51:Src/main.c    **** TIM_HandleTypeDef htim3;
  52:Src/main.c    **** DMA_HandleTypeDef hdma_tim3_ch1_trig;
  53:Src/main.c    **** 
  54:Src/main.c    **** UART_HandleTypeDef huart1;
  55:Src/main.c    **** 
  56:Src/main.c    **** /* USER CODE BEGIN PV */
  57:Src/main.c    **** 
  58:Src/main.c    **** /* USER CODE END PV */
  59:Src/main.c    **** 
  60:Src/main.c    **** /* Private function prototypes -----------------------------------------------*/
  61:Src/main.c    **** void SystemClock_Config(void);
  62:Src/main.c    **** static void MX_GPIO_Init(void);
  63:Src/main.c    **** static void MX_DMA_Init(void);
  64:Src/main.c    **** static void MX_ADC1_Init(void);
  65:Src/main.c    **** static void MX_COMP2_Init(void);
  66:Src/main.c    **** static void MX_COMP3_Init(void);
  67:Src/main.c    **** static void MX_TIM2_Init(void);
  68:Src/main.c    **** static void MX_DAC1_Init(void);
  69:Src/main.c    **** static void MX_TIM3_Init(void);
  70:Src/main.c    **** static void MX_USART1_UART_Init(void);
  71:Src/main.c    **** /* USER CODE BEGIN PFP */
  72:Src/main.c    **** 
  73:Src/main.c    **** /* USER CODE END PFP */
  74:Src/main.c    **** 
  75:Src/main.c    **** /* Private user code ---------------------------------------------------------*/
  76:Src/main.c    **** /* USER CODE BEGIN 0 */
  77:Src/main.c    **** 
  78:Src/main.c    **** /* USER CODE END 0 */
  79:Src/main.c    **** 
  80:Src/main.c    **** /**
  81:Src/main.c    ****   * @brief  The application entry point.
  82:Src/main.c    ****   * @retval int
  83:Src/main.c    ****   */
  84:Src/main.c    **** int main(void)
  85:Src/main.c    **** {
  86:Src/main.c    **** 
  87:Src/main.c    ****   /* USER CODE BEGIN 1 */
  88:Src/main.c    **** 
ARM GAS  /tmp/cc4w7x71.s 			page 3


  89:Src/main.c    ****   /* USER CODE END 1 */
  90:Src/main.c    **** 
  91:Src/main.c    ****   /* MCU Configuration--------------------------------------------------------*/
  92:Src/main.c    **** 
  93:Src/main.c    ****   /* Reset of all peripherals, Initializes the Flash interface and the Systick. */
  94:Src/main.c    ****   HAL_Init();
  95:Src/main.c    **** 
  96:Src/main.c    ****   /* USER CODE BEGIN Init */
  97:Src/main.c    **** 
  98:Src/main.c    ****   /* USER CODE END Init */
  99:Src/main.c    **** 
 100:Src/main.c    ****   /* Configure the system clock */
 101:Src/main.c    ****   SystemClock_Config();
 102:Src/main.c    **** 
 103:Src/main.c    ****   /* USER CODE BEGIN SysInit */
 104:Src/main.c    **** 
 105:Src/main.c    ****   /* USER CODE END SysInit */
 106:Src/main.c    **** 
 107:Src/main.c    ****   /* Initialize all configured peripherals */
 108:Src/main.c    ****   MX_GPIO_Init();
 109:Src/main.c    ****   MX_DMA_Init();
 110:Src/main.c    ****   MX_ADC1_Init();
 111:Src/main.c    ****   MX_COMP2_Init();
 112:Src/main.c    ****   MX_COMP3_Init();
 113:Src/main.c    ****   MX_TIM2_Init();
 114:Src/main.c    ****   MX_DAC1_Init();
 115:Src/main.c    ****   MX_TIM3_Init();
 116:Src/main.c    ****   MX_USART1_UART_Init();
 117:Src/main.c    ****   /* USER CODE BEGIN 2 */
 118:Src/main.c    **** 
 119:Src/main.c    ****   /* USER CODE END 2 */
 120:Src/main.c    **** 
 121:Src/main.c    ****   /* Infinite loop */
 122:Src/main.c    ****   /* USER CODE BEGIN WHILE */
 123:Src/main.c    ****   while (1)
 124:Src/main.c    ****   {
 125:Src/main.c    ****     /* USER CODE END WHILE */
 126:Src/main.c    **** 
 127:Src/main.c    ****     /* USER CODE BEGIN 3 */
 128:Src/main.c    ****   }
 129:Src/main.c    ****   /* USER CODE END 3 */
 130:Src/main.c    **** }
 131:Src/main.c    **** 
 132:Src/main.c    **** /**
 133:Src/main.c    ****   * @brief System Clock Configuration
 134:Src/main.c    ****   * @retval None
 135:Src/main.c    ****   */
 136:Src/main.c    **** void SystemClock_Config(void)
 137:Src/main.c    **** {
 138:Src/main.c    ****   RCC_OscInitTypeDef RCC_OscInitStruct = {0};
 139:Src/main.c    ****   RCC_ClkInitTypeDef RCC_ClkInitStruct = {0};
 140:Src/main.c    ****   RCC_PeriphCLKInitTypeDef PeriphClkInit = {0};
 141:Src/main.c    **** 
 142:Src/main.c    ****   /** Initializes the RCC Oscillators according to the specified parameters
 143:Src/main.c    ****   * in the RCC_OscInitTypeDef structure.
 144:Src/main.c    ****   */
 145:Src/main.c    ****   RCC_OscInitStruct.OscillatorType = RCC_OSCILLATORTYPE_HSI;
ARM GAS  /tmp/cc4w7x71.s 			page 4


 146:Src/main.c    ****   RCC_OscInitStruct.HSIState = RCC_HSI_ON;
 147:Src/main.c    ****   RCC_OscInitStruct.HSICalibrationValue = RCC_HSICALIBRATION_DEFAULT;
 148:Src/main.c    ****   RCC_OscInitStruct.PLL.PLLState = RCC_PLL_ON;
 149:Src/main.c    ****   RCC_OscInitStruct.PLL.PLLSource = RCC_PLLSOURCE_HSI;
 150:Src/main.c    ****   RCC_OscInitStruct.PLL.PLLMUL = RCC_PLL_MUL9;
 151:Src/main.c    ****   RCC_OscInitStruct.PLL.PREDIV = RCC_PREDIV_DIV1;
 152:Src/main.c    ****   if (HAL_RCC_OscConfig(&RCC_OscInitStruct) != HAL_OK)
 153:Src/main.c    ****   {
 154:Src/main.c    ****     Error_Handler();
 155:Src/main.c    ****   }
 156:Src/main.c    **** 
 157:Src/main.c    ****   /** Initializes the CPU, AHB and APB buses clocks
 158:Src/main.c    ****   */
 159:Src/main.c    ****   RCC_ClkInitStruct.ClockType = RCC_CLOCKTYPE_HCLK|RCC_CLOCKTYPE_SYSCLK
 160:Src/main.c    ****                               |RCC_CLOCKTYPE_PCLK1|RCC_CLOCKTYPE_PCLK2;
 161:Src/main.c    ****   RCC_ClkInitStruct.SYSCLKSource = RCC_SYSCLKSOURCE_PLLCLK;
 162:Src/main.c    ****   RCC_ClkInitStruct.AHBCLKDivider = RCC_SYSCLK_DIV1;
 163:Src/main.c    ****   RCC_ClkInitStruct.APB1CLKDivider = RCC_HCLK_DIV2;
 164:Src/main.c    ****   RCC_ClkInitStruct.APB2CLKDivider = RCC_HCLK_DIV1;
 165:Src/main.c    **** 
 166:Src/main.c    ****   if (HAL_RCC_ClockConfig(&RCC_ClkInitStruct, FLASH_LATENCY_2) != HAL_OK)
 167:Src/main.c    ****   {
 168:Src/main.c    ****     Error_Handler();
 169:Src/main.c    ****   }
 170:Src/main.c    ****   PeriphClkInit.PeriphClockSelection = RCC_PERIPHCLK_USART1|RCC_PERIPHCLK_ADC12
 171:Src/main.c    ****                               |RCC_PERIPHCLK_TIM2|RCC_PERIPHCLK_TIM34;
 172:Src/main.c    ****   PeriphClkInit.Usart1ClockSelection = RCC_USART1CLKSOURCE_PCLK2;
 173:Src/main.c    ****   PeriphClkInit.Adc12ClockSelection = RCC_ADC12PLLCLK_DIV1;
 174:Src/main.c    ****   PeriphClkInit.Tim2ClockSelection = RCC_TIM2CLK_HCLK;
 175:Src/main.c    ****   PeriphClkInit.Tim34ClockSelection = RCC_TIM34CLK_HCLK;
 176:Src/main.c    ****   if (HAL_RCCEx_PeriphCLKConfig(&PeriphClkInit) != HAL_OK)
 177:Src/main.c    ****   {
 178:Src/main.c    ****     Error_Handler();
 179:Src/main.c    ****   }
 180:Src/main.c    **** }
 181:Src/main.c    **** 
 182:Src/main.c    **** /**
 183:Src/main.c    ****   * @brief ADC1 Initialization Function
 184:Src/main.c    ****   * @param None
 185:Src/main.c    ****   * @retval None
 186:Src/main.c    ****   */
 187:Src/main.c    **** static void MX_ADC1_Init(void)
 188:Src/main.c    **** {
 189:Src/main.c    **** 
 190:Src/main.c    ****   /* USER CODE BEGIN ADC1_Init 0 */
 191:Src/main.c    **** 
 192:Src/main.c    ****   /* USER CODE END ADC1_Init 0 */
 193:Src/main.c    **** 
 194:Src/main.c    ****   ADC_MultiModeTypeDef multimode = {0};
 195:Src/main.c    ****   ADC_ChannelConfTypeDef sConfig = {0};
 196:Src/main.c    **** 
 197:Src/main.c    ****   /* USER CODE BEGIN ADC1_Init 1 */
 198:Src/main.c    **** 
 199:Src/main.c    ****   /* USER CODE END ADC1_Init 1 */
 200:Src/main.c    **** 
 201:Src/main.c    ****   /** Common config
 202:Src/main.c    ****   */
ARM GAS  /tmp/cc4w7x71.s 			page 5


 203:Src/main.c    ****   hadc1.Instance = ADC1;
 204:Src/main.c    ****   hadc1.Init.ClockPrescaler = ADC_CLOCK_ASYNC_DIV1;
 205:Src/main.c    ****   hadc1.Init.Resolution = ADC_RESOLUTION_12B;
 206:Src/main.c    ****   hadc1.Init.ScanConvMode = ADC_SCAN_DISABLE;
 207:Src/main.c    ****   hadc1.Init.ContinuousConvMode = ENABLE;
 208:Src/main.c    ****   hadc1.Init.DiscontinuousConvMode = DISABLE;
 209:Src/main.c    ****   hadc1.Init.ExternalTrigConvEdge = ADC_EXTERNALTRIGCONVEDGE_NONE;
 210:Src/main.c    ****   hadc1.Init.ExternalTrigConv = ADC_SOFTWARE_START;
 211:Src/main.c    ****   hadc1.Init.DataAlign = ADC_DATAALIGN_RIGHT;
 212:Src/main.c    ****   hadc1.Init.NbrOfConversion = 1;
 213:Src/main.c    ****   hadc1.Init.DMAContinuousRequests = DISABLE;
 214:Src/main.c    ****   hadc1.Init.EOCSelection = ADC_EOC_SINGLE_CONV;
 215:Src/main.c    ****   hadc1.Init.LowPowerAutoWait = DISABLE;
 216:Src/main.c    ****   hadc1.Init.Overrun = ADC_OVR_DATA_OVERWRITTEN;
 217:Src/main.c    ****   if (HAL_ADC_Init(&hadc1) != HAL_OK)
 218:Src/main.c    ****   {
 219:Src/main.c    ****     Error_Handler();
 220:Src/main.c    ****   }
 221:Src/main.c    **** 
 222:Src/main.c    ****   /** Configure the ADC multi-mode
 223:Src/main.c    ****   */
 224:Src/main.c    ****   multimode.Mode = ADC_MODE_INDEPENDENT;
 225:Src/main.c    ****   if (HAL_ADCEx_MultiModeConfigChannel(&hadc1, &multimode) != HAL_OK)
 226:Src/main.c    ****   {
 227:Src/main.c    ****     Error_Handler();
 228:Src/main.c    ****   }
 229:Src/main.c    **** 
 230:Src/main.c    ****   /** Configure Regular Channel
 231:Src/main.c    ****   */
 232:Src/main.c    ****   sConfig.Channel = ADC_CHANNEL_1;
 233:Src/main.c    ****   sConfig.Rank = ADC_REGULAR_RANK_1;
 234:Src/main.c    ****   sConfig.SingleDiff = ADC_DIFFERENTIAL_ENDED;
 235:Src/main.c    ****   sConfig.SamplingTime = ADC_SAMPLETIME_1CYCLE_5;
 236:Src/main.c    ****   sConfig.OffsetNumber = ADC_OFFSET_NONE;
 237:Src/main.c    ****   sConfig.Offset = 0;
 238:Src/main.c    ****   if (HAL_ADC_ConfigChannel(&hadc1, &sConfig) != HAL_OK)
 239:Src/main.c    ****   {
 240:Src/main.c    ****     Error_Handler();
 241:Src/main.c    ****   }
 242:Src/main.c    ****   /* USER CODE BEGIN ADC1_Init 2 */
 243:Src/main.c    **** 
 244:Src/main.c    ****   /* USER CODE END ADC1_Init 2 */
 245:Src/main.c    **** 
 246:Src/main.c    **** }
 247:Src/main.c    **** 
 248:Src/main.c    **** /**
 249:Src/main.c    ****   * @brief COMP2 Initialization Function
 250:Src/main.c    ****   * @param None
 251:Src/main.c    ****   * @retval None
 252:Src/main.c    ****   */
 253:Src/main.c    **** static void MX_COMP2_Init(void)
 254:Src/main.c    **** {
 255:Src/main.c    **** 
 256:Src/main.c    ****   /* USER CODE BEGIN COMP2_Init 0 */
 257:Src/main.c    **** 
 258:Src/main.c    ****   /* USER CODE END COMP2_Init 0 */
 259:Src/main.c    **** 
ARM GAS  /tmp/cc4w7x71.s 			page 6


 260:Src/main.c    ****   /* USER CODE BEGIN COMP2_Init 1 */
 261:Src/main.c    **** 
 262:Src/main.c    ****   /* USER CODE END COMP2_Init 1 */
 263:Src/main.c    ****   hcomp2.Instance = COMP2;
 264:Src/main.c    ****   hcomp2.Init.InvertingInput = COMP_INVERTINGINPUT_DAC1_CH1;
 265:Src/main.c    ****   hcomp2.Init.NonInvertingInput = COMP_NONINVERTINGINPUT_IO1;
 266:Src/main.c    ****   hcomp2.Init.Output = COMP_OUTPUT_NONE;
 267:Src/main.c    ****   hcomp2.Init.OutputPol = COMP_OUTPUTPOL_NONINVERTED;
 268:Src/main.c    ****   hcomp2.Init.BlankingSrce = COMP_BLANKINGSRCE_NONE;
 269:Src/main.c    ****   hcomp2.Init.TriggerMode = COMP_TRIGGERMODE_NONE;
 270:Src/main.c    ****   if (HAL_COMP_Init(&hcomp2) != HAL_OK)
 271:Src/main.c    ****   {
 272:Src/main.c    ****     Error_Handler();
 273:Src/main.c    ****   }
 274:Src/main.c    ****   /* USER CODE BEGIN COMP2_Init 2 */
 275:Src/main.c    **** 
 276:Src/main.c    ****   /* USER CODE END COMP2_Init 2 */
 277:Src/main.c    **** 
 278:Src/main.c    **** }
 279:Src/main.c    **** 
 280:Src/main.c    **** /**
 281:Src/main.c    ****   * @brief COMP3 Initialization Function
 282:Src/main.c    ****   * @param None
 283:Src/main.c    ****   * @retval None
 284:Src/main.c    ****   */
 285:Src/main.c    **** static void MX_COMP3_Init(void)
 286:Src/main.c    **** {
 287:Src/main.c    **** 
 288:Src/main.c    ****   /* USER CODE BEGIN COMP3_Init 0 */
 289:Src/main.c    **** 
 290:Src/main.c    ****   /* USER CODE END COMP3_Init 0 */
 291:Src/main.c    **** 
 292:Src/main.c    ****   /* USER CODE BEGIN COMP3_Init 1 */
 293:Src/main.c    **** 
 294:Src/main.c    ****   /* USER CODE END COMP3_Init 1 */
 295:Src/main.c    ****   hcomp3.Instance = COMP3;
 296:Src/main.c    ****   hcomp3.Init.InvertingInput = COMP_INVERTINGINPUT_VREFINT;
 297:Src/main.c    ****   hcomp3.Init.NonInvertingInput = COMP_NONINVERTINGINPUT_IO1;
 298:Src/main.c    ****   hcomp3.Init.Output = COMP_OUTPUT_TIM2OCREFCLR;
 299:Src/main.c    ****   hcomp3.Init.OutputPol = COMP_OUTPUTPOL_NONINVERTED;
 300:Src/main.c    ****   hcomp3.Init.BlankingSrce = COMP_BLANKINGSRCE_NONE;
 301:Src/main.c    ****   hcomp3.Init.TriggerMode = COMP_TRIGGERMODE_NONE;
 302:Src/main.c    ****   if (HAL_COMP_Init(&hcomp3) != HAL_OK)
 303:Src/main.c    ****   {
 304:Src/main.c    ****     Error_Handler();
 305:Src/main.c    ****   }
 306:Src/main.c    ****   /* USER CODE BEGIN COMP3_Init 2 */
 307:Src/main.c    **** 
 308:Src/main.c    ****   /* USER CODE END COMP3_Init 2 */
 309:Src/main.c    **** 
 310:Src/main.c    **** }
 311:Src/main.c    **** 
 312:Src/main.c    **** /**
 313:Src/main.c    ****   * @brief DAC1 Initialization Function
 314:Src/main.c    ****   * @param None
 315:Src/main.c    ****   * @retval None
 316:Src/main.c    ****   */
ARM GAS  /tmp/cc4w7x71.s 			page 7


 317:Src/main.c    **** static void MX_DAC1_Init(void)
 318:Src/main.c    **** {
 319:Src/main.c    **** 
 320:Src/main.c    ****   /* USER CODE BEGIN DAC1_Init 0 */
 321:Src/main.c    **** 
 322:Src/main.c    ****   /* USER CODE END DAC1_Init 0 */
 323:Src/main.c    **** 
 324:Src/main.c    ****   DAC_ChannelConfTypeDef sConfig = {0};
 325:Src/main.c    **** 
 326:Src/main.c    ****   /* USER CODE BEGIN DAC1_Init 1 */
 327:Src/main.c    **** 
 328:Src/main.c    ****   /* USER CODE END DAC1_Init 1 */
 329:Src/main.c    **** 
 330:Src/main.c    ****   /** DAC Initialization
 331:Src/main.c    ****   */
 332:Src/main.c    ****   hdac1.Instance = DAC1;
 333:Src/main.c    ****   if (HAL_DAC_Init(&hdac1) != HAL_OK)
 334:Src/main.c    ****   {
 335:Src/main.c    ****     Error_Handler();
 336:Src/main.c    ****   }
 337:Src/main.c    **** 
 338:Src/main.c    ****   /** DAC channel OUT1 config
 339:Src/main.c    ****   */
 340:Src/main.c    ****   sConfig.DAC_Trigger = DAC_TRIGGER_NONE;
 341:Src/main.c    ****   sConfig.DAC_OutputBuffer = DAC_OUTPUTBUFFER_ENABLE;
 342:Src/main.c    ****   if (HAL_DAC_ConfigChannel(&hdac1, &sConfig, DAC_CHANNEL_1) != HAL_OK)
 343:Src/main.c    ****   {
 344:Src/main.c    ****     Error_Handler();
 345:Src/main.c    ****   }
 346:Src/main.c    ****   /* USER CODE BEGIN DAC1_Init 2 */
 347:Src/main.c    **** 
 348:Src/main.c    ****   /* USER CODE END DAC1_Init 2 */
 349:Src/main.c    **** 
 350:Src/main.c    **** }
 351:Src/main.c    **** 
 352:Src/main.c    **** /**
 353:Src/main.c    ****   * @brief TIM2 Initialization Function
 354:Src/main.c    ****   * @param None
 355:Src/main.c    ****   * @retval None
 356:Src/main.c    ****   */
 357:Src/main.c    **** static void MX_TIM2_Init(void)
 358:Src/main.c    **** {
 359:Src/main.c    **** 
 360:Src/main.c    ****   /* USER CODE BEGIN TIM2_Init 0 */
 361:Src/main.c    **** 
 362:Src/main.c    ****   /* USER CODE END TIM2_Init 0 */
 363:Src/main.c    **** 
 364:Src/main.c    ****   TIM_ClockConfigTypeDef sClockSourceConfig = {0};
 365:Src/main.c    ****   TIM_ClearInputConfigTypeDef sClearInputConfig = {0};
 366:Src/main.c    ****   TIM_MasterConfigTypeDef sMasterConfig = {0};
 367:Src/main.c    ****   TIM_OC_InitTypeDef sConfigOC = {0};
 368:Src/main.c    **** 
 369:Src/main.c    ****   /* USER CODE BEGIN TIM2_Init 1 */
 370:Src/main.c    **** 
 371:Src/main.c    ****   /* USER CODE END TIM2_Init 1 */
 372:Src/main.c    ****   htim2.Instance = TIM2;
 373:Src/main.c    ****   htim2.Init.Prescaler = 0;
ARM GAS  /tmp/cc4w7x71.s 			page 8


 374:Src/main.c    ****   htim2.Init.CounterMode = TIM_COUNTERMODE_UP;
 375:Src/main.c    ****   htim2.Init.Period = 720;
 376:Src/main.c    ****   htim2.Init.ClockDivision = TIM_CLOCKDIVISION_DIV1;
 377:Src/main.c    ****   htim2.Init.AutoReloadPreload = TIM_AUTORELOAD_PRELOAD_DISABLE;
 378:Src/main.c    ****   if (HAL_TIM_Base_Init(&htim2) != HAL_OK)
 379:Src/main.c    ****   {
 380:Src/main.c    ****     Error_Handler();
 381:Src/main.c    ****   }
 382:Src/main.c    ****   sClockSourceConfig.ClockSource = TIM_CLOCKSOURCE_INTERNAL;
 383:Src/main.c    ****   if (HAL_TIM_ConfigClockSource(&htim2, &sClockSourceConfig) != HAL_OK)
 384:Src/main.c    ****   {
 385:Src/main.c    ****     Error_Handler();
 386:Src/main.c    ****   }
 387:Src/main.c    ****   if (HAL_TIM_PWM_Init(&htim2) != HAL_OK)
 388:Src/main.c    ****   {
 389:Src/main.c    ****     Error_Handler();
 390:Src/main.c    ****   }
 391:Src/main.c    ****   sClearInputConfig.ClearInputState = ENABLE;
 392:Src/main.c    ****   sClearInputConfig.ClearInputSource = TIM_CLEARINPUTSOURCE_OCREFCLR;
 393:Src/main.c    ****   if (HAL_TIM_ConfigOCrefClear(&htim2, &sClearInputConfig, TIM_CHANNEL_1) != HAL_OK)
 394:Src/main.c    ****   {
 395:Src/main.c    ****     Error_Handler();
 396:Src/main.c    ****   }
 397:Src/main.c    ****   sMasterConfig.MasterOutputTrigger = TIM_TRGO_RESET;
 398:Src/main.c    ****   sMasterConfig.MasterSlaveMode = TIM_MASTERSLAVEMODE_DISABLE;
 399:Src/main.c    ****   if (HAL_TIMEx_MasterConfigSynchronization(&htim2, &sMasterConfig) != HAL_OK)
 400:Src/main.c    ****   {
 401:Src/main.c    ****     Error_Handler();
 402:Src/main.c    ****   }
 403:Src/main.c    ****   sConfigOC.OCMode = TIM_OCMODE_PWM1;
 404:Src/main.c    ****   sConfigOC.Pulse = 360;
 405:Src/main.c    ****   sConfigOC.OCPolarity = TIM_OCPOLARITY_HIGH;
 406:Src/main.c    ****   sConfigOC.OCFastMode = TIM_OCFAST_DISABLE;
 407:Src/main.c    ****   if (HAL_TIM_PWM_ConfigChannel(&htim2, &sConfigOC, TIM_CHANNEL_1) != HAL_OK)
 408:Src/main.c    ****   {
 409:Src/main.c    ****     Error_Handler();
 410:Src/main.c    ****   }
 411:Src/main.c    ****   /* USER CODE BEGIN TIM2_Init 2 */
 412:Src/main.c    **** 
 413:Src/main.c    ****   /* USER CODE END TIM2_Init 2 */
 414:Src/main.c    ****   HAL_TIM_MspPostInit(&htim2);
 415:Src/main.c    **** 
 416:Src/main.c    **** }
 417:Src/main.c    **** 
 418:Src/main.c    **** /**
 419:Src/main.c    ****   * @brief TIM3 Initialization Function
 420:Src/main.c    ****   * @param None
 421:Src/main.c    ****   * @retval None
 422:Src/main.c    ****   */
 423:Src/main.c    **** static void MX_TIM3_Init(void)
 424:Src/main.c    **** {
 425:Src/main.c    **** 
 426:Src/main.c    ****   /* USER CODE BEGIN TIM3_Init 0 */
 427:Src/main.c    **** 
 428:Src/main.c    ****   /* USER CODE END TIM3_Init 0 */
 429:Src/main.c    **** 
 430:Src/main.c    ****   TIM_ClockConfigTypeDef sClockSourceConfig = {0};
ARM GAS  /tmp/cc4w7x71.s 			page 9


 431:Src/main.c    ****   TIM_MasterConfigTypeDef sMasterConfig = {0};
 432:Src/main.c    ****   TIM_OC_InitTypeDef sConfigOC = {0};
 433:Src/main.c    **** 
 434:Src/main.c    ****   /* USER CODE BEGIN TIM3_Init 1 */
 435:Src/main.c    **** 
 436:Src/main.c    ****   /* USER CODE END TIM3_Init 1 */
 437:Src/main.c    ****   htim3.Instance = TIM3;
 438:Src/main.c    ****   htim3.Init.Prescaler = 0;
 439:Src/main.c    ****   htim3.Init.CounterMode = TIM_COUNTERMODE_UP;
 440:Src/main.c    ****   htim3.Init.Period = 65535;
 441:Src/main.c    ****   htim3.Init.ClockDivision = TIM_CLOCKDIVISION_DIV1;
 442:Src/main.c    ****   htim3.Init.AutoReloadPreload = TIM_AUTORELOAD_PRELOAD_DISABLE;
 443:Src/main.c    ****   if (HAL_TIM_Base_Init(&htim3) != HAL_OK)
 444:Src/main.c    ****   {
 445:Src/main.c    ****     Error_Handler();
 446:Src/main.c    ****   }
 447:Src/main.c    ****   sClockSourceConfig.ClockSource = TIM_CLOCKSOURCE_INTERNAL;
 448:Src/main.c    ****   if (HAL_TIM_ConfigClockSource(&htim3, &sClockSourceConfig) != HAL_OK)
 449:Src/main.c    ****   {
 450:Src/main.c    ****     Error_Handler();
 451:Src/main.c    ****   }
 452:Src/main.c    ****   if (HAL_TIM_OC_Init(&htim3) != HAL_OK)
 453:Src/main.c    ****   {
 454:Src/main.c    ****     Error_Handler();
 455:Src/main.c    ****   }
 456:Src/main.c    ****   sMasterConfig.MasterOutputTrigger = TIM_TRGO_RESET;
 457:Src/main.c    ****   sMasterConfig.MasterSlaveMode = TIM_MASTERSLAVEMODE_DISABLE;
 458:Src/main.c    ****   if (HAL_TIMEx_MasterConfigSynchronization(&htim3, &sMasterConfig) != HAL_OK)
 459:Src/main.c    ****   {
 460:Src/main.c    ****     Error_Handler();
 461:Src/main.c    ****   }
 462:Src/main.c    ****   sConfigOC.OCMode = TIM_OCMODE_TOGGLE;
 463:Src/main.c    ****   sConfigOC.Pulse = 0;
 464:Src/main.c    ****   sConfigOC.OCPolarity = TIM_OCPOLARITY_HIGH;
 465:Src/main.c    ****   sConfigOC.OCFastMode = TIM_OCFAST_DISABLE;
 466:Src/main.c    ****   if (HAL_TIM_OC_ConfigChannel(&htim3, &sConfigOC, TIM_CHANNEL_1) != HAL_OK)
 467:Src/main.c    ****   {
 468:Src/main.c    ****     Error_Handler();
 469:Src/main.c    ****   }
 470:Src/main.c    ****   /* USER CODE BEGIN TIM3_Init 2 */
 471:Src/main.c    **** 
 472:Src/main.c    ****   /* USER CODE END TIM3_Init 2 */
 473:Src/main.c    ****   HAL_TIM_MspPostInit(&htim3);
 474:Src/main.c    **** 
 475:Src/main.c    **** }
 476:Src/main.c    **** 
 477:Src/main.c    **** /**
 478:Src/main.c    ****   * @brief USART1 Initialization Function
 479:Src/main.c    ****   * @param None
 480:Src/main.c    ****   * @retval None
 481:Src/main.c    ****   */
 482:Src/main.c    **** static void MX_USART1_UART_Init(void)
 483:Src/main.c    **** {
 484:Src/main.c    **** 
 485:Src/main.c    ****   /* USER CODE BEGIN USART1_Init 0 */
 486:Src/main.c    **** 
 487:Src/main.c    ****   /* USER CODE END USART1_Init 0 */
ARM GAS  /tmp/cc4w7x71.s 			page 10


 488:Src/main.c    **** 
 489:Src/main.c    ****   /* USER CODE BEGIN USART1_Init 1 */
 490:Src/main.c    **** 
 491:Src/main.c    ****   /* USER CODE END USART1_Init 1 */
 492:Src/main.c    ****   huart1.Instance = USART1;
 493:Src/main.c    ****   huart1.Init.BaudRate = 115200;
 494:Src/main.c    ****   huart1.Init.WordLength = UART_WORDLENGTH_8B;
 495:Src/main.c    ****   huart1.Init.StopBits = UART_STOPBITS_1;
 496:Src/main.c    ****   huart1.Init.Parity = UART_PARITY_NONE;
 497:Src/main.c    ****   huart1.Init.Mode = UART_MODE_TX_RX;
 498:Src/main.c    ****   huart1.Init.HwFlowCtl = UART_HWCONTROL_NONE;
 499:Src/main.c    ****   huart1.Init.OverSampling = UART_OVERSAMPLING_16;
 500:Src/main.c    ****   huart1.Init.OneBitSampling = UART_ONE_BIT_SAMPLE_DISABLE;
 501:Src/main.c    ****   huart1.AdvancedInit.AdvFeatureInit = UART_ADVFEATURE_NO_INIT;
 502:Src/main.c    ****   if (HAL_UART_Init(&huart1) != HAL_OK)
 503:Src/main.c    ****   {
 504:Src/main.c    ****     Error_Handler();
 505:Src/main.c    ****   }
 506:Src/main.c    ****   /* USER CODE BEGIN USART1_Init 2 */
 507:Src/main.c    **** 
 508:Src/main.c    ****   /* USER CODE END USART1_Init 2 */
 509:Src/main.c    **** 
 510:Src/main.c    **** }
 511:Src/main.c    **** 
 512:Src/main.c    **** /**
 513:Src/main.c    ****   * Enable DMA controller clock
 514:Src/main.c    ****   */
 515:Src/main.c    **** static void MX_DMA_Init(void)
 516:Src/main.c    **** {
 517:Src/main.c    **** 
 518:Src/main.c    ****   /* DMA controller clock enable */
 519:Src/main.c    ****   __HAL_RCC_DMA1_CLK_ENABLE();
 520:Src/main.c    **** 
 521:Src/main.c    ****   /* DMA interrupt init */
 522:Src/main.c    ****   /* DMA1_Channel6_IRQn interrupt configuration */
 523:Src/main.c    ****   HAL_NVIC_SetPriority(DMA1_Channel6_IRQn, 0, 0);
 524:Src/main.c    ****   HAL_NVIC_EnableIRQ(DMA1_Channel6_IRQn);
 525:Src/main.c    **** 
 526:Src/main.c    **** }
 527:Src/main.c    **** 
 528:Src/main.c    **** /**
 529:Src/main.c    ****   * @brief GPIO Initialization Function
 530:Src/main.c    ****   * @param None
 531:Src/main.c    ****   * @retval None
 532:Src/main.c    ****   */
 533:Src/main.c    **** static void MX_GPIO_Init(void)
 534:Src/main.c    **** {
  28              		.loc 1 534 1 view -0
  29              		.cfi_startproc
  30              		@ args = 0, pretend = 0, frame = 16
  31              		@ frame_needed = 0, uses_anonymous_args = 0
  32              		@ link register save eliminated.
  33 0000 84B0     		sub	sp, sp, #16
  34              		.cfi_def_cfa_offset 16
 535:Src/main.c    ****   /* USER CODE BEGIN MX_GPIO_Init_1 */
 536:Src/main.c    **** 
 537:Src/main.c    ****   /* USER CODE END MX_GPIO_Init_1 */
ARM GAS  /tmp/cc4w7x71.s 			page 11


 538:Src/main.c    **** 
 539:Src/main.c    ****   /* GPIO Ports Clock Enable */
 540:Src/main.c    ****   __HAL_RCC_GPIOA_CLK_ENABLE();
  35              		.loc 1 540 3 view .LVU1
  36              	.LBB4:
  37              		.loc 1 540 3 view .LVU2
  38              		.loc 1 540 3 view .LVU3
  39 0002 0F4B     		ldr	r3, .L3
  40 0004 5A69     		ldr	r2, [r3, #20]
  41 0006 42F40032 		orr	r2, r2, #131072
  42 000a 5A61     		str	r2, [r3, #20]
  43              		.loc 1 540 3 view .LVU4
  44 000c 5A69     		ldr	r2, [r3, #20]
  45 000e 02F40032 		and	r2, r2, #131072
  46 0012 0192     		str	r2, [sp, #4]
  47              		.loc 1 540 3 view .LVU5
  48 0014 019A     		ldr	r2, [sp, #4]
  49              	.LBE4:
  50              		.loc 1 540 3 view .LVU6
 541:Src/main.c    ****   __HAL_RCC_GPIOC_CLK_ENABLE();
  51              		.loc 1 541 3 view .LVU7
  52              	.LBB5:
  53              		.loc 1 541 3 view .LVU8
  54              		.loc 1 541 3 view .LVU9
  55 0016 5A69     		ldr	r2, [r3, #20]
  56 0018 42F40022 		orr	r2, r2, #524288
  57 001c 5A61     		str	r2, [r3, #20]
  58              		.loc 1 541 3 view .LVU10
  59 001e 5A69     		ldr	r2, [r3, #20]
  60 0020 02F40022 		and	r2, r2, #524288
  61 0024 0292     		str	r2, [sp, #8]
  62              		.loc 1 541 3 view .LVU11
  63 0026 029A     		ldr	r2, [sp, #8]
  64              	.LBE5:
  65              		.loc 1 541 3 view .LVU12
 542:Src/main.c    ****   __HAL_RCC_GPIOB_CLK_ENABLE();
  66              		.loc 1 542 3 view .LVU13
  67              	.LBB6:
  68              		.loc 1 542 3 view .LVU14
  69              		.loc 1 542 3 view .LVU15
  70 0028 5A69     		ldr	r2, [r3, #20]
  71 002a 42F48022 		orr	r2, r2, #262144
  72 002e 5A61     		str	r2, [r3, #20]
  73              		.loc 1 542 3 view .LVU16
  74 0030 5B69     		ldr	r3, [r3, #20]
  75 0032 03F48023 		and	r3, r3, #262144
  76 0036 0393     		str	r3, [sp, #12]
  77              		.loc 1 542 3 view .LVU17
  78 0038 039B     		ldr	r3, [sp, #12]
  79              	.LBE6:
  80              		.loc 1 542 3 view .LVU18
 543:Src/main.c    **** 
 544:Src/main.c    ****   /* USER CODE BEGIN MX_GPIO_Init_2 */
 545:Src/main.c    **** 
 546:Src/main.c    ****   /* USER CODE END MX_GPIO_Init_2 */
 547:Src/main.c    **** }
  81              		.loc 1 547 1 is_stmt 0 view .LVU19
ARM GAS  /tmp/cc4w7x71.s 			page 12


  82 003a 04B0     		add	sp, sp, #16
  83              		.cfi_def_cfa_offset 0
  84              		@ sp needed
  85 003c 7047     		bx	lr
  86              	.L4:
  87 003e 00BF     		.align	2
  88              	.L3:
  89 0040 00100240 		.word	1073876992
  90              		.cfi_endproc
  91              	.LFE140:
  93              		.section	.text.MX_DMA_Init,"ax",%progbits
  94              		.align	1
  95              		.syntax unified
  96              		.thumb
  97              		.thumb_func
  99              	MX_DMA_Init:
 100              	.LFB139:
 516:Src/main.c    **** 
 101              		.loc 1 516 1 is_stmt 1 view -0
 102              		.cfi_startproc
 103              		@ args = 0, pretend = 0, frame = 8
 104              		@ frame_needed = 0, uses_anonymous_args = 0
 105 0000 00B5     		push	{lr}
 106              		.cfi_def_cfa_offset 4
 107              		.cfi_offset 14, -4
 108 0002 83B0     		sub	sp, sp, #12
 109              		.cfi_def_cfa_offset 16
 519:Src/main.c    **** 
 110              		.loc 1 519 3 view .LVU21
 111              	.LBB7:
 519:Src/main.c    **** 
 112              		.loc 1 519 3 view .LVU22
 519:Src/main.c    **** 
 113              		.loc 1 519 3 view .LVU23
 114 0004 0A4B     		ldr	r3, .L7
 115 0006 5A69     		ldr	r2, [r3, #20]
 116 0008 42F00102 		orr	r2, r2, #1
 117 000c 5A61     		str	r2, [r3, #20]
 519:Src/main.c    **** 
 118              		.loc 1 519 3 view .LVU24
 119 000e 5B69     		ldr	r3, [r3, #20]
 120 0010 03F00103 		and	r3, r3, #1
 121 0014 0193     		str	r3, [sp, #4]
 519:Src/main.c    **** 
 122              		.loc 1 519 3 view .LVU25
 123 0016 019B     		ldr	r3, [sp, #4]
 124              	.LBE7:
 519:Src/main.c    **** 
 125              		.loc 1 519 3 view .LVU26
 523:Src/main.c    ****   HAL_NVIC_EnableIRQ(DMA1_Channel6_IRQn);
 126              		.loc 1 523 3 view .LVU27
 127 0018 0022     		movs	r2, #0
 128 001a 1146     		mov	r1, r2
 129 001c 1020     		movs	r0, #16
 130 001e FFF7FEFF 		bl	HAL_NVIC_SetPriority
 131              	.LVL0:
 524:Src/main.c    **** 
ARM GAS  /tmp/cc4w7x71.s 			page 13


 132              		.loc 1 524 3 view .LVU28
 133 0022 1020     		movs	r0, #16
 134 0024 FFF7FEFF 		bl	HAL_NVIC_EnableIRQ
 135              	.LVL1:
 526:Src/main.c    **** 
 136              		.loc 1 526 1 is_stmt 0 view .LVU29
 137 0028 03B0     		add	sp, sp, #12
 138              		.cfi_def_cfa_offset 4
 139              		@ sp needed
 140 002a 5DF804FB 		ldr	pc, [sp], #4
 141              	.L8:
 142 002e 00BF     		.align	2
 143              	.L7:
 144 0030 00100240 		.word	1073876992
 145              		.cfi_endproc
 146              	.LFE139:
 148              		.section	.text.Error_Handler,"ax",%progbits
 149              		.align	1
 150              		.global	Error_Handler
 151              		.syntax unified
 152              		.thumb
 153              		.thumb_func
 155              	Error_Handler:
 156              	.LFB141:
 548:Src/main.c    **** 
 549:Src/main.c    **** /* USER CODE BEGIN 4 */
 550:Src/main.c    **** 
 551:Src/main.c    **** /* USER CODE END 4 */
 552:Src/main.c    **** 
 553:Src/main.c    **** /**
 554:Src/main.c    ****   * @brief  This function is executed in case of error occurrence.
 555:Src/main.c    ****   * @retval None
 556:Src/main.c    ****   */
 557:Src/main.c    **** void Error_Handler(void)
 558:Src/main.c    **** {
 157              		.loc 1 558 1 is_stmt 1 view -0
 158              		.cfi_startproc
 159              		@ Volatile: function does not return.
 160              		@ args = 0, pretend = 0, frame = 0
 161              		@ frame_needed = 0, uses_anonymous_args = 0
 162              		@ link register save eliminated.
 559:Src/main.c    ****   /* USER CODE BEGIN Error_Handler_Debug */
 560:Src/main.c    ****   /* User can add his own implementation to report the HAL error return state */
 561:Src/main.c    ****   __disable_irq();
 163              		.loc 1 561 3 view .LVU31
 164              	.LBB8:
 165              	.LBI8:
 166              		.file 2 "Inc/CMSIS/Core/Include/cmsis_gcc.h"
   1:Inc/CMSIS/Core/Include/cmsis_gcc.h **** /**************************************************************************//**
   2:Inc/CMSIS/Core/Include/cmsis_gcc.h ****  * @file     cmsis_gcc.h
   3:Inc/CMSIS/Core/Include/cmsis_gcc.h ****  * @brief    CMSIS compiler GCC header file
   4:Inc/CMSIS/Core/Include/cmsis_gcc.h ****  * @version  V5.0.4
   5:Inc/CMSIS/Core/Include/cmsis_gcc.h ****  * @date     09. April 2018
   6:Inc/CMSIS/Core/Include/cmsis_gcc.h ****  ******************************************************************************/
   7:Inc/CMSIS/Core/Include/cmsis_gcc.h **** /*
   8:Inc/CMSIS/Core/Include/cmsis_gcc.h ****  * Copyright (c) 2009-2018 Arm Limited. All rights reserved.
   9:Inc/CMSIS/Core/Include/cmsis_gcc.h ****  *
ARM GAS  /tmp/cc4w7x71.s 			page 14


  10:Inc/CMSIS/Core/Include/cmsis_gcc.h ****  * SPDX-License-Identifier: Apache-2.0
  11:Inc/CMSIS/Core/Include/cmsis_gcc.h ****  *
  12:Inc/CMSIS/Core/Include/cmsis_gcc.h ****  * Licensed under the Apache License, Version 2.0 (the License); you may
  13:Inc/CMSIS/Core/Include/cmsis_gcc.h ****  * not use this file except in compliance with the License.
  14:Inc/CMSIS/Core/Include/cmsis_gcc.h ****  * You may obtain a copy of the License at
  15:Inc/CMSIS/Core/Include/cmsis_gcc.h ****  *
  16:Inc/CMSIS/Core/Include/cmsis_gcc.h ****  * www.apache.org/licenses/LICENSE-2.0
  17:Inc/CMSIS/Core/Include/cmsis_gcc.h ****  *
  18:Inc/CMSIS/Core/Include/cmsis_gcc.h ****  * Unless required by applicable law or agreed to in writing, software
  19:Inc/CMSIS/Core/Include/cmsis_gcc.h ****  * distributed under the License is distributed on an AS IS BASIS, WITHOUT
  20:Inc/CMSIS/Core/Include/cmsis_gcc.h ****  * WARRANTIES OR CONDITIONS OF ANY KIND, either express or implied.
  21:Inc/CMSIS/Core/Include/cmsis_gcc.h ****  * See the License for the specific language governing permissions and
  22:Inc/CMSIS/Core/Include/cmsis_gcc.h ****  * limitations under the License.
  23:Inc/CMSIS/Core/Include/cmsis_gcc.h ****  */
  24:Inc/CMSIS/Core/Include/cmsis_gcc.h **** 
  25:Inc/CMSIS/Core/Include/cmsis_gcc.h **** #ifndef __CMSIS_GCC_H
  26:Inc/CMSIS/Core/Include/cmsis_gcc.h **** #define __CMSIS_GCC_H
  27:Inc/CMSIS/Core/Include/cmsis_gcc.h **** 
  28:Inc/CMSIS/Core/Include/cmsis_gcc.h **** /* ignore some GCC warnings */
  29:Inc/CMSIS/Core/Include/cmsis_gcc.h **** #pragma GCC diagnostic push
  30:Inc/CMSIS/Core/Include/cmsis_gcc.h **** #pragma GCC diagnostic ignored "-Wsign-conversion"
  31:Inc/CMSIS/Core/Include/cmsis_gcc.h **** #pragma GCC diagnostic ignored "-Wconversion"
  32:Inc/CMSIS/Core/Include/cmsis_gcc.h **** #pragma GCC diagnostic ignored "-Wunused-parameter"
  33:Inc/CMSIS/Core/Include/cmsis_gcc.h **** 
  34:Inc/CMSIS/Core/Include/cmsis_gcc.h **** /* Fallback for __has_builtin */
  35:Inc/CMSIS/Core/Include/cmsis_gcc.h **** #ifndef __has_builtin
  36:Inc/CMSIS/Core/Include/cmsis_gcc.h ****   #define __has_builtin(x) (0)
  37:Inc/CMSIS/Core/Include/cmsis_gcc.h **** #endif
  38:Inc/CMSIS/Core/Include/cmsis_gcc.h **** 
  39:Inc/CMSIS/Core/Include/cmsis_gcc.h **** /* CMSIS compiler specific defines */
  40:Inc/CMSIS/Core/Include/cmsis_gcc.h **** #ifndef   __ASM
  41:Inc/CMSIS/Core/Include/cmsis_gcc.h ****   #define __ASM                                  __asm
  42:Inc/CMSIS/Core/Include/cmsis_gcc.h **** #endif
  43:Inc/CMSIS/Core/Include/cmsis_gcc.h **** #ifndef   __INLINE
  44:Inc/CMSIS/Core/Include/cmsis_gcc.h ****   #define __INLINE                               inline
  45:Inc/CMSIS/Core/Include/cmsis_gcc.h **** #endif
  46:Inc/CMSIS/Core/Include/cmsis_gcc.h **** #ifndef   __STATIC_INLINE
  47:Inc/CMSIS/Core/Include/cmsis_gcc.h ****   #define __STATIC_INLINE                        static inline
  48:Inc/CMSIS/Core/Include/cmsis_gcc.h **** #endif
  49:Inc/CMSIS/Core/Include/cmsis_gcc.h **** #ifndef   __STATIC_FORCEINLINE                 
  50:Inc/CMSIS/Core/Include/cmsis_gcc.h ****   #define __STATIC_FORCEINLINE                   __attribute__((always_inline)) static inline
  51:Inc/CMSIS/Core/Include/cmsis_gcc.h **** #endif                                           
  52:Inc/CMSIS/Core/Include/cmsis_gcc.h **** #ifndef   __NO_RETURN
  53:Inc/CMSIS/Core/Include/cmsis_gcc.h ****   #define __NO_RETURN                            __attribute__((__noreturn__))
  54:Inc/CMSIS/Core/Include/cmsis_gcc.h **** #endif
  55:Inc/CMSIS/Core/Include/cmsis_gcc.h **** #ifndef   __USED
  56:Inc/CMSIS/Core/Include/cmsis_gcc.h ****   #define __USED                                 __attribute__((used))
  57:Inc/CMSIS/Core/Include/cmsis_gcc.h **** #endif
  58:Inc/CMSIS/Core/Include/cmsis_gcc.h **** #ifndef   __WEAK
  59:Inc/CMSIS/Core/Include/cmsis_gcc.h ****   #define __WEAK                                 __attribute__((weak))
  60:Inc/CMSIS/Core/Include/cmsis_gcc.h **** #endif
  61:Inc/CMSIS/Core/Include/cmsis_gcc.h **** #ifndef   __PACKED
  62:Inc/CMSIS/Core/Include/cmsis_gcc.h ****   #define __PACKED                               __attribute__((packed, aligned(1)))
  63:Inc/CMSIS/Core/Include/cmsis_gcc.h **** #endif
  64:Inc/CMSIS/Core/Include/cmsis_gcc.h **** #ifndef   __PACKED_STRUCT
  65:Inc/CMSIS/Core/Include/cmsis_gcc.h ****   #define __PACKED_STRUCT                        struct __attribute__((packed, aligned(1)))
  66:Inc/CMSIS/Core/Include/cmsis_gcc.h **** #endif
ARM GAS  /tmp/cc4w7x71.s 			page 15


  67:Inc/CMSIS/Core/Include/cmsis_gcc.h **** #ifndef   __PACKED_UNION
  68:Inc/CMSIS/Core/Include/cmsis_gcc.h ****   #define __PACKED_UNION                         union __attribute__((packed, aligned(1)))
  69:Inc/CMSIS/Core/Include/cmsis_gcc.h **** #endif
  70:Inc/CMSIS/Core/Include/cmsis_gcc.h **** #ifndef   __UNALIGNED_UINT32        /* deprecated */
  71:Inc/CMSIS/Core/Include/cmsis_gcc.h ****   #pragma GCC diagnostic push
  72:Inc/CMSIS/Core/Include/cmsis_gcc.h ****   #pragma GCC diagnostic ignored "-Wpacked"
  73:Inc/CMSIS/Core/Include/cmsis_gcc.h ****   #pragma GCC diagnostic ignored "-Wattributes"
  74:Inc/CMSIS/Core/Include/cmsis_gcc.h ****   struct __attribute__((packed)) T_UINT32 { uint32_t v; };
  75:Inc/CMSIS/Core/Include/cmsis_gcc.h ****   #pragma GCC diagnostic pop
  76:Inc/CMSIS/Core/Include/cmsis_gcc.h ****   #define __UNALIGNED_UINT32(x)                  (((struct T_UINT32 *)(x))->v)
  77:Inc/CMSIS/Core/Include/cmsis_gcc.h **** #endif
  78:Inc/CMSIS/Core/Include/cmsis_gcc.h **** #ifndef   __UNALIGNED_UINT16_WRITE
  79:Inc/CMSIS/Core/Include/cmsis_gcc.h ****   #pragma GCC diagnostic push
  80:Inc/CMSIS/Core/Include/cmsis_gcc.h ****   #pragma GCC diagnostic ignored "-Wpacked"
  81:Inc/CMSIS/Core/Include/cmsis_gcc.h ****   #pragma GCC diagnostic ignored "-Wattributes"
  82:Inc/CMSIS/Core/Include/cmsis_gcc.h ****   __PACKED_STRUCT T_UINT16_WRITE { uint16_t v; };
  83:Inc/CMSIS/Core/Include/cmsis_gcc.h ****   #pragma GCC diagnostic pop
  84:Inc/CMSIS/Core/Include/cmsis_gcc.h ****   #define __UNALIGNED_UINT16_WRITE(addr, val)    (void)((((struct T_UINT16_WRITE *)(void *)(addr))-
  85:Inc/CMSIS/Core/Include/cmsis_gcc.h **** #endif
  86:Inc/CMSIS/Core/Include/cmsis_gcc.h **** #ifndef   __UNALIGNED_UINT16_READ
  87:Inc/CMSIS/Core/Include/cmsis_gcc.h ****   #pragma GCC diagnostic push
  88:Inc/CMSIS/Core/Include/cmsis_gcc.h ****   #pragma GCC diagnostic ignored "-Wpacked"
  89:Inc/CMSIS/Core/Include/cmsis_gcc.h ****   #pragma GCC diagnostic ignored "-Wattributes"
  90:Inc/CMSIS/Core/Include/cmsis_gcc.h ****   __PACKED_STRUCT T_UINT16_READ { uint16_t v; };
  91:Inc/CMSIS/Core/Include/cmsis_gcc.h ****   #pragma GCC diagnostic pop
  92:Inc/CMSIS/Core/Include/cmsis_gcc.h ****   #define __UNALIGNED_UINT16_READ(addr)          (((const struct T_UINT16_READ *)(const void *)(add
  93:Inc/CMSIS/Core/Include/cmsis_gcc.h **** #endif
  94:Inc/CMSIS/Core/Include/cmsis_gcc.h **** #ifndef   __UNALIGNED_UINT32_WRITE
  95:Inc/CMSIS/Core/Include/cmsis_gcc.h ****   #pragma GCC diagnostic push
  96:Inc/CMSIS/Core/Include/cmsis_gcc.h ****   #pragma GCC diagnostic ignored "-Wpacked"
  97:Inc/CMSIS/Core/Include/cmsis_gcc.h ****   #pragma GCC diagnostic ignored "-Wattributes"
  98:Inc/CMSIS/Core/Include/cmsis_gcc.h ****   __PACKED_STRUCT T_UINT32_WRITE { uint32_t v; };
  99:Inc/CMSIS/Core/Include/cmsis_gcc.h ****   #pragma GCC diagnostic pop
 100:Inc/CMSIS/Core/Include/cmsis_gcc.h ****   #define __UNALIGNED_UINT32_WRITE(addr, val)    (void)((((struct T_UINT32_WRITE *)(void *)(addr))-
 101:Inc/CMSIS/Core/Include/cmsis_gcc.h **** #endif
 102:Inc/CMSIS/Core/Include/cmsis_gcc.h **** #ifndef   __UNALIGNED_UINT32_READ
 103:Inc/CMSIS/Core/Include/cmsis_gcc.h ****   #pragma GCC diagnostic push
 104:Inc/CMSIS/Core/Include/cmsis_gcc.h ****   #pragma GCC diagnostic ignored "-Wpacked"
 105:Inc/CMSIS/Core/Include/cmsis_gcc.h ****   #pragma GCC diagnostic ignored "-Wattributes"
 106:Inc/CMSIS/Core/Include/cmsis_gcc.h ****   __PACKED_STRUCT T_UINT32_READ { uint32_t v; };
 107:Inc/CMSIS/Core/Include/cmsis_gcc.h ****   #pragma GCC diagnostic pop
 108:Inc/CMSIS/Core/Include/cmsis_gcc.h ****   #define __UNALIGNED_UINT32_READ(addr)          (((const struct T_UINT32_READ *)(const void *)(add
 109:Inc/CMSIS/Core/Include/cmsis_gcc.h **** #endif
 110:Inc/CMSIS/Core/Include/cmsis_gcc.h **** #ifndef   __ALIGNED
 111:Inc/CMSIS/Core/Include/cmsis_gcc.h ****   #define __ALIGNED(x)                           __attribute__((aligned(x)))
 112:Inc/CMSIS/Core/Include/cmsis_gcc.h **** #endif
 113:Inc/CMSIS/Core/Include/cmsis_gcc.h **** #ifndef   __RESTRICT
 114:Inc/CMSIS/Core/Include/cmsis_gcc.h ****   #define __RESTRICT                             __restrict
 115:Inc/CMSIS/Core/Include/cmsis_gcc.h **** #endif
 116:Inc/CMSIS/Core/Include/cmsis_gcc.h **** 
 117:Inc/CMSIS/Core/Include/cmsis_gcc.h **** 
 118:Inc/CMSIS/Core/Include/cmsis_gcc.h **** /* ###########################  Core Function Access  ########################### */
 119:Inc/CMSIS/Core/Include/cmsis_gcc.h **** /** \ingroup  CMSIS_Core_FunctionInterface
 120:Inc/CMSIS/Core/Include/cmsis_gcc.h ****     \defgroup CMSIS_Core_RegAccFunctions CMSIS Core Register Access Functions
 121:Inc/CMSIS/Core/Include/cmsis_gcc.h ****   @{
 122:Inc/CMSIS/Core/Include/cmsis_gcc.h ****  */
 123:Inc/CMSIS/Core/Include/cmsis_gcc.h **** 
ARM GAS  /tmp/cc4w7x71.s 			page 16


 124:Inc/CMSIS/Core/Include/cmsis_gcc.h **** /**
 125:Inc/CMSIS/Core/Include/cmsis_gcc.h ****   \brief   Enable IRQ Interrupts
 126:Inc/CMSIS/Core/Include/cmsis_gcc.h ****   \details Enables IRQ interrupts by clearing the I-bit in the CPSR.
 127:Inc/CMSIS/Core/Include/cmsis_gcc.h ****            Can only be executed in Privileged modes.
 128:Inc/CMSIS/Core/Include/cmsis_gcc.h ****  */
 129:Inc/CMSIS/Core/Include/cmsis_gcc.h **** __STATIC_FORCEINLINE void __enable_irq(void)
 130:Inc/CMSIS/Core/Include/cmsis_gcc.h **** {
 131:Inc/CMSIS/Core/Include/cmsis_gcc.h ****   __ASM volatile ("cpsie i" : : : "memory");
 132:Inc/CMSIS/Core/Include/cmsis_gcc.h **** }
 133:Inc/CMSIS/Core/Include/cmsis_gcc.h **** 
 134:Inc/CMSIS/Core/Include/cmsis_gcc.h **** 
 135:Inc/CMSIS/Core/Include/cmsis_gcc.h **** /**
 136:Inc/CMSIS/Core/Include/cmsis_gcc.h ****   \brief   Disable IRQ Interrupts
 137:Inc/CMSIS/Core/Include/cmsis_gcc.h ****   \details Disables IRQ interrupts by setting the I-bit in the CPSR.
 138:Inc/CMSIS/Core/Include/cmsis_gcc.h ****            Can only be executed in Privileged modes.
 139:Inc/CMSIS/Core/Include/cmsis_gcc.h ****  */
 140:Inc/CMSIS/Core/Include/cmsis_gcc.h **** __STATIC_FORCEINLINE void __disable_irq(void)
 167              		.loc 2 140 27 view .LVU32
 168              	.LBB9:
 141:Inc/CMSIS/Core/Include/cmsis_gcc.h **** {
 142:Inc/CMSIS/Core/Include/cmsis_gcc.h ****   __ASM volatile ("cpsid i" : : : "memory");
 169              		.loc 2 142 3 view .LVU33
 170              		.syntax unified
 171              	@ 142 "Inc/CMSIS/Core/Include/cmsis_gcc.h" 1
 172 0000 72B6     		cpsid i
 173              	@ 0 "" 2
 174              		.thumb
 175              		.syntax unified
 176              	.L10:
 177              	.LBE9:
 178              	.LBE8:
 562:Src/main.c    ****   while (1)
 179              		.loc 1 562 3 view .LVU34
 563:Src/main.c    ****   {
 564:Src/main.c    ****   }
 180              		.loc 1 564 3 view .LVU35
 562:Src/main.c    ****   while (1)
 181              		.loc 1 562 9 view .LVU36
 182 0002 FEE7     		b	.L10
 183              		.cfi_endproc
 184              	.LFE141:
 186              		.section	.text.MX_ADC1_Init,"ax",%progbits
 187              		.align	1
 188              		.syntax unified
 189              		.thumb
 190              		.thumb_func
 192              	MX_ADC1_Init:
 193              	.LFB132:
 188:Src/main.c    **** 
 194              		.loc 1 188 1 view -0
 195              		.cfi_startproc
 196              		@ args = 0, pretend = 0, frame = 40
 197              		@ frame_needed = 0, uses_anonymous_args = 0
 198 0000 00B5     		push	{lr}
 199              		.cfi_def_cfa_offset 4
 200              		.cfi_offset 14, -4
 201 0002 8BB0     		sub	sp, sp, #44
ARM GAS  /tmp/cc4w7x71.s 			page 17


 202              		.cfi_def_cfa_offset 48
 194:Src/main.c    ****   ADC_ChannelConfTypeDef sConfig = {0};
 203              		.loc 1 194 3 view .LVU38
 194:Src/main.c    ****   ADC_ChannelConfTypeDef sConfig = {0};
 204              		.loc 1 194 24 is_stmt 0 view .LVU39
 205 0004 0023     		movs	r3, #0
 206 0006 0793     		str	r3, [sp, #28]
 207 0008 0893     		str	r3, [sp, #32]
 208 000a 0993     		str	r3, [sp, #36]
 195:Src/main.c    **** 
 209              		.loc 1 195 3 is_stmt 1 view .LVU40
 195:Src/main.c    **** 
 210              		.loc 1 195 26 is_stmt 0 view .LVU41
 211 000c 0193     		str	r3, [sp, #4]
 212 000e 0293     		str	r3, [sp, #8]
 213 0010 0393     		str	r3, [sp, #12]
 214 0012 0493     		str	r3, [sp, #16]
 215 0014 0593     		str	r3, [sp, #20]
 216 0016 0693     		str	r3, [sp, #24]
 203:Src/main.c    ****   hadc1.Init.ClockPrescaler = ADC_CLOCK_ASYNC_DIV1;
 217              		.loc 1 203 3 is_stmt 1 view .LVU42
 203:Src/main.c    ****   hadc1.Init.ClockPrescaler = ADC_CLOCK_ASYNC_DIV1;
 218              		.loc 1 203 18 is_stmt 0 view .LVU43
 219 0018 1A48     		ldr	r0, .L19
 220 001a 4FF0A042 		mov	r2, #1342177280
 221 001e 0260     		str	r2, [r0]
 204:Src/main.c    ****   hadc1.Init.Resolution = ADC_RESOLUTION_12B;
 222              		.loc 1 204 3 is_stmt 1 view .LVU44
 204:Src/main.c    ****   hadc1.Init.Resolution = ADC_RESOLUTION_12B;
 223              		.loc 1 204 29 is_stmt 0 view .LVU45
 224 0020 4360     		str	r3, [r0, #4]
 205:Src/main.c    ****   hadc1.Init.ScanConvMode = ADC_SCAN_DISABLE;
 225              		.loc 1 205 3 is_stmt 1 view .LVU46
 205:Src/main.c    ****   hadc1.Init.ScanConvMode = ADC_SCAN_DISABLE;
 226              		.loc 1 205 25 is_stmt 0 view .LVU47
 227 0022 8360     		str	r3, [r0, #8]
 206:Src/main.c    ****   hadc1.Init.ContinuousConvMode = ENABLE;
 228              		.loc 1 206 3 is_stmt 1 view .LVU48
 206:Src/main.c    ****   hadc1.Init.ContinuousConvMode = ENABLE;
 229              		.loc 1 206 27 is_stmt 0 view .LVU49
 230 0024 0361     		str	r3, [r0, #16]
 207:Src/main.c    ****   hadc1.Init.DiscontinuousConvMode = DISABLE;
 231              		.loc 1 207 3 is_stmt 1 view .LVU50
 207:Src/main.c    ****   hadc1.Init.DiscontinuousConvMode = DISABLE;
 232              		.loc 1 207 33 is_stmt 0 view .LVU51
 233 0026 0122     		movs	r2, #1
 234 0028 4276     		strb	r2, [r0, #25]
 208:Src/main.c    ****   hadc1.Init.ExternalTrigConvEdge = ADC_EXTERNALTRIGCONVEDGE_NONE;
 235              		.loc 1 208 3 is_stmt 1 view .LVU52
 208:Src/main.c    ****   hadc1.Init.ExternalTrigConvEdge = ADC_EXTERNALTRIGCONVEDGE_NONE;
 236              		.loc 1 208 36 is_stmt 0 view .LVU53
 237 002a 80F82030 		strb	r3, [r0, #32]
 209:Src/main.c    ****   hadc1.Init.ExternalTrigConv = ADC_SOFTWARE_START;
 238              		.loc 1 209 3 is_stmt 1 view .LVU54
 209:Src/main.c    ****   hadc1.Init.ExternalTrigConv = ADC_SOFTWARE_START;
 239              		.loc 1 209 35 is_stmt 0 view .LVU55
 240 002e C362     		str	r3, [r0, #44]
ARM GAS  /tmp/cc4w7x71.s 			page 18


 210:Src/main.c    ****   hadc1.Init.DataAlign = ADC_DATAALIGN_RIGHT;
 241              		.loc 1 210 3 is_stmt 1 view .LVU56
 210:Src/main.c    ****   hadc1.Init.DataAlign = ADC_DATAALIGN_RIGHT;
 242              		.loc 1 210 31 is_stmt 0 view .LVU57
 243 0030 8262     		str	r2, [r0, #40]
 211:Src/main.c    ****   hadc1.Init.NbrOfConversion = 1;
 244              		.loc 1 211 3 is_stmt 1 view .LVU58
 211:Src/main.c    ****   hadc1.Init.NbrOfConversion = 1;
 245              		.loc 1 211 24 is_stmt 0 view .LVU59
 246 0032 C360     		str	r3, [r0, #12]
 212:Src/main.c    ****   hadc1.Init.DMAContinuousRequests = DISABLE;
 247              		.loc 1 212 3 is_stmt 1 view .LVU60
 212:Src/main.c    ****   hadc1.Init.DMAContinuousRequests = DISABLE;
 248              		.loc 1 212 30 is_stmt 0 view .LVU61
 249 0034 C261     		str	r2, [r0, #28]
 213:Src/main.c    ****   hadc1.Init.EOCSelection = ADC_EOC_SINGLE_CONV;
 250              		.loc 1 213 3 is_stmt 1 view .LVU62
 213:Src/main.c    ****   hadc1.Init.EOCSelection = ADC_EOC_SINGLE_CONV;
 251              		.loc 1 213 36 is_stmt 0 view .LVU63
 252 0036 80F83030 		strb	r3, [r0, #48]
 214:Src/main.c    ****   hadc1.Init.LowPowerAutoWait = DISABLE;
 253              		.loc 1 214 3 is_stmt 1 view .LVU64
 214:Src/main.c    ****   hadc1.Init.LowPowerAutoWait = DISABLE;
 254              		.loc 1 214 27 is_stmt 0 view .LVU65
 255 003a 0422     		movs	r2, #4
 256 003c 4261     		str	r2, [r0, #20]
 215:Src/main.c    ****   hadc1.Init.Overrun = ADC_OVR_DATA_OVERWRITTEN;
 257              		.loc 1 215 3 is_stmt 1 view .LVU66
 215:Src/main.c    ****   hadc1.Init.Overrun = ADC_OVR_DATA_OVERWRITTEN;
 258              		.loc 1 215 31 is_stmt 0 view .LVU67
 259 003e 0376     		strb	r3, [r0, #24]
 216:Src/main.c    ****   if (HAL_ADC_Init(&hadc1) != HAL_OK)
 260              		.loc 1 216 3 is_stmt 1 view .LVU68
 216:Src/main.c    ****   if (HAL_ADC_Init(&hadc1) != HAL_OK)
 261              		.loc 1 216 22 is_stmt 0 view .LVU69
 262 0040 4363     		str	r3, [r0, #52]
 217:Src/main.c    ****   {
 263              		.loc 1 217 3 is_stmt 1 view .LVU70
 217:Src/main.c    ****   {
 264              		.loc 1 217 7 is_stmt 0 view .LVU71
 265 0042 FFF7FEFF 		bl	HAL_ADC_Init
 266              	.LVL2:
 217:Src/main.c    ****   {
 267              		.loc 1 217 6 discriminator 1 view .LVU72
 268 0046 B0B9     		cbnz	r0, .L16
 224:Src/main.c    ****   if (HAL_ADCEx_MultiModeConfigChannel(&hadc1, &multimode) != HAL_OK)
 269              		.loc 1 224 3 is_stmt 1 view .LVU73
 224:Src/main.c    ****   if (HAL_ADCEx_MultiModeConfigChannel(&hadc1, &multimode) != HAL_OK)
 270              		.loc 1 224 18 is_stmt 0 view .LVU74
 271 0048 0023     		movs	r3, #0
 272 004a 0793     		str	r3, [sp, #28]
 225:Src/main.c    ****   {
 273              		.loc 1 225 3 is_stmt 1 view .LVU75
 225:Src/main.c    ****   {
 274              		.loc 1 225 7 is_stmt 0 view .LVU76
 275 004c 07A9     		add	r1, sp, #28
 276 004e 0D48     		ldr	r0, .L19
ARM GAS  /tmp/cc4w7x71.s 			page 19


 277 0050 FFF7FEFF 		bl	HAL_ADCEx_MultiModeConfigChannel
 278              	.LVL3:
 225:Src/main.c    ****   {
 279              		.loc 1 225 6 discriminator 1 view .LVU77
 280 0054 88B9     		cbnz	r0, .L17
 232:Src/main.c    ****   sConfig.Rank = ADC_REGULAR_RANK_1;
 281              		.loc 1 232 3 is_stmt 1 view .LVU78
 232:Src/main.c    ****   sConfig.Rank = ADC_REGULAR_RANK_1;
 282              		.loc 1 232 19 is_stmt 0 view .LVU79
 283 0056 0123     		movs	r3, #1
 284 0058 0193     		str	r3, [sp, #4]
 233:Src/main.c    ****   sConfig.SingleDiff = ADC_DIFFERENTIAL_ENDED;
 285              		.loc 1 233 3 is_stmt 1 view .LVU80
 233:Src/main.c    ****   sConfig.SingleDiff = ADC_DIFFERENTIAL_ENDED;
 286              		.loc 1 233 16 is_stmt 0 view .LVU81
 287 005a 0293     		str	r3, [sp, #8]
 234:Src/main.c    ****   sConfig.SamplingTime = ADC_SAMPLETIME_1CYCLE_5;
 288              		.loc 1 234 3 is_stmt 1 view .LVU82
 234:Src/main.c    ****   sConfig.SamplingTime = ADC_SAMPLETIME_1CYCLE_5;
 289              		.loc 1 234 22 is_stmt 0 view .LVU83
 290 005c 0493     		str	r3, [sp, #16]
 235:Src/main.c    ****   sConfig.OffsetNumber = ADC_OFFSET_NONE;
 291              		.loc 1 235 3 is_stmt 1 view .LVU84
 235:Src/main.c    ****   sConfig.OffsetNumber = ADC_OFFSET_NONE;
 292              		.loc 1 235 24 is_stmt 0 view .LVU85
 293 005e 0023     		movs	r3, #0
 294 0060 0393     		str	r3, [sp, #12]
 236:Src/main.c    ****   sConfig.Offset = 0;
 295              		.loc 1 236 3 is_stmt 1 view .LVU86
 236:Src/main.c    ****   sConfig.Offset = 0;
 296              		.loc 1 236 24 is_stmt 0 view .LVU87
 297 0062 0593     		str	r3, [sp, #20]
 237:Src/main.c    ****   if (HAL_ADC_ConfigChannel(&hadc1, &sConfig) != HAL_OK)
 298              		.loc 1 237 3 is_stmt 1 view .LVU88
 237:Src/main.c    ****   if (HAL_ADC_ConfigChannel(&hadc1, &sConfig) != HAL_OK)
 299              		.loc 1 237 18 is_stmt 0 view .LVU89
 300 0064 0693     		str	r3, [sp, #24]
 238:Src/main.c    ****   {
 301              		.loc 1 238 3 is_stmt 1 view .LVU90
 238:Src/main.c    ****   {
 302              		.loc 1 238 7 is_stmt 0 view .LVU91
 303 0066 01A9     		add	r1, sp, #4
 304 0068 0648     		ldr	r0, .L19
 305 006a FFF7FEFF 		bl	HAL_ADC_ConfigChannel
 306              	.LVL4:
 238:Src/main.c    ****   {
 307              		.loc 1 238 6 discriminator 1 view .LVU92
 308 006e 30B9     		cbnz	r0, .L18
 246:Src/main.c    **** 
 309              		.loc 1 246 1 view .LVU93
 310 0070 0BB0     		add	sp, sp, #44
 311              		.cfi_remember_state
 312              		.cfi_def_cfa_offset 4
 313              		@ sp needed
 314 0072 5DF804FB 		ldr	pc, [sp], #4
 315              	.L16:
 316              		.cfi_restore_state
ARM GAS  /tmp/cc4w7x71.s 			page 20


 219:Src/main.c    ****   }
 317              		.loc 1 219 5 is_stmt 1 view .LVU94
 318 0076 FFF7FEFF 		bl	Error_Handler
 319              	.LVL5:
 320              	.L17:
 227:Src/main.c    ****   }
 321              		.loc 1 227 5 view .LVU95
 322 007a FFF7FEFF 		bl	Error_Handler
 323              	.LVL6:
 324              	.L18:
 240:Src/main.c    ****   }
 325              		.loc 1 240 5 view .LVU96
 326 007e FFF7FEFF 		bl	Error_Handler
 327              	.LVL7:
 328              	.L20:
 329 0082 00BF     		.align	2
 330              	.L19:
 331 0084 00000000 		.word	hadc1
 332              		.cfi_endproc
 333              	.LFE132:
 335              		.section	.text.MX_COMP2_Init,"ax",%progbits
 336              		.align	1
 337              		.syntax unified
 338              		.thumb
 339              		.thumb_func
 341              	MX_COMP2_Init:
 342              	.LFB133:
 254:Src/main.c    **** 
 343              		.loc 1 254 1 view -0
 344              		.cfi_startproc
 345              		@ args = 0, pretend = 0, frame = 0
 346              		@ frame_needed = 0, uses_anonymous_args = 0
 347 0000 08B5     		push	{r3, lr}
 348              		.cfi_def_cfa_offset 8
 349              		.cfi_offset 3, -8
 350              		.cfi_offset 14, -4
 263:Src/main.c    ****   hcomp2.Init.InvertingInput = COMP_INVERTINGINPUT_DAC1_CH1;
 351              		.loc 1 263 3 view .LVU98
 263:Src/main.c    ****   hcomp2.Init.InvertingInput = COMP_INVERTINGINPUT_DAC1_CH1;
 352              		.loc 1 263 19 is_stmt 0 view .LVU99
 353 0002 0948     		ldr	r0, .L25
 354 0004 094B     		ldr	r3, .L25+4
 355 0006 0360     		str	r3, [r0]
 264:Src/main.c    ****   hcomp2.Init.NonInvertingInput = COMP_NONINVERTINGINPUT_IO1;
 356              		.loc 1 264 3 is_stmt 1 view .LVU100
 264:Src/main.c    ****   hcomp2.Init.NonInvertingInput = COMP_NONINVERTINGINPUT_IO1;
 357              		.loc 1 264 30 is_stmt 0 view .LVU101
 358 0008 4023     		movs	r3, #64
 359 000a 4360     		str	r3, [r0, #4]
 265:Src/main.c    ****   hcomp2.Init.Output = COMP_OUTPUT_NONE;
 360              		.loc 1 265 3 is_stmt 1 view .LVU102
 265:Src/main.c    ****   hcomp2.Init.Output = COMP_OUTPUT_NONE;
 361              		.loc 1 265 33 is_stmt 0 view .LVU103
 362 000c 0023     		movs	r3, #0
 363 000e 8360     		str	r3, [r0, #8]
 266:Src/main.c    ****   hcomp2.Init.OutputPol = COMP_OUTPUTPOL_NONINVERTED;
 364              		.loc 1 266 3 is_stmt 1 view .LVU104
ARM GAS  /tmp/cc4w7x71.s 			page 21


 266:Src/main.c    ****   hcomp2.Init.OutputPol = COMP_OUTPUTPOL_NONINVERTED;
 365              		.loc 1 266 22 is_stmt 0 view .LVU105
 366 0010 7F22     		movs	r2, #127
 367 0012 C260     		str	r2, [r0, #12]
 267:Src/main.c    ****   hcomp2.Init.BlankingSrce = COMP_BLANKINGSRCE_NONE;
 368              		.loc 1 267 3 is_stmt 1 view .LVU106
 267:Src/main.c    ****   hcomp2.Init.BlankingSrce = COMP_BLANKINGSRCE_NONE;
 369              		.loc 1 267 25 is_stmt 0 view .LVU107
 370 0014 0361     		str	r3, [r0, #16]
 268:Src/main.c    ****   hcomp2.Init.TriggerMode = COMP_TRIGGERMODE_NONE;
 371              		.loc 1 268 3 is_stmt 1 view .LVU108
 268:Src/main.c    ****   hcomp2.Init.TriggerMode = COMP_TRIGGERMODE_NONE;
 372              		.loc 1 268 28 is_stmt 0 view .LVU109
 373 0016 8361     		str	r3, [r0, #24]
 269:Src/main.c    ****   if (HAL_COMP_Init(&hcomp2) != HAL_OK)
 374              		.loc 1 269 3 is_stmt 1 view .LVU110
 269:Src/main.c    ****   if (HAL_COMP_Init(&hcomp2) != HAL_OK)
 375              		.loc 1 269 27 is_stmt 0 view .LVU111
 376 0018 4362     		str	r3, [r0, #36]
 270:Src/main.c    ****   {
 377              		.loc 1 270 3 is_stmt 1 view .LVU112
 270:Src/main.c    ****   {
 378              		.loc 1 270 7 is_stmt 0 view .LVU113
 379 001a FFF7FEFF 		bl	HAL_COMP_Init
 380              	.LVL8:
 270:Src/main.c    ****   {
 381              		.loc 1 270 6 discriminator 1 view .LVU114
 382 001e 00B9     		cbnz	r0, .L24
 278:Src/main.c    **** 
 383              		.loc 1 278 1 view .LVU115
 384 0020 08BD     		pop	{r3, pc}
 385              	.L24:
 272:Src/main.c    ****   }
 386              		.loc 1 272 5 is_stmt 1 view .LVU116
 387 0022 FFF7FEFF 		bl	Error_Handler
 388              	.LVL9:
 389              	.L26:
 390 0026 00BF     		.align	2
 391              	.L25:
 392 0028 00000000 		.word	hcomp2
 393 002c 20000140 		.word	1073807392
 394              		.cfi_endproc
 395              	.LFE133:
 397              		.section	.text.MX_COMP3_Init,"ax",%progbits
 398              		.align	1
 399              		.syntax unified
 400              		.thumb
 401              		.thumb_func
 403              	MX_COMP3_Init:
 404              	.LFB134:
 286:Src/main.c    **** 
 405              		.loc 1 286 1 view -0
 406              		.cfi_startproc
 407              		@ args = 0, pretend = 0, frame = 0
 408              		@ frame_needed = 0, uses_anonymous_args = 0
 409 0000 08B5     		push	{r3, lr}
 410              		.cfi_def_cfa_offset 8
ARM GAS  /tmp/cc4w7x71.s 			page 22


 411              		.cfi_offset 3, -8
 412              		.cfi_offset 14, -4
 295:Src/main.c    ****   hcomp3.Init.InvertingInput = COMP_INVERTINGINPUT_VREFINT;
 413              		.loc 1 295 3 view .LVU118
 295:Src/main.c    ****   hcomp3.Init.InvertingInput = COMP_INVERTINGINPUT_VREFINT;
 414              		.loc 1 295 19 is_stmt 0 view .LVU119
 415 0002 0948     		ldr	r0, .L31
 416 0004 094B     		ldr	r3, .L31+4
 417 0006 0360     		str	r3, [r0]
 296:Src/main.c    ****   hcomp3.Init.NonInvertingInput = COMP_NONINVERTINGINPUT_IO1;
 418              		.loc 1 296 3 is_stmt 1 view .LVU120
 296:Src/main.c    ****   hcomp3.Init.NonInvertingInput = COMP_NONINVERTINGINPUT_IO1;
 419              		.loc 1 296 30 is_stmt 0 view .LVU121
 420 0008 3023     		movs	r3, #48
 421 000a 4360     		str	r3, [r0, #4]
 297:Src/main.c    ****   hcomp3.Init.Output = COMP_OUTPUT_TIM2OCREFCLR;
 422              		.loc 1 297 3 is_stmt 1 view .LVU122
 297:Src/main.c    ****   hcomp3.Init.Output = COMP_OUTPUT_TIM2OCREFCLR;
 423              		.loc 1 297 33 is_stmt 0 view .LVU123
 424 000c 0023     		movs	r3, #0
 425 000e 8360     		str	r3, [r0, #8]
 298:Src/main.c    ****   hcomp3.Init.OutputPol = COMP_OUTPUTPOL_NONINVERTED;
 426              		.loc 1 298 3 is_stmt 1 view .LVU124
 298:Src/main.c    ****   hcomp3.Init.OutputPol = COMP_OUTPUTPOL_NONINVERTED;
 427              		.loc 1 298 22 is_stmt 0 view .LVU125
 428 0010 42F20742 		movw	r2, #9223
 429 0014 C260     		str	r2, [r0, #12]
 299:Src/main.c    ****   hcomp3.Init.BlankingSrce = COMP_BLANKINGSRCE_NONE;
 430              		.loc 1 299 3 is_stmt 1 view .LVU126
 299:Src/main.c    ****   hcomp3.Init.BlankingSrce = COMP_BLANKINGSRCE_NONE;
 431              		.loc 1 299 25 is_stmt 0 view .LVU127
 432 0016 0361     		str	r3, [r0, #16]
 300:Src/main.c    ****   hcomp3.Init.TriggerMode = COMP_TRIGGERMODE_NONE;
 433              		.loc 1 300 3 is_stmt 1 view .LVU128
 300:Src/main.c    ****   hcomp3.Init.TriggerMode = COMP_TRIGGERMODE_NONE;
 434              		.loc 1 300 28 is_stmt 0 view .LVU129
 435 0018 8361     		str	r3, [r0, #24]
 301:Src/main.c    ****   if (HAL_COMP_Init(&hcomp3) != HAL_OK)
 436              		.loc 1 301 3 is_stmt 1 view .LVU130
 301:Src/main.c    ****   if (HAL_COMP_Init(&hcomp3) != HAL_OK)
 437              		.loc 1 301 27 is_stmt 0 view .LVU131
 438 001a 4362     		str	r3, [r0, #36]
 302:Src/main.c    ****   {
 439              		.loc 1 302 3 is_stmt 1 view .LVU132
 302:Src/main.c    ****   {
 440              		.loc 1 302 7 is_stmt 0 view .LVU133
 441 001c FFF7FEFF 		bl	HAL_COMP_Init
 442              	.LVL10:
 302:Src/main.c    ****   {
 443              		.loc 1 302 6 discriminator 1 view .LVU134
 444 0020 00B9     		cbnz	r0, .L30
 310:Src/main.c    **** 
 445              		.loc 1 310 1 view .LVU135
 446 0022 08BD     		pop	{r3, pc}
 447              	.L30:
 304:Src/main.c    ****   }
 448              		.loc 1 304 5 is_stmt 1 view .LVU136
ARM GAS  /tmp/cc4w7x71.s 			page 23


 449 0024 FFF7FEFF 		bl	Error_Handler
 450              	.LVL11:
 451              	.L32:
 452              		.align	2
 453              	.L31:
 454 0028 00000000 		.word	hcomp3
 455 002c 24000140 		.word	1073807396
 456              		.cfi_endproc
 457              	.LFE134:
 459              		.section	.text.MX_TIM2_Init,"ax",%progbits
 460              		.align	1
 461              		.syntax unified
 462              		.thumb
 463              		.thumb_func
 465              	MX_TIM2_Init:
 466              	.LFB136:
 358:Src/main.c    **** 
 467              		.loc 1 358 1 view -0
 468              		.cfi_startproc
 469              		@ args = 0, pretend = 0, frame = 80
 470              		@ frame_needed = 0, uses_anonymous_args = 0
 471 0000 00B5     		push	{lr}
 472              		.cfi_def_cfa_offset 4
 473              		.cfi_offset 14, -4
 474 0002 95B0     		sub	sp, sp, #84
 475              		.cfi_def_cfa_offset 88
 364:Src/main.c    ****   TIM_ClearInputConfigTypeDef sClearInputConfig = {0};
 476              		.loc 1 364 3 view .LVU138
 364:Src/main.c    ****   TIM_ClearInputConfigTypeDef sClearInputConfig = {0};
 477              		.loc 1 364 26 is_stmt 0 view .LVU139
 478 0004 0023     		movs	r3, #0
 479 0006 1093     		str	r3, [sp, #64]
 480 0008 1193     		str	r3, [sp, #68]
 481 000a 1293     		str	r3, [sp, #72]
 482 000c 1393     		str	r3, [sp, #76]
 365:Src/main.c    ****   TIM_MasterConfigTypeDef sMasterConfig = {0};
 483              		.loc 1 365 3 is_stmt 1 view .LVU140
 365:Src/main.c    ****   TIM_MasterConfigTypeDef sMasterConfig = {0};
 484              		.loc 1 365 31 is_stmt 0 view .LVU141
 485 000e 0B93     		str	r3, [sp, #44]
 486 0010 0C93     		str	r3, [sp, #48]
 487 0012 0D93     		str	r3, [sp, #52]
 488 0014 0E93     		str	r3, [sp, #56]
 489 0016 0F93     		str	r3, [sp, #60]
 366:Src/main.c    ****   TIM_OC_InitTypeDef sConfigOC = {0};
 490              		.loc 1 366 3 is_stmt 1 view .LVU142
 366:Src/main.c    ****   TIM_OC_InitTypeDef sConfigOC = {0};
 491              		.loc 1 366 27 is_stmt 0 view .LVU143
 492 0018 0893     		str	r3, [sp, #32]
 493 001a 0993     		str	r3, [sp, #36]
 494 001c 0A93     		str	r3, [sp, #40]
 367:Src/main.c    **** 
 495              		.loc 1 367 3 is_stmt 1 view .LVU144
 367:Src/main.c    **** 
 496              		.loc 1 367 22 is_stmt 0 view .LVU145
 497 001e 0193     		str	r3, [sp, #4]
 498 0020 0293     		str	r3, [sp, #8]
ARM GAS  /tmp/cc4w7x71.s 			page 24


 499 0022 0393     		str	r3, [sp, #12]
 500 0024 0493     		str	r3, [sp, #16]
 501 0026 0593     		str	r3, [sp, #20]
 502 0028 0693     		str	r3, [sp, #24]
 503 002a 0793     		str	r3, [sp, #28]
 372:Src/main.c    ****   htim2.Init.Prescaler = 0;
 504              		.loc 1 372 3 is_stmt 1 view .LVU146
 372:Src/main.c    ****   htim2.Init.Prescaler = 0;
 505              		.loc 1 372 18 is_stmt 0 view .LVU147
 506 002c 2548     		ldr	r0, .L47
 507 002e 4FF08042 		mov	r2, #1073741824
 508 0032 0260     		str	r2, [r0]
 373:Src/main.c    ****   htim2.Init.CounterMode = TIM_COUNTERMODE_UP;
 509              		.loc 1 373 3 is_stmt 1 view .LVU148
 373:Src/main.c    ****   htim2.Init.CounterMode = TIM_COUNTERMODE_UP;
 510              		.loc 1 373 24 is_stmt 0 view .LVU149
 511 0034 4360     		str	r3, [r0, #4]
 374:Src/main.c    ****   htim2.Init.Period = 720;
 512              		.loc 1 374 3 is_stmt 1 view .LVU150
 374:Src/main.c    ****   htim2.Init.Period = 720;
 513              		.loc 1 374 26 is_stmt 0 view .LVU151
 514 0036 8360     		str	r3, [r0, #8]
 375:Src/main.c    ****   htim2.Init.ClockDivision = TIM_CLOCKDIVISION_DIV1;
 515              		.loc 1 375 3 is_stmt 1 view .LVU152
 375:Src/main.c    ****   htim2.Init.ClockDivision = TIM_CLOCKDIVISION_DIV1;
 516              		.loc 1 375 21 is_stmt 0 view .LVU153
 517 0038 4FF43472 		mov	r2, #720
 518 003c C260     		str	r2, [r0, #12]
 376:Src/main.c    ****   htim2.Init.AutoReloadPreload = TIM_AUTORELOAD_PRELOAD_DISABLE;
 519              		.loc 1 376 3 is_stmt 1 view .LVU154
 376:Src/main.c    ****   htim2.Init.AutoReloadPreload = TIM_AUTORELOAD_PRELOAD_DISABLE;
 520              		.loc 1 376 28 is_stmt 0 view .LVU155
 521 003e 0361     		str	r3, [r0, #16]
 377:Src/main.c    ****   if (HAL_TIM_Base_Init(&htim2) != HAL_OK)
 522              		.loc 1 377 3 is_stmt 1 view .LVU156
 377:Src/main.c    ****   if (HAL_TIM_Base_Init(&htim2) != HAL_OK)
 523              		.loc 1 377 32 is_stmt 0 view .LVU157
 524 0040 8361     		str	r3, [r0, #24]
 378:Src/main.c    ****   {
 525              		.loc 1 378 3 is_stmt 1 view .LVU158
 378:Src/main.c    ****   {
 526              		.loc 1 378 7 is_stmt 0 view .LVU159
 527 0042 FFF7FEFF 		bl	HAL_TIM_Base_Init
 528              	.LVL12:
 378:Src/main.c    ****   {
 529              		.loc 1 378 6 discriminator 1 view .LVU160
 530 0046 0028     		cmp	r0, #0
 531 0048 30D1     		bne	.L41
 382:Src/main.c    ****   if (HAL_TIM_ConfigClockSource(&htim2, &sClockSourceConfig) != HAL_OK)
 532              		.loc 1 382 3 is_stmt 1 view .LVU161
 382:Src/main.c    ****   if (HAL_TIM_ConfigClockSource(&htim2, &sClockSourceConfig) != HAL_OK)
 533              		.loc 1 382 34 is_stmt 0 view .LVU162
 534 004a 4FF48053 		mov	r3, #4096
 535 004e 1093     		str	r3, [sp, #64]
 383:Src/main.c    ****   {
 536              		.loc 1 383 3 is_stmt 1 view .LVU163
 383:Src/main.c    ****   {
ARM GAS  /tmp/cc4w7x71.s 			page 25


 537              		.loc 1 383 7 is_stmt 0 view .LVU164
 538 0050 10A9     		add	r1, sp, #64
 539 0052 1C48     		ldr	r0, .L47
 540 0054 FFF7FEFF 		bl	HAL_TIM_ConfigClockSource
 541              	.LVL13:
 383:Src/main.c    ****   {
 542              		.loc 1 383 6 discriminator 1 view .LVU165
 543 0058 50BB     		cbnz	r0, .L42
 387:Src/main.c    ****   {
 544              		.loc 1 387 3 is_stmt 1 view .LVU166
 387:Src/main.c    ****   {
 545              		.loc 1 387 7 is_stmt 0 view .LVU167
 546 005a 1A48     		ldr	r0, .L47
 547 005c FFF7FEFF 		bl	HAL_TIM_PWM_Init
 548              	.LVL14:
 387:Src/main.c    ****   {
 549              		.loc 1 387 6 discriminator 1 view .LVU168
 550 0060 40BB     		cbnz	r0, .L43
 391:Src/main.c    ****   sClearInputConfig.ClearInputSource = TIM_CLEARINPUTSOURCE_OCREFCLR;
 551              		.loc 1 391 3 is_stmt 1 view .LVU169
 391:Src/main.c    ****   sClearInputConfig.ClearInputSource = TIM_CLEARINPUTSOURCE_OCREFCLR;
 552              		.loc 1 391 37 is_stmt 0 view .LVU170
 553 0062 0123     		movs	r3, #1
 554 0064 0B93     		str	r3, [sp, #44]
 392:Src/main.c    ****   if (HAL_TIM_ConfigOCrefClear(&htim2, &sClearInputConfig, TIM_CHANNEL_1) != HAL_OK)
 555              		.loc 1 392 3 is_stmt 1 view .LVU171
 392:Src/main.c    ****   if (HAL_TIM_ConfigOCrefClear(&htim2, &sClearInputConfig, TIM_CHANNEL_1) != HAL_OK)
 556              		.loc 1 392 38 is_stmt 0 view .LVU172
 557 0066 0223     		movs	r3, #2
 558 0068 0C93     		str	r3, [sp, #48]
 393:Src/main.c    ****   {
 559              		.loc 1 393 3 is_stmt 1 view .LVU173
 393:Src/main.c    ****   {
 560              		.loc 1 393 7 is_stmt 0 view .LVU174
 561 006a 0022     		movs	r2, #0
 562 006c 0BA9     		add	r1, sp, #44
 563 006e 1548     		ldr	r0, .L47
 564 0070 FFF7FEFF 		bl	HAL_TIM_ConfigOCrefClear
 565              	.LVL15:
 393:Src/main.c    ****   {
 566              		.loc 1 393 6 discriminator 1 view .LVU175
 567 0074 00BB     		cbnz	r0, .L44
 397:Src/main.c    ****   sMasterConfig.MasterSlaveMode = TIM_MASTERSLAVEMODE_DISABLE;
 568              		.loc 1 397 3 is_stmt 1 view .LVU176
 397:Src/main.c    ****   sMasterConfig.MasterSlaveMode = TIM_MASTERSLAVEMODE_DISABLE;
 569              		.loc 1 397 37 is_stmt 0 view .LVU177
 570 0076 0023     		movs	r3, #0
 571 0078 0893     		str	r3, [sp, #32]
 398:Src/main.c    ****   if (HAL_TIMEx_MasterConfigSynchronization(&htim2, &sMasterConfig) != HAL_OK)
 572              		.loc 1 398 3 is_stmt 1 view .LVU178
 398:Src/main.c    ****   if (HAL_TIMEx_MasterConfigSynchronization(&htim2, &sMasterConfig) != HAL_OK)
 573              		.loc 1 398 33 is_stmt 0 view .LVU179
 574 007a 0A93     		str	r3, [sp, #40]
 399:Src/main.c    ****   {
 575              		.loc 1 399 3 is_stmt 1 view .LVU180
 399:Src/main.c    ****   {
 576              		.loc 1 399 7 is_stmt 0 view .LVU181
ARM GAS  /tmp/cc4w7x71.s 			page 26


 577 007c 08A9     		add	r1, sp, #32
 578 007e 1148     		ldr	r0, .L47
 579 0080 FFF7FEFF 		bl	HAL_TIMEx_MasterConfigSynchronization
 580              	.LVL16:
 399:Src/main.c    ****   {
 581              		.loc 1 399 6 discriminator 1 view .LVU182
 582 0084 D0B9     		cbnz	r0, .L45
 403:Src/main.c    ****   sConfigOC.Pulse = 360;
 583              		.loc 1 403 3 is_stmt 1 view .LVU183
 403:Src/main.c    ****   sConfigOC.Pulse = 360;
 584              		.loc 1 403 20 is_stmt 0 view .LVU184
 585 0086 6023     		movs	r3, #96
 586 0088 0193     		str	r3, [sp, #4]
 404:Src/main.c    ****   sConfigOC.OCPolarity = TIM_OCPOLARITY_HIGH;
 587              		.loc 1 404 3 is_stmt 1 view .LVU185
 404:Src/main.c    ****   sConfigOC.OCPolarity = TIM_OCPOLARITY_HIGH;
 588              		.loc 1 404 19 is_stmt 0 view .LVU186
 589 008a 4FF4B473 		mov	r3, #360
 590 008e 0293     		str	r3, [sp, #8]
 405:Src/main.c    ****   sConfigOC.OCFastMode = TIM_OCFAST_DISABLE;
 591              		.loc 1 405 3 is_stmt 1 view .LVU187
 405:Src/main.c    ****   sConfigOC.OCFastMode = TIM_OCFAST_DISABLE;
 592              		.loc 1 405 24 is_stmt 0 view .LVU188
 593 0090 0022     		movs	r2, #0
 594 0092 0392     		str	r2, [sp, #12]
 406:Src/main.c    ****   if (HAL_TIM_PWM_ConfigChannel(&htim2, &sConfigOC, TIM_CHANNEL_1) != HAL_OK)
 595              		.loc 1 406 3 is_stmt 1 view .LVU189
 406:Src/main.c    ****   if (HAL_TIM_PWM_ConfigChannel(&htim2, &sConfigOC, TIM_CHANNEL_1) != HAL_OK)
 596              		.loc 1 406 24 is_stmt 0 view .LVU190
 597 0094 0592     		str	r2, [sp, #20]
 407:Src/main.c    ****   {
 598              		.loc 1 407 3 is_stmt 1 view .LVU191
 407:Src/main.c    ****   {
 599              		.loc 1 407 7 is_stmt 0 view .LVU192
 600 0096 01A9     		add	r1, sp, #4
 601 0098 0A48     		ldr	r0, .L47
 602 009a FFF7FEFF 		bl	HAL_TIM_PWM_ConfigChannel
 603              	.LVL17:
 407:Src/main.c    ****   {
 604              		.loc 1 407 6 discriminator 1 view .LVU193
 605 009e 78B9     		cbnz	r0, .L46
 414:Src/main.c    **** 
 606              		.loc 1 414 3 is_stmt 1 view .LVU194
 607 00a0 0848     		ldr	r0, .L47
 608 00a2 FFF7FEFF 		bl	HAL_TIM_MspPostInit
 609              	.LVL18:
 416:Src/main.c    **** 
 610              		.loc 1 416 1 is_stmt 0 view .LVU195
 611 00a6 15B0     		add	sp, sp, #84
 612              		.cfi_remember_state
 613              		.cfi_def_cfa_offset 4
 614              		@ sp needed
 615 00a8 5DF804FB 		ldr	pc, [sp], #4
 616              	.L41:
 617              		.cfi_restore_state
 380:Src/main.c    ****   }
 618              		.loc 1 380 5 is_stmt 1 view .LVU196
ARM GAS  /tmp/cc4w7x71.s 			page 27


 619 00ac FFF7FEFF 		bl	Error_Handler
 620              	.LVL19:
 621              	.L42:
 385:Src/main.c    ****   }
 622              		.loc 1 385 5 view .LVU197
 623 00b0 FFF7FEFF 		bl	Error_Handler
 624              	.LVL20:
 625              	.L43:
 389:Src/main.c    ****   }
 626              		.loc 1 389 5 view .LVU198
 627 00b4 FFF7FEFF 		bl	Error_Handler
 628              	.LVL21:
 629              	.L44:
 395:Src/main.c    ****   }
 630              		.loc 1 395 5 view .LVU199
 631 00b8 FFF7FEFF 		bl	Error_Handler
 632              	.LVL22:
 633              	.L45:
 401:Src/main.c    ****   }
 634              		.loc 1 401 5 view .LVU200
 635 00bc FFF7FEFF 		bl	Error_Handler
 636              	.LVL23:
 637              	.L46:
 409:Src/main.c    ****   }
 638              		.loc 1 409 5 view .LVU201
 639 00c0 FFF7FEFF 		bl	Error_Handler
 640              	.LVL24:
 641              	.L48:
 642              		.align	2
 643              	.L47:
 644 00c4 00000000 		.word	htim2
 645              		.cfi_endproc
 646              	.LFE136:
 648              		.section	.text.MX_DAC1_Init,"ax",%progbits
 649              		.align	1
 650              		.syntax unified
 651              		.thumb
 652              		.thumb_func
 654              	MX_DAC1_Init:
 655              	.LFB135:
 318:Src/main.c    **** 
 656              		.loc 1 318 1 view -0
 657              		.cfi_startproc
 658              		@ args = 0, pretend = 0, frame = 16
 659              		@ frame_needed = 0, uses_anonymous_args = 0
 660 0000 00B5     		push	{lr}
 661              		.cfi_def_cfa_offset 4
 662              		.cfi_offset 14, -4
 663 0002 85B0     		sub	sp, sp, #20
 664              		.cfi_def_cfa_offset 24
 324:Src/main.c    **** 
 665              		.loc 1 324 3 view .LVU203
 324:Src/main.c    **** 
 666              		.loc 1 324 26 is_stmt 0 view .LVU204
 667 0004 0023     		movs	r3, #0
 668 0006 0193     		str	r3, [sp, #4]
 669 0008 0293     		str	r3, [sp, #8]
ARM GAS  /tmp/cc4w7x71.s 			page 28


 670 000a 0393     		str	r3, [sp, #12]
 332:Src/main.c    ****   if (HAL_DAC_Init(&hdac1) != HAL_OK)
 671              		.loc 1 332 3 is_stmt 1 view .LVU205
 332:Src/main.c    ****   if (HAL_DAC_Init(&hdac1) != HAL_OK)
 672              		.loc 1 332 18 is_stmt 0 view .LVU206
 673 000c 0A48     		ldr	r0, .L55
 674 000e 0B4B     		ldr	r3, .L55+4
 675 0010 0360     		str	r3, [r0]
 333:Src/main.c    ****   {
 676              		.loc 1 333 3 is_stmt 1 view .LVU207
 333:Src/main.c    ****   {
 677              		.loc 1 333 7 is_stmt 0 view .LVU208
 678 0012 FFF7FEFF 		bl	HAL_DAC_Init
 679              	.LVL25:
 333:Src/main.c    ****   {
 680              		.loc 1 333 6 discriminator 1 view .LVU209
 681 0016 50B9     		cbnz	r0, .L53
 340:Src/main.c    ****   sConfig.DAC_OutputBuffer = DAC_OUTPUTBUFFER_ENABLE;
 682              		.loc 1 340 3 is_stmt 1 view .LVU210
 340:Src/main.c    ****   sConfig.DAC_OutputBuffer = DAC_OUTPUTBUFFER_ENABLE;
 683              		.loc 1 340 23 is_stmt 0 view .LVU211
 684 0018 0022     		movs	r2, #0
 685 001a 0192     		str	r2, [sp, #4]
 341:Src/main.c    ****   if (HAL_DAC_ConfigChannel(&hdac1, &sConfig, DAC_CHANNEL_1) != HAL_OK)
 686              		.loc 1 341 3 is_stmt 1 view .LVU212
 341:Src/main.c    ****   if (HAL_DAC_ConfigChannel(&hdac1, &sConfig, DAC_CHANNEL_1) != HAL_OK)
 687              		.loc 1 341 28 is_stmt 0 view .LVU213
 688 001c 0292     		str	r2, [sp, #8]
 342:Src/main.c    ****   {
 689              		.loc 1 342 3 is_stmt 1 view .LVU214
 342:Src/main.c    ****   {
 690              		.loc 1 342 7 is_stmt 0 view .LVU215
 691 001e 01A9     		add	r1, sp, #4
 692 0020 0548     		ldr	r0, .L55
 693 0022 FFF7FEFF 		bl	HAL_DAC_ConfigChannel
 694              	.LVL26:
 342:Src/main.c    ****   {
 695              		.loc 1 342 6 discriminator 1 view .LVU216
 696 0026 20B9     		cbnz	r0, .L54
 350:Src/main.c    **** 
 697              		.loc 1 350 1 view .LVU217
 698 0028 05B0     		add	sp, sp, #20
 699              		.cfi_remember_state
 700              		.cfi_def_cfa_offset 4
 701              		@ sp needed
 702 002a 5DF804FB 		ldr	pc, [sp], #4
 703              	.L53:
 704              		.cfi_restore_state
 335:Src/main.c    ****   }
 705              		.loc 1 335 5 is_stmt 1 view .LVU218
 706 002e FFF7FEFF 		bl	Error_Handler
 707              	.LVL27:
 708              	.L54:
 344:Src/main.c    ****   }
 709              		.loc 1 344 5 view .LVU219
 710 0032 FFF7FEFF 		bl	Error_Handler
 711              	.LVL28:
ARM GAS  /tmp/cc4w7x71.s 			page 29


 712              	.L56:
 713 0036 00BF     		.align	2
 714              	.L55:
 715 0038 00000000 		.word	hdac1
 716 003c 00740040 		.word	1073771520
 717              		.cfi_endproc
 718              	.LFE135:
 720              		.section	.text.MX_TIM3_Init,"ax",%progbits
 721              		.align	1
 722              		.syntax unified
 723              		.thumb
 724              		.thumb_func
 726              	MX_TIM3_Init:
 727              	.LFB137:
 424:Src/main.c    **** 
 728              		.loc 1 424 1 view -0
 729              		.cfi_startproc
 730              		@ args = 0, pretend = 0, frame = 56
 731              		@ frame_needed = 0, uses_anonymous_args = 0
 732 0000 00B5     		push	{lr}
 733              		.cfi_def_cfa_offset 4
 734              		.cfi_offset 14, -4
 735 0002 8FB0     		sub	sp, sp, #60
 736              		.cfi_def_cfa_offset 64
 430:Src/main.c    ****   TIM_MasterConfigTypeDef sMasterConfig = {0};
 737              		.loc 1 430 3 view .LVU221
 430:Src/main.c    ****   TIM_MasterConfigTypeDef sMasterConfig = {0};
 738              		.loc 1 430 26 is_stmt 0 view .LVU222
 739 0004 0023     		movs	r3, #0
 740 0006 0A93     		str	r3, [sp, #40]
 741 0008 0B93     		str	r3, [sp, #44]
 742 000a 0C93     		str	r3, [sp, #48]
 743 000c 0D93     		str	r3, [sp, #52]
 431:Src/main.c    ****   TIM_OC_InitTypeDef sConfigOC = {0};
 744              		.loc 1 431 3 is_stmt 1 view .LVU223
 431:Src/main.c    ****   TIM_OC_InitTypeDef sConfigOC = {0};
 745              		.loc 1 431 27 is_stmt 0 view .LVU224
 746 000e 0793     		str	r3, [sp, #28]
 747 0010 0893     		str	r3, [sp, #32]
 748 0012 0993     		str	r3, [sp, #36]
 432:Src/main.c    **** 
 749              		.loc 1 432 3 is_stmt 1 view .LVU225
 432:Src/main.c    **** 
 750              		.loc 1 432 22 is_stmt 0 view .LVU226
 751 0014 0093     		str	r3, [sp]
 752 0016 0193     		str	r3, [sp, #4]
 753 0018 0293     		str	r3, [sp, #8]
 754 001a 0393     		str	r3, [sp, #12]
 755 001c 0493     		str	r3, [sp, #16]
 756 001e 0593     		str	r3, [sp, #20]
 757 0020 0693     		str	r3, [sp, #24]
 437:Src/main.c    ****   htim3.Init.Prescaler = 0;
 758              		.loc 1 437 3 is_stmt 1 view .LVU227
 437:Src/main.c    ****   htim3.Init.Prescaler = 0;
 759              		.loc 1 437 18 is_stmt 0 view .LVU228
 760 0022 1E48     		ldr	r0, .L69
 761 0024 1E4A     		ldr	r2, .L69+4
ARM GAS  /tmp/cc4w7x71.s 			page 30


 762 0026 0260     		str	r2, [r0]
 438:Src/main.c    ****   htim3.Init.CounterMode = TIM_COUNTERMODE_UP;
 763              		.loc 1 438 3 is_stmt 1 view .LVU229
 438:Src/main.c    ****   htim3.Init.CounterMode = TIM_COUNTERMODE_UP;
 764              		.loc 1 438 24 is_stmt 0 view .LVU230
 765 0028 4360     		str	r3, [r0, #4]
 439:Src/main.c    ****   htim3.Init.Period = 65535;
 766              		.loc 1 439 3 is_stmt 1 view .LVU231
 439:Src/main.c    ****   htim3.Init.Period = 65535;
 767              		.loc 1 439 26 is_stmt 0 view .LVU232
 768 002a 8360     		str	r3, [r0, #8]
 440:Src/main.c    ****   htim3.Init.ClockDivision = TIM_CLOCKDIVISION_DIV1;
 769              		.loc 1 440 3 is_stmt 1 view .LVU233
 440:Src/main.c    ****   htim3.Init.ClockDivision = TIM_CLOCKDIVISION_DIV1;
 770              		.loc 1 440 21 is_stmt 0 view .LVU234
 771 002c 4FF6FF72 		movw	r2, #65535
 772 0030 C260     		str	r2, [r0, #12]
 441:Src/main.c    ****   htim3.Init.AutoReloadPreload = TIM_AUTORELOAD_PRELOAD_DISABLE;
 773              		.loc 1 441 3 is_stmt 1 view .LVU235
 441:Src/main.c    ****   htim3.Init.AutoReloadPreload = TIM_AUTORELOAD_PRELOAD_DISABLE;
 774              		.loc 1 441 28 is_stmt 0 view .LVU236
 775 0032 0361     		str	r3, [r0, #16]
 442:Src/main.c    ****   if (HAL_TIM_Base_Init(&htim3) != HAL_OK)
 776              		.loc 1 442 3 is_stmt 1 view .LVU237
 442:Src/main.c    ****   if (HAL_TIM_Base_Init(&htim3) != HAL_OK)
 777              		.loc 1 442 32 is_stmt 0 view .LVU238
 778 0034 8361     		str	r3, [r0, #24]
 443:Src/main.c    ****   {
 779              		.loc 1 443 3 is_stmt 1 view .LVU239
 443:Src/main.c    ****   {
 780              		.loc 1 443 7 is_stmt 0 view .LVU240
 781 0036 FFF7FEFF 		bl	HAL_TIM_Base_Init
 782              	.LVL29:
 443:Src/main.c    ****   {
 783              		.loc 1 443 6 discriminator 1 view .LVU241
 784 003a 20BB     		cbnz	r0, .L64
 447:Src/main.c    ****   if (HAL_TIM_ConfigClockSource(&htim3, &sClockSourceConfig) != HAL_OK)
 785              		.loc 1 447 3 is_stmt 1 view .LVU242
 447:Src/main.c    ****   if (HAL_TIM_ConfigClockSource(&htim3, &sClockSourceConfig) != HAL_OK)
 786              		.loc 1 447 34 is_stmt 0 view .LVU243
 787 003c 4FF48053 		mov	r3, #4096
 788 0040 0A93     		str	r3, [sp, #40]
 448:Src/main.c    ****   {
 789              		.loc 1 448 3 is_stmt 1 view .LVU244
 448:Src/main.c    ****   {
 790              		.loc 1 448 7 is_stmt 0 view .LVU245
 791 0042 0AA9     		add	r1, sp, #40
 792 0044 1548     		ldr	r0, .L69
 793 0046 FFF7FEFF 		bl	HAL_TIM_ConfigClockSource
 794              	.LVL30:
 448:Src/main.c    ****   {
 795              		.loc 1 448 6 discriminator 1 view .LVU246
 796 004a F0B9     		cbnz	r0, .L65
 452:Src/main.c    ****   {
 797              		.loc 1 452 3 is_stmt 1 view .LVU247
 452:Src/main.c    ****   {
 798              		.loc 1 452 7 is_stmt 0 view .LVU248
ARM GAS  /tmp/cc4w7x71.s 			page 31


 799 004c 1348     		ldr	r0, .L69
 800 004e FFF7FEFF 		bl	HAL_TIM_OC_Init
 801              	.LVL31:
 452:Src/main.c    ****   {
 802              		.loc 1 452 6 discriminator 1 view .LVU249
 803 0052 E0B9     		cbnz	r0, .L66
 456:Src/main.c    ****   sMasterConfig.MasterSlaveMode = TIM_MASTERSLAVEMODE_DISABLE;
 804              		.loc 1 456 3 is_stmt 1 view .LVU250
 456:Src/main.c    ****   sMasterConfig.MasterSlaveMode = TIM_MASTERSLAVEMODE_DISABLE;
 805              		.loc 1 456 37 is_stmt 0 view .LVU251
 806 0054 0023     		movs	r3, #0
 807 0056 0793     		str	r3, [sp, #28]
 457:Src/main.c    ****   if (HAL_TIMEx_MasterConfigSynchronization(&htim3, &sMasterConfig) != HAL_OK)
 808              		.loc 1 457 3 is_stmt 1 view .LVU252
 457:Src/main.c    ****   if (HAL_TIMEx_MasterConfigSynchronization(&htim3, &sMasterConfig) != HAL_OK)
 809              		.loc 1 457 33 is_stmt 0 view .LVU253
 810 0058 0993     		str	r3, [sp, #36]
 458:Src/main.c    ****   {
 811              		.loc 1 458 3 is_stmt 1 view .LVU254
 458:Src/main.c    ****   {
 812              		.loc 1 458 7 is_stmt 0 view .LVU255
 813 005a 07A9     		add	r1, sp, #28
 814 005c 0F48     		ldr	r0, .L69
 815 005e FFF7FEFF 		bl	HAL_TIMEx_MasterConfigSynchronization
 816              	.LVL32:
 458:Src/main.c    ****   {
 817              		.loc 1 458 6 discriminator 1 view .LVU256
 818 0062 B0B9     		cbnz	r0, .L67
 462:Src/main.c    ****   sConfigOC.Pulse = 0;
 819              		.loc 1 462 3 is_stmt 1 view .LVU257
 462:Src/main.c    ****   sConfigOC.Pulse = 0;
 820              		.loc 1 462 20 is_stmt 0 view .LVU258
 821 0064 3023     		movs	r3, #48
 822 0066 0093     		str	r3, [sp]
 463:Src/main.c    ****   sConfigOC.OCPolarity = TIM_OCPOLARITY_HIGH;
 823              		.loc 1 463 3 is_stmt 1 view .LVU259
 463:Src/main.c    ****   sConfigOC.OCPolarity = TIM_OCPOLARITY_HIGH;
 824              		.loc 1 463 19 is_stmt 0 view .LVU260
 825 0068 0022     		movs	r2, #0
 826 006a 0192     		str	r2, [sp, #4]
 464:Src/main.c    ****   sConfigOC.OCFastMode = TIM_OCFAST_DISABLE;
 827              		.loc 1 464 3 is_stmt 1 view .LVU261
 464:Src/main.c    ****   sConfigOC.OCFastMode = TIM_OCFAST_DISABLE;
 828              		.loc 1 464 24 is_stmt 0 view .LVU262
 829 006c 0292     		str	r2, [sp, #8]
 465:Src/main.c    ****   if (HAL_TIM_OC_ConfigChannel(&htim3, &sConfigOC, TIM_CHANNEL_1) != HAL_OK)
 830              		.loc 1 465 3 is_stmt 1 view .LVU263
 465:Src/main.c    ****   if (HAL_TIM_OC_ConfigChannel(&htim3, &sConfigOC, TIM_CHANNEL_1) != HAL_OK)
 831              		.loc 1 465 24 is_stmt 0 view .LVU264
 832 006e 0492     		str	r2, [sp, #16]
 466:Src/main.c    ****   {
 833              		.loc 1 466 3 is_stmt 1 view .LVU265
 466:Src/main.c    ****   {
 834              		.loc 1 466 7 is_stmt 0 view .LVU266
 835 0070 6946     		mov	r1, sp
 836 0072 0A48     		ldr	r0, .L69
 837 0074 FFF7FEFF 		bl	HAL_TIM_OC_ConfigChannel
ARM GAS  /tmp/cc4w7x71.s 			page 32


 838              	.LVL33:
 466:Src/main.c    ****   {
 839              		.loc 1 466 6 discriminator 1 view .LVU267
 840 0078 68B9     		cbnz	r0, .L68
 473:Src/main.c    **** 
 841              		.loc 1 473 3 is_stmt 1 view .LVU268
 842 007a 0848     		ldr	r0, .L69
 843 007c FFF7FEFF 		bl	HAL_TIM_MspPostInit
 844              	.LVL34:
 475:Src/main.c    **** 
 845              		.loc 1 475 1 is_stmt 0 view .LVU269
 846 0080 0FB0     		add	sp, sp, #60
 847              		.cfi_remember_state
 848              		.cfi_def_cfa_offset 4
 849              		@ sp needed
 850 0082 5DF804FB 		ldr	pc, [sp], #4
 851              	.L64:
 852              		.cfi_restore_state
 445:Src/main.c    ****   }
 853              		.loc 1 445 5 is_stmt 1 view .LVU270
 854 0086 FFF7FEFF 		bl	Error_Handler
 855              	.LVL35:
 856              	.L65:
 450:Src/main.c    ****   }
 857              		.loc 1 450 5 view .LVU271
 858 008a FFF7FEFF 		bl	Error_Handler
 859              	.LVL36:
 860              	.L66:
 454:Src/main.c    ****   }
 861              		.loc 1 454 5 view .LVU272
 862 008e FFF7FEFF 		bl	Error_Handler
 863              	.LVL37:
 864              	.L67:
 460:Src/main.c    ****   }
 865              		.loc 1 460 5 view .LVU273
 866 0092 FFF7FEFF 		bl	Error_Handler
 867              	.LVL38:
 868              	.L68:
 468:Src/main.c    ****   }
 869              		.loc 1 468 5 view .LVU274
 870 0096 FFF7FEFF 		bl	Error_Handler
 871              	.LVL39:
 872              	.L70:
 873 009a 00BF     		.align	2
 874              	.L69:
 875 009c 00000000 		.word	htim3
 876 00a0 00040040 		.word	1073742848
 877              		.cfi_endproc
 878              	.LFE137:
 880              		.section	.text.MX_USART1_UART_Init,"ax",%progbits
 881              		.align	1
 882              		.syntax unified
 883              		.thumb
 884              		.thumb_func
 886              	MX_USART1_UART_Init:
 887              	.LFB138:
 483:Src/main.c    **** 
ARM GAS  /tmp/cc4w7x71.s 			page 33


 888              		.loc 1 483 1 view -0
 889              		.cfi_startproc
 890              		@ args = 0, pretend = 0, frame = 0
 891              		@ frame_needed = 0, uses_anonymous_args = 0
 892 0000 08B5     		push	{r3, lr}
 893              		.cfi_def_cfa_offset 8
 894              		.cfi_offset 3, -8
 895              		.cfi_offset 14, -4
 492:Src/main.c    ****   huart1.Init.BaudRate = 115200;
 896              		.loc 1 492 3 view .LVU276
 492:Src/main.c    ****   huart1.Init.BaudRate = 115200;
 897              		.loc 1 492 19 is_stmt 0 view .LVU277
 898 0002 0B48     		ldr	r0, .L75
 899 0004 0B4B     		ldr	r3, .L75+4
 900 0006 0360     		str	r3, [r0]
 493:Src/main.c    ****   huart1.Init.WordLength = UART_WORDLENGTH_8B;
 901              		.loc 1 493 3 is_stmt 1 view .LVU278
 493:Src/main.c    ****   huart1.Init.WordLength = UART_WORDLENGTH_8B;
 902              		.loc 1 493 24 is_stmt 0 view .LVU279
 903 0008 4FF4E133 		mov	r3, #115200
 904 000c 4360     		str	r3, [r0, #4]
 494:Src/main.c    ****   huart1.Init.StopBits = UART_STOPBITS_1;
 905              		.loc 1 494 3 is_stmt 1 view .LVU280
 494:Src/main.c    ****   huart1.Init.StopBits = UART_STOPBITS_1;
 906              		.loc 1 494 26 is_stmt 0 view .LVU281
 907 000e 0023     		movs	r3, #0
 908 0010 8360     		str	r3, [r0, #8]
 495:Src/main.c    ****   huart1.Init.Parity = UART_PARITY_NONE;
 909              		.loc 1 495 3 is_stmt 1 view .LVU282
 495:Src/main.c    ****   huart1.Init.Parity = UART_PARITY_NONE;
 910              		.loc 1 495 24 is_stmt 0 view .LVU283
 911 0012 C360     		str	r3, [r0, #12]
 496:Src/main.c    ****   huart1.Init.Mode = UART_MODE_TX_RX;
 912              		.loc 1 496 3 is_stmt 1 view .LVU284
 496:Src/main.c    ****   huart1.Init.Mode = UART_MODE_TX_RX;
 913              		.loc 1 496 22 is_stmt 0 view .LVU285
 914 0014 0361     		str	r3, [r0, #16]
 497:Src/main.c    ****   huart1.Init.HwFlowCtl = UART_HWCONTROL_NONE;
 915              		.loc 1 497 3 is_stmt 1 view .LVU286
 497:Src/main.c    ****   huart1.Init.HwFlowCtl = UART_HWCONTROL_NONE;
 916              		.loc 1 497 20 is_stmt 0 view .LVU287
 917 0016 0C22     		movs	r2, #12
 918 0018 4261     		str	r2, [r0, #20]
 498:Src/main.c    ****   huart1.Init.OverSampling = UART_OVERSAMPLING_16;
 919              		.loc 1 498 3 is_stmt 1 view .LVU288
 498:Src/main.c    ****   huart1.Init.OverSampling = UART_OVERSAMPLING_16;
 920              		.loc 1 498 25 is_stmt 0 view .LVU289
 921 001a 8361     		str	r3, [r0, #24]
 499:Src/main.c    ****   huart1.Init.OneBitSampling = UART_ONE_BIT_SAMPLE_DISABLE;
 922              		.loc 1 499 3 is_stmt 1 view .LVU290
 499:Src/main.c    ****   huart1.Init.OneBitSampling = UART_ONE_BIT_SAMPLE_DISABLE;
 923              		.loc 1 499 28 is_stmt 0 view .LVU291
 924 001c C361     		str	r3, [r0, #28]
 500:Src/main.c    ****   huart1.AdvancedInit.AdvFeatureInit = UART_ADVFEATURE_NO_INIT;
 925              		.loc 1 500 3 is_stmt 1 view .LVU292
 500:Src/main.c    ****   huart1.AdvancedInit.AdvFeatureInit = UART_ADVFEATURE_NO_INIT;
 926              		.loc 1 500 30 is_stmt 0 view .LVU293
ARM GAS  /tmp/cc4w7x71.s 			page 34


 927 001e 0362     		str	r3, [r0, #32]
 501:Src/main.c    ****   if (HAL_UART_Init(&huart1) != HAL_OK)
 928              		.loc 1 501 3 is_stmt 1 view .LVU294
 501:Src/main.c    ****   if (HAL_UART_Init(&huart1) != HAL_OK)
 929              		.loc 1 501 38 is_stmt 0 view .LVU295
 930 0020 4362     		str	r3, [r0, #36]
 502:Src/main.c    ****   {
 931              		.loc 1 502 3 is_stmt 1 view .LVU296
 502:Src/main.c    ****   {
 932              		.loc 1 502 7 is_stmt 0 view .LVU297
 933 0022 FFF7FEFF 		bl	HAL_UART_Init
 934              	.LVL40:
 502:Src/main.c    ****   {
 935              		.loc 1 502 6 discriminator 1 view .LVU298
 936 0026 00B9     		cbnz	r0, .L74
 510:Src/main.c    **** 
 937              		.loc 1 510 1 view .LVU299
 938 0028 08BD     		pop	{r3, pc}
 939              	.L74:
 504:Src/main.c    ****   }
 940              		.loc 1 504 5 is_stmt 1 view .LVU300
 941 002a FFF7FEFF 		bl	Error_Handler
 942              	.LVL41:
 943              	.L76:
 944 002e 00BF     		.align	2
 945              	.L75:
 946 0030 00000000 		.word	huart1
 947 0034 00380140 		.word	1073821696
 948              		.cfi_endproc
 949              	.LFE138:
 951              		.section	.text.SystemClock_Config,"ax",%progbits
 952              		.align	1
 953              		.global	SystemClock_Config
 954              		.syntax unified
 955              		.thumb
 956              		.thumb_func
 958              	SystemClock_Config:
 959              	.LFB131:
 137:Src/main.c    ****   RCC_OscInitTypeDef RCC_OscInitStruct = {0};
 960              		.loc 1 137 1 view -0
 961              		.cfi_startproc
 962              		@ args = 0, pretend = 0, frame = 152
 963              		@ frame_needed = 0, uses_anonymous_args = 0
 964 0000 10B5     		push	{r4, lr}
 965              		.cfi_def_cfa_offset 8
 966              		.cfi_offset 4, -8
 967              		.cfi_offset 14, -4
 968 0002 A6B0     		sub	sp, sp, #152
 969              		.cfi_def_cfa_offset 160
 138:Src/main.c    ****   RCC_ClkInitTypeDef RCC_ClkInitStruct = {0};
 970              		.loc 1 138 3 view .LVU302
 138:Src/main.c    ****   RCC_ClkInitTypeDef RCC_ClkInitStruct = {0};
 971              		.loc 1 138 22 is_stmt 0 view .LVU303
 972 0004 1CAC     		add	r4, sp, #112
 973 0006 2822     		movs	r2, #40
 974 0008 0021     		movs	r1, #0
 975 000a 2046     		mov	r0, r4
ARM GAS  /tmp/cc4w7x71.s 			page 35


 976 000c FFF7FEFF 		bl	memset
 977              	.LVL42:
 139:Src/main.c    ****   RCC_PeriphCLKInitTypeDef PeriphClkInit = {0};
 978              		.loc 1 139 3 is_stmt 1 view .LVU304
 139:Src/main.c    ****   RCC_PeriphCLKInitTypeDef PeriphClkInit = {0};
 979              		.loc 1 139 22 is_stmt 0 view .LVU305
 980 0010 0021     		movs	r1, #0
 981 0012 1791     		str	r1, [sp, #92]
 982 0014 1891     		str	r1, [sp, #96]
 983 0016 1991     		str	r1, [sp, #100]
 984 0018 1A91     		str	r1, [sp, #104]
 985 001a 1B91     		str	r1, [sp, #108]
 140:Src/main.c    **** 
 986              		.loc 1 140 3 is_stmt 1 view .LVU306
 140:Src/main.c    **** 
 987              		.loc 1 140 28 is_stmt 0 view .LVU307
 988 001c 5822     		movs	r2, #88
 989 001e 01A8     		add	r0, sp, #4
 990 0020 FFF7FEFF 		bl	memset
 991              	.LVL43:
 145:Src/main.c    ****   RCC_OscInitStruct.HSIState = RCC_HSI_ON;
 992              		.loc 1 145 3 is_stmt 1 view .LVU308
 145:Src/main.c    ****   RCC_OscInitStruct.HSIState = RCC_HSI_ON;
 993              		.loc 1 145 36 is_stmt 0 view .LVU309
 994 0024 0223     		movs	r3, #2
 995 0026 1C93     		str	r3, [sp, #112]
 146:Src/main.c    ****   RCC_OscInitStruct.HSICalibrationValue = RCC_HSICALIBRATION_DEFAULT;
 996              		.loc 1 146 3 is_stmt 1 view .LVU310
 146:Src/main.c    ****   RCC_OscInitStruct.HSICalibrationValue = RCC_HSICALIBRATION_DEFAULT;
 997              		.loc 1 146 30 is_stmt 0 view .LVU311
 998 0028 0122     		movs	r2, #1
 999 002a 1F92     		str	r2, [sp, #124]
 147:Src/main.c    ****   RCC_OscInitStruct.PLL.PLLState = RCC_PLL_ON;
 1000              		.loc 1 147 3 is_stmt 1 view .LVU312
 147:Src/main.c    ****   RCC_OscInitStruct.PLL.PLLState = RCC_PLL_ON;
 1001              		.loc 1 147 41 is_stmt 0 view .LVU313
 1002 002c 1022     		movs	r2, #16
 1003 002e 2092     		str	r2, [sp, #128]
 148:Src/main.c    ****   RCC_OscInitStruct.PLL.PLLSource = RCC_PLLSOURCE_HSI;
 1004              		.loc 1 148 3 is_stmt 1 view .LVU314
 148:Src/main.c    ****   RCC_OscInitStruct.PLL.PLLSource = RCC_PLLSOURCE_HSI;
 1005              		.loc 1 148 34 is_stmt 0 view .LVU315
 1006 0030 2293     		str	r3, [sp, #136]
 149:Src/main.c    ****   RCC_OscInitStruct.PLL.PLLMUL = RCC_PLL_MUL9;
 1007              		.loc 1 149 3 is_stmt 1 view .LVU316
 149:Src/main.c    ****   RCC_OscInitStruct.PLL.PLLMUL = RCC_PLL_MUL9;
 1008              		.loc 1 149 35 is_stmt 0 view .LVU317
 1009 0032 4FF40043 		mov	r3, #32768
 1010 0036 2393     		str	r3, [sp, #140]
 150:Src/main.c    ****   RCC_OscInitStruct.PLL.PREDIV = RCC_PREDIV_DIV1;
 1011              		.loc 1 150 3 is_stmt 1 view .LVU318
 150:Src/main.c    ****   RCC_OscInitStruct.PLL.PREDIV = RCC_PREDIV_DIV1;
 1012              		.loc 1 150 32 is_stmt 0 view .LVU319
 1013 0038 4FF4E013 		mov	r3, #1835008
 1014 003c 2493     		str	r3, [sp, #144]
 151:Src/main.c    ****   if (HAL_RCC_OscConfig(&RCC_OscInitStruct) != HAL_OK)
 1015              		.loc 1 151 3 is_stmt 1 view .LVU320
ARM GAS  /tmp/cc4w7x71.s 			page 36


 152:Src/main.c    ****   {
 1016              		.loc 1 152 3 view .LVU321
 152:Src/main.c    ****   {
 1017              		.loc 1 152 7 is_stmt 0 view .LVU322
 1018 003e 2046     		mov	r0, r4
 1019 0040 FFF7FEFF 		bl	HAL_RCC_OscConfig
 1020              	.LVL44:
 152:Src/main.c    ****   {
 1021              		.loc 1 152 6 discriminator 1 view .LVU323
 1022 0044 E0B9     		cbnz	r0, .L82
 159:Src/main.c    ****                               |RCC_CLOCKTYPE_PCLK1|RCC_CLOCKTYPE_PCLK2;
 1023              		.loc 1 159 3 is_stmt 1 view .LVU324
 159:Src/main.c    ****                               |RCC_CLOCKTYPE_PCLK1|RCC_CLOCKTYPE_PCLK2;
 1024              		.loc 1 159 31 is_stmt 0 view .LVU325
 1025 0046 0F23     		movs	r3, #15
 1026 0048 1793     		str	r3, [sp, #92]
 161:Src/main.c    ****   RCC_ClkInitStruct.AHBCLKDivider = RCC_SYSCLK_DIV1;
 1027              		.loc 1 161 3 is_stmt 1 view .LVU326
 161:Src/main.c    ****   RCC_ClkInitStruct.AHBCLKDivider = RCC_SYSCLK_DIV1;
 1028              		.loc 1 161 34 is_stmt 0 view .LVU327
 1029 004a 0221     		movs	r1, #2
 1030 004c 1891     		str	r1, [sp, #96]
 162:Src/main.c    ****   RCC_ClkInitStruct.APB1CLKDivider = RCC_HCLK_DIV2;
 1031              		.loc 1 162 3 is_stmt 1 view .LVU328
 162:Src/main.c    ****   RCC_ClkInitStruct.APB1CLKDivider = RCC_HCLK_DIV2;
 1032              		.loc 1 162 35 is_stmt 0 view .LVU329
 1033 004e 0023     		movs	r3, #0
 1034 0050 1993     		str	r3, [sp, #100]
 163:Src/main.c    ****   RCC_ClkInitStruct.APB2CLKDivider = RCC_HCLK_DIV1;
 1035              		.loc 1 163 3 is_stmt 1 view .LVU330
 163:Src/main.c    ****   RCC_ClkInitStruct.APB2CLKDivider = RCC_HCLK_DIV1;
 1036              		.loc 1 163 36 is_stmt 0 view .LVU331
 1037 0052 4FF48062 		mov	r2, #1024
 1038 0056 1A92     		str	r2, [sp, #104]
 164:Src/main.c    **** 
 1039              		.loc 1 164 3 is_stmt 1 view .LVU332
 164:Src/main.c    **** 
 1040              		.loc 1 164 36 is_stmt 0 view .LVU333
 1041 0058 1B93     		str	r3, [sp, #108]
 166:Src/main.c    ****   {
 1042              		.loc 1 166 3 is_stmt 1 view .LVU334
 166:Src/main.c    ****   {
 1043              		.loc 1 166 7 is_stmt 0 view .LVU335
 1044 005a 17A8     		add	r0, sp, #92
 1045 005c FFF7FEFF 		bl	HAL_RCC_ClockConfig
 1046              	.LVL45:
 166:Src/main.c    ****   {
 1047              		.loc 1 166 6 discriminator 1 view .LVU336
 1048 0060 80B9     		cbnz	r0, .L83
 170:Src/main.c    ****                               |RCC_PERIPHCLK_TIM2|RCC_PERIPHCLK_TIM34;
 1049              		.loc 1 170 3 is_stmt 1 view .LVU337
 170:Src/main.c    ****                               |RCC_PERIPHCLK_TIM2|RCC_PERIPHCLK_TIM34;
 1050              		.loc 1 170 38 is_stmt 0 view .LVU338
 1051 0062 0A4B     		ldr	r3, .L85
 1052 0064 0193     		str	r3, [sp, #4]
 172:Src/main.c    ****   PeriphClkInit.Adc12ClockSelection = RCC_ADC12PLLCLK_DIV1;
 1053              		.loc 1 172 3 is_stmt 1 view .LVU339
ARM GAS  /tmp/cc4w7x71.s 			page 37


 172:Src/main.c    ****   PeriphClkInit.Adc12ClockSelection = RCC_ADC12PLLCLK_DIV1;
 1054              		.loc 1 172 38 is_stmt 0 view .LVU340
 1055 0066 0023     		movs	r3, #0
 1056 0068 0393     		str	r3, [sp, #12]
 173:Src/main.c    ****   PeriphClkInit.Tim2ClockSelection = RCC_TIM2CLK_HCLK;
 1057              		.loc 1 173 3 is_stmt 1 view .LVU341
 173:Src/main.c    ****   PeriphClkInit.Tim2ClockSelection = RCC_TIM2CLK_HCLK;
 1058              		.loc 1 173 37 is_stmt 0 view .LVU342
 1059 006a 4FF48072 		mov	r2, #256
 1060 006e 0B92     		str	r2, [sp, #44]
 174:Src/main.c    ****   PeriphClkInit.Tim34ClockSelection = RCC_TIM34CLK_HCLK;
 1061              		.loc 1 174 3 is_stmt 1 view .LVU343
 174:Src/main.c    ****   PeriphClkInit.Tim34ClockSelection = RCC_TIM34CLK_HCLK;
 1062              		.loc 1 174 36 is_stmt 0 view .LVU344
 1063 0070 0F93     		str	r3, [sp, #60]
 175:Src/main.c    ****   if (HAL_RCCEx_PeriphCLKConfig(&PeriphClkInit) != HAL_OK)
 1064              		.loc 1 175 3 is_stmt 1 view .LVU345
 175:Src/main.c    ****   if (HAL_RCCEx_PeriphCLKConfig(&PeriphClkInit) != HAL_OK)
 1065              		.loc 1 175 37 is_stmt 0 view .LVU346
 1066 0072 1093     		str	r3, [sp, #64]
 176:Src/main.c    ****   {
 1067              		.loc 1 176 3 is_stmt 1 view .LVU347
 176:Src/main.c    ****   {
 1068              		.loc 1 176 7 is_stmt 0 view .LVU348
 1069 0074 01A8     		add	r0, sp, #4
 1070 0076 FFF7FEFF 		bl	HAL_RCCEx_PeriphCLKConfig
 1071              	.LVL46:
 176:Src/main.c    ****   {
 1072              		.loc 1 176 6 discriminator 1 view .LVU349
 1073 007a 28B9     		cbnz	r0, .L84
 180:Src/main.c    **** 
 1074              		.loc 1 180 1 view .LVU350
 1075 007c 26B0     		add	sp, sp, #152
 1076              		.cfi_remember_state
 1077              		.cfi_def_cfa_offset 8
 1078              		@ sp needed
 1079 007e 10BD     		pop	{r4, pc}
 1080              	.L82:
 1081              		.cfi_restore_state
 154:Src/main.c    ****   }
 1082              		.loc 1 154 5 is_stmt 1 view .LVU351
 1083 0080 FFF7FEFF 		bl	Error_Handler
 1084              	.LVL47:
 1085              	.L83:
 168:Src/main.c    ****   }
 1086              		.loc 1 168 5 view .LVU352
 1087 0084 FFF7FEFF 		bl	Error_Handler
 1088              	.LVL48:
 1089              	.L84:
 178:Src/main.c    ****   }
 1090              		.loc 1 178 5 view .LVU353
 1091 0088 FFF7FEFF 		bl	Error_Handler
 1092              	.LVL49:
 1093              	.L86:
 1094              		.align	2
 1095              	.L85:
 1096 008c 81003000 		.word	3145857
ARM GAS  /tmp/cc4w7x71.s 			page 38


 1097              		.cfi_endproc
 1098              	.LFE131:
 1100              		.section	.text.main,"ax",%progbits
 1101              		.align	1
 1102              		.global	main
 1103              		.syntax unified
 1104              		.thumb
 1105              		.thumb_func
 1107              	main:
 1108              	.LFB130:
  85:Src/main.c    **** 
 1109              		.loc 1 85 1 view -0
 1110              		.cfi_startproc
 1111              		@ Volatile: function does not return.
 1112              		@ args = 0, pretend = 0, frame = 0
 1113              		@ frame_needed = 0, uses_anonymous_args = 0
 1114 0000 08B5     		push	{r3, lr}
 1115              		.cfi_def_cfa_offset 8
 1116              		.cfi_offset 3, -8
 1117              		.cfi_offset 14, -4
  94:Src/main.c    **** 
 1118              		.loc 1 94 3 view .LVU355
 1119 0002 FFF7FEFF 		bl	HAL_Init
 1120              	.LVL50:
 101:Src/main.c    **** 
 1121              		.loc 1 101 3 view .LVU356
 1122 0006 FFF7FEFF 		bl	SystemClock_Config
 1123              	.LVL51:
 108:Src/main.c    ****   MX_DMA_Init();
 1124              		.loc 1 108 3 view .LVU357
 1125 000a FFF7FEFF 		bl	MX_GPIO_Init
 1126              	.LVL52:
 109:Src/main.c    ****   MX_ADC1_Init();
 1127              		.loc 1 109 3 view .LVU358
 1128 000e FFF7FEFF 		bl	MX_DMA_Init
 1129              	.LVL53:
 110:Src/main.c    ****   MX_COMP2_Init();
 1130              		.loc 1 110 3 view .LVU359
 1131 0012 FFF7FEFF 		bl	MX_ADC1_Init
 1132              	.LVL54:
 111:Src/main.c    ****   MX_COMP3_Init();
 1133              		.loc 1 111 3 view .LVU360
 1134 0016 FFF7FEFF 		bl	MX_COMP2_Init
 1135              	.LVL55:
 112:Src/main.c    ****   MX_TIM2_Init();
 1136              		.loc 1 112 3 view .LVU361
 1137 001a FFF7FEFF 		bl	MX_COMP3_Init
 1138              	.LVL56:
 113:Src/main.c    ****   MX_DAC1_Init();
 1139              		.loc 1 113 3 view .LVU362
 1140 001e FFF7FEFF 		bl	MX_TIM2_Init
 1141              	.LVL57:
 114:Src/main.c    ****   MX_TIM3_Init();
 1142              		.loc 1 114 3 view .LVU363
 1143 0022 FFF7FEFF 		bl	MX_DAC1_Init
 1144              	.LVL58:
 115:Src/main.c    ****   MX_USART1_UART_Init();
ARM GAS  /tmp/cc4w7x71.s 			page 39


 1145              		.loc 1 115 3 view .LVU364
 1146 0026 FFF7FEFF 		bl	MX_TIM3_Init
 1147              	.LVL59:
 116:Src/main.c    ****   /* USER CODE BEGIN 2 */
 1148              		.loc 1 116 3 view .LVU365
 1149 002a FFF7FEFF 		bl	MX_USART1_UART_Init
 1150              	.LVL60:
 1151              	.L88:
 123:Src/main.c    ****   {
 1152              		.loc 1 123 3 view .LVU366
 128:Src/main.c    ****   /* USER CODE END 3 */
 1153              		.loc 1 128 3 view .LVU367
 123:Src/main.c    ****   {
 1154              		.loc 1 123 9 view .LVU368
 1155 002e FEE7     		b	.L88
 1156              		.cfi_endproc
 1157              	.LFE130:
 1159              		.global	huart1
 1160              		.section	.bss.huart1,"aw",%nobits
 1161              		.align	2
 1164              	huart1:
 1165 0000 00000000 		.space	136
 1165      00000000 
 1165      00000000 
 1165      00000000 
 1165      00000000 
 1166              		.global	hdma_tim3_ch1_trig
 1167              		.section	.bss.hdma_tim3_ch1_trig,"aw",%nobits
 1168              		.align	2
 1171              	hdma_tim3_ch1_trig:
 1172 0000 00000000 		.space	68
 1172      00000000 
 1172      00000000 
 1172      00000000 
 1172      00000000 
 1173              		.global	htim3
 1174              		.section	.bss.htim3,"aw",%nobits
 1175              		.align	2
 1178              	htim3:
 1179 0000 00000000 		.space	76
 1179      00000000 
 1179      00000000 
 1179      00000000 
 1179      00000000 
 1180              		.global	htim2
 1181              		.section	.bss.htim2,"aw",%nobits
 1182              		.align	2
 1185              	htim2:
 1186 0000 00000000 		.space	76
 1186      00000000 
 1186      00000000 
 1186      00000000 
 1186      00000000 
 1187              		.global	hdac1
 1188              		.section	.bss.hdac1,"aw",%nobits
 1189              		.align	2
 1192              	hdac1:
ARM GAS  /tmp/cc4w7x71.s 			page 40


 1193 0000 00000000 		.space	20
 1193      00000000 
 1193      00000000 
 1193      00000000 
 1193      00000000 
 1194              		.global	hcomp3
 1195              		.section	.bss.hcomp3,"aw",%nobits
 1196              		.align	2
 1199              	hcomp3:
 1200 0000 00000000 		.space	48
 1200      00000000 
 1200      00000000 
 1200      00000000 
 1200      00000000 
 1201              		.global	hcomp2
 1202              		.section	.bss.hcomp2,"aw",%nobits
 1203              		.align	2
 1206              	hcomp2:
 1207 0000 00000000 		.space	48
 1207      00000000 
 1207      00000000 
 1207      00000000 
 1207      00000000 
 1208              		.global	hadc1
 1209              		.section	.bss.hadc1,"aw",%nobits
 1210              		.align	2
 1213              	hadc1:
 1214 0000 00000000 		.space	80
 1214      00000000 
 1214      00000000 
 1214      00000000 
 1214      00000000 
 1215              		.text
 1216              	.Letext0:
 1217              		.file 3 "Inc/CMSIS/Device/ST/STM32F3xx/Include/stm32f303xe.h"
 1218              		.file 4 "/usr/arm-none-eabi/include/machine/_default_types.h"
 1219              		.file 5 "/usr/arm-none-eabi/include/sys/_stdint.h"
 1220              		.file 6 "Inc/CMSIS/Device/ST/STM32F3xx/Include/stm32f3xx.h"
 1221              		.file 7 "Inc/STM32F3xx_HAL_Driver/Inc/stm32f3xx_hal_def.h"
 1222              		.file 8 "Inc/STM32F3xx_HAL_Driver/Inc/stm32f3xx_hal_rcc.h"
 1223              		.file 9 "Inc/STM32F3xx_HAL_Driver/Inc/stm32f3xx_hal_rcc_ex.h"
 1224              		.file 10 "Inc/STM32F3xx_HAL_Driver/Inc/stm32f3xx_hal_dma.h"
 1225              		.file 11 "Inc/STM32F3xx_HAL_Driver/Inc/stm32f3xx_hal_adc_ex.h"
 1226              		.file 12 "Inc/STM32F3xx_HAL_Driver/Inc/stm32f3xx_hal_adc.h"
 1227              		.file 13 "Inc/STM32F3xx_HAL_Driver/Inc/stm32f3xx_hal_comp.h"
 1228              		.file 14 "Inc/STM32F3xx_HAL_Driver/Inc/stm32f3xx_hal_dac.h"
 1229              		.file 15 "Inc/STM32F3xx_HAL_Driver/Inc/stm32f3xx_hal_tim.h"
 1230              		.file 16 "Inc/STM32F3xx_HAL_Driver/Inc/stm32f3xx_hal_uart.h"
 1231              		.file 17 "Inc/STM32F3xx_HAL_Driver/Inc/stm32f3xx_hal_tim_ex.h"
 1232              		.file 18 "Inc/main.h"
 1233              		.file 19 "Inc/STM32F3xx_HAL_Driver/Inc/stm32f3xx_hal_cortex.h"
 1234              		.file 20 "Inc/STM32F3xx_HAL_Driver/Inc/stm32f3xx_hal.h"
 1235              		.file 21 "<built-in>"
ARM GAS  /tmp/cc4w7x71.s 			page 41


DEFINED SYMBOLS
                            *ABS*:00000000 main.c
     /tmp/cc4w7x71.s:21     .text.MX_GPIO_Init:00000000 $t
     /tmp/cc4w7x71.s:26     .text.MX_GPIO_Init:00000000 MX_GPIO_Init
     /tmp/cc4w7x71.s:89     .text.MX_GPIO_Init:00000040 $d
     /tmp/cc4w7x71.s:94     .text.MX_DMA_Init:00000000 $t
     /tmp/cc4w7x71.s:99     .text.MX_DMA_Init:00000000 MX_DMA_Init
     /tmp/cc4w7x71.s:144    .text.MX_DMA_Init:00000030 $d
     /tmp/cc4w7x71.s:149    .text.Error_Handler:00000000 $t
     /tmp/cc4w7x71.s:155    .text.Error_Handler:00000000 Error_Handler
     /tmp/cc4w7x71.s:187    .text.MX_ADC1_Init:00000000 $t
     /tmp/cc4w7x71.s:192    .text.MX_ADC1_Init:00000000 MX_ADC1_Init
     /tmp/cc4w7x71.s:331    .text.MX_ADC1_Init:00000084 $d
     /tmp/cc4w7x71.s:1213   .bss.hadc1:00000000 hadc1
     /tmp/cc4w7x71.s:336    .text.MX_COMP2_Init:00000000 $t
     /tmp/cc4w7x71.s:341    .text.MX_COMP2_Init:00000000 MX_COMP2_Init
     /tmp/cc4w7x71.s:392    .text.MX_COMP2_Init:00000028 $d
     /tmp/cc4w7x71.s:1206   .bss.hcomp2:00000000 hcomp2
     /tmp/cc4w7x71.s:398    .text.MX_COMP3_Init:00000000 $t
     /tmp/cc4w7x71.s:403    .text.MX_COMP3_Init:00000000 MX_COMP3_Init
     /tmp/cc4w7x71.s:454    .text.MX_COMP3_Init:00000028 $d
     /tmp/cc4w7x71.s:1199   .bss.hcomp3:00000000 hcomp3
     /tmp/cc4w7x71.s:460    .text.MX_TIM2_Init:00000000 $t
     /tmp/cc4w7x71.s:465    .text.MX_TIM2_Init:00000000 MX_TIM2_Init
     /tmp/cc4w7x71.s:644    .text.MX_TIM2_Init:000000c4 $d
     /tmp/cc4w7x71.s:1185   .bss.htim2:00000000 htim2
     /tmp/cc4w7x71.s:649    .text.MX_DAC1_Init:00000000 $t
     /tmp/cc4w7x71.s:654    .text.MX_DAC1_Init:00000000 MX_DAC1_Init
     /tmp/cc4w7x71.s:715    .text.MX_DAC1_Init:00000038 $d
     /tmp/cc4w7x71.s:1192   .bss.hdac1:00000000 hdac1
     /tmp/cc4w7x71.s:721    .text.MX_TIM3_Init:00000000 $t
     /tmp/cc4w7x71.s:726    .text.MX_TIM3_Init:00000000 MX_TIM3_Init
     /tmp/cc4w7x71.s:875    .text.MX_TIM3_Init:0000009c $d
     /tmp/cc4w7x71.s:1178   .bss.htim3:00000000 htim3
     /tmp/cc4w7x71.s:881    .text.MX_USART1_UART_Init:00000000 $t
     /tmp/cc4w7x71.s:886    .text.MX_USART1_UART_Init:00000000 MX_USART1_UART_Init
     /tmp/cc4w7x71.s:946    .text.MX_USART1_UART_Init:00000030 $d
     /tmp/cc4w7x71.s:1164   .bss.huart1:00000000 huart1
     /tmp/cc4w7x71.s:952    .text.SystemClock_Config:00000000 $t
     /tmp/cc4w7x71.s:958    .text.SystemClock_Config:00000000 SystemClock_Config
     /tmp/cc4w7x71.s:1096   .text.SystemClock_Config:0000008c $d
     /tmp/cc4w7x71.s:1101   .text.main:00000000 $t
     /tmp/cc4w7x71.s:1107   .text.main:00000000 main
     /tmp/cc4w7x71.s:1161   .bss.huart1:00000000 $d
     /tmp/cc4w7x71.s:1171   .bss.hdma_tim3_ch1_trig:00000000 hdma_tim3_ch1_trig
     /tmp/cc4w7x71.s:1168   .bss.hdma_tim3_ch1_trig:00000000 $d
     /tmp/cc4w7x71.s:1175   .bss.htim3:00000000 $d
     /tmp/cc4w7x71.s:1182   .bss.htim2:00000000 $d
     /tmp/cc4w7x71.s:1189   .bss.hdac1:00000000 $d
     /tmp/cc4w7x71.s:1196   .bss.hcomp3:00000000 $d
     /tmp/cc4w7x71.s:1203   .bss.hcomp2:00000000 $d
     /tmp/cc4w7x71.s:1210   .bss.hadc1:00000000 $d

UNDEFINED SYMBOLS
HAL_NVIC_SetPriority
HAL_NVIC_EnableIRQ
HAL_ADC_Init
ARM GAS  /tmp/cc4w7x71.s 			page 42


HAL_ADCEx_MultiModeConfigChannel
HAL_ADC_ConfigChannel
HAL_COMP_Init
HAL_TIM_Base_Init
HAL_TIM_ConfigClockSource
HAL_TIM_PWM_Init
HAL_TIM_ConfigOCrefClear
HAL_TIMEx_MasterConfigSynchronization
HAL_TIM_PWM_ConfigChannel
HAL_TIM_MspPostInit
HAL_DAC_Init
HAL_DAC_ConfigChannel
HAL_TIM_OC_Init
HAL_TIM_OC_ConfigChannel
HAL_UART_Init
memset
HAL_RCC_OscConfig
HAL_RCC_ClockConfig
HAL_RCCEx_PeriphCLKConfig
HAL_Init
