ARM GAS  /tmp/ccUga7Nf.s 			page 1


   1              		.cpu cortex-m4
   2              		.arch armv7e-m
   3              		.fpu fpv4-sp-d16
   4              		.eabi_attribute 27, 1
   5              		.eabi_attribute 28, 1
   6              		.eabi_attribute 20, 1
   7              		.eabi_attribute 21, 1
   8              		.eabi_attribute 23, 3
   9              		.eabi_attribute 24, 1
  10              		.eabi_attribute 25, 1
  11              		.eabi_attribute 26, 1
  12              		.eabi_attribute 30, 1
  13              		.eabi_attribute 34, 1
  14              		.eabi_attribute 18, 4
  15              		.file	"stm32f3xx_hal_uart_ex.c"
  16              		.text
  17              	.Ltext0:
  18              		.cfi_sections	.debug_frame
  19              		.file 1 "Inc/STM32F3xx_HAL_Driver/Src/stm32f3xx_hal_uart_ex.c"
  20              		.section	.text.UARTEx_Wakeup_AddressConfig,"ax",%progbits
  21              		.align	1
  22              		.syntax unified
  23              		.thumb
  24              		.thumb_func
  26              	UARTEx_Wakeup_AddressConfig:
  27              	.LVL0:
  28              	.LFB140:
   1:Inc/STM32F3xx_HAL_Driver/Src/stm32f3xx_hal_uart_ex.c **** /**
   2:Inc/STM32F3xx_HAL_Driver/Src/stm32f3xx_hal_uart_ex.c ****   ******************************************************************************
   3:Inc/STM32F3xx_HAL_Driver/Src/stm32f3xx_hal_uart_ex.c ****   * @file    stm32f3xx_hal_uart_ex.c
   4:Inc/STM32F3xx_HAL_Driver/Src/stm32f3xx_hal_uart_ex.c ****   * @author  MCD Application Team
   5:Inc/STM32F3xx_HAL_Driver/Src/stm32f3xx_hal_uart_ex.c ****   * @brief   Extended UART HAL module driver.
   6:Inc/STM32F3xx_HAL_Driver/Src/stm32f3xx_hal_uart_ex.c ****   *          This file provides firmware functions to manage the following extended
   7:Inc/STM32F3xx_HAL_Driver/Src/stm32f3xx_hal_uart_ex.c ****   *          functionalities of the Universal Asynchronous Receiver Transmitter Peripheral (UART).
   8:Inc/STM32F3xx_HAL_Driver/Src/stm32f3xx_hal_uart_ex.c ****   *           + Initialization and de-initialization functions
   9:Inc/STM32F3xx_HAL_Driver/Src/stm32f3xx_hal_uart_ex.c ****   *           + Peripheral Control functions
  10:Inc/STM32F3xx_HAL_Driver/Src/stm32f3xx_hal_uart_ex.c ****   *
  11:Inc/STM32F3xx_HAL_Driver/Src/stm32f3xx_hal_uart_ex.c ****   *
  12:Inc/STM32F3xx_HAL_Driver/Src/stm32f3xx_hal_uart_ex.c ****   ******************************************************************************
  13:Inc/STM32F3xx_HAL_Driver/Src/stm32f3xx_hal_uart_ex.c ****   * @attention
  14:Inc/STM32F3xx_HAL_Driver/Src/stm32f3xx_hal_uart_ex.c ****   *
  15:Inc/STM32F3xx_HAL_Driver/Src/stm32f3xx_hal_uart_ex.c ****   * Copyright (c) 2016 STMicroelectronics.
  16:Inc/STM32F3xx_HAL_Driver/Src/stm32f3xx_hal_uart_ex.c ****   * All rights reserved.
  17:Inc/STM32F3xx_HAL_Driver/Src/stm32f3xx_hal_uart_ex.c ****   *
  18:Inc/STM32F3xx_HAL_Driver/Src/stm32f3xx_hal_uart_ex.c ****   * This software is licensed under terms that can be found in the LICENSE file
  19:Inc/STM32F3xx_HAL_Driver/Src/stm32f3xx_hal_uart_ex.c ****   * in the root directory of this software component.
  20:Inc/STM32F3xx_HAL_Driver/Src/stm32f3xx_hal_uart_ex.c ****   * If no LICENSE file comes with this software, it is provided AS-IS.
  21:Inc/STM32F3xx_HAL_Driver/Src/stm32f3xx_hal_uart_ex.c ****   *
  22:Inc/STM32F3xx_HAL_Driver/Src/stm32f3xx_hal_uart_ex.c ****   ******************************************************************************
  23:Inc/STM32F3xx_HAL_Driver/Src/stm32f3xx_hal_uart_ex.c ****   @verbatim
  24:Inc/STM32F3xx_HAL_Driver/Src/stm32f3xx_hal_uart_ex.c ****   ==============================================================================
  25:Inc/STM32F3xx_HAL_Driver/Src/stm32f3xx_hal_uart_ex.c ****                ##### UART peripheral extended features  #####
  26:Inc/STM32F3xx_HAL_Driver/Src/stm32f3xx_hal_uart_ex.c ****   ==============================================================================
  27:Inc/STM32F3xx_HAL_Driver/Src/stm32f3xx_hal_uart_ex.c **** 
  28:Inc/STM32F3xx_HAL_Driver/Src/stm32f3xx_hal_uart_ex.c ****     (#) Declare a UART_HandleTypeDef handle structure.
  29:Inc/STM32F3xx_HAL_Driver/Src/stm32f3xx_hal_uart_ex.c **** 
  30:Inc/STM32F3xx_HAL_Driver/Src/stm32f3xx_hal_uart_ex.c ****     (#) For the UART RS485 Driver Enable mode, initialize the UART registers
ARM GAS  /tmp/ccUga7Nf.s 			page 2


  31:Inc/STM32F3xx_HAL_Driver/Src/stm32f3xx_hal_uart_ex.c ****         by calling the HAL_RS485Ex_Init() API.
  32:Inc/STM32F3xx_HAL_Driver/Src/stm32f3xx_hal_uart_ex.c **** 
  33:Inc/STM32F3xx_HAL_Driver/Src/stm32f3xx_hal_uart_ex.c ****   @endverbatim
  34:Inc/STM32F3xx_HAL_Driver/Src/stm32f3xx_hal_uart_ex.c ****   ******************************************************************************
  35:Inc/STM32F3xx_HAL_Driver/Src/stm32f3xx_hal_uart_ex.c ****   */
  36:Inc/STM32F3xx_HAL_Driver/Src/stm32f3xx_hal_uart_ex.c **** 
  37:Inc/STM32F3xx_HAL_Driver/Src/stm32f3xx_hal_uart_ex.c **** /* Includes ------------------------------------------------------------------*/
  38:Inc/STM32F3xx_HAL_Driver/Src/stm32f3xx_hal_uart_ex.c **** #include "stm32f3xx_hal.h"
  39:Inc/STM32F3xx_HAL_Driver/Src/stm32f3xx_hal_uart_ex.c **** 
  40:Inc/STM32F3xx_HAL_Driver/Src/stm32f3xx_hal_uart_ex.c **** /** @addtogroup STM32F3xx_HAL_Driver
  41:Inc/STM32F3xx_HAL_Driver/Src/stm32f3xx_hal_uart_ex.c ****   * @{
  42:Inc/STM32F3xx_HAL_Driver/Src/stm32f3xx_hal_uart_ex.c ****   */
  43:Inc/STM32F3xx_HAL_Driver/Src/stm32f3xx_hal_uart_ex.c **** 
  44:Inc/STM32F3xx_HAL_Driver/Src/stm32f3xx_hal_uart_ex.c **** /** @defgroup UARTEx UARTEx
  45:Inc/STM32F3xx_HAL_Driver/Src/stm32f3xx_hal_uart_ex.c ****   * @brief UART Extended HAL module driver
  46:Inc/STM32F3xx_HAL_Driver/Src/stm32f3xx_hal_uart_ex.c ****   * @{
  47:Inc/STM32F3xx_HAL_Driver/Src/stm32f3xx_hal_uart_ex.c ****   */
  48:Inc/STM32F3xx_HAL_Driver/Src/stm32f3xx_hal_uart_ex.c **** 
  49:Inc/STM32F3xx_HAL_Driver/Src/stm32f3xx_hal_uart_ex.c **** #ifdef HAL_UART_MODULE_ENABLED
  50:Inc/STM32F3xx_HAL_Driver/Src/stm32f3xx_hal_uart_ex.c **** 
  51:Inc/STM32F3xx_HAL_Driver/Src/stm32f3xx_hal_uart_ex.c **** /* Private typedef -----------------------------------------------------------*/
  52:Inc/STM32F3xx_HAL_Driver/Src/stm32f3xx_hal_uart_ex.c **** /* Private define ------------------------------------------------------------*/
  53:Inc/STM32F3xx_HAL_Driver/Src/stm32f3xx_hal_uart_ex.c **** 
  54:Inc/STM32F3xx_HAL_Driver/Src/stm32f3xx_hal_uart_ex.c **** /* Private macros ------------------------------------------------------------*/
  55:Inc/STM32F3xx_HAL_Driver/Src/stm32f3xx_hal_uart_ex.c **** /* Private variables ---------------------------------------------------------*/
  56:Inc/STM32F3xx_HAL_Driver/Src/stm32f3xx_hal_uart_ex.c **** /* Private function prototypes -----------------------------------------------*/
  57:Inc/STM32F3xx_HAL_Driver/Src/stm32f3xx_hal_uart_ex.c **** /** @defgroup UARTEx_Private_Functions UARTEx Private Functions
  58:Inc/STM32F3xx_HAL_Driver/Src/stm32f3xx_hal_uart_ex.c ****   * @{
  59:Inc/STM32F3xx_HAL_Driver/Src/stm32f3xx_hal_uart_ex.c ****   */
  60:Inc/STM32F3xx_HAL_Driver/Src/stm32f3xx_hal_uart_ex.c **** static void UARTEx_Wakeup_AddressConfig(UART_HandleTypeDef *huart, UART_WakeUpTypeDef WakeUpSelecti
  61:Inc/STM32F3xx_HAL_Driver/Src/stm32f3xx_hal_uart_ex.c **** /**
  62:Inc/STM32F3xx_HAL_Driver/Src/stm32f3xx_hal_uart_ex.c ****   * @}
  63:Inc/STM32F3xx_HAL_Driver/Src/stm32f3xx_hal_uart_ex.c ****   */
  64:Inc/STM32F3xx_HAL_Driver/Src/stm32f3xx_hal_uart_ex.c **** 
  65:Inc/STM32F3xx_HAL_Driver/Src/stm32f3xx_hal_uart_ex.c **** /* Exported functions --------------------------------------------------------*/
  66:Inc/STM32F3xx_HAL_Driver/Src/stm32f3xx_hal_uart_ex.c **** 
  67:Inc/STM32F3xx_HAL_Driver/Src/stm32f3xx_hal_uart_ex.c **** /** @defgroup UARTEx_Exported_Functions  UARTEx Exported Functions
  68:Inc/STM32F3xx_HAL_Driver/Src/stm32f3xx_hal_uart_ex.c ****   * @{
  69:Inc/STM32F3xx_HAL_Driver/Src/stm32f3xx_hal_uart_ex.c ****   */
  70:Inc/STM32F3xx_HAL_Driver/Src/stm32f3xx_hal_uart_ex.c **** 
  71:Inc/STM32F3xx_HAL_Driver/Src/stm32f3xx_hal_uart_ex.c **** /** @defgroup UARTEx_Exported_Functions_Group1 Initialization and de-initialization functions
  72:Inc/STM32F3xx_HAL_Driver/Src/stm32f3xx_hal_uart_ex.c ****   * @brief    Extended Initialization and Configuration Functions
  73:Inc/STM32F3xx_HAL_Driver/Src/stm32f3xx_hal_uart_ex.c ****   *
  74:Inc/STM32F3xx_HAL_Driver/Src/stm32f3xx_hal_uart_ex.c **** @verbatim
  75:Inc/STM32F3xx_HAL_Driver/Src/stm32f3xx_hal_uart_ex.c **** ===============================================================================
  76:Inc/STM32F3xx_HAL_Driver/Src/stm32f3xx_hal_uart_ex.c ****             ##### Initialization and Configuration functions #####
  77:Inc/STM32F3xx_HAL_Driver/Src/stm32f3xx_hal_uart_ex.c ****  ===============================================================================
  78:Inc/STM32F3xx_HAL_Driver/Src/stm32f3xx_hal_uart_ex.c ****     [..]
  79:Inc/STM32F3xx_HAL_Driver/Src/stm32f3xx_hal_uart_ex.c ****     This subsection provides a set of functions allowing to initialize the USARTx or the UARTy
  80:Inc/STM32F3xx_HAL_Driver/Src/stm32f3xx_hal_uart_ex.c ****     in asynchronous mode.
  81:Inc/STM32F3xx_HAL_Driver/Src/stm32f3xx_hal_uart_ex.c ****       (+) For the asynchronous mode the parameters below can be configured:
  82:Inc/STM32F3xx_HAL_Driver/Src/stm32f3xx_hal_uart_ex.c ****         (++) Baud Rate
  83:Inc/STM32F3xx_HAL_Driver/Src/stm32f3xx_hal_uart_ex.c ****         (++) Word Length
  84:Inc/STM32F3xx_HAL_Driver/Src/stm32f3xx_hal_uart_ex.c ****         (++) Stop Bit
  85:Inc/STM32F3xx_HAL_Driver/Src/stm32f3xx_hal_uart_ex.c ****         (++) Parity: If the parity is enabled, then the MSB bit of the data written
  86:Inc/STM32F3xx_HAL_Driver/Src/stm32f3xx_hal_uart_ex.c ****              in the data register is transmitted but is changed by the parity bit.
  87:Inc/STM32F3xx_HAL_Driver/Src/stm32f3xx_hal_uart_ex.c ****         (++) Hardware flow control
ARM GAS  /tmp/ccUga7Nf.s 			page 3


  88:Inc/STM32F3xx_HAL_Driver/Src/stm32f3xx_hal_uart_ex.c ****         (++) Receiver/transmitter modes
  89:Inc/STM32F3xx_HAL_Driver/Src/stm32f3xx_hal_uart_ex.c ****         (++) Over Sampling Method
  90:Inc/STM32F3xx_HAL_Driver/Src/stm32f3xx_hal_uart_ex.c ****         (++) One-Bit Sampling Method
  91:Inc/STM32F3xx_HAL_Driver/Src/stm32f3xx_hal_uart_ex.c ****       (+) For the asynchronous mode, the following advanced features can be configured as well:
  92:Inc/STM32F3xx_HAL_Driver/Src/stm32f3xx_hal_uart_ex.c ****         (++) TX and/or RX pin level inversion
  93:Inc/STM32F3xx_HAL_Driver/Src/stm32f3xx_hal_uart_ex.c ****         (++) data logical level inversion
  94:Inc/STM32F3xx_HAL_Driver/Src/stm32f3xx_hal_uart_ex.c ****         (++) RX and TX pins swap
  95:Inc/STM32F3xx_HAL_Driver/Src/stm32f3xx_hal_uart_ex.c ****         (++) RX overrun detection disabling
  96:Inc/STM32F3xx_HAL_Driver/Src/stm32f3xx_hal_uart_ex.c ****         (++) DMA disabling on RX error
  97:Inc/STM32F3xx_HAL_Driver/Src/stm32f3xx_hal_uart_ex.c ****         (++) MSB first on communication line
  98:Inc/STM32F3xx_HAL_Driver/Src/stm32f3xx_hal_uart_ex.c ****         (++) auto Baud rate detection
  99:Inc/STM32F3xx_HAL_Driver/Src/stm32f3xx_hal_uart_ex.c ****     [..]
 100:Inc/STM32F3xx_HAL_Driver/Src/stm32f3xx_hal_uart_ex.c ****     The HAL_RS485Ex_Init() API follows the UART RS485 mode configuration
 101:Inc/STM32F3xx_HAL_Driver/Src/stm32f3xx_hal_uart_ex.c ****      procedures (details for the procedures are available in reference manual).
 102:Inc/STM32F3xx_HAL_Driver/Src/stm32f3xx_hal_uart_ex.c **** 
 103:Inc/STM32F3xx_HAL_Driver/Src/stm32f3xx_hal_uart_ex.c **** @endverbatim
 104:Inc/STM32F3xx_HAL_Driver/Src/stm32f3xx_hal_uart_ex.c **** 
 105:Inc/STM32F3xx_HAL_Driver/Src/stm32f3xx_hal_uart_ex.c ****   Depending on the frame length defined by the M1 and M0 bits (7-bit,
 106:Inc/STM32F3xx_HAL_Driver/Src/stm32f3xx_hal_uart_ex.c ****   8-bit or 9-bit), the possible UART formats are listed in the
 107:Inc/STM32F3xx_HAL_Driver/Src/stm32f3xx_hal_uart_ex.c ****   following table.
 108:Inc/STM32F3xx_HAL_Driver/Src/stm32f3xx_hal_uart_ex.c **** 
 109:Inc/STM32F3xx_HAL_Driver/Src/stm32f3xx_hal_uart_ex.c ****     Table 1. UART frame format.
 110:Inc/STM32F3xx_HAL_Driver/Src/stm32f3xx_hal_uart_ex.c ****     +-----------------------------------------------------------------------+
 111:Inc/STM32F3xx_HAL_Driver/Src/stm32f3xx_hal_uart_ex.c ****     |  M1 bit |  M0 bit |  PCE bit  |             UART frame                |
 112:Inc/STM32F3xx_HAL_Driver/Src/stm32f3xx_hal_uart_ex.c ****     |---------|---------|-----------|---------------------------------------|
 113:Inc/STM32F3xx_HAL_Driver/Src/stm32f3xx_hal_uart_ex.c ****     |    0    |    0    |    0      |    | SB |    8 bit data   | STB |     |
 114:Inc/STM32F3xx_HAL_Driver/Src/stm32f3xx_hal_uart_ex.c ****     |---------|---------|-----------|---------------------------------------|
 115:Inc/STM32F3xx_HAL_Driver/Src/stm32f3xx_hal_uart_ex.c ****     |    0    |    0    |    1      |    | SB | 7 bit data | PB | STB |     |
 116:Inc/STM32F3xx_HAL_Driver/Src/stm32f3xx_hal_uart_ex.c ****     |---------|---------|-----------|---------------------------------------|
 117:Inc/STM32F3xx_HAL_Driver/Src/stm32f3xx_hal_uart_ex.c ****     |    0    |    1    |    0      |    | SB |    9 bit data   | STB |     |
 118:Inc/STM32F3xx_HAL_Driver/Src/stm32f3xx_hal_uart_ex.c ****     |---------|---------|-----------|---------------------------------------|
 119:Inc/STM32F3xx_HAL_Driver/Src/stm32f3xx_hal_uart_ex.c ****     |    0    |    1    |    1      |    | SB | 8 bit data | PB | STB |     |
 120:Inc/STM32F3xx_HAL_Driver/Src/stm32f3xx_hal_uart_ex.c ****     |---------|---------|-----------|---------------------------------------|
 121:Inc/STM32F3xx_HAL_Driver/Src/stm32f3xx_hal_uart_ex.c ****     |    1    |    0    |    0      |    | SB |    7 bit data   | STB |     |
 122:Inc/STM32F3xx_HAL_Driver/Src/stm32f3xx_hal_uart_ex.c ****     |---------|---------|-----------|---------------------------------------|
 123:Inc/STM32F3xx_HAL_Driver/Src/stm32f3xx_hal_uart_ex.c ****     |    1    |    0    |    1      |    | SB | 6 bit data | PB | STB |     |
 124:Inc/STM32F3xx_HAL_Driver/Src/stm32f3xx_hal_uart_ex.c ****     +-----------------------------------------------------------------------+
 125:Inc/STM32F3xx_HAL_Driver/Src/stm32f3xx_hal_uart_ex.c **** 
 126:Inc/STM32F3xx_HAL_Driver/Src/stm32f3xx_hal_uart_ex.c ****   * @{
 127:Inc/STM32F3xx_HAL_Driver/Src/stm32f3xx_hal_uart_ex.c ****   */
 128:Inc/STM32F3xx_HAL_Driver/Src/stm32f3xx_hal_uart_ex.c **** 
 129:Inc/STM32F3xx_HAL_Driver/Src/stm32f3xx_hal_uart_ex.c **** /**
 130:Inc/STM32F3xx_HAL_Driver/Src/stm32f3xx_hal_uart_ex.c ****   * @brief Initialize the RS485 Driver enable feature according to the specified
 131:Inc/STM32F3xx_HAL_Driver/Src/stm32f3xx_hal_uart_ex.c ****   *         parameters in the UART_InitTypeDef and creates the associated handle.
 132:Inc/STM32F3xx_HAL_Driver/Src/stm32f3xx_hal_uart_ex.c ****   * @param huart            UART handle.
 133:Inc/STM32F3xx_HAL_Driver/Src/stm32f3xx_hal_uart_ex.c ****   * @param Polarity         Select the driver enable polarity.
 134:Inc/STM32F3xx_HAL_Driver/Src/stm32f3xx_hal_uart_ex.c ****   *          This parameter can be one of the following values:
 135:Inc/STM32F3xx_HAL_Driver/Src/stm32f3xx_hal_uart_ex.c ****   *          @arg @ref UART_DE_POLARITY_HIGH DE signal is active high
 136:Inc/STM32F3xx_HAL_Driver/Src/stm32f3xx_hal_uart_ex.c ****   *          @arg @ref UART_DE_POLARITY_LOW  DE signal is active low
 137:Inc/STM32F3xx_HAL_Driver/Src/stm32f3xx_hal_uart_ex.c ****   * @param AssertionTime    Driver Enable assertion time:
 138:Inc/STM32F3xx_HAL_Driver/Src/stm32f3xx_hal_uart_ex.c ****   *       5-bit value defining the time between the activation of the DE (Driver Enable)
 139:Inc/STM32F3xx_HAL_Driver/Src/stm32f3xx_hal_uart_ex.c ****   *       signal and the beginning of the start bit. It is expressed in sample time
 140:Inc/STM32F3xx_HAL_Driver/Src/stm32f3xx_hal_uart_ex.c ****   *       units (1/8 or 1/16 bit time, depending on the oversampling rate)
 141:Inc/STM32F3xx_HAL_Driver/Src/stm32f3xx_hal_uart_ex.c ****   * @param DeassertionTime  Driver Enable deassertion time:
 142:Inc/STM32F3xx_HAL_Driver/Src/stm32f3xx_hal_uart_ex.c ****   *       5-bit value defining the time between the end of the last stop bit, in a
 143:Inc/STM32F3xx_HAL_Driver/Src/stm32f3xx_hal_uart_ex.c ****   *       transmitted message, and the de-activation of the DE (Driver Enable) signal.
 144:Inc/STM32F3xx_HAL_Driver/Src/stm32f3xx_hal_uart_ex.c ****   *       It is expressed in sample time units (1/8 or 1/16 bit time, depending on the
ARM GAS  /tmp/ccUga7Nf.s 			page 4


 145:Inc/STM32F3xx_HAL_Driver/Src/stm32f3xx_hal_uart_ex.c ****   *       oversampling rate).
 146:Inc/STM32F3xx_HAL_Driver/Src/stm32f3xx_hal_uart_ex.c ****   * @retval HAL status
 147:Inc/STM32F3xx_HAL_Driver/Src/stm32f3xx_hal_uart_ex.c ****   */
 148:Inc/STM32F3xx_HAL_Driver/Src/stm32f3xx_hal_uart_ex.c **** HAL_StatusTypeDef HAL_RS485Ex_Init(UART_HandleTypeDef *huart, uint32_t Polarity, uint32_t Assertion
 149:Inc/STM32F3xx_HAL_Driver/Src/stm32f3xx_hal_uart_ex.c ****                                    uint32_t DeassertionTime)
 150:Inc/STM32F3xx_HAL_Driver/Src/stm32f3xx_hal_uart_ex.c **** {
 151:Inc/STM32F3xx_HAL_Driver/Src/stm32f3xx_hal_uart_ex.c ****   uint32_t temp;
 152:Inc/STM32F3xx_HAL_Driver/Src/stm32f3xx_hal_uart_ex.c **** 
 153:Inc/STM32F3xx_HAL_Driver/Src/stm32f3xx_hal_uart_ex.c ****   /* Check the UART handle allocation */
 154:Inc/STM32F3xx_HAL_Driver/Src/stm32f3xx_hal_uart_ex.c ****   if (huart == NULL)
 155:Inc/STM32F3xx_HAL_Driver/Src/stm32f3xx_hal_uart_ex.c ****   {
 156:Inc/STM32F3xx_HAL_Driver/Src/stm32f3xx_hal_uart_ex.c ****     return HAL_ERROR;
 157:Inc/STM32F3xx_HAL_Driver/Src/stm32f3xx_hal_uart_ex.c ****   }
 158:Inc/STM32F3xx_HAL_Driver/Src/stm32f3xx_hal_uart_ex.c ****   /* Check the Driver Enable UART instance */
 159:Inc/STM32F3xx_HAL_Driver/Src/stm32f3xx_hal_uart_ex.c ****   assert_param(IS_UART_DRIVER_ENABLE_INSTANCE(huart->Instance));
 160:Inc/STM32F3xx_HAL_Driver/Src/stm32f3xx_hal_uart_ex.c **** 
 161:Inc/STM32F3xx_HAL_Driver/Src/stm32f3xx_hal_uart_ex.c ****   /* Check the Driver Enable polarity */
 162:Inc/STM32F3xx_HAL_Driver/Src/stm32f3xx_hal_uart_ex.c ****   assert_param(IS_UART_DE_POLARITY(Polarity));
 163:Inc/STM32F3xx_HAL_Driver/Src/stm32f3xx_hal_uart_ex.c **** 
 164:Inc/STM32F3xx_HAL_Driver/Src/stm32f3xx_hal_uart_ex.c ****   /* Check the Driver Enable assertion time */
 165:Inc/STM32F3xx_HAL_Driver/Src/stm32f3xx_hal_uart_ex.c ****   assert_param(IS_UART_ASSERTIONTIME(AssertionTime));
 166:Inc/STM32F3xx_HAL_Driver/Src/stm32f3xx_hal_uart_ex.c **** 
 167:Inc/STM32F3xx_HAL_Driver/Src/stm32f3xx_hal_uart_ex.c ****   /* Check the Driver Enable deassertion time */
 168:Inc/STM32F3xx_HAL_Driver/Src/stm32f3xx_hal_uart_ex.c ****   assert_param(IS_UART_DEASSERTIONTIME(DeassertionTime));
 169:Inc/STM32F3xx_HAL_Driver/Src/stm32f3xx_hal_uart_ex.c **** 
 170:Inc/STM32F3xx_HAL_Driver/Src/stm32f3xx_hal_uart_ex.c ****   if (huart->gState == HAL_UART_STATE_RESET)
 171:Inc/STM32F3xx_HAL_Driver/Src/stm32f3xx_hal_uart_ex.c ****   {
 172:Inc/STM32F3xx_HAL_Driver/Src/stm32f3xx_hal_uart_ex.c ****     /* Allocate lock resource and initialize it */
 173:Inc/STM32F3xx_HAL_Driver/Src/stm32f3xx_hal_uart_ex.c ****     huart->Lock = HAL_UNLOCKED;
 174:Inc/STM32F3xx_HAL_Driver/Src/stm32f3xx_hal_uart_ex.c **** 
 175:Inc/STM32F3xx_HAL_Driver/Src/stm32f3xx_hal_uart_ex.c **** #if (USE_HAL_UART_REGISTER_CALLBACKS == 1)
 176:Inc/STM32F3xx_HAL_Driver/Src/stm32f3xx_hal_uart_ex.c ****     UART_InitCallbacksToDefault(huart);
 177:Inc/STM32F3xx_HAL_Driver/Src/stm32f3xx_hal_uart_ex.c **** 
 178:Inc/STM32F3xx_HAL_Driver/Src/stm32f3xx_hal_uart_ex.c ****     if (huart->MspInitCallback == NULL)
 179:Inc/STM32F3xx_HAL_Driver/Src/stm32f3xx_hal_uart_ex.c ****     {
 180:Inc/STM32F3xx_HAL_Driver/Src/stm32f3xx_hal_uart_ex.c ****       huart->MspInitCallback = HAL_UART_MspInit;
 181:Inc/STM32F3xx_HAL_Driver/Src/stm32f3xx_hal_uart_ex.c ****     }
 182:Inc/STM32F3xx_HAL_Driver/Src/stm32f3xx_hal_uart_ex.c **** 
 183:Inc/STM32F3xx_HAL_Driver/Src/stm32f3xx_hal_uart_ex.c ****     /* Init the low level hardware */
 184:Inc/STM32F3xx_HAL_Driver/Src/stm32f3xx_hal_uart_ex.c ****     huart->MspInitCallback(huart);
 185:Inc/STM32F3xx_HAL_Driver/Src/stm32f3xx_hal_uart_ex.c **** #else
 186:Inc/STM32F3xx_HAL_Driver/Src/stm32f3xx_hal_uart_ex.c ****     /* Init the low level hardware : GPIO, CLOCK, CORTEX */
 187:Inc/STM32F3xx_HAL_Driver/Src/stm32f3xx_hal_uart_ex.c ****     HAL_UART_MspInit(huart);
 188:Inc/STM32F3xx_HAL_Driver/Src/stm32f3xx_hal_uart_ex.c **** #endif /* (USE_HAL_UART_REGISTER_CALLBACKS) */
 189:Inc/STM32F3xx_HAL_Driver/Src/stm32f3xx_hal_uart_ex.c ****   }
 190:Inc/STM32F3xx_HAL_Driver/Src/stm32f3xx_hal_uart_ex.c **** 
 191:Inc/STM32F3xx_HAL_Driver/Src/stm32f3xx_hal_uart_ex.c ****   huart->gState = HAL_UART_STATE_BUSY;
 192:Inc/STM32F3xx_HAL_Driver/Src/stm32f3xx_hal_uart_ex.c **** 
 193:Inc/STM32F3xx_HAL_Driver/Src/stm32f3xx_hal_uart_ex.c ****   /* Disable the Peripheral */
 194:Inc/STM32F3xx_HAL_Driver/Src/stm32f3xx_hal_uart_ex.c ****   __HAL_UART_DISABLE(huart);
 195:Inc/STM32F3xx_HAL_Driver/Src/stm32f3xx_hal_uart_ex.c **** 
 196:Inc/STM32F3xx_HAL_Driver/Src/stm32f3xx_hal_uart_ex.c ****   /* Perform advanced settings configuration */
 197:Inc/STM32F3xx_HAL_Driver/Src/stm32f3xx_hal_uart_ex.c ****   /* For some items, configuration requires to be done prior TE and RE bits are set */
 198:Inc/STM32F3xx_HAL_Driver/Src/stm32f3xx_hal_uart_ex.c ****   if (huart->AdvancedInit.AdvFeatureInit != UART_ADVFEATURE_NO_INIT)
 199:Inc/STM32F3xx_HAL_Driver/Src/stm32f3xx_hal_uart_ex.c ****   {
 200:Inc/STM32F3xx_HAL_Driver/Src/stm32f3xx_hal_uart_ex.c ****     UART_AdvFeatureConfig(huart);
 201:Inc/STM32F3xx_HAL_Driver/Src/stm32f3xx_hal_uart_ex.c ****   }
ARM GAS  /tmp/ccUga7Nf.s 			page 5


 202:Inc/STM32F3xx_HAL_Driver/Src/stm32f3xx_hal_uart_ex.c **** 
 203:Inc/STM32F3xx_HAL_Driver/Src/stm32f3xx_hal_uart_ex.c ****   /* Set the UART Communication parameters */
 204:Inc/STM32F3xx_HAL_Driver/Src/stm32f3xx_hal_uart_ex.c ****   if (UART_SetConfig(huart) == HAL_ERROR)
 205:Inc/STM32F3xx_HAL_Driver/Src/stm32f3xx_hal_uart_ex.c ****   {
 206:Inc/STM32F3xx_HAL_Driver/Src/stm32f3xx_hal_uart_ex.c ****     return HAL_ERROR;
 207:Inc/STM32F3xx_HAL_Driver/Src/stm32f3xx_hal_uart_ex.c ****   }
 208:Inc/STM32F3xx_HAL_Driver/Src/stm32f3xx_hal_uart_ex.c **** 
 209:Inc/STM32F3xx_HAL_Driver/Src/stm32f3xx_hal_uart_ex.c ****   /* Enable the Driver Enable mode by setting the DEM bit in the CR3 register */
 210:Inc/STM32F3xx_HAL_Driver/Src/stm32f3xx_hal_uart_ex.c ****   SET_BIT(huart->Instance->CR3, USART_CR3_DEM);
 211:Inc/STM32F3xx_HAL_Driver/Src/stm32f3xx_hal_uart_ex.c **** 
 212:Inc/STM32F3xx_HAL_Driver/Src/stm32f3xx_hal_uart_ex.c ****   /* Set the Driver Enable polarity */
 213:Inc/STM32F3xx_HAL_Driver/Src/stm32f3xx_hal_uart_ex.c ****   MODIFY_REG(huart->Instance->CR3, USART_CR3_DEP, Polarity);
 214:Inc/STM32F3xx_HAL_Driver/Src/stm32f3xx_hal_uart_ex.c **** 
 215:Inc/STM32F3xx_HAL_Driver/Src/stm32f3xx_hal_uart_ex.c ****   /* Set the Driver Enable assertion and deassertion times */
 216:Inc/STM32F3xx_HAL_Driver/Src/stm32f3xx_hal_uart_ex.c ****   temp = (AssertionTime << UART_CR1_DEAT_ADDRESS_LSB_POS);
 217:Inc/STM32F3xx_HAL_Driver/Src/stm32f3xx_hal_uart_ex.c ****   temp |= (DeassertionTime << UART_CR1_DEDT_ADDRESS_LSB_POS);
 218:Inc/STM32F3xx_HAL_Driver/Src/stm32f3xx_hal_uart_ex.c ****   MODIFY_REG(huart->Instance->CR1, (USART_CR1_DEDT | USART_CR1_DEAT), temp);
 219:Inc/STM32F3xx_HAL_Driver/Src/stm32f3xx_hal_uart_ex.c **** 
 220:Inc/STM32F3xx_HAL_Driver/Src/stm32f3xx_hal_uart_ex.c ****   /* Enable the Peripheral */
 221:Inc/STM32F3xx_HAL_Driver/Src/stm32f3xx_hal_uart_ex.c ****   __HAL_UART_ENABLE(huart);
 222:Inc/STM32F3xx_HAL_Driver/Src/stm32f3xx_hal_uart_ex.c **** 
 223:Inc/STM32F3xx_HAL_Driver/Src/stm32f3xx_hal_uart_ex.c ****   /* TEACK and/or REACK to check before moving huart->gState and huart->RxState to Ready */
 224:Inc/STM32F3xx_HAL_Driver/Src/stm32f3xx_hal_uart_ex.c ****   return (UART_CheckIdleState(huart));
 225:Inc/STM32F3xx_HAL_Driver/Src/stm32f3xx_hal_uart_ex.c **** }
 226:Inc/STM32F3xx_HAL_Driver/Src/stm32f3xx_hal_uart_ex.c **** 
 227:Inc/STM32F3xx_HAL_Driver/Src/stm32f3xx_hal_uart_ex.c **** /**
 228:Inc/STM32F3xx_HAL_Driver/Src/stm32f3xx_hal_uart_ex.c ****   * @}
 229:Inc/STM32F3xx_HAL_Driver/Src/stm32f3xx_hal_uart_ex.c ****   */
 230:Inc/STM32F3xx_HAL_Driver/Src/stm32f3xx_hal_uart_ex.c **** 
 231:Inc/STM32F3xx_HAL_Driver/Src/stm32f3xx_hal_uart_ex.c **** /** @defgroup UARTEx_Exported_Functions_Group2 IO operation functions
 232:Inc/STM32F3xx_HAL_Driver/Src/stm32f3xx_hal_uart_ex.c ****   *  @brief Extended functions
 233:Inc/STM32F3xx_HAL_Driver/Src/stm32f3xx_hal_uart_ex.c ****   *
 234:Inc/STM32F3xx_HAL_Driver/Src/stm32f3xx_hal_uart_ex.c **** @verbatim
 235:Inc/STM32F3xx_HAL_Driver/Src/stm32f3xx_hal_uart_ex.c ****  ===============================================================================
 236:Inc/STM32F3xx_HAL_Driver/Src/stm32f3xx_hal_uart_ex.c ****                       ##### IO operation functions #####
 237:Inc/STM32F3xx_HAL_Driver/Src/stm32f3xx_hal_uart_ex.c ****  ===============================================================================
 238:Inc/STM32F3xx_HAL_Driver/Src/stm32f3xx_hal_uart_ex.c ****     This subsection provides a set of Wakeup and FIFO mode related callback functions.
 239:Inc/STM32F3xx_HAL_Driver/Src/stm32f3xx_hal_uart_ex.c **** 
 240:Inc/STM32F3xx_HAL_Driver/Src/stm32f3xx_hal_uart_ex.c ****     (#) Wakeup from Stop mode Callback:
 241:Inc/STM32F3xx_HAL_Driver/Src/stm32f3xx_hal_uart_ex.c ****         (+) HAL_UARTEx_WakeupCallback()
 242:Inc/STM32F3xx_HAL_Driver/Src/stm32f3xx_hal_uart_ex.c **** 
 243:Inc/STM32F3xx_HAL_Driver/Src/stm32f3xx_hal_uart_ex.c **** @endverbatim
 244:Inc/STM32F3xx_HAL_Driver/Src/stm32f3xx_hal_uart_ex.c ****   * @{
 245:Inc/STM32F3xx_HAL_Driver/Src/stm32f3xx_hal_uart_ex.c ****   */
 246:Inc/STM32F3xx_HAL_Driver/Src/stm32f3xx_hal_uart_ex.c **** 
 247:Inc/STM32F3xx_HAL_Driver/Src/stm32f3xx_hal_uart_ex.c **** /**
 248:Inc/STM32F3xx_HAL_Driver/Src/stm32f3xx_hal_uart_ex.c ****   * @brief UART wakeup from Stop mode callback.
 249:Inc/STM32F3xx_HAL_Driver/Src/stm32f3xx_hal_uart_ex.c ****   * @param huart UART handle.
 250:Inc/STM32F3xx_HAL_Driver/Src/stm32f3xx_hal_uart_ex.c ****   * @retval None
 251:Inc/STM32F3xx_HAL_Driver/Src/stm32f3xx_hal_uart_ex.c ****   */
 252:Inc/STM32F3xx_HAL_Driver/Src/stm32f3xx_hal_uart_ex.c **** __weak void HAL_UARTEx_WakeupCallback(UART_HandleTypeDef *huart)
 253:Inc/STM32F3xx_HAL_Driver/Src/stm32f3xx_hal_uart_ex.c **** {
 254:Inc/STM32F3xx_HAL_Driver/Src/stm32f3xx_hal_uart_ex.c ****   /* Prevent unused argument(s) compilation warning */
 255:Inc/STM32F3xx_HAL_Driver/Src/stm32f3xx_hal_uart_ex.c ****   UNUSED(huart);
 256:Inc/STM32F3xx_HAL_Driver/Src/stm32f3xx_hal_uart_ex.c **** 
 257:Inc/STM32F3xx_HAL_Driver/Src/stm32f3xx_hal_uart_ex.c ****   /* NOTE : This function should not be modified, when the callback is needed,
 258:Inc/STM32F3xx_HAL_Driver/Src/stm32f3xx_hal_uart_ex.c ****             the HAL_UARTEx_WakeupCallback can be implemented in the user file.
ARM GAS  /tmp/ccUga7Nf.s 			page 6


 259:Inc/STM32F3xx_HAL_Driver/Src/stm32f3xx_hal_uart_ex.c ****    */
 260:Inc/STM32F3xx_HAL_Driver/Src/stm32f3xx_hal_uart_ex.c **** }
 261:Inc/STM32F3xx_HAL_Driver/Src/stm32f3xx_hal_uart_ex.c **** 
 262:Inc/STM32F3xx_HAL_Driver/Src/stm32f3xx_hal_uart_ex.c **** 
 263:Inc/STM32F3xx_HAL_Driver/Src/stm32f3xx_hal_uart_ex.c **** /**
 264:Inc/STM32F3xx_HAL_Driver/Src/stm32f3xx_hal_uart_ex.c ****   * @}
 265:Inc/STM32F3xx_HAL_Driver/Src/stm32f3xx_hal_uart_ex.c ****   */
 266:Inc/STM32F3xx_HAL_Driver/Src/stm32f3xx_hal_uart_ex.c **** 
 267:Inc/STM32F3xx_HAL_Driver/Src/stm32f3xx_hal_uart_ex.c **** /** @defgroup UARTEx_Exported_Functions_Group3 Peripheral Control functions
 268:Inc/STM32F3xx_HAL_Driver/Src/stm32f3xx_hal_uart_ex.c ****   * @brief    Extended Peripheral Control functions
 269:Inc/STM32F3xx_HAL_Driver/Src/stm32f3xx_hal_uart_ex.c ****   *
 270:Inc/STM32F3xx_HAL_Driver/Src/stm32f3xx_hal_uart_ex.c **** @verbatim
 271:Inc/STM32F3xx_HAL_Driver/Src/stm32f3xx_hal_uart_ex.c ****  ===============================================================================
 272:Inc/STM32F3xx_HAL_Driver/Src/stm32f3xx_hal_uart_ex.c ****                       ##### Peripheral Control functions #####
 273:Inc/STM32F3xx_HAL_Driver/Src/stm32f3xx_hal_uart_ex.c ****  ===============================================================================
 274:Inc/STM32F3xx_HAL_Driver/Src/stm32f3xx_hal_uart_ex.c ****     [..] This section provides the following functions:
 275:Inc/STM32F3xx_HAL_Driver/Src/stm32f3xx_hal_uart_ex.c ****      (+) HAL_MultiProcessorEx_AddressLength_Set() API optionally sets the UART node address
 276:Inc/STM32F3xx_HAL_Driver/Src/stm32f3xx_hal_uart_ex.c ****          detection length to more than 4 bits for multiprocessor address mark wake up.
 277:Inc/STM32F3xx_HAL_Driver/Src/stm32f3xx_hal_uart_ex.c ****      (+) HAL_UARTEx_StopModeWakeUpSourceConfig() API defines the wake-up from stop mode
 278:Inc/STM32F3xx_HAL_Driver/Src/stm32f3xx_hal_uart_ex.c ****          trigger: address match, Start Bit detection or RXNE bit status.
 279:Inc/STM32F3xx_HAL_Driver/Src/stm32f3xx_hal_uart_ex.c ****      (+) HAL_UARTEx_EnableStopMode() API enables the UART to wake up the MCU from stop mode
 280:Inc/STM32F3xx_HAL_Driver/Src/stm32f3xx_hal_uart_ex.c ****      (+) HAL_UARTEx_DisableStopMode() API disables the above functionality
 281:Inc/STM32F3xx_HAL_Driver/Src/stm32f3xx_hal_uart_ex.c **** 
 282:Inc/STM32F3xx_HAL_Driver/Src/stm32f3xx_hal_uart_ex.c ****     [..] This subsection also provides a set of additional functions providing enhanced reception
 283:Inc/STM32F3xx_HAL_Driver/Src/stm32f3xx_hal_uart_ex.c ****     services to user. (For example, these functions allow application to handle use cases
 284:Inc/STM32F3xx_HAL_Driver/Src/stm32f3xx_hal_uart_ex.c ****     where number of data to be received is unknown).
 285:Inc/STM32F3xx_HAL_Driver/Src/stm32f3xx_hal_uart_ex.c **** 
 286:Inc/STM32F3xx_HAL_Driver/Src/stm32f3xx_hal_uart_ex.c ****     (#) Compared to standard reception services which only consider number of received
 287:Inc/STM32F3xx_HAL_Driver/Src/stm32f3xx_hal_uart_ex.c ****         data elements as reception completion criteria, these functions also consider additional ev
 288:Inc/STM32F3xx_HAL_Driver/Src/stm32f3xx_hal_uart_ex.c ****         as triggers for updating reception status to caller :
 289:Inc/STM32F3xx_HAL_Driver/Src/stm32f3xx_hal_uart_ex.c ****        (+) Detection of inactivity period (RX line has not been active for a given period).
 290:Inc/STM32F3xx_HAL_Driver/Src/stm32f3xx_hal_uart_ex.c ****           (++) RX inactivity detected by IDLE event, i.e. RX line has been in idle state (normally 
 291:Inc/STM32F3xx_HAL_Driver/Src/stm32f3xx_hal_uart_ex.c ****                for 1 frame time, after last received byte.
 292:Inc/STM32F3xx_HAL_Driver/Src/stm32f3xx_hal_uart_ex.c ****           (++) RX inactivity detected by RTO, i.e. line has been in idle state
 293:Inc/STM32F3xx_HAL_Driver/Src/stm32f3xx_hal_uart_ex.c ****                for a programmable time, after last received byte.
 294:Inc/STM32F3xx_HAL_Driver/Src/stm32f3xx_hal_uart_ex.c ****        (+) Detection that a specific character has been received.
 295:Inc/STM32F3xx_HAL_Driver/Src/stm32f3xx_hal_uart_ex.c **** 
 296:Inc/STM32F3xx_HAL_Driver/Src/stm32f3xx_hal_uart_ex.c ****     (#) There are two mode of transfer:
 297:Inc/STM32F3xx_HAL_Driver/Src/stm32f3xx_hal_uart_ex.c ****        (+) Blocking mode: The reception is performed in polling mode, until either expected number 
 298:Inc/STM32F3xx_HAL_Driver/Src/stm32f3xx_hal_uart_ex.c ****            or till IDLE event occurs. Reception is handled only during function execution.
 299:Inc/STM32F3xx_HAL_Driver/Src/stm32f3xx_hal_uart_ex.c ****            When function exits, no data reception could occur. HAL status and number of actually re
 300:Inc/STM32F3xx_HAL_Driver/Src/stm32f3xx_hal_uart_ex.c ****            are returned by function after finishing transfer.
 301:Inc/STM32F3xx_HAL_Driver/Src/stm32f3xx_hal_uart_ex.c ****        (+) Non-Blocking mode: The reception is performed using Interrupts or DMA.
 302:Inc/STM32F3xx_HAL_Driver/Src/stm32f3xx_hal_uart_ex.c ****            These API's return the HAL status.
 303:Inc/STM32F3xx_HAL_Driver/Src/stm32f3xx_hal_uart_ex.c ****            The end of the data processing will be indicated through the
 304:Inc/STM32F3xx_HAL_Driver/Src/stm32f3xx_hal_uart_ex.c ****            dedicated UART IRQ when using Interrupt mode or the DMA IRQ when using DMA mode.
 305:Inc/STM32F3xx_HAL_Driver/Src/stm32f3xx_hal_uart_ex.c ****            The HAL_UARTEx_RxEventCallback() user callback will be executed during Receive process
 306:Inc/STM32F3xx_HAL_Driver/Src/stm32f3xx_hal_uart_ex.c ****            The HAL_UART_ErrorCallback()user callback will be executed when a reception error is det
 307:Inc/STM32F3xx_HAL_Driver/Src/stm32f3xx_hal_uart_ex.c **** 
 308:Inc/STM32F3xx_HAL_Driver/Src/stm32f3xx_hal_uart_ex.c ****     (#) Blocking mode API:
 309:Inc/STM32F3xx_HAL_Driver/Src/stm32f3xx_hal_uart_ex.c ****         (+) HAL_UARTEx_ReceiveToIdle()
 310:Inc/STM32F3xx_HAL_Driver/Src/stm32f3xx_hal_uart_ex.c **** 
 311:Inc/STM32F3xx_HAL_Driver/Src/stm32f3xx_hal_uart_ex.c ****     (#) Non-Blocking mode API with Interrupt:
 312:Inc/STM32F3xx_HAL_Driver/Src/stm32f3xx_hal_uart_ex.c ****         (+) HAL_UARTEx_ReceiveToIdle_IT()
 313:Inc/STM32F3xx_HAL_Driver/Src/stm32f3xx_hal_uart_ex.c **** 
 314:Inc/STM32F3xx_HAL_Driver/Src/stm32f3xx_hal_uart_ex.c ****     (#) Non-Blocking mode API with DMA:
 315:Inc/STM32F3xx_HAL_Driver/Src/stm32f3xx_hal_uart_ex.c ****         (+) HAL_UARTEx_ReceiveToIdle_DMA()
ARM GAS  /tmp/ccUga7Nf.s 			page 7


 316:Inc/STM32F3xx_HAL_Driver/Src/stm32f3xx_hal_uart_ex.c **** 
 317:Inc/STM32F3xx_HAL_Driver/Src/stm32f3xx_hal_uart_ex.c **** @endverbatim
 318:Inc/STM32F3xx_HAL_Driver/Src/stm32f3xx_hal_uart_ex.c ****   * @{
 319:Inc/STM32F3xx_HAL_Driver/Src/stm32f3xx_hal_uart_ex.c ****   */
 320:Inc/STM32F3xx_HAL_Driver/Src/stm32f3xx_hal_uart_ex.c **** 
 321:Inc/STM32F3xx_HAL_Driver/Src/stm32f3xx_hal_uart_ex.c **** /**
 322:Inc/STM32F3xx_HAL_Driver/Src/stm32f3xx_hal_uart_ex.c ****   * @brief By default in multiprocessor mode, when the wake up method is set
 323:Inc/STM32F3xx_HAL_Driver/Src/stm32f3xx_hal_uart_ex.c ****   *        to address mark, the UART handles only 4-bit long addresses detection;
 324:Inc/STM32F3xx_HAL_Driver/Src/stm32f3xx_hal_uart_ex.c ****   *        this API allows to enable longer addresses detection (6-, 7- or 8-bit
 325:Inc/STM32F3xx_HAL_Driver/Src/stm32f3xx_hal_uart_ex.c ****   *        long).
 326:Inc/STM32F3xx_HAL_Driver/Src/stm32f3xx_hal_uart_ex.c ****   * @note  Addresses detection lengths are: 6-bit address detection in 7-bit data mode,
 327:Inc/STM32F3xx_HAL_Driver/Src/stm32f3xx_hal_uart_ex.c ****   *        7-bit address detection in 8-bit data mode, 8-bit address detection in 9-bit data mode.
 328:Inc/STM32F3xx_HAL_Driver/Src/stm32f3xx_hal_uart_ex.c ****   * @param huart         UART handle.
 329:Inc/STM32F3xx_HAL_Driver/Src/stm32f3xx_hal_uart_ex.c ****   * @param AddressLength This parameter can be one of the following values:
 330:Inc/STM32F3xx_HAL_Driver/Src/stm32f3xx_hal_uart_ex.c ****   *          @arg @ref UART_ADDRESS_DETECT_4B 4-bit long address
 331:Inc/STM32F3xx_HAL_Driver/Src/stm32f3xx_hal_uart_ex.c ****   *          @arg @ref UART_ADDRESS_DETECT_7B 6-, 7- or 8-bit long address
 332:Inc/STM32F3xx_HAL_Driver/Src/stm32f3xx_hal_uart_ex.c ****   * @retval HAL status
 333:Inc/STM32F3xx_HAL_Driver/Src/stm32f3xx_hal_uart_ex.c ****   */
 334:Inc/STM32F3xx_HAL_Driver/Src/stm32f3xx_hal_uart_ex.c **** HAL_StatusTypeDef HAL_MultiProcessorEx_AddressLength_Set(UART_HandleTypeDef *huart, uint32_t Addres
 335:Inc/STM32F3xx_HAL_Driver/Src/stm32f3xx_hal_uart_ex.c **** {
 336:Inc/STM32F3xx_HAL_Driver/Src/stm32f3xx_hal_uart_ex.c ****   /* Check the UART handle allocation */
 337:Inc/STM32F3xx_HAL_Driver/Src/stm32f3xx_hal_uart_ex.c ****   if (huart == NULL)
 338:Inc/STM32F3xx_HAL_Driver/Src/stm32f3xx_hal_uart_ex.c ****   {
 339:Inc/STM32F3xx_HAL_Driver/Src/stm32f3xx_hal_uart_ex.c ****     return HAL_ERROR;
 340:Inc/STM32F3xx_HAL_Driver/Src/stm32f3xx_hal_uart_ex.c ****   }
 341:Inc/STM32F3xx_HAL_Driver/Src/stm32f3xx_hal_uart_ex.c **** 
 342:Inc/STM32F3xx_HAL_Driver/Src/stm32f3xx_hal_uart_ex.c ****   /* Check the address length parameter */
 343:Inc/STM32F3xx_HAL_Driver/Src/stm32f3xx_hal_uart_ex.c ****   assert_param(IS_UART_ADDRESSLENGTH_DETECT(AddressLength));
 344:Inc/STM32F3xx_HAL_Driver/Src/stm32f3xx_hal_uart_ex.c **** 
 345:Inc/STM32F3xx_HAL_Driver/Src/stm32f3xx_hal_uart_ex.c ****   huart->gState = HAL_UART_STATE_BUSY;
 346:Inc/STM32F3xx_HAL_Driver/Src/stm32f3xx_hal_uart_ex.c **** 
 347:Inc/STM32F3xx_HAL_Driver/Src/stm32f3xx_hal_uart_ex.c ****   /* Disable the Peripheral */
 348:Inc/STM32F3xx_HAL_Driver/Src/stm32f3xx_hal_uart_ex.c ****   __HAL_UART_DISABLE(huart);
 349:Inc/STM32F3xx_HAL_Driver/Src/stm32f3xx_hal_uart_ex.c **** 
 350:Inc/STM32F3xx_HAL_Driver/Src/stm32f3xx_hal_uart_ex.c ****   /* Set the address length */
 351:Inc/STM32F3xx_HAL_Driver/Src/stm32f3xx_hal_uart_ex.c ****   MODIFY_REG(huart->Instance->CR2, USART_CR2_ADDM7, AddressLength);
 352:Inc/STM32F3xx_HAL_Driver/Src/stm32f3xx_hal_uart_ex.c **** 
 353:Inc/STM32F3xx_HAL_Driver/Src/stm32f3xx_hal_uart_ex.c ****   /* Enable the Peripheral */
 354:Inc/STM32F3xx_HAL_Driver/Src/stm32f3xx_hal_uart_ex.c ****   __HAL_UART_ENABLE(huart);
 355:Inc/STM32F3xx_HAL_Driver/Src/stm32f3xx_hal_uart_ex.c **** 
 356:Inc/STM32F3xx_HAL_Driver/Src/stm32f3xx_hal_uart_ex.c ****   /* TEACK and/or REACK to check before moving huart->gState to Ready */
 357:Inc/STM32F3xx_HAL_Driver/Src/stm32f3xx_hal_uart_ex.c ****   return (UART_CheckIdleState(huart));
 358:Inc/STM32F3xx_HAL_Driver/Src/stm32f3xx_hal_uart_ex.c **** }
 359:Inc/STM32F3xx_HAL_Driver/Src/stm32f3xx_hal_uart_ex.c **** 
 360:Inc/STM32F3xx_HAL_Driver/Src/stm32f3xx_hal_uart_ex.c **** /**
 361:Inc/STM32F3xx_HAL_Driver/Src/stm32f3xx_hal_uart_ex.c ****   * @brief Set Wakeup from Stop mode interrupt flag selection.
 362:Inc/STM32F3xx_HAL_Driver/Src/stm32f3xx_hal_uart_ex.c ****   * @note It is the application responsibility to enable the interrupt used as
 363:Inc/STM32F3xx_HAL_Driver/Src/stm32f3xx_hal_uart_ex.c ****   *       usart_wkup interrupt source before entering low-power mode.
 364:Inc/STM32F3xx_HAL_Driver/Src/stm32f3xx_hal_uart_ex.c ****   * @param huart           UART handle.
 365:Inc/STM32F3xx_HAL_Driver/Src/stm32f3xx_hal_uart_ex.c ****   * @param WakeUpSelection Address match, Start Bit detection or RXNE/RXFNE bit status.
 366:Inc/STM32F3xx_HAL_Driver/Src/stm32f3xx_hal_uart_ex.c ****   *          This parameter can be one of the following values:
 367:Inc/STM32F3xx_HAL_Driver/Src/stm32f3xx_hal_uart_ex.c ****   *          @arg @ref UART_WAKEUP_ON_ADDRESS
 368:Inc/STM32F3xx_HAL_Driver/Src/stm32f3xx_hal_uart_ex.c ****   *          @arg @ref UART_WAKEUP_ON_STARTBIT
 369:Inc/STM32F3xx_HAL_Driver/Src/stm32f3xx_hal_uart_ex.c ****   *          @arg @ref UART_WAKEUP_ON_READDATA_NONEMPTY
 370:Inc/STM32F3xx_HAL_Driver/Src/stm32f3xx_hal_uart_ex.c ****   * @retval HAL status
 371:Inc/STM32F3xx_HAL_Driver/Src/stm32f3xx_hal_uart_ex.c ****   */
 372:Inc/STM32F3xx_HAL_Driver/Src/stm32f3xx_hal_uart_ex.c **** HAL_StatusTypeDef HAL_UARTEx_StopModeWakeUpSourceConfig(UART_HandleTypeDef *huart, UART_WakeUpTypeD
ARM GAS  /tmp/ccUga7Nf.s 			page 8


 373:Inc/STM32F3xx_HAL_Driver/Src/stm32f3xx_hal_uart_ex.c **** {
 374:Inc/STM32F3xx_HAL_Driver/Src/stm32f3xx_hal_uart_ex.c ****   HAL_StatusTypeDef status = HAL_OK;
 375:Inc/STM32F3xx_HAL_Driver/Src/stm32f3xx_hal_uart_ex.c ****   uint32_t tickstart;
 376:Inc/STM32F3xx_HAL_Driver/Src/stm32f3xx_hal_uart_ex.c **** 
 377:Inc/STM32F3xx_HAL_Driver/Src/stm32f3xx_hal_uart_ex.c ****   /* check the wake-up from stop mode UART instance */
 378:Inc/STM32F3xx_HAL_Driver/Src/stm32f3xx_hal_uart_ex.c ****   assert_param(IS_UART_WAKEUP_FROMSTOP_INSTANCE(huart->Instance));
 379:Inc/STM32F3xx_HAL_Driver/Src/stm32f3xx_hal_uart_ex.c ****   /* check the wake-up selection parameter */
 380:Inc/STM32F3xx_HAL_Driver/Src/stm32f3xx_hal_uart_ex.c ****   assert_param(IS_UART_WAKEUP_SELECTION(WakeUpSelection.WakeUpEvent));
 381:Inc/STM32F3xx_HAL_Driver/Src/stm32f3xx_hal_uart_ex.c **** 
 382:Inc/STM32F3xx_HAL_Driver/Src/stm32f3xx_hal_uart_ex.c ****   /* Process Locked */
 383:Inc/STM32F3xx_HAL_Driver/Src/stm32f3xx_hal_uart_ex.c ****   __HAL_LOCK(huart);
 384:Inc/STM32F3xx_HAL_Driver/Src/stm32f3xx_hal_uart_ex.c **** 
 385:Inc/STM32F3xx_HAL_Driver/Src/stm32f3xx_hal_uart_ex.c ****   huart->gState = HAL_UART_STATE_BUSY;
 386:Inc/STM32F3xx_HAL_Driver/Src/stm32f3xx_hal_uart_ex.c **** 
 387:Inc/STM32F3xx_HAL_Driver/Src/stm32f3xx_hal_uart_ex.c ****   /* Disable the Peripheral */
 388:Inc/STM32F3xx_HAL_Driver/Src/stm32f3xx_hal_uart_ex.c ****   __HAL_UART_DISABLE(huart);
 389:Inc/STM32F3xx_HAL_Driver/Src/stm32f3xx_hal_uart_ex.c **** 
 390:Inc/STM32F3xx_HAL_Driver/Src/stm32f3xx_hal_uart_ex.c ****   /* Set the wake-up selection scheme */
 391:Inc/STM32F3xx_HAL_Driver/Src/stm32f3xx_hal_uart_ex.c ****   MODIFY_REG(huart->Instance->CR3, USART_CR3_WUS, WakeUpSelection.WakeUpEvent);
 392:Inc/STM32F3xx_HAL_Driver/Src/stm32f3xx_hal_uart_ex.c **** 
 393:Inc/STM32F3xx_HAL_Driver/Src/stm32f3xx_hal_uart_ex.c ****   if (WakeUpSelection.WakeUpEvent == UART_WAKEUP_ON_ADDRESS)
 394:Inc/STM32F3xx_HAL_Driver/Src/stm32f3xx_hal_uart_ex.c ****   {
 395:Inc/STM32F3xx_HAL_Driver/Src/stm32f3xx_hal_uart_ex.c ****     UARTEx_Wakeup_AddressConfig(huart, WakeUpSelection);
 396:Inc/STM32F3xx_HAL_Driver/Src/stm32f3xx_hal_uart_ex.c ****   }
 397:Inc/STM32F3xx_HAL_Driver/Src/stm32f3xx_hal_uart_ex.c **** 
 398:Inc/STM32F3xx_HAL_Driver/Src/stm32f3xx_hal_uart_ex.c ****   /* Enable the Peripheral */
 399:Inc/STM32F3xx_HAL_Driver/Src/stm32f3xx_hal_uart_ex.c ****   __HAL_UART_ENABLE(huart);
 400:Inc/STM32F3xx_HAL_Driver/Src/stm32f3xx_hal_uart_ex.c **** 
 401:Inc/STM32F3xx_HAL_Driver/Src/stm32f3xx_hal_uart_ex.c ****   /* Init tickstart for timeout management */
 402:Inc/STM32F3xx_HAL_Driver/Src/stm32f3xx_hal_uart_ex.c ****   tickstart = HAL_GetTick();
 403:Inc/STM32F3xx_HAL_Driver/Src/stm32f3xx_hal_uart_ex.c **** 
 404:Inc/STM32F3xx_HAL_Driver/Src/stm32f3xx_hal_uart_ex.c ****   /* Wait until REACK flag is set */
 405:Inc/STM32F3xx_HAL_Driver/Src/stm32f3xx_hal_uart_ex.c ****   if (UART_WaitOnFlagUntilTimeout(huart, USART_ISR_REACK, RESET, tickstart, HAL_UART_TIMEOUT_VALUE)
 406:Inc/STM32F3xx_HAL_Driver/Src/stm32f3xx_hal_uart_ex.c ****   {
 407:Inc/STM32F3xx_HAL_Driver/Src/stm32f3xx_hal_uart_ex.c ****     status = HAL_TIMEOUT;
 408:Inc/STM32F3xx_HAL_Driver/Src/stm32f3xx_hal_uart_ex.c ****   }
 409:Inc/STM32F3xx_HAL_Driver/Src/stm32f3xx_hal_uart_ex.c ****   else
 410:Inc/STM32F3xx_HAL_Driver/Src/stm32f3xx_hal_uart_ex.c ****   {
 411:Inc/STM32F3xx_HAL_Driver/Src/stm32f3xx_hal_uart_ex.c ****     /* Initialize the UART State */
 412:Inc/STM32F3xx_HAL_Driver/Src/stm32f3xx_hal_uart_ex.c ****     huart->gState = HAL_UART_STATE_READY;
 413:Inc/STM32F3xx_HAL_Driver/Src/stm32f3xx_hal_uart_ex.c ****   }
 414:Inc/STM32F3xx_HAL_Driver/Src/stm32f3xx_hal_uart_ex.c **** 
 415:Inc/STM32F3xx_HAL_Driver/Src/stm32f3xx_hal_uart_ex.c ****   /* Process Unlocked */
 416:Inc/STM32F3xx_HAL_Driver/Src/stm32f3xx_hal_uart_ex.c ****   __HAL_UNLOCK(huart);
 417:Inc/STM32F3xx_HAL_Driver/Src/stm32f3xx_hal_uart_ex.c **** 
 418:Inc/STM32F3xx_HAL_Driver/Src/stm32f3xx_hal_uart_ex.c ****   return status;
 419:Inc/STM32F3xx_HAL_Driver/Src/stm32f3xx_hal_uart_ex.c **** }
 420:Inc/STM32F3xx_HAL_Driver/Src/stm32f3xx_hal_uart_ex.c **** 
 421:Inc/STM32F3xx_HAL_Driver/Src/stm32f3xx_hal_uart_ex.c **** /**
 422:Inc/STM32F3xx_HAL_Driver/Src/stm32f3xx_hal_uart_ex.c ****   * @brief Enable UART Stop Mode.
 423:Inc/STM32F3xx_HAL_Driver/Src/stm32f3xx_hal_uart_ex.c ****   * @note The UART is able to wake up the MCU from Stop 1 mode as long as UART clock is HSI or LSE.
 424:Inc/STM32F3xx_HAL_Driver/Src/stm32f3xx_hal_uart_ex.c ****   * @param huart UART handle.
 425:Inc/STM32F3xx_HAL_Driver/Src/stm32f3xx_hal_uart_ex.c ****   * @retval HAL status
 426:Inc/STM32F3xx_HAL_Driver/Src/stm32f3xx_hal_uart_ex.c ****   */
 427:Inc/STM32F3xx_HAL_Driver/Src/stm32f3xx_hal_uart_ex.c **** HAL_StatusTypeDef HAL_UARTEx_EnableStopMode(UART_HandleTypeDef *huart)
 428:Inc/STM32F3xx_HAL_Driver/Src/stm32f3xx_hal_uart_ex.c **** {
 429:Inc/STM32F3xx_HAL_Driver/Src/stm32f3xx_hal_uart_ex.c ****   /* Process Locked */
ARM GAS  /tmp/ccUga7Nf.s 			page 9


 430:Inc/STM32F3xx_HAL_Driver/Src/stm32f3xx_hal_uart_ex.c ****   __HAL_LOCK(huart);
 431:Inc/STM32F3xx_HAL_Driver/Src/stm32f3xx_hal_uart_ex.c **** 
 432:Inc/STM32F3xx_HAL_Driver/Src/stm32f3xx_hal_uart_ex.c ****   /* Set UESM bit */
 433:Inc/STM32F3xx_HAL_Driver/Src/stm32f3xx_hal_uart_ex.c ****   ATOMIC_SET_BIT(huart->Instance->CR1, USART_CR1_UESM);
 434:Inc/STM32F3xx_HAL_Driver/Src/stm32f3xx_hal_uart_ex.c **** 
 435:Inc/STM32F3xx_HAL_Driver/Src/stm32f3xx_hal_uart_ex.c ****   /* Process Unlocked */
 436:Inc/STM32F3xx_HAL_Driver/Src/stm32f3xx_hal_uart_ex.c ****   __HAL_UNLOCK(huart);
 437:Inc/STM32F3xx_HAL_Driver/Src/stm32f3xx_hal_uart_ex.c **** 
 438:Inc/STM32F3xx_HAL_Driver/Src/stm32f3xx_hal_uart_ex.c ****   return HAL_OK;
 439:Inc/STM32F3xx_HAL_Driver/Src/stm32f3xx_hal_uart_ex.c **** }
 440:Inc/STM32F3xx_HAL_Driver/Src/stm32f3xx_hal_uart_ex.c **** 
 441:Inc/STM32F3xx_HAL_Driver/Src/stm32f3xx_hal_uart_ex.c **** /**
 442:Inc/STM32F3xx_HAL_Driver/Src/stm32f3xx_hal_uart_ex.c ****   * @brief Disable UART Stop Mode.
 443:Inc/STM32F3xx_HAL_Driver/Src/stm32f3xx_hal_uart_ex.c ****   * @param huart UART handle.
 444:Inc/STM32F3xx_HAL_Driver/Src/stm32f3xx_hal_uart_ex.c ****   * @retval HAL status
 445:Inc/STM32F3xx_HAL_Driver/Src/stm32f3xx_hal_uart_ex.c ****   */
 446:Inc/STM32F3xx_HAL_Driver/Src/stm32f3xx_hal_uart_ex.c **** HAL_StatusTypeDef HAL_UARTEx_DisableStopMode(UART_HandleTypeDef *huart)
 447:Inc/STM32F3xx_HAL_Driver/Src/stm32f3xx_hal_uart_ex.c **** {
 448:Inc/STM32F3xx_HAL_Driver/Src/stm32f3xx_hal_uart_ex.c ****   /* Process Locked */
 449:Inc/STM32F3xx_HAL_Driver/Src/stm32f3xx_hal_uart_ex.c ****   __HAL_LOCK(huart);
 450:Inc/STM32F3xx_HAL_Driver/Src/stm32f3xx_hal_uart_ex.c **** 
 451:Inc/STM32F3xx_HAL_Driver/Src/stm32f3xx_hal_uart_ex.c ****   /* Clear UESM bit */
 452:Inc/STM32F3xx_HAL_Driver/Src/stm32f3xx_hal_uart_ex.c ****   ATOMIC_CLEAR_BIT(huart->Instance->CR1, USART_CR1_UESM);
 453:Inc/STM32F3xx_HAL_Driver/Src/stm32f3xx_hal_uart_ex.c **** 
 454:Inc/STM32F3xx_HAL_Driver/Src/stm32f3xx_hal_uart_ex.c ****   /* Process Unlocked */
 455:Inc/STM32F3xx_HAL_Driver/Src/stm32f3xx_hal_uart_ex.c ****   __HAL_UNLOCK(huart);
 456:Inc/STM32F3xx_HAL_Driver/Src/stm32f3xx_hal_uart_ex.c **** 
 457:Inc/STM32F3xx_HAL_Driver/Src/stm32f3xx_hal_uart_ex.c ****   return HAL_OK;
 458:Inc/STM32F3xx_HAL_Driver/Src/stm32f3xx_hal_uart_ex.c **** }
 459:Inc/STM32F3xx_HAL_Driver/Src/stm32f3xx_hal_uart_ex.c **** 
 460:Inc/STM32F3xx_HAL_Driver/Src/stm32f3xx_hal_uart_ex.c **** /**
 461:Inc/STM32F3xx_HAL_Driver/Src/stm32f3xx_hal_uart_ex.c ****   * @brief Receive an amount of data in blocking mode till either the expected number of data
 462:Inc/STM32F3xx_HAL_Driver/Src/stm32f3xx_hal_uart_ex.c ****   *        is received or an IDLE event occurs.
 463:Inc/STM32F3xx_HAL_Driver/Src/stm32f3xx_hal_uart_ex.c ****   * @note  HAL_OK is returned if reception is completed (expected number of data has been received)
 464:Inc/STM32F3xx_HAL_Driver/Src/stm32f3xx_hal_uart_ex.c ****   *        or if reception is stopped after IDLE event (less than the expected number of data has b
 465:Inc/STM32F3xx_HAL_Driver/Src/stm32f3xx_hal_uart_ex.c ****   *        In this case, RxLen output parameter indicates number of data available in reception buf
 466:Inc/STM32F3xx_HAL_Driver/Src/stm32f3xx_hal_uart_ex.c ****   * @note  When UART parity is not enabled (PCE = 0), and Word Length is configured to 9 bits (M1-M
 467:Inc/STM32F3xx_HAL_Driver/Src/stm32f3xx_hal_uart_ex.c ****   *        the received data is handled as a set of uint16_t. In this case, Size must indicate the 
 468:Inc/STM32F3xx_HAL_Driver/Src/stm32f3xx_hal_uart_ex.c ****   *        of uint16_t available through pData.
 469:Inc/STM32F3xx_HAL_Driver/Src/stm32f3xx_hal_uart_ex.c ****   * @param huart   UART handle.
 470:Inc/STM32F3xx_HAL_Driver/Src/stm32f3xx_hal_uart_ex.c ****   * @param pData   Pointer to data buffer (uint8_t or uint16_t data elements).
 471:Inc/STM32F3xx_HAL_Driver/Src/stm32f3xx_hal_uart_ex.c ****   * @param Size    Amount of data elements (uint8_t or uint16_t) to be received.
 472:Inc/STM32F3xx_HAL_Driver/Src/stm32f3xx_hal_uart_ex.c ****   * @param RxLen   Number of data elements finally received
 473:Inc/STM32F3xx_HAL_Driver/Src/stm32f3xx_hal_uart_ex.c ****   *                (could be lower than Size, in case reception ends on IDLE event)
 474:Inc/STM32F3xx_HAL_Driver/Src/stm32f3xx_hal_uart_ex.c ****   * @param Timeout Timeout duration expressed in ms (covers the whole reception sequence).
 475:Inc/STM32F3xx_HAL_Driver/Src/stm32f3xx_hal_uart_ex.c ****   * @retval HAL status
 476:Inc/STM32F3xx_HAL_Driver/Src/stm32f3xx_hal_uart_ex.c ****   */
 477:Inc/STM32F3xx_HAL_Driver/Src/stm32f3xx_hal_uart_ex.c **** HAL_StatusTypeDef HAL_UARTEx_ReceiveToIdle(UART_HandleTypeDef *huart, uint8_t *pData, uint16_t Size
 478:Inc/STM32F3xx_HAL_Driver/Src/stm32f3xx_hal_uart_ex.c ****                                            uint32_t Timeout)
 479:Inc/STM32F3xx_HAL_Driver/Src/stm32f3xx_hal_uart_ex.c **** {
 480:Inc/STM32F3xx_HAL_Driver/Src/stm32f3xx_hal_uart_ex.c ****   uint8_t  *pdata8bits;
 481:Inc/STM32F3xx_HAL_Driver/Src/stm32f3xx_hal_uart_ex.c ****   uint16_t *pdata16bits;
 482:Inc/STM32F3xx_HAL_Driver/Src/stm32f3xx_hal_uart_ex.c ****   uint16_t uhMask;
 483:Inc/STM32F3xx_HAL_Driver/Src/stm32f3xx_hal_uart_ex.c ****   uint32_t tickstart;
 484:Inc/STM32F3xx_HAL_Driver/Src/stm32f3xx_hal_uart_ex.c **** 
 485:Inc/STM32F3xx_HAL_Driver/Src/stm32f3xx_hal_uart_ex.c ****   /* Check that a Rx process is not already ongoing */
 486:Inc/STM32F3xx_HAL_Driver/Src/stm32f3xx_hal_uart_ex.c ****   if (huart->RxState == HAL_UART_STATE_READY)
ARM GAS  /tmp/ccUga7Nf.s 			page 10


 487:Inc/STM32F3xx_HAL_Driver/Src/stm32f3xx_hal_uart_ex.c ****   {
 488:Inc/STM32F3xx_HAL_Driver/Src/stm32f3xx_hal_uart_ex.c ****     if ((pData == NULL) || (Size == 0U))
 489:Inc/STM32F3xx_HAL_Driver/Src/stm32f3xx_hal_uart_ex.c ****     {
 490:Inc/STM32F3xx_HAL_Driver/Src/stm32f3xx_hal_uart_ex.c ****       return  HAL_ERROR;
 491:Inc/STM32F3xx_HAL_Driver/Src/stm32f3xx_hal_uart_ex.c ****     }
 492:Inc/STM32F3xx_HAL_Driver/Src/stm32f3xx_hal_uart_ex.c **** 
 493:Inc/STM32F3xx_HAL_Driver/Src/stm32f3xx_hal_uart_ex.c ****     huart->ErrorCode = HAL_UART_ERROR_NONE;
 494:Inc/STM32F3xx_HAL_Driver/Src/stm32f3xx_hal_uart_ex.c ****     huart->RxState = HAL_UART_STATE_BUSY_RX;
 495:Inc/STM32F3xx_HAL_Driver/Src/stm32f3xx_hal_uart_ex.c ****     huart->ReceptionType = HAL_UART_RECEPTION_TOIDLE;
 496:Inc/STM32F3xx_HAL_Driver/Src/stm32f3xx_hal_uart_ex.c ****     huart->RxEventType = HAL_UART_RXEVENT_TC;
 497:Inc/STM32F3xx_HAL_Driver/Src/stm32f3xx_hal_uart_ex.c **** 
 498:Inc/STM32F3xx_HAL_Driver/Src/stm32f3xx_hal_uart_ex.c ****     /* Init tickstart for timeout management */
 499:Inc/STM32F3xx_HAL_Driver/Src/stm32f3xx_hal_uart_ex.c ****     tickstart = HAL_GetTick();
 500:Inc/STM32F3xx_HAL_Driver/Src/stm32f3xx_hal_uart_ex.c **** 
 501:Inc/STM32F3xx_HAL_Driver/Src/stm32f3xx_hal_uart_ex.c ****     huart->RxXferSize  = Size;
 502:Inc/STM32F3xx_HAL_Driver/Src/stm32f3xx_hal_uart_ex.c ****     huart->RxXferCount = Size;
 503:Inc/STM32F3xx_HAL_Driver/Src/stm32f3xx_hal_uart_ex.c **** 
 504:Inc/STM32F3xx_HAL_Driver/Src/stm32f3xx_hal_uart_ex.c ****     /* Computation of UART mask to apply to RDR register */
 505:Inc/STM32F3xx_HAL_Driver/Src/stm32f3xx_hal_uart_ex.c ****     UART_MASK_COMPUTATION(huart);
 506:Inc/STM32F3xx_HAL_Driver/Src/stm32f3xx_hal_uart_ex.c ****     uhMask = huart->Mask;
 507:Inc/STM32F3xx_HAL_Driver/Src/stm32f3xx_hal_uart_ex.c **** 
 508:Inc/STM32F3xx_HAL_Driver/Src/stm32f3xx_hal_uart_ex.c ****     /* In case of 9bits/No Parity transfer, pRxData needs to be handled as a uint16_t pointer */
 509:Inc/STM32F3xx_HAL_Driver/Src/stm32f3xx_hal_uart_ex.c ****     if ((huart->Init.WordLength == UART_WORDLENGTH_9B) && (huart->Init.Parity == UART_PARITY_NONE))
 510:Inc/STM32F3xx_HAL_Driver/Src/stm32f3xx_hal_uart_ex.c ****     {
 511:Inc/STM32F3xx_HAL_Driver/Src/stm32f3xx_hal_uart_ex.c ****       pdata8bits  = NULL;
 512:Inc/STM32F3xx_HAL_Driver/Src/stm32f3xx_hal_uart_ex.c ****       pdata16bits = (uint16_t *) pData;
 513:Inc/STM32F3xx_HAL_Driver/Src/stm32f3xx_hal_uart_ex.c ****     }
 514:Inc/STM32F3xx_HAL_Driver/Src/stm32f3xx_hal_uart_ex.c ****     else
 515:Inc/STM32F3xx_HAL_Driver/Src/stm32f3xx_hal_uart_ex.c ****     {
 516:Inc/STM32F3xx_HAL_Driver/Src/stm32f3xx_hal_uart_ex.c ****       pdata8bits  = pData;
 517:Inc/STM32F3xx_HAL_Driver/Src/stm32f3xx_hal_uart_ex.c ****       pdata16bits = NULL;
 518:Inc/STM32F3xx_HAL_Driver/Src/stm32f3xx_hal_uart_ex.c ****     }
 519:Inc/STM32F3xx_HAL_Driver/Src/stm32f3xx_hal_uart_ex.c **** 
 520:Inc/STM32F3xx_HAL_Driver/Src/stm32f3xx_hal_uart_ex.c ****     /* Initialize output number of received elements */
 521:Inc/STM32F3xx_HAL_Driver/Src/stm32f3xx_hal_uart_ex.c ****     *RxLen = 0U;
 522:Inc/STM32F3xx_HAL_Driver/Src/stm32f3xx_hal_uart_ex.c **** 
 523:Inc/STM32F3xx_HAL_Driver/Src/stm32f3xx_hal_uart_ex.c ****     /* as long as data have to be received */
 524:Inc/STM32F3xx_HAL_Driver/Src/stm32f3xx_hal_uart_ex.c ****     while (huart->RxXferCount > 0U)
 525:Inc/STM32F3xx_HAL_Driver/Src/stm32f3xx_hal_uart_ex.c ****     {
 526:Inc/STM32F3xx_HAL_Driver/Src/stm32f3xx_hal_uart_ex.c ****       /* Check if IDLE flag is set */
 527:Inc/STM32F3xx_HAL_Driver/Src/stm32f3xx_hal_uart_ex.c ****       if (__HAL_UART_GET_FLAG(huart, UART_FLAG_IDLE))
 528:Inc/STM32F3xx_HAL_Driver/Src/stm32f3xx_hal_uart_ex.c ****       {
 529:Inc/STM32F3xx_HAL_Driver/Src/stm32f3xx_hal_uart_ex.c ****         /* Clear IDLE flag in ISR */
 530:Inc/STM32F3xx_HAL_Driver/Src/stm32f3xx_hal_uart_ex.c ****         __HAL_UART_CLEAR_FLAG(huart, UART_CLEAR_IDLEF);
 531:Inc/STM32F3xx_HAL_Driver/Src/stm32f3xx_hal_uart_ex.c **** 
 532:Inc/STM32F3xx_HAL_Driver/Src/stm32f3xx_hal_uart_ex.c ****         /* If Set, but no data ever received, clear flag without exiting loop */
 533:Inc/STM32F3xx_HAL_Driver/Src/stm32f3xx_hal_uart_ex.c ****         /* If Set, and data has already been received, this means Idle Event is valid : End recepti
 534:Inc/STM32F3xx_HAL_Driver/Src/stm32f3xx_hal_uart_ex.c ****         if (*RxLen > 0U)
 535:Inc/STM32F3xx_HAL_Driver/Src/stm32f3xx_hal_uart_ex.c ****         {
 536:Inc/STM32F3xx_HAL_Driver/Src/stm32f3xx_hal_uart_ex.c ****           huart->RxEventType = HAL_UART_RXEVENT_IDLE;
 537:Inc/STM32F3xx_HAL_Driver/Src/stm32f3xx_hal_uart_ex.c ****           huart->RxState = HAL_UART_STATE_READY;
 538:Inc/STM32F3xx_HAL_Driver/Src/stm32f3xx_hal_uart_ex.c **** 
 539:Inc/STM32F3xx_HAL_Driver/Src/stm32f3xx_hal_uart_ex.c ****           return HAL_OK;
 540:Inc/STM32F3xx_HAL_Driver/Src/stm32f3xx_hal_uart_ex.c ****         }
 541:Inc/STM32F3xx_HAL_Driver/Src/stm32f3xx_hal_uart_ex.c ****       }
 542:Inc/STM32F3xx_HAL_Driver/Src/stm32f3xx_hal_uart_ex.c **** 
 543:Inc/STM32F3xx_HAL_Driver/Src/stm32f3xx_hal_uart_ex.c ****       /* Check if RXNE flag is set */
ARM GAS  /tmp/ccUga7Nf.s 			page 11


 544:Inc/STM32F3xx_HAL_Driver/Src/stm32f3xx_hal_uart_ex.c ****       if (__HAL_UART_GET_FLAG(huart, UART_FLAG_RXNE))
 545:Inc/STM32F3xx_HAL_Driver/Src/stm32f3xx_hal_uart_ex.c ****       {
 546:Inc/STM32F3xx_HAL_Driver/Src/stm32f3xx_hal_uart_ex.c ****         if (pdata8bits == NULL)
 547:Inc/STM32F3xx_HAL_Driver/Src/stm32f3xx_hal_uart_ex.c ****         {
 548:Inc/STM32F3xx_HAL_Driver/Src/stm32f3xx_hal_uart_ex.c ****           *pdata16bits = (uint16_t)(huart->Instance->RDR & uhMask);
 549:Inc/STM32F3xx_HAL_Driver/Src/stm32f3xx_hal_uart_ex.c ****           pdata16bits++;
 550:Inc/STM32F3xx_HAL_Driver/Src/stm32f3xx_hal_uart_ex.c ****         }
 551:Inc/STM32F3xx_HAL_Driver/Src/stm32f3xx_hal_uart_ex.c ****         else
 552:Inc/STM32F3xx_HAL_Driver/Src/stm32f3xx_hal_uart_ex.c ****         {
 553:Inc/STM32F3xx_HAL_Driver/Src/stm32f3xx_hal_uart_ex.c ****           *pdata8bits = (uint8_t)(huart->Instance->RDR & (uint8_t)uhMask);
 554:Inc/STM32F3xx_HAL_Driver/Src/stm32f3xx_hal_uart_ex.c ****           pdata8bits++;
 555:Inc/STM32F3xx_HAL_Driver/Src/stm32f3xx_hal_uart_ex.c ****         }
 556:Inc/STM32F3xx_HAL_Driver/Src/stm32f3xx_hal_uart_ex.c ****         /* Increment number of received elements */
 557:Inc/STM32F3xx_HAL_Driver/Src/stm32f3xx_hal_uart_ex.c ****         *RxLen += 1U;
 558:Inc/STM32F3xx_HAL_Driver/Src/stm32f3xx_hal_uart_ex.c ****         huart->RxXferCount--;
 559:Inc/STM32F3xx_HAL_Driver/Src/stm32f3xx_hal_uart_ex.c ****       }
 560:Inc/STM32F3xx_HAL_Driver/Src/stm32f3xx_hal_uart_ex.c **** 
 561:Inc/STM32F3xx_HAL_Driver/Src/stm32f3xx_hal_uart_ex.c ****       /* Check for the Timeout */
 562:Inc/STM32F3xx_HAL_Driver/Src/stm32f3xx_hal_uart_ex.c ****       if (Timeout != HAL_MAX_DELAY)
 563:Inc/STM32F3xx_HAL_Driver/Src/stm32f3xx_hal_uart_ex.c ****       {
 564:Inc/STM32F3xx_HAL_Driver/Src/stm32f3xx_hal_uart_ex.c ****         if (((HAL_GetTick() - tickstart) > Timeout) || (Timeout == 0U))
 565:Inc/STM32F3xx_HAL_Driver/Src/stm32f3xx_hal_uart_ex.c ****         {
 566:Inc/STM32F3xx_HAL_Driver/Src/stm32f3xx_hal_uart_ex.c ****           huart->RxState = HAL_UART_STATE_READY;
 567:Inc/STM32F3xx_HAL_Driver/Src/stm32f3xx_hal_uart_ex.c **** 
 568:Inc/STM32F3xx_HAL_Driver/Src/stm32f3xx_hal_uart_ex.c ****           return HAL_TIMEOUT;
 569:Inc/STM32F3xx_HAL_Driver/Src/stm32f3xx_hal_uart_ex.c ****         }
 570:Inc/STM32F3xx_HAL_Driver/Src/stm32f3xx_hal_uart_ex.c ****       }
 571:Inc/STM32F3xx_HAL_Driver/Src/stm32f3xx_hal_uart_ex.c ****     }
 572:Inc/STM32F3xx_HAL_Driver/Src/stm32f3xx_hal_uart_ex.c **** 
 573:Inc/STM32F3xx_HAL_Driver/Src/stm32f3xx_hal_uart_ex.c ****     /* Set number of received elements in output parameter : RxLen */
 574:Inc/STM32F3xx_HAL_Driver/Src/stm32f3xx_hal_uart_ex.c ****     *RxLen = huart->RxXferSize - huart->RxXferCount;
 575:Inc/STM32F3xx_HAL_Driver/Src/stm32f3xx_hal_uart_ex.c ****     /* At end of Rx process, restore huart->RxState to Ready */
 576:Inc/STM32F3xx_HAL_Driver/Src/stm32f3xx_hal_uart_ex.c ****     huart->RxState = HAL_UART_STATE_READY;
 577:Inc/STM32F3xx_HAL_Driver/Src/stm32f3xx_hal_uart_ex.c **** 
 578:Inc/STM32F3xx_HAL_Driver/Src/stm32f3xx_hal_uart_ex.c ****     return HAL_OK;
 579:Inc/STM32F3xx_HAL_Driver/Src/stm32f3xx_hal_uart_ex.c ****   }
 580:Inc/STM32F3xx_HAL_Driver/Src/stm32f3xx_hal_uart_ex.c ****   else
 581:Inc/STM32F3xx_HAL_Driver/Src/stm32f3xx_hal_uart_ex.c ****   {
 582:Inc/STM32F3xx_HAL_Driver/Src/stm32f3xx_hal_uart_ex.c ****     return HAL_BUSY;
 583:Inc/STM32F3xx_HAL_Driver/Src/stm32f3xx_hal_uart_ex.c ****   }
 584:Inc/STM32F3xx_HAL_Driver/Src/stm32f3xx_hal_uart_ex.c **** }
 585:Inc/STM32F3xx_HAL_Driver/Src/stm32f3xx_hal_uart_ex.c **** 
 586:Inc/STM32F3xx_HAL_Driver/Src/stm32f3xx_hal_uart_ex.c **** /**
 587:Inc/STM32F3xx_HAL_Driver/Src/stm32f3xx_hal_uart_ex.c ****   * @brief Receive an amount of data in interrupt mode till either the expected number of data
 588:Inc/STM32F3xx_HAL_Driver/Src/stm32f3xx_hal_uart_ex.c ****   *        is received or an IDLE event occurs.
 589:Inc/STM32F3xx_HAL_Driver/Src/stm32f3xx_hal_uart_ex.c ****   * @note  Reception is initiated by this function call. Further progress of reception is achieved 
 590:Inc/STM32F3xx_HAL_Driver/Src/stm32f3xx_hal_uart_ex.c ****   *        to UART interrupts raised by RXNE and IDLE events. Callback is called at end of receptio
 591:Inc/STM32F3xx_HAL_Driver/Src/stm32f3xx_hal_uart_ex.c ****   *        number of received data elements.
 592:Inc/STM32F3xx_HAL_Driver/Src/stm32f3xx_hal_uart_ex.c ****   * @note  When UART parity is not enabled (PCE = 0), and Word Length is configured to 9 bits (M1-M
 593:Inc/STM32F3xx_HAL_Driver/Src/stm32f3xx_hal_uart_ex.c ****   *        the received data is handled as a set of uint16_t. In this case, Size must indicate the 
 594:Inc/STM32F3xx_HAL_Driver/Src/stm32f3xx_hal_uart_ex.c ****   *        of uint16_t available through pData.
 595:Inc/STM32F3xx_HAL_Driver/Src/stm32f3xx_hal_uart_ex.c ****   * @param huart UART handle.
 596:Inc/STM32F3xx_HAL_Driver/Src/stm32f3xx_hal_uart_ex.c ****   * @param pData Pointer to data buffer (uint8_t or uint16_t data elements).
 597:Inc/STM32F3xx_HAL_Driver/Src/stm32f3xx_hal_uart_ex.c ****   * @param Size  Amount of data elements (uint8_t or uint16_t) to be received.
 598:Inc/STM32F3xx_HAL_Driver/Src/stm32f3xx_hal_uart_ex.c ****   * @retval HAL status
 599:Inc/STM32F3xx_HAL_Driver/Src/stm32f3xx_hal_uart_ex.c ****   */
 600:Inc/STM32F3xx_HAL_Driver/Src/stm32f3xx_hal_uart_ex.c **** HAL_StatusTypeDef HAL_UARTEx_ReceiveToIdle_IT(UART_HandleTypeDef *huart, uint8_t *pData, uint16_t S
ARM GAS  /tmp/ccUga7Nf.s 			page 12


 601:Inc/STM32F3xx_HAL_Driver/Src/stm32f3xx_hal_uart_ex.c **** {
 602:Inc/STM32F3xx_HAL_Driver/Src/stm32f3xx_hal_uart_ex.c ****   HAL_StatusTypeDef status = HAL_OK;
 603:Inc/STM32F3xx_HAL_Driver/Src/stm32f3xx_hal_uart_ex.c **** 
 604:Inc/STM32F3xx_HAL_Driver/Src/stm32f3xx_hal_uart_ex.c ****   /* Check that a Rx process is not already ongoing */
 605:Inc/STM32F3xx_HAL_Driver/Src/stm32f3xx_hal_uart_ex.c ****   if (huart->RxState == HAL_UART_STATE_READY)
 606:Inc/STM32F3xx_HAL_Driver/Src/stm32f3xx_hal_uart_ex.c ****   {
 607:Inc/STM32F3xx_HAL_Driver/Src/stm32f3xx_hal_uart_ex.c ****     if ((pData == NULL) || (Size == 0U))
 608:Inc/STM32F3xx_HAL_Driver/Src/stm32f3xx_hal_uart_ex.c ****     {
 609:Inc/STM32F3xx_HAL_Driver/Src/stm32f3xx_hal_uart_ex.c ****       return HAL_ERROR;
 610:Inc/STM32F3xx_HAL_Driver/Src/stm32f3xx_hal_uart_ex.c ****     }
 611:Inc/STM32F3xx_HAL_Driver/Src/stm32f3xx_hal_uart_ex.c **** 
 612:Inc/STM32F3xx_HAL_Driver/Src/stm32f3xx_hal_uart_ex.c ****     /* Set Reception type to reception till IDLE Event*/
 613:Inc/STM32F3xx_HAL_Driver/Src/stm32f3xx_hal_uart_ex.c ****     huart->ReceptionType = HAL_UART_RECEPTION_TOIDLE;
 614:Inc/STM32F3xx_HAL_Driver/Src/stm32f3xx_hal_uart_ex.c ****     huart->RxEventType = HAL_UART_RXEVENT_TC;
 615:Inc/STM32F3xx_HAL_Driver/Src/stm32f3xx_hal_uart_ex.c **** 
 616:Inc/STM32F3xx_HAL_Driver/Src/stm32f3xx_hal_uart_ex.c ****     (void)UART_Start_Receive_IT(huart, pData, Size);
 617:Inc/STM32F3xx_HAL_Driver/Src/stm32f3xx_hal_uart_ex.c **** 
 618:Inc/STM32F3xx_HAL_Driver/Src/stm32f3xx_hal_uart_ex.c ****     if (huart->ReceptionType == HAL_UART_RECEPTION_TOIDLE)
 619:Inc/STM32F3xx_HAL_Driver/Src/stm32f3xx_hal_uart_ex.c ****     {
 620:Inc/STM32F3xx_HAL_Driver/Src/stm32f3xx_hal_uart_ex.c ****       __HAL_UART_CLEAR_FLAG(huart, UART_CLEAR_IDLEF);
 621:Inc/STM32F3xx_HAL_Driver/Src/stm32f3xx_hal_uart_ex.c ****       ATOMIC_SET_BIT(huart->Instance->CR1, USART_CR1_IDLEIE);
 622:Inc/STM32F3xx_HAL_Driver/Src/stm32f3xx_hal_uart_ex.c ****     }
 623:Inc/STM32F3xx_HAL_Driver/Src/stm32f3xx_hal_uart_ex.c ****     else
 624:Inc/STM32F3xx_HAL_Driver/Src/stm32f3xx_hal_uart_ex.c ****     {
 625:Inc/STM32F3xx_HAL_Driver/Src/stm32f3xx_hal_uart_ex.c ****       /* In case of errors already pending when reception is started,
 626:Inc/STM32F3xx_HAL_Driver/Src/stm32f3xx_hal_uart_ex.c ****          Interrupts may have already been raised and lead to reception abortion.
 627:Inc/STM32F3xx_HAL_Driver/Src/stm32f3xx_hal_uart_ex.c ****          (Overrun error for instance).
 628:Inc/STM32F3xx_HAL_Driver/Src/stm32f3xx_hal_uart_ex.c ****          In such case Reception Type has been reset to HAL_UART_RECEPTION_STANDARD. */
 629:Inc/STM32F3xx_HAL_Driver/Src/stm32f3xx_hal_uart_ex.c ****       status = HAL_ERROR;
 630:Inc/STM32F3xx_HAL_Driver/Src/stm32f3xx_hal_uart_ex.c ****     }
 631:Inc/STM32F3xx_HAL_Driver/Src/stm32f3xx_hal_uart_ex.c **** 
 632:Inc/STM32F3xx_HAL_Driver/Src/stm32f3xx_hal_uart_ex.c ****     return status;
 633:Inc/STM32F3xx_HAL_Driver/Src/stm32f3xx_hal_uart_ex.c ****   }
 634:Inc/STM32F3xx_HAL_Driver/Src/stm32f3xx_hal_uart_ex.c ****   else
 635:Inc/STM32F3xx_HAL_Driver/Src/stm32f3xx_hal_uart_ex.c ****   {
 636:Inc/STM32F3xx_HAL_Driver/Src/stm32f3xx_hal_uart_ex.c ****     return HAL_BUSY;
 637:Inc/STM32F3xx_HAL_Driver/Src/stm32f3xx_hal_uart_ex.c ****   }
 638:Inc/STM32F3xx_HAL_Driver/Src/stm32f3xx_hal_uart_ex.c **** }
 639:Inc/STM32F3xx_HAL_Driver/Src/stm32f3xx_hal_uart_ex.c **** 
 640:Inc/STM32F3xx_HAL_Driver/Src/stm32f3xx_hal_uart_ex.c **** /**
 641:Inc/STM32F3xx_HAL_Driver/Src/stm32f3xx_hal_uart_ex.c ****   * @brief Receive an amount of data in DMA mode till either the expected number
 642:Inc/STM32F3xx_HAL_Driver/Src/stm32f3xx_hal_uart_ex.c ****   *        of data is received or an IDLE event occurs.
 643:Inc/STM32F3xx_HAL_Driver/Src/stm32f3xx_hal_uart_ex.c ****   * @note  Reception is initiated by this function call. Further progress of reception is achieved 
 644:Inc/STM32F3xx_HAL_Driver/Src/stm32f3xx_hal_uart_ex.c ****   *        to DMA services, transferring automatically received data elements in user reception buf
 645:Inc/STM32F3xx_HAL_Driver/Src/stm32f3xx_hal_uart_ex.c ****   *        calling registered callbacks at half/end of reception. UART IDLE events are also used to
 646:Inc/STM32F3xx_HAL_Driver/Src/stm32f3xx_hal_uart_ex.c ****   *        reception phase as ended. In all cases, callback execution will indicate number of recei
 647:Inc/STM32F3xx_HAL_Driver/Src/stm32f3xx_hal_uart_ex.c ****   * @note  When the UART parity is enabled (PCE = 1), the received data contain
 648:Inc/STM32F3xx_HAL_Driver/Src/stm32f3xx_hal_uart_ex.c ****   *        the parity bit (MSB position).
 649:Inc/STM32F3xx_HAL_Driver/Src/stm32f3xx_hal_uart_ex.c ****   * @note  When UART parity is not enabled (PCE = 0), and Word Length is configured to 9 bits (M1-M
 650:Inc/STM32F3xx_HAL_Driver/Src/stm32f3xx_hal_uart_ex.c ****   *        the received data is handled as a set of uint16_t. In this case, Size must indicate the 
 651:Inc/STM32F3xx_HAL_Driver/Src/stm32f3xx_hal_uart_ex.c ****   *        of uint16_t available through pData.
 652:Inc/STM32F3xx_HAL_Driver/Src/stm32f3xx_hal_uart_ex.c ****   * @param huart UART handle.
 653:Inc/STM32F3xx_HAL_Driver/Src/stm32f3xx_hal_uart_ex.c ****   * @param pData Pointer to data buffer (uint8_t or uint16_t data elements).
 654:Inc/STM32F3xx_HAL_Driver/Src/stm32f3xx_hal_uart_ex.c ****   * @param Size  Amount of data elements (uint8_t or uint16_t) to be received.
 655:Inc/STM32F3xx_HAL_Driver/Src/stm32f3xx_hal_uart_ex.c ****   * @retval HAL status
 656:Inc/STM32F3xx_HAL_Driver/Src/stm32f3xx_hal_uart_ex.c ****   */
 657:Inc/STM32F3xx_HAL_Driver/Src/stm32f3xx_hal_uart_ex.c **** HAL_StatusTypeDef HAL_UARTEx_ReceiveToIdle_DMA(UART_HandleTypeDef *huart, uint8_t *pData, uint16_t 
ARM GAS  /tmp/ccUga7Nf.s 			page 13


 658:Inc/STM32F3xx_HAL_Driver/Src/stm32f3xx_hal_uart_ex.c **** {
 659:Inc/STM32F3xx_HAL_Driver/Src/stm32f3xx_hal_uart_ex.c ****   HAL_StatusTypeDef status;
 660:Inc/STM32F3xx_HAL_Driver/Src/stm32f3xx_hal_uart_ex.c **** 
 661:Inc/STM32F3xx_HAL_Driver/Src/stm32f3xx_hal_uart_ex.c ****   /* Check that a Rx process is not already ongoing */
 662:Inc/STM32F3xx_HAL_Driver/Src/stm32f3xx_hal_uart_ex.c ****   if (huart->RxState == HAL_UART_STATE_READY)
 663:Inc/STM32F3xx_HAL_Driver/Src/stm32f3xx_hal_uart_ex.c ****   {
 664:Inc/STM32F3xx_HAL_Driver/Src/stm32f3xx_hal_uart_ex.c ****     if ((pData == NULL) || (Size == 0U))
 665:Inc/STM32F3xx_HAL_Driver/Src/stm32f3xx_hal_uart_ex.c ****     {
 666:Inc/STM32F3xx_HAL_Driver/Src/stm32f3xx_hal_uart_ex.c ****       return HAL_ERROR;
 667:Inc/STM32F3xx_HAL_Driver/Src/stm32f3xx_hal_uart_ex.c ****     }
 668:Inc/STM32F3xx_HAL_Driver/Src/stm32f3xx_hal_uart_ex.c **** 
 669:Inc/STM32F3xx_HAL_Driver/Src/stm32f3xx_hal_uart_ex.c ****     /* Set Reception type to reception till IDLE Event*/
 670:Inc/STM32F3xx_HAL_Driver/Src/stm32f3xx_hal_uart_ex.c ****     huart->ReceptionType = HAL_UART_RECEPTION_TOIDLE;
 671:Inc/STM32F3xx_HAL_Driver/Src/stm32f3xx_hal_uart_ex.c ****     huart->RxEventType = HAL_UART_RXEVENT_TC;
 672:Inc/STM32F3xx_HAL_Driver/Src/stm32f3xx_hal_uart_ex.c **** 
 673:Inc/STM32F3xx_HAL_Driver/Src/stm32f3xx_hal_uart_ex.c ****     status =  UART_Start_Receive_DMA(huart, pData, Size);
 674:Inc/STM32F3xx_HAL_Driver/Src/stm32f3xx_hal_uart_ex.c **** 
 675:Inc/STM32F3xx_HAL_Driver/Src/stm32f3xx_hal_uart_ex.c ****     /* Check Rx process has been successfully started */
 676:Inc/STM32F3xx_HAL_Driver/Src/stm32f3xx_hal_uart_ex.c ****     if (status == HAL_OK)
 677:Inc/STM32F3xx_HAL_Driver/Src/stm32f3xx_hal_uart_ex.c ****     {
 678:Inc/STM32F3xx_HAL_Driver/Src/stm32f3xx_hal_uart_ex.c ****       if (huart->ReceptionType == HAL_UART_RECEPTION_TOIDLE)
 679:Inc/STM32F3xx_HAL_Driver/Src/stm32f3xx_hal_uart_ex.c ****       {
 680:Inc/STM32F3xx_HAL_Driver/Src/stm32f3xx_hal_uart_ex.c ****         __HAL_UART_CLEAR_FLAG(huart, UART_CLEAR_IDLEF);
 681:Inc/STM32F3xx_HAL_Driver/Src/stm32f3xx_hal_uart_ex.c ****         ATOMIC_SET_BIT(huart->Instance->CR1, USART_CR1_IDLEIE);
 682:Inc/STM32F3xx_HAL_Driver/Src/stm32f3xx_hal_uart_ex.c ****       }
 683:Inc/STM32F3xx_HAL_Driver/Src/stm32f3xx_hal_uart_ex.c ****       else
 684:Inc/STM32F3xx_HAL_Driver/Src/stm32f3xx_hal_uart_ex.c ****       {
 685:Inc/STM32F3xx_HAL_Driver/Src/stm32f3xx_hal_uart_ex.c ****         /* In case of errors already pending when reception is started,
 686:Inc/STM32F3xx_HAL_Driver/Src/stm32f3xx_hal_uart_ex.c ****            Interrupts may have already been raised and lead to reception abortion.
 687:Inc/STM32F3xx_HAL_Driver/Src/stm32f3xx_hal_uart_ex.c ****            (Overrun error for instance).
 688:Inc/STM32F3xx_HAL_Driver/Src/stm32f3xx_hal_uart_ex.c ****            In such case Reception Type has been reset to HAL_UART_RECEPTION_STANDARD. */
 689:Inc/STM32F3xx_HAL_Driver/Src/stm32f3xx_hal_uart_ex.c ****         status = HAL_ERROR;
 690:Inc/STM32F3xx_HAL_Driver/Src/stm32f3xx_hal_uart_ex.c ****       }
 691:Inc/STM32F3xx_HAL_Driver/Src/stm32f3xx_hal_uart_ex.c ****     }
 692:Inc/STM32F3xx_HAL_Driver/Src/stm32f3xx_hal_uart_ex.c **** 
 693:Inc/STM32F3xx_HAL_Driver/Src/stm32f3xx_hal_uart_ex.c ****     return status;
 694:Inc/STM32F3xx_HAL_Driver/Src/stm32f3xx_hal_uart_ex.c ****   }
 695:Inc/STM32F3xx_HAL_Driver/Src/stm32f3xx_hal_uart_ex.c ****   else
 696:Inc/STM32F3xx_HAL_Driver/Src/stm32f3xx_hal_uart_ex.c ****   {
 697:Inc/STM32F3xx_HAL_Driver/Src/stm32f3xx_hal_uart_ex.c ****     return HAL_BUSY;
 698:Inc/STM32F3xx_HAL_Driver/Src/stm32f3xx_hal_uart_ex.c ****   }
 699:Inc/STM32F3xx_HAL_Driver/Src/stm32f3xx_hal_uart_ex.c **** }
 700:Inc/STM32F3xx_HAL_Driver/Src/stm32f3xx_hal_uart_ex.c **** 
 701:Inc/STM32F3xx_HAL_Driver/Src/stm32f3xx_hal_uart_ex.c **** /**
 702:Inc/STM32F3xx_HAL_Driver/Src/stm32f3xx_hal_uart_ex.c ****   * @brief Provide Rx Event type that has lead to RxEvent callback execution.
 703:Inc/STM32F3xx_HAL_Driver/Src/stm32f3xx_hal_uart_ex.c ****   * @note  When HAL_UARTEx_ReceiveToIdle_IT() or HAL_UARTEx_ReceiveToIdle_DMA() API are called, pro
 704:Inc/STM32F3xx_HAL_Driver/Src/stm32f3xx_hal_uart_ex.c ****   *        of reception process is provided to application through calls of Rx Event callback (eith
 705:Inc/STM32F3xx_HAL_Driver/Src/stm32f3xx_hal_uart_ex.c ****   *        HAL_UARTEx_RxEventCallback() or user registered one). As several types of events could o
 706:Inc/STM32F3xx_HAL_Driver/Src/stm32f3xx_hal_uart_ex.c ****   *        Half Transfer, or Transfer Complete), this function allows to retrieve the Rx Event type
 707:Inc/STM32F3xx_HAL_Driver/Src/stm32f3xx_hal_uart_ex.c ****   *        to Rx Event callback execution.
 708:Inc/STM32F3xx_HAL_Driver/Src/stm32f3xx_hal_uart_ex.c ****   * @note  This function is expected to be called within the user implementation of Rx Event Callba
 709:Inc/STM32F3xx_HAL_Driver/Src/stm32f3xx_hal_uart_ex.c ****   *        in order to provide the accurate value :
 710:Inc/STM32F3xx_HAL_Driver/Src/stm32f3xx_hal_uart_ex.c ****   *        In Interrupt Mode :
 711:Inc/STM32F3xx_HAL_Driver/Src/stm32f3xx_hal_uart_ex.c ****   *           - HAL_UART_RXEVENT_TC : when Reception has been completed (expected nb of data has be
 712:Inc/STM32F3xx_HAL_Driver/Src/stm32f3xx_hal_uart_ex.c ****   *           - HAL_UART_RXEVENT_IDLE : when Idle event occurred prior reception has been completed
 713:Inc/STM32F3xx_HAL_Driver/Src/stm32f3xx_hal_uart_ex.c ****   *             received data is lower than expected one)
 714:Inc/STM32F3xx_HAL_Driver/Src/stm32f3xx_hal_uart_ex.c ****   *        In DMA Mode :
ARM GAS  /tmp/ccUga7Nf.s 			page 14


 715:Inc/STM32F3xx_HAL_Driver/Src/stm32f3xx_hal_uart_ex.c ****   *           - HAL_UART_RXEVENT_TC : when Reception has been completed (expected nb of data has be
 716:Inc/STM32F3xx_HAL_Driver/Src/stm32f3xx_hal_uart_ex.c ****   *           - HAL_UART_RXEVENT_HT : when half of expected nb of data has been received
 717:Inc/STM32F3xx_HAL_Driver/Src/stm32f3xx_hal_uart_ex.c ****   *           - HAL_UART_RXEVENT_IDLE : when Idle event occurred prior reception has been completed
 718:Inc/STM32F3xx_HAL_Driver/Src/stm32f3xx_hal_uart_ex.c ****   *             received data is lower than expected one).
 719:Inc/STM32F3xx_HAL_Driver/Src/stm32f3xx_hal_uart_ex.c ****   *        In DMA mode, RxEvent callback could be called several times;
 720:Inc/STM32F3xx_HAL_Driver/Src/stm32f3xx_hal_uart_ex.c ****   *        When DMA is configured in Normal Mode, HT event does not stop Reception process;
 721:Inc/STM32F3xx_HAL_Driver/Src/stm32f3xx_hal_uart_ex.c ****   *        When DMA is configured in Circular Mode, HT, TC or IDLE events don't stop Reception proc
 722:Inc/STM32F3xx_HAL_Driver/Src/stm32f3xx_hal_uart_ex.c ****   * @param  huart UART handle.
 723:Inc/STM32F3xx_HAL_Driver/Src/stm32f3xx_hal_uart_ex.c ****   * @retval Rx Event Type (return vale will be a value of @ref UART_RxEvent_Type_Values)
 724:Inc/STM32F3xx_HAL_Driver/Src/stm32f3xx_hal_uart_ex.c ****   */
 725:Inc/STM32F3xx_HAL_Driver/Src/stm32f3xx_hal_uart_ex.c **** HAL_UART_RxEventTypeTypeDef HAL_UARTEx_GetRxEventType(const UART_HandleTypeDef *huart)
 726:Inc/STM32F3xx_HAL_Driver/Src/stm32f3xx_hal_uart_ex.c **** {
 727:Inc/STM32F3xx_HAL_Driver/Src/stm32f3xx_hal_uart_ex.c ****   /* Return Rx Event type value, as stored in UART handle */
 728:Inc/STM32F3xx_HAL_Driver/Src/stm32f3xx_hal_uart_ex.c ****   return (huart->RxEventType);
 729:Inc/STM32F3xx_HAL_Driver/Src/stm32f3xx_hal_uart_ex.c **** }
 730:Inc/STM32F3xx_HAL_Driver/Src/stm32f3xx_hal_uart_ex.c **** 
 731:Inc/STM32F3xx_HAL_Driver/Src/stm32f3xx_hal_uart_ex.c **** /**
 732:Inc/STM32F3xx_HAL_Driver/Src/stm32f3xx_hal_uart_ex.c ****   * @}
 733:Inc/STM32F3xx_HAL_Driver/Src/stm32f3xx_hal_uart_ex.c ****   */
 734:Inc/STM32F3xx_HAL_Driver/Src/stm32f3xx_hal_uart_ex.c **** 
 735:Inc/STM32F3xx_HAL_Driver/Src/stm32f3xx_hal_uart_ex.c **** /**
 736:Inc/STM32F3xx_HAL_Driver/Src/stm32f3xx_hal_uart_ex.c ****   * @}
 737:Inc/STM32F3xx_HAL_Driver/Src/stm32f3xx_hal_uart_ex.c ****   */
 738:Inc/STM32F3xx_HAL_Driver/Src/stm32f3xx_hal_uart_ex.c **** 
 739:Inc/STM32F3xx_HAL_Driver/Src/stm32f3xx_hal_uart_ex.c **** /** @addtogroup UARTEx_Private_Functions
 740:Inc/STM32F3xx_HAL_Driver/Src/stm32f3xx_hal_uart_ex.c ****   * @{
 741:Inc/STM32F3xx_HAL_Driver/Src/stm32f3xx_hal_uart_ex.c ****   */
 742:Inc/STM32F3xx_HAL_Driver/Src/stm32f3xx_hal_uart_ex.c **** 
 743:Inc/STM32F3xx_HAL_Driver/Src/stm32f3xx_hal_uart_ex.c **** /**
 744:Inc/STM32F3xx_HAL_Driver/Src/stm32f3xx_hal_uart_ex.c ****   * @brief Initialize the UART wake-up from stop mode parameters when triggered by address detectio
 745:Inc/STM32F3xx_HAL_Driver/Src/stm32f3xx_hal_uart_ex.c ****   * @param huart           UART handle.
 746:Inc/STM32F3xx_HAL_Driver/Src/stm32f3xx_hal_uart_ex.c ****   * @param WakeUpSelection UART wake up from stop mode parameters.
 747:Inc/STM32F3xx_HAL_Driver/Src/stm32f3xx_hal_uart_ex.c ****   * @retval None
 748:Inc/STM32F3xx_HAL_Driver/Src/stm32f3xx_hal_uart_ex.c ****   */
 749:Inc/STM32F3xx_HAL_Driver/Src/stm32f3xx_hal_uart_ex.c **** static void UARTEx_Wakeup_AddressConfig(UART_HandleTypeDef *huart, UART_WakeUpTypeDef WakeUpSelecti
 750:Inc/STM32F3xx_HAL_Driver/Src/stm32f3xx_hal_uart_ex.c **** {
  29              		.loc 1 750 1 view -0
  30              		.cfi_startproc
  31              		@ args = 0, pretend = 0, frame = 8
  32              		@ frame_needed = 0, uses_anonymous_args = 0
  33              		@ link register save eliminated.
  34              		.loc 1 750 1 is_stmt 0 view .LVU1
  35 0000 82B0     		sub	sp, sp, #8
  36              		.cfi_def_cfa_offset 8
  37 0002 02AB     		add	r3, sp, #8
  38 0004 03E90600 		stmdb	r3, {r1, r2}
 751:Inc/STM32F3xx_HAL_Driver/Src/stm32f3xx_hal_uart_ex.c ****   assert_param(IS_UART_ADDRESSLENGTH_DETECT(WakeUpSelection.AddressLength));
  39              		.loc 1 751 3 is_stmt 1 view .LVU2
 752:Inc/STM32F3xx_HAL_Driver/Src/stm32f3xx_hal_uart_ex.c **** 
 753:Inc/STM32F3xx_HAL_Driver/Src/stm32f3xx_hal_uart_ex.c ****   /* Set the USART address length */
 754:Inc/STM32F3xx_HAL_Driver/Src/stm32f3xx_hal_uart_ex.c ****   MODIFY_REG(huart->Instance->CR2, USART_CR2_ADDM7, WakeUpSelection.AddressLength);
  40              		.loc 1 754 3 view .LVU3
  41 0008 0268     		ldr	r2, [r0]
  42 000a 5368     		ldr	r3, [r2, #4]
  43 000c 23F01003 		bic	r3, r3, #16
  44 0010 BDF80410 		ldrh	r1, [sp, #4]
  45 0014 0B43     		orrs	r3, r3, r1
ARM GAS  /tmp/ccUga7Nf.s 			page 15


  46 0016 5360     		str	r3, [r2, #4]
 755:Inc/STM32F3xx_HAL_Driver/Src/stm32f3xx_hal_uart_ex.c **** 
 756:Inc/STM32F3xx_HAL_Driver/Src/stm32f3xx_hal_uart_ex.c ****   /* Set the USART address node */
 757:Inc/STM32F3xx_HAL_Driver/Src/stm32f3xx_hal_uart_ex.c ****   MODIFY_REG(huart->Instance->CR2, USART_CR2_ADD, ((uint32_t)WakeUpSelection.Address << UART_CR2_AD
  47              		.loc 1 757 3 view .LVU4
  48 0018 0268     		ldr	r2, [r0]
  49 001a 5368     		ldr	r3, [r2, #4]
  50 001c 23F07F43 		bic	r3, r3, #-16777216
  51 0020 9DF80610 		ldrb	r1, [sp, #6]	@ zero_extendqisi2
  52 0024 43EA0163 		orr	r3, r3, r1, lsl #24
  53 0028 5360     		str	r3, [r2, #4]
 758:Inc/STM32F3xx_HAL_Driver/Src/stm32f3xx_hal_uart_ex.c **** }
  54              		.loc 1 758 1 is_stmt 0 view .LVU5
  55 002a 02B0     		add	sp, sp, #8
  56              		.cfi_def_cfa_offset 0
  57              		@ sp needed
  58 002c 7047     		bx	lr
  59              		.cfi_endproc
  60              	.LFE140:
  62              		.section	.text.HAL_RS485Ex_Init,"ax",%progbits
  63              		.align	1
  64              		.global	HAL_RS485Ex_Init
  65              		.syntax unified
  66              		.thumb
  67              		.thumb_func
  69              	HAL_RS485Ex_Init:
  70              	.LVL1:
  71              	.LFB130:
 150:Inc/STM32F3xx_HAL_Driver/Src/stm32f3xx_hal_uart_ex.c ****   uint32_t temp;
  72              		.loc 1 150 1 is_stmt 1 view -0
  73              		.cfi_startproc
  74              		@ args = 0, pretend = 0, frame = 0
  75              		@ frame_needed = 0, uses_anonymous_args = 0
 151:Inc/STM32F3xx_HAL_Driver/Src/stm32f3xx_hal_uart_ex.c **** 
  76              		.loc 1 151 3 view .LVU7
 154:Inc/STM32F3xx_HAL_Driver/Src/stm32f3xx_hal_uart_ex.c ****   {
  77              		.loc 1 154 3 view .LVU8
 154:Inc/STM32F3xx_HAL_Driver/Src/stm32f3xx_hal_uart_ex.c ****   {
  78              		.loc 1 154 6 is_stmt 0 view .LVU9
  79 0000 0028     		cmp	r0, #0
  80 0002 3AD0     		beq	.L7
 150:Inc/STM32F3xx_HAL_Driver/Src/stm32f3xx_hal_uart_ex.c ****   uint32_t temp;
  81              		.loc 1 150 1 view .LVU10
  82 0004 F8B5     		push	{r3, r4, r5, r6, r7, lr}
  83              		.cfi_def_cfa_offset 24
  84              		.cfi_offset 3, -24
  85              		.cfi_offset 4, -20
  86              		.cfi_offset 5, -16
  87              		.cfi_offset 6, -12
  88              		.cfi_offset 7, -8
  89              		.cfi_offset 14, -4
  90 0006 0F46     		mov	r7, r1
  91 0008 1646     		mov	r6, r2
  92 000a 1D46     		mov	r5, r3
  93 000c 0446     		mov	r4, r0
 159:Inc/STM32F3xx_HAL_Driver/Src/stm32f3xx_hal_uart_ex.c **** 
  94              		.loc 1 159 3 is_stmt 1 view .LVU11
ARM GAS  /tmp/ccUga7Nf.s 			page 16


 162:Inc/STM32F3xx_HAL_Driver/Src/stm32f3xx_hal_uart_ex.c **** 
  95              		.loc 1 162 3 view .LVU12
 165:Inc/STM32F3xx_HAL_Driver/Src/stm32f3xx_hal_uart_ex.c **** 
  96              		.loc 1 165 3 view .LVU13
 168:Inc/STM32F3xx_HAL_Driver/Src/stm32f3xx_hal_uart_ex.c **** 
  97              		.loc 1 168 3 view .LVU14
 170:Inc/STM32F3xx_HAL_Driver/Src/stm32f3xx_hal_uart_ex.c ****   {
  98              		.loc 1 170 3 view .LVU15
 170:Inc/STM32F3xx_HAL_Driver/Src/stm32f3xx_hal_uart_ex.c ****   {
  99              		.loc 1 170 12 is_stmt 0 view .LVU16
 100 000e C36F     		ldr	r3, [r0, #124]
 101              	.LVL2:
 170:Inc/STM32F3xx_HAL_Driver/Src/stm32f3xx_hal_uart_ex.c ****   {
 102              		.loc 1 170 6 view .LVU17
 103 0010 53B3     		cbz	r3, .L12
 104              	.LVL3:
 105              	.L5:
 191:Inc/STM32F3xx_HAL_Driver/Src/stm32f3xx_hal_uart_ex.c **** 
 106              		.loc 1 191 3 is_stmt 1 view .LVU18
 191:Inc/STM32F3xx_HAL_Driver/Src/stm32f3xx_hal_uart_ex.c **** 
 107              		.loc 1 191 17 is_stmt 0 view .LVU19
 108 0012 2423     		movs	r3, #36
 109 0014 E367     		str	r3, [r4, #124]
 194:Inc/STM32F3xx_HAL_Driver/Src/stm32f3xx_hal_uart_ex.c **** 
 110              		.loc 1 194 3 is_stmt 1 view .LVU20
 111 0016 2268     		ldr	r2, [r4]
 112 0018 1368     		ldr	r3, [r2]
 113 001a 23F00103 		bic	r3, r3, #1
 114 001e 1360     		str	r3, [r2]
 198:Inc/STM32F3xx_HAL_Driver/Src/stm32f3xx_hal_uart_ex.c ****   {
 115              		.loc 1 198 3 view .LVU21
 198:Inc/STM32F3xx_HAL_Driver/Src/stm32f3xx_hal_uart_ex.c ****   {
 116              		.loc 1 198 26 is_stmt 0 view .LVU22
 117 0020 636A     		ldr	r3, [r4, #36]
 198:Inc/STM32F3xx_HAL_Driver/Src/stm32f3xx_hal_uart_ex.c ****   {
 118              		.loc 1 198 6 view .LVU23
 119 0022 33BB     		cbnz	r3, .L13
 120              	.L6:
 204:Inc/STM32F3xx_HAL_Driver/Src/stm32f3xx_hal_uart_ex.c ****   {
 121              		.loc 1 204 3 is_stmt 1 view .LVU24
 204:Inc/STM32F3xx_HAL_Driver/Src/stm32f3xx_hal_uart_ex.c ****   {
 122              		.loc 1 204 7 is_stmt 0 view .LVU25
 123 0024 2046     		mov	r0, r4
 124 0026 FFF7FEFF 		bl	UART_SetConfig
 125              	.LVL4:
 204:Inc/STM32F3xx_HAL_Driver/Src/stm32f3xx_hal_uart_ex.c ****   {
 126              		.loc 1 204 6 discriminator 1 view .LVU26
 127 002a 0128     		cmp	r0, #1
 128 002c 1BD0     		beq	.L4
 210:Inc/STM32F3xx_HAL_Driver/Src/stm32f3xx_hal_uart_ex.c **** 
 129              		.loc 1 210 3 is_stmt 1 view .LVU27
 130 002e 2268     		ldr	r2, [r4]
 131 0030 9368     		ldr	r3, [r2, #8]
 132 0032 43F48043 		orr	r3, r3, #16384
 133 0036 9360     		str	r3, [r2, #8]
 213:Inc/STM32F3xx_HAL_Driver/Src/stm32f3xx_hal_uart_ex.c **** 
 134              		.loc 1 213 3 view .LVU28
ARM GAS  /tmp/ccUga7Nf.s 			page 17


 135 0038 2268     		ldr	r2, [r4]
 136 003a 9368     		ldr	r3, [r2, #8]
 137 003c 23F40043 		bic	r3, r3, #32768
 138 0040 3B43     		orrs	r3, r3, r7
 139 0042 9360     		str	r3, [r2, #8]
 216:Inc/STM32F3xx_HAL_Driver/Src/stm32f3xx_hal_uart_ex.c ****   temp |= (DeassertionTime << UART_CR1_DEDT_ADDRESS_LSB_POS);
 140              		.loc 1 216 3 view .LVU29
 141              	.LVL5:
 217:Inc/STM32F3xx_HAL_Driver/Src/stm32f3xx_hal_uart_ex.c ****   MODIFY_REG(huart->Instance->CR1, (USART_CR1_DEDT | USART_CR1_DEAT), temp);
 142              		.loc 1 217 3 view .LVU30
 217:Inc/STM32F3xx_HAL_Driver/Src/stm32f3xx_hal_uart_ex.c ****   MODIFY_REG(huart->Instance->CR1, (USART_CR1_DEDT | USART_CR1_DEAT), temp);
 143              		.loc 1 217 28 is_stmt 0 view .LVU31
 144 0044 2D04     		lsls	r5, r5, #16
 145              	.LVL6:
 217:Inc/STM32F3xx_HAL_Driver/Src/stm32f3xx_hal_uart_ex.c ****   MODIFY_REG(huart->Instance->CR1, (USART_CR1_DEDT | USART_CR1_DEAT), temp);
 146              		.loc 1 217 8 view .LVU32
 147 0046 45EA4652 		orr	r2, r5, r6, lsl #21
 148              	.LVL7:
 218:Inc/STM32F3xx_HAL_Driver/Src/stm32f3xx_hal_uart_ex.c **** 
 149              		.loc 1 218 3 is_stmt 1 view .LVU33
 150 004a 2168     		ldr	r1, [r4]
 151 004c 0B68     		ldr	r3, [r1]
 152 004e 6FF31943 		bfc	r3, #16, #10
 153 0052 1343     		orrs	r3, r3, r2
 154 0054 0B60     		str	r3, [r1]
 221:Inc/STM32F3xx_HAL_Driver/Src/stm32f3xx_hal_uart_ex.c **** 
 155              		.loc 1 221 3 view .LVU34
 156 0056 2268     		ldr	r2, [r4]
 157              	.LVL8:
 221:Inc/STM32F3xx_HAL_Driver/Src/stm32f3xx_hal_uart_ex.c **** 
 158              		.loc 1 221 3 is_stmt 0 view .LVU35
 159 0058 1368     		ldr	r3, [r2]
 160 005a 43F00103 		orr	r3, r3, #1
 161 005e 1360     		str	r3, [r2]
 224:Inc/STM32F3xx_HAL_Driver/Src/stm32f3xx_hal_uart_ex.c **** }
 162              		.loc 1 224 3 is_stmt 1 view .LVU36
 224:Inc/STM32F3xx_HAL_Driver/Src/stm32f3xx_hal_uart_ex.c **** }
 163              		.loc 1 224 11 is_stmt 0 view .LVU37
 164 0060 2046     		mov	r0, r4
 165 0062 FFF7FEFF 		bl	UART_CheckIdleState
 166              	.LVL9:
 167              	.L4:
 225:Inc/STM32F3xx_HAL_Driver/Src/stm32f3xx_hal_uart_ex.c **** 
 168              		.loc 1 225 1 view .LVU38
 169 0066 F8BD     		pop	{r3, r4, r5, r6, r7, pc}
 170              	.LVL10:
 171              	.L12:
 173:Inc/STM32F3xx_HAL_Driver/Src/stm32f3xx_hal_uart_ex.c **** 
 172              		.loc 1 173 5 is_stmt 1 view .LVU39
 173:Inc/STM32F3xx_HAL_Driver/Src/stm32f3xx_hal_uart_ex.c **** 
 173              		.loc 1 173 17 is_stmt 0 view .LVU40
 174 0068 80F87830 		strb	r3, [r0, #120]
 187:Inc/STM32F3xx_HAL_Driver/Src/stm32f3xx_hal_uart_ex.c **** #endif /* (USE_HAL_UART_REGISTER_CALLBACKS) */
 175              		.loc 1 187 5 is_stmt 1 view .LVU41
 176 006c FFF7FEFF 		bl	HAL_UART_MspInit
 177              	.LVL11:
 187:Inc/STM32F3xx_HAL_Driver/Src/stm32f3xx_hal_uart_ex.c **** #endif /* (USE_HAL_UART_REGISTER_CALLBACKS) */
ARM GAS  /tmp/ccUga7Nf.s 			page 18


 178              		.loc 1 187 5 is_stmt 0 view .LVU42
 179 0070 CFE7     		b	.L5
 180              	.L13:
 200:Inc/STM32F3xx_HAL_Driver/Src/stm32f3xx_hal_uart_ex.c ****   }
 181              		.loc 1 200 5 is_stmt 1 view .LVU43
 182 0072 2046     		mov	r0, r4
 183 0074 FFF7FEFF 		bl	UART_AdvFeatureConfig
 184              	.LVL12:
 185 0078 D4E7     		b	.L6
 186              	.LVL13:
 187              	.L7:
 188              		.cfi_def_cfa_offset 0
 189              		.cfi_restore 3
 190              		.cfi_restore 4
 191              		.cfi_restore 5
 192              		.cfi_restore 6
 193              		.cfi_restore 7
 194              		.cfi_restore 14
 156:Inc/STM32F3xx_HAL_Driver/Src/stm32f3xx_hal_uart_ex.c ****   }
 195              		.loc 1 156 12 is_stmt 0 view .LVU44
 196 007a 0120     		movs	r0, #1
 197              	.LVL14:
 225:Inc/STM32F3xx_HAL_Driver/Src/stm32f3xx_hal_uart_ex.c **** 
 198              		.loc 1 225 1 view .LVU45
 199 007c 7047     		bx	lr
 200              		.cfi_endproc
 201              	.LFE130:
 203              		.section	.text.HAL_UARTEx_WakeupCallback,"ax",%progbits
 204              		.align	1
 205              		.weak	HAL_UARTEx_WakeupCallback
 206              		.syntax unified
 207              		.thumb
 208              		.thumb_func
 210              	HAL_UARTEx_WakeupCallback:
 211              	.LVL15:
 212              	.LFB131:
 253:Inc/STM32F3xx_HAL_Driver/Src/stm32f3xx_hal_uart_ex.c ****   /* Prevent unused argument(s) compilation warning */
 213              		.loc 1 253 1 is_stmt 1 view -0
 214              		.cfi_startproc
 215              		@ args = 0, pretend = 0, frame = 0
 216              		@ frame_needed = 0, uses_anonymous_args = 0
 217              		@ link register save eliminated.
 255:Inc/STM32F3xx_HAL_Driver/Src/stm32f3xx_hal_uart_ex.c **** 
 218              		.loc 1 255 3 view .LVU47
 260:Inc/STM32F3xx_HAL_Driver/Src/stm32f3xx_hal_uart_ex.c **** 
 219              		.loc 1 260 1 is_stmt 0 view .LVU48
 220 0000 7047     		bx	lr
 221              		.cfi_endproc
 222              	.LFE131:
 224              		.section	.text.HAL_MultiProcessorEx_AddressLength_Set,"ax",%progbits
 225              		.align	1
 226              		.global	HAL_MultiProcessorEx_AddressLength_Set
 227              		.syntax unified
 228              		.thumb
 229              		.thumb_func
 231              	HAL_MultiProcessorEx_AddressLength_Set:
 232              	.LVL16:
ARM GAS  /tmp/ccUga7Nf.s 			page 19


 233              	.LFB132:
 335:Inc/STM32F3xx_HAL_Driver/Src/stm32f3xx_hal_uart_ex.c ****   /* Check the UART handle allocation */
 234              		.loc 1 335 1 is_stmt 1 view -0
 235              		.cfi_startproc
 236              		@ args = 0, pretend = 0, frame = 0
 237              		@ frame_needed = 0, uses_anonymous_args = 0
 337:Inc/STM32F3xx_HAL_Driver/Src/stm32f3xx_hal_uart_ex.c ****   {
 238              		.loc 1 337 3 view .LVU50
 337:Inc/STM32F3xx_HAL_Driver/Src/stm32f3xx_hal_uart_ex.c ****   {
 239              		.loc 1 337 6 is_stmt 0 view .LVU51
 240 0000 B8B1     		cbz	r0, .L17
 335:Inc/STM32F3xx_HAL_Driver/Src/stm32f3xx_hal_uart_ex.c ****   /* Check the UART handle allocation */
 241              		.loc 1 335 1 view .LVU52
 242 0002 08B5     		push	{r3, lr}
 243              		.cfi_def_cfa_offset 8
 244              		.cfi_offset 3, -8
 245              		.cfi_offset 14, -4
 246 0004 0346     		mov	r3, r0
 343:Inc/STM32F3xx_HAL_Driver/Src/stm32f3xx_hal_uart_ex.c **** 
 247              		.loc 1 343 3 is_stmt 1 view .LVU53
 345:Inc/STM32F3xx_HAL_Driver/Src/stm32f3xx_hal_uart_ex.c **** 
 248              		.loc 1 345 3 view .LVU54
 345:Inc/STM32F3xx_HAL_Driver/Src/stm32f3xx_hal_uart_ex.c **** 
 249              		.loc 1 345 17 is_stmt 0 view .LVU55
 250 0006 2422     		movs	r2, #36
 251 0008 C267     		str	r2, [r0, #124]
 348:Inc/STM32F3xx_HAL_Driver/Src/stm32f3xx_hal_uart_ex.c **** 
 252              		.loc 1 348 3 is_stmt 1 view .LVU56
 253 000a 0068     		ldr	r0, [r0]
 254              	.LVL17:
 348:Inc/STM32F3xx_HAL_Driver/Src/stm32f3xx_hal_uart_ex.c **** 
 255              		.loc 1 348 3 is_stmt 0 view .LVU57
 256 000c 0268     		ldr	r2, [r0]
 257 000e 22F00102 		bic	r2, r2, #1
 258 0012 0260     		str	r2, [r0]
 351:Inc/STM32F3xx_HAL_Driver/Src/stm32f3xx_hal_uart_ex.c **** 
 259              		.loc 1 351 3 is_stmt 1 view .LVU58
 260 0014 1868     		ldr	r0, [r3]
 261 0016 4268     		ldr	r2, [r0, #4]
 262 0018 22F01002 		bic	r2, r2, #16
 263 001c 1143     		orrs	r1, r1, r2
 264              	.LVL18:
 351:Inc/STM32F3xx_HAL_Driver/Src/stm32f3xx_hal_uart_ex.c **** 
 265              		.loc 1 351 3 is_stmt 0 view .LVU59
 266 001e 4160     		str	r1, [r0, #4]
 354:Inc/STM32F3xx_HAL_Driver/Src/stm32f3xx_hal_uart_ex.c **** 
 267              		.loc 1 354 3 is_stmt 1 view .LVU60
 268 0020 1968     		ldr	r1, [r3]
 269 0022 0A68     		ldr	r2, [r1]
 270 0024 42F00102 		orr	r2, r2, #1
 271 0028 0A60     		str	r2, [r1]
 357:Inc/STM32F3xx_HAL_Driver/Src/stm32f3xx_hal_uart_ex.c **** }
 272              		.loc 1 357 3 view .LVU61
 357:Inc/STM32F3xx_HAL_Driver/Src/stm32f3xx_hal_uart_ex.c **** }
 273              		.loc 1 357 11 is_stmt 0 view .LVU62
 274 002a 1846     		mov	r0, r3
 275 002c FFF7FEFF 		bl	UART_CheckIdleState
ARM GAS  /tmp/ccUga7Nf.s 			page 20


 276              	.LVL19:
 358:Inc/STM32F3xx_HAL_Driver/Src/stm32f3xx_hal_uart_ex.c **** 
 277              		.loc 1 358 1 view .LVU63
 278 0030 08BD     		pop	{r3, pc}
 279              	.LVL20:
 280              	.L17:
 281              		.cfi_def_cfa_offset 0
 282              		.cfi_restore 3
 283              		.cfi_restore 14
 339:Inc/STM32F3xx_HAL_Driver/Src/stm32f3xx_hal_uart_ex.c ****   }
 284              		.loc 1 339 12 view .LVU64
 285 0032 0120     		movs	r0, #1
 286              	.LVL21:
 358:Inc/STM32F3xx_HAL_Driver/Src/stm32f3xx_hal_uart_ex.c **** 
 287              		.loc 1 358 1 view .LVU65
 288 0034 7047     		bx	lr
 289              		.cfi_endproc
 290              	.LFE132:
 292              		.section	.text.HAL_UARTEx_StopModeWakeUpSourceConfig,"ax",%progbits
 293              		.align	1
 294              		.global	HAL_UARTEx_StopModeWakeUpSourceConfig
 295              		.syntax unified
 296              		.thumb
 297              		.thumb_func
 299              	HAL_UARTEx_StopModeWakeUpSourceConfig:
 300              	.LVL22:
 301              	.LFB133:
 373:Inc/STM32F3xx_HAL_Driver/Src/stm32f3xx_hal_uart_ex.c ****   HAL_StatusTypeDef status = HAL_OK;
 302              		.loc 1 373 1 is_stmt 1 view -0
 303              		.cfi_startproc
 304              		@ args = 0, pretend = 0, frame = 8
 305              		@ frame_needed = 0, uses_anonymous_args = 0
 373:Inc/STM32F3xx_HAL_Driver/Src/stm32f3xx_hal_uart_ex.c ****   HAL_StatusTypeDef status = HAL_OK;
 306              		.loc 1 373 1 is_stmt 0 view .LVU67
 307 0000 10B5     		push	{r4, lr}
 308              		.cfi_def_cfa_offset 8
 309              		.cfi_offset 4, -8
 310              		.cfi_offset 14, -4
 311 0002 84B0     		sub	sp, sp, #16
 312              		.cfi_def_cfa_offset 24
 313 0004 04AB     		add	r3, sp, #16
 314 0006 03E90600 		stmdb	r3, {r1, r2}
 374:Inc/STM32F3xx_HAL_Driver/Src/stm32f3xx_hal_uart_ex.c ****   uint32_t tickstart;
 315              		.loc 1 374 3 is_stmt 1 view .LVU68
 316              	.LVL23:
 375:Inc/STM32F3xx_HAL_Driver/Src/stm32f3xx_hal_uart_ex.c **** 
 317              		.loc 1 375 3 view .LVU69
 378:Inc/STM32F3xx_HAL_Driver/Src/stm32f3xx_hal_uart_ex.c ****   /* check the wake-up selection parameter */
 318              		.loc 1 378 3 view .LVU70
 380:Inc/STM32F3xx_HAL_Driver/Src/stm32f3xx_hal_uart_ex.c **** 
 319              		.loc 1 380 3 view .LVU71
 383:Inc/STM32F3xx_HAL_Driver/Src/stm32f3xx_hal_uart_ex.c **** 
 320              		.loc 1 383 3 view .LVU72
 383:Inc/STM32F3xx_HAL_Driver/Src/stm32f3xx_hal_uart_ex.c **** 
 321              		.loc 1 383 3 view .LVU73
 322 000a 90F87830 		ldrb	r3, [r0, #120]	@ zero_extendqisi2
 323 000e 012B     		cmp	r3, #1
ARM GAS  /tmp/ccUga7Nf.s 			page 21


 324 0010 33D0     		beq	.L26
 325 0012 0446     		mov	r4, r0
 383:Inc/STM32F3xx_HAL_Driver/Src/stm32f3xx_hal_uart_ex.c **** 
 326              		.loc 1 383 3 discriminator 2 view .LVU74
 327 0014 0123     		movs	r3, #1
 328 0016 80F87830 		strb	r3, [r0, #120]
 383:Inc/STM32F3xx_HAL_Driver/Src/stm32f3xx_hal_uart_ex.c **** 
 329              		.loc 1 383 3 view .LVU75
 385:Inc/STM32F3xx_HAL_Driver/Src/stm32f3xx_hal_uart_ex.c **** 
 330              		.loc 1 385 3 view .LVU76
 385:Inc/STM32F3xx_HAL_Driver/Src/stm32f3xx_hal_uart_ex.c **** 
 331              		.loc 1 385 17 is_stmt 0 view .LVU77
 332 001a 2423     		movs	r3, #36
 333 001c C367     		str	r3, [r0, #124]
 388:Inc/STM32F3xx_HAL_Driver/Src/stm32f3xx_hal_uart_ex.c **** 
 334              		.loc 1 388 3 is_stmt 1 view .LVU78
 335 001e 0268     		ldr	r2, [r0]
 336 0020 1368     		ldr	r3, [r2]
 337 0022 23F00103 		bic	r3, r3, #1
 338 0026 1360     		str	r3, [r2]
 391:Inc/STM32F3xx_HAL_Driver/Src/stm32f3xx_hal_uart_ex.c **** 
 339              		.loc 1 391 3 view .LVU79
 340 0028 0168     		ldr	r1, [r0]
 341 002a 8B68     		ldr	r3, [r1, #8]
 342 002c 23F44013 		bic	r3, r3, #3145728
 343 0030 029A     		ldr	r2, [sp, #8]
 344 0032 1343     		orrs	r3, r3, r2
 345 0034 8B60     		str	r3, [r1, #8]
 393:Inc/STM32F3xx_HAL_Driver/Src/stm32f3xx_hal_uart_ex.c ****   {
 346              		.loc 1 393 3 view .LVU80
 393:Inc/STM32F3xx_HAL_Driver/Src/stm32f3xx_hal_uart_ex.c ****   {
 347              		.loc 1 393 6 is_stmt 0 view .LVU81
 348 0036 C2B1     		cbz	r2, .L29
 349              	.LVL24:
 350              	.L24:
 399:Inc/STM32F3xx_HAL_Driver/Src/stm32f3xx_hal_uart_ex.c **** 
 351              		.loc 1 399 3 is_stmt 1 view .LVU82
 352 0038 2268     		ldr	r2, [r4]
 353 003a 1368     		ldr	r3, [r2]
 354 003c 43F00103 		orr	r3, r3, #1
 355 0040 1360     		str	r3, [r2]
 402:Inc/STM32F3xx_HAL_Driver/Src/stm32f3xx_hal_uart_ex.c **** 
 356              		.loc 1 402 3 view .LVU83
 402:Inc/STM32F3xx_HAL_Driver/Src/stm32f3xx_hal_uart_ex.c **** 
 357              		.loc 1 402 15 is_stmt 0 view .LVU84
 358 0042 FFF7FEFF 		bl	HAL_GetTick
 359              	.LVL25:
 360 0046 0346     		mov	r3, r0
 361              	.LVL26:
 405:Inc/STM32F3xx_HAL_Driver/Src/stm32f3xx_hal_uart_ex.c ****   {
 362              		.loc 1 405 3 is_stmt 1 view .LVU85
 405:Inc/STM32F3xx_HAL_Driver/Src/stm32f3xx_hal_uart_ex.c ****   {
 363              		.loc 1 405 7 is_stmt 0 view .LVU86
 364 0048 6FF07E42 		mvn	r2, #-33554432
 365 004c 0092     		str	r2, [sp]
 366 004e 0022     		movs	r2, #0
 367 0050 4FF48001 		mov	r1, #4194304
ARM GAS  /tmp/ccUga7Nf.s 			page 22


 368 0054 2046     		mov	r0, r4
 369              	.LVL27:
 405:Inc/STM32F3xx_HAL_Driver/Src/stm32f3xx_hal_uart_ex.c ****   {
 370              		.loc 1 405 7 view .LVU87
 371 0056 FFF7FEFF 		bl	UART_WaitOnFlagUntilTimeout
 372              	.LVL28:
 405:Inc/STM32F3xx_HAL_Driver/Src/stm32f3xx_hal_uart_ex.c ****   {
 373              		.loc 1 405 6 discriminator 1 view .LVU88
 374 005a 60B9     		cbnz	r0, .L27
 412:Inc/STM32F3xx_HAL_Driver/Src/stm32f3xx_hal_uart_ex.c ****   }
 375              		.loc 1 412 5 is_stmt 1 view .LVU89
 412:Inc/STM32F3xx_HAL_Driver/Src/stm32f3xx_hal_uart_ex.c ****   }
 376              		.loc 1 412 19 is_stmt 0 view .LVU90
 377 005c 2023     		movs	r3, #32
 378 005e E367     		str	r3, [r4, #124]
 379              	.L25:
 380              	.LVL29:
 416:Inc/STM32F3xx_HAL_Driver/Src/stm32f3xx_hal_uart_ex.c **** 
 381              		.loc 1 416 3 is_stmt 1 view .LVU91
 416:Inc/STM32F3xx_HAL_Driver/Src/stm32f3xx_hal_uart_ex.c **** 
 382              		.loc 1 416 3 view .LVU92
 383 0060 0023     		movs	r3, #0
 384 0062 84F87830 		strb	r3, [r4, #120]
 416:Inc/STM32F3xx_HAL_Driver/Src/stm32f3xx_hal_uart_ex.c **** 
 385              		.loc 1 416 3 view .LVU93
 418:Inc/STM32F3xx_HAL_Driver/Src/stm32f3xx_hal_uart_ex.c **** }
 386              		.loc 1 418 3 view .LVU94
 387              	.LVL30:
 388              	.L23:
 419:Inc/STM32F3xx_HAL_Driver/Src/stm32f3xx_hal_uart_ex.c **** 
 389              		.loc 1 419 1 is_stmt 0 view .LVU95
 390 0066 04B0     		add	sp, sp, #16
 391              		.cfi_remember_state
 392              		.cfi_def_cfa_offset 8
 393              		@ sp needed
 394 0068 10BD     		pop	{r4, pc}
 395              	.LVL31:
 396              	.L29:
 397              		.cfi_restore_state
 395:Inc/STM32F3xx_HAL_Driver/Src/stm32f3xx_hal_uart_ex.c ****   }
 398              		.loc 1 395 5 is_stmt 1 view .LVU96
 399 006a 04AB     		add	r3, sp, #16
 400 006c 13E90600 		ldmdb	r3, {r1, r2}
 401 0070 FFF7FEFF 		bl	UARTEx_Wakeup_AddressConfig
 402              	.LVL32:
 395:Inc/STM32F3xx_HAL_Driver/Src/stm32f3xx_hal_uart_ex.c ****   }
 403              		.loc 1 395 5 is_stmt 0 view .LVU97
 404 0074 E0E7     		b	.L24
 405              	.LVL33:
 406              	.L27:
 407:Inc/STM32F3xx_HAL_Driver/Src/stm32f3xx_hal_uart_ex.c ****   }
 407              		.loc 1 407 12 view .LVU98
 408 0076 0320     		movs	r0, #3
 409 0078 F2E7     		b	.L25
 410              	.LVL34:
 411              	.L26:
 383:Inc/STM32F3xx_HAL_Driver/Src/stm32f3xx_hal_uart_ex.c **** 
ARM GAS  /tmp/ccUga7Nf.s 			page 23


 412              		.loc 1 383 3 discriminator 1 view .LVU99
 413 007a 0220     		movs	r0, #2
 414              	.LVL35:
 383:Inc/STM32F3xx_HAL_Driver/Src/stm32f3xx_hal_uart_ex.c **** 
 415              		.loc 1 383 3 discriminator 1 view .LVU100
 416 007c F3E7     		b	.L23
 417              		.cfi_endproc
 418              	.LFE133:
 420              		.section	.text.HAL_UARTEx_EnableStopMode,"ax",%progbits
 421              		.align	1
 422              		.global	HAL_UARTEx_EnableStopMode
 423              		.syntax unified
 424              		.thumb
 425              		.thumb_func
 427              	HAL_UARTEx_EnableStopMode:
 428              	.LVL36:
 429              	.LFB134:
 428:Inc/STM32F3xx_HAL_Driver/Src/stm32f3xx_hal_uart_ex.c ****   /* Process Locked */
 430              		.loc 1 428 1 is_stmt 1 view -0
 431              		.cfi_startproc
 432              		@ args = 0, pretend = 0, frame = 0
 433              		@ frame_needed = 0, uses_anonymous_args = 0
 434              		@ link register save eliminated.
 430:Inc/STM32F3xx_HAL_Driver/Src/stm32f3xx_hal_uart_ex.c **** 
 435              		.loc 1 430 3 view .LVU102
 430:Inc/STM32F3xx_HAL_Driver/Src/stm32f3xx_hal_uart_ex.c **** 
 436              		.loc 1 430 3 view .LVU103
 437 0000 90F87830 		ldrb	r3, [r0, #120]	@ zero_extendqisi2
 438 0004 012B     		cmp	r3, #1
 439 0006 10D0     		beq	.L33
 430:Inc/STM32F3xx_HAL_Driver/Src/stm32f3xx_hal_uart_ex.c **** 
 440              		.loc 1 430 3 discriminator 2 view .LVU104
 441 0008 0123     		movs	r3, #1
 442 000a 80F87830 		strb	r3, [r0, #120]
 443              	.L32:
 430:Inc/STM32F3xx_HAL_Driver/Src/stm32f3xx_hal_uart_ex.c **** 
 444              		.loc 1 430 3 discriminator 3 view .LVU105
 433:Inc/STM32F3xx_HAL_Driver/Src/stm32f3xx_hal_uart_ex.c **** 
 445              		.loc 1 433 3 discriminator 1 view .LVU106
 446              	.LBB22:
 433:Inc/STM32F3xx_HAL_Driver/Src/stm32f3xx_hal_uart_ex.c **** 
 447              		.loc 1 433 3 discriminator 1 view .LVU107
 433:Inc/STM32F3xx_HAL_Driver/Src/stm32f3xx_hal_uart_ex.c **** 
 448              		.loc 1 433 3 discriminator 1 view .LVU108
 433:Inc/STM32F3xx_HAL_Driver/Src/stm32f3xx_hal_uart_ex.c **** 
 449              		.loc 1 433 3 discriminator 1 view .LVU109
 450 000e 0268     		ldr	r2, [r0]
 451              	.LVL37:
 452              	.LBB23:
 453              	.LBI23:
 454              		.file 2 "Inc/CMSIS/Core/Include/cmsis_gcc.h"
   1:Inc/CMSIS/Core/Include/cmsis_gcc.h **** /**************************************************************************//**
   2:Inc/CMSIS/Core/Include/cmsis_gcc.h ****  * @file     cmsis_gcc.h
   3:Inc/CMSIS/Core/Include/cmsis_gcc.h ****  * @brief    CMSIS compiler GCC header file
   4:Inc/CMSIS/Core/Include/cmsis_gcc.h ****  * @version  V5.0.4
   5:Inc/CMSIS/Core/Include/cmsis_gcc.h ****  * @date     09. April 2018
   6:Inc/CMSIS/Core/Include/cmsis_gcc.h ****  ******************************************************************************/
ARM GAS  /tmp/ccUga7Nf.s 			page 24


   7:Inc/CMSIS/Core/Include/cmsis_gcc.h **** /*
   8:Inc/CMSIS/Core/Include/cmsis_gcc.h ****  * Copyright (c) 2009-2018 Arm Limited. All rights reserved.
   9:Inc/CMSIS/Core/Include/cmsis_gcc.h ****  *
  10:Inc/CMSIS/Core/Include/cmsis_gcc.h ****  * SPDX-License-Identifier: Apache-2.0
  11:Inc/CMSIS/Core/Include/cmsis_gcc.h ****  *
  12:Inc/CMSIS/Core/Include/cmsis_gcc.h ****  * Licensed under the Apache License, Version 2.0 (the License); you may
  13:Inc/CMSIS/Core/Include/cmsis_gcc.h ****  * not use this file except in compliance with the License.
  14:Inc/CMSIS/Core/Include/cmsis_gcc.h ****  * You may obtain a copy of the License at
  15:Inc/CMSIS/Core/Include/cmsis_gcc.h ****  *
  16:Inc/CMSIS/Core/Include/cmsis_gcc.h ****  * www.apache.org/licenses/LICENSE-2.0
  17:Inc/CMSIS/Core/Include/cmsis_gcc.h ****  *
  18:Inc/CMSIS/Core/Include/cmsis_gcc.h ****  * Unless required by applicable law or agreed to in writing, software
  19:Inc/CMSIS/Core/Include/cmsis_gcc.h ****  * distributed under the License is distributed on an AS IS BASIS, WITHOUT
  20:Inc/CMSIS/Core/Include/cmsis_gcc.h ****  * WARRANTIES OR CONDITIONS OF ANY KIND, either express or implied.
  21:Inc/CMSIS/Core/Include/cmsis_gcc.h ****  * See the License for the specific language governing permissions and
  22:Inc/CMSIS/Core/Include/cmsis_gcc.h ****  * limitations under the License.
  23:Inc/CMSIS/Core/Include/cmsis_gcc.h ****  */
  24:Inc/CMSIS/Core/Include/cmsis_gcc.h **** 
  25:Inc/CMSIS/Core/Include/cmsis_gcc.h **** #ifndef __CMSIS_GCC_H
  26:Inc/CMSIS/Core/Include/cmsis_gcc.h **** #define __CMSIS_GCC_H
  27:Inc/CMSIS/Core/Include/cmsis_gcc.h **** 
  28:Inc/CMSIS/Core/Include/cmsis_gcc.h **** /* ignore some GCC warnings */
  29:Inc/CMSIS/Core/Include/cmsis_gcc.h **** #pragma GCC diagnostic push
  30:Inc/CMSIS/Core/Include/cmsis_gcc.h **** #pragma GCC diagnostic ignored "-Wsign-conversion"
  31:Inc/CMSIS/Core/Include/cmsis_gcc.h **** #pragma GCC diagnostic ignored "-Wconversion"
  32:Inc/CMSIS/Core/Include/cmsis_gcc.h **** #pragma GCC diagnostic ignored "-Wunused-parameter"
  33:Inc/CMSIS/Core/Include/cmsis_gcc.h **** 
  34:Inc/CMSIS/Core/Include/cmsis_gcc.h **** /* Fallback for __has_builtin */
  35:Inc/CMSIS/Core/Include/cmsis_gcc.h **** #ifndef __has_builtin
  36:Inc/CMSIS/Core/Include/cmsis_gcc.h ****   #define __has_builtin(x) (0)
  37:Inc/CMSIS/Core/Include/cmsis_gcc.h **** #endif
  38:Inc/CMSIS/Core/Include/cmsis_gcc.h **** 
  39:Inc/CMSIS/Core/Include/cmsis_gcc.h **** /* CMSIS compiler specific defines */
  40:Inc/CMSIS/Core/Include/cmsis_gcc.h **** #ifndef   __ASM
  41:Inc/CMSIS/Core/Include/cmsis_gcc.h ****   #define __ASM                                  __asm
  42:Inc/CMSIS/Core/Include/cmsis_gcc.h **** #endif
  43:Inc/CMSIS/Core/Include/cmsis_gcc.h **** #ifndef   __INLINE
  44:Inc/CMSIS/Core/Include/cmsis_gcc.h ****   #define __INLINE                               inline
  45:Inc/CMSIS/Core/Include/cmsis_gcc.h **** #endif
  46:Inc/CMSIS/Core/Include/cmsis_gcc.h **** #ifndef   __STATIC_INLINE
  47:Inc/CMSIS/Core/Include/cmsis_gcc.h ****   #define __STATIC_INLINE                        static inline
  48:Inc/CMSIS/Core/Include/cmsis_gcc.h **** #endif
  49:Inc/CMSIS/Core/Include/cmsis_gcc.h **** #ifndef   __STATIC_FORCEINLINE                 
  50:Inc/CMSIS/Core/Include/cmsis_gcc.h ****   #define __STATIC_FORCEINLINE                   __attribute__((always_inline)) static inline
  51:Inc/CMSIS/Core/Include/cmsis_gcc.h **** #endif                                           
  52:Inc/CMSIS/Core/Include/cmsis_gcc.h **** #ifndef   __NO_RETURN
  53:Inc/CMSIS/Core/Include/cmsis_gcc.h ****   #define __NO_RETURN                            __attribute__((__noreturn__))
  54:Inc/CMSIS/Core/Include/cmsis_gcc.h **** #endif
  55:Inc/CMSIS/Core/Include/cmsis_gcc.h **** #ifndef   __USED
  56:Inc/CMSIS/Core/Include/cmsis_gcc.h ****   #define __USED                                 __attribute__((used))
  57:Inc/CMSIS/Core/Include/cmsis_gcc.h **** #endif
  58:Inc/CMSIS/Core/Include/cmsis_gcc.h **** #ifndef   __WEAK
  59:Inc/CMSIS/Core/Include/cmsis_gcc.h ****   #define __WEAK                                 __attribute__((weak))
  60:Inc/CMSIS/Core/Include/cmsis_gcc.h **** #endif
  61:Inc/CMSIS/Core/Include/cmsis_gcc.h **** #ifndef   __PACKED
  62:Inc/CMSIS/Core/Include/cmsis_gcc.h ****   #define __PACKED                               __attribute__((packed, aligned(1)))
  63:Inc/CMSIS/Core/Include/cmsis_gcc.h **** #endif
ARM GAS  /tmp/ccUga7Nf.s 			page 25


  64:Inc/CMSIS/Core/Include/cmsis_gcc.h **** #ifndef   __PACKED_STRUCT
  65:Inc/CMSIS/Core/Include/cmsis_gcc.h ****   #define __PACKED_STRUCT                        struct __attribute__((packed, aligned(1)))
  66:Inc/CMSIS/Core/Include/cmsis_gcc.h **** #endif
  67:Inc/CMSIS/Core/Include/cmsis_gcc.h **** #ifndef   __PACKED_UNION
  68:Inc/CMSIS/Core/Include/cmsis_gcc.h ****   #define __PACKED_UNION                         union __attribute__((packed, aligned(1)))
  69:Inc/CMSIS/Core/Include/cmsis_gcc.h **** #endif
  70:Inc/CMSIS/Core/Include/cmsis_gcc.h **** #ifndef   __UNALIGNED_UINT32        /* deprecated */
  71:Inc/CMSIS/Core/Include/cmsis_gcc.h ****   #pragma GCC diagnostic push
  72:Inc/CMSIS/Core/Include/cmsis_gcc.h ****   #pragma GCC diagnostic ignored "-Wpacked"
  73:Inc/CMSIS/Core/Include/cmsis_gcc.h ****   #pragma GCC diagnostic ignored "-Wattributes"
  74:Inc/CMSIS/Core/Include/cmsis_gcc.h ****   struct __attribute__((packed)) T_UINT32 { uint32_t v; };
  75:Inc/CMSIS/Core/Include/cmsis_gcc.h ****   #pragma GCC diagnostic pop
  76:Inc/CMSIS/Core/Include/cmsis_gcc.h ****   #define __UNALIGNED_UINT32(x)                  (((struct T_UINT32 *)(x))->v)
  77:Inc/CMSIS/Core/Include/cmsis_gcc.h **** #endif
  78:Inc/CMSIS/Core/Include/cmsis_gcc.h **** #ifndef   __UNALIGNED_UINT16_WRITE
  79:Inc/CMSIS/Core/Include/cmsis_gcc.h ****   #pragma GCC diagnostic push
  80:Inc/CMSIS/Core/Include/cmsis_gcc.h ****   #pragma GCC diagnostic ignored "-Wpacked"
  81:Inc/CMSIS/Core/Include/cmsis_gcc.h ****   #pragma GCC diagnostic ignored "-Wattributes"
  82:Inc/CMSIS/Core/Include/cmsis_gcc.h ****   __PACKED_STRUCT T_UINT16_WRITE { uint16_t v; };
  83:Inc/CMSIS/Core/Include/cmsis_gcc.h ****   #pragma GCC diagnostic pop
  84:Inc/CMSIS/Core/Include/cmsis_gcc.h ****   #define __UNALIGNED_UINT16_WRITE(addr, val)    (void)((((struct T_UINT16_WRITE *)(void *)(addr))-
  85:Inc/CMSIS/Core/Include/cmsis_gcc.h **** #endif
  86:Inc/CMSIS/Core/Include/cmsis_gcc.h **** #ifndef   __UNALIGNED_UINT16_READ
  87:Inc/CMSIS/Core/Include/cmsis_gcc.h ****   #pragma GCC diagnostic push
  88:Inc/CMSIS/Core/Include/cmsis_gcc.h ****   #pragma GCC diagnostic ignored "-Wpacked"
  89:Inc/CMSIS/Core/Include/cmsis_gcc.h ****   #pragma GCC diagnostic ignored "-Wattributes"
  90:Inc/CMSIS/Core/Include/cmsis_gcc.h ****   __PACKED_STRUCT T_UINT16_READ { uint16_t v; };
  91:Inc/CMSIS/Core/Include/cmsis_gcc.h ****   #pragma GCC diagnostic pop
  92:Inc/CMSIS/Core/Include/cmsis_gcc.h ****   #define __UNALIGNED_UINT16_READ(addr)          (((const struct T_UINT16_READ *)(const void *)(add
  93:Inc/CMSIS/Core/Include/cmsis_gcc.h **** #endif
  94:Inc/CMSIS/Core/Include/cmsis_gcc.h **** #ifndef   __UNALIGNED_UINT32_WRITE
  95:Inc/CMSIS/Core/Include/cmsis_gcc.h ****   #pragma GCC diagnostic push
  96:Inc/CMSIS/Core/Include/cmsis_gcc.h ****   #pragma GCC diagnostic ignored "-Wpacked"
  97:Inc/CMSIS/Core/Include/cmsis_gcc.h ****   #pragma GCC diagnostic ignored "-Wattributes"
  98:Inc/CMSIS/Core/Include/cmsis_gcc.h ****   __PACKED_STRUCT T_UINT32_WRITE { uint32_t v; };
  99:Inc/CMSIS/Core/Include/cmsis_gcc.h ****   #pragma GCC diagnostic pop
 100:Inc/CMSIS/Core/Include/cmsis_gcc.h ****   #define __UNALIGNED_UINT32_WRITE(addr, val)    (void)((((struct T_UINT32_WRITE *)(void *)(addr))-
 101:Inc/CMSIS/Core/Include/cmsis_gcc.h **** #endif
 102:Inc/CMSIS/Core/Include/cmsis_gcc.h **** #ifndef   __UNALIGNED_UINT32_READ
 103:Inc/CMSIS/Core/Include/cmsis_gcc.h ****   #pragma GCC diagnostic push
 104:Inc/CMSIS/Core/Include/cmsis_gcc.h ****   #pragma GCC diagnostic ignored "-Wpacked"
 105:Inc/CMSIS/Core/Include/cmsis_gcc.h ****   #pragma GCC diagnostic ignored "-Wattributes"
 106:Inc/CMSIS/Core/Include/cmsis_gcc.h ****   __PACKED_STRUCT T_UINT32_READ { uint32_t v; };
 107:Inc/CMSIS/Core/Include/cmsis_gcc.h ****   #pragma GCC diagnostic pop
 108:Inc/CMSIS/Core/Include/cmsis_gcc.h ****   #define __UNALIGNED_UINT32_READ(addr)          (((const struct T_UINT32_READ *)(const void *)(add
 109:Inc/CMSIS/Core/Include/cmsis_gcc.h **** #endif
 110:Inc/CMSIS/Core/Include/cmsis_gcc.h **** #ifndef   __ALIGNED
 111:Inc/CMSIS/Core/Include/cmsis_gcc.h ****   #define __ALIGNED(x)                           __attribute__((aligned(x)))
 112:Inc/CMSIS/Core/Include/cmsis_gcc.h **** #endif
 113:Inc/CMSIS/Core/Include/cmsis_gcc.h **** #ifndef   __RESTRICT
 114:Inc/CMSIS/Core/Include/cmsis_gcc.h ****   #define __RESTRICT                             __restrict
 115:Inc/CMSIS/Core/Include/cmsis_gcc.h **** #endif
 116:Inc/CMSIS/Core/Include/cmsis_gcc.h **** 
 117:Inc/CMSIS/Core/Include/cmsis_gcc.h **** 
 118:Inc/CMSIS/Core/Include/cmsis_gcc.h **** /* ###########################  Core Function Access  ########################### */
 119:Inc/CMSIS/Core/Include/cmsis_gcc.h **** /** \ingroup  CMSIS_Core_FunctionInterface
 120:Inc/CMSIS/Core/Include/cmsis_gcc.h ****     \defgroup CMSIS_Core_RegAccFunctions CMSIS Core Register Access Functions
ARM GAS  /tmp/ccUga7Nf.s 			page 26


 121:Inc/CMSIS/Core/Include/cmsis_gcc.h ****   @{
 122:Inc/CMSIS/Core/Include/cmsis_gcc.h ****  */
 123:Inc/CMSIS/Core/Include/cmsis_gcc.h **** 
 124:Inc/CMSIS/Core/Include/cmsis_gcc.h **** /**
 125:Inc/CMSIS/Core/Include/cmsis_gcc.h ****   \brief   Enable IRQ Interrupts
 126:Inc/CMSIS/Core/Include/cmsis_gcc.h ****   \details Enables IRQ interrupts by clearing the I-bit in the CPSR.
 127:Inc/CMSIS/Core/Include/cmsis_gcc.h ****            Can only be executed in Privileged modes.
 128:Inc/CMSIS/Core/Include/cmsis_gcc.h ****  */
 129:Inc/CMSIS/Core/Include/cmsis_gcc.h **** __STATIC_FORCEINLINE void __enable_irq(void)
 130:Inc/CMSIS/Core/Include/cmsis_gcc.h **** {
 131:Inc/CMSIS/Core/Include/cmsis_gcc.h ****   __ASM volatile ("cpsie i" : : : "memory");
 132:Inc/CMSIS/Core/Include/cmsis_gcc.h **** }
 133:Inc/CMSIS/Core/Include/cmsis_gcc.h **** 
 134:Inc/CMSIS/Core/Include/cmsis_gcc.h **** 
 135:Inc/CMSIS/Core/Include/cmsis_gcc.h **** /**
 136:Inc/CMSIS/Core/Include/cmsis_gcc.h ****   \brief   Disable IRQ Interrupts
 137:Inc/CMSIS/Core/Include/cmsis_gcc.h ****   \details Disables IRQ interrupts by setting the I-bit in the CPSR.
 138:Inc/CMSIS/Core/Include/cmsis_gcc.h ****            Can only be executed in Privileged modes.
 139:Inc/CMSIS/Core/Include/cmsis_gcc.h ****  */
 140:Inc/CMSIS/Core/Include/cmsis_gcc.h **** __STATIC_FORCEINLINE void __disable_irq(void)
 141:Inc/CMSIS/Core/Include/cmsis_gcc.h **** {
 142:Inc/CMSIS/Core/Include/cmsis_gcc.h ****   __ASM volatile ("cpsid i" : : : "memory");
 143:Inc/CMSIS/Core/Include/cmsis_gcc.h **** }
 144:Inc/CMSIS/Core/Include/cmsis_gcc.h **** 
 145:Inc/CMSIS/Core/Include/cmsis_gcc.h **** 
 146:Inc/CMSIS/Core/Include/cmsis_gcc.h **** /**
 147:Inc/CMSIS/Core/Include/cmsis_gcc.h ****   \brief   Get Control Register
 148:Inc/CMSIS/Core/Include/cmsis_gcc.h ****   \details Returns the content of the Control Register.
 149:Inc/CMSIS/Core/Include/cmsis_gcc.h ****   \return               Control Register value
 150:Inc/CMSIS/Core/Include/cmsis_gcc.h ****  */
 151:Inc/CMSIS/Core/Include/cmsis_gcc.h **** __STATIC_FORCEINLINE uint32_t __get_CONTROL(void)
 152:Inc/CMSIS/Core/Include/cmsis_gcc.h **** {
 153:Inc/CMSIS/Core/Include/cmsis_gcc.h ****   uint32_t result;
 154:Inc/CMSIS/Core/Include/cmsis_gcc.h **** 
 155:Inc/CMSIS/Core/Include/cmsis_gcc.h ****   __ASM volatile ("MRS %0, control" : "=r" (result) );
 156:Inc/CMSIS/Core/Include/cmsis_gcc.h ****   return(result);
 157:Inc/CMSIS/Core/Include/cmsis_gcc.h **** }
 158:Inc/CMSIS/Core/Include/cmsis_gcc.h **** 
 159:Inc/CMSIS/Core/Include/cmsis_gcc.h **** 
 160:Inc/CMSIS/Core/Include/cmsis_gcc.h **** #if (defined (__ARM_FEATURE_CMSE ) && (__ARM_FEATURE_CMSE == 3))
 161:Inc/CMSIS/Core/Include/cmsis_gcc.h **** /**
 162:Inc/CMSIS/Core/Include/cmsis_gcc.h ****   \brief   Get Control Register (non-secure)
 163:Inc/CMSIS/Core/Include/cmsis_gcc.h ****   \details Returns the content of the non-secure Control Register when in secure mode.
 164:Inc/CMSIS/Core/Include/cmsis_gcc.h ****   \return               non-secure Control Register value
 165:Inc/CMSIS/Core/Include/cmsis_gcc.h ****  */
 166:Inc/CMSIS/Core/Include/cmsis_gcc.h **** __STATIC_FORCEINLINE uint32_t __TZ_get_CONTROL_NS(void)
 167:Inc/CMSIS/Core/Include/cmsis_gcc.h **** {
 168:Inc/CMSIS/Core/Include/cmsis_gcc.h ****   uint32_t result;
 169:Inc/CMSIS/Core/Include/cmsis_gcc.h **** 
 170:Inc/CMSIS/Core/Include/cmsis_gcc.h ****   __ASM volatile ("MRS %0, control_ns" : "=r" (result) );
 171:Inc/CMSIS/Core/Include/cmsis_gcc.h ****   return(result);
 172:Inc/CMSIS/Core/Include/cmsis_gcc.h **** }
 173:Inc/CMSIS/Core/Include/cmsis_gcc.h **** #endif
 174:Inc/CMSIS/Core/Include/cmsis_gcc.h **** 
 175:Inc/CMSIS/Core/Include/cmsis_gcc.h **** 
 176:Inc/CMSIS/Core/Include/cmsis_gcc.h **** /**
 177:Inc/CMSIS/Core/Include/cmsis_gcc.h ****   \brief   Set Control Register
ARM GAS  /tmp/ccUga7Nf.s 			page 27


 178:Inc/CMSIS/Core/Include/cmsis_gcc.h ****   \details Writes the given value to the Control Register.
 179:Inc/CMSIS/Core/Include/cmsis_gcc.h ****   \param [in]    control  Control Register value to set
 180:Inc/CMSIS/Core/Include/cmsis_gcc.h ****  */
 181:Inc/CMSIS/Core/Include/cmsis_gcc.h **** __STATIC_FORCEINLINE void __set_CONTROL(uint32_t control)
 182:Inc/CMSIS/Core/Include/cmsis_gcc.h **** {
 183:Inc/CMSIS/Core/Include/cmsis_gcc.h ****   __ASM volatile ("MSR control, %0" : : "r" (control) : "memory");
 184:Inc/CMSIS/Core/Include/cmsis_gcc.h **** }
 185:Inc/CMSIS/Core/Include/cmsis_gcc.h **** 
 186:Inc/CMSIS/Core/Include/cmsis_gcc.h **** 
 187:Inc/CMSIS/Core/Include/cmsis_gcc.h **** #if (defined (__ARM_FEATURE_CMSE ) && (__ARM_FEATURE_CMSE == 3))
 188:Inc/CMSIS/Core/Include/cmsis_gcc.h **** /**
 189:Inc/CMSIS/Core/Include/cmsis_gcc.h ****   \brief   Set Control Register (non-secure)
 190:Inc/CMSIS/Core/Include/cmsis_gcc.h ****   \details Writes the given value to the non-secure Control Register when in secure state.
 191:Inc/CMSIS/Core/Include/cmsis_gcc.h ****   \param [in]    control  Control Register value to set
 192:Inc/CMSIS/Core/Include/cmsis_gcc.h ****  */
 193:Inc/CMSIS/Core/Include/cmsis_gcc.h **** __STATIC_FORCEINLINE void __TZ_set_CONTROL_NS(uint32_t control)
 194:Inc/CMSIS/Core/Include/cmsis_gcc.h **** {
 195:Inc/CMSIS/Core/Include/cmsis_gcc.h ****   __ASM volatile ("MSR control_ns, %0" : : "r" (control) : "memory");
 196:Inc/CMSIS/Core/Include/cmsis_gcc.h **** }
 197:Inc/CMSIS/Core/Include/cmsis_gcc.h **** #endif
 198:Inc/CMSIS/Core/Include/cmsis_gcc.h **** 
 199:Inc/CMSIS/Core/Include/cmsis_gcc.h **** 
 200:Inc/CMSIS/Core/Include/cmsis_gcc.h **** /**
 201:Inc/CMSIS/Core/Include/cmsis_gcc.h ****   \brief   Get IPSR Register
 202:Inc/CMSIS/Core/Include/cmsis_gcc.h ****   \details Returns the content of the IPSR Register.
 203:Inc/CMSIS/Core/Include/cmsis_gcc.h ****   \return               IPSR Register value
 204:Inc/CMSIS/Core/Include/cmsis_gcc.h ****  */
 205:Inc/CMSIS/Core/Include/cmsis_gcc.h **** __STATIC_FORCEINLINE uint32_t __get_IPSR(void)
 206:Inc/CMSIS/Core/Include/cmsis_gcc.h **** {
 207:Inc/CMSIS/Core/Include/cmsis_gcc.h ****   uint32_t result;
 208:Inc/CMSIS/Core/Include/cmsis_gcc.h **** 
 209:Inc/CMSIS/Core/Include/cmsis_gcc.h ****   __ASM volatile ("MRS %0, ipsr" : "=r" (result) );
 210:Inc/CMSIS/Core/Include/cmsis_gcc.h ****   return(result);
 211:Inc/CMSIS/Core/Include/cmsis_gcc.h **** }
 212:Inc/CMSIS/Core/Include/cmsis_gcc.h **** 
 213:Inc/CMSIS/Core/Include/cmsis_gcc.h **** 
 214:Inc/CMSIS/Core/Include/cmsis_gcc.h **** /**
 215:Inc/CMSIS/Core/Include/cmsis_gcc.h ****   \brief   Get APSR Register
 216:Inc/CMSIS/Core/Include/cmsis_gcc.h ****   \details Returns the content of the APSR Register.
 217:Inc/CMSIS/Core/Include/cmsis_gcc.h ****   \return               APSR Register value
 218:Inc/CMSIS/Core/Include/cmsis_gcc.h ****  */
 219:Inc/CMSIS/Core/Include/cmsis_gcc.h **** __STATIC_FORCEINLINE uint32_t __get_APSR(void)
 220:Inc/CMSIS/Core/Include/cmsis_gcc.h **** {
 221:Inc/CMSIS/Core/Include/cmsis_gcc.h ****   uint32_t result;
 222:Inc/CMSIS/Core/Include/cmsis_gcc.h **** 
 223:Inc/CMSIS/Core/Include/cmsis_gcc.h ****   __ASM volatile ("MRS %0, apsr" : "=r" (result) );
 224:Inc/CMSIS/Core/Include/cmsis_gcc.h ****   return(result);
 225:Inc/CMSIS/Core/Include/cmsis_gcc.h **** }
 226:Inc/CMSIS/Core/Include/cmsis_gcc.h **** 
 227:Inc/CMSIS/Core/Include/cmsis_gcc.h **** 
 228:Inc/CMSIS/Core/Include/cmsis_gcc.h **** /**
 229:Inc/CMSIS/Core/Include/cmsis_gcc.h ****   \brief   Get xPSR Register
 230:Inc/CMSIS/Core/Include/cmsis_gcc.h ****   \details Returns the content of the xPSR Register.
 231:Inc/CMSIS/Core/Include/cmsis_gcc.h ****   \return               xPSR Register value
 232:Inc/CMSIS/Core/Include/cmsis_gcc.h ****  */
 233:Inc/CMSIS/Core/Include/cmsis_gcc.h **** __STATIC_FORCEINLINE uint32_t __get_xPSR(void)
 234:Inc/CMSIS/Core/Include/cmsis_gcc.h **** {
ARM GAS  /tmp/ccUga7Nf.s 			page 28


 235:Inc/CMSIS/Core/Include/cmsis_gcc.h ****   uint32_t result;
 236:Inc/CMSIS/Core/Include/cmsis_gcc.h **** 
 237:Inc/CMSIS/Core/Include/cmsis_gcc.h ****   __ASM volatile ("MRS %0, xpsr" : "=r" (result) );
 238:Inc/CMSIS/Core/Include/cmsis_gcc.h ****   return(result);
 239:Inc/CMSIS/Core/Include/cmsis_gcc.h **** }
 240:Inc/CMSIS/Core/Include/cmsis_gcc.h **** 
 241:Inc/CMSIS/Core/Include/cmsis_gcc.h **** 
 242:Inc/CMSIS/Core/Include/cmsis_gcc.h **** /**
 243:Inc/CMSIS/Core/Include/cmsis_gcc.h ****   \brief   Get Process Stack Pointer
 244:Inc/CMSIS/Core/Include/cmsis_gcc.h ****   \details Returns the current value of the Process Stack Pointer (PSP).
 245:Inc/CMSIS/Core/Include/cmsis_gcc.h ****   \return               PSP Register value
 246:Inc/CMSIS/Core/Include/cmsis_gcc.h ****  */
 247:Inc/CMSIS/Core/Include/cmsis_gcc.h **** __STATIC_FORCEINLINE uint32_t __get_PSP(void)
 248:Inc/CMSIS/Core/Include/cmsis_gcc.h **** {
 249:Inc/CMSIS/Core/Include/cmsis_gcc.h ****   uint32_t result;
 250:Inc/CMSIS/Core/Include/cmsis_gcc.h **** 
 251:Inc/CMSIS/Core/Include/cmsis_gcc.h ****   __ASM volatile ("MRS %0, psp"  : "=r" (result) );
 252:Inc/CMSIS/Core/Include/cmsis_gcc.h ****   return(result);
 253:Inc/CMSIS/Core/Include/cmsis_gcc.h **** }
 254:Inc/CMSIS/Core/Include/cmsis_gcc.h **** 
 255:Inc/CMSIS/Core/Include/cmsis_gcc.h **** 
 256:Inc/CMSIS/Core/Include/cmsis_gcc.h **** #if (defined (__ARM_FEATURE_CMSE ) && (__ARM_FEATURE_CMSE == 3))
 257:Inc/CMSIS/Core/Include/cmsis_gcc.h **** /**
 258:Inc/CMSIS/Core/Include/cmsis_gcc.h ****   \brief   Get Process Stack Pointer (non-secure)
 259:Inc/CMSIS/Core/Include/cmsis_gcc.h ****   \details Returns the current value of the non-secure Process Stack Pointer (PSP) when in secure s
 260:Inc/CMSIS/Core/Include/cmsis_gcc.h ****   \return               PSP Register value
 261:Inc/CMSIS/Core/Include/cmsis_gcc.h ****  */
 262:Inc/CMSIS/Core/Include/cmsis_gcc.h **** __STATIC_FORCEINLINE uint32_t __TZ_get_PSP_NS(void)
 263:Inc/CMSIS/Core/Include/cmsis_gcc.h **** {
 264:Inc/CMSIS/Core/Include/cmsis_gcc.h ****   uint32_t result;
 265:Inc/CMSIS/Core/Include/cmsis_gcc.h **** 
 266:Inc/CMSIS/Core/Include/cmsis_gcc.h ****   __ASM volatile ("MRS %0, psp_ns"  : "=r" (result) );
 267:Inc/CMSIS/Core/Include/cmsis_gcc.h ****   return(result);
 268:Inc/CMSIS/Core/Include/cmsis_gcc.h **** }
 269:Inc/CMSIS/Core/Include/cmsis_gcc.h **** #endif
 270:Inc/CMSIS/Core/Include/cmsis_gcc.h **** 
 271:Inc/CMSIS/Core/Include/cmsis_gcc.h **** 
 272:Inc/CMSIS/Core/Include/cmsis_gcc.h **** /**
 273:Inc/CMSIS/Core/Include/cmsis_gcc.h ****   \brief   Set Process Stack Pointer
 274:Inc/CMSIS/Core/Include/cmsis_gcc.h ****   \details Assigns the given value to the Process Stack Pointer (PSP).
 275:Inc/CMSIS/Core/Include/cmsis_gcc.h ****   \param [in]    topOfProcStack  Process Stack Pointer value to set
 276:Inc/CMSIS/Core/Include/cmsis_gcc.h ****  */
 277:Inc/CMSIS/Core/Include/cmsis_gcc.h **** __STATIC_FORCEINLINE void __set_PSP(uint32_t topOfProcStack)
 278:Inc/CMSIS/Core/Include/cmsis_gcc.h **** {
 279:Inc/CMSIS/Core/Include/cmsis_gcc.h ****   __ASM volatile ("MSR psp, %0" : : "r" (topOfProcStack) : );
 280:Inc/CMSIS/Core/Include/cmsis_gcc.h **** }
 281:Inc/CMSIS/Core/Include/cmsis_gcc.h **** 
 282:Inc/CMSIS/Core/Include/cmsis_gcc.h **** 
 283:Inc/CMSIS/Core/Include/cmsis_gcc.h **** #if (defined (__ARM_FEATURE_CMSE ) && (__ARM_FEATURE_CMSE == 3))
 284:Inc/CMSIS/Core/Include/cmsis_gcc.h **** /**
 285:Inc/CMSIS/Core/Include/cmsis_gcc.h ****   \brief   Set Process Stack Pointer (non-secure)
 286:Inc/CMSIS/Core/Include/cmsis_gcc.h ****   \details Assigns the given value to the non-secure Process Stack Pointer (PSP) when in secure sta
 287:Inc/CMSIS/Core/Include/cmsis_gcc.h ****   \param [in]    topOfProcStack  Process Stack Pointer value to set
 288:Inc/CMSIS/Core/Include/cmsis_gcc.h ****  */
 289:Inc/CMSIS/Core/Include/cmsis_gcc.h **** __STATIC_FORCEINLINE void __TZ_set_PSP_NS(uint32_t topOfProcStack)
 290:Inc/CMSIS/Core/Include/cmsis_gcc.h **** {
 291:Inc/CMSIS/Core/Include/cmsis_gcc.h ****   __ASM volatile ("MSR psp_ns, %0" : : "r" (topOfProcStack) : );
ARM GAS  /tmp/ccUga7Nf.s 			page 29


 292:Inc/CMSIS/Core/Include/cmsis_gcc.h **** }
 293:Inc/CMSIS/Core/Include/cmsis_gcc.h **** #endif
 294:Inc/CMSIS/Core/Include/cmsis_gcc.h **** 
 295:Inc/CMSIS/Core/Include/cmsis_gcc.h **** 
 296:Inc/CMSIS/Core/Include/cmsis_gcc.h **** /**
 297:Inc/CMSIS/Core/Include/cmsis_gcc.h ****   \brief   Get Main Stack Pointer
 298:Inc/CMSIS/Core/Include/cmsis_gcc.h ****   \details Returns the current value of the Main Stack Pointer (MSP).
 299:Inc/CMSIS/Core/Include/cmsis_gcc.h ****   \return               MSP Register value
 300:Inc/CMSIS/Core/Include/cmsis_gcc.h ****  */
 301:Inc/CMSIS/Core/Include/cmsis_gcc.h **** __STATIC_FORCEINLINE uint32_t __get_MSP(void)
 302:Inc/CMSIS/Core/Include/cmsis_gcc.h **** {
 303:Inc/CMSIS/Core/Include/cmsis_gcc.h ****   uint32_t result;
 304:Inc/CMSIS/Core/Include/cmsis_gcc.h **** 
 305:Inc/CMSIS/Core/Include/cmsis_gcc.h ****   __ASM volatile ("MRS %0, msp" : "=r" (result) );
 306:Inc/CMSIS/Core/Include/cmsis_gcc.h ****   return(result);
 307:Inc/CMSIS/Core/Include/cmsis_gcc.h **** }
 308:Inc/CMSIS/Core/Include/cmsis_gcc.h **** 
 309:Inc/CMSIS/Core/Include/cmsis_gcc.h **** 
 310:Inc/CMSIS/Core/Include/cmsis_gcc.h **** #if (defined (__ARM_FEATURE_CMSE ) && (__ARM_FEATURE_CMSE == 3))
 311:Inc/CMSIS/Core/Include/cmsis_gcc.h **** /**
 312:Inc/CMSIS/Core/Include/cmsis_gcc.h ****   \brief   Get Main Stack Pointer (non-secure)
 313:Inc/CMSIS/Core/Include/cmsis_gcc.h ****   \details Returns the current value of the non-secure Main Stack Pointer (MSP) when in secure stat
 314:Inc/CMSIS/Core/Include/cmsis_gcc.h ****   \return               MSP Register value
 315:Inc/CMSIS/Core/Include/cmsis_gcc.h ****  */
 316:Inc/CMSIS/Core/Include/cmsis_gcc.h **** __STATIC_FORCEINLINE uint32_t __TZ_get_MSP_NS(void)
 317:Inc/CMSIS/Core/Include/cmsis_gcc.h **** {
 318:Inc/CMSIS/Core/Include/cmsis_gcc.h ****   uint32_t result;
 319:Inc/CMSIS/Core/Include/cmsis_gcc.h **** 
 320:Inc/CMSIS/Core/Include/cmsis_gcc.h ****   __ASM volatile ("MRS %0, msp_ns" : "=r" (result) );
 321:Inc/CMSIS/Core/Include/cmsis_gcc.h ****   return(result);
 322:Inc/CMSIS/Core/Include/cmsis_gcc.h **** }
 323:Inc/CMSIS/Core/Include/cmsis_gcc.h **** #endif
 324:Inc/CMSIS/Core/Include/cmsis_gcc.h **** 
 325:Inc/CMSIS/Core/Include/cmsis_gcc.h **** 
 326:Inc/CMSIS/Core/Include/cmsis_gcc.h **** /**
 327:Inc/CMSIS/Core/Include/cmsis_gcc.h ****   \brief   Set Main Stack Pointer
 328:Inc/CMSIS/Core/Include/cmsis_gcc.h ****   \details Assigns the given value to the Main Stack Pointer (MSP).
 329:Inc/CMSIS/Core/Include/cmsis_gcc.h ****   \param [in]    topOfMainStack  Main Stack Pointer value to set
 330:Inc/CMSIS/Core/Include/cmsis_gcc.h ****  */
 331:Inc/CMSIS/Core/Include/cmsis_gcc.h **** __STATIC_FORCEINLINE void __set_MSP(uint32_t topOfMainStack)
 332:Inc/CMSIS/Core/Include/cmsis_gcc.h **** {
 333:Inc/CMSIS/Core/Include/cmsis_gcc.h ****   __ASM volatile ("MSR msp, %0" : : "r" (topOfMainStack) : );
 334:Inc/CMSIS/Core/Include/cmsis_gcc.h **** }
 335:Inc/CMSIS/Core/Include/cmsis_gcc.h **** 
 336:Inc/CMSIS/Core/Include/cmsis_gcc.h **** 
 337:Inc/CMSIS/Core/Include/cmsis_gcc.h **** #if (defined (__ARM_FEATURE_CMSE ) && (__ARM_FEATURE_CMSE == 3))
 338:Inc/CMSIS/Core/Include/cmsis_gcc.h **** /**
 339:Inc/CMSIS/Core/Include/cmsis_gcc.h ****   \brief   Set Main Stack Pointer (non-secure)
 340:Inc/CMSIS/Core/Include/cmsis_gcc.h ****   \details Assigns the given value to the non-secure Main Stack Pointer (MSP) when in secure state.
 341:Inc/CMSIS/Core/Include/cmsis_gcc.h ****   \param [in]    topOfMainStack  Main Stack Pointer value to set
 342:Inc/CMSIS/Core/Include/cmsis_gcc.h ****  */
 343:Inc/CMSIS/Core/Include/cmsis_gcc.h **** __STATIC_FORCEINLINE void __TZ_set_MSP_NS(uint32_t topOfMainStack)
 344:Inc/CMSIS/Core/Include/cmsis_gcc.h **** {
 345:Inc/CMSIS/Core/Include/cmsis_gcc.h ****   __ASM volatile ("MSR msp_ns, %0" : : "r" (topOfMainStack) : );
 346:Inc/CMSIS/Core/Include/cmsis_gcc.h **** }
 347:Inc/CMSIS/Core/Include/cmsis_gcc.h **** #endif
 348:Inc/CMSIS/Core/Include/cmsis_gcc.h **** 
ARM GAS  /tmp/ccUga7Nf.s 			page 30


 349:Inc/CMSIS/Core/Include/cmsis_gcc.h **** 
 350:Inc/CMSIS/Core/Include/cmsis_gcc.h **** #if (defined (__ARM_FEATURE_CMSE ) && (__ARM_FEATURE_CMSE == 3))
 351:Inc/CMSIS/Core/Include/cmsis_gcc.h **** /**
 352:Inc/CMSIS/Core/Include/cmsis_gcc.h ****   \brief   Get Stack Pointer (non-secure)
 353:Inc/CMSIS/Core/Include/cmsis_gcc.h ****   \details Returns the current value of the non-secure Stack Pointer (SP) when in secure state.
 354:Inc/CMSIS/Core/Include/cmsis_gcc.h ****   \return               SP Register value
 355:Inc/CMSIS/Core/Include/cmsis_gcc.h ****  */
 356:Inc/CMSIS/Core/Include/cmsis_gcc.h **** __STATIC_FORCEINLINE uint32_t __TZ_get_SP_NS(void)
 357:Inc/CMSIS/Core/Include/cmsis_gcc.h **** {
 358:Inc/CMSIS/Core/Include/cmsis_gcc.h ****   uint32_t result;
 359:Inc/CMSIS/Core/Include/cmsis_gcc.h **** 
 360:Inc/CMSIS/Core/Include/cmsis_gcc.h ****   __ASM volatile ("MRS %0, sp_ns" : "=r" (result) );
 361:Inc/CMSIS/Core/Include/cmsis_gcc.h ****   return(result);
 362:Inc/CMSIS/Core/Include/cmsis_gcc.h **** }
 363:Inc/CMSIS/Core/Include/cmsis_gcc.h **** 
 364:Inc/CMSIS/Core/Include/cmsis_gcc.h **** 
 365:Inc/CMSIS/Core/Include/cmsis_gcc.h **** /**
 366:Inc/CMSIS/Core/Include/cmsis_gcc.h ****   \brief   Set Stack Pointer (non-secure)
 367:Inc/CMSIS/Core/Include/cmsis_gcc.h ****   \details Assigns the given value to the non-secure Stack Pointer (SP) when in secure state.
 368:Inc/CMSIS/Core/Include/cmsis_gcc.h ****   \param [in]    topOfStack  Stack Pointer value to set
 369:Inc/CMSIS/Core/Include/cmsis_gcc.h ****  */
 370:Inc/CMSIS/Core/Include/cmsis_gcc.h **** __STATIC_FORCEINLINE void __TZ_set_SP_NS(uint32_t topOfStack)
 371:Inc/CMSIS/Core/Include/cmsis_gcc.h **** {
 372:Inc/CMSIS/Core/Include/cmsis_gcc.h ****   __ASM volatile ("MSR sp_ns, %0" : : "r" (topOfStack) : );
 373:Inc/CMSIS/Core/Include/cmsis_gcc.h **** }
 374:Inc/CMSIS/Core/Include/cmsis_gcc.h **** #endif
 375:Inc/CMSIS/Core/Include/cmsis_gcc.h **** 
 376:Inc/CMSIS/Core/Include/cmsis_gcc.h **** 
 377:Inc/CMSIS/Core/Include/cmsis_gcc.h **** /**
 378:Inc/CMSIS/Core/Include/cmsis_gcc.h ****   \brief   Get Priority Mask
 379:Inc/CMSIS/Core/Include/cmsis_gcc.h ****   \details Returns the current state of the priority mask bit from the Priority Mask Register.
 380:Inc/CMSIS/Core/Include/cmsis_gcc.h ****   \return               Priority Mask value
 381:Inc/CMSIS/Core/Include/cmsis_gcc.h ****  */
 382:Inc/CMSIS/Core/Include/cmsis_gcc.h **** __STATIC_FORCEINLINE uint32_t __get_PRIMASK(void)
 383:Inc/CMSIS/Core/Include/cmsis_gcc.h **** {
 384:Inc/CMSIS/Core/Include/cmsis_gcc.h ****   uint32_t result;
 385:Inc/CMSIS/Core/Include/cmsis_gcc.h **** 
 386:Inc/CMSIS/Core/Include/cmsis_gcc.h ****   __ASM volatile ("MRS %0, primask" : "=r" (result) :: "memory");
 387:Inc/CMSIS/Core/Include/cmsis_gcc.h ****   return(result);
 388:Inc/CMSIS/Core/Include/cmsis_gcc.h **** }
 389:Inc/CMSIS/Core/Include/cmsis_gcc.h **** 
 390:Inc/CMSIS/Core/Include/cmsis_gcc.h **** 
 391:Inc/CMSIS/Core/Include/cmsis_gcc.h **** #if (defined (__ARM_FEATURE_CMSE ) && (__ARM_FEATURE_CMSE == 3))
 392:Inc/CMSIS/Core/Include/cmsis_gcc.h **** /**
 393:Inc/CMSIS/Core/Include/cmsis_gcc.h ****   \brief   Get Priority Mask (non-secure)
 394:Inc/CMSIS/Core/Include/cmsis_gcc.h ****   \details Returns the current state of the non-secure priority mask bit from the Priority Mask Reg
 395:Inc/CMSIS/Core/Include/cmsis_gcc.h ****   \return               Priority Mask value
 396:Inc/CMSIS/Core/Include/cmsis_gcc.h ****  */
 397:Inc/CMSIS/Core/Include/cmsis_gcc.h **** __STATIC_FORCEINLINE uint32_t __TZ_get_PRIMASK_NS(void)
 398:Inc/CMSIS/Core/Include/cmsis_gcc.h **** {
 399:Inc/CMSIS/Core/Include/cmsis_gcc.h ****   uint32_t result;
 400:Inc/CMSIS/Core/Include/cmsis_gcc.h **** 
 401:Inc/CMSIS/Core/Include/cmsis_gcc.h ****   __ASM volatile ("MRS %0, primask_ns" : "=r" (result) :: "memory");
 402:Inc/CMSIS/Core/Include/cmsis_gcc.h ****   return(result);
 403:Inc/CMSIS/Core/Include/cmsis_gcc.h **** }
 404:Inc/CMSIS/Core/Include/cmsis_gcc.h **** #endif
 405:Inc/CMSIS/Core/Include/cmsis_gcc.h **** 
ARM GAS  /tmp/ccUga7Nf.s 			page 31


 406:Inc/CMSIS/Core/Include/cmsis_gcc.h **** 
 407:Inc/CMSIS/Core/Include/cmsis_gcc.h **** /**
 408:Inc/CMSIS/Core/Include/cmsis_gcc.h ****   \brief   Set Priority Mask
 409:Inc/CMSIS/Core/Include/cmsis_gcc.h ****   \details Assigns the given value to the Priority Mask Register.
 410:Inc/CMSIS/Core/Include/cmsis_gcc.h ****   \param [in]    priMask  Priority Mask
 411:Inc/CMSIS/Core/Include/cmsis_gcc.h ****  */
 412:Inc/CMSIS/Core/Include/cmsis_gcc.h **** __STATIC_FORCEINLINE void __set_PRIMASK(uint32_t priMask)
 413:Inc/CMSIS/Core/Include/cmsis_gcc.h **** {
 414:Inc/CMSIS/Core/Include/cmsis_gcc.h ****   __ASM volatile ("MSR primask, %0" : : "r" (priMask) : "memory");
 415:Inc/CMSIS/Core/Include/cmsis_gcc.h **** }
 416:Inc/CMSIS/Core/Include/cmsis_gcc.h **** 
 417:Inc/CMSIS/Core/Include/cmsis_gcc.h **** 
 418:Inc/CMSIS/Core/Include/cmsis_gcc.h **** #if (defined (__ARM_FEATURE_CMSE ) && (__ARM_FEATURE_CMSE == 3))
 419:Inc/CMSIS/Core/Include/cmsis_gcc.h **** /**
 420:Inc/CMSIS/Core/Include/cmsis_gcc.h ****   \brief   Set Priority Mask (non-secure)
 421:Inc/CMSIS/Core/Include/cmsis_gcc.h ****   \details Assigns the given value to the non-secure Priority Mask Register when in secure state.
 422:Inc/CMSIS/Core/Include/cmsis_gcc.h ****   \param [in]    priMask  Priority Mask
 423:Inc/CMSIS/Core/Include/cmsis_gcc.h ****  */
 424:Inc/CMSIS/Core/Include/cmsis_gcc.h **** __STATIC_FORCEINLINE void __TZ_set_PRIMASK_NS(uint32_t priMask)
 425:Inc/CMSIS/Core/Include/cmsis_gcc.h **** {
 426:Inc/CMSIS/Core/Include/cmsis_gcc.h ****   __ASM volatile ("MSR primask_ns, %0" : : "r" (priMask) : "memory");
 427:Inc/CMSIS/Core/Include/cmsis_gcc.h **** }
 428:Inc/CMSIS/Core/Include/cmsis_gcc.h **** #endif
 429:Inc/CMSIS/Core/Include/cmsis_gcc.h **** 
 430:Inc/CMSIS/Core/Include/cmsis_gcc.h **** 
 431:Inc/CMSIS/Core/Include/cmsis_gcc.h **** #if ((defined (__ARM_ARCH_7M__      ) && (__ARM_ARCH_7M__      == 1)) || \
 432:Inc/CMSIS/Core/Include/cmsis_gcc.h ****      (defined (__ARM_ARCH_7EM__     ) && (__ARM_ARCH_7EM__     == 1)) || \
 433:Inc/CMSIS/Core/Include/cmsis_gcc.h ****      (defined (__ARM_ARCH_8M_MAIN__ ) && (__ARM_ARCH_8M_MAIN__ == 1))    )
 434:Inc/CMSIS/Core/Include/cmsis_gcc.h **** /**
 435:Inc/CMSIS/Core/Include/cmsis_gcc.h ****   \brief   Enable FIQ
 436:Inc/CMSIS/Core/Include/cmsis_gcc.h ****   \details Enables FIQ interrupts by clearing the F-bit in the CPSR.
 437:Inc/CMSIS/Core/Include/cmsis_gcc.h ****            Can only be executed in Privileged modes.
 438:Inc/CMSIS/Core/Include/cmsis_gcc.h ****  */
 439:Inc/CMSIS/Core/Include/cmsis_gcc.h **** __STATIC_FORCEINLINE void __enable_fault_irq(void)
 440:Inc/CMSIS/Core/Include/cmsis_gcc.h **** {
 441:Inc/CMSIS/Core/Include/cmsis_gcc.h ****   __ASM volatile ("cpsie f" : : : "memory");
 442:Inc/CMSIS/Core/Include/cmsis_gcc.h **** }
 443:Inc/CMSIS/Core/Include/cmsis_gcc.h **** 
 444:Inc/CMSIS/Core/Include/cmsis_gcc.h **** 
 445:Inc/CMSIS/Core/Include/cmsis_gcc.h **** /**
 446:Inc/CMSIS/Core/Include/cmsis_gcc.h ****   \brief   Disable FIQ
 447:Inc/CMSIS/Core/Include/cmsis_gcc.h ****   \details Disables FIQ interrupts by setting the F-bit in the CPSR.
 448:Inc/CMSIS/Core/Include/cmsis_gcc.h ****            Can only be executed in Privileged modes.
 449:Inc/CMSIS/Core/Include/cmsis_gcc.h ****  */
 450:Inc/CMSIS/Core/Include/cmsis_gcc.h **** __STATIC_FORCEINLINE void __disable_fault_irq(void)
 451:Inc/CMSIS/Core/Include/cmsis_gcc.h **** {
 452:Inc/CMSIS/Core/Include/cmsis_gcc.h ****   __ASM volatile ("cpsid f" : : : "memory");
 453:Inc/CMSIS/Core/Include/cmsis_gcc.h **** }
 454:Inc/CMSIS/Core/Include/cmsis_gcc.h **** 
 455:Inc/CMSIS/Core/Include/cmsis_gcc.h **** 
 456:Inc/CMSIS/Core/Include/cmsis_gcc.h **** /**
 457:Inc/CMSIS/Core/Include/cmsis_gcc.h ****   \brief   Get Base Priority
 458:Inc/CMSIS/Core/Include/cmsis_gcc.h ****   \details Returns the current value of the Base Priority register.
 459:Inc/CMSIS/Core/Include/cmsis_gcc.h ****   \return               Base Priority register value
 460:Inc/CMSIS/Core/Include/cmsis_gcc.h ****  */
 461:Inc/CMSIS/Core/Include/cmsis_gcc.h **** __STATIC_FORCEINLINE uint32_t __get_BASEPRI(void)
 462:Inc/CMSIS/Core/Include/cmsis_gcc.h **** {
ARM GAS  /tmp/ccUga7Nf.s 			page 32


 463:Inc/CMSIS/Core/Include/cmsis_gcc.h ****   uint32_t result;
 464:Inc/CMSIS/Core/Include/cmsis_gcc.h **** 
 465:Inc/CMSIS/Core/Include/cmsis_gcc.h ****   __ASM volatile ("MRS %0, basepri" : "=r" (result) );
 466:Inc/CMSIS/Core/Include/cmsis_gcc.h ****   return(result);
 467:Inc/CMSIS/Core/Include/cmsis_gcc.h **** }
 468:Inc/CMSIS/Core/Include/cmsis_gcc.h **** 
 469:Inc/CMSIS/Core/Include/cmsis_gcc.h **** 
 470:Inc/CMSIS/Core/Include/cmsis_gcc.h **** #if (defined (__ARM_FEATURE_CMSE ) && (__ARM_FEATURE_CMSE == 3))
 471:Inc/CMSIS/Core/Include/cmsis_gcc.h **** /**
 472:Inc/CMSIS/Core/Include/cmsis_gcc.h ****   \brief   Get Base Priority (non-secure)
 473:Inc/CMSIS/Core/Include/cmsis_gcc.h ****   \details Returns the current value of the non-secure Base Priority register when in secure state.
 474:Inc/CMSIS/Core/Include/cmsis_gcc.h ****   \return               Base Priority register value
 475:Inc/CMSIS/Core/Include/cmsis_gcc.h ****  */
 476:Inc/CMSIS/Core/Include/cmsis_gcc.h **** __STATIC_FORCEINLINE uint32_t __TZ_get_BASEPRI_NS(void)
 477:Inc/CMSIS/Core/Include/cmsis_gcc.h **** {
 478:Inc/CMSIS/Core/Include/cmsis_gcc.h ****   uint32_t result;
 479:Inc/CMSIS/Core/Include/cmsis_gcc.h **** 
 480:Inc/CMSIS/Core/Include/cmsis_gcc.h ****   __ASM volatile ("MRS %0, basepri_ns" : "=r" (result) );
 481:Inc/CMSIS/Core/Include/cmsis_gcc.h ****   return(result);
 482:Inc/CMSIS/Core/Include/cmsis_gcc.h **** }
 483:Inc/CMSIS/Core/Include/cmsis_gcc.h **** #endif
 484:Inc/CMSIS/Core/Include/cmsis_gcc.h **** 
 485:Inc/CMSIS/Core/Include/cmsis_gcc.h **** 
 486:Inc/CMSIS/Core/Include/cmsis_gcc.h **** /**
 487:Inc/CMSIS/Core/Include/cmsis_gcc.h ****   \brief   Set Base Priority
 488:Inc/CMSIS/Core/Include/cmsis_gcc.h ****   \details Assigns the given value to the Base Priority register.
 489:Inc/CMSIS/Core/Include/cmsis_gcc.h ****   \param [in]    basePri  Base Priority value to set
 490:Inc/CMSIS/Core/Include/cmsis_gcc.h ****  */
 491:Inc/CMSIS/Core/Include/cmsis_gcc.h **** __STATIC_FORCEINLINE void __set_BASEPRI(uint32_t basePri)
 492:Inc/CMSIS/Core/Include/cmsis_gcc.h **** {
 493:Inc/CMSIS/Core/Include/cmsis_gcc.h ****   __ASM volatile ("MSR basepri, %0" : : "r" (basePri) : "memory");
 494:Inc/CMSIS/Core/Include/cmsis_gcc.h **** }
 495:Inc/CMSIS/Core/Include/cmsis_gcc.h **** 
 496:Inc/CMSIS/Core/Include/cmsis_gcc.h **** 
 497:Inc/CMSIS/Core/Include/cmsis_gcc.h **** #if (defined (__ARM_FEATURE_CMSE ) && (__ARM_FEATURE_CMSE == 3))
 498:Inc/CMSIS/Core/Include/cmsis_gcc.h **** /**
 499:Inc/CMSIS/Core/Include/cmsis_gcc.h ****   \brief   Set Base Priority (non-secure)
 500:Inc/CMSIS/Core/Include/cmsis_gcc.h ****   \details Assigns the given value to the non-secure Base Priority register when in secure state.
 501:Inc/CMSIS/Core/Include/cmsis_gcc.h ****   \param [in]    basePri  Base Priority value to set
 502:Inc/CMSIS/Core/Include/cmsis_gcc.h ****  */
 503:Inc/CMSIS/Core/Include/cmsis_gcc.h **** __STATIC_FORCEINLINE void __TZ_set_BASEPRI_NS(uint32_t basePri)
 504:Inc/CMSIS/Core/Include/cmsis_gcc.h **** {
 505:Inc/CMSIS/Core/Include/cmsis_gcc.h ****   __ASM volatile ("MSR basepri_ns, %0" : : "r" (basePri) : "memory");
 506:Inc/CMSIS/Core/Include/cmsis_gcc.h **** }
 507:Inc/CMSIS/Core/Include/cmsis_gcc.h **** #endif
 508:Inc/CMSIS/Core/Include/cmsis_gcc.h **** 
 509:Inc/CMSIS/Core/Include/cmsis_gcc.h **** 
 510:Inc/CMSIS/Core/Include/cmsis_gcc.h **** /**
 511:Inc/CMSIS/Core/Include/cmsis_gcc.h ****   \brief   Set Base Priority with condition
 512:Inc/CMSIS/Core/Include/cmsis_gcc.h ****   \details Assigns the given value to the Base Priority register only if BASEPRI masking is disable
 513:Inc/CMSIS/Core/Include/cmsis_gcc.h ****            or the new value increases the BASEPRI priority level.
 514:Inc/CMSIS/Core/Include/cmsis_gcc.h ****   \param [in]    basePri  Base Priority value to set
 515:Inc/CMSIS/Core/Include/cmsis_gcc.h ****  */
 516:Inc/CMSIS/Core/Include/cmsis_gcc.h **** __STATIC_FORCEINLINE void __set_BASEPRI_MAX(uint32_t basePri)
 517:Inc/CMSIS/Core/Include/cmsis_gcc.h **** {
 518:Inc/CMSIS/Core/Include/cmsis_gcc.h ****   __ASM volatile ("MSR basepri_max, %0" : : "r" (basePri) : "memory");
 519:Inc/CMSIS/Core/Include/cmsis_gcc.h **** }
ARM GAS  /tmp/ccUga7Nf.s 			page 33


 520:Inc/CMSIS/Core/Include/cmsis_gcc.h **** 
 521:Inc/CMSIS/Core/Include/cmsis_gcc.h **** 
 522:Inc/CMSIS/Core/Include/cmsis_gcc.h **** /**
 523:Inc/CMSIS/Core/Include/cmsis_gcc.h ****   \brief   Get Fault Mask
 524:Inc/CMSIS/Core/Include/cmsis_gcc.h ****   \details Returns the current value of the Fault Mask register.
 525:Inc/CMSIS/Core/Include/cmsis_gcc.h ****   \return               Fault Mask register value
 526:Inc/CMSIS/Core/Include/cmsis_gcc.h ****  */
 527:Inc/CMSIS/Core/Include/cmsis_gcc.h **** __STATIC_FORCEINLINE uint32_t __get_FAULTMASK(void)
 528:Inc/CMSIS/Core/Include/cmsis_gcc.h **** {
 529:Inc/CMSIS/Core/Include/cmsis_gcc.h ****   uint32_t result;
 530:Inc/CMSIS/Core/Include/cmsis_gcc.h **** 
 531:Inc/CMSIS/Core/Include/cmsis_gcc.h ****   __ASM volatile ("MRS %0, faultmask" : "=r" (result) );
 532:Inc/CMSIS/Core/Include/cmsis_gcc.h ****   return(result);
 533:Inc/CMSIS/Core/Include/cmsis_gcc.h **** }
 534:Inc/CMSIS/Core/Include/cmsis_gcc.h **** 
 535:Inc/CMSIS/Core/Include/cmsis_gcc.h **** 
 536:Inc/CMSIS/Core/Include/cmsis_gcc.h **** #if (defined (__ARM_FEATURE_CMSE ) && (__ARM_FEATURE_CMSE == 3))
 537:Inc/CMSIS/Core/Include/cmsis_gcc.h **** /**
 538:Inc/CMSIS/Core/Include/cmsis_gcc.h ****   \brief   Get Fault Mask (non-secure)
 539:Inc/CMSIS/Core/Include/cmsis_gcc.h ****   \details Returns the current value of the non-secure Fault Mask register when in secure state.
 540:Inc/CMSIS/Core/Include/cmsis_gcc.h ****   \return               Fault Mask register value
 541:Inc/CMSIS/Core/Include/cmsis_gcc.h ****  */
 542:Inc/CMSIS/Core/Include/cmsis_gcc.h **** __STATIC_FORCEINLINE uint32_t __TZ_get_FAULTMASK_NS(void)
 543:Inc/CMSIS/Core/Include/cmsis_gcc.h **** {
 544:Inc/CMSIS/Core/Include/cmsis_gcc.h ****   uint32_t result;
 545:Inc/CMSIS/Core/Include/cmsis_gcc.h **** 
 546:Inc/CMSIS/Core/Include/cmsis_gcc.h ****   __ASM volatile ("MRS %0, faultmask_ns" : "=r" (result) );
 547:Inc/CMSIS/Core/Include/cmsis_gcc.h ****   return(result);
 548:Inc/CMSIS/Core/Include/cmsis_gcc.h **** }
 549:Inc/CMSIS/Core/Include/cmsis_gcc.h **** #endif
 550:Inc/CMSIS/Core/Include/cmsis_gcc.h **** 
 551:Inc/CMSIS/Core/Include/cmsis_gcc.h **** 
 552:Inc/CMSIS/Core/Include/cmsis_gcc.h **** /**
 553:Inc/CMSIS/Core/Include/cmsis_gcc.h ****   \brief   Set Fault Mask
 554:Inc/CMSIS/Core/Include/cmsis_gcc.h ****   \details Assigns the given value to the Fault Mask register.
 555:Inc/CMSIS/Core/Include/cmsis_gcc.h ****   \param [in]    faultMask  Fault Mask value to set
 556:Inc/CMSIS/Core/Include/cmsis_gcc.h ****  */
 557:Inc/CMSIS/Core/Include/cmsis_gcc.h **** __STATIC_FORCEINLINE void __set_FAULTMASK(uint32_t faultMask)
 558:Inc/CMSIS/Core/Include/cmsis_gcc.h **** {
 559:Inc/CMSIS/Core/Include/cmsis_gcc.h ****   __ASM volatile ("MSR faultmask, %0" : : "r" (faultMask) : "memory");
 560:Inc/CMSIS/Core/Include/cmsis_gcc.h **** }
 561:Inc/CMSIS/Core/Include/cmsis_gcc.h **** 
 562:Inc/CMSIS/Core/Include/cmsis_gcc.h **** 
 563:Inc/CMSIS/Core/Include/cmsis_gcc.h **** #if (defined (__ARM_FEATURE_CMSE ) && (__ARM_FEATURE_CMSE == 3))
 564:Inc/CMSIS/Core/Include/cmsis_gcc.h **** /**
 565:Inc/CMSIS/Core/Include/cmsis_gcc.h ****   \brief   Set Fault Mask (non-secure)
 566:Inc/CMSIS/Core/Include/cmsis_gcc.h ****   \details Assigns the given value to the non-secure Fault Mask register when in secure state.
 567:Inc/CMSIS/Core/Include/cmsis_gcc.h ****   \param [in]    faultMask  Fault Mask value to set
 568:Inc/CMSIS/Core/Include/cmsis_gcc.h ****  */
 569:Inc/CMSIS/Core/Include/cmsis_gcc.h **** __STATIC_FORCEINLINE void __TZ_set_FAULTMASK_NS(uint32_t faultMask)
 570:Inc/CMSIS/Core/Include/cmsis_gcc.h **** {
 571:Inc/CMSIS/Core/Include/cmsis_gcc.h ****   __ASM volatile ("MSR faultmask_ns, %0" : : "r" (faultMask) : "memory");
 572:Inc/CMSIS/Core/Include/cmsis_gcc.h **** }
 573:Inc/CMSIS/Core/Include/cmsis_gcc.h **** #endif
 574:Inc/CMSIS/Core/Include/cmsis_gcc.h **** 
 575:Inc/CMSIS/Core/Include/cmsis_gcc.h **** #endif /* ((defined (__ARM_ARCH_7M__      ) && (__ARM_ARCH_7M__      == 1)) || \
 576:Inc/CMSIS/Core/Include/cmsis_gcc.h ****            (defined (__ARM_ARCH_7EM__     ) && (__ARM_ARCH_7EM__     == 1)) || \
ARM GAS  /tmp/ccUga7Nf.s 			page 34


 577:Inc/CMSIS/Core/Include/cmsis_gcc.h ****            (defined (__ARM_ARCH_8M_MAIN__ ) && (__ARM_ARCH_8M_MAIN__ == 1))    ) */
 578:Inc/CMSIS/Core/Include/cmsis_gcc.h **** 
 579:Inc/CMSIS/Core/Include/cmsis_gcc.h **** 
 580:Inc/CMSIS/Core/Include/cmsis_gcc.h **** #if ((defined (__ARM_ARCH_8M_MAIN__ ) && (__ARM_ARCH_8M_MAIN__ == 1)) || \
 581:Inc/CMSIS/Core/Include/cmsis_gcc.h ****      (defined (__ARM_ARCH_8M_BASE__ ) && (__ARM_ARCH_8M_BASE__ == 1))    )
 582:Inc/CMSIS/Core/Include/cmsis_gcc.h **** 
 583:Inc/CMSIS/Core/Include/cmsis_gcc.h **** /**
 584:Inc/CMSIS/Core/Include/cmsis_gcc.h ****   \brief   Get Process Stack Pointer Limit
 585:Inc/CMSIS/Core/Include/cmsis_gcc.h ****   Devices without ARMv8-M Main Extensions (i.e. Cortex-M23) lack the non-secure
 586:Inc/CMSIS/Core/Include/cmsis_gcc.h ****   Stack Pointer Limit register hence zero is returned always in non-secure
 587:Inc/CMSIS/Core/Include/cmsis_gcc.h ****   mode.
 588:Inc/CMSIS/Core/Include/cmsis_gcc.h ****   
 589:Inc/CMSIS/Core/Include/cmsis_gcc.h ****   \details Returns the current value of the Process Stack Pointer Limit (PSPLIM).
 590:Inc/CMSIS/Core/Include/cmsis_gcc.h ****   \return               PSPLIM Register value
 591:Inc/CMSIS/Core/Include/cmsis_gcc.h ****  */
 592:Inc/CMSIS/Core/Include/cmsis_gcc.h **** __STATIC_FORCEINLINE uint32_t __get_PSPLIM(void)
 593:Inc/CMSIS/Core/Include/cmsis_gcc.h **** {
 594:Inc/CMSIS/Core/Include/cmsis_gcc.h **** #if (!(defined (__ARM_ARCH_8M_MAIN__ ) && (__ARM_ARCH_8M_MAIN__ == 1)) && \
 595:Inc/CMSIS/Core/Include/cmsis_gcc.h ****     (!defined (__ARM_FEATURE_CMSE) || (__ARM_FEATURE_CMSE < 3)))
 596:Inc/CMSIS/Core/Include/cmsis_gcc.h ****     // without main extensions, the non-secure PSPLIM is RAZ/WI
 597:Inc/CMSIS/Core/Include/cmsis_gcc.h ****   return 0U;
 598:Inc/CMSIS/Core/Include/cmsis_gcc.h **** #else
 599:Inc/CMSIS/Core/Include/cmsis_gcc.h ****   uint32_t result;
 600:Inc/CMSIS/Core/Include/cmsis_gcc.h ****   __ASM volatile ("MRS %0, psplim"  : "=r" (result) );
 601:Inc/CMSIS/Core/Include/cmsis_gcc.h ****   return result;
 602:Inc/CMSIS/Core/Include/cmsis_gcc.h **** #endif
 603:Inc/CMSIS/Core/Include/cmsis_gcc.h **** }
 604:Inc/CMSIS/Core/Include/cmsis_gcc.h **** 
 605:Inc/CMSIS/Core/Include/cmsis_gcc.h **** #if (defined (__ARM_FEATURE_CMSE) && (__ARM_FEATURE_CMSE == 3))
 606:Inc/CMSIS/Core/Include/cmsis_gcc.h **** /**
 607:Inc/CMSIS/Core/Include/cmsis_gcc.h ****   \brief   Get Process Stack Pointer Limit (non-secure)
 608:Inc/CMSIS/Core/Include/cmsis_gcc.h ****   Devices without ARMv8-M Main Extensions (i.e. Cortex-M23) lack the non-secure
 609:Inc/CMSIS/Core/Include/cmsis_gcc.h ****   Stack Pointer Limit register hence zero is returned always.
 610:Inc/CMSIS/Core/Include/cmsis_gcc.h **** 
 611:Inc/CMSIS/Core/Include/cmsis_gcc.h ****   \details Returns the current value of the non-secure Process Stack Pointer Limit (PSPLIM) when in
 612:Inc/CMSIS/Core/Include/cmsis_gcc.h ****   \return               PSPLIM Register value
 613:Inc/CMSIS/Core/Include/cmsis_gcc.h ****  */
 614:Inc/CMSIS/Core/Include/cmsis_gcc.h **** __STATIC_FORCEINLINE uint32_t __TZ_get_PSPLIM_NS(void)
 615:Inc/CMSIS/Core/Include/cmsis_gcc.h **** {
 616:Inc/CMSIS/Core/Include/cmsis_gcc.h **** #if (!(defined (__ARM_ARCH_8M_MAIN__ ) && (__ARM_ARCH_8M_MAIN__ == 1)))
 617:Inc/CMSIS/Core/Include/cmsis_gcc.h ****   // without main extensions, the non-secure PSPLIM is RAZ/WI
 618:Inc/CMSIS/Core/Include/cmsis_gcc.h ****   return 0U;
 619:Inc/CMSIS/Core/Include/cmsis_gcc.h **** #else
 620:Inc/CMSIS/Core/Include/cmsis_gcc.h ****   uint32_t result;
 621:Inc/CMSIS/Core/Include/cmsis_gcc.h ****   __ASM volatile ("MRS %0, psplim_ns"  : "=r" (result) );
 622:Inc/CMSIS/Core/Include/cmsis_gcc.h ****   return result;
 623:Inc/CMSIS/Core/Include/cmsis_gcc.h **** #endif
 624:Inc/CMSIS/Core/Include/cmsis_gcc.h **** }
 625:Inc/CMSIS/Core/Include/cmsis_gcc.h **** #endif
 626:Inc/CMSIS/Core/Include/cmsis_gcc.h **** 
 627:Inc/CMSIS/Core/Include/cmsis_gcc.h **** 
 628:Inc/CMSIS/Core/Include/cmsis_gcc.h **** /**
 629:Inc/CMSIS/Core/Include/cmsis_gcc.h ****   \brief   Set Process Stack Pointer Limit
 630:Inc/CMSIS/Core/Include/cmsis_gcc.h ****   Devices without ARMv8-M Main Extensions (i.e. Cortex-M23) lack the non-secure
 631:Inc/CMSIS/Core/Include/cmsis_gcc.h ****   Stack Pointer Limit register hence the write is silently ignored in non-secure
 632:Inc/CMSIS/Core/Include/cmsis_gcc.h ****   mode.
 633:Inc/CMSIS/Core/Include/cmsis_gcc.h ****   
ARM GAS  /tmp/ccUga7Nf.s 			page 35


 634:Inc/CMSIS/Core/Include/cmsis_gcc.h ****   \details Assigns the given value to the Process Stack Pointer Limit (PSPLIM).
 635:Inc/CMSIS/Core/Include/cmsis_gcc.h ****   \param [in]    ProcStackPtrLimit  Process Stack Pointer Limit value to set
 636:Inc/CMSIS/Core/Include/cmsis_gcc.h ****  */
 637:Inc/CMSIS/Core/Include/cmsis_gcc.h **** __STATIC_FORCEINLINE void __set_PSPLIM(uint32_t ProcStackPtrLimit)
 638:Inc/CMSIS/Core/Include/cmsis_gcc.h **** {
 639:Inc/CMSIS/Core/Include/cmsis_gcc.h **** #if (!(defined (__ARM_ARCH_8M_MAIN__ ) && (__ARM_ARCH_8M_MAIN__ == 1)) && \
 640:Inc/CMSIS/Core/Include/cmsis_gcc.h ****     (!defined (__ARM_FEATURE_CMSE) || (__ARM_FEATURE_CMSE < 3)))
 641:Inc/CMSIS/Core/Include/cmsis_gcc.h ****   // without main extensions, the non-secure PSPLIM is RAZ/WI
 642:Inc/CMSIS/Core/Include/cmsis_gcc.h ****   (void)ProcStackPtrLimit;
 643:Inc/CMSIS/Core/Include/cmsis_gcc.h **** #else
 644:Inc/CMSIS/Core/Include/cmsis_gcc.h ****   __ASM volatile ("MSR psplim, %0" : : "r" (ProcStackPtrLimit));
 645:Inc/CMSIS/Core/Include/cmsis_gcc.h **** #endif
 646:Inc/CMSIS/Core/Include/cmsis_gcc.h **** }
 647:Inc/CMSIS/Core/Include/cmsis_gcc.h **** 
 648:Inc/CMSIS/Core/Include/cmsis_gcc.h **** 
 649:Inc/CMSIS/Core/Include/cmsis_gcc.h **** #if (defined (__ARM_FEATURE_CMSE  ) && (__ARM_FEATURE_CMSE   == 3))
 650:Inc/CMSIS/Core/Include/cmsis_gcc.h **** /**
 651:Inc/CMSIS/Core/Include/cmsis_gcc.h ****   \brief   Set Process Stack Pointer (non-secure)
 652:Inc/CMSIS/Core/Include/cmsis_gcc.h ****   Devices without ARMv8-M Main Extensions (i.e. Cortex-M23) lack the non-secure
 653:Inc/CMSIS/Core/Include/cmsis_gcc.h ****   Stack Pointer Limit register hence the write is silently ignored.
 654:Inc/CMSIS/Core/Include/cmsis_gcc.h **** 
 655:Inc/CMSIS/Core/Include/cmsis_gcc.h ****   \details Assigns the given value to the non-secure Process Stack Pointer Limit (PSPLIM) when in s
 656:Inc/CMSIS/Core/Include/cmsis_gcc.h ****   \param [in]    ProcStackPtrLimit  Process Stack Pointer Limit value to set
 657:Inc/CMSIS/Core/Include/cmsis_gcc.h ****  */
 658:Inc/CMSIS/Core/Include/cmsis_gcc.h **** __STATIC_FORCEINLINE void __TZ_set_PSPLIM_NS(uint32_t ProcStackPtrLimit)
 659:Inc/CMSIS/Core/Include/cmsis_gcc.h **** {
 660:Inc/CMSIS/Core/Include/cmsis_gcc.h **** #if (!(defined (__ARM_ARCH_8M_MAIN__ ) && (__ARM_ARCH_8M_MAIN__ == 1)))
 661:Inc/CMSIS/Core/Include/cmsis_gcc.h ****   // without main extensions, the non-secure PSPLIM is RAZ/WI
 662:Inc/CMSIS/Core/Include/cmsis_gcc.h ****   (void)ProcStackPtrLimit;
 663:Inc/CMSIS/Core/Include/cmsis_gcc.h **** #else
 664:Inc/CMSIS/Core/Include/cmsis_gcc.h ****   __ASM volatile ("MSR psplim_ns, %0\n" : : "r" (ProcStackPtrLimit));
 665:Inc/CMSIS/Core/Include/cmsis_gcc.h **** #endif
 666:Inc/CMSIS/Core/Include/cmsis_gcc.h **** }
 667:Inc/CMSIS/Core/Include/cmsis_gcc.h **** #endif
 668:Inc/CMSIS/Core/Include/cmsis_gcc.h **** 
 669:Inc/CMSIS/Core/Include/cmsis_gcc.h **** 
 670:Inc/CMSIS/Core/Include/cmsis_gcc.h **** /**
 671:Inc/CMSIS/Core/Include/cmsis_gcc.h ****   \brief   Get Main Stack Pointer Limit
 672:Inc/CMSIS/Core/Include/cmsis_gcc.h ****   Devices without ARMv8-M Main Extensions (i.e. Cortex-M23) lack the non-secure
 673:Inc/CMSIS/Core/Include/cmsis_gcc.h ****   Stack Pointer Limit register hence zero is returned always in non-secure
 674:Inc/CMSIS/Core/Include/cmsis_gcc.h ****   mode.
 675:Inc/CMSIS/Core/Include/cmsis_gcc.h **** 
 676:Inc/CMSIS/Core/Include/cmsis_gcc.h ****   \details Returns the current value of the Main Stack Pointer Limit (MSPLIM).
 677:Inc/CMSIS/Core/Include/cmsis_gcc.h ****   \return               MSPLIM Register value
 678:Inc/CMSIS/Core/Include/cmsis_gcc.h ****  */
 679:Inc/CMSIS/Core/Include/cmsis_gcc.h **** __STATIC_FORCEINLINE uint32_t __get_MSPLIM(void)
 680:Inc/CMSIS/Core/Include/cmsis_gcc.h **** {
 681:Inc/CMSIS/Core/Include/cmsis_gcc.h **** #if (!(defined (__ARM_ARCH_8M_MAIN__ ) && (__ARM_ARCH_8M_MAIN__ == 1)) && \
 682:Inc/CMSIS/Core/Include/cmsis_gcc.h ****     (!defined (__ARM_FEATURE_CMSE) || (__ARM_FEATURE_CMSE < 3)))
 683:Inc/CMSIS/Core/Include/cmsis_gcc.h ****   // without main extensions, the non-secure MSPLIM is RAZ/WI
 684:Inc/CMSIS/Core/Include/cmsis_gcc.h ****   return 0U;
 685:Inc/CMSIS/Core/Include/cmsis_gcc.h **** #else
 686:Inc/CMSIS/Core/Include/cmsis_gcc.h ****   uint32_t result;
 687:Inc/CMSIS/Core/Include/cmsis_gcc.h ****   __ASM volatile ("MRS %0, msplim" : "=r" (result) );
 688:Inc/CMSIS/Core/Include/cmsis_gcc.h ****   return result;
 689:Inc/CMSIS/Core/Include/cmsis_gcc.h **** #endif
 690:Inc/CMSIS/Core/Include/cmsis_gcc.h **** }
ARM GAS  /tmp/ccUga7Nf.s 			page 36


 691:Inc/CMSIS/Core/Include/cmsis_gcc.h **** 
 692:Inc/CMSIS/Core/Include/cmsis_gcc.h **** 
 693:Inc/CMSIS/Core/Include/cmsis_gcc.h **** #if (defined (__ARM_FEATURE_CMSE  ) && (__ARM_FEATURE_CMSE   == 3))
 694:Inc/CMSIS/Core/Include/cmsis_gcc.h **** /**
 695:Inc/CMSIS/Core/Include/cmsis_gcc.h ****   \brief   Get Main Stack Pointer Limit (non-secure)
 696:Inc/CMSIS/Core/Include/cmsis_gcc.h ****   Devices without ARMv8-M Main Extensions (i.e. Cortex-M23) lack the non-secure
 697:Inc/CMSIS/Core/Include/cmsis_gcc.h ****   Stack Pointer Limit register hence zero is returned always.
 698:Inc/CMSIS/Core/Include/cmsis_gcc.h **** 
 699:Inc/CMSIS/Core/Include/cmsis_gcc.h ****   \details Returns the current value of the non-secure Main Stack Pointer Limit(MSPLIM) when in sec
 700:Inc/CMSIS/Core/Include/cmsis_gcc.h ****   \return               MSPLIM Register value
 701:Inc/CMSIS/Core/Include/cmsis_gcc.h ****  */
 702:Inc/CMSIS/Core/Include/cmsis_gcc.h **** __STATIC_FORCEINLINE uint32_t __TZ_get_MSPLIM_NS(void)
 703:Inc/CMSIS/Core/Include/cmsis_gcc.h **** {
 704:Inc/CMSIS/Core/Include/cmsis_gcc.h **** #if (!(defined (__ARM_ARCH_8M_MAIN__ ) && (__ARM_ARCH_8M_MAIN__ == 1)))
 705:Inc/CMSIS/Core/Include/cmsis_gcc.h ****   // without main extensions, the non-secure MSPLIM is RAZ/WI
 706:Inc/CMSIS/Core/Include/cmsis_gcc.h ****   return 0U;
 707:Inc/CMSIS/Core/Include/cmsis_gcc.h **** #else
 708:Inc/CMSIS/Core/Include/cmsis_gcc.h ****   uint32_t result;
 709:Inc/CMSIS/Core/Include/cmsis_gcc.h ****   __ASM volatile ("MRS %0, msplim_ns" : "=r" (result) );
 710:Inc/CMSIS/Core/Include/cmsis_gcc.h ****   return result;
 711:Inc/CMSIS/Core/Include/cmsis_gcc.h **** #endif
 712:Inc/CMSIS/Core/Include/cmsis_gcc.h **** }
 713:Inc/CMSIS/Core/Include/cmsis_gcc.h **** #endif
 714:Inc/CMSIS/Core/Include/cmsis_gcc.h **** 
 715:Inc/CMSIS/Core/Include/cmsis_gcc.h **** 
 716:Inc/CMSIS/Core/Include/cmsis_gcc.h **** /**
 717:Inc/CMSIS/Core/Include/cmsis_gcc.h ****   \brief   Set Main Stack Pointer Limit
 718:Inc/CMSIS/Core/Include/cmsis_gcc.h ****   Devices without ARMv8-M Main Extensions (i.e. Cortex-M23) lack the non-secure
 719:Inc/CMSIS/Core/Include/cmsis_gcc.h ****   Stack Pointer Limit register hence the write is silently ignored in non-secure
 720:Inc/CMSIS/Core/Include/cmsis_gcc.h ****   mode.
 721:Inc/CMSIS/Core/Include/cmsis_gcc.h **** 
 722:Inc/CMSIS/Core/Include/cmsis_gcc.h ****   \details Assigns the given value to the Main Stack Pointer Limit (MSPLIM).
 723:Inc/CMSIS/Core/Include/cmsis_gcc.h ****   \param [in]    MainStackPtrLimit  Main Stack Pointer Limit value to set
 724:Inc/CMSIS/Core/Include/cmsis_gcc.h ****  */
 725:Inc/CMSIS/Core/Include/cmsis_gcc.h **** __STATIC_FORCEINLINE void __set_MSPLIM(uint32_t MainStackPtrLimit)
 726:Inc/CMSIS/Core/Include/cmsis_gcc.h **** {
 727:Inc/CMSIS/Core/Include/cmsis_gcc.h **** #if (!(defined (__ARM_ARCH_8M_MAIN__ ) && (__ARM_ARCH_8M_MAIN__ == 1)) && \
 728:Inc/CMSIS/Core/Include/cmsis_gcc.h ****     (!defined (__ARM_FEATURE_CMSE) || (__ARM_FEATURE_CMSE < 3)))
 729:Inc/CMSIS/Core/Include/cmsis_gcc.h ****   // without main extensions, the non-secure MSPLIM is RAZ/WI
 730:Inc/CMSIS/Core/Include/cmsis_gcc.h ****   (void)MainStackPtrLimit;
 731:Inc/CMSIS/Core/Include/cmsis_gcc.h **** #else
 732:Inc/CMSIS/Core/Include/cmsis_gcc.h ****   __ASM volatile ("MSR msplim, %0" : : "r" (MainStackPtrLimit));
 733:Inc/CMSIS/Core/Include/cmsis_gcc.h **** #endif
 734:Inc/CMSIS/Core/Include/cmsis_gcc.h **** }
 735:Inc/CMSIS/Core/Include/cmsis_gcc.h **** 
 736:Inc/CMSIS/Core/Include/cmsis_gcc.h **** 
 737:Inc/CMSIS/Core/Include/cmsis_gcc.h **** #if (defined (__ARM_FEATURE_CMSE  ) && (__ARM_FEATURE_CMSE   == 3))
 738:Inc/CMSIS/Core/Include/cmsis_gcc.h **** /**
 739:Inc/CMSIS/Core/Include/cmsis_gcc.h ****   \brief   Set Main Stack Pointer Limit (non-secure)
 740:Inc/CMSIS/Core/Include/cmsis_gcc.h ****   Devices without ARMv8-M Main Extensions (i.e. Cortex-M23) lack the non-secure
 741:Inc/CMSIS/Core/Include/cmsis_gcc.h ****   Stack Pointer Limit register hence the write is silently ignored.
 742:Inc/CMSIS/Core/Include/cmsis_gcc.h **** 
 743:Inc/CMSIS/Core/Include/cmsis_gcc.h ****   \details Assigns the given value to the non-secure Main Stack Pointer Limit (MSPLIM) when in secu
 744:Inc/CMSIS/Core/Include/cmsis_gcc.h ****   \param [in]    MainStackPtrLimit  Main Stack Pointer value to set
 745:Inc/CMSIS/Core/Include/cmsis_gcc.h ****  */
 746:Inc/CMSIS/Core/Include/cmsis_gcc.h **** __STATIC_FORCEINLINE void __TZ_set_MSPLIM_NS(uint32_t MainStackPtrLimit)
 747:Inc/CMSIS/Core/Include/cmsis_gcc.h **** {
ARM GAS  /tmp/ccUga7Nf.s 			page 37


 748:Inc/CMSIS/Core/Include/cmsis_gcc.h **** #if (!(defined (__ARM_ARCH_8M_MAIN__ ) && (__ARM_ARCH_8M_MAIN__ == 1)))
 749:Inc/CMSIS/Core/Include/cmsis_gcc.h ****   // without main extensions, the non-secure MSPLIM is RAZ/WI
 750:Inc/CMSIS/Core/Include/cmsis_gcc.h ****   (void)MainStackPtrLimit;
 751:Inc/CMSIS/Core/Include/cmsis_gcc.h **** #else
 752:Inc/CMSIS/Core/Include/cmsis_gcc.h ****   __ASM volatile ("MSR msplim_ns, %0" : : "r" (MainStackPtrLimit));
 753:Inc/CMSIS/Core/Include/cmsis_gcc.h **** #endif
 754:Inc/CMSIS/Core/Include/cmsis_gcc.h **** }
 755:Inc/CMSIS/Core/Include/cmsis_gcc.h **** #endif
 756:Inc/CMSIS/Core/Include/cmsis_gcc.h **** 
 757:Inc/CMSIS/Core/Include/cmsis_gcc.h **** #endif /* ((defined (__ARM_ARCH_8M_MAIN__ ) && (__ARM_ARCH_8M_MAIN__ == 1)) || \
 758:Inc/CMSIS/Core/Include/cmsis_gcc.h ****            (defined (__ARM_ARCH_8M_BASE__ ) && (__ARM_ARCH_8M_BASE__ == 1))    ) */
 759:Inc/CMSIS/Core/Include/cmsis_gcc.h **** 
 760:Inc/CMSIS/Core/Include/cmsis_gcc.h **** 
 761:Inc/CMSIS/Core/Include/cmsis_gcc.h **** /**
 762:Inc/CMSIS/Core/Include/cmsis_gcc.h ****   \brief   Get FPSCR
 763:Inc/CMSIS/Core/Include/cmsis_gcc.h ****   \details Returns the current value of the Floating Point Status/Control register.
 764:Inc/CMSIS/Core/Include/cmsis_gcc.h ****   \return               Floating Point Status/Control register value
 765:Inc/CMSIS/Core/Include/cmsis_gcc.h ****  */
 766:Inc/CMSIS/Core/Include/cmsis_gcc.h **** __STATIC_FORCEINLINE uint32_t __get_FPSCR(void)
 767:Inc/CMSIS/Core/Include/cmsis_gcc.h **** {
 768:Inc/CMSIS/Core/Include/cmsis_gcc.h **** #if ((defined (__FPU_PRESENT) && (__FPU_PRESENT == 1U)) && \
 769:Inc/CMSIS/Core/Include/cmsis_gcc.h ****      (defined (__FPU_USED   ) && (__FPU_USED    == 1U))     )
 770:Inc/CMSIS/Core/Include/cmsis_gcc.h **** #if __has_builtin(__builtin_arm_get_fpscr) 
 771:Inc/CMSIS/Core/Include/cmsis_gcc.h **** // Re-enable using built-in when GCC has been fixed
 772:Inc/CMSIS/Core/Include/cmsis_gcc.h **** // || (__GNUC__ > 7) || (__GNUC__ == 7 && __GNUC_MINOR__ >= 2)
 773:Inc/CMSIS/Core/Include/cmsis_gcc.h ****   /* see https://gcc.gnu.org/ml/gcc-patches/2017-04/msg00443.html */
 774:Inc/CMSIS/Core/Include/cmsis_gcc.h ****   return __builtin_arm_get_fpscr();
 775:Inc/CMSIS/Core/Include/cmsis_gcc.h **** #else
 776:Inc/CMSIS/Core/Include/cmsis_gcc.h ****   uint32_t result;
 777:Inc/CMSIS/Core/Include/cmsis_gcc.h **** 
 778:Inc/CMSIS/Core/Include/cmsis_gcc.h ****   __ASM volatile ("VMRS %0, fpscr" : "=r" (result) );
 779:Inc/CMSIS/Core/Include/cmsis_gcc.h ****   return(result);
 780:Inc/CMSIS/Core/Include/cmsis_gcc.h **** #endif
 781:Inc/CMSIS/Core/Include/cmsis_gcc.h **** #else
 782:Inc/CMSIS/Core/Include/cmsis_gcc.h ****   return(0U);
 783:Inc/CMSIS/Core/Include/cmsis_gcc.h **** #endif
 784:Inc/CMSIS/Core/Include/cmsis_gcc.h **** }
 785:Inc/CMSIS/Core/Include/cmsis_gcc.h **** 
 786:Inc/CMSIS/Core/Include/cmsis_gcc.h **** 
 787:Inc/CMSIS/Core/Include/cmsis_gcc.h **** /**
 788:Inc/CMSIS/Core/Include/cmsis_gcc.h ****   \brief   Set FPSCR
 789:Inc/CMSIS/Core/Include/cmsis_gcc.h ****   \details Assigns the given value to the Floating Point Status/Control register.
 790:Inc/CMSIS/Core/Include/cmsis_gcc.h ****   \param [in]    fpscr  Floating Point Status/Control value to set
 791:Inc/CMSIS/Core/Include/cmsis_gcc.h ****  */
 792:Inc/CMSIS/Core/Include/cmsis_gcc.h **** __STATIC_FORCEINLINE void __set_FPSCR(uint32_t fpscr)
 793:Inc/CMSIS/Core/Include/cmsis_gcc.h **** {
 794:Inc/CMSIS/Core/Include/cmsis_gcc.h **** #if ((defined (__FPU_PRESENT) && (__FPU_PRESENT == 1U)) && \
 795:Inc/CMSIS/Core/Include/cmsis_gcc.h ****      (defined (__FPU_USED   ) && (__FPU_USED    == 1U))     )
 796:Inc/CMSIS/Core/Include/cmsis_gcc.h **** #if __has_builtin(__builtin_arm_set_fpscr)
 797:Inc/CMSIS/Core/Include/cmsis_gcc.h **** // Re-enable using built-in when GCC has been fixed
 798:Inc/CMSIS/Core/Include/cmsis_gcc.h **** // || (__GNUC__ > 7) || (__GNUC__ == 7 && __GNUC_MINOR__ >= 2)
 799:Inc/CMSIS/Core/Include/cmsis_gcc.h ****   /* see https://gcc.gnu.org/ml/gcc-patches/2017-04/msg00443.html */
 800:Inc/CMSIS/Core/Include/cmsis_gcc.h ****   __builtin_arm_set_fpscr(fpscr);
 801:Inc/CMSIS/Core/Include/cmsis_gcc.h **** #else
 802:Inc/CMSIS/Core/Include/cmsis_gcc.h ****   __ASM volatile ("VMSR fpscr, %0" : : "r" (fpscr) : "vfpcc", "memory");
 803:Inc/CMSIS/Core/Include/cmsis_gcc.h **** #endif
 804:Inc/CMSIS/Core/Include/cmsis_gcc.h **** #else
ARM GAS  /tmp/ccUga7Nf.s 			page 38


 805:Inc/CMSIS/Core/Include/cmsis_gcc.h ****   (void)fpscr;
 806:Inc/CMSIS/Core/Include/cmsis_gcc.h **** #endif
 807:Inc/CMSIS/Core/Include/cmsis_gcc.h **** }
 808:Inc/CMSIS/Core/Include/cmsis_gcc.h **** 
 809:Inc/CMSIS/Core/Include/cmsis_gcc.h **** 
 810:Inc/CMSIS/Core/Include/cmsis_gcc.h **** /*@} end of CMSIS_Core_RegAccFunctions */
 811:Inc/CMSIS/Core/Include/cmsis_gcc.h **** 
 812:Inc/CMSIS/Core/Include/cmsis_gcc.h **** 
 813:Inc/CMSIS/Core/Include/cmsis_gcc.h **** /* ##########################  Core Instruction Access  ######################### */
 814:Inc/CMSIS/Core/Include/cmsis_gcc.h **** /** \defgroup CMSIS_Core_InstructionInterface CMSIS Core Instruction Interface
 815:Inc/CMSIS/Core/Include/cmsis_gcc.h ****   Access to dedicated instructions
 816:Inc/CMSIS/Core/Include/cmsis_gcc.h ****   @{
 817:Inc/CMSIS/Core/Include/cmsis_gcc.h **** */
 818:Inc/CMSIS/Core/Include/cmsis_gcc.h **** 
 819:Inc/CMSIS/Core/Include/cmsis_gcc.h **** /* Define macros for porting to both thumb1 and thumb2.
 820:Inc/CMSIS/Core/Include/cmsis_gcc.h ****  * For thumb1, use low register (r0-r7), specified by constraint "l"
 821:Inc/CMSIS/Core/Include/cmsis_gcc.h ****  * Otherwise, use general registers, specified by constraint "r" */
 822:Inc/CMSIS/Core/Include/cmsis_gcc.h **** #if defined (__thumb__) && !defined (__thumb2__)
 823:Inc/CMSIS/Core/Include/cmsis_gcc.h **** #define __CMSIS_GCC_OUT_REG(r) "=l" (r)
 824:Inc/CMSIS/Core/Include/cmsis_gcc.h **** #define __CMSIS_GCC_RW_REG(r) "+l" (r)
 825:Inc/CMSIS/Core/Include/cmsis_gcc.h **** #define __CMSIS_GCC_USE_REG(r) "l" (r)
 826:Inc/CMSIS/Core/Include/cmsis_gcc.h **** #else
 827:Inc/CMSIS/Core/Include/cmsis_gcc.h **** #define __CMSIS_GCC_OUT_REG(r) "=r" (r)
 828:Inc/CMSIS/Core/Include/cmsis_gcc.h **** #define __CMSIS_GCC_RW_REG(r) "+r" (r)
 829:Inc/CMSIS/Core/Include/cmsis_gcc.h **** #define __CMSIS_GCC_USE_REG(r) "r" (r)
 830:Inc/CMSIS/Core/Include/cmsis_gcc.h **** #endif
 831:Inc/CMSIS/Core/Include/cmsis_gcc.h **** 
 832:Inc/CMSIS/Core/Include/cmsis_gcc.h **** /**
 833:Inc/CMSIS/Core/Include/cmsis_gcc.h ****   \brief   No Operation
 834:Inc/CMSIS/Core/Include/cmsis_gcc.h ****   \details No Operation does nothing. This instruction can be used for code alignment purposes.
 835:Inc/CMSIS/Core/Include/cmsis_gcc.h ****  */
 836:Inc/CMSIS/Core/Include/cmsis_gcc.h **** #define __NOP()                             __ASM volatile ("nop")
 837:Inc/CMSIS/Core/Include/cmsis_gcc.h **** 
 838:Inc/CMSIS/Core/Include/cmsis_gcc.h **** /**
 839:Inc/CMSIS/Core/Include/cmsis_gcc.h ****   \brief   Wait For Interrupt
 840:Inc/CMSIS/Core/Include/cmsis_gcc.h ****   \details Wait For Interrupt is a hint instruction that suspends execution until one of a number o
 841:Inc/CMSIS/Core/Include/cmsis_gcc.h ****  */
 842:Inc/CMSIS/Core/Include/cmsis_gcc.h **** #define __WFI()                             __ASM volatile ("wfi")
 843:Inc/CMSIS/Core/Include/cmsis_gcc.h **** 
 844:Inc/CMSIS/Core/Include/cmsis_gcc.h **** 
 845:Inc/CMSIS/Core/Include/cmsis_gcc.h **** /**
 846:Inc/CMSIS/Core/Include/cmsis_gcc.h ****   \brief   Wait For Event
 847:Inc/CMSIS/Core/Include/cmsis_gcc.h ****   \details Wait For Event is a hint instruction that permits the processor to enter
 848:Inc/CMSIS/Core/Include/cmsis_gcc.h ****            a low-power state until one of a number of events occurs.
 849:Inc/CMSIS/Core/Include/cmsis_gcc.h ****  */
 850:Inc/CMSIS/Core/Include/cmsis_gcc.h **** #define __WFE()                             __ASM volatile ("wfe")
 851:Inc/CMSIS/Core/Include/cmsis_gcc.h **** 
 852:Inc/CMSIS/Core/Include/cmsis_gcc.h **** 
 853:Inc/CMSIS/Core/Include/cmsis_gcc.h **** /**
 854:Inc/CMSIS/Core/Include/cmsis_gcc.h ****   \brief   Send Event
 855:Inc/CMSIS/Core/Include/cmsis_gcc.h ****   \details Send Event is a hint instruction. It causes an event to be signaled to the CPU.
 856:Inc/CMSIS/Core/Include/cmsis_gcc.h ****  */
 857:Inc/CMSIS/Core/Include/cmsis_gcc.h **** #define __SEV()                             __ASM volatile ("sev")
 858:Inc/CMSIS/Core/Include/cmsis_gcc.h **** 
 859:Inc/CMSIS/Core/Include/cmsis_gcc.h **** 
 860:Inc/CMSIS/Core/Include/cmsis_gcc.h **** /**
 861:Inc/CMSIS/Core/Include/cmsis_gcc.h ****   \brief   Instruction Synchronization Barrier
ARM GAS  /tmp/ccUga7Nf.s 			page 39


 862:Inc/CMSIS/Core/Include/cmsis_gcc.h ****   \details Instruction Synchronization Barrier flushes the pipeline in the processor,
 863:Inc/CMSIS/Core/Include/cmsis_gcc.h ****            so that all instructions following the ISB are fetched from cache or memory,
 864:Inc/CMSIS/Core/Include/cmsis_gcc.h ****            after the instruction has been completed.
 865:Inc/CMSIS/Core/Include/cmsis_gcc.h ****  */
 866:Inc/CMSIS/Core/Include/cmsis_gcc.h **** __STATIC_FORCEINLINE void __ISB(void)
 867:Inc/CMSIS/Core/Include/cmsis_gcc.h **** {
 868:Inc/CMSIS/Core/Include/cmsis_gcc.h ****   __ASM volatile ("isb 0xF":::"memory");
 869:Inc/CMSIS/Core/Include/cmsis_gcc.h **** }
 870:Inc/CMSIS/Core/Include/cmsis_gcc.h **** 
 871:Inc/CMSIS/Core/Include/cmsis_gcc.h **** 
 872:Inc/CMSIS/Core/Include/cmsis_gcc.h **** /**
 873:Inc/CMSIS/Core/Include/cmsis_gcc.h ****   \brief   Data Synchronization Barrier
 874:Inc/CMSIS/Core/Include/cmsis_gcc.h ****   \details Acts as a special kind of Data Memory Barrier.
 875:Inc/CMSIS/Core/Include/cmsis_gcc.h ****            It completes when all explicit memory accesses before this instruction complete.
 876:Inc/CMSIS/Core/Include/cmsis_gcc.h ****  */
 877:Inc/CMSIS/Core/Include/cmsis_gcc.h **** __STATIC_FORCEINLINE void __DSB(void)
 878:Inc/CMSIS/Core/Include/cmsis_gcc.h **** {
 879:Inc/CMSIS/Core/Include/cmsis_gcc.h ****   __ASM volatile ("dsb 0xF":::"memory");
 880:Inc/CMSIS/Core/Include/cmsis_gcc.h **** }
 881:Inc/CMSIS/Core/Include/cmsis_gcc.h **** 
 882:Inc/CMSIS/Core/Include/cmsis_gcc.h **** 
 883:Inc/CMSIS/Core/Include/cmsis_gcc.h **** /**
 884:Inc/CMSIS/Core/Include/cmsis_gcc.h ****   \brief   Data Memory Barrier
 885:Inc/CMSIS/Core/Include/cmsis_gcc.h ****   \details Ensures the apparent order of the explicit memory operations before
 886:Inc/CMSIS/Core/Include/cmsis_gcc.h ****            and after the instruction, without ensuring their completion.
 887:Inc/CMSIS/Core/Include/cmsis_gcc.h ****  */
 888:Inc/CMSIS/Core/Include/cmsis_gcc.h **** __STATIC_FORCEINLINE void __DMB(void)
 889:Inc/CMSIS/Core/Include/cmsis_gcc.h **** {
 890:Inc/CMSIS/Core/Include/cmsis_gcc.h ****   __ASM volatile ("dmb 0xF":::"memory");
 891:Inc/CMSIS/Core/Include/cmsis_gcc.h **** }
 892:Inc/CMSIS/Core/Include/cmsis_gcc.h **** 
 893:Inc/CMSIS/Core/Include/cmsis_gcc.h **** 
 894:Inc/CMSIS/Core/Include/cmsis_gcc.h **** /**
 895:Inc/CMSIS/Core/Include/cmsis_gcc.h ****   \brief   Reverse byte order (32 bit)
 896:Inc/CMSIS/Core/Include/cmsis_gcc.h ****   \details Reverses the byte order in unsigned integer value. For example, 0x12345678 becomes 0x785
 897:Inc/CMSIS/Core/Include/cmsis_gcc.h ****   \param [in]    value  Value to reverse
 898:Inc/CMSIS/Core/Include/cmsis_gcc.h ****   \return               Reversed value
 899:Inc/CMSIS/Core/Include/cmsis_gcc.h ****  */
 900:Inc/CMSIS/Core/Include/cmsis_gcc.h **** __STATIC_FORCEINLINE uint32_t __REV(uint32_t value)
 901:Inc/CMSIS/Core/Include/cmsis_gcc.h **** {
 902:Inc/CMSIS/Core/Include/cmsis_gcc.h **** #if (__GNUC__ > 4) || (__GNUC__ == 4 && __GNUC_MINOR__ >= 5)
 903:Inc/CMSIS/Core/Include/cmsis_gcc.h ****   return __builtin_bswap32(value);
 904:Inc/CMSIS/Core/Include/cmsis_gcc.h **** #else
 905:Inc/CMSIS/Core/Include/cmsis_gcc.h ****   uint32_t result;
 906:Inc/CMSIS/Core/Include/cmsis_gcc.h **** 
 907:Inc/CMSIS/Core/Include/cmsis_gcc.h ****   __ASM volatile ("rev %0, %1" : __CMSIS_GCC_OUT_REG (result) : __CMSIS_GCC_USE_REG (value) );
 908:Inc/CMSIS/Core/Include/cmsis_gcc.h ****   return result;
 909:Inc/CMSIS/Core/Include/cmsis_gcc.h **** #endif
 910:Inc/CMSIS/Core/Include/cmsis_gcc.h **** }
 911:Inc/CMSIS/Core/Include/cmsis_gcc.h **** 
 912:Inc/CMSIS/Core/Include/cmsis_gcc.h **** 
 913:Inc/CMSIS/Core/Include/cmsis_gcc.h **** /**
 914:Inc/CMSIS/Core/Include/cmsis_gcc.h ****   \brief   Reverse byte order (16 bit)
 915:Inc/CMSIS/Core/Include/cmsis_gcc.h ****   \details Reverses the byte order within each halfword of a word. For example, 0x12345678 becomes 
 916:Inc/CMSIS/Core/Include/cmsis_gcc.h ****   \param [in]    value  Value to reverse
 917:Inc/CMSIS/Core/Include/cmsis_gcc.h ****   \return               Reversed value
 918:Inc/CMSIS/Core/Include/cmsis_gcc.h ****  */
ARM GAS  /tmp/ccUga7Nf.s 			page 40


 919:Inc/CMSIS/Core/Include/cmsis_gcc.h **** __STATIC_FORCEINLINE uint32_t __REV16(uint32_t value)
 920:Inc/CMSIS/Core/Include/cmsis_gcc.h **** {
 921:Inc/CMSIS/Core/Include/cmsis_gcc.h ****   uint32_t result;
 922:Inc/CMSIS/Core/Include/cmsis_gcc.h **** 
 923:Inc/CMSIS/Core/Include/cmsis_gcc.h ****   __ASM volatile ("rev16 %0, %1" : __CMSIS_GCC_OUT_REG (result) : __CMSIS_GCC_USE_REG (value) );
 924:Inc/CMSIS/Core/Include/cmsis_gcc.h ****   return result;
 925:Inc/CMSIS/Core/Include/cmsis_gcc.h **** }
 926:Inc/CMSIS/Core/Include/cmsis_gcc.h **** 
 927:Inc/CMSIS/Core/Include/cmsis_gcc.h **** 
 928:Inc/CMSIS/Core/Include/cmsis_gcc.h **** /**
 929:Inc/CMSIS/Core/Include/cmsis_gcc.h ****   \brief   Reverse byte order (16 bit)
 930:Inc/CMSIS/Core/Include/cmsis_gcc.h ****   \details Reverses the byte order in a 16-bit value and returns the signed 16-bit result. For exam
 931:Inc/CMSIS/Core/Include/cmsis_gcc.h ****   \param [in]    value  Value to reverse
 932:Inc/CMSIS/Core/Include/cmsis_gcc.h ****   \return               Reversed value
 933:Inc/CMSIS/Core/Include/cmsis_gcc.h ****  */
 934:Inc/CMSIS/Core/Include/cmsis_gcc.h **** __STATIC_FORCEINLINE int16_t __REVSH(int16_t value)
 935:Inc/CMSIS/Core/Include/cmsis_gcc.h **** {
 936:Inc/CMSIS/Core/Include/cmsis_gcc.h **** #if (__GNUC__ > 4) || (__GNUC__ == 4 && __GNUC_MINOR__ >= 8)
 937:Inc/CMSIS/Core/Include/cmsis_gcc.h ****   return (int16_t)__builtin_bswap16(value);
 938:Inc/CMSIS/Core/Include/cmsis_gcc.h **** #else
 939:Inc/CMSIS/Core/Include/cmsis_gcc.h ****   int16_t result;
 940:Inc/CMSIS/Core/Include/cmsis_gcc.h **** 
 941:Inc/CMSIS/Core/Include/cmsis_gcc.h ****   __ASM volatile ("revsh %0, %1" : __CMSIS_GCC_OUT_REG (result) : __CMSIS_GCC_USE_REG (value) );
 942:Inc/CMSIS/Core/Include/cmsis_gcc.h ****   return result;
 943:Inc/CMSIS/Core/Include/cmsis_gcc.h **** #endif
 944:Inc/CMSIS/Core/Include/cmsis_gcc.h **** }
 945:Inc/CMSIS/Core/Include/cmsis_gcc.h **** 
 946:Inc/CMSIS/Core/Include/cmsis_gcc.h **** 
 947:Inc/CMSIS/Core/Include/cmsis_gcc.h **** /**
 948:Inc/CMSIS/Core/Include/cmsis_gcc.h ****   \brief   Rotate Right in unsigned value (32 bit)
 949:Inc/CMSIS/Core/Include/cmsis_gcc.h ****   \details Rotate Right (immediate) provides the value of the contents of a register rotated by a v
 950:Inc/CMSIS/Core/Include/cmsis_gcc.h ****   \param [in]    op1  Value to rotate
 951:Inc/CMSIS/Core/Include/cmsis_gcc.h ****   \param [in]    op2  Number of Bits to rotate
 952:Inc/CMSIS/Core/Include/cmsis_gcc.h ****   \return               Rotated value
 953:Inc/CMSIS/Core/Include/cmsis_gcc.h ****  */
 954:Inc/CMSIS/Core/Include/cmsis_gcc.h **** __STATIC_FORCEINLINE uint32_t __ROR(uint32_t op1, uint32_t op2)
 955:Inc/CMSIS/Core/Include/cmsis_gcc.h **** {
 956:Inc/CMSIS/Core/Include/cmsis_gcc.h ****   op2 %= 32U;
 957:Inc/CMSIS/Core/Include/cmsis_gcc.h ****   if (op2 == 0U)
 958:Inc/CMSIS/Core/Include/cmsis_gcc.h ****   {
 959:Inc/CMSIS/Core/Include/cmsis_gcc.h ****     return op1;
 960:Inc/CMSIS/Core/Include/cmsis_gcc.h ****   }
 961:Inc/CMSIS/Core/Include/cmsis_gcc.h ****   return (op1 >> op2) | (op1 << (32U - op2));
 962:Inc/CMSIS/Core/Include/cmsis_gcc.h **** }
 963:Inc/CMSIS/Core/Include/cmsis_gcc.h **** 
 964:Inc/CMSIS/Core/Include/cmsis_gcc.h **** 
 965:Inc/CMSIS/Core/Include/cmsis_gcc.h **** /**
 966:Inc/CMSIS/Core/Include/cmsis_gcc.h ****   \brief   Breakpoint
 967:Inc/CMSIS/Core/Include/cmsis_gcc.h ****   \details Causes the processor to enter Debug state.
 968:Inc/CMSIS/Core/Include/cmsis_gcc.h ****            Debug tools can use this to investigate system state when the instruction at a particula
 969:Inc/CMSIS/Core/Include/cmsis_gcc.h ****   \param [in]    value  is ignored by the processor.
 970:Inc/CMSIS/Core/Include/cmsis_gcc.h ****                  If required, a debugger can use it to store additional information about the break
 971:Inc/CMSIS/Core/Include/cmsis_gcc.h ****  */
 972:Inc/CMSIS/Core/Include/cmsis_gcc.h **** #define __BKPT(value)                       __ASM volatile ("bkpt "#value)
 973:Inc/CMSIS/Core/Include/cmsis_gcc.h **** 
 974:Inc/CMSIS/Core/Include/cmsis_gcc.h **** 
 975:Inc/CMSIS/Core/Include/cmsis_gcc.h **** /**
ARM GAS  /tmp/ccUga7Nf.s 			page 41


 976:Inc/CMSIS/Core/Include/cmsis_gcc.h ****   \brief   Reverse bit order of value
 977:Inc/CMSIS/Core/Include/cmsis_gcc.h ****   \details Reverses the bit order of the given value.
 978:Inc/CMSIS/Core/Include/cmsis_gcc.h ****   \param [in]    value  Value to reverse
 979:Inc/CMSIS/Core/Include/cmsis_gcc.h ****   \return               Reversed value
 980:Inc/CMSIS/Core/Include/cmsis_gcc.h ****  */
 981:Inc/CMSIS/Core/Include/cmsis_gcc.h **** __STATIC_FORCEINLINE uint32_t __RBIT(uint32_t value)
 982:Inc/CMSIS/Core/Include/cmsis_gcc.h **** {
 983:Inc/CMSIS/Core/Include/cmsis_gcc.h ****   uint32_t result;
 984:Inc/CMSIS/Core/Include/cmsis_gcc.h **** 
 985:Inc/CMSIS/Core/Include/cmsis_gcc.h **** #if ((defined (__ARM_ARCH_7M__      ) && (__ARM_ARCH_7M__      == 1)) || \
 986:Inc/CMSIS/Core/Include/cmsis_gcc.h ****      (defined (__ARM_ARCH_7EM__     ) && (__ARM_ARCH_7EM__     == 1)) || \
 987:Inc/CMSIS/Core/Include/cmsis_gcc.h ****      (defined (__ARM_ARCH_8M_MAIN__ ) && (__ARM_ARCH_8M_MAIN__ == 1))    )
 988:Inc/CMSIS/Core/Include/cmsis_gcc.h ****    __ASM volatile ("rbit %0, %1" : "=r" (result) : "r" (value) );
 989:Inc/CMSIS/Core/Include/cmsis_gcc.h **** #else
 990:Inc/CMSIS/Core/Include/cmsis_gcc.h ****   uint32_t s = (4U /*sizeof(v)*/ * 8U) - 1U; /* extra shift needed at end */
 991:Inc/CMSIS/Core/Include/cmsis_gcc.h **** 
 992:Inc/CMSIS/Core/Include/cmsis_gcc.h ****   result = value;                      /* r will be reversed bits of v; first get LSB of v */
 993:Inc/CMSIS/Core/Include/cmsis_gcc.h ****   for (value >>= 1U; value != 0U; value >>= 1U)
 994:Inc/CMSIS/Core/Include/cmsis_gcc.h ****   {
 995:Inc/CMSIS/Core/Include/cmsis_gcc.h ****     result <<= 1U;
 996:Inc/CMSIS/Core/Include/cmsis_gcc.h ****     result |= value & 1U;
 997:Inc/CMSIS/Core/Include/cmsis_gcc.h ****     s--;
 998:Inc/CMSIS/Core/Include/cmsis_gcc.h ****   }
 999:Inc/CMSIS/Core/Include/cmsis_gcc.h ****   result <<= s;                        /* shift when v's highest bits are zero */
1000:Inc/CMSIS/Core/Include/cmsis_gcc.h **** #endif
1001:Inc/CMSIS/Core/Include/cmsis_gcc.h ****   return result;
1002:Inc/CMSIS/Core/Include/cmsis_gcc.h **** }
1003:Inc/CMSIS/Core/Include/cmsis_gcc.h **** 
1004:Inc/CMSIS/Core/Include/cmsis_gcc.h **** 
1005:Inc/CMSIS/Core/Include/cmsis_gcc.h **** /**
1006:Inc/CMSIS/Core/Include/cmsis_gcc.h ****   \brief   Count leading zeros
1007:Inc/CMSIS/Core/Include/cmsis_gcc.h ****   \details Counts the number of leading zeros of a data value.
1008:Inc/CMSIS/Core/Include/cmsis_gcc.h ****   \param [in]  value  Value to count the leading zeros
1009:Inc/CMSIS/Core/Include/cmsis_gcc.h ****   \return             number of leading zeros in value
1010:Inc/CMSIS/Core/Include/cmsis_gcc.h ****  */
1011:Inc/CMSIS/Core/Include/cmsis_gcc.h **** #define __CLZ             (uint8_t)__builtin_clz
1012:Inc/CMSIS/Core/Include/cmsis_gcc.h **** 
1013:Inc/CMSIS/Core/Include/cmsis_gcc.h **** 
1014:Inc/CMSIS/Core/Include/cmsis_gcc.h **** #if ((defined (__ARM_ARCH_7M__      ) && (__ARM_ARCH_7M__      == 1)) || \
1015:Inc/CMSIS/Core/Include/cmsis_gcc.h ****      (defined (__ARM_ARCH_7EM__     ) && (__ARM_ARCH_7EM__     == 1)) || \
1016:Inc/CMSIS/Core/Include/cmsis_gcc.h ****      (defined (__ARM_ARCH_8M_MAIN__ ) && (__ARM_ARCH_8M_MAIN__ == 1)) || \
1017:Inc/CMSIS/Core/Include/cmsis_gcc.h ****      (defined (__ARM_ARCH_8M_BASE__ ) && (__ARM_ARCH_8M_BASE__ == 1))    )
1018:Inc/CMSIS/Core/Include/cmsis_gcc.h **** /**
1019:Inc/CMSIS/Core/Include/cmsis_gcc.h ****   \brief   LDR Exclusive (8 bit)
1020:Inc/CMSIS/Core/Include/cmsis_gcc.h ****   \details Executes a exclusive LDR instruction for 8 bit value.
1021:Inc/CMSIS/Core/Include/cmsis_gcc.h ****   \param [in]    ptr  Pointer to data
1022:Inc/CMSIS/Core/Include/cmsis_gcc.h ****   \return             value of type uint8_t at (*ptr)
1023:Inc/CMSIS/Core/Include/cmsis_gcc.h ****  */
1024:Inc/CMSIS/Core/Include/cmsis_gcc.h **** __STATIC_FORCEINLINE uint8_t __LDREXB(volatile uint8_t *addr)
1025:Inc/CMSIS/Core/Include/cmsis_gcc.h **** {
1026:Inc/CMSIS/Core/Include/cmsis_gcc.h ****     uint32_t result;
1027:Inc/CMSIS/Core/Include/cmsis_gcc.h **** 
1028:Inc/CMSIS/Core/Include/cmsis_gcc.h **** #if (__GNUC__ > 4) || (__GNUC__ == 4 && __GNUC_MINOR__ >= 8)
1029:Inc/CMSIS/Core/Include/cmsis_gcc.h ****    __ASM volatile ("ldrexb %0, %1" : "=r" (result) : "Q" (*addr) );
1030:Inc/CMSIS/Core/Include/cmsis_gcc.h **** #else
1031:Inc/CMSIS/Core/Include/cmsis_gcc.h ****     /* Prior to GCC 4.8, "Q" will be expanded to [rx, #0] which is not
1032:Inc/CMSIS/Core/Include/cmsis_gcc.h ****        accepted by assembler. So has to use following less efficient pattern.
ARM GAS  /tmp/ccUga7Nf.s 			page 42


1033:Inc/CMSIS/Core/Include/cmsis_gcc.h ****     */
1034:Inc/CMSIS/Core/Include/cmsis_gcc.h ****    __ASM volatile ("ldrexb %0, [%1]" : "=r" (result) : "r" (addr) : "memory" );
1035:Inc/CMSIS/Core/Include/cmsis_gcc.h **** #endif
1036:Inc/CMSIS/Core/Include/cmsis_gcc.h ****    return ((uint8_t) result);    /* Add explicit type cast here */
1037:Inc/CMSIS/Core/Include/cmsis_gcc.h **** }
1038:Inc/CMSIS/Core/Include/cmsis_gcc.h **** 
1039:Inc/CMSIS/Core/Include/cmsis_gcc.h **** 
1040:Inc/CMSIS/Core/Include/cmsis_gcc.h **** /**
1041:Inc/CMSIS/Core/Include/cmsis_gcc.h ****   \brief   LDR Exclusive (16 bit)
1042:Inc/CMSIS/Core/Include/cmsis_gcc.h ****   \details Executes a exclusive LDR instruction for 16 bit values.
1043:Inc/CMSIS/Core/Include/cmsis_gcc.h ****   \param [in]    ptr  Pointer to data
1044:Inc/CMSIS/Core/Include/cmsis_gcc.h ****   \return        value of type uint16_t at (*ptr)
1045:Inc/CMSIS/Core/Include/cmsis_gcc.h ****  */
1046:Inc/CMSIS/Core/Include/cmsis_gcc.h **** __STATIC_FORCEINLINE uint16_t __LDREXH(volatile uint16_t *addr)
1047:Inc/CMSIS/Core/Include/cmsis_gcc.h **** {
1048:Inc/CMSIS/Core/Include/cmsis_gcc.h ****     uint32_t result;
1049:Inc/CMSIS/Core/Include/cmsis_gcc.h **** 
1050:Inc/CMSIS/Core/Include/cmsis_gcc.h **** #if (__GNUC__ > 4) || (__GNUC__ == 4 && __GNUC_MINOR__ >= 8)
1051:Inc/CMSIS/Core/Include/cmsis_gcc.h ****    __ASM volatile ("ldrexh %0, %1" : "=r" (result) : "Q" (*addr) );
1052:Inc/CMSIS/Core/Include/cmsis_gcc.h **** #else
1053:Inc/CMSIS/Core/Include/cmsis_gcc.h ****     /* Prior to GCC 4.8, "Q" will be expanded to [rx, #0] which is not
1054:Inc/CMSIS/Core/Include/cmsis_gcc.h ****        accepted by assembler. So has to use following less efficient pattern.
1055:Inc/CMSIS/Core/Include/cmsis_gcc.h ****     */
1056:Inc/CMSIS/Core/Include/cmsis_gcc.h ****    __ASM volatile ("ldrexh %0, [%1]" : "=r" (result) : "r" (addr) : "memory" );
1057:Inc/CMSIS/Core/Include/cmsis_gcc.h **** #endif
1058:Inc/CMSIS/Core/Include/cmsis_gcc.h ****    return ((uint16_t) result);    /* Add explicit type cast here */
1059:Inc/CMSIS/Core/Include/cmsis_gcc.h **** }
1060:Inc/CMSIS/Core/Include/cmsis_gcc.h **** 
1061:Inc/CMSIS/Core/Include/cmsis_gcc.h **** 
1062:Inc/CMSIS/Core/Include/cmsis_gcc.h **** /**
1063:Inc/CMSIS/Core/Include/cmsis_gcc.h ****   \brief   LDR Exclusive (32 bit)
1064:Inc/CMSIS/Core/Include/cmsis_gcc.h ****   \details Executes a exclusive LDR instruction for 32 bit values.
1065:Inc/CMSIS/Core/Include/cmsis_gcc.h ****   \param [in]    ptr  Pointer to data
1066:Inc/CMSIS/Core/Include/cmsis_gcc.h ****   \return        value of type uint32_t at (*ptr)
1067:Inc/CMSIS/Core/Include/cmsis_gcc.h ****  */
1068:Inc/CMSIS/Core/Include/cmsis_gcc.h **** __STATIC_FORCEINLINE uint32_t __LDREXW(volatile uint32_t *addr)
 455              		.loc 2 1068 31 view .LVU110
 456              	.LBB24:
1069:Inc/CMSIS/Core/Include/cmsis_gcc.h **** {
1070:Inc/CMSIS/Core/Include/cmsis_gcc.h ****     uint32_t result;
 457              		.loc 2 1070 5 view .LVU111
1071:Inc/CMSIS/Core/Include/cmsis_gcc.h **** 
1072:Inc/CMSIS/Core/Include/cmsis_gcc.h ****    __ASM volatile ("ldrex %0, %1" : "=r" (result) : "Q" (*addr) );
 458              		.loc 2 1072 4 view .LVU112
 459              		.syntax unified
 460              	@ 1072 "Inc/CMSIS/Core/Include/cmsis_gcc.h" 1
 461 0010 52E8003F 		ldrex r3, [r2]
 462              	@ 0 "" 2
 463              	.LVL38:
1073:Inc/CMSIS/Core/Include/cmsis_gcc.h ****    return(result);
 464              		.loc 2 1073 4 view .LVU113
 465              		.loc 2 1073 4 is_stmt 0 view .LVU114
 466              		.thumb
 467              		.syntax unified
 468              	.LBE24:
 469              	.LBE23:
 433:Inc/STM32F3xx_HAL_Driver/Src/stm32f3xx_hal_uart_ex.c **** 
ARM GAS  /tmp/ccUga7Nf.s 			page 43


 470              		.loc 1 433 3 discriminator 1 view .LVU115
 471 0014 43F00203 		orr	r3, r3, #2
 472              	.LVL39:
 433:Inc/STM32F3xx_HAL_Driver/Src/stm32f3xx_hal_uart_ex.c **** 
 473              		.loc 1 433 3 is_stmt 1 discriminator 1 view .LVU116
 474              	.LBB25:
 475              	.LBI25:
1074:Inc/CMSIS/Core/Include/cmsis_gcc.h **** }
1075:Inc/CMSIS/Core/Include/cmsis_gcc.h **** 
1076:Inc/CMSIS/Core/Include/cmsis_gcc.h **** 
1077:Inc/CMSIS/Core/Include/cmsis_gcc.h **** /**
1078:Inc/CMSIS/Core/Include/cmsis_gcc.h ****   \brief   STR Exclusive (8 bit)
1079:Inc/CMSIS/Core/Include/cmsis_gcc.h ****   \details Executes a exclusive STR instruction for 8 bit values.
1080:Inc/CMSIS/Core/Include/cmsis_gcc.h ****   \param [in]  value  Value to store
1081:Inc/CMSIS/Core/Include/cmsis_gcc.h ****   \param [in]    ptr  Pointer to location
1082:Inc/CMSIS/Core/Include/cmsis_gcc.h ****   \return          0  Function succeeded
1083:Inc/CMSIS/Core/Include/cmsis_gcc.h ****   \return          1  Function failed
1084:Inc/CMSIS/Core/Include/cmsis_gcc.h ****  */
1085:Inc/CMSIS/Core/Include/cmsis_gcc.h **** __STATIC_FORCEINLINE uint32_t __STREXB(uint8_t value, volatile uint8_t *addr)
1086:Inc/CMSIS/Core/Include/cmsis_gcc.h **** {
1087:Inc/CMSIS/Core/Include/cmsis_gcc.h ****    uint32_t result;
1088:Inc/CMSIS/Core/Include/cmsis_gcc.h **** 
1089:Inc/CMSIS/Core/Include/cmsis_gcc.h ****    __ASM volatile ("strexb %0, %2, %1" : "=&r" (result), "=Q" (*addr) : "r" ((uint32_t)value) );
1090:Inc/CMSIS/Core/Include/cmsis_gcc.h ****    return(result);
1091:Inc/CMSIS/Core/Include/cmsis_gcc.h **** }
1092:Inc/CMSIS/Core/Include/cmsis_gcc.h **** 
1093:Inc/CMSIS/Core/Include/cmsis_gcc.h **** 
1094:Inc/CMSIS/Core/Include/cmsis_gcc.h **** /**
1095:Inc/CMSIS/Core/Include/cmsis_gcc.h ****   \brief   STR Exclusive (16 bit)
1096:Inc/CMSIS/Core/Include/cmsis_gcc.h ****   \details Executes a exclusive STR instruction for 16 bit values.
1097:Inc/CMSIS/Core/Include/cmsis_gcc.h ****   \param [in]  value  Value to store
1098:Inc/CMSIS/Core/Include/cmsis_gcc.h ****   \param [in]    ptr  Pointer to location
1099:Inc/CMSIS/Core/Include/cmsis_gcc.h ****   \return          0  Function succeeded
1100:Inc/CMSIS/Core/Include/cmsis_gcc.h ****   \return          1  Function failed
1101:Inc/CMSIS/Core/Include/cmsis_gcc.h ****  */
1102:Inc/CMSIS/Core/Include/cmsis_gcc.h **** __STATIC_FORCEINLINE uint32_t __STREXH(uint16_t value, volatile uint16_t *addr)
1103:Inc/CMSIS/Core/Include/cmsis_gcc.h **** {
1104:Inc/CMSIS/Core/Include/cmsis_gcc.h ****    uint32_t result;
1105:Inc/CMSIS/Core/Include/cmsis_gcc.h **** 
1106:Inc/CMSIS/Core/Include/cmsis_gcc.h ****    __ASM volatile ("strexh %0, %2, %1" : "=&r" (result), "=Q" (*addr) : "r" ((uint32_t)value) );
1107:Inc/CMSIS/Core/Include/cmsis_gcc.h ****    return(result);
1108:Inc/CMSIS/Core/Include/cmsis_gcc.h **** }
1109:Inc/CMSIS/Core/Include/cmsis_gcc.h **** 
1110:Inc/CMSIS/Core/Include/cmsis_gcc.h **** 
1111:Inc/CMSIS/Core/Include/cmsis_gcc.h **** /**
1112:Inc/CMSIS/Core/Include/cmsis_gcc.h ****   \brief   STR Exclusive (32 bit)
1113:Inc/CMSIS/Core/Include/cmsis_gcc.h ****   \details Executes a exclusive STR instruction for 32 bit values.
1114:Inc/CMSIS/Core/Include/cmsis_gcc.h ****   \param [in]  value  Value to store
1115:Inc/CMSIS/Core/Include/cmsis_gcc.h ****   \param [in]    ptr  Pointer to location
1116:Inc/CMSIS/Core/Include/cmsis_gcc.h ****   \return          0  Function succeeded
1117:Inc/CMSIS/Core/Include/cmsis_gcc.h ****   \return          1  Function failed
1118:Inc/CMSIS/Core/Include/cmsis_gcc.h ****  */
1119:Inc/CMSIS/Core/Include/cmsis_gcc.h **** __STATIC_FORCEINLINE uint32_t __STREXW(uint32_t value, volatile uint32_t *addr)
 476              		.loc 2 1119 31 view .LVU117
 477              	.LBB26:
1120:Inc/CMSIS/Core/Include/cmsis_gcc.h **** {
1121:Inc/CMSIS/Core/Include/cmsis_gcc.h ****    uint32_t result;
ARM GAS  /tmp/ccUga7Nf.s 			page 44


 478              		.loc 2 1121 4 view .LVU118
1122:Inc/CMSIS/Core/Include/cmsis_gcc.h **** 
1123:Inc/CMSIS/Core/Include/cmsis_gcc.h ****    __ASM volatile ("strex %0, %2, %1" : "=&r" (result), "=Q" (*addr) : "r" (value) );
 479              		.loc 2 1123 4 view .LVU119
 480              		.syntax unified
 481              	@ 1123 "Inc/CMSIS/Core/Include/cmsis_gcc.h" 1
 482 0018 42E80031 		strex r1, r3, [r2]
 483              	@ 0 "" 2
 484              	.LVL40:
1124:Inc/CMSIS/Core/Include/cmsis_gcc.h ****    return(result);
 485              		.loc 2 1124 4 view .LVU120
 486              		.loc 2 1124 4 is_stmt 0 view .LVU121
 487              		.thumb
 488              		.syntax unified
 489              	.LBE26:
 490              	.LBE25:
 433:Inc/STM32F3xx_HAL_Driver/Src/stm32f3xx_hal_uart_ex.c **** 
 491              		.loc 1 433 3 discriminator 1 view .LVU122
 492 001c 0029     		cmp	r1, #0
 493 001e F6D1     		bne	.L32
 494              	.LBE22:
 433:Inc/STM32F3xx_HAL_Driver/Src/stm32f3xx_hal_uart_ex.c **** 
 495              		.loc 1 433 3 is_stmt 1 discriminator 2 view .LVU123
 436:Inc/STM32F3xx_HAL_Driver/Src/stm32f3xx_hal_uart_ex.c **** 
 496              		.loc 1 436 3 view .LVU124
 436:Inc/STM32F3xx_HAL_Driver/Src/stm32f3xx_hal_uart_ex.c **** 
 497              		.loc 1 436 3 view .LVU125
 498 0020 0023     		movs	r3, #0
 499              	.LVL41:
 436:Inc/STM32F3xx_HAL_Driver/Src/stm32f3xx_hal_uart_ex.c **** 
 500              		.loc 1 436 3 is_stmt 0 view .LVU126
 501 0022 80F87830 		strb	r3, [r0, #120]
 436:Inc/STM32F3xx_HAL_Driver/Src/stm32f3xx_hal_uart_ex.c **** 
 502              		.loc 1 436 3 is_stmt 1 view .LVU127
 438:Inc/STM32F3xx_HAL_Driver/Src/stm32f3xx_hal_uart_ex.c **** }
 503              		.loc 1 438 3 view .LVU128
 438:Inc/STM32F3xx_HAL_Driver/Src/stm32f3xx_hal_uart_ex.c **** }
 504              		.loc 1 438 10 is_stmt 0 view .LVU129
 505 0026 1846     		mov	r0, r3
 506              	.LVL42:
 438:Inc/STM32F3xx_HAL_Driver/Src/stm32f3xx_hal_uart_ex.c **** }
 507              		.loc 1 438 10 view .LVU130
 508 0028 7047     		bx	lr
 509              	.LVL43:
 510              	.L33:
 430:Inc/STM32F3xx_HAL_Driver/Src/stm32f3xx_hal_uart_ex.c **** 
 511              		.loc 1 430 3 discriminator 1 view .LVU131
 512 002a 0220     		movs	r0, #2
 513              	.LVL44:
 439:Inc/STM32F3xx_HAL_Driver/Src/stm32f3xx_hal_uart_ex.c **** 
 514              		.loc 1 439 1 view .LVU132
 515 002c 7047     		bx	lr
 516              		.cfi_endproc
 517              	.LFE134:
 519              		.section	.text.HAL_UARTEx_DisableStopMode,"ax",%progbits
 520              		.align	1
 521              		.global	HAL_UARTEx_DisableStopMode
ARM GAS  /tmp/ccUga7Nf.s 			page 45


 522              		.syntax unified
 523              		.thumb
 524              		.thumb_func
 526              	HAL_UARTEx_DisableStopMode:
 527              	.LVL45:
 528              	.LFB135:
 447:Inc/STM32F3xx_HAL_Driver/Src/stm32f3xx_hal_uart_ex.c ****   /* Process Locked */
 529              		.loc 1 447 1 is_stmt 1 view -0
 530              		.cfi_startproc
 531              		@ args = 0, pretend = 0, frame = 0
 532              		@ frame_needed = 0, uses_anonymous_args = 0
 533              		@ link register save eliminated.
 449:Inc/STM32F3xx_HAL_Driver/Src/stm32f3xx_hal_uart_ex.c **** 
 534              		.loc 1 449 3 view .LVU134
 449:Inc/STM32F3xx_HAL_Driver/Src/stm32f3xx_hal_uart_ex.c **** 
 535              		.loc 1 449 3 view .LVU135
 536 0000 90F87830 		ldrb	r3, [r0, #120]	@ zero_extendqisi2
 537 0004 012B     		cmp	r3, #1
 538 0006 10D0     		beq	.L37
 449:Inc/STM32F3xx_HAL_Driver/Src/stm32f3xx_hal_uart_ex.c **** 
 539              		.loc 1 449 3 discriminator 2 view .LVU136
 540 0008 0123     		movs	r3, #1
 541 000a 80F87830 		strb	r3, [r0, #120]
 542              	.L36:
 449:Inc/STM32F3xx_HAL_Driver/Src/stm32f3xx_hal_uart_ex.c **** 
 543              		.loc 1 449 3 discriminator 3 view .LVU137
 452:Inc/STM32F3xx_HAL_Driver/Src/stm32f3xx_hal_uart_ex.c **** 
 544              		.loc 1 452 3 discriminator 1 view .LVU138
 545              	.LBB27:
 452:Inc/STM32F3xx_HAL_Driver/Src/stm32f3xx_hal_uart_ex.c **** 
 546              		.loc 1 452 3 discriminator 1 view .LVU139
 452:Inc/STM32F3xx_HAL_Driver/Src/stm32f3xx_hal_uart_ex.c **** 
 547              		.loc 1 452 3 discriminator 1 view .LVU140
 452:Inc/STM32F3xx_HAL_Driver/Src/stm32f3xx_hal_uart_ex.c **** 
 548              		.loc 1 452 3 discriminator 1 view .LVU141
 549 000e 0268     		ldr	r2, [r0]
 550              	.LVL46:
 551              	.LBB28:
 552              	.LBI28:
1068:Inc/CMSIS/Core/Include/cmsis_gcc.h **** {
 553              		.loc 2 1068 31 view .LVU142
 554              	.LBB29:
1070:Inc/CMSIS/Core/Include/cmsis_gcc.h **** 
 555              		.loc 2 1070 5 view .LVU143
1072:Inc/CMSIS/Core/Include/cmsis_gcc.h ****    return(result);
 556              		.loc 2 1072 4 view .LVU144
 557              		.syntax unified
 558              	@ 1072 "Inc/CMSIS/Core/Include/cmsis_gcc.h" 1
 559 0010 52E8003F 		ldrex r3, [r2]
 560              	@ 0 "" 2
 561              	.LVL47:
1073:Inc/CMSIS/Core/Include/cmsis_gcc.h **** }
 562              		.loc 2 1073 4 view .LVU145
1073:Inc/CMSIS/Core/Include/cmsis_gcc.h **** }
 563              		.loc 2 1073 4 is_stmt 0 view .LVU146
 564              		.thumb
 565              		.syntax unified
ARM GAS  /tmp/ccUga7Nf.s 			page 46


 566              	.LBE29:
 567              	.LBE28:
 452:Inc/STM32F3xx_HAL_Driver/Src/stm32f3xx_hal_uart_ex.c **** 
 568              		.loc 1 452 3 discriminator 1 view .LVU147
 569 0014 23F00203 		bic	r3, r3, #2
 570              	.LVL48:
 452:Inc/STM32F3xx_HAL_Driver/Src/stm32f3xx_hal_uart_ex.c **** 
 571              		.loc 1 452 3 is_stmt 1 discriminator 1 view .LVU148
 572              	.LBB30:
 573              	.LBI30:
1119:Inc/CMSIS/Core/Include/cmsis_gcc.h **** {
 574              		.loc 2 1119 31 view .LVU149
 575              	.LBB31:
1121:Inc/CMSIS/Core/Include/cmsis_gcc.h **** 
 576              		.loc 2 1121 4 view .LVU150
1123:Inc/CMSIS/Core/Include/cmsis_gcc.h ****    return(result);
 577              		.loc 2 1123 4 view .LVU151
 578              		.syntax unified
 579              	@ 1123 "Inc/CMSIS/Core/Include/cmsis_gcc.h" 1
 580 0018 42E80031 		strex r1, r3, [r2]
 581              	@ 0 "" 2
 582              	.LVL49:
 583              		.loc 2 1124 4 view .LVU152
 584              		.loc 2 1124 4 is_stmt 0 view .LVU153
 585              		.thumb
 586              		.syntax unified
 587              	.LBE31:
 588              	.LBE30:
 452:Inc/STM32F3xx_HAL_Driver/Src/stm32f3xx_hal_uart_ex.c **** 
 589              		.loc 1 452 3 discriminator 1 view .LVU154
 590 001c 0029     		cmp	r1, #0
 591 001e F6D1     		bne	.L36
 592              	.LBE27:
 452:Inc/STM32F3xx_HAL_Driver/Src/stm32f3xx_hal_uart_ex.c **** 
 593              		.loc 1 452 3 is_stmt 1 discriminator 2 view .LVU155
 455:Inc/STM32F3xx_HAL_Driver/Src/stm32f3xx_hal_uart_ex.c **** 
 594              		.loc 1 455 3 view .LVU156
 455:Inc/STM32F3xx_HAL_Driver/Src/stm32f3xx_hal_uart_ex.c **** 
 595              		.loc 1 455 3 view .LVU157
 596 0020 0023     		movs	r3, #0
 597              	.LVL50:
 455:Inc/STM32F3xx_HAL_Driver/Src/stm32f3xx_hal_uart_ex.c **** 
 598              		.loc 1 455 3 is_stmt 0 view .LVU158
 599 0022 80F87830 		strb	r3, [r0, #120]
 455:Inc/STM32F3xx_HAL_Driver/Src/stm32f3xx_hal_uart_ex.c **** 
 600              		.loc 1 455 3 is_stmt 1 view .LVU159
 457:Inc/STM32F3xx_HAL_Driver/Src/stm32f3xx_hal_uart_ex.c **** }
 601              		.loc 1 457 3 view .LVU160
 457:Inc/STM32F3xx_HAL_Driver/Src/stm32f3xx_hal_uart_ex.c **** }
 602              		.loc 1 457 10 is_stmt 0 view .LVU161
 603 0026 1846     		mov	r0, r3
 604              	.LVL51:
 457:Inc/STM32F3xx_HAL_Driver/Src/stm32f3xx_hal_uart_ex.c **** }
 605              		.loc 1 457 10 view .LVU162
 606 0028 7047     		bx	lr
 607              	.LVL52:
 608              	.L37:
ARM GAS  /tmp/ccUga7Nf.s 			page 47


 449:Inc/STM32F3xx_HAL_Driver/Src/stm32f3xx_hal_uart_ex.c **** 
 609              		.loc 1 449 3 discriminator 1 view .LVU163
 610 002a 0220     		movs	r0, #2
 611              	.LVL53:
 458:Inc/STM32F3xx_HAL_Driver/Src/stm32f3xx_hal_uart_ex.c **** 
 612              		.loc 1 458 1 view .LVU164
 613 002c 7047     		bx	lr
 614              		.cfi_endproc
 615              	.LFE135:
 617              		.section	.text.HAL_UARTEx_ReceiveToIdle,"ax",%progbits
 618              		.align	1
 619              		.global	HAL_UARTEx_ReceiveToIdle
 620              		.syntax unified
 621              		.thumb
 622              		.thumb_func
 624              	HAL_UARTEx_ReceiveToIdle:
 625              	.LVL54:
 626              	.LFB136:
 479:Inc/STM32F3xx_HAL_Driver/Src/stm32f3xx_hal_uart_ex.c ****   uint8_t  *pdata8bits;
 627              		.loc 1 479 1 is_stmt 1 view -0
 628              		.cfi_startproc
 629              		@ args = 4, pretend = 0, frame = 0
 630              		@ frame_needed = 0, uses_anonymous_args = 0
 479:Inc/STM32F3xx_HAL_Driver/Src/stm32f3xx_hal_uart_ex.c ****   uint8_t  *pdata8bits;
 631              		.loc 1 479 1 is_stmt 0 view .LVU166
 632 0000 2DE9F047 		push	{r4, r5, r6, r7, r8, r9, r10, lr}
 633              		.cfi_def_cfa_offset 32
 634              		.cfi_offset 4, -32
 635              		.cfi_offset 5, -28
 636              		.cfi_offset 6, -24
 637              		.cfi_offset 7, -20
 638              		.cfi_offset 8, -16
 639              		.cfi_offset 9, -12
 640              		.cfi_offset 10, -8
 641              		.cfi_offset 14, -4
 642 0004 1D46     		mov	r5, r3
 643 0006 089E     		ldr	r6, [sp, #32]
 480:Inc/STM32F3xx_HAL_Driver/Src/stm32f3xx_hal_uart_ex.c ****   uint16_t *pdata16bits;
 644              		.loc 1 480 3 is_stmt 1 view .LVU167
 481:Inc/STM32F3xx_HAL_Driver/Src/stm32f3xx_hal_uart_ex.c ****   uint16_t uhMask;
 645              		.loc 1 481 3 view .LVU168
 482:Inc/STM32F3xx_HAL_Driver/Src/stm32f3xx_hal_uart_ex.c ****   uint32_t tickstart;
 646              		.loc 1 482 3 view .LVU169
 483:Inc/STM32F3xx_HAL_Driver/Src/stm32f3xx_hal_uart_ex.c **** 
 647              		.loc 1 483 3 view .LVU170
 486:Inc/STM32F3xx_HAL_Driver/Src/stm32f3xx_hal_uart_ex.c ****   {
 648              		.loc 1 486 3 view .LVU171
 486:Inc/STM32F3xx_HAL_Driver/Src/stm32f3xx_hal_uart_ex.c ****   {
 649              		.loc 1 486 12 is_stmt 0 view .LVU172
 650 0008 D0F88030 		ldr	r3, [r0, #128]
 651              	.LVL55:
 486:Inc/STM32F3xx_HAL_Driver/Src/stm32f3xx_hal_uart_ex.c ****   {
 652              		.loc 1 486 6 view .LVU173
 653 000c 202B     		cmp	r3, #32
 654 000e 40F0A380 		bne	.L56
 655 0012 0446     		mov	r4, r0
 656 0014 0F46     		mov	r7, r1
ARM GAS  /tmp/ccUga7Nf.s 			page 48


 657 0016 9146     		mov	r9, r2
 488:Inc/STM32F3xx_HAL_Driver/Src/stm32f3xx_hal_uart_ex.c ****     {
 658              		.loc 1 488 5 is_stmt 1 view .LVU174
 488:Inc/STM32F3xx_HAL_Driver/Src/stm32f3xx_hal_uart_ex.c ****     {
 659              		.loc 1 488 8 is_stmt 0 view .LVU175
 660 0018 0029     		cmp	r1, #0
 661 001a 00F0A080 		beq	.L57
 488:Inc/STM32F3xx_HAL_Driver/Src/stm32f3xx_hal_uart_ex.c ****     {
 662              		.loc 1 488 25 discriminator 1 view .LVU176
 663 001e 0AB9     		cbnz	r2, .L62
 490:Inc/STM32F3xx_HAL_Driver/Src/stm32f3xx_hal_uart_ex.c ****     }
 664              		.loc 1 490 15 view .LVU177
 665 0020 0120     		movs	r0, #1
 666              	.LVL56:
 490:Inc/STM32F3xx_HAL_Driver/Src/stm32f3xx_hal_uart_ex.c ****     }
 667              		.loc 1 490 15 view .LVU178
 668 0022 9AE0     		b	.L39
 669              	.LVL57:
 670              	.L62:
 493:Inc/STM32F3xx_HAL_Driver/Src/stm32f3xx_hal_uart_ex.c ****     huart->RxState = HAL_UART_STATE_BUSY_RX;
 671              		.loc 1 493 5 is_stmt 1 view .LVU179
 493:Inc/STM32F3xx_HAL_Driver/Src/stm32f3xx_hal_uart_ex.c ****     huart->RxState = HAL_UART_STATE_BUSY_RX;
 672              		.loc 1 493 22 is_stmt 0 view .LVU180
 673 0024 0023     		movs	r3, #0
 674 0026 C0F88430 		str	r3, [r0, #132]
 494:Inc/STM32F3xx_HAL_Driver/Src/stm32f3xx_hal_uart_ex.c ****     huart->ReceptionType = HAL_UART_RECEPTION_TOIDLE;
 675              		.loc 1 494 5 is_stmt 1 view .LVU181
 494:Inc/STM32F3xx_HAL_Driver/Src/stm32f3xx_hal_uart_ex.c ****     huart->ReceptionType = HAL_UART_RECEPTION_TOIDLE;
 676              		.loc 1 494 20 is_stmt 0 view .LVU182
 677 002a 2222     		movs	r2, #34
 678              	.LVL58:
 494:Inc/STM32F3xx_HAL_Driver/Src/stm32f3xx_hal_uart_ex.c ****     huart->ReceptionType = HAL_UART_RECEPTION_TOIDLE;
 679              		.loc 1 494 20 view .LVU183
 680 002c C0F88020 		str	r2, [r0, #128]
 495:Inc/STM32F3xx_HAL_Driver/Src/stm32f3xx_hal_uart_ex.c ****     huart->RxEventType = HAL_UART_RXEVENT_TC;
 681              		.loc 1 495 5 is_stmt 1 view .LVU184
 495:Inc/STM32F3xx_HAL_Driver/Src/stm32f3xx_hal_uart_ex.c ****     huart->RxEventType = HAL_UART_RXEVENT_TC;
 682              		.loc 1 495 26 is_stmt 0 view .LVU185
 683 0030 0122     		movs	r2, #1
 684 0032 0266     		str	r2, [r0, #96]
 496:Inc/STM32F3xx_HAL_Driver/Src/stm32f3xx_hal_uart_ex.c **** 
 685              		.loc 1 496 5 is_stmt 1 view .LVU186
 496:Inc/STM32F3xx_HAL_Driver/Src/stm32f3xx_hal_uart_ex.c **** 
 686              		.loc 1 496 24 is_stmt 0 view .LVU187
 687 0034 4366     		str	r3, [r0, #100]
 499:Inc/STM32F3xx_HAL_Driver/Src/stm32f3xx_hal_uart_ex.c **** 
 688              		.loc 1 499 5 is_stmt 1 view .LVU188
 499:Inc/STM32F3xx_HAL_Driver/Src/stm32f3xx_hal_uart_ex.c **** 
 689              		.loc 1 499 17 is_stmt 0 view .LVU189
 690 0036 FFF7FEFF 		bl	HAL_GetTick
 691              	.LVL59:
 499:Inc/STM32F3xx_HAL_Driver/Src/stm32f3xx_hal_uart_ex.c **** 
 692              		.loc 1 499 17 view .LVU190
 693 003a 8046     		mov	r8, r0
 694              	.LVL60:
 501:Inc/STM32F3xx_HAL_Driver/Src/stm32f3xx_hal_uart_ex.c ****     huart->RxXferCount = Size;
 695              		.loc 1 501 5 is_stmt 1 view .LVU191
ARM GAS  /tmp/ccUga7Nf.s 			page 49


 501:Inc/STM32F3xx_HAL_Driver/Src/stm32f3xx_hal_uart_ex.c ****     huart->RxXferCount = Size;
 696              		.loc 1 501 24 is_stmt 0 view .LVU192
 697 003c A4F85890 		strh	r9, [r4, #88]	@ movhi
 502:Inc/STM32F3xx_HAL_Driver/Src/stm32f3xx_hal_uart_ex.c **** 
 698              		.loc 1 502 5 is_stmt 1 view .LVU193
 502:Inc/STM32F3xx_HAL_Driver/Src/stm32f3xx_hal_uart_ex.c **** 
 699              		.loc 1 502 24 is_stmt 0 view .LVU194
 700 0040 A4F85A90 		strh	r9, [r4, #90]	@ movhi
 505:Inc/STM32F3xx_HAL_Driver/Src/stm32f3xx_hal_uart_ex.c ****     uhMask = huart->Mask;
 701              		.loc 1 505 5 is_stmt 1 view .LVU195
 505:Inc/STM32F3xx_HAL_Driver/Src/stm32f3xx_hal_uart_ex.c ****     uhMask = huart->Mask;
 702              		.loc 1 505 5 view .LVU196
 703 0044 A368     		ldr	r3, [r4, #8]
 704 0046 B3F5805F 		cmp	r3, #4096
 705 004a 06D0     		beq	.L63
 505:Inc/STM32F3xx_HAL_Driver/Src/stm32f3xx_hal_uart_ex.c ****     uhMask = huart->Mask;
 706              		.loc 1 505 5 discriminator 2 view .LVU197
 707 004c A3B9     		cbnz	r3, .L43
 505:Inc/STM32F3xx_HAL_Driver/Src/stm32f3xx_hal_uart_ex.c ****     uhMask = huart->Mask;
 708              		.loc 1 505 5 discriminator 5 view .LVU198
 709 004e 2269     		ldr	r2, [r4, #16]
 710 0050 72B9     		cbnz	r2, .L44
 505:Inc/STM32F3xx_HAL_Driver/Src/stm32f3xx_hal_uart_ex.c ****     uhMask = huart->Mask;
 711              		.loc 1 505 5 discriminator 7 view .LVU199
 712 0052 FF22     		movs	r2, #255
 713 0054 A4F85C20 		strh	r2, [r4, #92]	@ movhi
 714 0058 14E0     		b	.L42
 715              	.L63:
 505:Inc/STM32F3xx_HAL_Driver/Src/stm32f3xx_hal_uart_ex.c ****     uhMask = huart->Mask;
 716              		.loc 1 505 5 discriminator 1 view .LVU200
 717 005a 2269     		ldr	r2, [r4, #16]
 718 005c 22B9     		cbnz	r2, .L41
 505:Inc/STM32F3xx_HAL_Driver/Src/stm32f3xx_hal_uart_ex.c ****     uhMask = huart->Mask;
 719              		.loc 1 505 5 discriminator 3 view .LVU201
 720 005e 40F2FF12 		movw	r2, #511
 721 0062 A4F85C20 		strh	r2, [r4, #92]	@ movhi
 722 0066 0DE0     		b	.L42
 723              	.L41:
 505:Inc/STM32F3xx_HAL_Driver/Src/stm32f3xx_hal_uart_ex.c ****     uhMask = huart->Mask;
 724              		.loc 1 505 5 discriminator 4 view .LVU202
 725 0068 FF22     		movs	r2, #255
 726 006a A4F85C20 		strh	r2, [r4, #92]	@ movhi
 727 006e 09E0     		b	.L42
 728              	.L44:
 505:Inc/STM32F3xx_HAL_Driver/Src/stm32f3xx_hal_uart_ex.c ****     uhMask = huart->Mask;
 729              		.loc 1 505 5 discriminator 8 view .LVU203
 730 0070 7F22     		movs	r2, #127
 731 0072 A4F85C20 		strh	r2, [r4, #92]	@ movhi
 732 0076 05E0     		b	.L42
 733              	.L43:
 505:Inc/STM32F3xx_HAL_Driver/Src/stm32f3xx_hal_uart_ex.c ****     uhMask = huart->Mask;
 734              		.loc 1 505 5 discriminator 6 view .LVU204
 735 0078 B3F1805F 		cmp	r3, #268435456
 736 007c 0CD0     		beq	.L64
 505:Inc/STM32F3xx_HAL_Driver/Src/stm32f3xx_hal_uart_ex.c ****     uhMask = huart->Mask;
 737              		.loc 1 505 5 discriminator 10 view .LVU205
 738 007e 0022     		movs	r2, #0
ARM GAS  /tmp/ccUga7Nf.s 			page 50


 739 0080 A4F85C20 		strh	r2, [r4, #92]	@ movhi
 740              	.L42:
 505:Inc/STM32F3xx_HAL_Driver/Src/stm32f3xx_hal_uart_ex.c ****     uhMask = huart->Mask;
 741              		.loc 1 505 5 discriminator 13 view .LVU206
 506:Inc/STM32F3xx_HAL_Driver/Src/stm32f3xx_hal_uart_ex.c **** 
 742              		.loc 1 506 5 view .LVU207
 506:Inc/STM32F3xx_HAL_Driver/Src/stm32f3xx_hal_uart_ex.c **** 
 743              		.loc 1 506 12 is_stmt 0 view .LVU208
 744 0084 B4F85C90 		ldrh	r9, [r4, #92]
 745              	.LVL61:
 509:Inc/STM32F3xx_HAL_Driver/Src/stm32f3xx_hal_uart_ex.c ****     {
 746              		.loc 1 509 5 is_stmt 1 view .LVU209
 509:Inc/STM32F3xx_HAL_Driver/Src/stm32f3xx_hal_uart_ex.c ****     {
 747              		.loc 1 509 8 is_stmt 0 view .LVU210
 748 0088 B3F5805F 		cmp	r3, #4096
 749 008c 0ED0     		beq	.L65
 517:Inc/STM32F3xx_HAL_Driver/Src/stm32f3xx_hal_uart_ex.c ****     }
 750              		.loc 1 517 19 view .LVU211
 751 008e 4FF0000A 		mov	r10, #0
 752              	.LVL62:
 753              	.L47:
 521:Inc/STM32F3xx_HAL_Driver/Src/stm32f3xx_hal_uart_ex.c **** 
 754              		.loc 1 521 5 is_stmt 1 view .LVU212
 521:Inc/STM32F3xx_HAL_Driver/Src/stm32f3xx_hal_uart_ex.c **** 
 755              		.loc 1 521 12 is_stmt 0 view .LVU213
 756 0092 0023     		movs	r3, #0
 757 0094 2B80     		strh	r3, [r5]	@ movhi
 524:Inc/STM32F3xx_HAL_Driver/Src/stm32f3xx_hal_uart_ex.c ****     {
 758              		.loc 1 524 5 is_stmt 1 view .LVU214
 524:Inc/STM32F3xx_HAL_Driver/Src/stm32f3xx_hal_uart_ex.c ****     {
 759              		.loc 1 524 11 is_stmt 0 view .LVU215
 760 0096 2AE0     		b	.L48
 761              	.LVL63:
 762              	.L64:
 505:Inc/STM32F3xx_HAL_Driver/Src/stm32f3xx_hal_uart_ex.c ****     uhMask = huart->Mask;
 763              		.loc 1 505 5 is_stmt 1 discriminator 9 view .LVU216
 764 0098 2269     		ldr	r2, [r4, #16]
 765 009a 1AB9     		cbnz	r2, .L46
 505:Inc/STM32F3xx_HAL_Driver/Src/stm32f3xx_hal_uart_ex.c ****     uhMask = huart->Mask;
 766              		.loc 1 505 5 discriminator 11 view .LVU217
 767 009c 7F22     		movs	r2, #127
 768 009e A4F85C20 		strh	r2, [r4, #92]	@ movhi
 769 00a2 EFE7     		b	.L42
 770              	.L46:
 505:Inc/STM32F3xx_HAL_Driver/Src/stm32f3xx_hal_uart_ex.c ****     uhMask = huart->Mask;
 771              		.loc 1 505 5 discriminator 12 view .LVU218
 772 00a4 3F22     		movs	r2, #63
 773 00a6 A4F85C20 		strh	r2, [r4, #92]	@ movhi
 774 00aa EBE7     		b	.L42
 775              	.LVL64:
 776              	.L65:
 509:Inc/STM32F3xx_HAL_Driver/Src/stm32f3xx_hal_uart_ex.c ****     {
 777              		.loc 1 509 71 is_stmt 0 discriminator 1 view .LVU219
 778 00ac 2369     		ldr	r3, [r4, #16]
 509:Inc/STM32F3xx_HAL_Driver/Src/stm32f3xx_hal_uart_ex.c ****     {
 779              		.loc 1 509 56 discriminator 1 view .LVU220
 780 00ae 13B1     		cbz	r3, .L60
ARM GAS  /tmp/ccUga7Nf.s 			page 51


 517:Inc/STM32F3xx_HAL_Driver/Src/stm32f3xx_hal_uart_ex.c ****     }
 781              		.loc 1 517 19 view .LVU221
 782 00b0 4FF0000A 		mov	r10, #0
 783 00b4 EDE7     		b	.L47
 784              	.L60:
 512:Inc/STM32F3xx_HAL_Driver/Src/stm32f3xx_hal_uart_ex.c ****     }
 785              		.loc 1 512 19 view .LVU222
 786 00b6 BA46     		mov	r10, r7
 511:Inc/STM32F3xx_HAL_Driver/Src/stm32f3xx_hal_uart_ex.c ****       pdata16bits = (uint16_t *) pData;
 787              		.loc 1 511 19 view .LVU223
 788 00b8 0027     		movs	r7, #0
 789              	.LVL65:
 511:Inc/STM32F3xx_HAL_Driver/Src/stm32f3xx_hal_uart_ex.c ****       pdata16bits = (uint16_t *) pData;
 790              		.loc 1 511 19 view .LVU224
 791 00ba EAE7     		b	.L47
 792              	.LVL66:
 793              	.L68:
 536:Inc/STM32F3xx_HAL_Driver/Src/stm32f3xx_hal_uart_ex.c ****           huart->RxState = HAL_UART_STATE_READY;
 794              		.loc 1 536 11 is_stmt 1 view .LVU225
 536:Inc/STM32F3xx_HAL_Driver/Src/stm32f3xx_hal_uart_ex.c ****           huart->RxState = HAL_UART_STATE_READY;
 795              		.loc 1 536 30 is_stmt 0 view .LVU226
 796 00bc 0223     		movs	r3, #2
 797 00be 6366     		str	r3, [r4, #100]
 537:Inc/STM32F3xx_HAL_Driver/Src/stm32f3xx_hal_uart_ex.c **** 
 798              		.loc 1 537 11 is_stmt 1 view .LVU227
 537:Inc/STM32F3xx_HAL_Driver/Src/stm32f3xx_hal_uart_ex.c **** 
 799              		.loc 1 537 26 is_stmt 0 view .LVU228
 800 00c0 2023     		movs	r3, #32
 801 00c2 C4F88030 		str	r3, [r4, #128]
 539:Inc/STM32F3xx_HAL_Driver/Src/stm32f3xx_hal_uart_ex.c ****         }
 802              		.loc 1 539 11 is_stmt 1 view .LVU229
 539:Inc/STM32F3xx_HAL_Driver/Src/stm32f3xx_hal_uart_ex.c ****         }
 803              		.loc 1 539 18 is_stmt 0 view .LVU230
 804 00c6 0020     		movs	r0, #0
 805 00c8 47E0     		b	.L39
 806              	.L69:
 548:Inc/STM32F3xx_HAL_Driver/Src/stm32f3xx_hal_uart_ex.c ****           pdata16bits++;
 807              		.loc 1 548 11 is_stmt 1 view .LVU231
 548:Inc/STM32F3xx_HAL_Driver/Src/stm32f3xx_hal_uart_ex.c ****           pdata16bits++;
 808              		.loc 1 548 52 is_stmt 0 view .LVU232
 809 00ca 9B8C     		ldrh	r3, [r3, #36]
 548:Inc/STM32F3xx_HAL_Driver/Src/stm32f3xx_hal_uart_ex.c ****           pdata16bits++;
 810              		.loc 1 548 26 view .LVU233
 811 00cc 09EA0303 		and	r3, r9, r3
 548:Inc/STM32F3xx_HAL_Driver/Src/stm32f3xx_hal_uart_ex.c ****           pdata16bits++;
 812              		.loc 1 548 24 view .LVU234
 813 00d0 2AF8023B 		strh	r3, [r10], #2	@ movhi
 814              	.LVL67:
 549:Inc/STM32F3xx_HAL_Driver/Src/stm32f3xx_hal_uart_ex.c ****         }
 815              		.loc 1 549 11 is_stmt 1 view .LVU235
 816              	.L52:
 557:Inc/STM32F3xx_HAL_Driver/Src/stm32f3xx_hal_uart_ex.c ****         huart->RxXferCount--;
 817              		.loc 1 557 9 view .LVU236
 818 00d4 2B88     		ldrh	r3, [r5]
 557:Inc/STM32F3xx_HAL_Driver/Src/stm32f3xx_hal_uart_ex.c ****         huart->RxXferCount--;
 819              		.loc 1 557 16 is_stmt 0 view .LVU237
 820 00d6 0133     		adds	r3, r3, #1
ARM GAS  /tmp/ccUga7Nf.s 			page 52


 821 00d8 2B80     		strh	r3, [r5]	@ movhi
 558:Inc/STM32F3xx_HAL_Driver/Src/stm32f3xx_hal_uart_ex.c ****       }
 822              		.loc 1 558 9 is_stmt 1 view .LVU238
 558:Inc/STM32F3xx_HAL_Driver/Src/stm32f3xx_hal_uart_ex.c ****       }
 823              		.loc 1 558 14 is_stmt 0 view .LVU239
 824 00da B4F85A30 		ldrh	r3, [r4, #90]
 825 00de 9BB2     		uxth	r3, r3
 558:Inc/STM32F3xx_HAL_Driver/Src/stm32f3xx_hal_uart_ex.c ****       }
 826              		.loc 1 558 27 view .LVU240
 827 00e0 013B     		subs	r3, r3, #1
 828 00e2 9BB2     		uxth	r3, r3
 829 00e4 A4F85A30 		strh	r3, [r4, #90]	@ movhi
 830              	.L50:
 562:Inc/STM32F3xx_HAL_Driver/Src/stm32f3xx_hal_uart_ex.c ****       {
 831              		.loc 1 562 7 is_stmt 1 view .LVU241
 562:Inc/STM32F3xx_HAL_Driver/Src/stm32f3xx_hal_uart_ex.c ****       {
 832              		.loc 1 562 10 is_stmt 0 view .LVU242
 833 00e8 B6F1FF3F 		cmp	r6, #-1
 834 00ec 1BD1     		bne	.L66
 835              	.L48:
 524:Inc/STM32F3xx_HAL_Driver/Src/stm32f3xx_hal_uart_ex.c ****     {
 836              		.loc 1 524 31 is_stmt 1 view .LVU243
 524:Inc/STM32F3xx_HAL_Driver/Src/stm32f3xx_hal_uart_ex.c ****     {
 837              		.loc 1 524 17 is_stmt 0 view .LVU244
 838 00ee B4F85A20 		ldrh	r2, [r4, #90]
 839 00f2 92B2     		uxth	r2, r2
 524:Inc/STM32F3xx_HAL_Driver/Src/stm32f3xx_hal_uart_ex.c ****     {
 840              		.loc 1 524 31 view .LVU245
 841 00f4 22B3     		cbz	r2, .L67
 527:Inc/STM32F3xx_HAL_Driver/Src/stm32f3xx_hal_uart_ex.c ****       {
 842              		.loc 1 527 7 is_stmt 1 view .LVU246
 527:Inc/STM32F3xx_HAL_Driver/Src/stm32f3xx_hal_uart_ex.c ****       {
 843              		.loc 1 527 11 is_stmt 0 view .LVU247
 844 00f6 2368     		ldr	r3, [r4]
 845 00f8 DA69     		ldr	r2, [r3, #28]
 527:Inc/STM32F3xx_HAL_Driver/Src/stm32f3xx_hal_uart_ex.c ****       {
 846              		.loc 1 527 10 view .LVU248
 847 00fa 12F0100F 		tst	r2, #16
 848 00fe 04D0     		beq	.L49
 530:Inc/STM32F3xx_HAL_Driver/Src/stm32f3xx_hal_uart_ex.c **** 
 849              		.loc 1 530 9 is_stmt 1 view .LVU249
 850 0100 1022     		movs	r2, #16
 851 0102 1A62     		str	r2, [r3, #32]
 534:Inc/STM32F3xx_HAL_Driver/Src/stm32f3xx_hal_uart_ex.c ****         {
 852              		.loc 1 534 9 view .LVU250
 534:Inc/STM32F3xx_HAL_Driver/Src/stm32f3xx_hal_uart_ex.c ****         {
 853              		.loc 1 534 13 is_stmt 0 view .LVU251
 854 0104 2B88     		ldrh	r3, [r5]
 534:Inc/STM32F3xx_HAL_Driver/Src/stm32f3xx_hal_uart_ex.c ****         {
 855              		.loc 1 534 12 view .LVU252
 856 0106 002B     		cmp	r3, #0
 857 0108 D8D1     		bne	.L68
 858              	.L49:
 544:Inc/STM32F3xx_HAL_Driver/Src/stm32f3xx_hal_uart_ex.c ****       {
 859              		.loc 1 544 7 is_stmt 1 view .LVU253
 544:Inc/STM32F3xx_HAL_Driver/Src/stm32f3xx_hal_uart_ex.c ****       {
 860              		.loc 1 544 11 is_stmt 0 view .LVU254
ARM GAS  /tmp/ccUga7Nf.s 			page 53


 861 010a 2368     		ldr	r3, [r4]
 862 010c DA69     		ldr	r2, [r3, #28]
 544:Inc/STM32F3xx_HAL_Driver/Src/stm32f3xx_hal_uart_ex.c ****       {
 863              		.loc 1 544 10 view .LVU255
 864 010e 12F0200F 		tst	r2, #32
 865 0112 E9D0     		beq	.L50
 546:Inc/STM32F3xx_HAL_Driver/Src/stm32f3xx_hal_uart_ex.c ****         {
 866              		.loc 1 546 9 is_stmt 1 view .LVU256
 546:Inc/STM32F3xx_HAL_Driver/Src/stm32f3xx_hal_uart_ex.c ****         {
 867              		.loc 1 546 12 is_stmt 0 view .LVU257
 868 0114 002F     		cmp	r7, #0
 869 0116 D8D0     		beq	.L69
 553:Inc/STM32F3xx_HAL_Driver/Src/stm32f3xx_hal_uart_ex.c ****           pdata8bits++;
 870              		.loc 1 553 11 is_stmt 1 view .LVU258
 553:Inc/STM32F3xx_HAL_Driver/Src/stm32f3xx_hal_uart_ex.c ****           pdata8bits++;
 871              		.loc 1 553 50 is_stmt 0 view .LVU259
 872 0118 9A8C     		ldrh	r2, [r3, #36]
 553:Inc/STM32F3xx_HAL_Driver/Src/stm32f3xx_hal_uart_ex.c ****           pdata8bits++;
 873              		.loc 1 553 58 view .LVU260
 874 011a 5FFA89F3 		uxtb	r3, r9
 553:Inc/STM32F3xx_HAL_Driver/Src/stm32f3xx_hal_uart_ex.c ****           pdata8bits++;
 875              		.loc 1 553 25 view .LVU261
 876 011e 1340     		ands	r3, r3, r2
 553:Inc/STM32F3xx_HAL_Driver/Src/stm32f3xx_hal_uart_ex.c ****           pdata8bits++;
 877              		.loc 1 553 23 view .LVU262
 878 0120 07F8013B 		strb	r3, [r7], #1
 879              	.LVL68:
 554:Inc/STM32F3xx_HAL_Driver/Src/stm32f3xx_hal_uart_ex.c ****         }
 880              		.loc 1 554 11 is_stmt 1 view .LVU263
 881 0124 D6E7     		b	.L52
 882              	.LVL69:
 883              	.L66:
 564:Inc/STM32F3xx_HAL_Driver/Src/stm32f3xx_hal_uart_ex.c ****         {
 884              		.loc 1 564 9 view .LVU264
 564:Inc/STM32F3xx_HAL_Driver/Src/stm32f3xx_hal_uart_ex.c ****         {
 885              		.loc 1 564 15 is_stmt 0 view .LVU265
 886 0126 FFF7FEFF 		bl	HAL_GetTick
 887              	.LVL70:
 564:Inc/STM32F3xx_HAL_Driver/Src/stm32f3xx_hal_uart_ex.c ****         {
 888              		.loc 1 564 29 discriminator 1 view .LVU266
 889 012a A0EB0800 		sub	r0, r0, r8
 564:Inc/STM32F3xx_HAL_Driver/Src/stm32f3xx_hal_uart_ex.c ****         {
 890              		.loc 1 564 12 discriminator 1 view .LVU267
 891 012e B042     		cmp	r0, r6
 892 0130 01D8     		bhi	.L54
 564:Inc/STM32F3xx_HAL_Driver/Src/stm32f3xx_hal_uart_ex.c ****         {
 893              		.loc 1 564 53 discriminator 1 view .LVU268
 894 0132 002E     		cmp	r6, #0
 895 0134 DBD1     		bne	.L48
 896              	.L54:
 566:Inc/STM32F3xx_HAL_Driver/Src/stm32f3xx_hal_uart_ex.c **** 
 897              		.loc 1 566 11 is_stmt 1 view .LVU269
 566:Inc/STM32F3xx_HAL_Driver/Src/stm32f3xx_hal_uart_ex.c **** 
 898              		.loc 1 566 26 is_stmt 0 view .LVU270
 899 0136 2023     		movs	r3, #32
 900 0138 C4F88030 		str	r3, [r4, #128]
 568:Inc/STM32F3xx_HAL_Driver/Src/stm32f3xx_hal_uart_ex.c ****         }
ARM GAS  /tmp/ccUga7Nf.s 			page 54


 901              		.loc 1 568 11 is_stmt 1 view .LVU271
 568:Inc/STM32F3xx_HAL_Driver/Src/stm32f3xx_hal_uart_ex.c ****         }
 902              		.loc 1 568 18 is_stmt 0 view .LVU272
 903 013c 0320     		movs	r0, #3
 904 013e 0CE0     		b	.L39
 905              	.L67:
 574:Inc/STM32F3xx_HAL_Driver/Src/stm32f3xx_hal_uart_ex.c ****     /* At end of Rx process, restore huart->RxState to Ready */
 906              		.loc 1 574 5 is_stmt 1 view .LVU273
 574:Inc/STM32F3xx_HAL_Driver/Src/stm32f3xx_hal_uart_ex.c ****     /* At end of Rx process, restore huart->RxState to Ready */
 907              		.loc 1 574 19 is_stmt 0 view .LVU274
 908 0140 B4F85830 		ldrh	r3, [r4, #88]
 574:Inc/STM32F3xx_HAL_Driver/Src/stm32f3xx_hal_uart_ex.c ****     /* At end of Rx process, restore huart->RxState to Ready */
 909              		.loc 1 574 39 view .LVU275
 910 0144 B4F85A20 		ldrh	r2, [r4, #90]
 911 0148 92B2     		uxth	r2, r2
 574:Inc/STM32F3xx_HAL_Driver/Src/stm32f3xx_hal_uart_ex.c ****     /* At end of Rx process, restore huart->RxState to Ready */
 912              		.loc 1 574 32 view .LVU276
 913 014a 9B1A     		subs	r3, r3, r2
 574:Inc/STM32F3xx_HAL_Driver/Src/stm32f3xx_hal_uart_ex.c ****     /* At end of Rx process, restore huart->RxState to Ready */
 914              		.loc 1 574 12 view .LVU277
 915 014c 2B80     		strh	r3, [r5]	@ movhi
 576:Inc/STM32F3xx_HAL_Driver/Src/stm32f3xx_hal_uart_ex.c **** 
 916              		.loc 1 576 5 is_stmt 1 view .LVU278
 576:Inc/STM32F3xx_HAL_Driver/Src/stm32f3xx_hal_uart_ex.c **** 
 917              		.loc 1 576 20 is_stmt 0 view .LVU279
 918 014e 2023     		movs	r3, #32
 919 0150 C4F88030 		str	r3, [r4, #128]
 578:Inc/STM32F3xx_HAL_Driver/Src/stm32f3xx_hal_uart_ex.c ****   }
 920              		.loc 1 578 5 is_stmt 1 view .LVU280
 578:Inc/STM32F3xx_HAL_Driver/Src/stm32f3xx_hal_uart_ex.c ****   }
 921              		.loc 1 578 12 is_stmt 0 view .LVU281
 922 0154 0020     		movs	r0, #0
 923 0156 00E0     		b	.L39
 924              	.LVL71:
 925              	.L56:
 582:Inc/STM32F3xx_HAL_Driver/Src/stm32f3xx_hal_uart_ex.c ****   }
 926              		.loc 1 582 12 view .LVU282
 927 0158 0220     		movs	r0, #2
 928              	.LVL72:
 929              	.L39:
 584:Inc/STM32F3xx_HAL_Driver/Src/stm32f3xx_hal_uart_ex.c **** 
 930              		.loc 1 584 1 view .LVU283
 931 015a BDE8F087 		pop	{r4, r5, r6, r7, r8, r9, r10, pc}
 932              	.LVL73:
 933              	.L57:
 490:Inc/STM32F3xx_HAL_Driver/Src/stm32f3xx_hal_uart_ex.c ****     }
 934              		.loc 1 490 15 view .LVU284
 935 015e 0120     		movs	r0, #1
 936              	.LVL74:
 490:Inc/STM32F3xx_HAL_Driver/Src/stm32f3xx_hal_uart_ex.c ****     }
 937              		.loc 1 490 15 view .LVU285
 938 0160 FBE7     		b	.L39
 939              		.cfi_endproc
 940              	.LFE136:
 942              		.section	.text.HAL_UARTEx_ReceiveToIdle_IT,"ax",%progbits
 943              		.align	1
 944              		.global	HAL_UARTEx_ReceiveToIdle_IT
ARM GAS  /tmp/ccUga7Nf.s 			page 55


 945              		.syntax unified
 946              		.thumb
 947              		.thumb_func
 949              	HAL_UARTEx_ReceiveToIdle_IT:
 950              	.LVL75:
 951              	.LFB137:
 601:Inc/STM32F3xx_HAL_Driver/Src/stm32f3xx_hal_uart_ex.c ****   HAL_StatusTypeDef status = HAL_OK;
 952              		.loc 1 601 1 is_stmt 1 view -0
 953              		.cfi_startproc
 954              		@ args = 0, pretend = 0, frame = 0
 955              		@ frame_needed = 0, uses_anonymous_args = 0
 602:Inc/STM32F3xx_HAL_Driver/Src/stm32f3xx_hal_uart_ex.c **** 
 956              		.loc 1 602 3 view .LVU287
 605:Inc/STM32F3xx_HAL_Driver/Src/stm32f3xx_hal_uart_ex.c ****   {
 957              		.loc 1 605 3 view .LVU288
 605:Inc/STM32F3xx_HAL_Driver/Src/stm32f3xx_hal_uart_ex.c ****   {
 958              		.loc 1 605 12 is_stmt 0 view .LVU289
 959 0000 D0F88030 		ldr	r3, [r0, #128]
 605:Inc/STM32F3xx_HAL_Driver/Src/stm32f3xx_hal_uart_ex.c ****   {
 960              		.loc 1 605 6 view .LVU290
 961 0004 202B     		cmp	r3, #32
 962 0006 1ED1     		bne	.L74
 601:Inc/STM32F3xx_HAL_Driver/Src/stm32f3xx_hal_uart_ex.c ****   HAL_StatusTypeDef status = HAL_OK;
 963              		.loc 1 601 1 view .LVU291
 964 0008 10B5     		push	{r4, lr}
 965              		.cfi_def_cfa_offset 8
 966              		.cfi_offset 4, -8
 967              		.cfi_offset 14, -4
 968 000a 0446     		mov	r4, r0
 607:Inc/STM32F3xx_HAL_Driver/Src/stm32f3xx_hal_uart_ex.c ****     {
 969              		.loc 1 607 5 is_stmt 1 view .LVU292
 607:Inc/STM32F3xx_HAL_Driver/Src/stm32f3xx_hal_uart_ex.c ****     {
 970              		.loc 1 607 8 is_stmt 0 view .LVU293
 971 000c E9B1     		cbz	r1, .L75
 607:Inc/STM32F3xx_HAL_Driver/Src/stm32f3xx_hal_uart_ex.c ****     {
 972              		.loc 1 607 25 discriminator 1 view .LVU294
 973 000e 0AB9     		cbnz	r2, .L82
 609:Inc/STM32F3xx_HAL_Driver/Src/stm32f3xx_hal_uart_ex.c ****     }
 974              		.loc 1 609 14 view .LVU295
 975 0010 0120     		movs	r0, #1
 976              	.LVL76:
 977              	.L71:
 638:Inc/STM32F3xx_HAL_Driver/Src/stm32f3xx_hal_uart_ex.c **** 
 978              		.loc 1 638 1 view .LVU296
 979 0012 10BD     		pop	{r4, pc}
 980              	.LVL77:
 981              	.L82:
 613:Inc/STM32F3xx_HAL_Driver/Src/stm32f3xx_hal_uart_ex.c ****     huart->RxEventType = HAL_UART_RXEVENT_TC;
 982              		.loc 1 613 5 is_stmt 1 view .LVU297
 613:Inc/STM32F3xx_HAL_Driver/Src/stm32f3xx_hal_uart_ex.c ****     huart->RxEventType = HAL_UART_RXEVENT_TC;
 983              		.loc 1 613 26 is_stmt 0 view .LVU298
 984 0014 0123     		movs	r3, #1
 985 0016 0366     		str	r3, [r0, #96]
 614:Inc/STM32F3xx_HAL_Driver/Src/stm32f3xx_hal_uart_ex.c **** 
 986              		.loc 1 614 5 is_stmt 1 view .LVU299
 614:Inc/STM32F3xx_HAL_Driver/Src/stm32f3xx_hal_uart_ex.c **** 
 987              		.loc 1 614 24 is_stmt 0 view .LVU300
ARM GAS  /tmp/ccUga7Nf.s 			page 56


 988 0018 0023     		movs	r3, #0
 989 001a 4366     		str	r3, [r0, #100]
 616:Inc/STM32F3xx_HAL_Driver/Src/stm32f3xx_hal_uart_ex.c **** 
 990              		.loc 1 616 5 is_stmt 1 view .LVU301
 616:Inc/STM32F3xx_HAL_Driver/Src/stm32f3xx_hal_uart_ex.c **** 
 991              		.loc 1 616 11 is_stmt 0 view .LVU302
 992 001c FFF7FEFF 		bl	UART_Start_Receive_IT
 993              	.LVL78:
 618:Inc/STM32F3xx_HAL_Driver/Src/stm32f3xx_hal_uart_ex.c ****     {
 994              		.loc 1 618 5 is_stmt 1 view .LVU303
 618:Inc/STM32F3xx_HAL_Driver/Src/stm32f3xx_hal_uart_ex.c ****     {
 995              		.loc 1 618 14 is_stmt 0 view .LVU304
 996 0020 236E     		ldr	r3, [r4, #96]
 618:Inc/STM32F3xx_HAL_Driver/Src/stm32f3xx_hal_uart_ex.c ****     {
 997              		.loc 1 618 8 view .LVU305
 998 0022 012B     		cmp	r3, #1
 999 0024 01D0     		beq	.L83
 629:Inc/STM32F3xx_HAL_Driver/Src/stm32f3xx_hal_uart_ex.c ****     }
 1000              		.loc 1 629 14 view .LVU306
 1001 0026 0120     		movs	r0, #1
 1002              	.LVL79:
 632:Inc/STM32F3xx_HAL_Driver/Src/stm32f3xx_hal_uart_ex.c ****   }
 1003              		.loc 1 632 5 is_stmt 1 view .LVU307
 632:Inc/STM32F3xx_HAL_Driver/Src/stm32f3xx_hal_uart_ex.c ****   }
 1004              		.loc 1 632 12 is_stmt 0 view .LVU308
 1005 0028 F3E7     		b	.L71
 1006              	.LVL80:
 1007              	.L83:
 620:Inc/STM32F3xx_HAL_Driver/Src/stm32f3xx_hal_uart_ex.c ****       ATOMIC_SET_BIT(huart->Instance->CR1, USART_CR1_IDLEIE);
 1008              		.loc 1 620 7 is_stmt 1 view .LVU309
 1009 002a 2368     		ldr	r3, [r4]
 1010 002c 1022     		movs	r2, #16
 1011 002e 1A62     		str	r2, [r3, #32]
 1012              	.L73:
 621:Inc/STM32F3xx_HAL_Driver/Src/stm32f3xx_hal_uart_ex.c ****     }
 1013              		.loc 1 621 7 discriminator 1 view .LVU310
 1014              	.LBB32:
 621:Inc/STM32F3xx_HAL_Driver/Src/stm32f3xx_hal_uart_ex.c ****     }
 1015              		.loc 1 621 7 discriminator 1 view .LVU311
 621:Inc/STM32F3xx_HAL_Driver/Src/stm32f3xx_hal_uart_ex.c ****     }
 1016              		.loc 1 621 7 discriminator 1 view .LVU312
 621:Inc/STM32F3xx_HAL_Driver/Src/stm32f3xx_hal_uart_ex.c ****     }
 1017              		.loc 1 621 7 discriminator 1 view .LVU313
 1018 0030 2268     		ldr	r2, [r4]
 1019              	.LVL81:
 1020              	.LBB33:
 1021              	.LBI33:
1068:Inc/CMSIS/Core/Include/cmsis_gcc.h **** {
 1022              		.loc 2 1068 31 view .LVU314
 1023              	.LBB34:
1070:Inc/CMSIS/Core/Include/cmsis_gcc.h **** 
 1024              		.loc 2 1070 5 view .LVU315
1072:Inc/CMSIS/Core/Include/cmsis_gcc.h ****    return(result);
 1025              		.loc 2 1072 4 view .LVU316
 1026              		.syntax unified
 1027              	@ 1072 "Inc/CMSIS/Core/Include/cmsis_gcc.h" 1
 1028 0032 52E8003F 		ldrex r3, [r2]
ARM GAS  /tmp/ccUga7Nf.s 			page 57


 1029              	@ 0 "" 2
 1030              	.LVL82:
1073:Inc/CMSIS/Core/Include/cmsis_gcc.h **** }
 1031              		.loc 2 1073 4 view .LVU317
1073:Inc/CMSIS/Core/Include/cmsis_gcc.h **** }
 1032              		.loc 2 1073 4 is_stmt 0 view .LVU318
 1033              		.thumb
 1034              		.syntax unified
 1035              	.LBE34:
 1036              	.LBE33:
 621:Inc/STM32F3xx_HAL_Driver/Src/stm32f3xx_hal_uart_ex.c ****     }
 1037              		.loc 1 621 7 discriminator 1 view .LVU319
 1038 0036 43F01003 		orr	r3, r3, #16
 1039              	.LVL83:
 621:Inc/STM32F3xx_HAL_Driver/Src/stm32f3xx_hal_uart_ex.c ****     }
 1040              		.loc 1 621 7 is_stmt 1 discriminator 1 view .LVU320
 1041              	.LBB35:
 1042              	.LBI35:
1119:Inc/CMSIS/Core/Include/cmsis_gcc.h **** {
 1043              		.loc 2 1119 31 view .LVU321
 1044              	.LBB36:
1121:Inc/CMSIS/Core/Include/cmsis_gcc.h **** 
 1045              		.loc 2 1121 4 view .LVU322
1123:Inc/CMSIS/Core/Include/cmsis_gcc.h ****    return(result);
 1046              		.loc 2 1123 4 view .LVU323
 1047              		.syntax unified
 1048              	@ 1123 "Inc/CMSIS/Core/Include/cmsis_gcc.h" 1
 1049 003a 42E80031 		strex r1, r3, [r2]
 1050              	@ 0 "" 2
 1051              	.LVL84:
 1052              		.loc 2 1124 4 view .LVU324
 1053              		.loc 2 1124 4 is_stmt 0 view .LVU325
 1054              		.thumb
 1055              		.syntax unified
 1056              	.LBE36:
 1057              	.LBE35:
 621:Inc/STM32F3xx_HAL_Driver/Src/stm32f3xx_hal_uart_ex.c ****     }
 1058              		.loc 1 621 7 discriminator 1 view .LVU326
 1059 003e 0029     		cmp	r1, #0
 1060 0040 F6D1     		bne	.L73
 1061              	.LBE32:
 602:Inc/STM32F3xx_HAL_Driver/Src/stm32f3xx_hal_uart_ex.c **** 
 1062              		.loc 1 602 21 view .LVU327
 1063 0042 0020     		movs	r0, #0
 1064              	.LBB37:
 1065 0044 E5E7     		b	.L71
 1066              	.LVL85:
 1067              	.L74:
 1068              		.cfi_def_cfa_offset 0
 1069              		.cfi_restore 4
 1070              		.cfi_restore 14
 602:Inc/STM32F3xx_HAL_Driver/Src/stm32f3xx_hal_uart_ex.c **** 
 1071              		.loc 1 602 21 view .LVU328
 1072              	.LBE37:
 636:Inc/STM32F3xx_HAL_Driver/Src/stm32f3xx_hal_uart_ex.c ****   }
 1073              		.loc 1 636 12 view .LVU329
 1074 0046 0220     		movs	r0, #2
ARM GAS  /tmp/ccUga7Nf.s 			page 58


 1075              	.LVL86:
 638:Inc/STM32F3xx_HAL_Driver/Src/stm32f3xx_hal_uart_ex.c **** 
 1076              		.loc 1 638 1 view .LVU330
 1077 0048 7047     		bx	lr
 1078              	.LVL87:
 1079              	.L75:
 1080              		.cfi_def_cfa_offset 8
 1081              		.cfi_offset 4, -8
 1082              		.cfi_offset 14, -4
 609:Inc/STM32F3xx_HAL_Driver/Src/stm32f3xx_hal_uart_ex.c ****     }
 1083              		.loc 1 609 14 view .LVU331
 1084 004a 0120     		movs	r0, #1
 1085              	.LVL88:
 609:Inc/STM32F3xx_HAL_Driver/Src/stm32f3xx_hal_uart_ex.c ****     }
 1086              		.loc 1 609 14 view .LVU332
 1087 004c E1E7     		b	.L71
 1088              		.cfi_endproc
 1089              	.LFE137:
 1091              		.section	.text.HAL_UARTEx_ReceiveToIdle_DMA,"ax",%progbits
 1092              		.align	1
 1093              		.global	HAL_UARTEx_ReceiveToIdle_DMA
 1094              		.syntax unified
 1095              		.thumb
 1096              		.thumb_func
 1098              	HAL_UARTEx_ReceiveToIdle_DMA:
 1099              	.LVL89:
 1100              	.LFB138:
 658:Inc/STM32F3xx_HAL_Driver/Src/stm32f3xx_hal_uart_ex.c ****   HAL_StatusTypeDef status;
 1101              		.loc 1 658 1 is_stmt 1 view -0
 1102              		.cfi_startproc
 1103              		@ args = 0, pretend = 0, frame = 0
 1104              		@ frame_needed = 0, uses_anonymous_args = 0
 659:Inc/STM32F3xx_HAL_Driver/Src/stm32f3xx_hal_uart_ex.c **** 
 1105              		.loc 1 659 3 view .LVU334
 662:Inc/STM32F3xx_HAL_Driver/Src/stm32f3xx_hal_uart_ex.c ****   {
 1106              		.loc 1 662 3 view .LVU335
 662:Inc/STM32F3xx_HAL_Driver/Src/stm32f3xx_hal_uart_ex.c ****   {
 1107              		.loc 1 662 12 is_stmt 0 view .LVU336
 1108 0000 D0F88030 		ldr	r3, [r0, #128]
 662:Inc/STM32F3xx_HAL_Driver/Src/stm32f3xx_hal_uart_ex.c ****   {
 1109              		.loc 1 662 6 view .LVU337
 1110 0004 202B     		cmp	r3, #32
 1111 0006 1FD1     		bne	.L88
 658:Inc/STM32F3xx_HAL_Driver/Src/stm32f3xx_hal_uart_ex.c ****   HAL_StatusTypeDef status;
 1112              		.loc 1 658 1 view .LVU338
 1113 0008 10B5     		push	{r4, lr}
 1114              		.cfi_def_cfa_offset 8
 1115              		.cfi_offset 4, -8
 1116              		.cfi_offset 14, -4
 1117 000a 0446     		mov	r4, r0
 664:Inc/STM32F3xx_HAL_Driver/Src/stm32f3xx_hal_uart_ex.c ****     {
 1118              		.loc 1 664 5 is_stmt 1 view .LVU339
 664:Inc/STM32F3xx_HAL_Driver/Src/stm32f3xx_hal_uart_ex.c ****     {
 1119              		.loc 1 664 8 is_stmt 0 view .LVU340
 1120 000c F1B1     		cbz	r1, .L89
 664:Inc/STM32F3xx_HAL_Driver/Src/stm32f3xx_hal_uart_ex.c ****     {
 1121              		.loc 1 664 25 discriminator 1 view .LVU341
ARM GAS  /tmp/ccUga7Nf.s 			page 59


 1122 000e 0AB9     		cbnz	r2, .L96
 666:Inc/STM32F3xx_HAL_Driver/Src/stm32f3xx_hal_uart_ex.c ****     }
 1123              		.loc 1 666 14 view .LVU342
 1124 0010 0120     		movs	r0, #1
 1125              	.LVL90:
 1126              	.L85:
 699:Inc/STM32F3xx_HAL_Driver/Src/stm32f3xx_hal_uart_ex.c **** 
 1127              		.loc 1 699 1 view .LVU343
 1128 0012 10BD     		pop	{r4, pc}
 1129              	.LVL91:
 1130              	.L96:
 670:Inc/STM32F3xx_HAL_Driver/Src/stm32f3xx_hal_uart_ex.c ****     huart->RxEventType = HAL_UART_RXEVENT_TC;
 1131              		.loc 1 670 5 is_stmt 1 view .LVU344
 670:Inc/STM32F3xx_HAL_Driver/Src/stm32f3xx_hal_uart_ex.c ****     huart->RxEventType = HAL_UART_RXEVENT_TC;
 1132              		.loc 1 670 26 is_stmt 0 view .LVU345
 1133 0014 0123     		movs	r3, #1
 1134 0016 0366     		str	r3, [r0, #96]
 671:Inc/STM32F3xx_HAL_Driver/Src/stm32f3xx_hal_uart_ex.c **** 
 1135              		.loc 1 671 5 is_stmt 1 view .LVU346
 671:Inc/STM32F3xx_HAL_Driver/Src/stm32f3xx_hal_uart_ex.c **** 
 1136              		.loc 1 671 24 is_stmt 0 view .LVU347
 1137 0018 0023     		movs	r3, #0
 1138 001a 4366     		str	r3, [r0, #100]
 673:Inc/STM32F3xx_HAL_Driver/Src/stm32f3xx_hal_uart_ex.c **** 
 1139              		.loc 1 673 5 is_stmt 1 view .LVU348
 673:Inc/STM32F3xx_HAL_Driver/Src/stm32f3xx_hal_uart_ex.c **** 
 1140              		.loc 1 673 15 is_stmt 0 view .LVU349
 1141 001c FFF7FEFF 		bl	UART_Start_Receive_DMA
 1142              	.LVL92:
 676:Inc/STM32F3xx_HAL_Driver/Src/stm32f3xx_hal_uart_ex.c ****     {
 1143              		.loc 1 676 5 is_stmt 1 view .LVU350
 676:Inc/STM32F3xx_HAL_Driver/Src/stm32f3xx_hal_uart_ex.c ****     {
 1144              		.loc 1 676 8 is_stmt 0 view .LVU351
 1145 0020 0028     		cmp	r0, #0
 1146 0022 F6D1     		bne	.L85
 678:Inc/STM32F3xx_HAL_Driver/Src/stm32f3xx_hal_uart_ex.c ****       {
 1147              		.loc 1 678 7 is_stmt 1 view .LVU352
 678:Inc/STM32F3xx_HAL_Driver/Src/stm32f3xx_hal_uart_ex.c ****       {
 1148              		.loc 1 678 16 is_stmt 0 view .LVU353
 1149 0024 236E     		ldr	r3, [r4, #96]
 678:Inc/STM32F3xx_HAL_Driver/Src/stm32f3xx_hal_uart_ex.c ****       {
 1150              		.loc 1 678 10 view .LVU354
 1151 0026 012B     		cmp	r3, #1
 1152 0028 01D0     		beq	.L97
 689:Inc/STM32F3xx_HAL_Driver/Src/stm32f3xx_hal_uart_ex.c ****       }
 1153              		.loc 1 689 16 view .LVU355
 1154 002a 0120     		movs	r0, #1
 1155              	.LVL93:
 693:Inc/STM32F3xx_HAL_Driver/Src/stm32f3xx_hal_uart_ex.c ****   }
 1156              		.loc 1 693 5 is_stmt 1 view .LVU356
 693:Inc/STM32F3xx_HAL_Driver/Src/stm32f3xx_hal_uart_ex.c ****   }
 1157              		.loc 1 693 12 is_stmt 0 view .LVU357
 1158 002c F1E7     		b	.L85
 1159              	.LVL94:
 1160              	.L97:
 680:Inc/STM32F3xx_HAL_Driver/Src/stm32f3xx_hal_uart_ex.c ****         ATOMIC_SET_BIT(huart->Instance->CR1, USART_CR1_IDLEIE);
 1161              		.loc 1 680 9 is_stmt 1 view .LVU358
ARM GAS  /tmp/ccUga7Nf.s 			page 60


 1162 002e 2368     		ldr	r3, [r4]
 1163 0030 1022     		movs	r2, #16
 1164 0032 1A62     		str	r2, [r3, #32]
 1165              	.L87:
 681:Inc/STM32F3xx_HAL_Driver/Src/stm32f3xx_hal_uart_ex.c ****       }
 1166              		.loc 1 681 9 discriminator 1 view .LVU359
 1167              	.LBB38:
 681:Inc/STM32F3xx_HAL_Driver/Src/stm32f3xx_hal_uart_ex.c ****       }
 1168              		.loc 1 681 9 discriminator 1 view .LVU360
 681:Inc/STM32F3xx_HAL_Driver/Src/stm32f3xx_hal_uart_ex.c ****       }
 1169              		.loc 1 681 9 discriminator 1 view .LVU361
 681:Inc/STM32F3xx_HAL_Driver/Src/stm32f3xx_hal_uart_ex.c ****       }
 1170              		.loc 1 681 9 discriminator 1 view .LVU362
 1171 0034 2268     		ldr	r2, [r4]
 1172              	.LVL95:
 1173              	.LBB39:
 1174              	.LBI39:
1068:Inc/CMSIS/Core/Include/cmsis_gcc.h **** {
 1175              		.loc 2 1068 31 view .LVU363
 1176              	.LBB40:
1070:Inc/CMSIS/Core/Include/cmsis_gcc.h **** 
 1177              		.loc 2 1070 5 view .LVU364
1072:Inc/CMSIS/Core/Include/cmsis_gcc.h ****    return(result);
 1178              		.loc 2 1072 4 view .LVU365
 1179              		.syntax unified
 1180              	@ 1072 "Inc/CMSIS/Core/Include/cmsis_gcc.h" 1
 1181 0036 52E8003F 		ldrex r3, [r2]
 1182              	@ 0 "" 2
 1183              	.LVL96:
1073:Inc/CMSIS/Core/Include/cmsis_gcc.h **** }
 1184              		.loc 2 1073 4 view .LVU366
1073:Inc/CMSIS/Core/Include/cmsis_gcc.h **** }
 1185              		.loc 2 1073 4 is_stmt 0 view .LVU367
 1186              		.thumb
 1187              		.syntax unified
 1188              	.LBE40:
 1189              	.LBE39:
 681:Inc/STM32F3xx_HAL_Driver/Src/stm32f3xx_hal_uart_ex.c ****       }
 1190              		.loc 1 681 9 discriminator 1 view .LVU368
 1191 003a 43F01003 		orr	r3, r3, #16
 1192              	.LVL97:
 681:Inc/STM32F3xx_HAL_Driver/Src/stm32f3xx_hal_uart_ex.c ****       }
 1193              		.loc 1 681 9 is_stmt 1 discriminator 1 view .LVU369
 1194              	.LBB41:
 1195              	.LBI41:
1119:Inc/CMSIS/Core/Include/cmsis_gcc.h **** {
 1196              		.loc 2 1119 31 view .LVU370
 1197              	.LBB42:
1121:Inc/CMSIS/Core/Include/cmsis_gcc.h **** 
 1198              		.loc 2 1121 4 view .LVU371
1123:Inc/CMSIS/Core/Include/cmsis_gcc.h ****    return(result);
 1199              		.loc 2 1123 4 view .LVU372
 1200              		.syntax unified
 1201              	@ 1123 "Inc/CMSIS/Core/Include/cmsis_gcc.h" 1
 1202 003e 42E80031 		strex r1, r3, [r2]
 1203              	@ 0 "" 2
 1204              	.LVL98:
ARM GAS  /tmp/ccUga7Nf.s 			page 61


 1205              		.loc 2 1124 4 view .LVU373
 1206              		.loc 2 1124 4 is_stmt 0 view .LVU374
 1207              		.thumb
 1208              		.syntax unified
 1209              	.LBE42:
 1210              	.LBE41:
 681:Inc/STM32F3xx_HAL_Driver/Src/stm32f3xx_hal_uart_ex.c ****       }
 1211              		.loc 1 681 9 discriminator 1 view .LVU375
 1212 0042 0029     		cmp	r1, #0
 1213 0044 F6D1     		bne	.L87
 1214 0046 E4E7     		b	.L85
 1215              	.LVL99:
 1216              	.L88:
 1217              		.cfi_def_cfa_offset 0
 1218              		.cfi_restore 4
 1219              		.cfi_restore 14
 681:Inc/STM32F3xx_HAL_Driver/Src/stm32f3xx_hal_uart_ex.c ****       }
 1220              		.loc 1 681 9 discriminator 1 view .LVU376
 1221              	.LBE38:
 697:Inc/STM32F3xx_HAL_Driver/Src/stm32f3xx_hal_uart_ex.c ****   }
 1222              		.loc 1 697 12 view .LVU377
 1223 0048 0220     		movs	r0, #2
 1224              	.LVL100:
 699:Inc/STM32F3xx_HAL_Driver/Src/stm32f3xx_hal_uart_ex.c **** 
 1225              		.loc 1 699 1 view .LVU378
 1226 004a 7047     		bx	lr
 1227              	.LVL101:
 1228              	.L89:
 1229              		.cfi_def_cfa_offset 8
 1230              		.cfi_offset 4, -8
 1231              		.cfi_offset 14, -4
 666:Inc/STM32F3xx_HAL_Driver/Src/stm32f3xx_hal_uart_ex.c ****     }
 1232              		.loc 1 666 14 view .LVU379
 1233 004c 0120     		movs	r0, #1
 1234              	.LVL102:
 666:Inc/STM32F3xx_HAL_Driver/Src/stm32f3xx_hal_uart_ex.c ****     }
 1235              		.loc 1 666 14 view .LVU380
 1236 004e E0E7     		b	.L85
 1237              		.cfi_endproc
 1238              	.LFE138:
 1240              		.section	.text.HAL_UARTEx_GetRxEventType,"ax",%progbits
 1241              		.align	1
 1242              		.global	HAL_UARTEx_GetRxEventType
 1243              		.syntax unified
 1244              		.thumb
 1245              		.thumb_func
 1247              	HAL_UARTEx_GetRxEventType:
 1248              	.LVL103:
 1249              	.LFB139:
 726:Inc/STM32F3xx_HAL_Driver/Src/stm32f3xx_hal_uart_ex.c ****   /* Return Rx Event type value, as stored in UART handle */
 1250              		.loc 1 726 1 is_stmt 1 view -0
 1251              		.cfi_startproc
 1252              		@ args = 0, pretend = 0, frame = 0
 1253              		@ frame_needed = 0, uses_anonymous_args = 0
 1254              		@ link register save eliminated.
 728:Inc/STM32F3xx_HAL_Driver/Src/stm32f3xx_hal_uart_ex.c **** }
 1255              		.loc 1 728 3 view .LVU382
ARM GAS  /tmp/ccUga7Nf.s 			page 62


 728:Inc/STM32F3xx_HAL_Driver/Src/stm32f3xx_hal_uart_ex.c **** }
 1256              		.loc 1 728 16 is_stmt 0 view .LVU383
 1257 0000 406E     		ldr	r0, [r0, #100]
 1258              	.LVL104:
 729:Inc/STM32F3xx_HAL_Driver/Src/stm32f3xx_hal_uart_ex.c **** 
 1259              		.loc 1 729 1 view .LVU384
 1260 0002 7047     		bx	lr
 1261              		.cfi_endproc
 1262              	.LFE139:
 1264              		.text
 1265              	.Letext0:
 1266              		.file 3 "/usr/arm-none-eabi/include/machine/_default_types.h"
 1267              		.file 4 "/usr/arm-none-eabi/include/sys/_stdint.h"
 1268              		.file 5 "Inc/CMSIS/Device/ST/STM32F3xx/Include/stm32f303xe.h"
 1269              		.file 6 "Inc/CMSIS/Device/ST/STM32F3xx/Include/stm32f3xx.h"
 1270              		.file 7 "Inc/STM32F3xx_HAL_Driver/Inc/stm32f3xx_hal_def.h"
 1271              		.file 8 "Inc/STM32F3xx_HAL_Driver/Inc/stm32f3xx_hal_dma.h"
 1272              		.file 9 "Inc/STM32F3xx_HAL_Driver/Inc/stm32f3xx_hal_uart.h"
 1273              		.file 10 "Inc/STM32F3xx_HAL_Driver/Inc/stm32f3xx_hal_uart_ex.h"
 1274              		.file 11 "Inc/STM32F3xx_HAL_Driver/Inc/stm32f3xx_hal.h"
ARM GAS  /tmp/ccUga7Nf.s 			page 63


DEFINED SYMBOLS
                            *ABS*:00000000 stm32f3xx_hal_uart_ex.c
     /tmp/ccUga7Nf.s:21     .text.UARTEx_Wakeup_AddressConfig:00000000 $t
     /tmp/ccUga7Nf.s:26     .text.UARTEx_Wakeup_AddressConfig:00000000 UARTEx_Wakeup_AddressConfig
     /tmp/ccUga7Nf.s:63     .text.HAL_RS485Ex_Init:00000000 $t
     /tmp/ccUga7Nf.s:69     .text.HAL_RS485Ex_Init:00000000 HAL_RS485Ex_Init
     /tmp/ccUga7Nf.s:204    .text.HAL_UARTEx_WakeupCallback:00000000 $t
     /tmp/ccUga7Nf.s:210    .text.HAL_UARTEx_WakeupCallback:00000000 HAL_UARTEx_WakeupCallback
     /tmp/ccUga7Nf.s:225    .text.HAL_MultiProcessorEx_AddressLength_Set:00000000 $t
     /tmp/ccUga7Nf.s:231    .text.HAL_MultiProcessorEx_AddressLength_Set:00000000 HAL_MultiProcessorEx_AddressLength_Set
     /tmp/ccUga7Nf.s:293    .text.HAL_UARTEx_StopModeWakeUpSourceConfig:00000000 $t
     /tmp/ccUga7Nf.s:299    .text.HAL_UARTEx_StopModeWakeUpSourceConfig:00000000 HAL_UARTEx_StopModeWakeUpSourceConfig
     /tmp/ccUga7Nf.s:421    .text.HAL_UARTEx_EnableStopMode:00000000 $t
     /tmp/ccUga7Nf.s:427    .text.HAL_UARTEx_EnableStopMode:00000000 HAL_UARTEx_EnableStopMode
     /tmp/ccUga7Nf.s:520    .text.HAL_UARTEx_DisableStopMode:00000000 $t
     /tmp/ccUga7Nf.s:526    .text.HAL_UARTEx_DisableStopMode:00000000 HAL_UARTEx_DisableStopMode
     /tmp/ccUga7Nf.s:618    .text.HAL_UARTEx_ReceiveToIdle:00000000 $t
     /tmp/ccUga7Nf.s:624    .text.HAL_UARTEx_ReceiveToIdle:00000000 HAL_UARTEx_ReceiveToIdle
     /tmp/ccUga7Nf.s:943    .text.HAL_UARTEx_ReceiveToIdle_IT:00000000 $t
     /tmp/ccUga7Nf.s:949    .text.HAL_UARTEx_ReceiveToIdle_IT:00000000 HAL_UARTEx_ReceiveToIdle_IT
     /tmp/ccUga7Nf.s:1092   .text.HAL_UARTEx_ReceiveToIdle_DMA:00000000 $t
     /tmp/ccUga7Nf.s:1098   .text.HAL_UARTEx_ReceiveToIdle_DMA:00000000 HAL_UARTEx_ReceiveToIdle_DMA
     /tmp/ccUga7Nf.s:1241   .text.HAL_UARTEx_GetRxEventType:00000000 $t
     /tmp/ccUga7Nf.s:1247   .text.HAL_UARTEx_GetRxEventType:00000000 HAL_UARTEx_GetRxEventType

UNDEFINED SYMBOLS
UART_SetConfig
UART_CheckIdleState
HAL_UART_MspInit
UART_AdvFeatureConfig
HAL_GetTick
UART_WaitOnFlagUntilTimeout
UART_Start_Receive_IT
UART_Start_Receive_DMA
