ARM GAS  /tmp/cccxcDip.s 			page 1


   1              		.cpu cortex-m4
   2              		.arch armv7e-m
   3              		.fpu fpv4-sp-d16
   4              		.eabi_attribute 27, 1
   5              		.eabi_attribute 28, 1
   6              		.eabi_attribute 20, 1
   7              		.eabi_attribute 21, 1
   8              		.eabi_attribute 23, 3
   9              		.eabi_attribute 24, 1
  10              		.eabi_attribute 25, 1
  11              		.eabi_attribute 26, 1
  12              		.eabi_attribute 30, 1
  13              		.eabi_attribute 34, 1
  14              		.eabi_attribute 18, 4
  15              		.file	"stm32f3xx_hal_rcc.c"
  16              		.text
  17              	.Ltext0:
  18              		.cfi_sections	.debug_frame
  19              		.file 1 "Inc/STM32F3xx_HAL_Driver/Src/stm32f3xx_hal_rcc.c"
  20              		.section	.text.HAL_RCC_DeInit,"ax",%progbits
  21              		.align	1
  22              		.global	HAL_RCC_DeInit
  23              		.syntax unified
  24              		.thumb
  25              		.thumb_func
  27              	HAL_RCC_DeInit:
  28              	.LFB130:
   1:Inc/STM32F3xx_HAL_Driver/Src/stm32f3xx_hal_rcc.c **** /**
   2:Inc/STM32F3xx_HAL_Driver/Src/stm32f3xx_hal_rcc.c ****   ******************************************************************************
   3:Inc/STM32F3xx_HAL_Driver/Src/stm32f3xx_hal_rcc.c ****   * @file    stm32f3xx_hal_rcc.c
   4:Inc/STM32F3xx_HAL_Driver/Src/stm32f3xx_hal_rcc.c ****   * @author  MCD Application Team
   5:Inc/STM32F3xx_HAL_Driver/Src/stm32f3xx_hal_rcc.c ****   * @brief   RCC HAL module driver.
   6:Inc/STM32F3xx_HAL_Driver/Src/stm32f3xx_hal_rcc.c ****   *          This file provides firmware functions to manage the following 
   7:Inc/STM32F3xx_HAL_Driver/Src/stm32f3xx_hal_rcc.c ****   *          functionalities of the Reset and Clock Control (RCC) peripheral:
   8:Inc/STM32F3xx_HAL_Driver/Src/stm32f3xx_hal_rcc.c ****   *           + Initialization and de-initialization functions
   9:Inc/STM32F3xx_HAL_Driver/Src/stm32f3xx_hal_rcc.c ****   *           + Peripheral Control functions
  10:Inc/STM32F3xx_HAL_Driver/Src/stm32f3xx_hal_rcc.c ****   *       
  11:Inc/STM32F3xx_HAL_Driver/Src/stm32f3xx_hal_rcc.c ****   @verbatim                
  12:Inc/STM32F3xx_HAL_Driver/Src/stm32f3xx_hal_rcc.c ****   ==============================================================================
  13:Inc/STM32F3xx_HAL_Driver/Src/stm32f3xx_hal_rcc.c ****                       ##### RCC specific features #####
  14:Inc/STM32F3xx_HAL_Driver/Src/stm32f3xx_hal_rcc.c ****   ==============================================================================
  15:Inc/STM32F3xx_HAL_Driver/Src/stm32f3xx_hal_rcc.c ****     [..]  
  16:Inc/STM32F3xx_HAL_Driver/Src/stm32f3xx_hal_rcc.c ****       After reset the device is running from Internal High Speed oscillator
  17:Inc/STM32F3xx_HAL_Driver/Src/stm32f3xx_hal_rcc.c ****       (HSI 8MHz) with Flash 0 wait state, Flash prefetch buffer is enabled, 
  18:Inc/STM32F3xx_HAL_Driver/Src/stm32f3xx_hal_rcc.c ****       and all peripherals are off except internal SRAM, Flash and JTAG.
  19:Inc/STM32F3xx_HAL_Driver/Src/stm32f3xx_hal_rcc.c ****       (+) There is no prescaler on High speed (AHB) and Low speed (APB) buses;
  20:Inc/STM32F3xx_HAL_Driver/Src/stm32f3xx_hal_rcc.c ****           all peripherals mapped on these buses are running at HSI speed.
  21:Inc/STM32F3xx_HAL_Driver/Src/stm32f3xx_hal_rcc.c ****       (+) The clock for all peripherals is switched off, except the SRAM and FLASH.
  22:Inc/STM32F3xx_HAL_Driver/Src/stm32f3xx_hal_rcc.c ****       (+) All GPIOs are in input floating state, except the JTAG pins which
  23:Inc/STM32F3xx_HAL_Driver/Src/stm32f3xx_hal_rcc.c ****           are assigned to be used for debug purpose.
  24:Inc/STM32F3xx_HAL_Driver/Src/stm32f3xx_hal_rcc.c ****     [..] Once the device started from reset, the user application has to:
  25:Inc/STM32F3xx_HAL_Driver/Src/stm32f3xx_hal_rcc.c ****       (+) Configure the clock source to be used to drive the System clock
  26:Inc/STM32F3xx_HAL_Driver/Src/stm32f3xx_hal_rcc.c ****           (if the application needs higher frequency/performance)
  27:Inc/STM32F3xx_HAL_Driver/Src/stm32f3xx_hal_rcc.c ****       (+) Configure the System clock frequency and Flash settings  
  28:Inc/STM32F3xx_HAL_Driver/Src/stm32f3xx_hal_rcc.c ****       (+) Configure the AHB and APB buses prescalers
  29:Inc/STM32F3xx_HAL_Driver/Src/stm32f3xx_hal_rcc.c ****       (+) Enable the clock for the peripheral(s) to be used
  30:Inc/STM32F3xx_HAL_Driver/Src/stm32f3xx_hal_rcc.c ****       (+) Configure the clock source(s) for peripherals whose clocks are not
ARM GAS  /tmp/cccxcDip.s 			page 2


  31:Inc/STM32F3xx_HAL_Driver/Src/stm32f3xx_hal_rcc.c ****           derived from the System clock (RTC, ADC, I2C, I2S, TIM, USB FS)
  32:Inc/STM32F3xx_HAL_Driver/Src/stm32f3xx_hal_rcc.c **** 
  33:Inc/STM32F3xx_HAL_Driver/Src/stm32f3xx_hal_rcc.c ****                       ##### RCC Limitations #####
  34:Inc/STM32F3xx_HAL_Driver/Src/stm32f3xx_hal_rcc.c ****   ==============================================================================
  35:Inc/STM32F3xx_HAL_Driver/Src/stm32f3xx_hal_rcc.c ****     [..]  
  36:Inc/STM32F3xx_HAL_Driver/Src/stm32f3xx_hal_rcc.c ****       A delay between an RCC peripheral clock enable and the effective peripheral 
  37:Inc/STM32F3xx_HAL_Driver/Src/stm32f3xx_hal_rcc.c ****       enabling should be taken into account in order to manage the peripheral read/write 
  38:Inc/STM32F3xx_HAL_Driver/Src/stm32f3xx_hal_rcc.c ****       from/to registers.
  39:Inc/STM32F3xx_HAL_Driver/Src/stm32f3xx_hal_rcc.c ****       (+) This delay depends on the peripheral mapping.
  40:Inc/STM32F3xx_HAL_Driver/Src/stm32f3xx_hal_rcc.c ****         (++) AHB & APB peripherals, 1 dummy read is necessary
  41:Inc/STM32F3xx_HAL_Driver/Src/stm32f3xx_hal_rcc.c **** 
  42:Inc/STM32F3xx_HAL_Driver/Src/stm32f3xx_hal_rcc.c ****     [..]  
  43:Inc/STM32F3xx_HAL_Driver/Src/stm32f3xx_hal_rcc.c ****       Workarounds:
  44:Inc/STM32F3xx_HAL_Driver/Src/stm32f3xx_hal_rcc.c ****       (#) For AHB & APB peripherals, a dummy read to the peripheral register has been
  45:Inc/STM32F3xx_HAL_Driver/Src/stm32f3xx_hal_rcc.c ****           inserted in each __HAL_RCC_PPP_CLK_ENABLE() macro.
  46:Inc/STM32F3xx_HAL_Driver/Src/stm32f3xx_hal_rcc.c **** 
  47:Inc/STM32F3xx_HAL_Driver/Src/stm32f3xx_hal_rcc.c ****   @endverbatim
  48:Inc/STM32F3xx_HAL_Driver/Src/stm32f3xx_hal_rcc.c ****   ******************************************************************************
  49:Inc/STM32F3xx_HAL_Driver/Src/stm32f3xx_hal_rcc.c ****   * @attention
  50:Inc/STM32F3xx_HAL_Driver/Src/stm32f3xx_hal_rcc.c ****   *
  51:Inc/STM32F3xx_HAL_Driver/Src/stm32f3xx_hal_rcc.c ****   * Copyright (c) 2016 STMicroelectronics.
  52:Inc/STM32F3xx_HAL_Driver/Src/stm32f3xx_hal_rcc.c ****   * All rights reserved.
  53:Inc/STM32F3xx_HAL_Driver/Src/stm32f3xx_hal_rcc.c ****   *
  54:Inc/STM32F3xx_HAL_Driver/Src/stm32f3xx_hal_rcc.c ****   * This software is licensed under terms that can be found in the LICENSE file in
  55:Inc/STM32F3xx_HAL_Driver/Src/stm32f3xx_hal_rcc.c ****   * the root directory of this software component.
  56:Inc/STM32F3xx_HAL_Driver/Src/stm32f3xx_hal_rcc.c ****   * If no LICENSE file comes with this software, it is provided AS-IS.
  57:Inc/STM32F3xx_HAL_Driver/Src/stm32f3xx_hal_rcc.c ****   ******************************************************************************
  58:Inc/STM32F3xx_HAL_Driver/Src/stm32f3xx_hal_rcc.c ****   */
  59:Inc/STM32F3xx_HAL_Driver/Src/stm32f3xx_hal_rcc.c **** 
  60:Inc/STM32F3xx_HAL_Driver/Src/stm32f3xx_hal_rcc.c **** /* Includes ------------------------------------------------------------------*/
  61:Inc/STM32F3xx_HAL_Driver/Src/stm32f3xx_hal_rcc.c **** #include "stm32f3xx_hal.h"
  62:Inc/STM32F3xx_HAL_Driver/Src/stm32f3xx_hal_rcc.c **** 
  63:Inc/STM32F3xx_HAL_Driver/Src/stm32f3xx_hal_rcc.c **** /** @addtogroup STM32F3xx_HAL_Driver
  64:Inc/STM32F3xx_HAL_Driver/Src/stm32f3xx_hal_rcc.c ****   * @{
  65:Inc/STM32F3xx_HAL_Driver/Src/stm32f3xx_hal_rcc.c ****   */
  66:Inc/STM32F3xx_HAL_Driver/Src/stm32f3xx_hal_rcc.c **** 
  67:Inc/STM32F3xx_HAL_Driver/Src/stm32f3xx_hal_rcc.c **** /** @defgroup RCC RCC
  68:Inc/STM32F3xx_HAL_Driver/Src/stm32f3xx_hal_rcc.c **** * @brief RCC HAL module driver
  69:Inc/STM32F3xx_HAL_Driver/Src/stm32f3xx_hal_rcc.c ****   * @{
  70:Inc/STM32F3xx_HAL_Driver/Src/stm32f3xx_hal_rcc.c ****   */
  71:Inc/STM32F3xx_HAL_Driver/Src/stm32f3xx_hal_rcc.c **** 
  72:Inc/STM32F3xx_HAL_Driver/Src/stm32f3xx_hal_rcc.c **** #ifdef HAL_RCC_MODULE_ENABLED
  73:Inc/STM32F3xx_HAL_Driver/Src/stm32f3xx_hal_rcc.c **** 
  74:Inc/STM32F3xx_HAL_Driver/Src/stm32f3xx_hal_rcc.c **** /* Private typedef -----------------------------------------------------------*/
  75:Inc/STM32F3xx_HAL_Driver/Src/stm32f3xx_hal_rcc.c **** /* Private define ------------------------------------------------------------*/
  76:Inc/STM32F3xx_HAL_Driver/Src/stm32f3xx_hal_rcc.c **** /** @defgroup RCC_Private_Constants RCC Private Constants
  77:Inc/STM32F3xx_HAL_Driver/Src/stm32f3xx_hal_rcc.c ****  * @{
  78:Inc/STM32F3xx_HAL_Driver/Src/stm32f3xx_hal_rcc.c ****  */
  79:Inc/STM32F3xx_HAL_Driver/Src/stm32f3xx_hal_rcc.c **** /* Bits position in  in the CFGR register */
  80:Inc/STM32F3xx_HAL_Driver/Src/stm32f3xx_hal_rcc.c **** #define RCC_CFGR_HPRE_BITNUMBER           POSITION_VAL(RCC_CFGR_HPRE)
  81:Inc/STM32F3xx_HAL_Driver/Src/stm32f3xx_hal_rcc.c **** #define RCC_CFGR_PPRE1_BITNUMBER          POSITION_VAL(RCC_CFGR_PPRE1)
  82:Inc/STM32F3xx_HAL_Driver/Src/stm32f3xx_hal_rcc.c **** #define RCC_CFGR_PPRE2_BITNUMBER          POSITION_VAL(RCC_CFGR_PPRE2)
  83:Inc/STM32F3xx_HAL_Driver/Src/stm32f3xx_hal_rcc.c **** /**
  84:Inc/STM32F3xx_HAL_Driver/Src/stm32f3xx_hal_rcc.c ****   * @}
  85:Inc/STM32F3xx_HAL_Driver/Src/stm32f3xx_hal_rcc.c ****   */
  86:Inc/STM32F3xx_HAL_Driver/Src/stm32f3xx_hal_rcc.c **** /* Private macro -------------------------------------------------------------*/
  87:Inc/STM32F3xx_HAL_Driver/Src/stm32f3xx_hal_rcc.c **** /** @defgroup RCC_Private_Macros RCC Private Macros
ARM GAS  /tmp/cccxcDip.s 			page 3


  88:Inc/STM32F3xx_HAL_Driver/Src/stm32f3xx_hal_rcc.c ****   * @{
  89:Inc/STM32F3xx_HAL_Driver/Src/stm32f3xx_hal_rcc.c ****   */
  90:Inc/STM32F3xx_HAL_Driver/Src/stm32f3xx_hal_rcc.c **** 
  91:Inc/STM32F3xx_HAL_Driver/Src/stm32f3xx_hal_rcc.c **** #define MCO1_CLK_ENABLE()     __HAL_RCC_GPIOA_CLK_ENABLE()
  92:Inc/STM32F3xx_HAL_Driver/Src/stm32f3xx_hal_rcc.c **** #define MCO1_GPIO_PORT        GPIOA
  93:Inc/STM32F3xx_HAL_Driver/Src/stm32f3xx_hal_rcc.c **** #define MCO1_PIN              GPIO_PIN_8
  94:Inc/STM32F3xx_HAL_Driver/Src/stm32f3xx_hal_rcc.c **** 
  95:Inc/STM32F3xx_HAL_Driver/Src/stm32f3xx_hal_rcc.c **** /**
  96:Inc/STM32F3xx_HAL_Driver/Src/stm32f3xx_hal_rcc.c ****   * @}
  97:Inc/STM32F3xx_HAL_Driver/Src/stm32f3xx_hal_rcc.c ****   */
  98:Inc/STM32F3xx_HAL_Driver/Src/stm32f3xx_hal_rcc.c **** 
  99:Inc/STM32F3xx_HAL_Driver/Src/stm32f3xx_hal_rcc.c **** /* Private variables ---------------------------------------------------------*/
 100:Inc/STM32F3xx_HAL_Driver/Src/stm32f3xx_hal_rcc.c **** /** @defgroup RCC_Private_Variables RCC Private Variables
 101:Inc/STM32F3xx_HAL_Driver/Src/stm32f3xx_hal_rcc.c ****   * @{
 102:Inc/STM32F3xx_HAL_Driver/Src/stm32f3xx_hal_rcc.c ****   */
 103:Inc/STM32F3xx_HAL_Driver/Src/stm32f3xx_hal_rcc.c **** static const uint8_t aPLLMULFactorTable[16U] = { 2U,  3U,  4U,  5U,  6U,  7U,  8U,  9U,
 104:Inc/STM32F3xx_HAL_Driver/Src/stm32f3xx_hal_rcc.c ****                                                  10U, 11U, 12U, 13U, 14U, 15U, 16U, 16U};
 105:Inc/STM32F3xx_HAL_Driver/Src/stm32f3xx_hal_rcc.c **** static const uint8_t aPredivFactorTable[16U] = { 1U, 2U,  3U,  4U,  5U,  6U,  7U,  8U,
 106:Inc/STM32F3xx_HAL_Driver/Src/stm32f3xx_hal_rcc.c ****                                                  9U,10U, 11U, 12U, 13U, 14U, 15U, 16U};
 107:Inc/STM32F3xx_HAL_Driver/Src/stm32f3xx_hal_rcc.c **** /**
 108:Inc/STM32F3xx_HAL_Driver/Src/stm32f3xx_hal_rcc.c ****   * @}
 109:Inc/STM32F3xx_HAL_Driver/Src/stm32f3xx_hal_rcc.c ****   */
 110:Inc/STM32F3xx_HAL_Driver/Src/stm32f3xx_hal_rcc.c **** 
 111:Inc/STM32F3xx_HAL_Driver/Src/stm32f3xx_hal_rcc.c **** /* Private function prototypes -----------------------------------------------*/
 112:Inc/STM32F3xx_HAL_Driver/Src/stm32f3xx_hal_rcc.c **** /* Exported functions ---------------------------------------------------------*/
 113:Inc/STM32F3xx_HAL_Driver/Src/stm32f3xx_hal_rcc.c **** 
 114:Inc/STM32F3xx_HAL_Driver/Src/stm32f3xx_hal_rcc.c **** /** @defgroup RCC_Exported_Functions RCC Exported Functions
 115:Inc/STM32F3xx_HAL_Driver/Src/stm32f3xx_hal_rcc.c ****   * @{
 116:Inc/STM32F3xx_HAL_Driver/Src/stm32f3xx_hal_rcc.c ****   */
 117:Inc/STM32F3xx_HAL_Driver/Src/stm32f3xx_hal_rcc.c **** 
 118:Inc/STM32F3xx_HAL_Driver/Src/stm32f3xx_hal_rcc.c **** /** @defgroup RCC_Exported_Functions_Group1 Initialization and de-initialization functions 
 119:Inc/STM32F3xx_HAL_Driver/Src/stm32f3xx_hal_rcc.c ****   *  @brief    Initialization and Configuration functions 
 120:Inc/STM32F3xx_HAL_Driver/Src/stm32f3xx_hal_rcc.c ****   *
 121:Inc/STM32F3xx_HAL_Driver/Src/stm32f3xx_hal_rcc.c ****   @verbatim    
 122:Inc/STM32F3xx_HAL_Driver/Src/stm32f3xx_hal_rcc.c ****   ===============================================================================
 123:Inc/STM32F3xx_HAL_Driver/Src/stm32f3xx_hal_rcc.c ****            ##### Initialization and de-initialization functions #####
 124:Inc/STM32F3xx_HAL_Driver/Src/stm32f3xx_hal_rcc.c ****   ===============================================================================
 125:Inc/STM32F3xx_HAL_Driver/Src/stm32f3xx_hal_rcc.c ****     [..]
 126:Inc/STM32F3xx_HAL_Driver/Src/stm32f3xx_hal_rcc.c ****       This section provides functions allowing to configure the internal/external oscillators
 127:Inc/STM32F3xx_HAL_Driver/Src/stm32f3xx_hal_rcc.c ****       (HSE, HSI, LSE, LSI, PLL, CSS and MCO) and the System buses clocks (SYSCLK, AHB, APB1
 128:Inc/STM32F3xx_HAL_Driver/Src/stm32f3xx_hal_rcc.c ****       and APB2).
 129:Inc/STM32F3xx_HAL_Driver/Src/stm32f3xx_hal_rcc.c **** 
 130:Inc/STM32F3xx_HAL_Driver/Src/stm32f3xx_hal_rcc.c ****     [..] Internal/external clock and PLL configuration
 131:Inc/STM32F3xx_HAL_Driver/Src/stm32f3xx_hal_rcc.c ****       (#) HSI (high-speed internal), 8 MHz factory-trimmed RC used directly or through
 132:Inc/STM32F3xx_HAL_Driver/Src/stm32f3xx_hal_rcc.c ****           the PLL as System clock source.
 133:Inc/STM32F3xx_HAL_Driver/Src/stm32f3xx_hal_rcc.c ****           The HSI clock can be used also to clock the USART and I2C peripherals.
 134:Inc/STM32F3xx_HAL_Driver/Src/stm32f3xx_hal_rcc.c **** 
 135:Inc/STM32F3xx_HAL_Driver/Src/stm32f3xx_hal_rcc.c ****       (#) LSI (low-speed internal), ~40 KHz low consumption RC used as IWDG and/or RTC
 136:Inc/STM32F3xx_HAL_Driver/Src/stm32f3xx_hal_rcc.c ****           clock source.
 137:Inc/STM32F3xx_HAL_Driver/Src/stm32f3xx_hal_rcc.c **** 
 138:Inc/STM32F3xx_HAL_Driver/Src/stm32f3xx_hal_rcc.c ****       (#) HSE (high-speed external), 4 to 32 MHz crystal oscillator used directly or
 139:Inc/STM32F3xx_HAL_Driver/Src/stm32f3xx_hal_rcc.c ****           through the PLL as System clock source. Can be used also as RTC clock source.
 140:Inc/STM32F3xx_HAL_Driver/Src/stm32f3xx_hal_rcc.c **** 
 141:Inc/STM32F3xx_HAL_Driver/Src/stm32f3xx_hal_rcc.c ****       (#) LSE (low-speed external), 32 KHz oscillator used as RTC clock source.   
 142:Inc/STM32F3xx_HAL_Driver/Src/stm32f3xx_hal_rcc.c **** 
 143:Inc/STM32F3xx_HAL_Driver/Src/stm32f3xx_hal_rcc.c ****       (#) PLL (clocked by HSI or HSE), featuring different output clocks:
 144:Inc/STM32F3xx_HAL_Driver/Src/stm32f3xx_hal_rcc.c ****         (++) The first output is used to generate the high speed system clock (up to 72 MHz)
ARM GAS  /tmp/cccxcDip.s 			page 4


 145:Inc/STM32F3xx_HAL_Driver/Src/stm32f3xx_hal_rcc.c ****         (++) The second output is used to generate the clock for the USB FS (48 MHz)
 146:Inc/STM32F3xx_HAL_Driver/Src/stm32f3xx_hal_rcc.c ****         (++) The third output may be used to generate the clock for the ADC peripherals (up to 72 M
 147:Inc/STM32F3xx_HAL_Driver/Src/stm32f3xx_hal_rcc.c ****         (++) The fourth output may be used to generate the clock for the TIM peripherals (144 MHz)
 148:Inc/STM32F3xx_HAL_Driver/Src/stm32f3xx_hal_rcc.c **** 
 149:Inc/STM32F3xx_HAL_Driver/Src/stm32f3xx_hal_rcc.c ****       (#) CSS (Clock security system), once enable using the macro __HAL_RCC_CSS_ENABLE()
 150:Inc/STM32F3xx_HAL_Driver/Src/stm32f3xx_hal_rcc.c ****           and if a HSE clock failure occurs(HSE used directly or through PLL as System 
 151:Inc/STM32F3xx_HAL_Driver/Src/stm32f3xx_hal_rcc.c ****           clock source), the System clocks automatically switched to HSI and an interrupt
 152:Inc/STM32F3xx_HAL_Driver/Src/stm32f3xx_hal_rcc.c ****           is generated if enabled. The interrupt is linked to the Cortex-M4 NMI 
 153:Inc/STM32F3xx_HAL_Driver/Src/stm32f3xx_hal_rcc.c ****           (Non-Maskable Interrupt) exception vector.   
 154:Inc/STM32F3xx_HAL_Driver/Src/stm32f3xx_hal_rcc.c **** 
 155:Inc/STM32F3xx_HAL_Driver/Src/stm32f3xx_hal_rcc.c ****       (#) MCO (microcontroller clock output), used to output SYSCLK, HSI, HSE, LSI, LSE or PLL
 156:Inc/STM32F3xx_HAL_Driver/Src/stm32f3xx_hal_rcc.c ****           clock (divided by 2) output on pin (such as PA8 pin).
 157:Inc/STM32F3xx_HAL_Driver/Src/stm32f3xx_hal_rcc.c **** 
 158:Inc/STM32F3xx_HAL_Driver/Src/stm32f3xx_hal_rcc.c ****     [..] System, AHB and APB buses clocks configuration
 159:Inc/STM32F3xx_HAL_Driver/Src/stm32f3xx_hal_rcc.c ****       (#) Several clock sources can be used to drive the System clock (SYSCLK): HSI,
 160:Inc/STM32F3xx_HAL_Driver/Src/stm32f3xx_hal_rcc.c ****           HSE and PLL.
 161:Inc/STM32F3xx_HAL_Driver/Src/stm32f3xx_hal_rcc.c ****           The AHB clock (HCLK) is derived from System clock through configurable
 162:Inc/STM32F3xx_HAL_Driver/Src/stm32f3xx_hal_rcc.c ****           prescaler and used to clock the CPU, memory and peripherals mapped
 163:Inc/STM32F3xx_HAL_Driver/Src/stm32f3xx_hal_rcc.c ****           on AHB bus (DMA, GPIO...). APB1 (PCLK1) and APB2 (PCLK2) clocks are derived
 164:Inc/STM32F3xx_HAL_Driver/Src/stm32f3xx_hal_rcc.c ****           from AHB clock through configurable prescalers and used to clock
 165:Inc/STM32F3xx_HAL_Driver/Src/stm32f3xx_hal_rcc.c ****           the peripherals mapped on these buses. You can use
 166:Inc/STM32F3xx_HAL_Driver/Src/stm32f3xx_hal_rcc.c ****           "HAL_RCC_GetSysClockFreq()" function to retrieve the frequencies of these clocks.
 167:Inc/STM32F3xx_HAL_Driver/Src/stm32f3xx_hal_rcc.c **** 
 168:Inc/STM32F3xx_HAL_Driver/Src/stm32f3xx_hal_rcc.c ****       (#) All the peripheral clocks are derived from the System clock (SYSCLK) except:
 169:Inc/STM32F3xx_HAL_Driver/Src/stm32f3xx_hal_rcc.c ****         (++) The FLASH program/erase clock  which is always HSI 8MHz clock.
 170:Inc/STM32F3xx_HAL_Driver/Src/stm32f3xx_hal_rcc.c ****         (++) The USB 48 MHz clock which is derived from the PLL VCO clock.
 171:Inc/STM32F3xx_HAL_Driver/Src/stm32f3xx_hal_rcc.c ****         (++) The USART clock which can be derived as well from HSI 8MHz, LSI or LSE.
 172:Inc/STM32F3xx_HAL_Driver/Src/stm32f3xx_hal_rcc.c ****         (++) The I2C clock which can be derived as well from HSI 8MHz clock.
 173:Inc/STM32F3xx_HAL_Driver/Src/stm32f3xx_hal_rcc.c ****         (++) The ADC clock which is derived from PLL output.
 174:Inc/STM32F3xx_HAL_Driver/Src/stm32f3xx_hal_rcc.c ****         (++) The RTC clock which is derived from the LSE, LSI or 1 MHz HSE_RTC
 175:Inc/STM32F3xx_HAL_Driver/Src/stm32f3xx_hal_rcc.c ****              (HSE divided by a programmable prescaler). The System clock (SYSCLK)
 176:Inc/STM32F3xx_HAL_Driver/Src/stm32f3xx_hal_rcc.c ****              frequency must be higher or equal to the RTC clock frequency.
 177:Inc/STM32F3xx_HAL_Driver/Src/stm32f3xx_hal_rcc.c ****         (++) IWDG clock which is always the LSI clock.
 178:Inc/STM32F3xx_HAL_Driver/Src/stm32f3xx_hal_rcc.c **** 
 179:Inc/STM32F3xx_HAL_Driver/Src/stm32f3xx_hal_rcc.c ****          (#) For the STM32F3xx devices, the maximum frequency of the SYSCLK, HCLK, PCLK1 and PCLK2 
 180:Inc/STM32F3xx_HAL_Driver/Src/stm32f3xx_hal_rcc.c ****              Depending on the SYSCLK frequency, the flash latency should be adapted accordingly.
 181:Inc/STM32F3xx_HAL_Driver/Src/stm32f3xx_hal_rcc.c **** 
 182:Inc/STM32F3xx_HAL_Driver/Src/stm32f3xx_hal_rcc.c ****          (#) After reset, the System clock source is the HSI (8 MHz) with 0 WS and
 183:Inc/STM32F3xx_HAL_Driver/Src/stm32f3xx_hal_rcc.c ****              prefetch is disabled.
 184:Inc/STM32F3xx_HAL_Driver/Src/stm32f3xx_hal_rcc.c ****   @endverbatim
 185:Inc/STM32F3xx_HAL_Driver/Src/stm32f3xx_hal_rcc.c ****   * @{
 186:Inc/STM32F3xx_HAL_Driver/Src/stm32f3xx_hal_rcc.c ****   */
 187:Inc/STM32F3xx_HAL_Driver/Src/stm32f3xx_hal_rcc.c ****   
 188:Inc/STM32F3xx_HAL_Driver/Src/stm32f3xx_hal_rcc.c **** /*
 189:Inc/STM32F3xx_HAL_Driver/Src/stm32f3xx_hal_rcc.c ****   Additional consideration on the SYSCLK based on Latency settings:
 190:Inc/STM32F3xx_HAL_Driver/Src/stm32f3xx_hal_rcc.c ****         +-----------------------------------------------+
 191:Inc/STM32F3xx_HAL_Driver/Src/stm32f3xx_hal_rcc.c ****         | Latency       | SYSCLK clock frequency (MHz)  |
 192:Inc/STM32F3xx_HAL_Driver/Src/stm32f3xx_hal_rcc.c ****         |---------------|-------------------------------|
 193:Inc/STM32F3xx_HAL_Driver/Src/stm32f3xx_hal_rcc.c ****         |0WS(1CPU cycle)|       0 < SYSCLK <= 24        |
 194:Inc/STM32F3xx_HAL_Driver/Src/stm32f3xx_hal_rcc.c ****         |---------------|-------------------------------|
 195:Inc/STM32F3xx_HAL_Driver/Src/stm32f3xx_hal_rcc.c ****         |1WS(2CPU cycle)|      24 < SYSCLK <= 48        |
 196:Inc/STM32F3xx_HAL_Driver/Src/stm32f3xx_hal_rcc.c ****         |---------------|-------------------------------|
 197:Inc/STM32F3xx_HAL_Driver/Src/stm32f3xx_hal_rcc.c ****         |2WS(3CPU cycle)|      48 < SYSCLK <= 72        |
 198:Inc/STM32F3xx_HAL_Driver/Src/stm32f3xx_hal_rcc.c ****         +-----------------------------------------------+
 199:Inc/STM32F3xx_HAL_Driver/Src/stm32f3xx_hal_rcc.c ****   */
 200:Inc/STM32F3xx_HAL_Driver/Src/stm32f3xx_hal_rcc.c **** 
 201:Inc/STM32F3xx_HAL_Driver/Src/stm32f3xx_hal_rcc.c **** /**
ARM GAS  /tmp/cccxcDip.s 			page 5


 202:Inc/STM32F3xx_HAL_Driver/Src/stm32f3xx_hal_rcc.c ****   * @brief  Resets the RCC clock configuration to the default reset state.
 203:Inc/STM32F3xx_HAL_Driver/Src/stm32f3xx_hal_rcc.c ****   * @note   The default reset state of the clock configuration is given below:
 204:Inc/STM32F3xx_HAL_Driver/Src/stm32f3xx_hal_rcc.c ****   *            - HSI ON and used as system clock source
 205:Inc/STM32F3xx_HAL_Driver/Src/stm32f3xx_hal_rcc.c ****   *            - HSE and PLL OFF
 206:Inc/STM32F3xx_HAL_Driver/Src/stm32f3xx_hal_rcc.c ****   *            - AHB, APB1 and APB2 prescaler set to 1.
 207:Inc/STM32F3xx_HAL_Driver/Src/stm32f3xx_hal_rcc.c ****   *            - CSS and MCO1 OFF
 208:Inc/STM32F3xx_HAL_Driver/Src/stm32f3xx_hal_rcc.c ****   *            - All interrupts disabled
 209:Inc/STM32F3xx_HAL_Driver/Src/stm32f3xx_hal_rcc.c ****   * @note   This function does not modify the configuration of the
 210:Inc/STM32F3xx_HAL_Driver/Src/stm32f3xx_hal_rcc.c ****   *            - Peripheral clocks
 211:Inc/STM32F3xx_HAL_Driver/Src/stm32f3xx_hal_rcc.c ****   *            - LSI, LSE and RTC clocks
 212:Inc/STM32F3xx_HAL_Driver/Src/stm32f3xx_hal_rcc.c ****   * @retval HAL status
 213:Inc/STM32F3xx_HAL_Driver/Src/stm32f3xx_hal_rcc.c ****   */
 214:Inc/STM32F3xx_HAL_Driver/Src/stm32f3xx_hal_rcc.c **** HAL_StatusTypeDef HAL_RCC_DeInit(void)
 215:Inc/STM32F3xx_HAL_Driver/Src/stm32f3xx_hal_rcc.c **** {
  29              		.loc 1 215 1 view -0
  30              		.cfi_startproc
  31              		@ args = 0, pretend = 0, frame = 0
  32              		@ frame_needed = 0, uses_anonymous_args = 0
  33 0000 38B5     		push	{r3, r4, r5, lr}
  34              		.cfi_def_cfa_offset 16
  35              		.cfi_offset 3, -16
  36              		.cfi_offset 4, -12
  37              		.cfi_offset 5, -8
  38              		.cfi_offset 14, -4
 216:Inc/STM32F3xx_HAL_Driver/Src/stm32f3xx_hal_rcc.c ****   uint32_t tickstart = 0;
  39              		.loc 1 216 3 view .LVU1
  40              	.LVL0:
 217:Inc/STM32F3xx_HAL_Driver/Src/stm32f3xx_hal_rcc.c **** 
 218:Inc/STM32F3xx_HAL_Driver/Src/stm32f3xx_hal_rcc.c ****   /* Set HSION bit */
 219:Inc/STM32F3xx_HAL_Driver/Src/stm32f3xx_hal_rcc.c ****   SET_BIT(RCC->CR, RCC_CR_HSION);
  41              		.loc 1 219 3 view .LVU2
  42 0002 364A     		ldr	r2, .L18
  43 0004 1368     		ldr	r3, [r2]
  44 0006 43F00103 		orr	r3, r3, #1
  45 000a 1360     		str	r3, [r2]
 220:Inc/STM32F3xx_HAL_Driver/Src/stm32f3xx_hal_rcc.c **** 
 221:Inc/STM32F3xx_HAL_Driver/Src/stm32f3xx_hal_rcc.c ****   /* Insure HSIRDY bit is set before writing default HSITRIM value */
 222:Inc/STM32F3xx_HAL_Driver/Src/stm32f3xx_hal_rcc.c ****   /* Get start tick */
 223:Inc/STM32F3xx_HAL_Driver/Src/stm32f3xx_hal_rcc.c ****   tickstart = HAL_GetTick();
  46              		.loc 1 223 3 view .LVU3
  47              		.loc 1 223 15 is_stmt 0 view .LVU4
  48 000c FFF7FEFF 		bl	HAL_GetTick
  49              	.LVL1:
  50 0010 0446     		mov	r4, r0
  51              	.LVL2:
 224:Inc/STM32F3xx_HAL_Driver/Src/stm32f3xx_hal_rcc.c **** 
 225:Inc/STM32F3xx_HAL_Driver/Src/stm32f3xx_hal_rcc.c ****   /* Wait till HSI is ready */
 226:Inc/STM32F3xx_HAL_Driver/Src/stm32f3xx_hal_rcc.c ****   while(READ_BIT(RCC->CR, RCC_CR_HSIRDY) == RESET)
  52              		.loc 1 226 3 is_stmt 1 view .LVU5
  53              	.L2:
  54              		.loc 1 226 42 view .LVU6
  55              		.loc 1 226 9 is_stmt 0 view .LVU7
  56 0012 324B     		ldr	r3, .L18
  57 0014 1B68     		ldr	r3, [r3]
  58              		.loc 1 226 42 view .LVU8
  59 0016 13F0020F 		tst	r3, #2
  60 001a 07D1     		bne	.L14
ARM GAS  /tmp/cccxcDip.s 			page 6


 227:Inc/STM32F3xx_HAL_Driver/Src/stm32f3xx_hal_rcc.c ****   {
 228:Inc/STM32F3xx_HAL_Driver/Src/stm32f3xx_hal_rcc.c ****     if((HAL_GetTick() - tickstart) > HSI_TIMEOUT_VALUE)
  61              		.loc 1 228 5 is_stmt 1 view .LVU9
  62              		.loc 1 228 9 is_stmt 0 view .LVU10
  63 001c FFF7FEFF 		bl	HAL_GetTick
  64              	.LVL3:
  65              		.loc 1 228 23 discriminator 1 view .LVU11
  66 0020 001B     		subs	r0, r0, r4
  67              		.loc 1 228 7 discriminator 1 view .LVU12
  68 0022 0228     		cmp	r0, #2
  69 0024 F5D9     		bls	.L2
 229:Inc/STM32F3xx_HAL_Driver/Src/stm32f3xx_hal_rcc.c ****     {
 230:Inc/STM32F3xx_HAL_Driver/Src/stm32f3xx_hal_rcc.c ****       return HAL_TIMEOUT;
  70              		.loc 1 230 14 view .LVU13
  71 0026 0324     		movs	r4, #3
  72              	.LVL4:
  73              	.L3:
 231:Inc/STM32F3xx_HAL_Driver/Src/stm32f3xx_hal_rcc.c ****     }
 232:Inc/STM32F3xx_HAL_Driver/Src/stm32f3xx_hal_rcc.c ****   }
 233:Inc/STM32F3xx_HAL_Driver/Src/stm32f3xx_hal_rcc.c **** 
 234:Inc/STM32F3xx_HAL_Driver/Src/stm32f3xx_hal_rcc.c ****   /* Set HSITRIM default value */
 235:Inc/STM32F3xx_HAL_Driver/Src/stm32f3xx_hal_rcc.c ****   MODIFY_REG(RCC->CR, RCC_CR_HSITRIM, RCC_CR_HSITRIM_4);
 236:Inc/STM32F3xx_HAL_Driver/Src/stm32f3xx_hal_rcc.c **** 
 237:Inc/STM32F3xx_HAL_Driver/Src/stm32f3xx_hal_rcc.c ****   /* Reset SW[1:0], HPRE[3:0], PPRE1[2:0], PPRE2[2:0] and MCOSEL[2:0] bits */
 238:Inc/STM32F3xx_HAL_Driver/Src/stm32f3xx_hal_rcc.c ****   CLEAR_BIT(RCC->CFGR, RCC_CFGR_SW | RCC_CFGR_HPRE | RCC_CFGR_PPRE1 | RCC_CFGR_PPRE2 | RCC_CFGR_MCO
 239:Inc/STM32F3xx_HAL_Driver/Src/stm32f3xx_hal_rcc.c **** 
 240:Inc/STM32F3xx_HAL_Driver/Src/stm32f3xx_hal_rcc.c ****   /* Insure HSI selected as system clock source */
 241:Inc/STM32F3xx_HAL_Driver/Src/stm32f3xx_hal_rcc.c ****   /* Get start tick */
 242:Inc/STM32F3xx_HAL_Driver/Src/stm32f3xx_hal_rcc.c ****   tickstart = HAL_GetTick();
 243:Inc/STM32F3xx_HAL_Driver/Src/stm32f3xx_hal_rcc.c **** 
 244:Inc/STM32F3xx_HAL_Driver/Src/stm32f3xx_hal_rcc.c ****   /* Wait till system clock source is ready */
 245:Inc/STM32F3xx_HAL_Driver/Src/stm32f3xx_hal_rcc.c ****   while(READ_BIT(RCC->CFGR, RCC_CFGR_SWS) != RCC_CFGR_SWS_HSI)
 246:Inc/STM32F3xx_HAL_Driver/Src/stm32f3xx_hal_rcc.c ****   {
 247:Inc/STM32F3xx_HAL_Driver/Src/stm32f3xx_hal_rcc.c ****     if((HAL_GetTick() - tickstart) > CLOCKSWITCH_TIMEOUT_VALUE)
 248:Inc/STM32F3xx_HAL_Driver/Src/stm32f3xx_hal_rcc.c ****     {
 249:Inc/STM32F3xx_HAL_Driver/Src/stm32f3xx_hal_rcc.c ****       return HAL_TIMEOUT;
 250:Inc/STM32F3xx_HAL_Driver/Src/stm32f3xx_hal_rcc.c ****     }
 251:Inc/STM32F3xx_HAL_Driver/Src/stm32f3xx_hal_rcc.c ****   }
 252:Inc/STM32F3xx_HAL_Driver/Src/stm32f3xx_hal_rcc.c **** 
 253:Inc/STM32F3xx_HAL_Driver/Src/stm32f3xx_hal_rcc.c ****   /* Update the SystemCoreClock global variable for HSI as system clock source */
 254:Inc/STM32F3xx_HAL_Driver/Src/stm32f3xx_hal_rcc.c ****   SystemCoreClock = HSI_VALUE;
 255:Inc/STM32F3xx_HAL_Driver/Src/stm32f3xx_hal_rcc.c **** 
 256:Inc/STM32F3xx_HAL_Driver/Src/stm32f3xx_hal_rcc.c ****   /* Configure the source of time base considering new system clock settings  */
 257:Inc/STM32F3xx_HAL_Driver/Src/stm32f3xx_hal_rcc.c ****   if(HAL_InitTick(uwTickPrio) != HAL_OK)
 258:Inc/STM32F3xx_HAL_Driver/Src/stm32f3xx_hal_rcc.c ****   {
 259:Inc/STM32F3xx_HAL_Driver/Src/stm32f3xx_hal_rcc.c ****     return HAL_ERROR;
 260:Inc/STM32F3xx_HAL_Driver/Src/stm32f3xx_hal_rcc.c ****   }
 261:Inc/STM32F3xx_HAL_Driver/Src/stm32f3xx_hal_rcc.c **** 
 262:Inc/STM32F3xx_HAL_Driver/Src/stm32f3xx_hal_rcc.c ****   /* Reset HSEON, CSSON, PLLON bits */
 263:Inc/STM32F3xx_HAL_Driver/Src/stm32f3xx_hal_rcc.c ****   CLEAR_BIT(RCC->CR, RCC_CR_PLLON | RCC_CR_CSSON | RCC_CR_HSEON);
 264:Inc/STM32F3xx_HAL_Driver/Src/stm32f3xx_hal_rcc.c **** 
 265:Inc/STM32F3xx_HAL_Driver/Src/stm32f3xx_hal_rcc.c ****   /* Reset HSEBYP bit */
 266:Inc/STM32F3xx_HAL_Driver/Src/stm32f3xx_hal_rcc.c ****   CLEAR_BIT(RCC->CR, RCC_CR_HSEBYP);
 267:Inc/STM32F3xx_HAL_Driver/Src/stm32f3xx_hal_rcc.c **** 
 268:Inc/STM32F3xx_HAL_Driver/Src/stm32f3xx_hal_rcc.c ****   /* Insure PLLRDY is reset */
 269:Inc/STM32F3xx_HAL_Driver/Src/stm32f3xx_hal_rcc.c ****   /* Get start tick */
 270:Inc/STM32F3xx_HAL_Driver/Src/stm32f3xx_hal_rcc.c ****   tickstart = HAL_GetTick();
ARM GAS  /tmp/cccxcDip.s 			page 7


 271:Inc/STM32F3xx_HAL_Driver/Src/stm32f3xx_hal_rcc.c ****   while(READ_BIT(RCC->CR, RCC_CR_PLLRDY) != 0U)
 272:Inc/STM32F3xx_HAL_Driver/Src/stm32f3xx_hal_rcc.c ****   {
 273:Inc/STM32F3xx_HAL_Driver/Src/stm32f3xx_hal_rcc.c ****     if((HAL_GetTick() - tickstart) > PLL_TIMEOUT_VALUE)
 274:Inc/STM32F3xx_HAL_Driver/Src/stm32f3xx_hal_rcc.c ****     {
 275:Inc/STM32F3xx_HAL_Driver/Src/stm32f3xx_hal_rcc.c ****       return HAL_TIMEOUT;
 276:Inc/STM32F3xx_HAL_Driver/Src/stm32f3xx_hal_rcc.c ****     }
 277:Inc/STM32F3xx_HAL_Driver/Src/stm32f3xx_hal_rcc.c ****   }
 278:Inc/STM32F3xx_HAL_Driver/Src/stm32f3xx_hal_rcc.c **** 
 279:Inc/STM32F3xx_HAL_Driver/Src/stm32f3xx_hal_rcc.c ****   /* Reset CFGR register */
 280:Inc/STM32F3xx_HAL_Driver/Src/stm32f3xx_hal_rcc.c ****   CLEAR_REG(RCC->CFGR);
 281:Inc/STM32F3xx_HAL_Driver/Src/stm32f3xx_hal_rcc.c **** 
 282:Inc/STM32F3xx_HAL_Driver/Src/stm32f3xx_hal_rcc.c ****   /* Reset CFGR2 register */
 283:Inc/STM32F3xx_HAL_Driver/Src/stm32f3xx_hal_rcc.c ****   CLEAR_REG(RCC->CFGR2);
 284:Inc/STM32F3xx_HAL_Driver/Src/stm32f3xx_hal_rcc.c **** 
 285:Inc/STM32F3xx_HAL_Driver/Src/stm32f3xx_hal_rcc.c ****   /* Reset CFGR3 register */
 286:Inc/STM32F3xx_HAL_Driver/Src/stm32f3xx_hal_rcc.c ****   CLEAR_REG(RCC->CFGR3);
 287:Inc/STM32F3xx_HAL_Driver/Src/stm32f3xx_hal_rcc.c **** 
 288:Inc/STM32F3xx_HAL_Driver/Src/stm32f3xx_hal_rcc.c ****   /* Clear all interrupt flags */
 289:Inc/STM32F3xx_HAL_Driver/Src/stm32f3xx_hal_rcc.c ****   SET_BIT(RCC->CIR, RCC_CIR_LSIRDYC | RCC_CIR_LSERDYC | RCC_CIR_HSIRDYC | RCC_CIR_HSERDYC | RCC_CIR
 290:Inc/STM32F3xx_HAL_Driver/Src/stm32f3xx_hal_rcc.c **** 
 291:Inc/STM32F3xx_HAL_Driver/Src/stm32f3xx_hal_rcc.c ****   /* Disable all interrupts */
 292:Inc/STM32F3xx_HAL_Driver/Src/stm32f3xx_hal_rcc.c ****   CLEAR_REG(RCC->CIR);
 293:Inc/STM32F3xx_HAL_Driver/Src/stm32f3xx_hal_rcc.c **** 
 294:Inc/STM32F3xx_HAL_Driver/Src/stm32f3xx_hal_rcc.c ****   /* Reset all CSR flags */
 295:Inc/STM32F3xx_HAL_Driver/Src/stm32f3xx_hal_rcc.c ****   __HAL_RCC_CLEAR_RESET_FLAGS();
 296:Inc/STM32F3xx_HAL_Driver/Src/stm32f3xx_hal_rcc.c **** 
 297:Inc/STM32F3xx_HAL_Driver/Src/stm32f3xx_hal_rcc.c ****   return HAL_OK;
 298:Inc/STM32F3xx_HAL_Driver/Src/stm32f3xx_hal_rcc.c **** }
  74              		.loc 1 298 1 view .LVU14
  75 0028 2046     		mov	r0, r4
  76 002a 38BD     		pop	{r3, r4, r5, pc}
  77              	.LVL5:
  78              	.L14:
 235:Inc/STM32F3xx_HAL_Driver/Src/stm32f3xx_hal_rcc.c **** 
  79              		.loc 1 235 3 is_stmt 1 view .LVU15
  80 002c 2B4A     		ldr	r2, .L18
  81 002e 1368     		ldr	r3, [r2]
  82 0030 23F0F803 		bic	r3, r3, #248
  83 0034 43F08003 		orr	r3, r3, #128
  84 0038 1360     		str	r3, [r2]
 238:Inc/STM32F3xx_HAL_Driver/Src/stm32f3xx_hal_rcc.c **** 
  85              		.loc 1 238 3 view .LVU16
  86 003a 5168     		ldr	r1, [r2, #4]
  87 003c 284B     		ldr	r3, .L18+4
  88 003e 0B40     		ands	r3, r3, r1
  89 0040 5360     		str	r3, [r2, #4]
 242:Inc/STM32F3xx_HAL_Driver/Src/stm32f3xx_hal_rcc.c **** 
  90              		.loc 1 242 3 view .LVU17
 242:Inc/STM32F3xx_HAL_Driver/Src/stm32f3xx_hal_rcc.c **** 
  91              		.loc 1 242 15 is_stmt 0 view .LVU18
  92 0042 FFF7FEFF 		bl	HAL_GetTick
  93              	.LVL6:
  94 0046 0446     		mov	r4, r0
  95              	.LVL7:
 245:Inc/STM32F3xx_HAL_Driver/Src/stm32f3xx_hal_rcc.c ****   {
  96              		.loc 1 245 3 is_stmt 1 view .LVU19
  97              	.L5:
ARM GAS  /tmp/cccxcDip.s 			page 8


 245:Inc/STM32F3xx_HAL_Driver/Src/stm32f3xx_hal_rcc.c ****   {
  98              		.loc 1 245 43 view .LVU20
 245:Inc/STM32F3xx_HAL_Driver/Src/stm32f3xx_hal_rcc.c ****   {
  99              		.loc 1 245 9 is_stmt 0 view .LVU21
 100 0048 244B     		ldr	r3, .L18
 101 004a 5B68     		ldr	r3, [r3, #4]
 245:Inc/STM32F3xx_HAL_Driver/Src/stm32f3xx_hal_rcc.c ****   {
 102              		.loc 1 245 43 view .LVU22
 103 004c 13F00C0F 		tst	r3, #12
 104 0050 08D0     		beq	.L15
 247:Inc/STM32F3xx_HAL_Driver/Src/stm32f3xx_hal_rcc.c ****     {
 105              		.loc 1 247 5 is_stmt 1 view .LVU23
 247:Inc/STM32F3xx_HAL_Driver/Src/stm32f3xx_hal_rcc.c ****     {
 106              		.loc 1 247 9 is_stmt 0 view .LVU24
 107 0052 FFF7FEFF 		bl	HAL_GetTick
 108              	.LVL8:
 247:Inc/STM32F3xx_HAL_Driver/Src/stm32f3xx_hal_rcc.c ****     {
 109              		.loc 1 247 23 discriminator 1 view .LVU25
 110 0056 001B     		subs	r0, r0, r4
 247:Inc/STM32F3xx_HAL_Driver/Src/stm32f3xx_hal_rcc.c ****     {
 111              		.loc 1 247 7 discriminator 1 view .LVU26
 112 0058 41F28833 		movw	r3, #5000
 113 005c 9842     		cmp	r0, r3
 114 005e F3D9     		bls	.L5
 249:Inc/STM32F3xx_HAL_Driver/Src/stm32f3xx_hal_rcc.c ****     }
 115              		.loc 1 249 14 view .LVU27
 116 0060 0324     		movs	r4, #3
 117              	.LVL9:
 249:Inc/STM32F3xx_HAL_Driver/Src/stm32f3xx_hal_rcc.c ****     }
 118              		.loc 1 249 14 view .LVU28
 119 0062 E1E7     		b	.L3
 120              	.LVL10:
 121              	.L15:
 254:Inc/STM32F3xx_HAL_Driver/Src/stm32f3xx_hal_rcc.c **** 
 122              		.loc 1 254 3 is_stmt 1 view .LVU29
 254:Inc/STM32F3xx_HAL_Driver/Src/stm32f3xx_hal_rcc.c **** 
 123              		.loc 1 254 19 is_stmt 0 view .LVU30
 124 0064 1F4B     		ldr	r3, .L18+8
 125 0066 204A     		ldr	r2, .L18+12
 126 0068 1A60     		str	r2, [r3]
 257:Inc/STM32F3xx_HAL_Driver/Src/stm32f3xx_hal_rcc.c ****   {
 127              		.loc 1 257 3 is_stmt 1 view .LVU31
 257:Inc/STM32F3xx_HAL_Driver/Src/stm32f3xx_hal_rcc.c ****   {
 128              		.loc 1 257 6 is_stmt 0 view .LVU32
 129 006a 204B     		ldr	r3, .L18+16
 130 006c 1868     		ldr	r0, [r3]
 131 006e FFF7FEFF 		bl	HAL_InitTick
 132              	.LVL11:
 257:Inc/STM32F3xx_HAL_Driver/Src/stm32f3xx_hal_rcc.c ****   {
 133              		.loc 1 257 5 discriminator 1 view .LVU33
 134 0072 0446     		mov	r4, r0
 135              	.LVL12:
 257:Inc/STM32F3xx_HAL_Driver/Src/stm32f3xx_hal_rcc.c ****   {
 136              		.loc 1 257 5 discriminator 1 view .LVU34
 137 0074 08B1     		cbz	r0, .L16
 259:Inc/STM32F3xx_HAL_Driver/Src/stm32f3xx_hal_rcc.c ****   }
 138              		.loc 1 259 12 view .LVU35
ARM GAS  /tmp/cccxcDip.s 			page 9


 139 0076 0124     		movs	r4, #1
 140 0078 D6E7     		b	.L3
 141              	.L16:
 263:Inc/STM32F3xx_HAL_Driver/Src/stm32f3xx_hal_rcc.c **** 
 142              		.loc 1 263 3 is_stmt 1 view .LVU36
 143 007a 184A     		ldr	r2, .L18
 144 007c 1368     		ldr	r3, [r2]
 145 007e 23F08473 		bic	r3, r3, #17301504
 146 0082 23F48033 		bic	r3, r3, #65536
 147 0086 1360     		str	r3, [r2]
 266:Inc/STM32F3xx_HAL_Driver/Src/stm32f3xx_hal_rcc.c **** 
 148              		.loc 1 266 3 view .LVU37
 149 0088 1368     		ldr	r3, [r2]
 150 008a 23F48023 		bic	r3, r3, #262144
 151 008e 1360     		str	r3, [r2]
 270:Inc/STM32F3xx_HAL_Driver/Src/stm32f3xx_hal_rcc.c ****   while(READ_BIT(RCC->CR, RCC_CR_PLLRDY) != 0U)
 152              		.loc 1 270 3 view .LVU38
 270:Inc/STM32F3xx_HAL_Driver/Src/stm32f3xx_hal_rcc.c ****   while(READ_BIT(RCC->CR, RCC_CR_PLLRDY) != 0U)
 153              		.loc 1 270 15 is_stmt 0 view .LVU39
 154 0090 FFF7FEFF 		bl	HAL_GetTick
 155              	.LVL13:
 156 0094 0546     		mov	r5, r0
 157              	.LVL14:
 271:Inc/STM32F3xx_HAL_Driver/Src/stm32f3xx_hal_rcc.c ****   {
 158              		.loc 1 271 3 is_stmt 1 view .LVU40
 159              	.L7:
 271:Inc/STM32F3xx_HAL_Driver/Src/stm32f3xx_hal_rcc.c ****   {
 160              		.loc 1 271 42 view .LVU41
 271:Inc/STM32F3xx_HAL_Driver/Src/stm32f3xx_hal_rcc.c ****   {
 161              		.loc 1 271 9 is_stmt 0 view .LVU42
 162 0096 114B     		ldr	r3, .L18
 163 0098 1B68     		ldr	r3, [r3]
 271:Inc/STM32F3xx_HAL_Driver/Src/stm32f3xx_hal_rcc.c ****   {
 164              		.loc 1 271 42 view .LVU43
 165 009a 13F0007F 		tst	r3, #33554432
 166 009e 06D0     		beq	.L17
 273:Inc/STM32F3xx_HAL_Driver/Src/stm32f3xx_hal_rcc.c ****     {
 167              		.loc 1 273 5 is_stmt 1 view .LVU44
 273:Inc/STM32F3xx_HAL_Driver/Src/stm32f3xx_hal_rcc.c ****     {
 168              		.loc 1 273 9 is_stmt 0 view .LVU45
 169 00a0 FFF7FEFF 		bl	HAL_GetTick
 170              	.LVL15:
 273:Inc/STM32F3xx_HAL_Driver/Src/stm32f3xx_hal_rcc.c ****     {
 171              		.loc 1 273 23 discriminator 1 view .LVU46
 172 00a4 401B     		subs	r0, r0, r5
 273:Inc/STM32F3xx_HAL_Driver/Src/stm32f3xx_hal_rcc.c ****     {
 173              		.loc 1 273 7 discriminator 1 view .LVU47
 174 00a6 0228     		cmp	r0, #2
 175 00a8 F5D9     		bls	.L7
 275:Inc/STM32F3xx_HAL_Driver/Src/stm32f3xx_hal_rcc.c ****     }
 176              		.loc 1 275 14 view .LVU48
 177 00aa 0324     		movs	r4, #3
 178 00ac BCE7     		b	.L3
 179              	.L17:
 280:Inc/STM32F3xx_HAL_Driver/Src/stm32f3xx_hal_rcc.c **** 
 180              		.loc 1 280 3 is_stmt 1 view .LVU49
 181 00ae 0B4B     		ldr	r3, .L18
ARM GAS  /tmp/cccxcDip.s 			page 10


 182 00b0 0022     		movs	r2, #0
 183 00b2 5A60     		str	r2, [r3, #4]
 283:Inc/STM32F3xx_HAL_Driver/Src/stm32f3xx_hal_rcc.c **** 
 184              		.loc 1 283 3 view .LVU50
 185 00b4 DA62     		str	r2, [r3, #44]
 286:Inc/STM32F3xx_HAL_Driver/Src/stm32f3xx_hal_rcc.c **** 
 186              		.loc 1 286 3 view .LVU51
 187 00b6 1A63     		str	r2, [r3, #48]
 289:Inc/STM32F3xx_HAL_Driver/Src/stm32f3xx_hal_rcc.c **** 
 188              		.loc 1 289 3 view .LVU52
 189 00b8 9968     		ldr	r1, [r3, #8]
 190 00ba 41F41F01 		orr	r1, r1, #10420224
 191 00be 9960     		str	r1, [r3, #8]
 292:Inc/STM32F3xx_HAL_Driver/Src/stm32f3xx_hal_rcc.c **** 
 192              		.loc 1 292 3 view .LVU53
 193 00c0 9A60     		str	r2, [r3, #8]
 295:Inc/STM32F3xx_HAL_Driver/Src/stm32f3xx_hal_rcc.c **** 
 194              		.loc 1 295 3 view .LVU54
 195              	.LVL16:
 196              	.LBB162:
 197              	.LBI162:
 198              		.file 2 "Inc/CMSIS/Core/Include/cmsis_gcc.h"
   1:Inc/CMSIS/Core/Include/cmsis_gcc.h **** /**************************************************************************//**
   2:Inc/CMSIS/Core/Include/cmsis_gcc.h ****  * @file     cmsis_gcc.h
   3:Inc/CMSIS/Core/Include/cmsis_gcc.h ****  * @brief    CMSIS compiler GCC header file
   4:Inc/CMSIS/Core/Include/cmsis_gcc.h ****  * @version  V5.0.4
   5:Inc/CMSIS/Core/Include/cmsis_gcc.h ****  * @date     09. April 2018
   6:Inc/CMSIS/Core/Include/cmsis_gcc.h ****  ******************************************************************************/
   7:Inc/CMSIS/Core/Include/cmsis_gcc.h **** /*
   8:Inc/CMSIS/Core/Include/cmsis_gcc.h ****  * Copyright (c) 2009-2018 Arm Limited. All rights reserved.
   9:Inc/CMSIS/Core/Include/cmsis_gcc.h ****  *
  10:Inc/CMSIS/Core/Include/cmsis_gcc.h ****  * SPDX-License-Identifier: Apache-2.0
  11:Inc/CMSIS/Core/Include/cmsis_gcc.h ****  *
  12:Inc/CMSIS/Core/Include/cmsis_gcc.h ****  * Licensed under the Apache License, Version 2.0 (the License); you may
  13:Inc/CMSIS/Core/Include/cmsis_gcc.h ****  * not use this file except in compliance with the License.
  14:Inc/CMSIS/Core/Include/cmsis_gcc.h ****  * You may obtain a copy of the License at
  15:Inc/CMSIS/Core/Include/cmsis_gcc.h ****  *
  16:Inc/CMSIS/Core/Include/cmsis_gcc.h ****  * www.apache.org/licenses/LICENSE-2.0
  17:Inc/CMSIS/Core/Include/cmsis_gcc.h ****  *
  18:Inc/CMSIS/Core/Include/cmsis_gcc.h ****  * Unless required by applicable law or agreed to in writing, software
  19:Inc/CMSIS/Core/Include/cmsis_gcc.h ****  * distributed under the License is distributed on an AS IS BASIS, WITHOUT
  20:Inc/CMSIS/Core/Include/cmsis_gcc.h ****  * WARRANTIES OR CONDITIONS OF ANY KIND, either express or implied.
  21:Inc/CMSIS/Core/Include/cmsis_gcc.h ****  * See the License for the specific language governing permissions and
  22:Inc/CMSIS/Core/Include/cmsis_gcc.h ****  * limitations under the License.
  23:Inc/CMSIS/Core/Include/cmsis_gcc.h ****  */
  24:Inc/CMSIS/Core/Include/cmsis_gcc.h **** 
  25:Inc/CMSIS/Core/Include/cmsis_gcc.h **** #ifndef __CMSIS_GCC_H
  26:Inc/CMSIS/Core/Include/cmsis_gcc.h **** #define __CMSIS_GCC_H
  27:Inc/CMSIS/Core/Include/cmsis_gcc.h **** 
  28:Inc/CMSIS/Core/Include/cmsis_gcc.h **** /* ignore some GCC warnings */
  29:Inc/CMSIS/Core/Include/cmsis_gcc.h **** #pragma GCC diagnostic push
  30:Inc/CMSIS/Core/Include/cmsis_gcc.h **** #pragma GCC diagnostic ignored "-Wsign-conversion"
  31:Inc/CMSIS/Core/Include/cmsis_gcc.h **** #pragma GCC diagnostic ignored "-Wconversion"
  32:Inc/CMSIS/Core/Include/cmsis_gcc.h **** #pragma GCC diagnostic ignored "-Wunused-parameter"
  33:Inc/CMSIS/Core/Include/cmsis_gcc.h **** 
  34:Inc/CMSIS/Core/Include/cmsis_gcc.h **** /* Fallback for __has_builtin */
  35:Inc/CMSIS/Core/Include/cmsis_gcc.h **** #ifndef __has_builtin
ARM GAS  /tmp/cccxcDip.s 			page 11


  36:Inc/CMSIS/Core/Include/cmsis_gcc.h ****   #define __has_builtin(x) (0)
  37:Inc/CMSIS/Core/Include/cmsis_gcc.h **** #endif
  38:Inc/CMSIS/Core/Include/cmsis_gcc.h **** 
  39:Inc/CMSIS/Core/Include/cmsis_gcc.h **** /* CMSIS compiler specific defines */
  40:Inc/CMSIS/Core/Include/cmsis_gcc.h **** #ifndef   __ASM
  41:Inc/CMSIS/Core/Include/cmsis_gcc.h ****   #define __ASM                                  __asm
  42:Inc/CMSIS/Core/Include/cmsis_gcc.h **** #endif
  43:Inc/CMSIS/Core/Include/cmsis_gcc.h **** #ifndef   __INLINE
  44:Inc/CMSIS/Core/Include/cmsis_gcc.h ****   #define __INLINE                               inline
  45:Inc/CMSIS/Core/Include/cmsis_gcc.h **** #endif
  46:Inc/CMSIS/Core/Include/cmsis_gcc.h **** #ifndef   __STATIC_INLINE
  47:Inc/CMSIS/Core/Include/cmsis_gcc.h ****   #define __STATIC_INLINE                        static inline
  48:Inc/CMSIS/Core/Include/cmsis_gcc.h **** #endif
  49:Inc/CMSIS/Core/Include/cmsis_gcc.h **** #ifndef   __STATIC_FORCEINLINE                 
  50:Inc/CMSIS/Core/Include/cmsis_gcc.h ****   #define __STATIC_FORCEINLINE                   __attribute__((always_inline)) static inline
  51:Inc/CMSIS/Core/Include/cmsis_gcc.h **** #endif                                           
  52:Inc/CMSIS/Core/Include/cmsis_gcc.h **** #ifndef   __NO_RETURN
  53:Inc/CMSIS/Core/Include/cmsis_gcc.h ****   #define __NO_RETURN                            __attribute__((__noreturn__))
  54:Inc/CMSIS/Core/Include/cmsis_gcc.h **** #endif
  55:Inc/CMSIS/Core/Include/cmsis_gcc.h **** #ifndef   __USED
  56:Inc/CMSIS/Core/Include/cmsis_gcc.h ****   #define __USED                                 __attribute__((used))
  57:Inc/CMSIS/Core/Include/cmsis_gcc.h **** #endif
  58:Inc/CMSIS/Core/Include/cmsis_gcc.h **** #ifndef   __WEAK
  59:Inc/CMSIS/Core/Include/cmsis_gcc.h ****   #define __WEAK                                 __attribute__((weak))
  60:Inc/CMSIS/Core/Include/cmsis_gcc.h **** #endif
  61:Inc/CMSIS/Core/Include/cmsis_gcc.h **** #ifndef   __PACKED
  62:Inc/CMSIS/Core/Include/cmsis_gcc.h ****   #define __PACKED                               __attribute__((packed, aligned(1)))
  63:Inc/CMSIS/Core/Include/cmsis_gcc.h **** #endif
  64:Inc/CMSIS/Core/Include/cmsis_gcc.h **** #ifndef   __PACKED_STRUCT
  65:Inc/CMSIS/Core/Include/cmsis_gcc.h ****   #define __PACKED_STRUCT                        struct __attribute__((packed, aligned(1)))
  66:Inc/CMSIS/Core/Include/cmsis_gcc.h **** #endif
  67:Inc/CMSIS/Core/Include/cmsis_gcc.h **** #ifndef   __PACKED_UNION
  68:Inc/CMSIS/Core/Include/cmsis_gcc.h ****   #define __PACKED_UNION                         union __attribute__((packed, aligned(1)))
  69:Inc/CMSIS/Core/Include/cmsis_gcc.h **** #endif
  70:Inc/CMSIS/Core/Include/cmsis_gcc.h **** #ifndef   __UNALIGNED_UINT32        /* deprecated */
  71:Inc/CMSIS/Core/Include/cmsis_gcc.h ****   #pragma GCC diagnostic push
  72:Inc/CMSIS/Core/Include/cmsis_gcc.h ****   #pragma GCC diagnostic ignored "-Wpacked"
  73:Inc/CMSIS/Core/Include/cmsis_gcc.h ****   #pragma GCC diagnostic ignored "-Wattributes"
  74:Inc/CMSIS/Core/Include/cmsis_gcc.h ****   struct __attribute__((packed)) T_UINT32 { uint32_t v; };
  75:Inc/CMSIS/Core/Include/cmsis_gcc.h ****   #pragma GCC diagnostic pop
  76:Inc/CMSIS/Core/Include/cmsis_gcc.h ****   #define __UNALIGNED_UINT32(x)                  (((struct T_UINT32 *)(x))->v)
  77:Inc/CMSIS/Core/Include/cmsis_gcc.h **** #endif
  78:Inc/CMSIS/Core/Include/cmsis_gcc.h **** #ifndef   __UNALIGNED_UINT16_WRITE
  79:Inc/CMSIS/Core/Include/cmsis_gcc.h ****   #pragma GCC diagnostic push
  80:Inc/CMSIS/Core/Include/cmsis_gcc.h ****   #pragma GCC diagnostic ignored "-Wpacked"
  81:Inc/CMSIS/Core/Include/cmsis_gcc.h ****   #pragma GCC diagnostic ignored "-Wattributes"
  82:Inc/CMSIS/Core/Include/cmsis_gcc.h ****   __PACKED_STRUCT T_UINT16_WRITE { uint16_t v; };
  83:Inc/CMSIS/Core/Include/cmsis_gcc.h ****   #pragma GCC diagnostic pop
  84:Inc/CMSIS/Core/Include/cmsis_gcc.h ****   #define __UNALIGNED_UINT16_WRITE(addr, val)    (void)((((struct T_UINT16_WRITE *)(void *)(addr))-
  85:Inc/CMSIS/Core/Include/cmsis_gcc.h **** #endif
  86:Inc/CMSIS/Core/Include/cmsis_gcc.h **** #ifndef   __UNALIGNED_UINT16_READ
  87:Inc/CMSIS/Core/Include/cmsis_gcc.h ****   #pragma GCC diagnostic push
  88:Inc/CMSIS/Core/Include/cmsis_gcc.h ****   #pragma GCC diagnostic ignored "-Wpacked"
  89:Inc/CMSIS/Core/Include/cmsis_gcc.h ****   #pragma GCC diagnostic ignored "-Wattributes"
  90:Inc/CMSIS/Core/Include/cmsis_gcc.h ****   __PACKED_STRUCT T_UINT16_READ { uint16_t v; };
  91:Inc/CMSIS/Core/Include/cmsis_gcc.h ****   #pragma GCC diagnostic pop
  92:Inc/CMSIS/Core/Include/cmsis_gcc.h ****   #define __UNALIGNED_UINT16_READ(addr)          (((const struct T_UINT16_READ *)(const void *)(add
ARM GAS  /tmp/cccxcDip.s 			page 12


  93:Inc/CMSIS/Core/Include/cmsis_gcc.h **** #endif
  94:Inc/CMSIS/Core/Include/cmsis_gcc.h **** #ifndef   __UNALIGNED_UINT32_WRITE
  95:Inc/CMSIS/Core/Include/cmsis_gcc.h ****   #pragma GCC diagnostic push
  96:Inc/CMSIS/Core/Include/cmsis_gcc.h ****   #pragma GCC diagnostic ignored "-Wpacked"
  97:Inc/CMSIS/Core/Include/cmsis_gcc.h ****   #pragma GCC diagnostic ignored "-Wattributes"
  98:Inc/CMSIS/Core/Include/cmsis_gcc.h ****   __PACKED_STRUCT T_UINT32_WRITE { uint32_t v; };
  99:Inc/CMSIS/Core/Include/cmsis_gcc.h ****   #pragma GCC diagnostic pop
 100:Inc/CMSIS/Core/Include/cmsis_gcc.h ****   #define __UNALIGNED_UINT32_WRITE(addr, val)    (void)((((struct T_UINT32_WRITE *)(void *)(addr))-
 101:Inc/CMSIS/Core/Include/cmsis_gcc.h **** #endif
 102:Inc/CMSIS/Core/Include/cmsis_gcc.h **** #ifndef   __UNALIGNED_UINT32_READ
 103:Inc/CMSIS/Core/Include/cmsis_gcc.h ****   #pragma GCC diagnostic push
 104:Inc/CMSIS/Core/Include/cmsis_gcc.h ****   #pragma GCC diagnostic ignored "-Wpacked"
 105:Inc/CMSIS/Core/Include/cmsis_gcc.h ****   #pragma GCC diagnostic ignored "-Wattributes"
 106:Inc/CMSIS/Core/Include/cmsis_gcc.h ****   __PACKED_STRUCT T_UINT32_READ { uint32_t v; };
 107:Inc/CMSIS/Core/Include/cmsis_gcc.h ****   #pragma GCC diagnostic pop
 108:Inc/CMSIS/Core/Include/cmsis_gcc.h ****   #define __UNALIGNED_UINT32_READ(addr)          (((const struct T_UINT32_READ *)(const void *)(add
 109:Inc/CMSIS/Core/Include/cmsis_gcc.h **** #endif
 110:Inc/CMSIS/Core/Include/cmsis_gcc.h **** #ifndef   __ALIGNED
 111:Inc/CMSIS/Core/Include/cmsis_gcc.h ****   #define __ALIGNED(x)                           __attribute__((aligned(x)))
 112:Inc/CMSIS/Core/Include/cmsis_gcc.h **** #endif
 113:Inc/CMSIS/Core/Include/cmsis_gcc.h **** #ifndef   __RESTRICT
 114:Inc/CMSIS/Core/Include/cmsis_gcc.h ****   #define __RESTRICT                             __restrict
 115:Inc/CMSIS/Core/Include/cmsis_gcc.h **** #endif
 116:Inc/CMSIS/Core/Include/cmsis_gcc.h **** 
 117:Inc/CMSIS/Core/Include/cmsis_gcc.h **** 
 118:Inc/CMSIS/Core/Include/cmsis_gcc.h **** /* ###########################  Core Function Access  ########################### */
 119:Inc/CMSIS/Core/Include/cmsis_gcc.h **** /** \ingroup  CMSIS_Core_FunctionInterface
 120:Inc/CMSIS/Core/Include/cmsis_gcc.h ****     \defgroup CMSIS_Core_RegAccFunctions CMSIS Core Register Access Functions
 121:Inc/CMSIS/Core/Include/cmsis_gcc.h ****   @{
 122:Inc/CMSIS/Core/Include/cmsis_gcc.h ****  */
 123:Inc/CMSIS/Core/Include/cmsis_gcc.h **** 
 124:Inc/CMSIS/Core/Include/cmsis_gcc.h **** /**
 125:Inc/CMSIS/Core/Include/cmsis_gcc.h ****   \brief   Enable IRQ Interrupts
 126:Inc/CMSIS/Core/Include/cmsis_gcc.h ****   \details Enables IRQ interrupts by clearing the I-bit in the CPSR.
 127:Inc/CMSIS/Core/Include/cmsis_gcc.h ****            Can only be executed in Privileged modes.
 128:Inc/CMSIS/Core/Include/cmsis_gcc.h ****  */
 129:Inc/CMSIS/Core/Include/cmsis_gcc.h **** __STATIC_FORCEINLINE void __enable_irq(void)
 130:Inc/CMSIS/Core/Include/cmsis_gcc.h **** {
 131:Inc/CMSIS/Core/Include/cmsis_gcc.h ****   __ASM volatile ("cpsie i" : : : "memory");
 132:Inc/CMSIS/Core/Include/cmsis_gcc.h **** }
 133:Inc/CMSIS/Core/Include/cmsis_gcc.h **** 
 134:Inc/CMSIS/Core/Include/cmsis_gcc.h **** 
 135:Inc/CMSIS/Core/Include/cmsis_gcc.h **** /**
 136:Inc/CMSIS/Core/Include/cmsis_gcc.h ****   \brief   Disable IRQ Interrupts
 137:Inc/CMSIS/Core/Include/cmsis_gcc.h ****   \details Disables IRQ interrupts by setting the I-bit in the CPSR.
 138:Inc/CMSIS/Core/Include/cmsis_gcc.h ****            Can only be executed in Privileged modes.
 139:Inc/CMSIS/Core/Include/cmsis_gcc.h ****  */
 140:Inc/CMSIS/Core/Include/cmsis_gcc.h **** __STATIC_FORCEINLINE void __disable_irq(void)
 141:Inc/CMSIS/Core/Include/cmsis_gcc.h **** {
 142:Inc/CMSIS/Core/Include/cmsis_gcc.h ****   __ASM volatile ("cpsid i" : : : "memory");
 143:Inc/CMSIS/Core/Include/cmsis_gcc.h **** }
 144:Inc/CMSIS/Core/Include/cmsis_gcc.h **** 
 145:Inc/CMSIS/Core/Include/cmsis_gcc.h **** 
 146:Inc/CMSIS/Core/Include/cmsis_gcc.h **** /**
 147:Inc/CMSIS/Core/Include/cmsis_gcc.h ****   \brief   Get Control Register
 148:Inc/CMSIS/Core/Include/cmsis_gcc.h ****   \details Returns the content of the Control Register.
 149:Inc/CMSIS/Core/Include/cmsis_gcc.h ****   \return               Control Register value
ARM GAS  /tmp/cccxcDip.s 			page 13


 150:Inc/CMSIS/Core/Include/cmsis_gcc.h ****  */
 151:Inc/CMSIS/Core/Include/cmsis_gcc.h **** __STATIC_FORCEINLINE uint32_t __get_CONTROL(void)
 152:Inc/CMSIS/Core/Include/cmsis_gcc.h **** {
 153:Inc/CMSIS/Core/Include/cmsis_gcc.h ****   uint32_t result;
 154:Inc/CMSIS/Core/Include/cmsis_gcc.h **** 
 155:Inc/CMSIS/Core/Include/cmsis_gcc.h ****   __ASM volatile ("MRS %0, control" : "=r" (result) );
 156:Inc/CMSIS/Core/Include/cmsis_gcc.h ****   return(result);
 157:Inc/CMSIS/Core/Include/cmsis_gcc.h **** }
 158:Inc/CMSIS/Core/Include/cmsis_gcc.h **** 
 159:Inc/CMSIS/Core/Include/cmsis_gcc.h **** 
 160:Inc/CMSIS/Core/Include/cmsis_gcc.h **** #if (defined (__ARM_FEATURE_CMSE ) && (__ARM_FEATURE_CMSE == 3))
 161:Inc/CMSIS/Core/Include/cmsis_gcc.h **** /**
 162:Inc/CMSIS/Core/Include/cmsis_gcc.h ****   \brief   Get Control Register (non-secure)
 163:Inc/CMSIS/Core/Include/cmsis_gcc.h ****   \details Returns the content of the non-secure Control Register when in secure mode.
 164:Inc/CMSIS/Core/Include/cmsis_gcc.h ****   \return               non-secure Control Register value
 165:Inc/CMSIS/Core/Include/cmsis_gcc.h ****  */
 166:Inc/CMSIS/Core/Include/cmsis_gcc.h **** __STATIC_FORCEINLINE uint32_t __TZ_get_CONTROL_NS(void)
 167:Inc/CMSIS/Core/Include/cmsis_gcc.h **** {
 168:Inc/CMSIS/Core/Include/cmsis_gcc.h ****   uint32_t result;
 169:Inc/CMSIS/Core/Include/cmsis_gcc.h **** 
 170:Inc/CMSIS/Core/Include/cmsis_gcc.h ****   __ASM volatile ("MRS %0, control_ns" : "=r" (result) );
 171:Inc/CMSIS/Core/Include/cmsis_gcc.h ****   return(result);
 172:Inc/CMSIS/Core/Include/cmsis_gcc.h **** }
 173:Inc/CMSIS/Core/Include/cmsis_gcc.h **** #endif
 174:Inc/CMSIS/Core/Include/cmsis_gcc.h **** 
 175:Inc/CMSIS/Core/Include/cmsis_gcc.h **** 
 176:Inc/CMSIS/Core/Include/cmsis_gcc.h **** /**
 177:Inc/CMSIS/Core/Include/cmsis_gcc.h ****   \brief   Set Control Register
 178:Inc/CMSIS/Core/Include/cmsis_gcc.h ****   \details Writes the given value to the Control Register.
 179:Inc/CMSIS/Core/Include/cmsis_gcc.h ****   \param [in]    control  Control Register value to set
 180:Inc/CMSIS/Core/Include/cmsis_gcc.h ****  */
 181:Inc/CMSIS/Core/Include/cmsis_gcc.h **** __STATIC_FORCEINLINE void __set_CONTROL(uint32_t control)
 182:Inc/CMSIS/Core/Include/cmsis_gcc.h **** {
 183:Inc/CMSIS/Core/Include/cmsis_gcc.h ****   __ASM volatile ("MSR control, %0" : : "r" (control) : "memory");
 184:Inc/CMSIS/Core/Include/cmsis_gcc.h **** }
 185:Inc/CMSIS/Core/Include/cmsis_gcc.h **** 
 186:Inc/CMSIS/Core/Include/cmsis_gcc.h **** 
 187:Inc/CMSIS/Core/Include/cmsis_gcc.h **** #if (defined (__ARM_FEATURE_CMSE ) && (__ARM_FEATURE_CMSE == 3))
 188:Inc/CMSIS/Core/Include/cmsis_gcc.h **** /**
 189:Inc/CMSIS/Core/Include/cmsis_gcc.h ****   \brief   Set Control Register (non-secure)
 190:Inc/CMSIS/Core/Include/cmsis_gcc.h ****   \details Writes the given value to the non-secure Control Register when in secure state.
 191:Inc/CMSIS/Core/Include/cmsis_gcc.h ****   \param [in]    control  Control Register value to set
 192:Inc/CMSIS/Core/Include/cmsis_gcc.h ****  */
 193:Inc/CMSIS/Core/Include/cmsis_gcc.h **** __STATIC_FORCEINLINE void __TZ_set_CONTROL_NS(uint32_t control)
 194:Inc/CMSIS/Core/Include/cmsis_gcc.h **** {
 195:Inc/CMSIS/Core/Include/cmsis_gcc.h ****   __ASM volatile ("MSR control_ns, %0" : : "r" (control) : "memory");
 196:Inc/CMSIS/Core/Include/cmsis_gcc.h **** }
 197:Inc/CMSIS/Core/Include/cmsis_gcc.h **** #endif
 198:Inc/CMSIS/Core/Include/cmsis_gcc.h **** 
 199:Inc/CMSIS/Core/Include/cmsis_gcc.h **** 
 200:Inc/CMSIS/Core/Include/cmsis_gcc.h **** /**
 201:Inc/CMSIS/Core/Include/cmsis_gcc.h ****   \brief   Get IPSR Register
 202:Inc/CMSIS/Core/Include/cmsis_gcc.h ****   \details Returns the content of the IPSR Register.
 203:Inc/CMSIS/Core/Include/cmsis_gcc.h ****   \return               IPSR Register value
 204:Inc/CMSIS/Core/Include/cmsis_gcc.h ****  */
 205:Inc/CMSIS/Core/Include/cmsis_gcc.h **** __STATIC_FORCEINLINE uint32_t __get_IPSR(void)
 206:Inc/CMSIS/Core/Include/cmsis_gcc.h **** {
ARM GAS  /tmp/cccxcDip.s 			page 14


 207:Inc/CMSIS/Core/Include/cmsis_gcc.h ****   uint32_t result;
 208:Inc/CMSIS/Core/Include/cmsis_gcc.h **** 
 209:Inc/CMSIS/Core/Include/cmsis_gcc.h ****   __ASM volatile ("MRS %0, ipsr" : "=r" (result) );
 210:Inc/CMSIS/Core/Include/cmsis_gcc.h ****   return(result);
 211:Inc/CMSIS/Core/Include/cmsis_gcc.h **** }
 212:Inc/CMSIS/Core/Include/cmsis_gcc.h **** 
 213:Inc/CMSIS/Core/Include/cmsis_gcc.h **** 
 214:Inc/CMSIS/Core/Include/cmsis_gcc.h **** /**
 215:Inc/CMSIS/Core/Include/cmsis_gcc.h ****   \brief   Get APSR Register
 216:Inc/CMSIS/Core/Include/cmsis_gcc.h ****   \details Returns the content of the APSR Register.
 217:Inc/CMSIS/Core/Include/cmsis_gcc.h ****   \return               APSR Register value
 218:Inc/CMSIS/Core/Include/cmsis_gcc.h ****  */
 219:Inc/CMSIS/Core/Include/cmsis_gcc.h **** __STATIC_FORCEINLINE uint32_t __get_APSR(void)
 220:Inc/CMSIS/Core/Include/cmsis_gcc.h **** {
 221:Inc/CMSIS/Core/Include/cmsis_gcc.h ****   uint32_t result;
 222:Inc/CMSIS/Core/Include/cmsis_gcc.h **** 
 223:Inc/CMSIS/Core/Include/cmsis_gcc.h ****   __ASM volatile ("MRS %0, apsr" : "=r" (result) );
 224:Inc/CMSIS/Core/Include/cmsis_gcc.h ****   return(result);
 225:Inc/CMSIS/Core/Include/cmsis_gcc.h **** }
 226:Inc/CMSIS/Core/Include/cmsis_gcc.h **** 
 227:Inc/CMSIS/Core/Include/cmsis_gcc.h **** 
 228:Inc/CMSIS/Core/Include/cmsis_gcc.h **** /**
 229:Inc/CMSIS/Core/Include/cmsis_gcc.h ****   \brief   Get xPSR Register
 230:Inc/CMSIS/Core/Include/cmsis_gcc.h ****   \details Returns the content of the xPSR Register.
 231:Inc/CMSIS/Core/Include/cmsis_gcc.h ****   \return               xPSR Register value
 232:Inc/CMSIS/Core/Include/cmsis_gcc.h ****  */
 233:Inc/CMSIS/Core/Include/cmsis_gcc.h **** __STATIC_FORCEINLINE uint32_t __get_xPSR(void)
 234:Inc/CMSIS/Core/Include/cmsis_gcc.h **** {
 235:Inc/CMSIS/Core/Include/cmsis_gcc.h ****   uint32_t result;
 236:Inc/CMSIS/Core/Include/cmsis_gcc.h **** 
 237:Inc/CMSIS/Core/Include/cmsis_gcc.h ****   __ASM volatile ("MRS %0, xpsr" : "=r" (result) );
 238:Inc/CMSIS/Core/Include/cmsis_gcc.h ****   return(result);
 239:Inc/CMSIS/Core/Include/cmsis_gcc.h **** }
 240:Inc/CMSIS/Core/Include/cmsis_gcc.h **** 
 241:Inc/CMSIS/Core/Include/cmsis_gcc.h **** 
 242:Inc/CMSIS/Core/Include/cmsis_gcc.h **** /**
 243:Inc/CMSIS/Core/Include/cmsis_gcc.h ****   \brief   Get Process Stack Pointer
 244:Inc/CMSIS/Core/Include/cmsis_gcc.h ****   \details Returns the current value of the Process Stack Pointer (PSP).
 245:Inc/CMSIS/Core/Include/cmsis_gcc.h ****   \return               PSP Register value
 246:Inc/CMSIS/Core/Include/cmsis_gcc.h ****  */
 247:Inc/CMSIS/Core/Include/cmsis_gcc.h **** __STATIC_FORCEINLINE uint32_t __get_PSP(void)
 248:Inc/CMSIS/Core/Include/cmsis_gcc.h **** {
 249:Inc/CMSIS/Core/Include/cmsis_gcc.h ****   uint32_t result;
 250:Inc/CMSIS/Core/Include/cmsis_gcc.h **** 
 251:Inc/CMSIS/Core/Include/cmsis_gcc.h ****   __ASM volatile ("MRS %0, psp"  : "=r" (result) );
 252:Inc/CMSIS/Core/Include/cmsis_gcc.h ****   return(result);
 253:Inc/CMSIS/Core/Include/cmsis_gcc.h **** }
 254:Inc/CMSIS/Core/Include/cmsis_gcc.h **** 
 255:Inc/CMSIS/Core/Include/cmsis_gcc.h **** 
 256:Inc/CMSIS/Core/Include/cmsis_gcc.h **** #if (defined (__ARM_FEATURE_CMSE ) && (__ARM_FEATURE_CMSE == 3))
 257:Inc/CMSIS/Core/Include/cmsis_gcc.h **** /**
 258:Inc/CMSIS/Core/Include/cmsis_gcc.h ****   \brief   Get Process Stack Pointer (non-secure)
 259:Inc/CMSIS/Core/Include/cmsis_gcc.h ****   \details Returns the current value of the non-secure Process Stack Pointer (PSP) when in secure s
 260:Inc/CMSIS/Core/Include/cmsis_gcc.h ****   \return               PSP Register value
 261:Inc/CMSIS/Core/Include/cmsis_gcc.h ****  */
 262:Inc/CMSIS/Core/Include/cmsis_gcc.h **** __STATIC_FORCEINLINE uint32_t __TZ_get_PSP_NS(void)
 263:Inc/CMSIS/Core/Include/cmsis_gcc.h **** {
ARM GAS  /tmp/cccxcDip.s 			page 15


 264:Inc/CMSIS/Core/Include/cmsis_gcc.h ****   uint32_t result;
 265:Inc/CMSIS/Core/Include/cmsis_gcc.h **** 
 266:Inc/CMSIS/Core/Include/cmsis_gcc.h ****   __ASM volatile ("MRS %0, psp_ns"  : "=r" (result) );
 267:Inc/CMSIS/Core/Include/cmsis_gcc.h ****   return(result);
 268:Inc/CMSIS/Core/Include/cmsis_gcc.h **** }
 269:Inc/CMSIS/Core/Include/cmsis_gcc.h **** #endif
 270:Inc/CMSIS/Core/Include/cmsis_gcc.h **** 
 271:Inc/CMSIS/Core/Include/cmsis_gcc.h **** 
 272:Inc/CMSIS/Core/Include/cmsis_gcc.h **** /**
 273:Inc/CMSIS/Core/Include/cmsis_gcc.h ****   \brief   Set Process Stack Pointer
 274:Inc/CMSIS/Core/Include/cmsis_gcc.h ****   \details Assigns the given value to the Process Stack Pointer (PSP).
 275:Inc/CMSIS/Core/Include/cmsis_gcc.h ****   \param [in]    topOfProcStack  Process Stack Pointer value to set
 276:Inc/CMSIS/Core/Include/cmsis_gcc.h ****  */
 277:Inc/CMSIS/Core/Include/cmsis_gcc.h **** __STATIC_FORCEINLINE void __set_PSP(uint32_t topOfProcStack)
 278:Inc/CMSIS/Core/Include/cmsis_gcc.h **** {
 279:Inc/CMSIS/Core/Include/cmsis_gcc.h ****   __ASM volatile ("MSR psp, %0" : : "r" (topOfProcStack) : );
 280:Inc/CMSIS/Core/Include/cmsis_gcc.h **** }
 281:Inc/CMSIS/Core/Include/cmsis_gcc.h **** 
 282:Inc/CMSIS/Core/Include/cmsis_gcc.h **** 
 283:Inc/CMSIS/Core/Include/cmsis_gcc.h **** #if (defined (__ARM_FEATURE_CMSE ) && (__ARM_FEATURE_CMSE == 3))
 284:Inc/CMSIS/Core/Include/cmsis_gcc.h **** /**
 285:Inc/CMSIS/Core/Include/cmsis_gcc.h ****   \brief   Set Process Stack Pointer (non-secure)
 286:Inc/CMSIS/Core/Include/cmsis_gcc.h ****   \details Assigns the given value to the non-secure Process Stack Pointer (PSP) when in secure sta
 287:Inc/CMSIS/Core/Include/cmsis_gcc.h ****   \param [in]    topOfProcStack  Process Stack Pointer value to set
 288:Inc/CMSIS/Core/Include/cmsis_gcc.h ****  */
 289:Inc/CMSIS/Core/Include/cmsis_gcc.h **** __STATIC_FORCEINLINE void __TZ_set_PSP_NS(uint32_t topOfProcStack)
 290:Inc/CMSIS/Core/Include/cmsis_gcc.h **** {
 291:Inc/CMSIS/Core/Include/cmsis_gcc.h ****   __ASM volatile ("MSR psp_ns, %0" : : "r" (topOfProcStack) : );
 292:Inc/CMSIS/Core/Include/cmsis_gcc.h **** }
 293:Inc/CMSIS/Core/Include/cmsis_gcc.h **** #endif
 294:Inc/CMSIS/Core/Include/cmsis_gcc.h **** 
 295:Inc/CMSIS/Core/Include/cmsis_gcc.h **** 
 296:Inc/CMSIS/Core/Include/cmsis_gcc.h **** /**
 297:Inc/CMSIS/Core/Include/cmsis_gcc.h ****   \brief   Get Main Stack Pointer
 298:Inc/CMSIS/Core/Include/cmsis_gcc.h ****   \details Returns the current value of the Main Stack Pointer (MSP).
 299:Inc/CMSIS/Core/Include/cmsis_gcc.h ****   \return               MSP Register value
 300:Inc/CMSIS/Core/Include/cmsis_gcc.h ****  */
 301:Inc/CMSIS/Core/Include/cmsis_gcc.h **** __STATIC_FORCEINLINE uint32_t __get_MSP(void)
 302:Inc/CMSIS/Core/Include/cmsis_gcc.h **** {
 303:Inc/CMSIS/Core/Include/cmsis_gcc.h ****   uint32_t result;
 304:Inc/CMSIS/Core/Include/cmsis_gcc.h **** 
 305:Inc/CMSIS/Core/Include/cmsis_gcc.h ****   __ASM volatile ("MRS %0, msp" : "=r" (result) );
 306:Inc/CMSIS/Core/Include/cmsis_gcc.h ****   return(result);
 307:Inc/CMSIS/Core/Include/cmsis_gcc.h **** }
 308:Inc/CMSIS/Core/Include/cmsis_gcc.h **** 
 309:Inc/CMSIS/Core/Include/cmsis_gcc.h **** 
 310:Inc/CMSIS/Core/Include/cmsis_gcc.h **** #if (defined (__ARM_FEATURE_CMSE ) && (__ARM_FEATURE_CMSE == 3))
 311:Inc/CMSIS/Core/Include/cmsis_gcc.h **** /**
 312:Inc/CMSIS/Core/Include/cmsis_gcc.h ****   \brief   Get Main Stack Pointer (non-secure)
 313:Inc/CMSIS/Core/Include/cmsis_gcc.h ****   \details Returns the current value of the non-secure Main Stack Pointer (MSP) when in secure stat
 314:Inc/CMSIS/Core/Include/cmsis_gcc.h ****   \return               MSP Register value
 315:Inc/CMSIS/Core/Include/cmsis_gcc.h ****  */
 316:Inc/CMSIS/Core/Include/cmsis_gcc.h **** __STATIC_FORCEINLINE uint32_t __TZ_get_MSP_NS(void)
 317:Inc/CMSIS/Core/Include/cmsis_gcc.h **** {
 318:Inc/CMSIS/Core/Include/cmsis_gcc.h ****   uint32_t result;
 319:Inc/CMSIS/Core/Include/cmsis_gcc.h **** 
 320:Inc/CMSIS/Core/Include/cmsis_gcc.h ****   __ASM volatile ("MRS %0, msp_ns" : "=r" (result) );
ARM GAS  /tmp/cccxcDip.s 			page 16


 321:Inc/CMSIS/Core/Include/cmsis_gcc.h ****   return(result);
 322:Inc/CMSIS/Core/Include/cmsis_gcc.h **** }
 323:Inc/CMSIS/Core/Include/cmsis_gcc.h **** #endif
 324:Inc/CMSIS/Core/Include/cmsis_gcc.h **** 
 325:Inc/CMSIS/Core/Include/cmsis_gcc.h **** 
 326:Inc/CMSIS/Core/Include/cmsis_gcc.h **** /**
 327:Inc/CMSIS/Core/Include/cmsis_gcc.h ****   \brief   Set Main Stack Pointer
 328:Inc/CMSIS/Core/Include/cmsis_gcc.h ****   \details Assigns the given value to the Main Stack Pointer (MSP).
 329:Inc/CMSIS/Core/Include/cmsis_gcc.h ****   \param [in]    topOfMainStack  Main Stack Pointer value to set
 330:Inc/CMSIS/Core/Include/cmsis_gcc.h ****  */
 331:Inc/CMSIS/Core/Include/cmsis_gcc.h **** __STATIC_FORCEINLINE void __set_MSP(uint32_t topOfMainStack)
 332:Inc/CMSIS/Core/Include/cmsis_gcc.h **** {
 333:Inc/CMSIS/Core/Include/cmsis_gcc.h ****   __ASM volatile ("MSR msp, %0" : : "r" (topOfMainStack) : );
 334:Inc/CMSIS/Core/Include/cmsis_gcc.h **** }
 335:Inc/CMSIS/Core/Include/cmsis_gcc.h **** 
 336:Inc/CMSIS/Core/Include/cmsis_gcc.h **** 
 337:Inc/CMSIS/Core/Include/cmsis_gcc.h **** #if (defined (__ARM_FEATURE_CMSE ) && (__ARM_FEATURE_CMSE == 3))
 338:Inc/CMSIS/Core/Include/cmsis_gcc.h **** /**
 339:Inc/CMSIS/Core/Include/cmsis_gcc.h ****   \brief   Set Main Stack Pointer (non-secure)
 340:Inc/CMSIS/Core/Include/cmsis_gcc.h ****   \details Assigns the given value to the non-secure Main Stack Pointer (MSP) when in secure state.
 341:Inc/CMSIS/Core/Include/cmsis_gcc.h ****   \param [in]    topOfMainStack  Main Stack Pointer value to set
 342:Inc/CMSIS/Core/Include/cmsis_gcc.h ****  */
 343:Inc/CMSIS/Core/Include/cmsis_gcc.h **** __STATIC_FORCEINLINE void __TZ_set_MSP_NS(uint32_t topOfMainStack)
 344:Inc/CMSIS/Core/Include/cmsis_gcc.h **** {
 345:Inc/CMSIS/Core/Include/cmsis_gcc.h ****   __ASM volatile ("MSR msp_ns, %0" : : "r" (topOfMainStack) : );
 346:Inc/CMSIS/Core/Include/cmsis_gcc.h **** }
 347:Inc/CMSIS/Core/Include/cmsis_gcc.h **** #endif
 348:Inc/CMSIS/Core/Include/cmsis_gcc.h **** 
 349:Inc/CMSIS/Core/Include/cmsis_gcc.h **** 
 350:Inc/CMSIS/Core/Include/cmsis_gcc.h **** #if (defined (__ARM_FEATURE_CMSE ) && (__ARM_FEATURE_CMSE == 3))
 351:Inc/CMSIS/Core/Include/cmsis_gcc.h **** /**
 352:Inc/CMSIS/Core/Include/cmsis_gcc.h ****   \brief   Get Stack Pointer (non-secure)
 353:Inc/CMSIS/Core/Include/cmsis_gcc.h ****   \details Returns the current value of the non-secure Stack Pointer (SP) when in secure state.
 354:Inc/CMSIS/Core/Include/cmsis_gcc.h ****   \return               SP Register value
 355:Inc/CMSIS/Core/Include/cmsis_gcc.h ****  */
 356:Inc/CMSIS/Core/Include/cmsis_gcc.h **** __STATIC_FORCEINLINE uint32_t __TZ_get_SP_NS(void)
 357:Inc/CMSIS/Core/Include/cmsis_gcc.h **** {
 358:Inc/CMSIS/Core/Include/cmsis_gcc.h ****   uint32_t result;
 359:Inc/CMSIS/Core/Include/cmsis_gcc.h **** 
 360:Inc/CMSIS/Core/Include/cmsis_gcc.h ****   __ASM volatile ("MRS %0, sp_ns" : "=r" (result) );
 361:Inc/CMSIS/Core/Include/cmsis_gcc.h ****   return(result);
 362:Inc/CMSIS/Core/Include/cmsis_gcc.h **** }
 363:Inc/CMSIS/Core/Include/cmsis_gcc.h **** 
 364:Inc/CMSIS/Core/Include/cmsis_gcc.h **** 
 365:Inc/CMSIS/Core/Include/cmsis_gcc.h **** /**
 366:Inc/CMSIS/Core/Include/cmsis_gcc.h ****   \brief   Set Stack Pointer (non-secure)
 367:Inc/CMSIS/Core/Include/cmsis_gcc.h ****   \details Assigns the given value to the non-secure Stack Pointer (SP) when in secure state.
 368:Inc/CMSIS/Core/Include/cmsis_gcc.h ****   \param [in]    topOfStack  Stack Pointer value to set
 369:Inc/CMSIS/Core/Include/cmsis_gcc.h ****  */
 370:Inc/CMSIS/Core/Include/cmsis_gcc.h **** __STATIC_FORCEINLINE void __TZ_set_SP_NS(uint32_t topOfStack)
 371:Inc/CMSIS/Core/Include/cmsis_gcc.h **** {
 372:Inc/CMSIS/Core/Include/cmsis_gcc.h ****   __ASM volatile ("MSR sp_ns, %0" : : "r" (topOfStack) : );
 373:Inc/CMSIS/Core/Include/cmsis_gcc.h **** }
 374:Inc/CMSIS/Core/Include/cmsis_gcc.h **** #endif
 375:Inc/CMSIS/Core/Include/cmsis_gcc.h **** 
 376:Inc/CMSIS/Core/Include/cmsis_gcc.h **** 
 377:Inc/CMSIS/Core/Include/cmsis_gcc.h **** /**
ARM GAS  /tmp/cccxcDip.s 			page 17


 378:Inc/CMSIS/Core/Include/cmsis_gcc.h ****   \brief   Get Priority Mask
 379:Inc/CMSIS/Core/Include/cmsis_gcc.h ****   \details Returns the current state of the priority mask bit from the Priority Mask Register.
 380:Inc/CMSIS/Core/Include/cmsis_gcc.h ****   \return               Priority Mask value
 381:Inc/CMSIS/Core/Include/cmsis_gcc.h ****  */
 382:Inc/CMSIS/Core/Include/cmsis_gcc.h **** __STATIC_FORCEINLINE uint32_t __get_PRIMASK(void)
 383:Inc/CMSIS/Core/Include/cmsis_gcc.h **** {
 384:Inc/CMSIS/Core/Include/cmsis_gcc.h ****   uint32_t result;
 385:Inc/CMSIS/Core/Include/cmsis_gcc.h **** 
 386:Inc/CMSIS/Core/Include/cmsis_gcc.h ****   __ASM volatile ("MRS %0, primask" : "=r" (result) :: "memory");
 387:Inc/CMSIS/Core/Include/cmsis_gcc.h ****   return(result);
 388:Inc/CMSIS/Core/Include/cmsis_gcc.h **** }
 389:Inc/CMSIS/Core/Include/cmsis_gcc.h **** 
 390:Inc/CMSIS/Core/Include/cmsis_gcc.h **** 
 391:Inc/CMSIS/Core/Include/cmsis_gcc.h **** #if (defined (__ARM_FEATURE_CMSE ) && (__ARM_FEATURE_CMSE == 3))
 392:Inc/CMSIS/Core/Include/cmsis_gcc.h **** /**
 393:Inc/CMSIS/Core/Include/cmsis_gcc.h ****   \brief   Get Priority Mask (non-secure)
 394:Inc/CMSIS/Core/Include/cmsis_gcc.h ****   \details Returns the current state of the non-secure priority mask bit from the Priority Mask Reg
 395:Inc/CMSIS/Core/Include/cmsis_gcc.h ****   \return               Priority Mask value
 396:Inc/CMSIS/Core/Include/cmsis_gcc.h ****  */
 397:Inc/CMSIS/Core/Include/cmsis_gcc.h **** __STATIC_FORCEINLINE uint32_t __TZ_get_PRIMASK_NS(void)
 398:Inc/CMSIS/Core/Include/cmsis_gcc.h **** {
 399:Inc/CMSIS/Core/Include/cmsis_gcc.h ****   uint32_t result;
 400:Inc/CMSIS/Core/Include/cmsis_gcc.h **** 
 401:Inc/CMSIS/Core/Include/cmsis_gcc.h ****   __ASM volatile ("MRS %0, primask_ns" : "=r" (result) :: "memory");
 402:Inc/CMSIS/Core/Include/cmsis_gcc.h ****   return(result);
 403:Inc/CMSIS/Core/Include/cmsis_gcc.h **** }
 404:Inc/CMSIS/Core/Include/cmsis_gcc.h **** #endif
 405:Inc/CMSIS/Core/Include/cmsis_gcc.h **** 
 406:Inc/CMSIS/Core/Include/cmsis_gcc.h **** 
 407:Inc/CMSIS/Core/Include/cmsis_gcc.h **** /**
 408:Inc/CMSIS/Core/Include/cmsis_gcc.h ****   \brief   Set Priority Mask
 409:Inc/CMSIS/Core/Include/cmsis_gcc.h ****   \details Assigns the given value to the Priority Mask Register.
 410:Inc/CMSIS/Core/Include/cmsis_gcc.h ****   \param [in]    priMask  Priority Mask
 411:Inc/CMSIS/Core/Include/cmsis_gcc.h ****  */
 412:Inc/CMSIS/Core/Include/cmsis_gcc.h **** __STATIC_FORCEINLINE void __set_PRIMASK(uint32_t priMask)
 413:Inc/CMSIS/Core/Include/cmsis_gcc.h **** {
 414:Inc/CMSIS/Core/Include/cmsis_gcc.h ****   __ASM volatile ("MSR primask, %0" : : "r" (priMask) : "memory");
 415:Inc/CMSIS/Core/Include/cmsis_gcc.h **** }
 416:Inc/CMSIS/Core/Include/cmsis_gcc.h **** 
 417:Inc/CMSIS/Core/Include/cmsis_gcc.h **** 
 418:Inc/CMSIS/Core/Include/cmsis_gcc.h **** #if (defined (__ARM_FEATURE_CMSE ) && (__ARM_FEATURE_CMSE == 3))
 419:Inc/CMSIS/Core/Include/cmsis_gcc.h **** /**
 420:Inc/CMSIS/Core/Include/cmsis_gcc.h ****   \brief   Set Priority Mask (non-secure)
 421:Inc/CMSIS/Core/Include/cmsis_gcc.h ****   \details Assigns the given value to the non-secure Priority Mask Register when in secure state.
 422:Inc/CMSIS/Core/Include/cmsis_gcc.h ****   \param [in]    priMask  Priority Mask
 423:Inc/CMSIS/Core/Include/cmsis_gcc.h ****  */
 424:Inc/CMSIS/Core/Include/cmsis_gcc.h **** __STATIC_FORCEINLINE void __TZ_set_PRIMASK_NS(uint32_t priMask)
 425:Inc/CMSIS/Core/Include/cmsis_gcc.h **** {
 426:Inc/CMSIS/Core/Include/cmsis_gcc.h ****   __ASM volatile ("MSR primask_ns, %0" : : "r" (priMask) : "memory");
 427:Inc/CMSIS/Core/Include/cmsis_gcc.h **** }
 428:Inc/CMSIS/Core/Include/cmsis_gcc.h **** #endif
 429:Inc/CMSIS/Core/Include/cmsis_gcc.h **** 
 430:Inc/CMSIS/Core/Include/cmsis_gcc.h **** 
 431:Inc/CMSIS/Core/Include/cmsis_gcc.h **** #if ((defined (__ARM_ARCH_7M__      ) && (__ARM_ARCH_7M__      == 1)) || \
 432:Inc/CMSIS/Core/Include/cmsis_gcc.h ****      (defined (__ARM_ARCH_7EM__     ) && (__ARM_ARCH_7EM__     == 1)) || \
 433:Inc/CMSIS/Core/Include/cmsis_gcc.h ****      (defined (__ARM_ARCH_8M_MAIN__ ) && (__ARM_ARCH_8M_MAIN__ == 1))    )
 434:Inc/CMSIS/Core/Include/cmsis_gcc.h **** /**
ARM GAS  /tmp/cccxcDip.s 			page 18


 435:Inc/CMSIS/Core/Include/cmsis_gcc.h ****   \brief   Enable FIQ
 436:Inc/CMSIS/Core/Include/cmsis_gcc.h ****   \details Enables FIQ interrupts by clearing the F-bit in the CPSR.
 437:Inc/CMSIS/Core/Include/cmsis_gcc.h ****            Can only be executed in Privileged modes.
 438:Inc/CMSIS/Core/Include/cmsis_gcc.h ****  */
 439:Inc/CMSIS/Core/Include/cmsis_gcc.h **** __STATIC_FORCEINLINE void __enable_fault_irq(void)
 440:Inc/CMSIS/Core/Include/cmsis_gcc.h **** {
 441:Inc/CMSIS/Core/Include/cmsis_gcc.h ****   __ASM volatile ("cpsie f" : : : "memory");
 442:Inc/CMSIS/Core/Include/cmsis_gcc.h **** }
 443:Inc/CMSIS/Core/Include/cmsis_gcc.h **** 
 444:Inc/CMSIS/Core/Include/cmsis_gcc.h **** 
 445:Inc/CMSIS/Core/Include/cmsis_gcc.h **** /**
 446:Inc/CMSIS/Core/Include/cmsis_gcc.h ****   \brief   Disable FIQ
 447:Inc/CMSIS/Core/Include/cmsis_gcc.h ****   \details Disables FIQ interrupts by setting the F-bit in the CPSR.
 448:Inc/CMSIS/Core/Include/cmsis_gcc.h ****            Can only be executed in Privileged modes.
 449:Inc/CMSIS/Core/Include/cmsis_gcc.h ****  */
 450:Inc/CMSIS/Core/Include/cmsis_gcc.h **** __STATIC_FORCEINLINE void __disable_fault_irq(void)
 451:Inc/CMSIS/Core/Include/cmsis_gcc.h **** {
 452:Inc/CMSIS/Core/Include/cmsis_gcc.h ****   __ASM volatile ("cpsid f" : : : "memory");
 453:Inc/CMSIS/Core/Include/cmsis_gcc.h **** }
 454:Inc/CMSIS/Core/Include/cmsis_gcc.h **** 
 455:Inc/CMSIS/Core/Include/cmsis_gcc.h **** 
 456:Inc/CMSIS/Core/Include/cmsis_gcc.h **** /**
 457:Inc/CMSIS/Core/Include/cmsis_gcc.h ****   \brief   Get Base Priority
 458:Inc/CMSIS/Core/Include/cmsis_gcc.h ****   \details Returns the current value of the Base Priority register.
 459:Inc/CMSIS/Core/Include/cmsis_gcc.h ****   \return               Base Priority register value
 460:Inc/CMSIS/Core/Include/cmsis_gcc.h ****  */
 461:Inc/CMSIS/Core/Include/cmsis_gcc.h **** __STATIC_FORCEINLINE uint32_t __get_BASEPRI(void)
 462:Inc/CMSIS/Core/Include/cmsis_gcc.h **** {
 463:Inc/CMSIS/Core/Include/cmsis_gcc.h ****   uint32_t result;
 464:Inc/CMSIS/Core/Include/cmsis_gcc.h **** 
 465:Inc/CMSIS/Core/Include/cmsis_gcc.h ****   __ASM volatile ("MRS %0, basepri" : "=r" (result) );
 466:Inc/CMSIS/Core/Include/cmsis_gcc.h ****   return(result);
 467:Inc/CMSIS/Core/Include/cmsis_gcc.h **** }
 468:Inc/CMSIS/Core/Include/cmsis_gcc.h **** 
 469:Inc/CMSIS/Core/Include/cmsis_gcc.h **** 
 470:Inc/CMSIS/Core/Include/cmsis_gcc.h **** #if (defined (__ARM_FEATURE_CMSE ) && (__ARM_FEATURE_CMSE == 3))
 471:Inc/CMSIS/Core/Include/cmsis_gcc.h **** /**
 472:Inc/CMSIS/Core/Include/cmsis_gcc.h ****   \brief   Get Base Priority (non-secure)
 473:Inc/CMSIS/Core/Include/cmsis_gcc.h ****   \details Returns the current value of the non-secure Base Priority register when in secure state.
 474:Inc/CMSIS/Core/Include/cmsis_gcc.h ****   \return               Base Priority register value
 475:Inc/CMSIS/Core/Include/cmsis_gcc.h ****  */
 476:Inc/CMSIS/Core/Include/cmsis_gcc.h **** __STATIC_FORCEINLINE uint32_t __TZ_get_BASEPRI_NS(void)
 477:Inc/CMSIS/Core/Include/cmsis_gcc.h **** {
 478:Inc/CMSIS/Core/Include/cmsis_gcc.h ****   uint32_t result;
 479:Inc/CMSIS/Core/Include/cmsis_gcc.h **** 
 480:Inc/CMSIS/Core/Include/cmsis_gcc.h ****   __ASM volatile ("MRS %0, basepri_ns" : "=r" (result) );
 481:Inc/CMSIS/Core/Include/cmsis_gcc.h ****   return(result);
 482:Inc/CMSIS/Core/Include/cmsis_gcc.h **** }
 483:Inc/CMSIS/Core/Include/cmsis_gcc.h **** #endif
 484:Inc/CMSIS/Core/Include/cmsis_gcc.h **** 
 485:Inc/CMSIS/Core/Include/cmsis_gcc.h **** 
 486:Inc/CMSIS/Core/Include/cmsis_gcc.h **** /**
 487:Inc/CMSIS/Core/Include/cmsis_gcc.h ****   \brief   Set Base Priority
 488:Inc/CMSIS/Core/Include/cmsis_gcc.h ****   \details Assigns the given value to the Base Priority register.
 489:Inc/CMSIS/Core/Include/cmsis_gcc.h ****   \param [in]    basePri  Base Priority value to set
 490:Inc/CMSIS/Core/Include/cmsis_gcc.h ****  */
 491:Inc/CMSIS/Core/Include/cmsis_gcc.h **** __STATIC_FORCEINLINE void __set_BASEPRI(uint32_t basePri)
ARM GAS  /tmp/cccxcDip.s 			page 19


 492:Inc/CMSIS/Core/Include/cmsis_gcc.h **** {
 493:Inc/CMSIS/Core/Include/cmsis_gcc.h ****   __ASM volatile ("MSR basepri, %0" : : "r" (basePri) : "memory");
 494:Inc/CMSIS/Core/Include/cmsis_gcc.h **** }
 495:Inc/CMSIS/Core/Include/cmsis_gcc.h **** 
 496:Inc/CMSIS/Core/Include/cmsis_gcc.h **** 
 497:Inc/CMSIS/Core/Include/cmsis_gcc.h **** #if (defined (__ARM_FEATURE_CMSE ) && (__ARM_FEATURE_CMSE == 3))
 498:Inc/CMSIS/Core/Include/cmsis_gcc.h **** /**
 499:Inc/CMSIS/Core/Include/cmsis_gcc.h ****   \brief   Set Base Priority (non-secure)
 500:Inc/CMSIS/Core/Include/cmsis_gcc.h ****   \details Assigns the given value to the non-secure Base Priority register when in secure state.
 501:Inc/CMSIS/Core/Include/cmsis_gcc.h ****   \param [in]    basePri  Base Priority value to set
 502:Inc/CMSIS/Core/Include/cmsis_gcc.h ****  */
 503:Inc/CMSIS/Core/Include/cmsis_gcc.h **** __STATIC_FORCEINLINE void __TZ_set_BASEPRI_NS(uint32_t basePri)
 504:Inc/CMSIS/Core/Include/cmsis_gcc.h **** {
 505:Inc/CMSIS/Core/Include/cmsis_gcc.h ****   __ASM volatile ("MSR basepri_ns, %0" : : "r" (basePri) : "memory");
 506:Inc/CMSIS/Core/Include/cmsis_gcc.h **** }
 507:Inc/CMSIS/Core/Include/cmsis_gcc.h **** #endif
 508:Inc/CMSIS/Core/Include/cmsis_gcc.h **** 
 509:Inc/CMSIS/Core/Include/cmsis_gcc.h **** 
 510:Inc/CMSIS/Core/Include/cmsis_gcc.h **** /**
 511:Inc/CMSIS/Core/Include/cmsis_gcc.h ****   \brief   Set Base Priority with condition
 512:Inc/CMSIS/Core/Include/cmsis_gcc.h ****   \details Assigns the given value to the Base Priority register only if BASEPRI masking is disable
 513:Inc/CMSIS/Core/Include/cmsis_gcc.h ****            or the new value increases the BASEPRI priority level.
 514:Inc/CMSIS/Core/Include/cmsis_gcc.h ****   \param [in]    basePri  Base Priority value to set
 515:Inc/CMSIS/Core/Include/cmsis_gcc.h ****  */
 516:Inc/CMSIS/Core/Include/cmsis_gcc.h **** __STATIC_FORCEINLINE void __set_BASEPRI_MAX(uint32_t basePri)
 517:Inc/CMSIS/Core/Include/cmsis_gcc.h **** {
 518:Inc/CMSIS/Core/Include/cmsis_gcc.h ****   __ASM volatile ("MSR basepri_max, %0" : : "r" (basePri) : "memory");
 519:Inc/CMSIS/Core/Include/cmsis_gcc.h **** }
 520:Inc/CMSIS/Core/Include/cmsis_gcc.h **** 
 521:Inc/CMSIS/Core/Include/cmsis_gcc.h **** 
 522:Inc/CMSIS/Core/Include/cmsis_gcc.h **** /**
 523:Inc/CMSIS/Core/Include/cmsis_gcc.h ****   \brief   Get Fault Mask
 524:Inc/CMSIS/Core/Include/cmsis_gcc.h ****   \details Returns the current value of the Fault Mask register.
 525:Inc/CMSIS/Core/Include/cmsis_gcc.h ****   \return               Fault Mask register value
 526:Inc/CMSIS/Core/Include/cmsis_gcc.h ****  */
 527:Inc/CMSIS/Core/Include/cmsis_gcc.h **** __STATIC_FORCEINLINE uint32_t __get_FAULTMASK(void)
 528:Inc/CMSIS/Core/Include/cmsis_gcc.h **** {
 529:Inc/CMSIS/Core/Include/cmsis_gcc.h ****   uint32_t result;
 530:Inc/CMSIS/Core/Include/cmsis_gcc.h **** 
 531:Inc/CMSIS/Core/Include/cmsis_gcc.h ****   __ASM volatile ("MRS %0, faultmask" : "=r" (result) );
 532:Inc/CMSIS/Core/Include/cmsis_gcc.h ****   return(result);
 533:Inc/CMSIS/Core/Include/cmsis_gcc.h **** }
 534:Inc/CMSIS/Core/Include/cmsis_gcc.h **** 
 535:Inc/CMSIS/Core/Include/cmsis_gcc.h **** 
 536:Inc/CMSIS/Core/Include/cmsis_gcc.h **** #if (defined (__ARM_FEATURE_CMSE ) && (__ARM_FEATURE_CMSE == 3))
 537:Inc/CMSIS/Core/Include/cmsis_gcc.h **** /**
 538:Inc/CMSIS/Core/Include/cmsis_gcc.h ****   \brief   Get Fault Mask (non-secure)
 539:Inc/CMSIS/Core/Include/cmsis_gcc.h ****   \details Returns the current value of the non-secure Fault Mask register when in secure state.
 540:Inc/CMSIS/Core/Include/cmsis_gcc.h ****   \return               Fault Mask register value
 541:Inc/CMSIS/Core/Include/cmsis_gcc.h ****  */
 542:Inc/CMSIS/Core/Include/cmsis_gcc.h **** __STATIC_FORCEINLINE uint32_t __TZ_get_FAULTMASK_NS(void)
 543:Inc/CMSIS/Core/Include/cmsis_gcc.h **** {
 544:Inc/CMSIS/Core/Include/cmsis_gcc.h ****   uint32_t result;
 545:Inc/CMSIS/Core/Include/cmsis_gcc.h **** 
 546:Inc/CMSIS/Core/Include/cmsis_gcc.h ****   __ASM volatile ("MRS %0, faultmask_ns" : "=r" (result) );
 547:Inc/CMSIS/Core/Include/cmsis_gcc.h ****   return(result);
 548:Inc/CMSIS/Core/Include/cmsis_gcc.h **** }
ARM GAS  /tmp/cccxcDip.s 			page 20


 549:Inc/CMSIS/Core/Include/cmsis_gcc.h **** #endif
 550:Inc/CMSIS/Core/Include/cmsis_gcc.h **** 
 551:Inc/CMSIS/Core/Include/cmsis_gcc.h **** 
 552:Inc/CMSIS/Core/Include/cmsis_gcc.h **** /**
 553:Inc/CMSIS/Core/Include/cmsis_gcc.h ****   \brief   Set Fault Mask
 554:Inc/CMSIS/Core/Include/cmsis_gcc.h ****   \details Assigns the given value to the Fault Mask register.
 555:Inc/CMSIS/Core/Include/cmsis_gcc.h ****   \param [in]    faultMask  Fault Mask value to set
 556:Inc/CMSIS/Core/Include/cmsis_gcc.h ****  */
 557:Inc/CMSIS/Core/Include/cmsis_gcc.h **** __STATIC_FORCEINLINE void __set_FAULTMASK(uint32_t faultMask)
 558:Inc/CMSIS/Core/Include/cmsis_gcc.h **** {
 559:Inc/CMSIS/Core/Include/cmsis_gcc.h ****   __ASM volatile ("MSR faultmask, %0" : : "r" (faultMask) : "memory");
 560:Inc/CMSIS/Core/Include/cmsis_gcc.h **** }
 561:Inc/CMSIS/Core/Include/cmsis_gcc.h **** 
 562:Inc/CMSIS/Core/Include/cmsis_gcc.h **** 
 563:Inc/CMSIS/Core/Include/cmsis_gcc.h **** #if (defined (__ARM_FEATURE_CMSE ) && (__ARM_FEATURE_CMSE == 3))
 564:Inc/CMSIS/Core/Include/cmsis_gcc.h **** /**
 565:Inc/CMSIS/Core/Include/cmsis_gcc.h ****   \brief   Set Fault Mask (non-secure)
 566:Inc/CMSIS/Core/Include/cmsis_gcc.h ****   \details Assigns the given value to the non-secure Fault Mask register when in secure state.
 567:Inc/CMSIS/Core/Include/cmsis_gcc.h ****   \param [in]    faultMask  Fault Mask value to set
 568:Inc/CMSIS/Core/Include/cmsis_gcc.h ****  */
 569:Inc/CMSIS/Core/Include/cmsis_gcc.h **** __STATIC_FORCEINLINE void __TZ_set_FAULTMASK_NS(uint32_t faultMask)
 570:Inc/CMSIS/Core/Include/cmsis_gcc.h **** {
 571:Inc/CMSIS/Core/Include/cmsis_gcc.h ****   __ASM volatile ("MSR faultmask_ns, %0" : : "r" (faultMask) : "memory");
 572:Inc/CMSIS/Core/Include/cmsis_gcc.h **** }
 573:Inc/CMSIS/Core/Include/cmsis_gcc.h **** #endif
 574:Inc/CMSIS/Core/Include/cmsis_gcc.h **** 
 575:Inc/CMSIS/Core/Include/cmsis_gcc.h **** #endif /* ((defined (__ARM_ARCH_7M__      ) && (__ARM_ARCH_7M__      == 1)) || \
 576:Inc/CMSIS/Core/Include/cmsis_gcc.h ****            (defined (__ARM_ARCH_7EM__     ) && (__ARM_ARCH_7EM__     == 1)) || \
 577:Inc/CMSIS/Core/Include/cmsis_gcc.h ****            (defined (__ARM_ARCH_8M_MAIN__ ) && (__ARM_ARCH_8M_MAIN__ == 1))    ) */
 578:Inc/CMSIS/Core/Include/cmsis_gcc.h **** 
 579:Inc/CMSIS/Core/Include/cmsis_gcc.h **** 
 580:Inc/CMSIS/Core/Include/cmsis_gcc.h **** #if ((defined (__ARM_ARCH_8M_MAIN__ ) && (__ARM_ARCH_8M_MAIN__ == 1)) || \
 581:Inc/CMSIS/Core/Include/cmsis_gcc.h ****      (defined (__ARM_ARCH_8M_BASE__ ) && (__ARM_ARCH_8M_BASE__ == 1))    )
 582:Inc/CMSIS/Core/Include/cmsis_gcc.h **** 
 583:Inc/CMSIS/Core/Include/cmsis_gcc.h **** /**
 584:Inc/CMSIS/Core/Include/cmsis_gcc.h ****   \brief   Get Process Stack Pointer Limit
 585:Inc/CMSIS/Core/Include/cmsis_gcc.h ****   Devices without ARMv8-M Main Extensions (i.e. Cortex-M23) lack the non-secure
 586:Inc/CMSIS/Core/Include/cmsis_gcc.h ****   Stack Pointer Limit register hence zero is returned always in non-secure
 587:Inc/CMSIS/Core/Include/cmsis_gcc.h ****   mode.
 588:Inc/CMSIS/Core/Include/cmsis_gcc.h ****   
 589:Inc/CMSIS/Core/Include/cmsis_gcc.h ****   \details Returns the current value of the Process Stack Pointer Limit (PSPLIM).
 590:Inc/CMSIS/Core/Include/cmsis_gcc.h ****   \return               PSPLIM Register value
 591:Inc/CMSIS/Core/Include/cmsis_gcc.h ****  */
 592:Inc/CMSIS/Core/Include/cmsis_gcc.h **** __STATIC_FORCEINLINE uint32_t __get_PSPLIM(void)
 593:Inc/CMSIS/Core/Include/cmsis_gcc.h **** {
 594:Inc/CMSIS/Core/Include/cmsis_gcc.h **** #if (!(defined (__ARM_ARCH_8M_MAIN__ ) && (__ARM_ARCH_8M_MAIN__ == 1)) && \
 595:Inc/CMSIS/Core/Include/cmsis_gcc.h ****     (!defined (__ARM_FEATURE_CMSE) || (__ARM_FEATURE_CMSE < 3)))
 596:Inc/CMSIS/Core/Include/cmsis_gcc.h ****     // without main extensions, the non-secure PSPLIM is RAZ/WI
 597:Inc/CMSIS/Core/Include/cmsis_gcc.h ****   return 0U;
 598:Inc/CMSIS/Core/Include/cmsis_gcc.h **** #else
 599:Inc/CMSIS/Core/Include/cmsis_gcc.h ****   uint32_t result;
 600:Inc/CMSIS/Core/Include/cmsis_gcc.h ****   __ASM volatile ("MRS %0, psplim"  : "=r" (result) );
 601:Inc/CMSIS/Core/Include/cmsis_gcc.h ****   return result;
 602:Inc/CMSIS/Core/Include/cmsis_gcc.h **** #endif
 603:Inc/CMSIS/Core/Include/cmsis_gcc.h **** }
 604:Inc/CMSIS/Core/Include/cmsis_gcc.h **** 
 605:Inc/CMSIS/Core/Include/cmsis_gcc.h **** #if (defined (__ARM_FEATURE_CMSE) && (__ARM_FEATURE_CMSE == 3))
ARM GAS  /tmp/cccxcDip.s 			page 21


 606:Inc/CMSIS/Core/Include/cmsis_gcc.h **** /**
 607:Inc/CMSIS/Core/Include/cmsis_gcc.h ****   \brief   Get Process Stack Pointer Limit (non-secure)
 608:Inc/CMSIS/Core/Include/cmsis_gcc.h ****   Devices without ARMv8-M Main Extensions (i.e. Cortex-M23) lack the non-secure
 609:Inc/CMSIS/Core/Include/cmsis_gcc.h ****   Stack Pointer Limit register hence zero is returned always.
 610:Inc/CMSIS/Core/Include/cmsis_gcc.h **** 
 611:Inc/CMSIS/Core/Include/cmsis_gcc.h ****   \details Returns the current value of the non-secure Process Stack Pointer Limit (PSPLIM) when in
 612:Inc/CMSIS/Core/Include/cmsis_gcc.h ****   \return               PSPLIM Register value
 613:Inc/CMSIS/Core/Include/cmsis_gcc.h ****  */
 614:Inc/CMSIS/Core/Include/cmsis_gcc.h **** __STATIC_FORCEINLINE uint32_t __TZ_get_PSPLIM_NS(void)
 615:Inc/CMSIS/Core/Include/cmsis_gcc.h **** {
 616:Inc/CMSIS/Core/Include/cmsis_gcc.h **** #if (!(defined (__ARM_ARCH_8M_MAIN__ ) && (__ARM_ARCH_8M_MAIN__ == 1)))
 617:Inc/CMSIS/Core/Include/cmsis_gcc.h ****   // without main extensions, the non-secure PSPLIM is RAZ/WI
 618:Inc/CMSIS/Core/Include/cmsis_gcc.h ****   return 0U;
 619:Inc/CMSIS/Core/Include/cmsis_gcc.h **** #else
 620:Inc/CMSIS/Core/Include/cmsis_gcc.h ****   uint32_t result;
 621:Inc/CMSIS/Core/Include/cmsis_gcc.h ****   __ASM volatile ("MRS %0, psplim_ns"  : "=r" (result) );
 622:Inc/CMSIS/Core/Include/cmsis_gcc.h ****   return result;
 623:Inc/CMSIS/Core/Include/cmsis_gcc.h **** #endif
 624:Inc/CMSIS/Core/Include/cmsis_gcc.h **** }
 625:Inc/CMSIS/Core/Include/cmsis_gcc.h **** #endif
 626:Inc/CMSIS/Core/Include/cmsis_gcc.h **** 
 627:Inc/CMSIS/Core/Include/cmsis_gcc.h **** 
 628:Inc/CMSIS/Core/Include/cmsis_gcc.h **** /**
 629:Inc/CMSIS/Core/Include/cmsis_gcc.h ****   \brief   Set Process Stack Pointer Limit
 630:Inc/CMSIS/Core/Include/cmsis_gcc.h ****   Devices without ARMv8-M Main Extensions (i.e. Cortex-M23) lack the non-secure
 631:Inc/CMSIS/Core/Include/cmsis_gcc.h ****   Stack Pointer Limit register hence the write is silently ignored in non-secure
 632:Inc/CMSIS/Core/Include/cmsis_gcc.h ****   mode.
 633:Inc/CMSIS/Core/Include/cmsis_gcc.h ****   
 634:Inc/CMSIS/Core/Include/cmsis_gcc.h ****   \details Assigns the given value to the Process Stack Pointer Limit (PSPLIM).
 635:Inc/CMSIS/Core/Include/cmsis_gcc.h ****   \param [in]    ProcStackPtrLimit  Process Stack Pointer Limit value to set
 636:Inc/CMSIS/Core/Include/cmsis_gcc.h ****  */
 637:Inc/CMSIS/Core/Include/cmsis_gcc.h **** __STATIC_FORCEINLINE void __set_PSPLIM(uint32_t ProcStackPtrLimit)
 638:Inc/CMSIS/Core/Include/cmsis_gcc.h **** {
 639:Inc/CMSIS/Core/Include/cmsis_gcc.h **** #if (!(defined (__ARM_ARCH_8M_MAIN__ ) && (__ARM_ARCH_8M_MAIN__ == 1)) && \
 640:Inc/CMSIS/Core/Include/cmsis_gcc.h ****     (!defined (__ARM_FEATURE_CMSE) || (__ARM_FEATURE_CMSE < 3)))
 641:Inc/CMSIS/Core/Include/cmsis_gcc.h ****   // without main extensions, the non-secure PSPLIM is RAZ/WI
 642:Inc/CMSIS/Core/Include/cmsis_gcc.h ****   (void)ProcStackPtrLimit;
 643:Inc/CMSIS/Core/Include/cmsis_gcc.h **** #else
 644:Inc/CMSIS/Core/Include/cmsis_gcc.h ****   __ASM volatile ("MSR psplim, %0" : : "r" (ProcStackPtrLimit));
 645:Inc/CMSIS/Core/Include/cmsis_gcc.h **** #endif
 646:Inc/CMSIS/Core/Include/cmsis_gcc.h **** }
 647:Inc/CMSIS/Core/Include/cmsis_gcc.h **** 
 648:Inc/CMSIS/Core/Include/cmsis_gcc.h **** 
 649:Inc/CMSIS/Core/Include/cmsis_gcc.h **** #if (defined (__ARM_FEATURE_CMSE  ) && (__ARM_FEATURE_CMSE   == 3))
 650:Inc/CMSIS/Core/Include/cmsis_gcc.h **** /**
 651:Inc/CMSIS/Core/Include/cmsis_gcc.h ****   \brief   Set Process Stack Pointer (non-secure)
 652:Inc/CMSIS/Core/Include/cmsis_gcc.h ****   Devices without ARMv8-M Main Extensions (i.e. Cortex-M23) lack the non-secure
 653:Inc/CMSIS/Core/Include/cmsis_gcc.h ****   Stack Pointer Limit register hence the write is silently ignored.
 654:Inc/CMSIS/Core/Include/cmsis_gcc.h **** 
 655:Inc/CMSIS/Core/Include/cmsis_gcc.h ****   \details Assigns the given value to the non-secure Process Stack Pointer Limit (PSPLIM) when in s
 656:Inc/CMSIS/Core/Include/cmsis_gcc.h ****   \param [in]    ProcStackPtrLimit  Process Stack Pointer Limit value to set
 657:Inc/CMSIS/Core/Include/cmsis_gcc.h ****  */
 658:Inc/CMSIS/Core/Include/cmsis_gcc.h **** __STATIC_FORCEINLINE void __TZ_set_PSPLIM_NS(uint32_t ProcStackPtrLimit)
 659:Inc/CMSIS/Core/Include/cmsis_gcc.h **** {
 660:Inc/CMSIS/Core/Include/cmsis_gcc.h **** #if (!(defined (__ARM_ARCH_8M_MAIN__ ) && (__ARM_ARCH_8M_MAIN__ == 1)))
 661:Inc/CMSIS/Core/Include/cmsis_gcc.h ****   // without main extensions, the non-secure PSPLIM is RAZ/WI
 662:Inc/CMSIS/Core/Include/cmsis_gcc.h ****   (void)ProcStackPtrLimit;
ARM GAS  /tmp/cccxcDip.s 			page 22


 663:Inc/CMSIS/Core/Include/cmsis_gcc.h **** #else
 664:Inc/CMSIS/Core/Include/cmsis_gcc.h ****   __ASM volatile ("MSR psplim_ns, %0\n" : : "r" (ProcStackPtrLimit));
 665:Inc/CMSIS/Core/Include/cmsis_gcc.h **** #endif
 666:Inc/CMSIS/Core/Include/cmsis_gcc.h **** }
 667:Inc/CMSIS/Core/Include/cmsis_gcc.h **** #endif
 668:Inc/CMSIS/Core/Include/cmsis_gcc.h **** 
 669:Inc/CMSIS/Core/Include/cmsis_gcc.h **** 
 670:Inc/CMSIS/Core/Include/cmsis_gcc.h **** /**
 671:Inc/CMSIS/Core/Include/cmsis_gcc.h ****   \brief   Get Main Stack Pointer Limit
 672:Inc/CMSIS/Core/Include/cmsis_gcc.h ****   Devices without ARMv8-M Main Extensions (i.e. Cortex-M23) lack the non-secure
 673:Inc/CMSIS/Core/Include/cmsis_gcc.h ****   Stack Pointer Limit register hence zero is returned always in non-secure
 674:Inc/CMSIS/Core/Include/cmsis_gcc.h ****   mode.
 675:Inc/CMSIS/Core/Include/cmsis_gcc.h **** 
 676:Inc/CMSIS/Core/Include/cmsis_gcc.h ****   \details Returns the current value of the Main Stack Pointer Limit (MSPLIM).
 677:Inc/CMSIS/Core/Include/cmsis_gcc.h ****   \return               MSPLIM Register value
 678:Inc/CMSIS/Core/Include/cmsis_gcc.h ****  */
 679:Inc/CMSIS/Core/Include/cmsis_gcc.h **** __STATIC_FORCEINLINE uint32_t __get_MSPLIM(void)
 680:Inc/CMSIS/Core/Include/cmsis_gcc.h **** {
 681:Inc/CMSIS/Core/Include/cmsis_gcc.h **** #if (!(defined (__ARM_ARCH_8M_MAIN__ ) && (__ARM_ARCH_8M_MAIN__ == 1)) && \
 682:Inc/CMSIS/Core/Include/cmsis_gcc.h ****     (!defined (__ARM_FEATURE_CMSE) || (__ARM_FEATURE_CMSE < 3)))
 683:Inc/CMSIS/Core/Include/cmsis_gcc.h ****   // without main extensions, the non-secure MSPLIM is RAZ/WI
 684:Inc/CMSIS/Core/Include/cmsis_gcc.h ****   return 0U;
 685:Inc/CMSIS/Core/Include/cmsis_gcc.h **** #else
 686:Inc/CMSIS/Core/Include/cmsis_gcc.h ****   uint32_t result;
 687:Inc/CMSIS/Core/Include/cmsis_gcc.h ****   __ASM volatile ("MRS %0, msplim" : "=r" (result) );
 688:Inc/CMSIS/Core/Include/cmsis_gcc.h ****   return result;
 689:Inc/CMSIS/Core/Include/cmsis_gcc.h **** #endif
 690:Inc/CMSIS/Core/Include/cmsis_gcc.h **** }
 691:Inc/CMSIS/Core/Include/cmsis_gcc.h **** 
 692:Inc/CMSIS/Core/Include/cmsis_gcc.h **** 
 693:Inc/CMSIS/Core/Include/cmsis_gcc.h **** #if (defined (__ARM_FEATURE_CMSE  ) && (__ARM_FEATURE_CMSE   == 3))
 694:Inc/CMSIS/Core/Include/cmsis_gcc.h **** /**
 695:Inc/CMSIS/Core/Include/cmsis_gcc.h ****   \brief   Get Main Stack Pointer Limit (non-secure)
 696:Inc/CMSIS/Core/Include/cmsis_gcc.h ****   Devices without ARMv8-M Main Extensions (i.e. Cortex-M23) lack the non-secure
 697:Inc/CMSIS/Core/Include/cmsis_gcc.h ****   Stack Pointer Limit register hence zero is returned always.
 698:Inc/CMSIS/Core/Include/cmsis_gcc.h **** 
 699:Inc/CMSIS/Core/Include/cmsis_gcc.h ****   \details Returns the current value of the non-secure Main Stack Pointer Limit(MSPLIM) when in sec
 700:Inc/CMSIS/Core/Include/cmsis_gcc.h ****   \return               MSPLIM Register value
 701:Inc/CMSIS/Core/Include/cmsis_gcc.h ****  */
 702:Inc/CMSIS/Core/Include/cmsis_gcc.h **** __STATIC_FORCEINLINE uint32_t __TZ_get_MSPLIM_NS(void)
 703:Inc/CMSIS/Core/Include/cmsis_gcc.h **** {
 704:Inc/CMSIS/Core/Include/cmsis_gcc.h **** #if (!(defined (__ARM_ARCH_8M_MAIN__ ) && (__ARM_ARCH_8M_MAIN__ == 1)))
 705:Inc/CMSIS/Core/Include/cmsis_gcc.h ****   // without main extensions, the non-secure MSPLIM is RAZ/WI
 706:Inc/CMSIS/Core/Include/cmsis_gcc.h ****   return 0U;
 707:Inc/CMSIS/Core/Include/cmsis_gcc.h **** #else
 708:Inc/CMSIS/Core/Include/cmsis_gcc.h ****   uint32_t result;
 709:Inc/CMSIS/Core/Include/cmsis_gcc.h ****   __ASM volatile ("MRS %0, msplim_ns" : "=r" (result) );
 710:Inc/CMSIS/Core/Include/cmsis_gcc.h ****   return result;
 711:Inc/CMSIS/Core/Include/cmsis_gcc.h **** #endif
 712:Inc/CMSIS/Core/Include/cmsis_gcc.h **** }
 713:Inc/CMSIS/Core/Include/cmsis_gcc.h **** #endif
 714:Inc/CMSIS/Core/Include/cmsis_gcc.h **** 
 715:Inc/CMSIS/Core/Include/cmsis_gcc.h **** 
 716:Inc/CMSIS/Core/Include/cmsis_gcc.h **** /**
 717:Inc/CMSIS/Core/Include/cmsis_gcc.h ****   \brief   Set Main Stack Pointer Limit
 718:Inc/CMSIS/Core/Include/cmsis_gcc.h ****   Devices without ARMv8-M Main Extensions (i.e. Cortex-M23) lack the non-secure
 719:Inc/CMSIS/Core/Include/cmsis_gcc.h ****   Stack Pointer Limit register hence the write is silently ignored in non-secure
ARM GAS  /tmp/cccxcDip.s 			page 23


 720:Inc/CMSIS/Core/Include/cmsis_gcc.h ****   mode.
 721:Inc/CMSIS/Core/Include/cmsis_gcc.h **** 
 722:Inc/CMSIS/Core/Include/cmsis_gcc.h ****   \details Assigns the given value to the Main Stack Pointer Limit (MSPLIM).
 723:Inc/CMSIS/Core/Include/cmsis_gcc.h ****   \param [in]    MainStackPtrLimit  Main Stack Pointer Limit value to set
 724:Inc/CMSIS/Core/Include/cmsis_gcc.h ****  */
 725:Inc/CMSIS/Core/Include/cmsis_gcc.h **** __STATIC_FORCEINLINE void __set_MSPLIM(uint32_t MainStackPtrLimit)
 726:Inc/CMSIS/Core/Include/cmsis_gcc.h **** {
 727:Inc/CMSIS/Core/Include/cmsis_gcc.h **** #if (!(defined (__ARM_ARCH_8M_MAIN__ ) && (__ARM_ARCH_8M_MAIN__ == 1)) && \
 728:Inc/CMSIS/Core/Include/cmsis_gcc.h ****     (!defined (__ARM_FEATURE_CMSE) || (__ARM_FEATURE_CMSE < 3)))
 729:Inc/CMSIS/Core/Include/cmsis_gcc.h ****   // without main extensions, the non-secure MSPLIM is RAZ/WI
 730:Inc/CMSIS/Core/Include/cmsis_gcc.h ****   (void)MainStackPtrLimit;
 731:Inc/CMSIS/Core/Include/cmsis_gcc.h **** #else
 732:Inc/CMSIS/Core/Include/cmsis_gcc.h ****   __ASM volatile ("MSR msplim, %0" : : "r" (MainStackPtrLimit));
 733:Inc/CMSIS/Core/Include/cmsis_gcc.h **** #endif
 734:Inc/CMSIS/Core/Include/cmsis_gcc.h **** }
 735:Inc/CMSIS/Core/Include/cmsis_gcc.h **** 
 736:Inc/CMSIS/Core/Include/cmsis_gcc.h **** 
 737:Inc/CMSIS/Core/Include/cmsis_gcc.h **** #if (defined (__ARM_FEATURE_CMSE  ) && (__ARM_FEATURE_CMSE   == 3))
 738:Inc/CMSIS/Core/Include/cmsis_gcc.h **** /**
 739:Inc/CMSIS/Core/Include/cmsis_gcc.h ****   \brief   Set Main Stack Pointer Limit (non-secure)
 740:Inc/CMSIS/Core/Include/cmsis_gcc.h ****   Devices without ARMv8-M Main Extensions (i.e. Cortex-M23) lack the non-secure
 741:Inc/CMSIS/Core/Include/cmsis_gcc.h ****   Stack Pointer Limit register hence the write is silently ignored.
 742:Inc/CMSIS/Core/Include/cmsis_gcc.h **** 
 743:Inc/CMSIS/Core/Include/cmsis_gcc.h ****   \details Assigns the given value to the non-secure Main Stack Pointer Limit (MSPLIM) when in secu
 744:Inc/CMSIS/Core/Include/cmsis_gcc.h ****   \param [in]    MainStackPtrLimit  Main Stack Pointer value to set
 745:Inc/CMSIS/Core/Include/cmsis_gcc.h ****  */
 746:Inc/CMSIS/Core/Include/cmsis_gcc.h **** __STATIC_FORCEINLINE void __TZ_set_MSPLIM_NS(uint32_t MainStackPtrLimit)
 747:Inc/CMSIS/Core/Include/cmsis_gcc.h **** {
 748:Inc/CMSIS/Core/Include/cmsis_gcc.h **** #if (!(defined (__ARM_ARCH_8M_MAIN__ ) && (__ARM_ARCH_8M_MAIN__ == 1)))
 749:Inc/CMSIS/Core/Include/cmsis_gcc.h ****   // without main extensions, the non-secure MSPLIM is RAZ/WI
 750:Inc/CMSIS/Core/Include/cmsis_gcc.h ****   (void)MainStackPtrLimit;
 751:Inc/CMSIS/Core/Include/cmsis_gcc.h **** #else
 752:Inc/CMSIS/Core/Include/cmsis_gcc.h ****   __ASM volatile ("MSR msplim_ns, %0" : : "r" (MainStackPtrLimit));
 753:Inc/CMSIS/Core/Include/cmsis_gcc.h **** #endif
 754:Inc/CMSIS/Core/Include/cmsis_gcc.h **** }
 755:Inc/CMSIS/Core/Include/cmsis_gcc.h **** #endif
 756:Inc/CMSIS/Core/Include/cmsis_gcc.h **** 
 757:Inc/CMSIS/Core/Include/cmsis_gcc.h **** #endif /* ((defined (__ARM_ARCH_8M_MAIN__ ) && (__ARM_ARCH_8M_MAIN__ == 1)) || \
 758:Inc/CMSIS/Core/Include/cmsis_gcc.h ****            (defined (__ARM_ARCH_8M_BASE__ ) && (__ARM_ARCH_8M_BASE__ == 1))    ) */
 759:Inc/CMSIS/Core/Include/cmsis_gcc.h **** 
 760:Inc/CMSIS/Core/Include/cmsis_gcc.h **** 
 761:Inc/CMSIS/Core/Include/cmsis_gcc.h **** /**
 762:Inc/CMSIS/Core/Include/cmsis_gcc.h ****   \brief   Get FPSCR
 763:Inc/CMSIS/Core/Include/cmsis_gcc.h ****   \details Returns the current value of the Floating Point Status/Control register.
 764:Inc/CMSIS/Core/Include/cmsis_gcc.h ****   \return               Floating Point Status/Control register value
 765:Inc/CMSIS/Core/Include/cmsis_gcc.h ****  */
 766:Inc/CMSIS/Core/Include/cmsis_gcc.h **** __STATIC_FORCEINLINE uint32_t __get_FPSCR(void)
 767:Inc/CMSIS/Core/Include/cmsis_gcc.h **** {
 768:Inc/CMSIS/Core/Include/cmsis_gcc.h **** #if ((defined (__FPU_PRESENT) && (__FPU_PRESENT == 1U)) && \
 769:Inc/CMSIS/Core/Include/cmsis_gcc.h ****      (defined (__FPU_USED   ) && (__FPU_USED    == 1U))     )
 770:Inc/CMSIS/Core/Include/cmsis_gcc.h **** #if __has_builtin(__builtin_arm_get_fpscr) 
 771:Inc/CMSIS/Core/Include/cmsis_gcc.h **** // Re-enable using built-in when GCC has been fixed
 772:Inc/CMSIS/Core/Include/cmsis_gcc.h **** // || (__GNUC__ > 7) || (__GNUC__ == 7 && __GNUC_MINOR__ >= 2)
 773:Inc/CMSIS/Core/Include/cmsis_gcc.h ****   /* see https://gcc.gnu.org/ml/gcc-patches/2017-04/msg00443.html */
 774:Inc/CMSIS/Core/Include/cmsis_gcc.h ****   return __builtin_arm_get_fpscr();
 775:Inc/CMSIS/Core/Include/cmsis_gcc.h **** #else
 776:Inc/CMSIS/Core/Include/cmsis_gcc.h ****   uint32_t result;
ARM GAS  /tmp/cccxcDip.s 			page 24


 777:Inc/CMSIS/Core/Include/cmsis_gcc.h **** 
 778:Inc/CMSIS/Core/Include/cmsis_gcc.h ****   __ASM volatile ("VMRS %0, fpscr" : "=r" (result) );
 779:Inc/CMSIS/Core/Include/cmsis_gcc.h ****   return(result);
 780:Inc/CMSIS/Core/Include/cmsis_gcc.h **** #endif
 781:Inc/CMSIS/Core/Include/cmsis_gcc.h **** #else
 782:Inc/CMSIS/Core/Include/cmsis_gcc.h ****   return(0U);
 783:Inc/CMSIS/Core/Include/cmsis_gcc.h **** #endif
 784:Inc/CMSIS/Core/Include/cmsis_gcc.h **** }
 785:Inc/CMSIS/Core/Include/cmsis_gcc.h **** 
 786:Inc/CMSIS/Core/Include/cmsis_gcc.h **** 
 787:Inc/CMSIS/Core/Include/cmsis_gcc.h **** /**
 788:Inc/CMSIS/Core/Include/cmsis_gcc.h ****   \brief   Set FPSCR
 789:Inc/CMSIS/Core/Include/cmsis_gcc.h ****   \details Assigns the given value to the Floating Point Status/Control register.
 790:Inc/CMSIS/Core/Include/cmsis_gcc.h ****   \param [in]    fpscr  Floating Point Status/Control value to set
 791:Inc/CMSIS/Core/Include/cmsis_gcc.h ****  */
 792:Inc/CMSIS/Core/Include/cmsis_gcc.h **** __STATIC_FORCEINLINE void __set_FPSCR(uint32_t fpscr)
 793:Inc/CMSIS/Core/Include/cmsis_gcc.h **** {
 794:Inc/CMSIS/Core/Include/cmsis_gcc.h **** #if ((defined (__FPU_PRESENT) && (__FPU_PRESENT == 1U)) && \
 795:Inc/CMSIS/Core/Include/cmsis_gcc.h ****      (defined (__FPU_USED   ) && (__FPU_USED    == 1U))     )
 796:Inc/CMSIS/Core/Include/cmsis_gcc.h **** #if __has_builtin(__builtin_arm_set_fpscr)
 797:Inc/CMSIS/Core/Include/cmsis_gcc.h **** // Re-enable using built-in when GCC has been fixed
 798:Inc/CMSIS/Core/Include/cmsis_gcc.h **** // || (__GNUC__ > 7) || (__GNUC__ == 7 && __GNUC_MINOR__ >= 2)
 799:Inc/CMSIS/Core/Include/cmsis_gcc.h ****   /* see https://gcc.gnu.org/ml/gcc-patches/2017-04/msg00443.html */
 800:Inc/CMSIS/Core/Include/cmsis_gcc.h ****   __builtin_arm_set_fpscr(fpscr);
 801:Inc/CMSIS/Core/Include/cmsis_gcc.h **** #else
 802:Inc/CMSIS/Core/Include/cmsis_gcc.h ****   __ASM volatile ("VMSR fpscr, %0" : : "r" (fpscr) : "vfpcc", "memory");
 803:Inc/CMSIS/Core/Include/cmsis_gcc.h **** #endif
 804:Inc/CMSIS/Core/Include/cmsis_gcc.h **** #else
 805:Inc/CMSIS/Core/Include/cmsis_gcc.h ****   (void)fpscr;
 806:Inc/CMSIS/Core/Include/cmsis_gcc.h **** #endif
 807:Inc/CMSIS/Core/Include/cmsis_gcc.h **** }
 808:Inc/CMSIS/Core/Include/cmsis_gcc.h **** 
 809:Inc/CMSIS/Core/Include/cmsis_gcc.h **** 
 810:Inc/CMSIS/Core/Include/cmsis_gcc.h **** /*@} end of CMSIS_Core_RegAccFunctions */
 811:Inc/CMSIS/Core/Include/cmsis_gcc.h **** 
 812:Inc/CMSIS/Core/Include/cmsis_gcc.h **** 
 813:Inc/CMSIS/Core/Include/cmsis_gcc.h **** /* ##########################  Core Instruction Access  ######################### */
 814:Inc/CMSIS/Core/Include/cmsis_gcc.h **** /** \defgroup CMSIS_Core_InstructionInterface CMSIS Core Instruction Interface
 815:Inc/CMSIS/Core/Include/cmsis_gcc.h ****   Access to dedicated instructions
 816:Inc/CMSIS/Core/Include/cmsis_gcc.h ****   @{
 817:Inc/CMSIS/Core/Include/cmsis_gcc.h **** */
 818:Inc/CMSIS/Core/Include/cmsis_gcc.h **** 
 819:Inc/CMSIS/Core/Include/cmsis_gcc.h **** /* Define macros for porting to both thumb1 and thumb2.
 820:Inc/CMSIS/Core/Include/cmsis_gcc.h ****  * For thumb1, use low register (r0-r7), specified by constraint "l"
 821:Inc/CMSIS/Core/Include/cmsis_gcc.h ****  * Otherwise, use general registers, specified by constraint "r" */
 822:Inc/CMSIS/Core/Include/cmsis_gcc.h **** #if defined (__thumb__) && !defined (__thumb2__)
 823:Inc/CMSIS/Core/Include/cmsis_gcc.h **** #define __CMSIS_GCC_OUT_REG(r) "=l" (r)
 824:Inc/CMSIS/Core/Include/cmsis_gcc.h **** #define __CMSIS_GCC_RW_REG(r) "+l" (r)
 825:Inc/CMSIS/Core/Include/cmsis_gcc.h **** #define __CMSIS_GCC_USE_REG(r) "l" (r)
 826:Inc/CMSIS/Core/Include/cmsis_gcc.h **** #else
 827:Inc/CMSIS/Core/Include/cmsis_gcc.h **** #define __CMSIS_GCC_OUT_REG(r) "=r" (r)
 828:Inc/CMSIS/Core/Include/cmsis_gcc.h **** #define __CMSIS_GCC_RW_REG(r) "+r" (r)
 829:Inc/CMSIS/Core/Include/cmsis_gcc.h **** #define __CMSIS_GCC_USE_REG(r) "r" (r)
 830:Inc/CMSIS/Core/Include/cmsis_gcc.h **** #endif
 831:Inc/CMSIS/Core/Include/cmsis_gcc.h **** 
 832:Inc/CMSIS/Core/Include/cmsis_gcc.h **** /**
 833:Inc/CMSIS/Core/Include/cmsis_gcc.h ****   \brief   No Operation
ARM GAS  /tmp/cccxcDip.s 			page 25


 834:Inc/CMSIS/Core/Include/cmsis_gcc.h ****   \details No Operation does nothing. This instruction can be used for code alignment purposes.
 835:Inc/CMSIS/Core/Include/cmsis_gcc.h ****  */
 836:Inc/CMSIS/Core/Include/cmsis_gcc.h **** #define __NOP()                             __ASM volatile ("nop")
 837:Inc/CMSIS/Core/Include/cmsis_gcc.h **** 
 838:Inc/CMSIS/Core/Include/cmsis_gcc.h **** /**
 839:Inc/CMSIS/Core/Include/cmsis_gcc.h ****   \brief   Wait For Interrupt
 840:Inc/CMSIS/Core/Include/cmsis_gcc.h ****   \details Wait For Interrupt is a hint instruction that suspends execution until one of a number o
 841:Inc/CMSIS/Core/Include/cmsis_gcc.h ****  */
 842:Inc/CMSIS/Core/Include/cmsis_gcc.h **** #define __WFI()                             __ASM volatile ("wfi")
 843:Inc/CMSIS/Core/Include/cmsis_gcc.h **** 
 844:Inc/CMSIS/Core/Include/cmsis_gcc.h **** 
 845:Inc/CMSIS/Core/Include/cmsis_gcc.h **** /**
 846:Inc/CMSIS/Core/Include/cmsis_gcc.h ****   \brief   Wait For Event
 847:Inc/CMSIS/Core/Include/cmsis_gcc.h ****   \details Wait For Event is a hint instruction that permits the processor to enter
 848:Inc/CMSIS/Core/Include/cmsis_gcc.h ****            a low-power state until one of a number of events occurs.
 849:Inc/CMSIS/Core/Include/cmsis_gcc.h ****  */
 850:Inc/CMSIS/Core/Include/cmsis_gcc.h **** #define __WFE()                             __ASM volatile ("wfe")
 851:Inc/CMSIS/Core/Include/cmsis_gcc.h **** 
 852:Inc/CMSIS/Core/Include/cmsis_gcc.h **** 
 853:Inc/CMSIS/Core/Include/cmsis_gcc.h **** /**
 854:Inc/CMSIS/Core/Include/cmsis_gcc.h ****   \brief   Send Event
 855:Inc/CMSIS/Core/Include/cmsis_gcc.h ****   \details Send Event is a hint instruction. It causes an event to be signaled to the CPU.
 856:Inc/CMSIS/Core/Include/cmsis_gcc.h ****  */
 857:Inc/CMSIS/Core/Include/cmsis_gcc.h **** #define __SEV()                             __ASM volatile ("sev")
 858:Inc/CMSIS/Core/Include/cmsis_gcc.h **** 
 859:Inc/CMSIS/Core/Include/cmsis_gcc.h **** 
 860:Inc/CMSIS/Core/Include/cmsis_gcc.h **** /**
 861:Inc/CMSIS/Core/Include/cmsis_gcc.h ****   \brief   Instruction Synchronization Barrier
 862:Inc/CMSIS/Core/Include/cmsis_gcc.h ****   \details Instruction Synchronization Barrier flushes the pipeline in the processor,
 863:Inc/CMSIS/Core/Include/cmsis_gcc.h ****            so that all instructions following the ISB are fetched from cache or memory,
 864:Inc/CMSIS/Core/Include/cmsis_gcc.h ****            after the instruction has been completed.
 865:Inc/CMSIS/Core/Include/cmsis_gcc.h ****  */
 866:Inc/CMSIS/Core/Include/cmsis_gcc.h **** __STATIC_FORCEINLINE void __ISB(void)
 867:Inc/CMSIS/Core/Include/cmsis_gcc.h **** {
 868:Inc/CMSIS/Core/Include/cmsis_gcc.h ****   __ASM volatile ("isb 0xF":::"memory");
 869:Inc/CMSIS/Core/Include/cmsis_gcc.h **** }
 870:Inc/CMSIS/Core/Include/cmsis_gcc.h **** 
 871:Inc/CMSIS/Core/Include/cmsis_gcc.h **** 
 872:Inc/CMSIS/Core/Include/cmsis_gcc.h **** /**
 873:Inc/CMSIS/Core/Include/cmsis_gcc.h ****   \brief   Data Synchronization Barrier
 874:Inc/CMSIS/Core/Include/cmsis_gcc.h ****   \details Acts as a special kind of Data Memory Barrier.
 875:Inc/CMSIS/Core/Include/cmsis_gcc.h ****            It completes when all explicit memory accesses before this instruction complete.
 876:Inc/CMSIS/Core/Include/cmsis_gcc.h ****  */
 877:Inc/CMSIS/Core/Include/cmsis_gcc.h **** __STATIC_FORCEINLINE void __DSB(void)
 878:Inc/CMSIS/Core/Include/cmsis_gcc.h **** {
 879:Inc/CMSIS/Core/Include/cmsis_gcc.h ****   __ASM volatile ("dsb 0xF":::"memory");
 880:Inc/CMSIS/Core/Include/cmsis_gcc.h **** }
 881:Inc/CMSIS/Core/Include/cmsis_gcc.h **** 
 882:Inc/CMSIS/Core/Include/cmsis_gcc.h **** 
 883:Inc/CMSIS/Core/Include/cmsis_gcc.h **** /**
 884:Inc/CMSIS/Core/Include/cmsis_gcc.h ****   \brief   Data Memory Barrier
 885:Inc/CMSIS/Core/Include/cmsis_gcc.h ****   \details Ensures the apparent order of the explicit memory operations before
 886:Inc/CMSIS/Core/Include/cmsis_gcc.h ****            and after the instruction, without ensuring their completion.
 887:Inc/CMSIS/Core/Include/cmsis_gcc.h ****  */
 888:Inc/CMSIS/Core/Include/cmsis_gcc.h **** __STATIC_FORCEINLINE void __DMB(void)
 889:Inc/CMSIS/Core/Include/cmsis_gcc.h **** {
 890:Inc/CMSIS/Core/Include/cmsis_gcc.h ****   __ASM volatile ("dmb 0xF":::"memory");
ARM GAS  /tmp/cccxcDip.s 			page 26


 891:Inc/CMSIS/Core/Include/cmsis_gcc.h **** }
 892:Inc/CMSIS/Core/Include/cmsis_gcc.h **** 
 893:Inc/CMSIS/Core/Include/cmsis_gcc.h **** 
 894:Inc/CMSIS/Core/Include/cmsis_gcc.h **** /**
 895:Inc/CMSIS/Core/Include/cmsis_gcc.h ****   \brief   Reverse byte order (32 bit)
 896:Inc/CMSIS/Core/Include/cmsis_gcc.h ****   \details Reverses the byte order in unsigned integer value. For example, 0x12345678 becomes 0x785
 897:Inc/CMSIS/Core/Include/cmsis_gcc.h ****   \param [in]    value  Value to reverse
 898:Inc/CMSIS/Core/Include/cmsis_gcc.h ****   \return               Reversed value
 899:Inc/CMSIS/Core/Include/cmsis_gcc.h ****  */
 900:Inc/CMSIS/Core/Include/cmsis_gcc.h **** __STATIC_FORCEINLINE uint32_t __REV(uint32_t value)
 901:Inc/CMSIS/Core/Include/cmsis_gcc.h **** {
 902:Inc/CMSIS/Core/Include/cmsis_gcc.h **** #if (__GNUC__ > 4) || (__GNUC__ == 4 && __GNUC_MINOR__ >= 5)
 903:Inc/CMSIS/Core/Include/cmsis_gcc.h ****   return __builtin_bswap32(value);
 904:Inc/CMSIS/Core/Include/cmsis_gcc.h **** #else
 905:Inc/CMSIS/Core/Include/cmsis_gcc.h ****   uint32_t result;
 906:Inc/CMSIS/Core/Include/cmsis_gcc.h **** 
 907:Inc/CMSIS/Core/Include/cmsis_gcc.h ****   __ASM volatile ("rev %0, %1" : __CMSIS_GCC_OUT_REG (result) : __CMSIS_GCC_USE_REG (value) );
 908:Inc/CMSIS/Core/Include/cmsis_gcc.h ****   return result;
 909:Inc/CMSIS/Core/Include/cmsis_gcc.h **** #endif
 910:Inc/CMSIS/Core/Include/cmsis_gcc.h **** }
 911:Inc/CMSIS/Core/Include/cmsis_gcc.h **** 
 912:Inc/CMSIS/Core/Include/cmsis_gcc.h **** 
 913:Inc/CMSIS/Core/Include/cmsis_gcc.h **** /**
 914:Inc/CMSIS/Core/Include/cmsis_gcc.h ****   \brief   Reverse byte order (16 bit)
 915:Inc/CMSIS/Core/Include/cmsis_gcc.h ****   \details Reverses the byte order within each halfword of a word. For example, 0x12345678 becomes 
 916:Inc/CMSIS/Core/Include/cmsis_gcc.h ****   \param [in]    value  Value to reverse
 917:Inc/CMSIS/Core/Include/cmsis_gcc.h ****   \return               Reversed value
 918:Inc/CMSIS/Core/Include/cmsis_gcc.h ****  */
 919:Inc/CMSIS/Core/Include/cmsis_gcc.h **** __STATIC_FORCEINLINE uint32_t __REV16(uint32_t value)
 920:Inc/CMSIS/Core/Include/cmsis_gcc.h **** {
 921:Inc/CMSIS/Core/Include/cmsis_gcc.h ****   uint32_t result;
 922:Inc/CMSIS/Core/Include/cmsis_gcc.h **** 
 923:Inc/CMSIS/Core/Include/cmsis_gcc.h ****   __ASM volatile ("rev16 %0, %1" : __CMSIS_GCC_OUT_REG (result) : __CMSIS_GCC_USE_REG (value) );
 924:Inc/CMSIS/Core/Include/cmsis_gcc.h ****   return result;
 925:Inc/CMSIS/Core/Include/cmsis_gcc.h **** }
 926:Inc/CMSIS/Core/Include/cmsis_gcc.h **** 
 927:Inc/CMSIS/Core/Include/cmsis_gcc.h **** 
 928:Inc/CMSIS/Core/Include/cmsis_gcc.h **** /**
 929:Inc/CMSIS/Core/Include/cmsis_gcc.h ****   \brief   Reverse byte order (16 bit)
 930:Inc/CMSIS/Core/Include/cmsis_gcc.h ****   \details Reverses the byte order in a 16-bit value and returns the signed 16-bit result. For exam
 931:Inc/CMSIS/Core/Include/cmsis_gcc.h ****   \param [in]    value  Value to reverse
 932:Inc/CMSIS/Core/Include/cmsis_gcc.h ****   \return               Reversed value
 933:Inc/CMSIS/Core/Include/cmsis_gcc.h ****  */
 934:Inc/CMSIS/Core/Include/cmsis_gcc.h **** __STATIC_FORCEINLINE int16_t __REVSH(int16_t value)
 935:Inc/CMSIS/Core/Include/cmsis_gcc.h **** {
 936:Inc/CMSIS/Core/Include/cmsis_gcc.h **** #if (__GNUC__ > 4) || (__GNUC__ == 4 && __GNUC_MINOR__ >= 8)
 937:Inc/CMSIS/Core/Include/cmsis_gcc.h ****   return (int16_t)__builtin_bswap16(value);
 938:Inc/CMSIS/Core/Include/cmsis_gcc.h **** #else
 939:Inc/CMSIS/Core/Include/cmsis_gcc.h ****   int16_t result;
 940:Inc/CMSIS/Core/Include/cmsis_gcc.h **** 
 941:Inc/CMSIS/Core/Include/cmsis_gcc.h ****   __ASM volatile ("revsh %0, %1" : __CMSIS_GCC_OUT_REG (result) : __CMSIS_GCC_USE_REG (value) );
 942:Inc/CMSIS/Core/Include/cmsis_gcc.h ****   return result;
 943:Inc/CMSIS/Core/Include/cmsis_gcc.h **** #endif
 944:Inc/CMSIS/Core/Include/cmsis_gcc.h **** }
 945:Inc/CMSIS/Core/Include/cmsis_gcc.h **** 
 946:Inc/CMSIS/Core/Include/cmsis_gcc.h **** 
 947:Inc/CMSIS/Core/Include/cmsis_gcc.h **** /**
ARM GAS  /tmp/cccxcDip.s 			page 27


 948:Inc/CMSIS/Core/Include/cmsis_gcc.h ****   \brief   Rotate Right in unsigned value (32 bit)
 949:Inc/CMSIS/Core/Include/cmsis_gcc.h ****   \details Rotate Right (immediate) provides the value of the contents of a register rotated by a v
 950:Inc/CMSIS/Core/Include/cmsis_gcc.h ****   \param [in]    op1  Value to rotate
 951:Inc/CMSIS/Core/Include/cmsis_gcc.h ****   \param [in]    op2  Number of Bits to rotate
 952:Inc/CMSIS/Core/Include/cmsis_gcc.h ****   \return               Rotated value
 953:Inc/CMSIS/Core/Include/cmsis_gcc.h ****  */
 954:Inc/CMSIS/Core/Include/cmsis_gcc.h **** __STATIC_FORCEINLINE uint32_t __ROR(uint32_t op1, uint32_t op2)
 955:Inc/CMSIS/Core/Include/cmsis_gcc.h **** {
 956:Inc/CMSIS/Core/Include/cmsis_gcc.h ****   op2 %= 32U;
 957:Inc/CMSIS/Core/Include/cmsis_gcc.h ****   if (op2 == 0U)
 958:Inc/CMSIS/Core/Include/cmsis_gcc.h ****   {
 959:Inc/CMSIS/Core/Include/cmsis_gcc.h ****     return op1;
 960:Inc/CMSIS/Core/Include/cmsis_gcc.h ****   }
 961:Inc/CMSIS/Core/Include/cmsis_gcc.h ****   return (op1 >> op2) | (op1 << (32U - op2));
 962:Inc/CMSIS/Core/Include/cmsis_gcc.h **** }
 963:Inc/CMSIS/Core/Include/cmsis_gcc.h **** 
 964:Inc/CMSIS/Core/Include/cmsis_gcc.h **** 
 965:Inc/CMSIS/Core/Include/cmsis_gcc.h **** /**
 966:Inc/CMSIS/Core/Include/cmsis_gcc.h ****   \brief   Breakpoint
 967:Inc/CMSIS/Core/Include/cmsis_gcc.h ****   \details Causes the processor to enter Debug state.
 968:Inc/CMSIS/Core/Include/cmsis_gcc.h ****            Debug tools can use this to investigate system state when the instruction at a particula
 969:Inc/CMSIS/Core/Include/cmsis_gcc.h ****   \param [in]    value  is ignored by the processor.
 970:Inc/CMSIS/Core/Include/cmsis_gcc.h ****                  If required, a debugger can use it to store additional information about the break
 971:Inc/CMSIS/Core/Include/cmsis_gcc.h ****  */
 972:Inc/CMSIS/Core/Include/cmsis_gcc.h **** #define __BKPT(value)                       __ASM volatile ("bkpt "#value)
 973:Inc/CMSIS/Core/Include/cmsis_gcc.h **** 
 974:Inc/CMSIS/Core/Include/cmsis_gcc.h **** 
 975:Inc/CMSIS/Core/Include/cmsis_gcc.h **** /**
 976:Inc/CMSIS/Core/Include/cmsis_gcc.h ****   \brief   Reverse bit order of value
 977:Inc/CMSIS/Core/Include/cmsis_gcc.h ****   \details Reverses the bit order of the given value.
 978:Inc/CMSIS/Core/Include/cmsis_gcc.h ****   \param [in]    value  Value to reverse
 979:Inc/CMSIS/Core/Include/cmsis_gcc.h ****   \return               Reversed value
 980:Inc/CMSIS/Core/Include/cmsis_gcc.h ****  */
 981:Inc/CMSIS/Core/Include/cmsis_gcc.h **** __STATIC_FORCEINLINE uint32_t __RBIT(uint32_t value)
 199              		.loc 2 981 31 view .LVU55
 200              	.LBB163:
 982:Inc/CMSIS/Core/Include/cmsis_gcc.h **** {
 983:Inc/CMSIS/Core/Include/cmsis_gcc.h ****   uint32_t result;
 201              		.loc 2 983 3 view .LVU56
 984:Inc/CMSIS/Core/Include/cmsis_gcc.h **** 
 985:Inc/CMSIS/Core/Include/cmsis_gcc.h **** #if ((defined (__ARM_ARCH_7M__      ) && (__ARM_ARCH_7M__      == 1)) || \
 986:Inc/CMSIS/Core/Include/cmsis_gcc.h ****      (defined (__ARM_ARCH_7EM__     ) && (__ARM_ARCH_7EM__     == 1)) || \
 987:Inc/CMSIS/Core/Include/cmsis_gcc.h ****      (defined (__ARM_ARCH_8M_MAIN__ ) && (__ARM_ARCH_8M_MAIN__ == 1))    )
 988:Inc/CMSIS/Core/Include/cmsis_gcc.h ****    __ASM volatile ("rbit %0, %1" : "=r" (result) : "r" (value) );
 202              		.loc 2 988 4 view .LVU57
 203 00c2 4FF08072 		mov	r2, #16777216
 204              		.syntax unified
 205              	@ 988 "Inc/CMSIS/Core/Include/cmsis_gcc.h" 1
 206 00c6 92FAA2F2 		rbit r2, r2
 207              	@ 0 "" 2
 208              	.LVL17:
 989:Inc/CMSIS/Core/Include/cmsis_gcc.h **** #else
 990:Inc/CMSIS/Core/Include/cmsis_gcc.h ****   uint32_t s = (4U /*sizeof(v)*/ * 8U) - 1U; /* extra shift needed at end */
 991:Inc/CMSIS/Core/Include/cmsis_gcc.h **** 
 992:Inc/CMSIS/Core/Include/cmsis_gcc.h ****   result = value;                      /* r will be reversed bits of v; first get LSB of v */
 993:Inc/CMSIS/Core/Include/cmsis_gcc.h ****   for (value >>= 1U; value != 0U; value >>= 1U)
 994:Inc/CMSIS/Core/Include/cmsis_gcc.h ****   {
ARM GAS  /tmp/cccxcDip.s 			page 28


 995:Inc/CMSIS/Core/Include/cmsis_gcc.h ****     result <<= 1U;
 996:Inc/CMSIS/Core/Include/cmsis_gcc.h ****     result |= value & 1U;
 997:Inc/CMSIS/Core/Include/cmsis_gcc.h ****     s--;
 998:Inc/CMSIS/Core/Include/cmsis_gcc.h ****   }
 999:Inc/CMSIS/Core/Include/cmsis_gcc.h ****   result <<= s;                        /* shift when v's highest bits are zero */
1000:Inc/CMSIS/Core/Include/cmsis_gcc.h **** #endif
1001:Inc/CMSIS/Core/Include/cmsis_gcc.h ****   return result;
 209              		.loc 2 1001 3 view .LVU58
 210              		.loc 2 1001 3 is_stmt 0 view .LVU59
 211              		.thumb
 212              		.syntax unified
 213              	.LBE163:
 214              	.LBE162:
 295:Inc/STM32F3xx_HAL_Driver/Src/stm32f3xx_hal_rcc.c **** 
 215              		.loc 1 295 3 discriminator 2 view .LVU60
 216 00ca B2FA82F2 		clz	r2, r2
 217 00ce 084B     		ldr	r3, .L18+20
 218 00d0 1344     		add	r3, r3, r2
 219 00d2 9B00     		lsls	r3, r3, #2
 220 00d4 0122     		movs	r2, #1
 221 00d6 1A60     		str	r2, [r3]
 297:Inc/STM32F3xx_HAL_Driver/Src/stm32f3xx_hal_rcc.c **** }
 222              		.loc 1 297 3 is_stmt 1 view .LVU61
 297:Inc/STM32F3xx_HAL_Driver/Src/stm32f3xx_hal_rcc.c **** }
 223              		.loc 1 297 10 is_stmt 0 view .LVU62
 224 00d8 A6E7     		b	.L3
 225              	.L19:
 226 00da 00BF     		.align	2
 227              	.L18:
 228 00dc 00100240 		.word	1073876992
 229 00e0 0CC0FFF8 		.word	-117456884
 230 00e4 00000000 		.word	SystemCoreClock
 231 00e8 00127A00 		.word	8000000
 232 00ec 00000000 		.word	uwTickPrio
 233 00f0 20819010 		.word	277905696
 234              		.cfi_endproc
 235              	.LFE130:
 237              		.section	.text.HAL_RCC_OscConfig,"ax",%progbits
 238              		.align	1
 239              		.global	HAL_RCC_OscConfig
 240              		.syntax unified
 241              		.thumb
 242              		.thumb_func
 244              	HAL_RCC_OscConfig:
 245              	.LVL18:
 246              	.LFB131:
 299:Inc/STM32F3xx_HAL_Driver/Src/stm32f3xx_hal_rcc.c **** 
 300:Inc/STM32F3xx_HAL_Driver/Src/stm32f3xx_hal_rcc.c **** /**
 301:Inc/STM32F3xx_HAL_Driver/Src/stm32f3xx_hal_rcc.c ****   * @brief  Initializes the RCC Oscillators according to the specified parameters in the
 302:Inc/STM32F3xx_HAL_Driver/Src/stm32f3xx_hal_rcc.c ****   *         RCC_OscInitTypeDef.
 303:Inc/STM32F3xx_HAL_Driver/Src/stm32f3xx_hal_rcc.c ****   * @param  RCC_OscInitStruct pointer to an RCC_OscInitTypeDef structure that
 304:Inc/STM32F3xx_HAL_Driver/Src/stm32f3xx_hal_rcc.c ****   *         contains the configuration information for the RCC Oscillators.
 305:Inc/STM32F3xx_HAL_Driver/Src/stm32f3xx_hal_rcc.c ****   * @note   The PLL is not disabled when used as system clock.
 306:Inc/STM32F3xx_HAL_Driver/Src/stm32f3xx_hal_rcc.c ****   * @note   Transitions LSE Bypass to LSE On and LSE On to LSE Bypass are not
 307:Inc/STM32F3xx_HAL_Driver/Src/stm32f3xx_hal_rcc.c ****   *         supported by this macro. User should request a transition to LSE Off
 308:Inc/STM32F3xx_HAL_Driver/Src/stm32f3xx_hal_rcc.c ****   *         first and then LSE On or LSE Bypass.
 309:Inc/STM32F3xx_HAL_Driver/Src/stm32f3xx_hal_rcc.c ****   * @note   Transition HSE Bypass to HSE On and HSE On to HSE Bypass are not
ARM GAS  /tmp/cccxcDip.s 			page 29


 310:Inc/STM32F3xx_HAL_Driver/Src/stm32f3xx_hal_rcc.c ****   *         supported by this macro. User should request a transition to HSE Off
 311:Inc/STM32F3xx_HAL_Driver/Src/stm32f3xx_hal_rcc.c ****   *         first and then HSE On or HSE Bypass.
 312:Inc/STM32F3xx_HAL_Driver/Src/stm32f3xx_hal_rcc.c ****   * @retval HAL status
 313:Inc/STM32F3xx_HAL_Driver/Src/stm32f3xx_hal_rcc.c ****   */
 314:Inc/STM32F3xx_HAL_Driver/Src/stm32f3xx_hal_rcc.c **** HAL_StatusTypeDef HAL_RCC_OscConfig(RCC_OscInitTypeDef  *RCC_OscInitStruct)
 315:Inc/STM32F3xx_HAL_Driver/Src/stm32f3xx_hal_rcc.c **** {
 247              		.loc 1 315 1 is_stmt 1 view -0
 248              		.cfi_startproc
 249              		@ args = 0, pretend = 0, frame = 8
 250              		@ frame_needed = 0, uses_anonymous_args = 0
 316:Inc/STM32F3xx_HAL_Driver/Src/stm32f3xx_hal_rcc.c ****   uint32_t tickstart;
 251              		.loc 1 316 3 view .LVU64
 317:Inc/STM32F3xx_HAL_Driver/Src/stm32f3xx_hal_rcc.c ****   uint32_t pll_config;
 252              		.loc 1 317 3 view .LVU65
 318:Inc/STM32F3xx_HAL_Driver/Src/stm32f3xx_hal_rcc.c **** #if defined(RCC_CFGR_PLLSRC_HSI_PREDIV)
 319:Inc/STM32F3xx_HAL_Driver/Src/stm32f3xx_hal_rcc.c ****   uint32_t pll_config2;
 253              		.loc 1 319 3 view .LVU66
 320:Inc/STM32F3xx_HAL_Driver/Src/stm32f3xx_hal_rcc.c **** #endif /* RCC_CFGR_PLLSRC_HSI_PREDIV */
 321:Inc/STM32F3xx_HAL_Driver/Src/stm32f3xx_hal_rcc.c **** 
 322:Inc/STM32F3xx_HAL_Driver/Src/stm32f3xx_hal_rcc.c ****   /* Check Null pointer */
 323:Inc/STM32F3xx_HAL_Driver/Src/stm32f3xx_hal_rcc.c ****   if(RCC_OscInitStruct == NULL)
 254              		.loc 1 323 3 view .LVU67
 255              		.loc 1 323 5 is_stmt 0 view .LVU68
 256 0000 0028     		cmp	r0, #0
 257 0002 00F00883 		beq	.L94
 315:Inc/STM32F3xx_HAL_Driver/Src/stm32f3xx_hal_rcc.c ****   uint32_t tickstart;
 258              		.loc 1 315 1 view .LVU69
 259 0006 70B5     		push	{r4, r5, r6, lr}
 260              		.cfi_def_cfa_offset 16
 261              		.cfi_offset 4, -16
 262              		.cfi_offset 5, -12
 263              		.cfi_offset 6, -8
 264              		.cfi_offset 14, -4
 265 0008 82B0     		sub	sp, sp, #8
 266              		.cfi_def_cfa_offset 24
 267 000a 0446     		mov	r4, r0
 324:Inc/STM32F3xx_HAL_Driver/Src/stm32f3xx_hal_rcc.c ****   {
 325:Inc/STM32F3xx_HAL_Driver/Src/stm32f3xx_hal_rcc.c ****     return HAL_ERROR;
 326:Inc/STM32F3xx_HAL_Driver/Src/stm32f3xx_hal_rcc.c ****   }
 327:Inc/STM32F3xx_HAL_Driver/Src/stm32f3xx_hal_rcc.c **** 
 328:Inc/STM32F3xx_HAL_Driver/Src/stm32f3xx_hal_rcc.c ****   /* Check the parameters */
 329:Inc/STM32F3xx_HAL_Driver/Src/stm32f3xx_hal_rcc.c ****   assert_param(IS_RCC_OSCILLATORTYPE(RCC_OscInitStruct->OscillatorType));
 268              		.loc 1 329 3 is_stmt 1 view .LVU70
 330:Inc/STM32F3xx_HAL_Driver/Src/stm32f3xx_hal_rcc.c **** 
 331:Inc/STM32F3xx_HAL_Driver/Src/stm32f3xx_hal_rcc.c ****   /*------------------------------- HSE Configuration ------------------------*/ 
 332:Inc/STM32F3xx_HAL_Driver/Src/stm32f3xx_hal_rcc.c ****   if(((RCC_OscInitStruct->OscillatorType) & RCC_OSCILLATORTYPE_HSE) == RCC_OSCILLATORTYPE_HSE)
 269              		.loc 1 332 3 view .LVU71
 270              		.loc 1 332 25 is_stmt 0 view .LVU72
 271 000c 0368     		ldr	r3, [r0]
 272              		.loc 1 332 5 view .LVU73
 273 000e 13F0010F 		tst	r3, #1
 274 0012 3DD0     		beq	.L22
 333:Inc/STM32F3xx_HAL_Driver/Src/stm32f3xx_hal_rcc.c ****   {
 334:Inc/STM32F3xx_HAL_Driver/Src/stm32f3xx_hal_rcc.c ****     /* Check the parameters */
 335:Inc/STM32F3xx_HAL_Driver/Src/stm32f3xx_hal_rcc.c ****     assert_param(IS_RCC_HSE(RCC_OscInitStruct->HSEState));
 275              		.loc 1 335 5 is_stmt 1 view .LVU74
 336:Inc/STM32F3xx_HAL_Driver/Src/stm32f3xx_hal_rcc.c **** 
ARM GAS  /tmp/cccxcDip.s 			page 30


 337:Inc/STM32F3xx_HAL_Driver/Src/stm32f3xx_hal_rcc.c ****     /* When the HSE is used as system clock or clock source for PLL in these cases it is not allowe
 338:Inc/STM32F3xx_HAL_Driver/Src/stm32f3xx_hal_rcc.c ****     if((__HAL_RCC_GET_SYSCLK_SOURCE() == RCC_SYSCLKSOURCE_STATUS_HSE) 
 276              		.loc 1 338 5 view .LVU75
 277              		.loc 1 338 9 is_stmt 0 view .LVU76
 278 0014 B24B     		ldr	r3, .L133
 279 0016 5B68     		ldr	r3, [r3, #4]
 280 0018 03F00C03 		and	r3, r3, #12
 281              		.loc 1 338 7 view .LVU77
 282 001c 042B     		cmp	r3, #4
 283 001e 20D0     		beq	.L23
 339:Inc/STM32F3xx_HAL_Driver/Src/stm32f3xx_hal_rcc.c ****        || ((__HAL_RCC_GET_SYSCLK_SOURCE() == RCC_SYSCLKSOURCE_STATUS_PLLCLK) && (__HAL_RCC_GET_PLL_
 284              		.loc 1 339 13 view .LVU78
 285 0020 AF4B     		ldr	r3, .L133
 286 0022 5B68     		ldr	r3, [r3, #4]
 287 0024 03F00C03 		and	r3, r3, #12
 288              		.loc 1 339 8 view .LVU79
 289 0028 082B     		cmp	r3, #8
 290 002a 13D0     		beq	.L119
 291              	.L24:
 340:Inc/STM32F3xx_HAL_Driver/Src/stm32f3xx_hal_rcc.c ****     {
 341:Inc/STM32F3xx_HAL_Driver/Src/stm32f3xx_hal_rcc.c ****       if((__HAL_RCC_GET_FLAG(RCC_FLAG_HSERDY) != RESET) && (RCC_OscInitStruct->HSEState == RCC_HSE_
 342:Inc/STM32F3xx_HAL_Driver/Src/stm32f3xx_hal_rcc.c ****       {
 343:Inc/STM32F3xx_HAL_Driver/Src/stm32f3xx_hal_rcc.c ****         return HAL_ERROR;
 344:Inc/STM32F3xx_HAL_Driver/Src/stm32f3xx_hal_rcc.c ****       }
 345:Inc/STM32F3xx_HAL_Driver/Src/stm32f3xx_hal_rcc.c ****     }
 346:Inc/STM32F3xx_HAL_Driver/Src/stm32f3xx_hal_rcc.c ****     else
 347:Inc/STM32F3xx_HAL_Driver/Src/stm32f3xx_hal_rcc.c ****     {
 348:Inc/STM32F3xx_HAL_Driver/Src/stm32f3xx_hal_rcc.c ****       /* Set the new HSE configuration ---------------------------------------*/
 349:Inc/STM32F3xx_HAL_Driver/Src/stm32f3xx_hal_rcc.c ****       __HAL_RCC_HSE_CONFIG(RCC_OscInitStruct->HSEState);
 292              		.loc 1 349 7 is_stmt 1 view .LVU80
 293              		.loc 1 349 7 view .LVU81
 294 002c 6368     		ldr	r3, [r4, #4]
 295 002e B3F5803F 		cmp	r3, #65536
 296 0032 6AD0     		beq	.L120
 297              		.loc 1 349 7 discriminator 2 view .LVU82
 298 0034 002B     		cmp	r3, #0
 299 0036 40F08D80 		bne	.L29
 300              		.loc 1 349 7 discriminator 4 view .LVU83
 301 003a 03F18043 		add	r3, r3, #1073741824
 302 003e 03F50433 		add	r3, r3, #135168
 303 0042 1A68     		ldr	r2, [r3]
 304 0044 22F48032 		bic	r2, r2, #65536
 305 0048 1A60     		str	r2, [r3]
 306              		.loc 1 349 7 view .LVU84
 307              		.loc 1 349 7 is_stmt 0 discriminator 4 view .LVU85
 308 004a 1A68     		ldr	r2, [r3]
 309 004c 22F48022 		bic	r2, r2, #262144
 310 0050 1A60     		str	r2, [r3]
 311 0052 5FE0     		b	.L28
 312              	.L119:
 339:Inc/STM32F3xx_HAL_Driver/Src/stm32f3xx_hal_rcc.c ****        || ((__HAL_RCC_GET_SYSCLK_SOURCE() == RCC_SYSCLKSOURCE_STATUS_PLLCLK) && (__HAL_RCC_GET_PLL_
 313              		.loc 1 339 82 discriminator 1 view .LVU86
 314 0054 A24B     		ldr	r3, .L133
 315 0056 5B68     		ldr	r3, [r3, #4]
 316 0058 03F4C033 		and	r3, r3, #98304
 339:Inc/STM32F3xx_HAL_Driver/Src/stm32f3xx_hal_rcc.c ****        || ((__HAL_RCC_GET_SYSCLK_SOURCE() == RCC_SYSCLKSOURCE_STATUS_PLLCLK) && (__HAL_RCC_GET_PLL_
 317              		.loc 1 339 78 discriminator 1 view .LVU87
ARM GAS  /tmp/cccxcDip.s 			page 31


 318 005c B3F5803F 		cmp	r3, #65536
 319 0060 E4D1     		bne	.L24
 320              	.L23:
 341:Inc/STM32F3xx_HAL_Driver/Src/stm32f3xx_hal_rcc.c ****       {
 321              		.loc 1 341 7 is_stmt 1 view .LVU88
 322              	.LVL19:
 323              	.LBB164:
 324              	.LBI164:
 981:Inc/CMSIS/Core/Include/cmsis_gcc.h **** {
 325              		.loc 2 981 31 view .LVU89
 326              	.LBB165:
 983:Inc/CMSIS/Core/Include/cmsis_gcc.h **** 
 327              		.loc 2 983 3 view .LVU90
 988:Inc/CMSIS/Core/Include/cmsis_gcc.h **** #else
 328              		.loc 2 988 4 view .LVU91
 329 0062 4FF40033 		mov	r3, #131072
 330              		.syntax unified
 331              	@ 988 "Inc/CMSIS/Core/Include/cmsis_gcc.h" 1
 332 0066 93FAA3F3 		rbit r3, r3
 333              	@ 0 "" 2
 334              		.loc 2 1001 3 view .LVU92
 335              	.LVL20:
 336              		.loc 2 1001 3 is_stmt 0 view .LVU93
 337              		.thumb
 338              		.syntax unified
 339              	.LBE165:
 340              	.LBE164:
 341:Inc/STM32F3xx_HAL_Driver/Src/stm32f3xx_hal_rcc.c ****       {
 341              		.loc 1 341 11 discriminator 1 view .LVU94
 342 006a 9D4B     		ldr	r3, .L133
 343 006c 1968     		ldr	r1, [r3]
 344              	.LVL21:
 345              	.LBB166:
 346              	.LBI166:
 981:Inc/CMSIS/Core/Include/cmsis_gcc.h **** {
 347              		.loc 2 981 31 is_stmt 1 view .LVU95
 348              	.LBB167:
 983:Inc/CMSIS/Core/Include/cmsis_gcc.h **** 
 349              		.loc 2 983 3 view .LVU96
 988:Inc/CMSIS/Core/Include/cmsis_gcc.h **** #else
 350              		.loc 2 988 4 view .LVU97
 351 006e 4FF40033 		mov	r3, #131072
 352              		.syntax unified
 353              	@ 988 "Inc/CMSIS/Core/Include/cmsis_gcc.h" 1
 354 0072 93FAA3F3 		rbit r3, r3
 355              	@ 0 "" 2
 356              	.LVL22:
 357              		.loc 2 1001 3 view .LVU98
 358              		.loc 2 1001 3 is_stmt 0 view .LVU99
 359              		.thumb
 360              		.syntax unified
 361              	.LBE167:
 362              	.LBE166:
 341:Inc/STM32F3xx_HAL_Driver/Src/stm32f3xx_hal_rcc.c ****       {
 363              		.loc 1 341 11 discriminator 2 view .LVU100
 364 0076 B3FA83F3 		clz	r3, r3
 365 007a 03F01F03 		and	r3, r3, #31
ARM GAS  /tmp/cccxcDip.s 			page 32


 366 007e 0122     		movs	r2, #1
 367 0080 02FA03F3 		lsl	r3, r2, r3
 341:Inc/STM32F3xx_HAL_Driver/Src/stm32f3xx_hal_rcc.c ****       {
 368              		.loc 1 341 9 discriminator 2 view .LVU101
 369 0084 0B42     		tst	r3, r1
 370 0086 03D0     		beq	.L22
 341:Inc/STM32F3xx_HAL_Driver/Src/stm32f3xx_hal_rcc.c ****       {
 371              		.loc 1 341 78 discriminator 13 view .LVU102
 372 0088 6368     		ldr	r3, [r4, #4]
 341:Inc/STM32F3xx_HAL_Driver/Src/stm32f3xx_hal_rcc.c ****       {
 373              		.loc 1 341 57 discriminator 13 view .LVU103
 374 008a 002B     		cmp	r3, #0
 375 008c 00F0C582 		beq	.L121
 376              	.LVL23:
 377              	.L22:
 350:Inc/STM32F3xx_HAL_Driver/Src/stm32f3xx_hal_rcc.c ****       
 351:Inc/STM32F3xx_HAL_Driver/Src/stm32f3xx_hal_rcc.c **** #if defined(RCC_CFGR_PLLSRC_HSI_DIV2)
 352:Inc/STM32F3xx_HAL_Driver/Src/stm32f3xx_hal_rcc.c ****       /* Configure the HSE predivision factor --------------------------------*/
 353:Inc/STM32F3xx_HAL_Driver/Src/stm32f3xx_hal_rcc.c ****       __HAL_RCC_HSE_PREDIV_CONFIG(RCC_OscInitStruct->HSEPredivValue);
 354:Inc/STM32F3xx_HAL_Driver/Src/stm32f3xx_hal_rcc.c **** #endif /* RCC_CFGR_PLLSRC_HSI_DIV2 */
 355:Inc/STM32F3xx_HAL_Driver/Src/stm32f3xx_hal_rcc.c **** 
 356:Inc/STM32F3xx_HAL_Driver/Src/stm32f3xx_hal_rcc.c ****        /* Check the HSE State */
 357:Inc/STM32F3xx_HAL_Driver/Src/stm32f3xx_hal_rcc.c ****       if(RCC_OscInitStruct->HSEState != RCC_HSE_OFF)
 358:Inc/STM32F3xx_HAL_Driver/Src/stm32f3xx_hal_rcc.c ****       {
 359:Inc/STM32F3xx_HAL_Driver/Src/stm32f3xx_hal_rcc.c ****         /* Get Start Tick */
 360:Inc/STM32F3xx_HAL_Driver/Src/stm32f3xx_hal_rcc.c ****         tickstart = HAL_GetTick();
 361:Inc/STM32F3xx_HAL_Driver/Src/stm32f3xx_hal_rcc.c ****         
 362:Inc/STM32F3xx_HAL_Driver/Src/stm32f3xx_hal_rcc.c ****         /* Wait till HSE is ready */
 363:Inc/STM32F3xx_HAL_Driver/Src/stm32f3xx_hal_rcc.c ****         while(__HAL_RCC_GET_FLAG(RCC_FLAG_HSERDY) == RESET)
 364:Inc/STM32F3xx_HAL_Driver/Src/stm32f3xx_hal_rcc.c ****         {
 365:Inc/STM32F3xx_HAL_Driver/Src/stm32f3xx_hal_rcc.c ****           if((HAL_GetTick() - tickstart ) > HSE_TIMEOUT_VALUE)
 366:Inc/STM32F3xx_HAL_Driver/Src/stm32f3xx_hal_rcc.c ****           {
 367:Inc/STM32F3xx_HAL_Driver/Src/stm32f3xx_hal_rcc.c ****             return HAL_TIMEOUT;
 368:Inc/STM32F3xx_HAL_Driver/Src/stm32f3xx_hal_rcc.c ****           }
 369:Inc/STM32F3xx_HAL_Driver/Src/stm32f3xx_hal_rcc.c ****         }
 370:Inc/STM32F3xx_HAL_Driver/Src/stm32f3xx_hal_rcc.c ****       }
 371:Inc/STM32F3xx_HAL_Driver/Src/stm32f3xx_hal_rcc.c ****       else
 372:Inc/STM32F3xx_HAL_Driver/Src/stm32f3xx_hal_rcc.c ****       {
 373:Inc/STM32F3xx_HAL_Driver/Src/stm32f3xx_hal_rcc.c ****         /* Get Start Tick */
 374:Inc/STM32F3xx_HAL_Driver/Src/stm32f3xx_hal_rcc.c ****         tickstart = HAL_GetTick();
 375:Inc/STM32F3xx_HAL_Driver/Src/stm32f3xx_hal_rcc.c ****         
 376:Inc/STM32F3xx_HAL_Driver/Src/stm32f3xx_hal_rcc.c ****         /* Wait till HSE is disabled */
 377:Inc/STM32F3xx_HAL_Driver/Src/stm32f3xx_hal_rcc.c ****         while(__HAL_RCC_GET_FLAG(RCC_FLAG_HSERDY) != RESET)
 378:Inc/STM32F3xx_HAL_Driver/Src/stm32f3xx_hal_rcc.c ****         {
 379:Inc/STM32F3xx_HAL_Driver/Src/stm32f3xx_hal_rcc.c ****            if((HAL_GetTick() - tickstart ) > HSE_TIMEOUT_VALUE)
 380:Inc/STM32F3xx_HAL_Driver/Src/stm32f3xx_hal_rcc.c ****           {
 381:Inc/STM32F3xx_HAL_Driver/Src/stm32f3xx_hal_rcc.c ****             return HAL_TIMEOUT;
 382:Inc/STM32F3xx_HAL_Driver/Src/stm32f3xx_hal_rcc.c ****           }
 383:Inc/STM32F3xx_HAL_Driver/Src/stm32f3xx_hal_rcc.c ****         }
 384:Inc/STM32F3xx_HAL_Driver/Src/stm32f3xx_hal_rcc.c ****       }
 385:Inc/STM32F3xx_HAL_Driver/Src/stm32f3xx_hal_rcc.c ****     }
 386:Inc/STM32F3xx_HAL_Driver/Src/stm32f3xx_hal_rcc.c ****   }
 387:Inc/STM32F3xx_HAL_Driver/Src/stm32f3xx_hal_rcc.c ****   /*----------------------------- HSI Configuration --------------------------*/ 
 388:Inc/STM32F3xx_HAL_Driver/Src/stm32f3xx_hal_rcc.c ****   if(((RCC_OscInitStruct->OscillatorType) & RCC_OSCILLATORTYPE_HSI) == RCC_OSCILLATORTYPE_HSI)
 378              		.loc 1 388 3 is_stmt 1 view .LVU104
 379              		.loc 1 388 25 is_stmt 0 view .LVU105
 380 0090 2368     		ldr	r3, [r4]
ARM GAS  /tmp/cccxcDip.s 			page 33


 381              		.loc 1 388 5 view .LVU106
 382 0092 13F0020F 		tst	r3, #2
 383 0096 00F0BF80 		beq	.L40
 389:Inc/STM32F3xx_HAL_Driver/Src/stm32f3xx_hal_rcc.c ****   {
 390:Inc/STM32F3xx_HAL_Driver/Src/stm32f3xx_hal_rcc.c ****     /* Check the parameters */
 391:Inc/STM32F3xx_HAL_Driver/Src/stm32f3xx_hal_rcc.c ****     assert_param(IS_RCC_HSI(RCC_OscInitStruct->HSIState));
 384              		.loc 1 391 5 is_stmt 1 view .LVU107
 392:Inc/STM32F3xx_HAL_Driver/Src/stm32f3xx_hal_rcc.c ****     assert_param(IS_RCC_CALIBRATION_VALUE(RCC_OscInitStruct->HSICalibrationValue));
 385              		.loc 1 392 5 view .LVU108
 393:Inc/STM32F3xx_HAL_Driver/Src/stm32f3xx_hal_rcc.c ****     
 394:Inc/STM32F3xx_HAL_Driver/Src/stm32f3xx_hal_rcc.c ****     /* Check if HSI is used as system clock or as PLL source when PLL is selected as system clock *
 395:Inc/STM32F3xx_HAL_Driver/Src/stm32f3xx_hal_rcc.c ****     if((__HAL_RCC_GET_SYSCLK_SOURCE() == RCC_SYSCLKSOURCE_STATUS_HSI) 
 386              		.loc 1 395 5 view .LVU109
 387              		.loc 1 395 9 is_stmt 0 view .LVU110
 388 009a 914B     		ldr	r3, .L133
 389 009c 5B68     		ldr	r3, [r3, #4]
 390              		.loc 1 395 7 view .LVU111
 391 009e 13F00C0F 		tst	r3, #12
 392 00a2 00F09780 		beq	.L41
 396:Inc/STM32F3xx_HAL_Driver/Src/stm32f3xx_hal_rcc.c ****        || ((__HAL_RCC_GET_SYSCLK_SOURCE() == RCC_SYSCLKSOURCE_STATUS_PLLCLK) && (__HAL_RCC_GET_PLL_
 393              		.loc 1 396 13 view .LVU112
 394 00a6 8E4B     		ldr	r3, .L133
 395 00a8 5B68     		ldr	r3, [r3, #4]
 396 00aa 03F00C03 		and	r3, r3, #12
 397              		.loc 1 396 8 view .LVU113
 398 00ae 082B     		cmp	r3, #8
 399 00b0 00F08880 		beq	.L122
 400              	.L42:
 397:Inc/STM32F3xx_HAL_Driver/Src/stm32f3xx_hal_rcc.c ****     {
 398:Inc/STM32F3xx_HAL_Driver/Src/stm32f3xx_hal_rcc.c ****       /* When HSI is used as system clock it will not disabled */
 399:Inc/STM32F3xx_HAL_Driver/Src/stm32f3xx_hal_rcc.c ****       if((__HAL_RCC_GET_FLAG(RCC_FLAG_HSIRDY) != RESET) && (RCC_OscInitStruct->HSIState != RCC_HSI_
 400:Inc/STM32F3xx_HAL_Driver/Src/stm32f3xx_hal_rcc.c ****       {
 401:Inc/STM32F3xx_HAL_Driver/Src/stm32f3xx_hal_rcc.c ****         return HAL_ERROR;
 402:Inc/STM32F3xx_HAL_Driver/Src/stm32f3xx_hal_rcc.c ****       }
 403:Inc/STM32F3xx_HAL_Driver/Src/stm32f3xx_hal_rcc.c ****       /* Otherwise, just the calibration is allowed */
 404:Inc/STM32F3xx_HAL_Driver/Src/stm32f3xx_hal_rcc.c ****       else
 405:Inc/STM32F3xx_HAL_Driver/Src/stm32f3xx_hal_rcc.c ****       {
 406:Inc/STM32F3xx_HAL_Driver/Src/stm32f3xx_hal_rcc.c ****         /* Adjusts the Internal High Speed oscillator (HSI) calibration value.*/
 407:Inc/STM32F3xx_HAL_Driver/Src/stm32f3xx_hal_rcc.c ****         __HAL_RCC_HSI_CALIBRATIONVALUE_ADJUST(RCC_OscInitStruct->HSICalibrationValue);
 408:Inc/STM32F3xx_HAL_Driver/Src/stm32f3xx_hal_rcc.c ****       }
 409:Inc/STM32F3xx_HAL_Driver/Src/stm32f3xx_hal_rcc.c ****     }
 410:Inc/STM32F3xx_HAL_Driver/Src/stm32f3xx_hal_rcc.c ****     else
 411:Inc/STM32F3xx_HAL_Driver/Src/stm32f3xx_hal_rcc.c ****     {
 412:Inc/STM32F3xx_HAL_Driver/Src/stm32f3xx_hal_rcc.c ****       /* Check the HSI State */
 413:Inc/STM32F3xx_HAL_Driver/Src/stm32f3xx_hal_rcc.c ****       if(RCC_OscInitStruct->HSIState != RCC_HSI_OFF)
 401              		.loc 1 413 7 is_stmt 1 view .LVU114
 402              		.loc 1 413 27 is_stmt 0 view .LVU115
 403 00b4 E368     		ldr	r3, [r4, #12]
 404              		.loc 1 413 9 view .LVU116
 405 00b6 002B     		cmp	r3, #0
 406 00b8 00F0EB80 		beq	.L46
 414:Inc/STM32F3xx_HAL_Driver/Src/stm32f3xx_hal_rcc.c ****       {
 415:Inc/STM32F3xx_HAL_Driver/Src/stm32f3xx_hal_rcc.c ****        /* Enable the Internal High Speed oscillator (HSI). */
 416:Inc/STM32F3xx_HAL_Driver/Src/stm32f3xx_hal_rcc.c ****         __HAL_RCC_HSI_ENABLE();
 407              		.loc 1 416 9 is_stmt 1 view .LVU117
 408              	.LVL24:
 409              	.LBB168:
ARM GAS  /tmp/cccxcDip.s 			page 34


 410              	.LBI168:
 981:Inc/CMSIS/Core/Include/cmsis_gcc.h **** {
 411              		.loc 2 981 31 view .LVU118
 412              	.LBB169:
 983:Inc/CMSIS/Core/Include/cmsis_gcc.h **** 
 413              		.loc 2 983 3 view .LVU119
 988:Inc/CMSIS/Core/Include/cmsis_gcc.h **** #else
 414              		.loc 2 988 4 view .LVU120
 415 00bc 0122     		movs	r2, #1
 416              		.syntax unified
 417              	@ 988 "Inc/CMSIS/Core/Include/cmsis_gcc.h" 1
 418 00be 92FAA2F3 		rbit r3, r2
 419              	@ 0 "" 2
 420              	.LVL25:
 421              		.loc 2 1001 3 view .LVU121
 422              		.loc 2 1001 3 is_stmt 0 view .LVU122
 423              		.thumb
 424              		.syntax unified
 425              	.LBE169:
 426              	.LBE168:
 427              		.loc 1 416 9 discriminator 2 view .LVU123
 428 00c2 B3FA83F3 		clz	r3, r3
 429 00c6 03F18453 		add	r3, r3, #276824064
 430 00ca 03F58413 		add	r3, r3, #1081344
 431 00ce 9B00     		lsls	r3, r3, #2
 432 00d0 1A60     		str	r2, [r3]
 417:Inc/STM32F3xx_HAL_Driver/Src/stm32f3xx_hal_rcc.c ****         
 418:Inc/STM32F3xx_HAL_Driver/Src/stm32f3xx_hal_rcc.c ****         /* Get Start Tick */
 419:Inc/STM32F3xx_HAL_Driver/Src/stm32f3xx_hal_rcc.c ****         tickstart = HAL_GetTick();
 433              		.loc 1 419 9 is_stmt 1 view .LVU124
 434              		.loc 1 419 21 is_stmt 0 view .LVU125
 435 00d2 FFF7FEFF 		bl	HAL_GetTick
 436              	.LVL26:
 437 00d6 0546     		mov	r5, r0
 438              	.LVL27:
 420:Inc/STM32F3xx_HAL_Driver/Src/stm32f3xx_hal_rcc.c ****         
 421:Inc/STM32F3xx_HAL_Driver/Src/stm32f3xx_hal_rcc.c ****         /* Wait till HSI is ready */
 422:Inc/STM32F3xx_HAL_Driver/Src/stm32f3xx_hal_rcc.c ****         while(__HAL_RCC_GET_FLAG(RCC_FLAG_HSIRDY) == RESET)
 439              		.loc 1 422 9 is_stmt 1 view .LVU126
 440              	.L47:
 441              		.loc 1 422 51 view .LVU127
 442              	.LBB170:
 443              	.LBI170:
 981:Inc/CMSIS/Core/Include/cmsis_gcc.h **** {
 444              		.loc 2 981 31 view .LVU128
 445              	.LBB171:
 983:Inc/CMSIS/Core/Include/cmsis_gcc.h **** 
 446              		.loc 2 983 3 view .LVU129
 988:Inc/CMSIS/Core/Include/cmsis_gcc.h **** #else
 447              		.loc 2 988 4 view .LVU130
 448 00d8 0223     		movs	r3, #2
 449              		.syntax unified
 450              	@ 988 "Inc/CMSIS/Core/Include/cmsis_gcc.h" 1
 451 00da 93FAA3F3 		rbit r3, r3
 452              	@ 0 "" 2
 453              		.loc 2 1001 3 view .LVU131
 454              	.LVL28:
ARM GAS  /tmp/cccxcDip.s 			page 35


 455              		.loc 2 1001 3 is_stmt 0 view .LVU132
 456              		.thumb
 457              		.syntax unified
 458              	.LBE171:
 459              	.LBE170:
 460              		.loc 1 422 15 discriminator 1 view .LVU133
 461 00de 804B     		ldr	r3, .L133
 462 00e0 1968     		ldr	r1, [r3]
 463              	.LVL29:
 464              	.LBB172:
 465              	.LBI172:
 981:Inc/CMSIS/Core/Include/cmsis_gcc.h **** {
 466              		.loc 2 981 31 is_stmt 1 view .LVU134
 467              	.LBB173:
 983:Inc/CMSIS/Core/Include/cmsis_gcc.h **** 
 468              		.loc 2 983 3 view .LVU135
 988:Inc/CMSIS/Core/Include/cmsis_gcc.h **** #else
 469              		.loc 2 988 4 view .LVU136
 470 00e2 0223     		movs	r3, #2
 471              		.syntax unified
 472              	@ 988 "Inc/CMSIS/Core/Include/cmsis_gcc.h" 1
 473 00e4 93FAA3F3 		rbit r3, r3
 474              	@ 0 "" 2
 475              	.LVL30:
 476              		.loc 2 1001 3 view .LVU137
 477              		.loc 2 1001 3 is_stmt 0 view .LVU138
 478              		.thumb
 479              		.syntax unified
 480              	.LBE173:
 481              	.LBE172:
 482              		.loc 1 422 15 discriminator 2 view .LVU139
 483 00e8 B3FA83F3 		clz	r3, r3
 484 00ec 03F01F03 		and	r3, r3, #31
 485 00f0 0122     		movs	r2, #1
 486 00f2 02FA03F3 		lsl	r3, r2, r3
 487              		.loc 1 422 51 discriminator 2 view .LVU140
 488 00f6 0B42     		tst	r3, r1
 489 00f8 40F0BD80 		bne	.L123
 423:Inc/STM32F3xx_HAL_Driver/Src/stm32f3xx_hal_rcc.c ****         {
 424:Inc/STM32F3xx_HAL_Driver/Src/stm32f3xx_hal_rcc.c ****           if((HAL_GetTick() - tickstart ) > HSI_TIMEOUT_VALUE)
 490              		.loc 1 424 11 is_stmt 1 view .LVU141
 491              		.loc 1 424 15 is_stmt 0 view .LVU142
 492 00fc FFF7FEFF 		bl	HAL_GetTick
 493              	.LVL31:
 494              		.loc 1 424 29 discriminator 1 view .LVU143
 495 0100 401B     		subs	r0, r0, r5
 496              		.loc 1 424 13 discriminator 1 view .LVU144
 497 0102 0228     		cmp	r0, #2
 498 0104 E8D9     		bls	.L47
 425:Inc/STM32F3xx_HAL_Driver/Src/stm32f3xx_hal_rcc.c ****           {
 426:Inc/STM32F3xx_HAL_Driver/Src/stm32f3xx_hal_rcc.c ****             return HAL_TIMEOUT;
 499              		.loc 1 426 20 view .LVU145
 500 0106 0320     		movs	r0, #3
 501 0108 90E2     		b	.L21
 502              	.LVL32:
 503              	.L120:
 349:Inc/STM32F3xx_HAL_Driver/Src/stm32f3xx_hal_rcc.c ****       
ARM GAS  /tmp/cccxcDip.s 			page 36


 504              		.loc 1 349 7 is_stmt 1 discriminator 1 view .LVU146
 505 010a 754A     		ldr	r2, .L133
 506 010c 1368     		ldr	r3, [r2]
 507 010e 43F48033 		orr	r3, r3, #65536
 508 0112 1360     		str	r3, [r2]
 509              	.L28:
 349:Inc/STM32F3xx_HAL_Driver/Src/stm32f3xx_hal_rcc.c ****       
 510              		.loc 1 349 7 discriminator 10 view .LVU147
 357:Inc/STM32F3xx_HAL_Driver/Src/stm32f3xx_hal_rcc.c ****       {
 511              		.loc 1 357 7 view .LVU148
 357:Inc/STM32F3xx_HAL_Driver/Src/stm32f3xx_hal_rcc.c ****       {
 512              		.loc 1 357 27 is_stmt 0 view .LVU149
 513 0114 6368     		ldr	r3, [r4, #4]
 357:Inc/STM32F3xx_HAL_Driver/Src/stm32f3xx_hal_rcc.c ****       {
 514              		.loc 1 357 9 view .LVU150
 515 0116 002B     		cmp	r3, #0
 516 0118 36D0     		beq	.L31
 360:Inc/STM32F3xx_HAL_Driver/Src/stm32f3xx_hal_rcc.c ****         
 517              		.loc 1 360 9 is_stmt 1 view .LVU151
 360:Inc/STM32F3xx_HAL_Driver/Src/stm32f3xx_hal_rcc.c ****         
 518              		.loc 1 360 21 is_stmt 0 view .LVU152
 519 011a FFF7FEFF 		bl	HAL_GetTick
 520              	.LVL33:
 360:Inc/STM32F3xx_HAL_Driver/Src/stm32f3xx_hal_rcc.c ****         
 521              		.loc 1 360 21 view .LVU153
 522 011e 0546     		mov	r5, r0
 523              	.LVL34:
 363:Inc/STM32F3xx_HAL_Driver/Src/stm32f3xx_hal_rcc.c ****         {
 524              		.loc 1 363 9 is_stmt 1 view .LVU154
 525              	.L32:
 363:Inc/STM32F3xx_HAL_Driver/Src/stm32f3xx_hal_rcc.c ****         {
 526              		.loc 1 363 51 view .LVU155
 527              	.LBB174:
 528              	.LBI174:
 981:Inc/CMSIS/Core/Include/cmsis_gcc.h **** {
 529              		.loc 2 981 31 view .LVU156
 530              	.LBB175:
 983:Inc/CMSIS/Core/Include/cmsis_gcc.h **** 
 531              		.loc 2 983 3 view .LVU157
 988:Inc/CMSIS/Core/Include/cmsis_gcc.h **** #else
 532              		.loc 2 988 4 view .LVU158
 533 0120 4FF40033 		mov	r3, #131072
 534              		.syntax unified
 535              	@ 988 "Inc/CMSIS/Core/Include/cmsis_gcc.h" 1
 536 0124 93FAA3F3 		rbit r3, r3
 537              	@ 0 "" 2
 538              		.loc 2 1001 3 view .LVU159
 539              	.LVL35:
 540              		.loc 2 1001 3 is_stmt 0 view .LVU160
 541              		.thumb
 542              		.syntax unified
 543              	.LBE175:
 544              	.LBE174:
 363:Inc/STM32F3xx_HAL_Driver/Src/stm32f3xx_hal_rcc.c ****         {
 545              		.loc 1 363 15 discriminator 1 view .LVU161
 546 0128 6D4B     		ldr	r3, .L133
 547 012a 1968     		ldr	r1, [r3]
ARM GAS  /tmp/cccxcDip.s 			page 37


 548              	.LVL36:
 549              	.LBB176:
 550              	.LBI176:
 981:Inc/CMSIS/Core/Include/cmsis_gcc.h **** {
 551              		.loc 2 981 31 is_stmt 1 view .LVU162
 552              	.LBB177:
 983:Inc/CMSIS/Core/Include/cmsis_gcc.h **** 
 553              		.loc 2 983 3 view .LVU163
 988:Inc/CMSIS/Core/Include/cmsis_gcc.h **** #else
 554              		.loc 2 988 4 view .LVU164
 555 012c 4FF40033 		mov	r3, #131072
 556              		.syntax unified
 557              	@ 988 "Inc/CMSIS/Core/Include/cmsis_gcc.h" 1
 558 0130 93FAA3F3 		rbit r3, r3
 559              	@ 0 "" 2
 560              	.LVL37:
 561              		.loc 2 1001 3 view .LVU165
 562              		.loc 2 1001 3 is_stmt 0 view .LVU166
 563              		.thumb
 564              		.syntax unified
 565              	.LBE177:
 566              	.LBE176:
 363:Inc/STM32F3xx_HAL_Driver/Src/stm32f3xx_hal_rcc.c ****         {
 567              		.loc 1 363 15 discriminator 2 view .LVU167
 568 0134 B3FA83F3 		clz	r3, r3
 569 0138 03F01F03 		and	r3, r3, #31
 570 013c 0122     		movs	r2, #1
 571 013e 02FA03F3 		lsl	r3, r2, r3
 363:Inc/STM32F3xx_HAL_Driver/Src/stm32f3xx_hal_rcc.c ****         {
 572              		.loc 1 363 51 discriminator 2 view .LVU168
 573 0142 0B42     		tst	r3, r1
 574 0144 A4D1     		bne	.L22
 365:Inc/STM32F3xx_HAL_Driver/Src/stm32f3xx_hal_rcc.c ****           {
 575              		.loc 1 365 11 is_stmt 1 view .LVU169
 365:Inc/STM32F3xx_HAL_Driver/Src/stm32f3xx_hal_rcc.c ****           {
 576              		.loc 1 365 15 is_stmt 0 view .LVU170
 577 0146 FFF7FEFF 		bl	HAL_GetTick
 578              	.LVL38:
 365:Inc/STM32F3xx_HAL_Driver/Src/stm32f3xx_hal_rcc.c ****           {
 579              		.loc 1 365 29 discriminator 1 view .LVU171
 580 014a 401B     		subs	r0, r0, r5
 365:Inc/STM32F3xx_HAL_Driver/Src/stm32f3xx_hal_rcc.c ****           {
 581              		.loc 1 365 13 discriminator 1 view .LVU172
 582 014c 6428     		cmp	r0, #100
 583 014e E7D9     		bls	.L32
 367:Inc/STM32F3xx_HAL_Driver/Src/stm32f3xx_hal_rcc.c ****           }
 584              		.loc 1 367 20 view .LVU173
 585 0150 0320     		movs	r0, #3
 586 0152 6BE2     		b	.L21
 587              	.LVL39:
 588              	.L29:
 349:Inc/STM32F3xx_HAL_Driver/Src/stm32f3xx_hal_rcc.c ****       
 589              		.loc 1 349 7 is_stmt 1 discriminator 5 view .LVU174
 590 0154 B3F5A02F 		cmp	r3, #327680
 591 0158 09D0     		beq	.L124
 349:Inc/STM32F3xx_HAL_Driver/Src/stm32f3xx_hal_rcc.c ****       
 592              		.loc 1 349 7 discriminator 8 view .LVU175
ARM GAS  /tmp/cccxcDip.s 			page 38


 593 015a 614B     		ldr	r3, .L133
 594 015c 1A68     		ldr	r2, [r3]
 595 015e 22F48032 		bic	r2, r2, #65536
 596 0162 1A60     		str	r2, [r3]
 349:Inc/STM32F3xx_HAL_Driver/Src/stm32f3xx_hal_rcc.c ****       
 597              		.loc 1 349 7 view .LVU176
 349:Inc/STM32F3xx_HAL_Driver/Src/stm32f3xx_hal_rcc.c ****       
 598              		.loc 1 349 7 is_stmt 0 discriminator 8 view .LVU177
 599 0164 1A68     		ldr	r2, [r3]
 600 0166 22F48022 		bic	r2, r2, #262144
 601 016a 1A60     		str	r2, [r3]
 602 016c D2E7     		b	.L28
 603              	.L124:
 349:Inc/STM32F3xx_HAL_Driver/Src/stm32f3xx_hal_rcc.c ****       
 604              		.loc 1 349 7 is_stmt 1 discriminator 7 view .LVU178
 605 016e 03F18043 		add	r3, r3, #1073741824
 606 0172 A3F53C33 		sub	r3, r3, #192512
 607 0176 1A68     		ldr	r2, [r3]
 608 0178 42F48022 		orr	r2, r2, #262144
 609 017c 1A60     		str	r2, [r3]
 349:Inc/STM32F3xx_HAL_Driver/Src/stm32f3xx_hal_rcc.c ****       
 610              		.loc 1 349 7 view .LVU179
 349:Inc/STM32F3xx_HAL_Driver/Src/stm32f3xx_hal_rcc.c ****       
 611              		.loc 1 349 7 is_stmt 0 discriminator 7 view .LVU180
 612 017e 1A68     		ldr	r2, [r3]
 613 0180 42F48032 		orr	r2, r2, #65536
 614 0184 1A60     		str	r2, [r3]
 615 0186 C5E7     		b	.L28
 616              	.L31:
 374:Inc/STM32F3xx_HAL_Driver/Src/stm32f3xx_hal_rcc.c ****         
 617              		.loc 1 374 9 is_stmt 1 view .LVU181
 374:Inc/STM32F3xx_HAL_Driver/Src/stm32f3xx_hal_rcc.c ****         
 618              		.loc 1 374 21 is_stmt 0 view .LVU182
 619 0188 FFF7FEFF 		bl	HAL_GetTick
 620              	.LVL40:
 374:Inc/STM32F3xx_HAL_Driver/Src/stm32f3xx_hal_rcc.c ****         
 621              		.loc 1 374 21 view .LVU183
 622 018c 0546     		mov	r5, r0
 623              	.LVL41:
 377:Inc/STM32F3xx_HAL_Driver/Src/stm32f3xx_hal_rcc.c ****         {
 624              		.loc 1 377 9 is_stmt 1 view .LVU184
 625              	.L36:
 377:Inc/STM32F3xx_HAL_Driver/Src/stm32f3xx_hal_rcc.c ****         {
 626              		.loc 1 377 51 view .LVU185
 627              	.LBB178:
 628              	.LBI178:
 981:Inc/CMSIS/Core/Include/cmsis_gcc.h **** {
 629              		.loc 2 981 31 view .LVU186
 630              	.LBB179:
 983:Inc/CMSIS/Core/Include/cmsis_gcc.h **** 
 631              		.loc 2 983 3 view .LVU187
 988:Inc/CMSIS/Core/Include/cmsis_gcc.h **** #else
 632              		.loc 2 988 4 view .LVU188
 633 018e 4FF40033 		mov	r3, #131072
 634              		.syntax unified
 635              	@ 988 "Inc/CMSIS/Core/Include/cmsis_gcc.h" 1
 636 0192 93FAA3F3 		rbit r3, r3
ARM GAS  /tmp/cccxcDip.s 			page 39


 637              	@ 0 "" 2
 638              		.loc 2 1001 3 view .LVU189
 639              	.LVL42:
 640              		.loc 2 1001 3 is_stmt 0 view .LVU190
 641              		.thumb
 642              		.syntax unified
 643              	.LBE179:
 644              	.LBE178:
 377:Inc/STM32F3xx_HAL_Driver/Src/stm32f3xx_hal_rcc.c ****         {
 645              		.loc 1 377 15 discriminator 1 view .LVU191
 646 0196 524B     		ldr	r3, .L133
 647 0198 1968     		ldr	r1, [r3]
 648              	.LVL43:
 649              	.LBB180:
 650              	.LBI180:
 981:Inc/CMSIS/Core/Include/cmsis_gcc.h **** {
 651              		.loc 2 981 31 is_stmt 1 view .LVU192
 652              	.LBB181:
 983:Inc/CMSIS/Core/Include/cmsis_gcc.h **** 
 653              		.loc 2 983 3 view .LVU193
 988:Inc/CMSIS/Core/Include/cmsis_gcc.h **** #else
 654              		.loc 2 988 4 view .LVU194
 655 019a 4FF40033 		mov	r3, #131072
 656              		.syntax unified
 657              	@ 988 "Inc/CMSIS/Core/Include/cmsis_gcc.h" 1
 658 019e 93FAA3F3 		rbit r3, r3
 659              	@ 0 "" 2
 660              	.LVL44:
 661              		.loc 2 1001 3 view .LVU195
 662              		.loc 2 1001 3 is_stmt 0 view .LVU196
 663              		.thumb
 664              		.syntax unified
 665              	.LBE181:
 666              	.LBE180:
 377:Inc/STM32F3xx_HAL_Driver/Src/stm32f3xx_hal_rcc.c ****         {
 667              		.loc 1 377 15 discriminator 2 view .LVU197
 668 01a2 B3FA83F3 		clz	r3, r3
 669 01a6 03F01F03 		and	r3, r3, #31
 670 01aa 0122     		movs	r2, #1
 671 01ac 02FA03F3 		lsl	r3, r2, r3
 377:Inc/STM32F3xx_HAL_Driver/Src/stm32f3xx_hal_rcc.c ****         {
 672              		.loc 1 377 51 discriminator 2 view .LVU198
 673 01b0 0B42     		tst	r3, r1
 674 01b2 3FF46DAF 		beq	.L22
 379:Inc/STM32F3xx_HAL_Driver/Src/stm32f3xx_hal_rcc.c ****           {
 675              		.loc 1 379 12 is_stmt 1 view .LVU199
 379:Inc/STM32F3xx_HAL_Driver/Src/stm32f3xx_hal_rcc.c ****           {
 676              		.loc 1 379 16 is_stmt 0 view .LVU200
 677 01b6 FFF7FEFF 		bl	HAL_GetTick
 678              	.LVL45:
 379:Inc/STM32F3xx_HAL_Driver/Src/stm32f3xx_hal_rcc.c ****           {
 679              		.loc 1 379 30 discriminator 1 view .LVU201
 680 01ba 401B     		subs	r0, r0, r5
 379:Inc/STM32F3xx_HAL_Driver/Src/stm32f3xx_hal_rcc.c ****           {
 681              		.loc 1 379 14 discriminator 1 view .LVU202
 682 01bc 6428     		cmp	r0, #100
 683 01be E6D9     		bls	.L36
ARM GAS  /tmp/cccxcDip.s 			page 40


 381:Inc/STM32F3xx_HAL_Driver/Src/stm32f3xx_hal_rcc.c ****           }
 684              		.loc 1 381 20 view .LVU203
 685 01c0 0320     		movs	r0, #3
 686 01c2 33E2     		b	.L21
 687              	.LVL46:
 688              	.L122:
 396:Inc/STM32F3xx_HAL_Driver/Src/stm32f3xx_hal_rcc.c ****     {
 689              		.loc 1 396 82 discriminator 1 view .LVU204
 690 01c4 464B     		ldr	r3, .L133
 691 01c6 5B68     		ldr	r3, [r3, #4]
 692 01c8 03F4C033 		and	r3, r3, #98304
 396:Inc/STM32F3xx_HAL_Driver/Src/stm32f3xx_hal_rcc.c ****     {
 693              		.loc 1 396 78 discriminator 1 view .LVU205
 694 01cc B3F5004F 		cmp	r3, #32768
 695 01d0 7FF470AF 		bne	.L42
 696              	.L41:
 399:Inc/STM32F3xx_HAL_Driver/Src/stm32f3xx_hal_rcc.c ****       {
 697              		.loc 1 399 7 is_stmt 1 view .LVU206
 698              	.LVL47:
 699              	.LBB182:
 700              	.LBI182:
 981:Inc/CMSIS/Core/Include/cmsis_gcc.h **** {
 701              		.loc 2 981 31 view .LVU207
 702              	.LBB183:
 983:Inc/CMSIS/Core/Include/cmsis_gcc.h **** 
 703              		.loc 2 983 3 view .LVU208
 988:Inc/CMSIS/Core/Include/cmsis_gcc.h **** #else
 704              		.loc 2 988 4 view .LVU209
 705 01d4 0223     		movs	r3, #2
 706              		.syntax unified
 707              	@ 988 "Inc/CMSIS/Core/Include/cmsis_gcc.h" 1
 708 01d6 93FAA3F3 		rbit r3, r3
 709              	@ 0 "" 2
 710              		.loc 2 1001 3 view .LVU210
 711              	.LVL48:
 712              		.loc 2 1001 3 is_stmt 0 view .LVU211
 713              		.thumb
 714              		.syntax unified
 715              	.LBE183:
 716              	.LBE182:
 399:Inc/STM32F3xx_HAL_Driver/Src/stm32f3xx_hal_rcc.c ****       {
 717              		.loc 1 399 11 discriminator 1 view .LVU212
 718 01da 414B     		ldr	r3, .L133
 719 01dc 1968     		ldr	r1, [r3]
 720              	.LVL49:
 721              	.LBB184:
 722              	.LBI184:
 981:Inc/CMSIS/Core/Include/cmsis_gcc.h **** {
 723              		.loc 2 981 31 is_stmt 1 view .LVU213
 724              	.LBB185:
 983:Inc/CMSIS/Core/Include/cmsis_gcc.h **** 
 725              		.loc 2 983 3 view .LVU214
 988:Inc/CMSIS/Core/Include/cmsis_gcc.h **** #else
 726              		.loc 2 988 4 view .LVU215
 727 01de 0223     		movs	r3, #2
 728              		.syntax unified
 729              	@ 988 "Inc/CMSIS/Core/Include/cmsis_gcc.h" 1
ARM GAS  /tmp/cccxcDip.s 			page 41


 730 01e0 93FAA3F3 		rbit r3, r3
 731              	@ 0 "" 2
 732              	.LVL50:
 733              		.loc 2 1001 3 view .LVU216
 734              		.loc 2 1001 3 is_stmt 0 view .LVU217
 735              		.thumb
 736              		.syntax unified
 737              	.LBE185:
 738              	.LBE184:
 399:Inc/STM32F3xx_HAL_Driver/Src/stm32f3xx_hal_rcc.c ****       {
 739              		.loc 1 399 11 discriminator 2 view .LVU218
 740 01e4 B3FA83F3 		clz	r3, r3
 741 01e8 03F01F03 		and	r3, r3, #31
 742 01ec 0122     		movs	r2, #1
 743 01ee 02FA03F3 		lsl	r3, r2, r3
 399:Inc/STM32F3xx_HAL_Driver/Src/stm32f3xx_hal_rcc.c ****       {
 744              		.loc 1 399 9 discriminator 2 view .LVU219
 745 01f2 0B42     		tst	r3, r1
 746 01f4 03D0     		beq	.L45
 399:Inc/STM32F3xx_HAL_Driver/Src/stm32f3xx_hal_rcc.c ****       {
 747              		.loc 1 399 78 discriminator 13 view .LVU220
 748 01f6 E368     		ldr	r3, [r4, #12]
 399:Inc/STM32F3xx_HAL_Driver/Src/stm32f3xx_hal_rcc.c ****       {
 749              		.loc 1 399 57 discriminator 13 view .LVU221
 750 01f8 9342     		cmp	r3, r2
 751 01fa 40F01082 		bne	.L98
 752              	.L45:
 407:Inc/STM32F3xx_HAL_Driver/Src/stm32f3xx_hal_rcc.c ****       }
 753              		.loc 1 407 9 is_stmt 1 view .LVU222
 754 01fe 3848     		ldr	r0, .L133
 755 0200 0368     		ldr	r3, [r0]
 756 0202 23F0F803 		bic	r3, r3, #248
 757 0206 2169     		ldr	r1, [r4, #16]
 758              	.LVL51:
 759              	.LBB186:
 760              	.LBI186:
 981:Inc/CMSIS/Core/Include/cmsis_gcc.h **** {
 761              		.loc 2 981 31 view .LVU223
 762              	.LBB187:
 983:Inc/CMSIS/Core/Include/cmsis_gcc.h **** 
 763              		.loc 2 983 3 view .LVU224
 988:Inc/CMSIS/Core/Include/cmsis_gcc.h **** #else
 764              		.loc 2 988 4 view .LVU225
 765 0208 F822     		movs	r2, #248
 766              		.syntax unified
 767              	@ 988 "Inc/CMSIS/Core/Include/cmsis_gcc.h" 1
 768 020a 92FAA2F2 		rbit r2, r2
 769              	@ 0 "" 2
 770              	.LVL52:
 771              		.loc 2 1001 3 view .LVU226
 772              		.loc 2 1001 3 is_stmt 0 view .LVU227
 773              		.thumb
 774              		.syntax unified
 775              	.LBE187:
 776              	.LBE186:
 407:Inc/STM32F3xx_HAL_Driver/Src/stm32f3xx_hal_rcc.c ****       }
 777              		.loc 1 407 9 discriminator 2 view .LVU228
ARM GAS  /tmp/cccxcDip.s 			page 42


 778 020e B2FA82F2 		clz	r2, r2
 779 0212 9140     		lsls	r1, r1, r2
 780 0214 0B43     		orrs	r3, r3, r1
 781 0216 0360     		str	r3, [r0]
 782              	.L40:
 427:Inc/STM32F3xx_HAL_Driver/Src/stm32f3xx_hal_rcc.c ****           }
 428:Inc/STM32F3xx_HAL_Driver/Src/stm32f3xx_hal_rcc.c ****         }
 429:Inc/STM32F3xx_HAL_Driver/Src/stm32f3xx_hal_rcc.c ****                 
 430:Inc/STM32F3xx_HAL_Driver/Src/stm32f3xx_hal_rcc.c ****         /* Adjusts the Internal High Speed oscillator (HSI) calibration value.*/
 431:Inc/STM32F3xx_HAL_Driver/Src/stm32f3xx_hal_rcc.c ****         __HAL_RCC_HSI_CALIBRATIONVALUE_ADJUST(RCC_OscInitStruct->HSICalibrationValue);
 432:Inc/STM32F3xx_HAL_Driver/Src/stm32f3xx_hal_rcc.c ****       }
 433:Inc/STM32F3xx_HAL_Driver/Src/stm32f3xx_hal_rcc.c ****       else
 434:Inc/STM32F3xx_HAL_Driver/Src/stm32f3xx_hal_rcc.c ****       {
 435:Inc/STM32F3xx_HAL_Driver/Src/stm32f3xx_hal_rcc.c ****         /* Disable the Internal High Speed oscillator (HSI). */
 436:Inc/STM32F3xx_HAL_Driver/Src/stm32f3xx_hal_rcc.c ****         __HAL_RCC_HSI_DISABLE();
 437:Inc/STM32F3xx_HAL_Driver/Src/stm32f3xx_hal_rcc.c ****         
 438:Inc/STM32F3xx_HAL_Driver/Src/stm32f3xx_hal_rcc.c ****         /* Get Start Tick */
 439:Inc/STM32F3xx_HAL_Driver/Src/stm32f3xx_hal_rcc.c ****         tickstart = HAL_GetTick();
 440:Inc/STM32F3xx_HAL_Driver/Src/stm32f3xx_hal_rcc.c ****         
 441:Inc/STM32F3xx_HAL_Driver/Src/stm32f3xx_hal_rcc.c ****         /* Wait till HSI is disabled */
 442:Inc/STM32F3xx_HAL_Driver/Src/stm32f3xx_hal_rcc.c ****         while(__HAL_RCC_GET_FLAG(RCC_FLAG_HSIRDY) != RESET)
 443:Inc/STM32F3xx_HAL_Driver/Src/stm32f3xx_hal_rcc.c ****         {
 444:Inc/STM32F3xx_HAL_Driver/Src/stm32f3xx_hal_rcc.c ****           if((HAL_GetTick() - tickstart ) > HSI_TIMEOUT_VALUE)
 445:Inc/STM32F3xx_HAL_Driver/Src/stm32f3xx_hal_rcc.c ****           {
 446:Inc/STM32F3xx_HAL_Driver/Src/stm32f3xx_hal_rcc.c ****             return HAL_TIMEOUT;
 447:Inc/STM32F3xx_HAL_Driver/Src/stm32f3xx_hal_rcc.c ****           }
 448:Inc/STM32F3xx_HAL_Driver/Src/stm32f3xx_hal_rcc.c ****         }
 449:Inc/STM32F3xx_HAL_Driver/Src/stm32f3xx_hal_rcc.c ****       }
 450:Inc/STM32F3xx_HAL_Driver/Src/stm32f3xx_hal_rcc.c ****     }
 451:Inc/STM32F3xx_HAL_Driver/Src/stm32f3xx_hal_rcc.c ****   }
 452:Inc/STM32F3xx_HAL_Driver/Src/stm32f3xx_hal_rcc.c ****   /*------------------------------ LSI Configuration -------------------------*/ 
 453:Inc/STM32F3xx_HAL_Driver/Src/stm32f3xx_hal_rcc.c ****   if(((RCC_OscInitStruct->OscillatorType) & RCC_OSCILLATORTYPE_LSI) == RCC_OSCILLATORTYPE_LSI)
 783              		.loc 1 453 3 is_stmt 1 view .LVU229
 784              		.loc 1 453 25 is_stmt 0 view .LVU230
 785 0218 2368     		ldr	r3, [r4]
 786              		.loc 1 453 5 view .LVU231
 787 021a 13F0080F 		tst	r3, #8
 788 021e 00F08B80 		beq	.L55
 454:Inc/STM32F3xx_HAL_Driver/Src/stm32f3xx_hal_rcc.c ****   {
 455:Inc/STM32F3xx_HAL_Driver/Src/stm32f3xx_hal_rcc.c ****     /* Check the parameters */
 456:Inc/STM32F3xx_HAL_Driver/Src/stm32f3xx_hal_rcc.c ****     assert_param(IS_RCC_LSI(RCC_OscInitStruct->LSIState));
 789              		.loc 1 456 5 is_stmt 1 view .LVU232
 457:Inc/STM32F3xx_HAL_Driver/Src/stm32f3xx_hal_rcc.c ****     
 458:Inc/STM32F3xx_HAL_Driver/Src/stm32f3xx_hal_rcc.c ****     /* Check the LSI State */
 459:Inc/STM32F3xx_HAL_Driver/Src/stm32f3xx_hal_rcc.c ****     if(RCC_OscInitStruct->LSIState != RCC_LSI_OFF)
 790              		.loc 1 459 5 view .LVU233
 791              		.loc 1 459 25 is_stmt 0 view .LVU234
 792 0222 6369     		ldr	r3, [r4, #20]
 793              		.loc 1 459 7 view .LVU235
 794 0224 002B     		cmp	r3, #0
 795 0226 5FD0     		beq	.L56
 460:Inc/STM32F3xx_HAL_Driver/Src/stm32f3xx_hal_rcc.c ****     {
 461:Inc/STM32F3xx_HAL_Driver/Src/stm32f3xx_hal_rcc.c ****       /* Enable the Internal Low Speed oscillator (LSI). */
 462:Inc/STM32F3xx_HAL_Driver/Src/stm32f3xx_hal_rcc.c ****       __HAL_RCC_LSI_ENABLE();
 796              		.loc 1 462 7 is_stmt 1 view .LVU236
 797              	.LVL53:
 798              	.LBB188:
ARM GAS  /tmp/cccxcDip.s 			page 43


 799              	.LBI188:
 981:Inc/CMSIS/Core/Include/cmsis_gcc.h **** {
 800              		.loc 2 981 31 view .LVU237
 801              	.LBB189:
 983:Inc/CMSIS/Core/Include/cmsis_gcc.h **** 
 802              		.loc 2 983 3 view .LVU238
 988:Inc/CMSIS/Core/Include/cmsis_gcc.h **** #else
 803              		.loc 2 988 4 view .LVU239
 804 0228 0121     		movs	r1, #1
 805              		.syntax unified
 806              	@ 988 "Inc/CMSIS/Core/Include/cmsis_gcc.h" 1
 807 022a 91FAA1F2 		rbit r2, r1
 808              	@ 0 "" 2
 809              	.LVL54:
 810              		.loc 2 1001 3 view .LVU240
 811              		.loc 2 1001 3 is_stmt 0 view .LVU241
 812              		.thumb
 813              		.syntax unified
 814              	.LBE189:
 815              	.LBE188:
 816              		.loc 1 462 7 discriminator 2 view .LVU242
 817 022e B2FA82F2 		clz	r2, r2
 818 0232 2C4B     		ldr	r3, .L133+4
 819 0234 1344     		add	r3, r3, r2
 820 0236 9B00     		lsls	r3, r3, #2
 821 0238 1960     		str	r1, [r3]
 463:Inc/STM32F3xx_HAL_Driver/Src/stm32f3xx_hal_rcc.c ****       
 464:Inc/STM32F3xx_HAL_Driver/Src/stm32f3xx_hal_rcc.c ****       /* Get Start Tick */
 465:Inc/STM32F3xx_HAL_Driver/Src/stm32f3xx_hal_rcc.c ****       tickstart = HAL_GetTick();
 822              		.loc 1 465 7 is_stmt 1 view .LVU243
 823              		.loc 1 465 19 is_stmt 0 view .LVU244
 824 023a FFF7FEFF 		bl	HAL_GetTick
 825              	.LVL55:
 826 023e 0546     		mov	r5, r0
 827              	.LVL56:
 466:Inc/STM32F3xx_HAL_Driver/Src/stm32f3xx_hal_rcc.c ****       
 467:Inc/STM32F3xx_HAL_Driver/Src/stm32f3xx_hal_rcc.c ****       /* Wait till LSI is ready */  
 468:Inc/STM32F3xx_HAL_Driver/Src/stm32f3xx_hal_rcc.c ****       while(__HAL_RCC_GET_FLAG(RCC_FLAG_LSIRDY) == RESET)
 828              		.loc 1 468 7 is_stmt 1 view .LVU245
 829              	.L57:
 830              		.loc 1 468 49 view .LVU246
 831              	.LBB190:
 832              	.LBI190:
 981:Inc/CMSIS/Core/Include/cmsis_gcc.h **** {
 833              		.loc 2 981 31 view .LVU247
 834              	.LBB191:
 983:Inc/CMSIS/Core/Include/cmsis_gcc.h **** 
 835              		.loc 2 983 3 view .LVU248
 988:Inc/CMSIS/Core/Include/cmsis_gcc.h **** #else
 836              		.loc 2 988 4 view .LVU249
 837 0240 0223     		movs	r3, #2
 838              		.syntax unified
 839              	@ 988 "Inc/CMSIS/Core/Include/cmsis_gcc.h" 1
 840 0242 93FAA3F2 		rbit r2, r3
 841              	@ 0 "" 2
 842              	.LVL57:
 843              		.loc 2 1001 3 view .LVU250
ARM GAS  /tmp/cccxcDip.s 			page 44


 844              		.loc 2 1001 3 is_stmt 0 view .LVU251
 845              		.thumb
 846              		.syntax unified
 847              	.LBE191:
 848              	.LBE190:
 849              	.LBB192:
 850              	.LBI192:
 981:Inc/CMSIS/Core/Include/cmsis_gcc.h **** {
 851              		.loc 2 981 31 is_stmt 1 view .LVU252
 852              	.LBB193:
 983:Inc/CMSIS/Core/Include/cmsis_gcc.h **** 
 853              		.loc 2 983 3 view .LVU253
 988:Inc/CMSIS/Core/Include/cmsis_gcc.h **** #else
 854              		.loc 2 988 4 view .LVU254
 855              		.syntax unified
 856              	@ 988 "Inc/CMSIS/Core/Include/cmsis_gcc.h" 1
 857 0246 93FAA3F2 		rbit r2, r3
 858              	@ 0 "" 2
 859              	.LVL58:
 860              		.loc 2 1001 3 view .LVU255
 861              		.loc 2 1001 3 is_stmt 0 view .LVU256
 862              		.thumb
 863              		.syntax unified
 864              	.LBE193:
 865              	.LBE192:
 866              	.LBB194:
 867              	.LBI194:
 981:Inc/CMSIS/Core/Include/cmsis_gcc.h **** {
 868              		.loc 2 981 31 is_stmt 1 view .LVU257
 869              	.LBB195:
 983:Inc/CMSIS/Core/Include/cmsis_gcc.h **** 
 870              		.loc 2 983 3 view .LVU258
 988:Inc/CMSIS/Core/Include/cmsis_gcc.h **** #else
 871              		.loc 2 988 4 view .LVU259
 872              		.syntax unified
 873              	@ 988 "Inc/CMSIS/Core/Include/cmsis_gcc.h" 1
 874 024a 93FAA3F2 		rbit r2, r3
 875              	@ 0 "" 2
 876              	.LVL59:
 877              		.loc 2 1001 3 view .LVU260
 878              		.loc 2 1001 3 is_stmt 0 view .LVU261
 879              		.thumb
 880              		.syntax unified
 881              	.LBE195:
 882              	.LBE194:
 883              		.loc 1 468 13 discriminator 8 view .LVU262
 884 024e 244A     		ldr	r2, .L133
 885 0250 516A     		ldr	r1, [r2, #36]
 886              	.LVL60:
 887              	.LBB196:
 888              	.LBI196:
 981:Inc/CMSIS/Core/Include/cmsis_gcc.h **** {
 889              		.loc 2 981 31 is_stmt 1 view .LVU263
 890              	.LBB197:
 983:Inc/CMSIS/Core/Include/cmsis_gcc.h **** 
 891              		.loc 2 983 3 view .LVU264
 988:Inc/CMSIS/Core/Include/cmsis_gcc.h **** #else
ARM GAS  /tmp/cccxcDip.s 			page 45


 892              		.loc 2 988 4 view .LVU265
 893              		.syntax unified
 894              	@ 988 "Inc/CMSIS/Core/Include/cmsis_gcc.h" 1
 895 0252 93FAA3F3 		rbit r3, r3
 896              	@ 0 "" 2
 897              	.LVL61:
 898              		.loc 2 1001 3 view .LVU266
 899              		.loc 2 1001 3 is_stmt 0 view .LVU267
 900              		.thumb
 901              		.syntax unified
 902              	.LBE197:
 903              	.LBE196:
 904              		.loc 1 468 13 discriminator 2 view .LVU268
 905 0256 B3FA83F3 		clz	r3, r3
 906 025a 03F01F03 		and	r3, r3, #31
 907 025e 0122     		movs	r2, #1
 908 0260 02FA03F3 		lsl	r3, r2, r3
 909              		.loc 1 468 49 discriminator 2 view .LVU269
 910 0264 0B42     		tst	r3, r1
 911 0266 67D1     		bne	.L55
 469:Inc/STM32F3xx_HAL_Driver/Src/stm32f3xx_hal_rcc.c ****       {
 470:Inc/STM32F3xx_HAL_Driver/Src/stm32f3xx_hal_rcc.c ****         if((HAL_GetTick() - tickstart ) > LSI_TIMEOUT_VALUE)
 912              		.loc 1 470 9 is_stmt 1 view .LVU270
 913              		.loc 1 470 13 is_stmt 0 view .LVU271
 914 0268 FFF7FEFF 		bl	HAL_GetTick
 915              	.LVL62:
 916              		.loc 1 470 27 discriminator 1 view .LVU272
 917 026c 401B     		subs	r0, r0, r5
 918              		.loc 1 470 11 discriminator 1 view .LVU273
 919 026e 0228     		cmp	r0, #2
 920 0270 E6D9     		bls	.L57
 471:Inc/STM32F3xx_HAL_Driver/Src/stm32f3xx_hal_rcc.c ****         {
 472:Inc/STM32F3xx_HAL_Driver/Src/stm32f3xx_hal_rcc.c ****           return HAL_TIMEOUT;
 921              		.loc 1 472 18 view .LVU274
 922 0272 0320     		movs	r0, #3
 923 0274 DAE1     		b	.L21
 924              	.L123:
 431:Inc/STM32F3xx_HAL_Driver/Src/stm32f3xx_hal_rcc.c ****       }
 925              		.loc 1 431 9 is_stmt 1 view .LVU275
 926 0276 1A48     		ldr	r0, .L133
 927 0278 0368     		ldr	r3, [r0]
 928 027a 23F0F803 		bic	r3, r3, #248
 929 027e 2169     		ldr	r1, [r4, #16]
 930              	.LVL63:
 931              	.LBB198:
 932              	.LBI198:
 981:Inc/CMSIS/Core/Include/cmsis_gcc.h **** {
 933              		.loc 2 981 31 view .LVU276
 934              	.LBB199:
 983:Inc/CMSIS/Core/Include/cmsis_gcc.h **** 
 935              		.loc 2 983 3 view .LVU277
 988:Inc/CMSIS/Core/Include/cmsis_gcc.h **** #else
 936              		.loc 2 988 4 view .LVU278
 937 0280 F822     		movs	r2, #248
 938              		.syntax unified
 939              	@ 988 "Inc/CMSIS/Core/Include/cmsis_gcc.h" 1
 940 0282 92FAA2F2 		rbit r2, r2
ARM GAS  /tmp/cccxcDip.s 			page 46


 941              	@ 0 "" 2
 942              	.LVL64:
 943              		.loc 2 1001 3 view .LVU279
 944              		.loc 2 1001 3 is_stmt 0 view .LVU280
 945              		.thumb
 946              		.syntax unified
 947              	.LBE199:
 948              	.LBE198:
 431:Inc/STM32F3xx_HAL_Driver/Src/stm32f3xx_hal_rcc.c ****       }
 949              		.loc 1 431 9 discriminator 2 view .LVU281
 950 0286 B2FA82F2 		clz	r2, r2
 951 028a 9140     		lsls	r1, r1, r2
 952 028c 0B43     		orrs	r3, r3, r1
 953 028e 0360     		str	r3, [r0]
 954 0290 C2E7     		b	.L40
 955              	.LVL65:
 956              	.L46:
 436:Inc/STM32F3xx_HAL_Driver/Src/stm32f3xx_hal_rcc.c ****         
 957              		.loc 1 436 9 is_stmt 1 view .LVU282
 958              	.LBB200:
 959              	.LBI200:
 981:Inc/CMSIS/Core/Include/cmsis_gcc.h **** {
 960              		.loc 2 981 31 view .LVU283
 961              	.LBB201:
 983:Inc/CMSIS/Core/Include/cmsis_gcc.h **** 
 962              		.loc 2 983 3 view .LVU284
 988:Inc/CMSIS/Core/Include/cmsis_gcc.h **** #else
 963              		.loc 2 988 4 view .LVU285
 964 0292 0123     		movs	r3, #1
 965              		.syntax unified
 966              	@ 988 "Inc/CMSIS/Core/Include/cmsis_gcc.h" 1
 967 0294 93FAA3F3 		rbit r3, r3
 968              	@ 0 "" 2
 969              	.LVL66:
 970              		.loc 2 1001 3 view .LVU286
 971              		.loc 2 1001 3 is_stmt 0 view .LVU287
 972              		.thumb
 973              		.syntax unified
 974              	.LBE201:
 975              	.LBE200:
 436:Inc/STM32F3xx_HAL_Driver/Src/stm32f3xx_hal_rcc.c ****         
 976              		.loc 1 436 9 discriminator 2 view .LVU288
 977 0298 B3FA83F3 		clz	r3, r3
 978 029c 03F18453 		add	r3, r3, #276824064
 979 02a0 03F58413 		add	r3, r3, #1081344
 980 02a4 9B00     		lsls	r3, r3, #2
 981 02a6 0022     		movs	r2, #0
 982 02a8 1A60     		str	r2, [r3]
 439:Inc/STM32F3xx_HAL_Driver/Src/stm32f3xx_hal_rcc.c ****         
 983              		.loc 1 439 9 is_stmt 1 view .LVU289
 439:Inc/STM32F3xx_HAL_Driver/Src/stm32f3xx_hal_rcc.c ****         
 984              		.loc 1 439 21 is_stmt 0 view .LVU290
 985 02aa FFF7FEFF 		bl	HAL_GetTick
 986              	.LVL67:
 987 02ae 0546     		mov	r5, r0
 988              	.LVL68:
 442:Inc/STM32F3xx_HAL_Driver/Src/stm32f3xx_hal_rcc.c ****         {
ARM GAS  /tmp/cccxcDip.s 			page 47


 989              		.loc 1 442 9 is_stmt 1 view .LVU291
 990              	.L51:
 442:Inc/STM32F3xx_HAL_Driver/Src/stm32f3xx_hal_rcc.c ****         {
 991              		.loc 1 442 51 view .LVU292
 992              	.LBB202:
 993              	.LBI202:
 981:Inc/CMSIS/Core/Include/cmsis_gcc.h **** {
 994              		.loc 2 981 31 view .LVU293
 995              	.LBB203:
 983:Inc/CMSIS/Core/Include/cmsis_gcc.h **** 
 996              		.loc 2 983 3 view .LVU294
 988:Inc/CMSIS/Core/Include/cmsis_gcc.h **** #else
 997              		.loc 2 988 4 view .LVU295
 998 02b0 0223     		movs	r3, #2
 999              		.syntax unified
 1000              	@ 988 "Inc/CMSIS/Core/Include/cmsis_gcc.h" 1
 1001 02b2 93FAA3F3 		rbit r3, r3
 1002              	@ 0 "" 2
 1003              		.loc 2 1001 3 view .LVU296
 1004              	.LVL69:
 1005              		.loc 2 1001 3 is_stmt 0 view .LVU297
 1006              		.thumb
 1007              		.syntax unified
 1008              	.LBE203:
 1009              	.LBE202:
 442:Inc/STM32F3xx_HAL_Driver/Src/stm32f3xx_hal_rcc.c ****         {
 1010              		.loc 1 442 15 discriminator 1 view .LVU298
 1011 02b6 0A4B     		ldr	r3, .L133
 1012 02b8 1968     		ldr	r1, [r3]
 1013              	.LVL70:
 1014              	.LBB204:
 1015              	.LBI204:
 981:Inc/CMSIS/Core/Include/cmsis_gcc.h **** {
 1016              		.loc 2 981 31 is_stmt 1 view .LVU299
 1017              	.LBB205:
 983:Inc/CMSIS/Core/Include/cmsis_gcc.h **** 
 1018              		.loc 2 983 3 view .LVU300
 988:Inc/CMSIS/Core/Include/cmsis_gcc.h **** #else
 1019              		.loc 2 988 4 view .LVU301
 1020 02ba 0223     		movs	r3, #2
 1021              		.syntax unified
 1022              	@ 988 "Inc/CMSIS/Core/Include/cmsis_gcc.h" 1
 1023 02bc 93FAA3F3 		rbit r3, r3
 1024              	@ 0 "" 2
 1025              	.LVL71:
 1026              		.loc 2 1001 3 view .LVU302
 1027              		.loc 2 1001 3 is_stmt 0 view .LVU303
 1028              		.thumb
 1029              		.syntax unified
 1030              	.LBE205:
 1031              	.LBE204:
 442:Inc/STM32F3xx_HAL_Driver/Src/stm32f3xx_hal_rcc.c ****         {
 1032              		.loc 1 442 15 discriminator 2 view .LVU304
 1033 02c0 B3FA83F3 		clz	r3, r3
 1034 02c4 03F01F03 		and	r3, r3, #31
 1035 02c8 0122     		movs	r2, #1
 1036 02ca 02FA03F3 		lsl	r3, r2, r3
ARM GAS  /tmp/cccxcDip.s 			page 48


 442:Inc/STM32F3xx_HAL_Driver/Src/stm32f3xx_hal_rcc.c ****         {
 1037              		.loc 1 442 51 discriminator 2 view .LVU305
 1038 02ce 0B42     		tst	r3, r1
 1039 02d0 A2D0     		beq	.L40
 444:Inc/STM32F3xx_HAL_Driver/Src/stm32f3xx_hal_rcc.c ****           {
 1040              		.loc 1 444 11 is_stmt 1 view .LVU306
 444:Inc/STM32F3xx_HAL_Driver/Src/stm32f3xx_hal_rcc.c ****           {
 1041              		.loc 1 444 15 is_stmt 0 view .LVU307
 1042 02d2 FFF7FEFF 		bl	HAL_GetTick
 1043              	.LVL72:
 444:Inc/STM32F3xx_HAL_Driver/Src/stm32f3xx_hal_rcc.c ****           {
 1044              		.loc 1 444 29 discriminator 1 view .LVU308
 1045 02d6 401B     		subs	r0, r0, r5
 444:Inc/STM32F3xx_HAL_Driver/Src/stm32f3xx_hal_rcc.c ****           {
 1046              		.loc 1 444 13 discriminator 1 view .LVU309
 1047 02d8 0228     		cmp	r0, #2
 1048 02da E9D9     		bls	.L51
 446:Inc/STM32F3xx_HAL_Driver/Src/stm32f3xx_hal_rcc.c ****           }
 1049              		.loc 1 446 20 view .LVU310
 1050 02dc 0320     		movs	r0, #3
 1051 02de A5E1     		b	.L21
 1052              	.L134:
 1053              		.align	2
 1054              	.L133:
 1055 02e0 00100240 		.word	1073876992
 1056 02e4 20819010 		.word	277905696
 1057              	.LVL73:
 1058              	.L56:
 473:Inc/STM32F3xx_HAL_Driver/Src/stm32f3xx_hal_rcc.c ****         }
 474:Inc/STM32F3xx_HAL_Driver/Src/stm32f3xx_hal_rcc.c ****       }
 475:Inc/STM32F3xx_HAL_Driver/Src/stm32f3xx_hal_rcc.c ****     }
 476:Inc/STM32F3xx_HAL_Driver/Src/stm32f3xx_hal_rcc.c ****     else
 477:Inc/STM32F3xx_HAL_Driver/Src/stm32f3xx_hal_rcc.c ****     {
 478:Inc/STM32F3xx_HAL_Driver/Src/stm32f3xx_hal_rcc.c ****       /* Disable the Internal Low Speed oscillator (LSI). */
 479:Inc/STM32F3xx_HAL_Driver/Src/stm32f3xx_hal_rcc.c ****       __HAL_RCC_LSI_DISABLE();
 1059              		.loc 1 479 7 is_stmt 1 view .LVU311
 1060              	.LBB206:
 1061              	.LBI206:
 981:Inc/CMSIS/Core/Include/cmsis_gcc.h **** {
 1062              		.loc 2 981 31 view .LVU312
 1063              	.LBB207:
 983:Inc/CMSIS/Core/Include/cmsis_gcc.h **** 
 1064              		.loc 2 983 3 view .LVU313
 988:Inc/CMSIS/Core/Include/cmsis_gcc.h **** #else
 1065              		.loc 2 988 4 view .LVU314
 1066 02e8 0122     		movs	r2, #1
 1067              		.syntax unified
 1068              	@ 988 "Inc/CMSIS/Core/Include/cmsis_gcc.h" 1
 1069 02ea 92FAA2F2 		rbit r2, r2
 1070              	@ 0 "" 2
 1071              	.LVL74:
 1072              		.loc 2 1001 3 view .LVU315
 1073              		.loc 2 1001 3 is_stmt 0 view .LVU316
 1074              		.thumb
 1075              		.syntax unified
 1076              	.LBE207:
 1077              	.LBE206:
ARM GAS  /tmp/cccxcDip.s 			page 49


 1078              		.loc 1 479 7 discriminator 2 view .LVU317
 1079 02ee B2FA82F2 		clz	r2, r2
 1080 02f2 9C4B     		ldr	r3, .L135
 1081 02f4 1344     		add	r3, r3, r2
 1082 02f6 9B00     		lsls	r3, r3, #2
 1083 02f8 0022     		movs	r2, #0
 1084 02fa 1A60     		str	r2, [r3]
 480:Inc/STM32F3xx_HAL_Driver/Src/stm32f3xx_hal_rcc.c ****       
 481:Inc/STM32F3xx_HAL_Driver/Src/stm32f3xx_hal_rcc.c ****       /* Get Start Tick */
 482:Inc/STM32F3xx_HAL_Driver/Src/stm32f3xx_hal_rcc.c ****       tickstart = HAL_GetTick();
 1085              		.loc 1 482 7 is_stmt 1 view .LVU318
 1086              		.loc 1 482 19 is_stmt 0 view .LVU319
 1087 02fc FFF7FEFF 		bl	HAL_GetTick
 1088              	.LVL75:
 1089 0300 0546     		mov	r5, r0
 1090              	.LVL76:
 483:Inc/STM32F3xx_HAL_Driver/Src/stm32f3xx_hal_rcc.c ****       
 484:Inc/STM32F3xx_HAL_Driver/Src/stm32f3xx_hal_rcc.c ****       /* Wait till LSI is disabled */  
 485:Inc/STM32F3xx_HAL_Driver/Src/stm32f3xx_hal_rcc.c ****       while(__HAL_RCC_GET_FLAG(RCC_FLAG_LSIRDY) != RESET)
 1091              		.loc 1 485 7 is_stmt 1 view .LVU320
 1092              	.L59:
 1093              		.loc 1 485 49 view .LVU321
 1094              	.LBB208:
 1095              	.LBI208:
 981:Inc/CMSIS/Core/Include/cmsis_gcc.h **** {
 1096              		.loc 2 981 31 view .LVU322
 1097              	.LBB209:
 983:Inc/CMSIS/Core/Include/cmsis_gcc.h **** 
 1098              		.loc 2 983 3 view .LVU323
 988:Inc/CMSIS/Core/Include/cmsis_gcc.h **** #else
 1099              		.loc 2 988 4 view .LVU324
 1100 0302 0223     		movs	r3, #2
 1101              		.syntax unified
 1102              	@ 988 "Inc/CMSIS/Core/Include/cmsis_gcc.h" 1
 1103 0304 93FAA3F2 		rbit r2, r3
 1104              	@ 0 "" 2
 1105              	.LVL77:
 1106              		.loc 2 1001 3 view .LVU325
 1107              		.loc 2 1001 3 is_stmt 0 view .LVU326
 1108              		.thumb
 1109              		.syntax unified
 1110              	.LBE209:
 1111              	.LBE208:
 1112              	.LBB210:
 1113              	.LBI210:
 981:Inc/CMSIS/Core/Include/cmsis_gcc.h **** {
 1114              		.loc 2 981 31 is_stmt 1 view .LVU327
 1115              	.LBB211:
 983:Inc/CMSIS/Core/Include/cmsis_gcc.h **** 
 1116              		.loc 2 983 3 view .LVU328
 988:Inc/CMSIS/Core/Include/cmsis_gcc.h **** #else
 1117              		.loc 2 988 4 view .LVU329
 1118              		.syntax unified
 1119              	@ 988 "Inc/CMSIS/Core/Include/cmsis_gcc.h" 1
 1120 0308 93FAA3F2 		rbit r2, r3
 1121              	@ 0 "" 2
 1122              	.LVL78:
ARM GAS  /tmp/cccxcDip.s 			page 50


 1123              		.loc 2 1001 3 view .LVU330
 1124              		.loc 2 1001 3 is_stmt 0 view .LVU331
 1125              		.thumb
 1126              		.syntax unified
 1127              	.LBE211:
 1128              	.LBE210:
 1129              	.LBB212:
 1130              	.LBI212:
 981:Inc/CMSIS/Core/Include/cmsis_gcc.h **** {
 1131              		.loc 2 981 31 is_stmt 1 view .LVU332
 1132              	.LBB213:
 983:Inc/CMSIS/Core/Include/cmsis_gcc.h **** 
 1133              		.loc 2 983 3 view .LVU333
 988:Inc/CMSIS/Core/Include/cmsis_gcc.h **** #else
 1134              		.loc 2 988 4 view .LVU334
 1135              		.syntax unified
 1136              	@ 988 "Inc/CMSIS/Core/Include/cmsis_gcc.h" 1
 1137 030c 93FAA3F2 		rbit r2, r3
 1138              	@ 0 "" 2
 1139              	.LVL79:
 1140              		.loc 2 1001 3 view .LVU335
 1141              		.loc 2 1001 3 is_stmt 0 view .LVU336
 1142              		.thumb
 1143              		.syntax unified
 1144              	.LBE213:
 1145              	.LBE212:
 1146              		.loc 1 485 13 discriminator 8 view .LVU337
 1147 0310 954A     		ldr	r2, .L135+4
 1148 0312 516A     		ldr	r1, [r2, #36]
 1149              	.LVL80:
 1150              	.LBB214:
 1151              	.LBI214:
 981:Inc/CMSIS/Core/Include/cmsis_gcc.h **** {
 1152              		.loc 2 981 31 is_stmt 1 view .LVU338
 1153              	.LBB215:
 983:Inc/CMSIS/Core/Include/cmsis_gcc.h **** 
 1154              		.loc 2 983 3 view .LVU339
 988:Inc/CMSIS/Core/Include/cmsis_gcc.h **** #else
 1155              		.loc 2 988 4 view .LVU340
 1156              		.syntax unified
 1157              	@ 988 "Inc/CMSIS/Core/Include/cmsis_gcc.h" 1
 1158 0314 93FAA3F3 		rbit r3, r3
 1159              	@ 0 "" 2
 1160              	.LVL81:
 1161              		.loc 2 1001 3 view .LVU341
 1162              		.loc 2 1001 3 is_stmt 0 view .LVU342
 1163              		.thumb
 1164              		.syntax unified
 1165              	.LBE215:
 1166              	.LBE214:
 1167              		.loc 1 485 13 discriminator 2 view .LVU343
 1168 0318 B3FA83F3 		clz	r3, r3
 1169 031c 03F01F03 		and	r3, r3, #31
 1170 0320 0122     		movs	r2, #1
 1171 0322 02FA03F3 		lsl	r3, r2, r3
 1172              		.loc 1 485 49 discriminator 2 view .LVU344
 1173 0326 0B42     		tst	r3, r1
ARM GAS  /tmp/cccxcDip.s 			page 51


 1174 0328 06D0     		beq	.L55
 486:Inc/STM32F3xx_HAL_Driver/Src/stm32f3xx_hal_rcc.c ****       {
 487:Inc/STM32F3xx_HAL_Driver/Src/stm32f3xx_hal_rcc.c ****         if((HAL_GetTick() - tickstart ) > LSI_TIMEOUT_VALUE)
 1175              		.loc 1 487 9 is_stmt 1 view .LVU345
 1176              		.loc 1 487 13 is_stmt 0 view .LVU346
 1177 032a FFF7FEFF 		bl	HAL_GetTick
 1178              	.LVL82:
 1179              		.loc 1 487 27 discriminator 1 view .LVU347
 1180 032e 401B     		subs	r0, r0, r5
 1181              		.loc 1 487 11 discriminator 1 view .LVU348
 1182 0330 0228     		cmp	r0, #2
 1183 0332 E6D9     		bls	.L59
 488:Inc/STM32F3xx_HAL_Driver/Src/stm32f3xx_hal_rcc.c ****         {
 489:Inc/STM32F3xx_HAL_Driver/Src/stm32f3xx_hal_rcc.c ****           return HAL_TIMEOUT;
 1184              		.loc 1 489 18 view .LVU349
 1185 0334 0320     		movs	r0, #3
 1186 0336 79E1     		b	.L21
 1187              	.LVL83:
 1188              	.L55:
 490:Inc/STM32F3xx_HAL_Driver/Src/stm32f3xx_hal_rcc.c ****         }
 491:Inc/STM32F3xx_HAL_Driver/Src/stm32f3xx_hal_rcc.c ****       }
 492:Inc/STM32F3xx_HAL_Driver/Src/stm32f3xx_hal_rcc.c ****     }
 493:Inc/STM32F3xx_HAL_Driver/Src/stm32f3xx_hal_rcc.c ****   }
 494:Inc/STM32F3xx_HAL_Driver/Src/stm32f3xx_hal_rcc.c ****   /*------------------------------ LSE Configuration -------------------------*/ 
 495:Inc/STM32F3xx_HAL_Driver/Src/stm32f3xx_hal_rcc.c ****   if(((RCC_OscInitStruct->OscillatorType) & RCC_OSCILLATORTYPE_LSE) == RCC_OSCILLATORTYPE_LSE)
 1189              		.loc 1 495 3 is_stmt 1 view .LVU350
 1190              		.loc 1 495 25 is_stmt 0 view .LVU351
 1191 0338 2368     		ldr	r3, [r4]
 1192              		.loc 1 495 5 view .LVU352
 1193 033a 13F0040F 		tst	r3, #4
 1194 033e 00F0A980 		beq	.L61
 1195              	.LBB216:
 496:Inc/STM32F3xx_HAL_Driver/Src/stm32f3xx_hal_rcc.c ****   {
 497:Inc/STM32F3xx_HAL_Driver/Src/stm32f3xx_hal_rcc.c ****     FlagStatus       pwrclkchanged = RESET;
 1196              		.loc 1 497 5 is_stmt 1 view .LVU353
 1197              	.LVL84:
 498:Inc/STM32F3xx_HAL_Driver/Src/stm32f3xx_hal_rcc.c ****     
 499:Inc/STM32F3xx_HAL_Driver/Src/stm32f3xx_hal_rcc.c ****     /* Check the parameters */
 500:Inc/STM32F3xx_HAL_Driver/Src/stm32f3xx_hal_rcc.c ****     assert_param(IS_RCC_LSE(RCC_OscInitStruct->LSEState));
 1198              		.loc 1 500 5 view .LVU354
 501:Inc/STM32F3xx_HAL_Driver/Src/stm32f3xx_hal_rcc.c **** 
 502:Inc/STM32F3xx_HAL_Driver/Src/stm32f3xx_hal_rcc.c ****     /* Update LSE configuration in Backup Domain control register    */
 503:Inc/STM32F3xx_HAL_Driver/Src/stm32f3xx_hal_rcc.c ****     /* Requires to enable write access to Backup Domain of necessary */
 504:Inc/STM32F3xx_HAL_Driver/Src/stm32f3xx_hal_rcc.c ****     if(__HAL_RCC_PWR_IS_CLK_DISABLED())
 1199              		.loc 1 504 5 view .LVU355
 1200              		.loc 1 504 8 is_stmt 0 view .LVU356
 1201 0342 894B     		ldr	r3, .L135+4
 1202 0344 DB69     		ldr	r3, [r3, #28]
 1203              		.loc 1 504 7 view .LVU357
 1204 0346 13F0805F 		tst	r3, #268435456
 1205 034a 20D1     		bne	.L103
 505:Inc/STM32F3xx_HAL_Driver/Src/stm32f3xx_hal_rcc.c ****     {
 506:Inc/STM32F3xx_HAL_Driver/Src/stm32f3xx_hal_rcc.c ****       __HAL_RCC_PWR_CLK_ENABLE();
 1206              		.loc 1 506 7 is_stmt 1 view .LVU358
 1207              	.LBB217:
 1208              		.loc 1 506 7 view .LVU359
 1209              		.loc 1 506 7 view .LVU360
ARM GAS  /tmp/cccxcDip.s 			page 52


 1210 034c 864B     		ldr	r3, .L135+4
 1211 034e DA69     		ldr	r2, [r3, #28]
 1212 0350 42F08052 		orr	r2, r2, #268435456
 1213 0354 DA61     		str	r2, [r3, #28]
 1214              		.loc 1 506 7 view .LVU361
 1215 0356 DB69     		ldr	r3, [r3, #28]
 1216 0358 03F08053 		and	r3, r3, #268435456
 1217 035c 0193     		str	r3, [sp, #4]
 1218              		.loc 1 506 7 view .LVU362
 1219 035e 019B     		ldr	r3, [sp, #4]
 1220              	.LBE217:
 1221              		.loc 1 506 7 view .LVU363
 507:Inc/STM32F3xx_HAL_Driver/Src/stm32f3xx_hal_rcc.c ****       pwrclkchanged = SET;
 1222              		.loc 1 507 7 view .LVU364
 1223              	.LVL85:
 1224              		.loc 1 507 21 is_stmt 0 view .LVU365
 1225 0360 0125     		movs	r5, #1
 1226              	.LVL86:
 1227              	.L62:
 508:Inc/STM32F3xx_HAL_Driver/Src/stm32f3xx_hal_rcc.c ****     }
 509:Inc/STM32F3xx_HAL_Driver/Src/stm32f3xx_hal_rcc.c ****     
 510:Inc/STM32F3xx_HAL_Driver/Src/stm32f3xx_hal_rcc.c ****     if(HAL_IS_BIT_CLR(PWR->CR, PWR_CR_DBP))
 1228              		.loc 1 510 5 is_stmt 1 view .LVU366
 1229              		.loc 1 510 8 is_stmt 0 view .LVU367
 1230 0362 824B     		ldr	r3, .L135+8
 1231 0364 1B68     		ldr	r3, [r3]
 1232              		.loc 1 510 7 view .LVU368
 1233 0366 13F4807F 		tst	r3, #256
 1234 036a 12D0     		beq	.L125
 1235              	.L63:
 511:Inc/STM32F3xx_HAL_Driver/Src/stm32f3xx_hal_rcc.c ****     {
 512:Inc/STM32F3xx_HAL_Driver/Src/stm32f3xx_hal_rcc.c ****       /* Enable write access to Backup domain */
 513:Inc/STM32F3xx_HAL_Driver/Src/stm32f3xx_hal_rcc.c ****       SET_BIT(PWR->CR, PWR_CR_DBP);
 514:Inc/STM32F3xx_HAL_Driver/Src/stm32f3xx_hal_rcc.c ****       
 515:Inc/STM32F3xx_HAL_Driver/Src/stm32f3xx_hal_rcc.c ****       /* Wait for Backup domain Write protection disable */
 516:Inc/STM32F3xx_HAL_Driver/Src/stm32f3xx_hal_rcc.c ****       tickstart = HAL_GetTick();
 517:Inc/STM32F3xx_HAL_Driver/Src/stm32f3xx_hal_rcc.c **** 
 518:Inc/STM32F3xx_HAL_Driver/Src/stm32f3xx_hal_rcc.c ****       while(HAL_IS_BIT_CLR(PWR->CR, PWR_CR_DBP))
 519:Inc/STM32F3xx_HAL_Driver/Src/stm32f3xx_hal_rcc.c ****       {
 520:Inc/STM32F3xx_HAL_Driver/Src/stm32f3xx_hal_rcc.c ****         if((HAL_GetTick() - tickstart) > RCC_DBP_TIMEOUT_VALUE)
 521:Inc/STM32F3xx_HAL_Driver/Src/stm32f3xx_hal_rcc.c ****         {
 522:Inc/STM32F3xx_HAL_Driver/Src/stm32f3xx_hal_rcc.c ****           return HAL_TIMEOUT;
 523:Inc/STM32F3xx_HAL_Driver/Src/stm32f3xx_hal_rcc.c ****         }
 524:Inc/STM32F3xx_HAL_Driver/Src/stm32f3xx_hal_rcc.c ****       }
 525:Inc/STM32F3xx_HAL_Driver/Src/stm32f3xx_hal_rcc.c ****     }
 526:Inc/STM32F3xx_HAL_Driver/Src/stm32f3xx_hal_rcc.c **** 
 527:Inc/STM32F3xx_HAL_Driver/Src/stm32f3xx_hal_rcc.c ****     /* Set the new LSE configuration -----------------------------------------*/
 528:Inc/STM32F3xx_HAL_Driver/Src/stm32f3xx_hal_rcc.c ****     __HAL_RCC_LSE_CONFIG(RCC_OscInitStruct->LSEState);
 1236              		.loc 1 528 5 is_stmt 1 view .LVU369
 1237              		.loc 1 528 5 view .LVU370
 1238 036c A368     		ldr	r3, [r4, #8]
 1239 036e 012B     		cmp	r3, #1
 1240 0370 23D0     		beq	.L126
 1241              		.loc 1 528 5 discriminator 2 view .LVU371
 1242 0372 73BB     		cbnz	r3, .L68
 1243              		.loc 1 528 5 discriminator 4 view .LVU372
 1244 0374 03F18043 		add	r3, r3, #1073741824
ARM GAS  /tmp/cccxcDip.s 			page 53


 1245 0378 03F50433 		add	r3, r3, #135168
 1246 037c 1A6A     		ldr	r2, [r3, #32]
 1247 037e 22F00102 		bic	r2, r2, #1
 1248 0382 1A62     		str	r2, [r3, #32]
 1249              		.loc 1 528 5 view .LVU373
 1250              		.loc 1 528 5 is_stmt 0 discriminator 4 view .LVU374
 1251 0384 1A6A     		ldr	r2, [r3, #32]
 1252 0386 22F00402 		bic	r2, r2, #4
 1253 038a 1A62     		str	r2, [r3, #32]
 1254 038c 1AE0     		b	.L67
 1255              	.LVL87:
 1256              	.L103:
 497:Inc/STM32F3xx_HAL_Driver/Src/stm32f3xx_hal_rcc.c ****     
 1257              		.loc 1 497 22 view .LVU375
 1258 038e 0025     		movs	r5, #0
 1259 0390 E7E7     		b	.L62
 1260              	.LVL88:
 1261              	.L125:
 513:Inc/STM32F3xx_HAL_Driver/Src/stm32f3xx_hal_rcc.c ****       
 1262              		.loc 1 513 7 is_stmt 1 view .LVU376
 1263 0392 764A     		ldr	r2, .L135+8
 1264 0394 1368     		ldr	r3, [r2]
 1265 0396 43F48073 		orr	r3, r3, #256
 1266 039a 1360     		str	r3, [r2]
 516:Inc/STM32F3xx_HAL_Driver/Src/stm32f3xx_hal_rcc.c **** 
 1267              		.loc 1 516 7 view .LVU377
 516:Inc/STM32F3xx_HAL_Driver/Src/stm32f3xx_hal_rcc.c **** 
 1268              		.loc 1 516 19 is_stmt 0 view .LVU378
 1269 039c FFF7FEFF 		bl	HAL_GetTick
 1270              	.LVL89:
 1271 03a0 0646     		mov	r6, r0
 1272              	.LVL90:
 518:Inc/STM32F3xx_HAL_Driver/Src/stm32f3xx_hal_rcc.c ****       {
 1273              		.loc 1 518 7 is_stmt 1 view .LVU379
 1274              	.L64:
 518:Inc/STM32F3xx_HAL_Driver/Src/stm32f3xx_hal_rcc.c ****       {
 1275              		.loc 1 518 13 view .LVU380
 1276 03a2 724B     		ldr	r3, .L135+8
 1277 03a4 1B68     		ldr	r3, [r3]
 1278 03a6 13F4807F 		tst	r3, #256
 1279 03aa DFD1     		bne	.L63
 520:Inc/STM32F3xx_HAL_Driver/Src/stm32f3xx_hal_rcc.c ****         {
 1280              		.loc 1 520 9 view .LVU381
 520:Inc/STM32F3xx_HAL_Driver/Src/stm32f3xx_hal_rcc.c ****         {
 1281              		.loc 1 520 13 is_stmt 0 view .LVU382
 1282 03ac FFF7FEFF 		bl	HAL_GetTick
 1283              	.LVL91:
 520:Inc/STM32F3xx_HAL_Driver/Src/stm32f3xx_hal_rcc.c ****         {
 1284              		.loc 1 520 27 discriminator 1 view .LVU383
 1285 03b0 801B     		subs	r0, r0, r6
 520:Inc/STM32F3xx_HAL_Driver/Src/stm32f3xx_hal_rcc.c ****         {
 1286              		.loc 1 520 11 discriminator 1 view .LVU384
 1287 03b2 6428     		cmp	r0, #100
 1288 03b4 F5D9     		bls	.L64
 522:Inc/STM32F3xx_HAL_Driver/Src/stm32f3xx_hal_rcc.c ****         }
 1289              		.loc 1 522 18 view .LVU385
 1290 03b6 0320     		movs	r0, #3
ARM GAS  /tmp/cccxcDip.s 			page 54


 1291 03b8 38E1     		b	.L21
 1292              	.LVL92:
 1293              	.L126:
 1294              		.loc 1 528 5 is_stmt 1 discriminator 1 view .LVU386
 1295 03ba 6B4A     		ldr	r2, .L135+4
 1296 03bc 136A     		ldr	r3, [r2, #32]
 1297 03be 43F00103 		orr	r3, r3, #1
 1298 03c2 1362     		str	r3, [r2, #32]
 1299              	.L67:
 1300              		.loc 1 528 5 discriminator 10 view .LVU387
 529:Inc/STM32F3xx_HAL_Driver/Src/stm32f3xx_hal_rcc.c ****     /* Check the LSE State */
 530:Inc/STM32F3xx_HAL_Driver/Src/stm32f3xx_hal_rcc.c ****     if(RCC_OscInitStruct->LSEState != RCC_LSE_OFF)
 1301              		.loc 1 530 5 view .LVU388
 1302              		.loc 1 530 25 is_stmt 0 view .LVU389
 1303 03c4 A368     		ldr	r3, [r4, #8]
 1304              		.loc 1 530 7 view .LVU390
 1305 03c6 002B     		cmp	r3, #0
 1306 03c8 3CD0     		beq	.L70
 531:Inc/STM32F3xx_HAL_Driver/Src/stm32f3xx_hal_rcc.c ****     {
 532:Inc/STM32F3xx_HAL_Driver/Src/stm32f3xx_hal_rcc.c ****       /* Get Start Tick */
 533:Inc/STM32F3xx_HAL_Driver/Src/stm32f3xx_hal_rcc.c ****       tickstart = HAL_GetTick();
 1307              		.loc 1 533 7 is_stmt 1 view .LVU391
 1308              		.loc 1 533 19 is_stmt 0 view .LVU392
 1309 03ca FFF7FEFF 		bl	HAL_GetTick
 1310              	.LVL93:
 1311 03ce 0646     		mov	r6, r0
 1312              	.LVL94:
 534:Inc/STM32F3xx_HAL_Driver/Src/stm32f3xx_hal_rcc.c ****       
 535:Inc/STM32F3xx_HAL_Driver/Src/stm32f3xx_hal_rcc.c ****       /* Wait till LSE is ready */  
 536:Inc/STM32F3xx_HAL_Driver/Src/stm32f3xx_hal_rcc.c ****       while(__HAL_RCC_GET_FLAG(RCC_FLAG_LSERDY) == RESET)
 1313              		.loc 1 536 7 is_stmt 1 view .LVU393
 1314              		.loc 1 536 12 is_stmt 0 view .LVU394
 1315 03d0 2EE0     		b	.L71
 1316              	.LVL95:
 1317              	.L68:
 528:Inc/STM32F3xx_HAL_Driver/Src/stm32f3xx_hal_rcc.c ****     /* Check the LSE State */
 1318              		.loc 1 528 5 is_stmt 1 discriminator 5 view .LVU395
 1319 03d2 052B     		cmp	r3, #5
 1320 03d4 09D0     		beq	.L127
 528:Inc/STM32F3xx_HAL_Driver/Src/stm32f3xx_hal_rcc.c ****     /* Check the LSE State */
 1321              		.loc 1 528 5 discriminator 8 view .LVU396
 1322 03d6 644B     		ldr	r3, .L135+4
 1323 03d8 1A6A     		ldr	r2, [r3, #32]
 1324 03da 22F00102 		bic	r2, r2, #1
 1325 03de 1A62     		str	r2, [r3, #32]
 528:Inc/STM32F3xx_HAL_Driver/Src/stm32f3xx_hal_rcc.c ****     /* Check the LSE State */
 1326              		.loc 1 528 5 view .LVU397
 528:Inc/STM32F3xx_HAL_Driver/Src/stm32f3xx_hal_rcc.c ****     /* Check the LSE State */
 1327              		.loc 1 528 5 is_stmt 0 discriminator 8 view .LVU398
 1328 03e0 1A6A     		ldr	r2, [r3, #32]
 1329 03e2 22F00402 		bic	r2, r2, #4
 1330 03e6 1A62     		str	r2, [r3, #32]
 1331 03e8 ECE7     		b	.L67
 1332              	.L127:
 528:Inc/STM32F3xx_HAL_Driver/Src/stm32f3xx_hal_rcc.c ****     /* Check the LSE State */
 1333              		.loc 1 528 5 is_stmt 1 discriminator 7 view .LVU399
 1334 03ea 5F4B     		ldr	r3, .L135+4
ARM GAS  /tmp/cccxcDip.s 			page 55


 1335 03ec 1A6A     		ldr	r2, [r3, #32]
 1336 03ee 42F00402 		orr	r2, r2, #4
 1337 03f2 1A62     		str	r2, [r3, #32]
 528:Inc/STM32F3xx_HAL_Driver/Src/stm32f3xx_hal_rcc.c ****     /* Check the LSE State */
 1338              		.loc 1 528 5 view .LVU400
 528:Inc/STM32F3xx_HAL_Driver/Src/stm32f3xx_hal_rcc.c ****     /* Check the LSE State */
 1339              		.loc 1 528 5 is_stmt 0 discriminator 7 view .LVU401
 1340 03f4 1A6A     		ldr	r2, [r3, #32]
 1341 03f6 42F00102 		orr	r2, r2, #1
 1342 03fa 1A62     		str	r2, [r3, #32]
 1343 03fc E2E7     		b	.L67
 1344              	.LVL96:
 1345              	.L72:
 1346              	.LBB218:
 1347              	.LBI218:
 981:Inc/CMSIS/Core/Include/cmsis_gcc.h **** {
 1348              		.loc 2 981 31 is_stmt 1 view .LVU402
 1349              	.LBB219:
 983:Inc/CMSIS/Core/Include/cmsis_gcc.h **** 
 1350              		.loc 2 983 3 view .LVU403
 988:Inc/CMSIS/Core/Include/cmsis_gcc.h **** #else
 1351              		.loc 2 988 4 view .LVU404
 1352 03fe 0223     		movs	r3, #2
 1353              		.syntax unified
 1354              	@ 988 "Inc/CMSIS/Core/Include/cmsis_gcc.h" 1
 1355 0400 93FAA3F3 		rbit r3, r3
 1356              	@ 0 "" 2
 1357              	.LVL97:
 1358              		.loc 2 1001 3 view .LVU405
 1359              		.loc 2 1001 3 is_stmt 0 view .LVU406
 1360              		.thumb
 1361              		.syntax unified
 1362              	.LBE219:
 1363              	.LBE218:
 1364              		.loc 1 536 13 discriminator 8 view .LVU407
 1365 0404 584B     		ldr	r3, .L135+4
 1366 0406 596A     		ldr	r1, [r3, #36]
 1367              	.L73:
 1368              	.LVL98:
 1369              	.LBB220:
 1370              	.LBI220:
 981:Inc/CMSIS/Core/Include/cmsis_gcc.h **** {
 1371              		.loc 2 981 31 is_stmt 1 view .LVU408
 1372              	.LBB221:
 983:Inc/CMSIS/Core/Include/cmsis_gcc.h **** 
 1373              		.loc 2 983 3 view .LVU409
 988:Inc/CMSIS/Core/Include/cmsis_gcc.h **** #else
 1374              		.loc 2 988 4 view .LVU410
 1375 0408 0223     		movs	r3, #2
 1376              		.syntax unified
 1377              	@ 988 "Inc/CMSIS/Core/Include/cmsis_gcc.h" 1
 1378 040a 93FAA3F3 		rbit r3, r3
 1379              	@ 0 "" 2
 1380              	.LVL99:
 1381              		.loc 2 1001 3 view .LVU411
 1382              		.loc 2 1001 3 is_stmt 0 view .LVU412
 1383              		.thumb
ARM GAS  /tmp/cccxcDip.s 			page 56


 1384              		.syntax unified
 1385              	.LBE221:
 1386              	.LBE220:
 1387              		.loc 1 536 13 discriminator 2 view .LVU413
 1388 040e B3FA83F3 		clz	r3, r3
 1389 0412 03F01F03 		and	r3, r3, #31
 1390 0416 0122     		movs	r2, #1
 1391 0418 02FA03F3 		lsl	r3, r2, r3
 1392              		.loc 1 536 49 discriminator 2 view .LVU414
 1393 041c 1942     		tst	r1, r3
 1394 041e 38D1     		bne	.L75
 537:Inc/STM32F3xx_HAL_Driver/Src/stm32f3xx_hal_rcc.c ****       {
 538:Inc/STM32F3xx_HAL_Driver/Src/stm32f3xx_hal_rcc.c ****         if((HAL_GetTick() - tickstart ) > RCC_LSE_TIMEOUT_VALUE)
 1395              		.loc 1 538 9 is_stmt 1 view .LVU415
 1396              		.loc 1 538 13 is_stmt 0 view .LVU416
 1397 0420 FFF7FEFF 		bl	HAL_GetTick
 1398              	.LVL100:
 1399              		.loc 1 538 27 discriminator 1 view .LVU417
 1400 0424 801B     		subs	r0, r0, r6
 1401              		.loc 1 538 11 discriminator 1 view .LVU418
 1402 0426 41F28833 		movw	r3, #5000
 1403 042a 9842     		cmp	r0, r3
 1404 042c 00F2F980 		bhi	.L105
 1405              	.L71:
 536:Inc/STM32F3xx_HAL_Driver/Src/stm32f3xx_hal_rcc.c ****       {
 1406              		.loc 1 536 49 is_stmt 1 view .LVU419
 1407              	.LVL101:
 1408              	.LBB222:
 1409              	.LBI222:
 981:Inc/CMSIS/Core/Include/cmsis_gcc.h **** {
 1410              		.loc 2 981 31 view .LVU420
 1411              	.LBB223:
 983:Inc/CMSIS/Core/Include/cmsis_gcc.h **** 
 1412              		.loc 2 983 3 view .LVU421
 988:Inc/CMSIS/Core/Include/cmsis_gcc.h **** #else
 1413              		.loc 2 988 4 view .LVU422
 1414 0430 0223     		movs	r3, #2
 1415              		.syntax unified
 1416              	@ 988 "Inc/CMSIS/Core/Include/cmsis_gcc.h" 1
 1417 0432 93FAA3F2 		rbit r2, r3
 1418              	@ 0 "" 2
 1419              	.LVL102:
 1420              		.loc 2 1001 3 view .LVU423
 1421              		.loc 2 1001 3 is_stmt 0 view .LVU424
 1422              		.thumb
 1423              		.syntax unified
 1424              	.LBE223:
 1425              	.LBE222:
 1426              	.LBB224:
 1427              	.LBI224:
 981:Inc/CMSIS/Core/Include/cmsis_gcc.h **** {
 1428              		.loc 2 981 31 is_stmt 1 view .LVU425
 1429              	.LBB225:
 983:Inc/CMSIS/Core/Include/cmsis_gcc.h **** 
 1430              		.loc 2 983 3 view .LVU426
 988:Inc/CMSIS/Core/Include/cmsis_gcc.h **** #else
 1431              		.loc 2 988 4 view .LVU427
ARM GAS  /tmp/cccxcDip.s 			page 57


 1432              		.syntax unified
 1433              	@ 988 "Inc/CMSIS/Core/Include/cmsis_gcc.h" 1
 1434 0436 93FAA3F3 		rbit r3, r3
 1435              	@ 0 "" 2
 1436              	.LVL103:
 1437              		.loc 2 1001 3 view .LVU428
 1438              		.loc 2 1001 3 is_stmt 0 view .LVU429
 1439              		.thumb
 1440              		.syntax unified
 1441              	.LBE225:
 1442              	.LBE224:
 536:Inc/STM32F3xx_HAL_Driver/Src/stm32f3xx_hal_rcc.c ****       {
 1443              		.loc 1 536 13 discriminator 2 view .LVU430
 1444 043a 002B     		cmp	r3, #0
 1445 043c DFD0     		beq	.L72
 536:Inc/STM32F3xx_HAL_Driver/Src/stm32f3xx_hal_rcc.c ****       {
 1446              		.loc 1 536 13 discriminator 4 view .LVU431
 1447 043e 4A4B     		ldr	r3, .L135+4
 1448 0440 196A     		ldr	r1, [r3, #32]
 1449 0442 E1E7     		b	.L73
 1450              	.LVL104:
 1451              	.L70:
 539:Inc/STM32F3xx_HAL_Driver/Src/stm32f3xx_hal_rcc.c ****         {
 540:Inc/STM32F3xx_HAL_Driver/Src/stm32f3xx_hal_rcc.c ****           return HAL_TIMEOUT;
 541:Inc/STM32F3xx_HAL_Driver/Src/stm32f3xx_hal_rcc.c ****         }
 542:Inc/STM32F3xx_HAL_Driver/Src/stm32f3xx_hal_rcc.c ****       }
 543:Inc/STM32F3xx_HAL_Driver/Src/stm32f3xx_hal_rcc.c ****     }
 544:Inc/STM32F3xx_HAL_Driver/Src/stm32f3xx_hal_rcc.c ****     else
 545:Inc/STM32F3xx_HAL_Driver/Src/stm32f3xx_hal_rcc.c ****     {
 546:Inc/STM32F3xx_HAL_Driver/Src/stm32f3xx_hal_rcc.c ****       /* Get Start Tick */
 547:Inc/STM32F3xx_HAL_Driver/Src/stm32f3xx_hal_rcc.c ****       tickstart = HAL_GetTick();
 1452              		.loc 1 547 7 is_stmt 1 view .LVU432
 1453              		.loc 1 547 19 is_stmt 0 view .LVU433
 1454 0444 FFF7FEFF 		bl	HAL_GetTick
 1455              	.LVL105:
 1456 0448 0646     		mov	r6, r0
 1457              	.LVL106:
 548:Inc/STM32F3xx_HAL_Driver/Src/stm32f3xx_hal_rcc.c ****       
 549:Inc/STM32F3xx_HAL_Driver/Src/stm32f3xx_hal_rcc.c ****       /* Wait till LSE is disabled */  
 550:Inc/STM32F3xx_HAL_Driver/Src/stm32f3xx_hal_rcc.c ****       while(__HAL_RCC_GET_FLAG(RCC_FLAG_LSERDY) != RESET)
 1458              		.loc 1 550 7 is_stmt 1 view .LVU434
 1459              		.loc 1 550 12 is_stmt 0 view .LVU435
 1460 044a 18E0     		b	.L76
 1461              	.LVL107:
 1462              	.L77:
 1463              	.LBB226:
 1464              	.LBI226:
 981:Inc/CMSIS/Core/Include/cmsis_gcc.h **** {
 1465              		.loc 2 981 31 is_stmt 1 view .LVU436
 1466              	.LBB227:
 983:Inc/CMSIS/Core/Include/cmsis_gcc.h **** 
 1467              		.loc 2 983 3 view .LVU437
 988:Inc/CMSIS/Core/Include/cmsis_gcc.h **** #else
 1468              		.loc 2 988 4 view .LVU438
 1469 044c 0223     		movs	r3, #2
 1470              		.syntax unified
 1471              	@ 988 "Inc/CMSIS/Core/Include/cmsis_gcc.h" 1
ARM GAS  /tmp/cccxcDip.s 			page 58


 1472 044e 93FAA3F3 		rbit r3, r3
 1473              	@ 0 "" 2
 1474              	.LVL108:
 1475              		.loc 2 1001 3 view .LVU439
 1476              		.loc 2 1001 3 is_stmt 0 view .LVU440
 1477              		.thumb
 1478              		.syntax unified
 1479              	.LBE227:
 1480              	.LBE226:
 1481              		.loc 1 550 13 discriminator 8 view .LVU441
 1482 0452 454B     		ldr	r3, .L135+4
 1483 0454 596A     		ldr	r1, [r3, #36]
 1484              	.L78:
 1485              	.LVL109:
 1486              	.LBB228:
 1487              	.LBI228:
 981:Inc/CMSIS/Core/Include/cmsis_gcc.h **** {
 1488              		.loc 2 981 31 is_stmt 1 view .LVU442
 1489              	.LBB229:
 983:Inc/CMSIS/Core/Include/cmsis_gcc.h **** 
 1490              		.loc 2 983 3 view .LVU443
 988:Inc/CMSIS/Core/Include/cmsis_gcc.h **** #else
 1491              		.loc 2 988 4 view .LVU444
 1492 0456 0223     		movs	r3, #2
 1493              		.syntax unified
 1494              	@ 988 "Inc/CMSIS/Core/Include/cmsis_gcc.h" 1
 1495 0458 93FAA3F3 		rbit r3, r3
 1496              	@ 0 "" 2
 1497              	.LVL110:
 1498              		.loc 2 1001 3 view .LVU445
 1499              		.loc 2 1001 3 is_stmt 0 view .LVU446
 1500              		.thumb
 1501              		.syntax unified
 1502              	.LBE229:
 1503              	.LBE228:
 1504              		.loc 1 550 13 discriminator 2 view .LVU447
 1505 045c B3FA83F3 		clz	r3, r3
 1506 0460 03F01F03 		and	r3, r3, #31
 1507 0464 0122     		movs	r2, #1
 1508 0466 02FA03F3 		lsl	r3, r2, r3
 1509              		.loc 1 550 49 discriminator 2 view .LVU448
 1510 046a 1942     		tst	r1, r3
 1511 046c 11D0     		beq	.L75
 551:Inc/STM32F3xx_HAL_Driver/Src/stm32f3xx_hal_rcc.c ****       {
 552:Inc/STM32F3xx_HAL_Driver/Src/stm32f3xx_hal_rcc.c ****         if((HAL_GetTick() - tickstart ) > RCC_LSE_TIMEOUT_VALUE)
 1512              		.loc 1 552 9 is_stmt 1 view .LVU449
 1513              		.loc 1 552 13 is_stmt 0 view .LVU450
 1514 046e FFF7FEFF 		bl	HAL_GetTick
 1515              	.LVL111:
 1516              		.loc 1 552 27 discriminator 1 view .LVU451
 1517 0472 801B     		subs	r0, r0, r6
 1518              		.loc 1 552 11 discriminator 1 view .LVU452
 1519 0474 41F28833 		movw	r3, #5000
 1520 0478 9842     		cmp	r0, r3
 1521 047a 00F2D480 		bhi	.L106
 1522              	.L76:
 550:Inc/STM32F3xx_HAL_Driver/Src/stm32f3xx_hal_rcc.c ****       {
ARM GAS  /tmp/cccxcDip.s 			page 59


 1523              		.loc 1 550 49 is_stmt 1 view .LVU453
 1524              	.LVL112:
 1525              	.LBB230:
 1526              	.LBI230:
 981:Inc/CMSIS/Core/Include/cmsis_gcc.h **** {
 1527              		.loc 2 981 31 view .LVU454
 1528              	.LBB231:
 983:Inc/CMSIS/Core/Include/cmsis_gcc.h **** 
 1529              		.loc 2 983 3 view .LVU455
 988:Inc/CMSIS/Core/Include/cmsis_gcc.h **** #else
 1530              		.loc 2 988 4 view .LVU456
 1531 047e 0223     		movs	r3, #2
 1532              		.syntax unified
 1533              	@ 988 "Inc/CMSIS/Core/Include/cmsis_gcc.h" 1
 1534 0480 93FAA3F2 		rbit r2, r3
 1535              	@ 0 "" 2
 1536              	.LVL113:
 1537              		.loc 2 1001 3 view .LVU457
 1538              		.loc 2 1001 3 is_stmt 0 view .LVU458
 1539              		.thumb
 1540              		.syntax unified
 1541              	.LBE231:
 1542              	.LBE230:
 1543              	.LBB232:
 1544              	.LBI232:
 981:Inc/CMSIS/Core/Include/cmsis_gcc.h **** {
 1545              		.loc 2 981 31 is_stmt 1 view .LVU459
 1546              	.LBB233:
 983:Inc/CMSIS/Core/Include/cmsis_gcc.h **** 
 1547              		.loc 2 983 3 view .LVU460
 988:Inc/CMSIS/Core/Include/cmsis_gcc.h **** #else
 1548              		.loc 2 988 4 view .LVU461
 1549              		.syntax unified
 1550              	@ 988 "Inc/CMSIS/Core/Include/cmsis_gcc.h" 1
 1551 0484 93FAA3F3 		rbit r3, r3
 1552              	@ 0 "" 2
 1553              	.LVL114:
 1554              		.loc 2 1001 3 view .LVU462
 1555              		.loc 2 1001 3 is_stmt 0 view .LVU463
 1556              		.thumb
 1557              		.syntax unified
 1558              	.LBE233:
 1559              	.LBE232:
 550:Inc/STM32F3xx_HAL_Driver/Src/stm32f3xx_hal_rcc.c ****       {
 1560              		.loc 1 550 13 discriminator 2 view .LVU464
 1561 0488 002B     		cmp	r3, #0
 1562 048a DFD0     		beq	.L77
 550:Inc/STM32F3xx_HAL_Driver/Src/stm32f3xx_hal_rcc.c ****       {
 1563              		.loc 1 550 13 discriminator 4 view .LVU465
 1564 048c 364B     		ldr	r3, .L135+4
 1565 048e 196A     		ldr	r1, [r3, #32]
 1566 0490 E1E7     		b	.L78
 1567              	.L75:
 553:Inc/STM32F3xx_HAL_Driver/Src/stm32f3xx_hal_rcc.c ****         {
 554:Inc/STM32F3xx_HAL_Driver/Src/stm32f3xx_hal_rcc.c ****           return HAL_TIMEOUT;
 555:Inc/STM32F3xx_HAL_Driver/Src/stm32f3xx_hal_rcc.c ****         }
 556:Inc/STM32F3xx_HAL_Driver/Src/stm32f3xx_hal_rcc.c ****       }
ARM GAS  /tmp/cccxcDip.s 			page 60


 557:Inc/STM32F3xx_HAL_Driver/Src/stm32f3xx_hal_rcc.c ****     }
 558:Inc/STM32F3xx_HAL_Driver/Src/stm32f3xx_hal_rcc.c **** 
 559:Inc/STM32F3xx_HAL_Driver/Src/stm32f3xx_hal_rcc.c ****     /* Require to disable power clock if necessary */
 560:Inc/STM32F3xx_HAL_Driver/Src/stm32f3xx_hal_rcc.c ****     if(pwrclkchanged == SET)
 1568              		.loc 1 560 5 is_stmt 1 view .LVU466
 1569              		.loc 1 560 7 is_stmt 0 view .LVU467
 1570 0492 B5BB     		cbnz	r5, .L128
 1571              	.LVL115:
 1572              	.L61:
 1573              		.loc 1 560 7 view .LVU468
 1574              	.LBE216:
 561:Inc/STM32F3xx_HAL_Driver/Src/stm32f3xx_hal_rcc.c ****     {
 562:Inc/STM32F3xx_HAL_Driver/Src/stm32f3xx_hal_rcc.c ****       __HAL_RCC_PWR_CLK_DISABLE();
 563:Inc/STM32F3xx_HAL_Driver/Src/stm32f3xx_hal_rcc.c ****     }
 564:Inc/STM32F3xx_HAL_Driver/Src/stm32f3xx_hal_rcc.c ****   }
 565:Inc/STM32F3xx_HAL_Driver/Src/stm32f3xx_hal_rcc.c **** 
 566:Inc/STM32F3xx_HAL_Driver/Src/stm32f3xx_hal_rcc.c ****   /*-------------------------------- PLL Configuration -----------------------*/
 567:Inc/STM32F3xx_HAL_Driver/Src/stm32f3xx_hal_rcc.c ****   /* Check the parameters */
 568:Inc/STM32F3xx_HAL_Driver/Src/stm32f3xx_hal_rcc.c ****   assert_param(IS_RCC_PLL(RCC_OscInitStruct->PLL.PLLState));
 1575              		.loc 1 568 3 is_stmt 1 view .LVU469
 569:Inc/STM32F3xx_HAL_Driver/Src/stm32f3xx_hal_rcc.c ****   if ((RCC_OscInitStruct->PLL.PLLState) != RCC_PLL_NONE)
 1576              		.loc 1 569 3 view .LVU470
 1577              		.loc 1 569 30 is_stmt 0 view .LVU471
 1578 0494 A369     		ldr	r3, [r4, #24]
 1579              		.loc 1 569 6 view .LVU472
 1580 0496 002B     		cmp	r3, #0
 1581 0498 00F0C780 		beq	.L107
 570:Inc/STM32F3xx_HAL_Driver/Src/stm32f3xx_hal_rcc.c ****   {
 571:Inc/STM32F3xx_HAL_Driver/Src/stm32f3xx_hal_rcc.c ****     /* Check if the PLL is used as system clock or not */
 572:Inc/STM32F3xx_HAL_Driver/Src/stm32f3xx_hal_rcc.c ****     if(__HAL_RCC_GET_SYSCLK_SOURCE() != RCC_SYSCLKSOURCE_STATUS_PLLCLK)
 1582              		.loc 1 572 5 is_stmt 1 view .LVU473
 1583              		.loc 1 572 8 is_stmt 0 view .LVU474
 1584 049c 324A     		ldr	r2, .L135+4
 1585 049e 5268     		ldr	r2, [r2, #4]
 1586 04a0 02F00C02 		and	r2, r2, #12
 1587              		.loc 1 572 7 view .LVU475
 1588 04a4 082A     		cmp	r2, #8
 1589 04a6 00F0A080 		beq	.L80
 573:Inc/STM32F3xx_HAL_Driver/Src/stm32f3xx_hal_rcc.c ****     { 
 574:Inc/STM32F3xx_HAL_Driver/Src/stm32f3xx_hal_rcc.c ****       if((RCC_OscInitStruct->PLL.PLLState) == RCC_PLL_ON)
 1590              		.loc 1 574 7 is_stmt 1 view .LVU476
 1591              		.loc 1 574 9 is_stmt 0 view .LVU477
 1592 04aa 022B     		cmp	r3, #2
 1593 04ac 2FD0     		beq	.L129
 575:Inc/STM32F3xx_HAL_Driver/Src/stm32f3xx_hal_rcc.c ****       {
 576:Inc/STM32F3xx_HAL_Driver/Src/stm32f3xx_hal_rcc.c ****         /* Check the parameters */
 577:Inc/STM32F3xx_HAL_Driver/Src/stm32f3xx_hal_rcc.c ****         assert_param(IS_RCC_PLLSOURCE(RCC_OscInitStruct->PLL.PLLSource));
 578:Inc/STM32F3xx_HAL_Driver/Src/stm32f3xx_hal_rcc.c ****         assert_param(IS_RCC_PLL_MUL(RCC_OscInitStruct->PLL.PLLMUL));
 579:Inc/STM32F3xx_HAL_Driver/Src/stm32f3xx_hal_rcc.c **** #if   defined(RCC_CFGR_PLLSRC_HSI_PREDIV)
 580:Inc/STM32F3xx_HAL_Driver/Src/stm32f3xx_hal_rcc.c ****         assert_param(IS_RCC_PREDIV(RCC_OscInitStruct->PLL.PREDIV));
 581:Inc/STM32F3xx_HAL_Driver/Src/stm32f3xx_hal_rcc.c **** #endif
 582:Inc/STM32F3xx_HAL_Driver/Src/stm32f3xx_hal_rcc.c ****   
 583:Inc/STM32F3xx_HAL_Driver/Src/stm32f3xx_hal_rcc.c ****         /* Disable the main PLL. */
 584:Inc/STM32F3xx_HAL_Driver/Src/stm32f3xx_hal_rcc.c ****         __HAL_RCC_PLL_DISABLE();
 585:Inc/STM32F3xx_HAL_Driver/Src/stm32f3xx_hal_rcc.c ****         
 586:Inc/STM32F3xx_HAL_Driver/Src/stm32f3xx_hal_rcc.c ****         /* Get Start Tick */
 587:Inc/STM32F3xx_HAL_Driver/Src/stm32f3xx_hal_rcc.c ****         tickstart = HAL_GetTick();
ARM GAS  /tmp/cccxcDip.s 			page 61


 588:Inc/STM32F3xx_HAL_Driver/Src/stm32f3xx_hal_rcc.c ****         
 589:Inc/STM32F3xx_HAL_Driver/Src/stm32f3xx_hal_rcc.c ****         /* Wait till PLL is disabled */
 590:Inc/STM32F3xx_HAL_Driver/Src/stm32f3xx_hal_rcc.c ****         while(__HAL_RCC_GET_FLAG(RCC_FLAG_PLLRDY)  != RESET)
 591:Inc/STM32F3xx_HAL_Driver/Src/stm32f3xx_hal_rcc.c ****         {
 592:Inc/STM32F3xx_HAL_Driver/Src/stm32f3xx_hal_rcc.c ****           if((HAL_GetTick() - tickstart ) > PLL_TIMEOUT_VALUE)
 593:Inc/STM32F3xx_HAL_Driver/Src/stm32f3xx_hal_rcc.c ****           {
 594:Inc/STM32F3xx_HAL_Driver/Src/stm32f3xx_hal_rcc.c ****             return HAL_TIMEOUT;
 595:Inc/STM32F3xx_HAL_Driver/Src/stm32f3xx_hal_rcc.c ****           }
 596:Inc/STM32F3xx_HAL_Driver/Src/stm32f3xx_hal_rcc.c ****         }
 597:Inc/STM32F3xx_HAL_Driver/Src/stm32f3xx_hal_rcc.c **** 
 598:Inc/STM32F3xx_HAL_Driver/Src/stm32f3xx_hal_rcc.c **** #if defined(RCC_CFGR_PLLSRC_HSI_PREDIV)
 599:Inc/STM32F3xx_HAL_Driver/Src/stm32f3xx_hal_rcc.c ****         /* Configure the main PLL clock source, predivider and multiplication factor. */
 600:Inc/STM32F3xx_HAL_Driver/Src/stm32f3xx_hal_rcc.c ****         __HAL_RCC_PLL_CONFIG(RCC_OscInitStruct->PLL.PLLSource,
 601:Inc/STM32F3xx_HAL_Driver/Src/stm32f3xx_hal_rcc.c ****                              RCC_OscInitStruct->PLL.PREDIV,
 602:Inc/STM32F3xx_HAL_Driver/Src/stm32f3xx_hal_rcc.c ****                              RCC_OscInitStruct->PLL.PLLMUL);
 603:Inc/STM32F3xx_HAL_Driver/Src/stm32f3xx_hal_rcc.c **** #else
 604:Inc/STM32F3xx_HAL_Driver/Src/stm32f3xx_hal_rcc.c ****       /* Configure the main PLL clock source and multiplication factor. */
 605:Inc/STM32F3xx_HAL_Driver/Src/stm32f3xx_hal_rcc.c ****       __HAL_RCC_PLL_CONFIG(RCC_OscInitStruct->PLL.PLLSource,
 606:Inc/STM32F3xx_HAL_Driver/Src/stm32f3xx_hal_rcc.c ****                            RCC_OscInitStruct->PLL.PLLMUL);
 607:Inc/STM32F3xx_HAL_Driver/Src/stm32f3xx_hal_rcc.c **** #endif /* RCC_CFGR_PLLSRC_HSI_PREDIV */
 608:Inc/STM32F3xx_HAL_Driver/Src/stm32f3xx_hal_rcc.c ****         /* Enable the main PLL. */
 609:Inc/STM32F3xx_HAL_Driver/Src/stm32f3xx_hal_rcc.c ****         __HAL_RCC_PLL_ENABLE();
 610:Inc/STM32F3xx_HAL_Driver/Src/stm32f3xx_hal_rcc.c ****         
 611:Inc/STM32F3xx_HAL_Driver/Src/stm32f3xx_hal_rcc.c ****         /* Get Start Tick */
 612:Inc/STM32F3xx_HAL_Driver/Src/stm32f3xx_hal_rcc.c ****         tickstart = HAL_GetTick();
 613:Inc/STM32F3xx_HAL_Driver/Src/stm32f3xx_hal_rcc.c ****         
 614:Inc/STM32F3xx_HAL_Driver/Src/stm32f3xx_hal_rcc.c ****         /* Wait till PLL is ready */
 615:Inc/STM32F3xx_HAL_Driver/Src/stm32f3xx_hal_rcc.c ****         while(__HAL_RCC_GET_FLAG(RCC_FLAG_PLLRDY)  == RESET)
 616:Inc/STM32F3xx_HAL_Driver/Src/stm32f3xx_hal_rcc.c ****         {
 617:Inc/STM32F3xx_HAL_Driver/Src/stm32f3xx_hal_rcc.c ****           if((HAL_GetTick() - tickstart ) > PLL_TIMEOUT_VALUE)
 618:Inc/STM32F3xx_HAL_Driver/Src/stm32f3xx_hal_rcc.c ****           {
 619:Inc/STM32F3xx_HAL_Driver/Src/stm32f3xx_hal_rcc.c ****             return HAL_TIMEOUT;
 620:Inc/STM32F3xx_HAL_Driver/Src/stm32f3xx_hal_rcc.c ****           }
 621:Inc/STM32F3xx_HAL_Driver/Src/stm32f3xx_hal_rcc.c ****         }
 622:Inc/STM32F3xx_HAL_Driver/Src/stm32f3xx_hal_rcc.c ****       }
 623:Inc/STM32F3xx_HAL_Driver/Src/stm32f3xx_hal_rcc.c ****       else
 624:Inc/STM32F3xx_HAL_Driver/Src/stm32f3xx_hal_rcc.c ****       {
 625:Inc/STM32F3xx_HAL_Driver/Src/stm32f3xx_hal_rcc.c ****         /* Disable the main PLL. */
 626:Inc/STM32F3xx_HAL_Driver/Src/stm32f3xx_hal_rcc.c ****         __HAL_RCC_PLL_DISABLE();
 1594              		.loc 1 626 9 is_stmt 1 view .LVU478
 1595              	.LVL116:
 1596              	.LBB234:
 1597              	.LBI234:
 981:Inc/CMSIS/Core/Include/cmsis_gcc.h **** {
 1598              		.loc 2 981 31 view .LVU479
 1599              	.LBB235:
 983:Inc/CMSIS/Core/Include/cmsis_gcc.h **** 
 1600              		.loc 2 983 3 view .LVU480
 988:Inc/CMSIS/Core/Include/cmsis_gcc.h **** #else
 1601              		.loc 2 988 4 view .LVU481
 1602 04ae 4FF08073 		mov	r3, #16777216
 1603              		.syntax unified
 1604              	@ 988 "Inc/CMSIS/Core/Include/cmsis_gcc.h" 1
 1605 04b2 93FAA3F3 		rbit r3, r3
 1606              	@ 0 "" 2
 1607              	.LVL117:
 1608              		.loc 2 1001 3 view .LVU482
ARM GAS  /tmp/cccxcDip.s 			page 62


 1609              		.loc 2 1001 3 is_stmt 0 view .LVU483
 1610              		.thumb
 1611              		.syntax unified
 1612              	.LBE235:
 1613              	.LBE234:
 1614              		.loc 1 626 9 discriminator 2 view .LVU484
 1615 04b6 B3FA83F3 		clz	r3, r3
 1616 04ba 03F18453 		add	r3, r3, #276824064
 1617 04be 03F58413 		add	r3, r3, #1081344
 1618 04c2 9B00     		lsls	r3, r3, #2
 1619 04c4 0022     		movs	r2, #0
 1620 04c6 1A60     		str	r2, [r3]
 627:Inc/STM32F3xx_HAL_Driver/Src/stm32f3xx_hal_rcc.c ****  
 628:Inc/STM32F3xx_HAL_Driver/Src/stm32f3xx_hal_rcc.c ****         /* Get Start Tick */
 629:Inc/STM32F3xx_HAL_Driver/Src/stm32f3xx_hal_rcc.c ****         tickstart = HAL_GetTick();
 1621              		.loc 1 629 9 is_stmt 1 view .LVU485
 1622              		.loc 1 629 21 is_stmt 0 view .LVU486
 1623 04c8 FFF7FEFF 		bl	HAL_GetTick
 1624              	.LVL118:
 1625 04cc 0446     		mov	r4, r0
 1626              	.LVL119:
 630:Inc/STM32F3xx_HAL_Driver/Src/stm32f3xx_hal_rcc.c ****         
 631:Inc/STM32F3xx_HAL_Driver/Src/stm32f3xx_hal_rcc.c ****         /* Wait till PLL is disabled */  
 632:Inc/STM32F3xx_HAL_Driver/Src/stm32f3xx_hal_rcc.c ****         while(__HAL_RCC_GET_FLAG(RCC_FLAG_PLLRDY)  != RESET)
 1627              		.loc 1 632 9 is_stmt 1 view .LVU487
 1628              	.L90:
 1629              		.loc 1 632 52 view .LVU488
 1630              	.LBB236:
 1631              	.LBI236:
 981:Inc/CMSIS/Core/Include/cmsis_gcc.h **** {
 1632              		.loc 2 981 31 view .LVU489
 1633              	.LBB237:
 983:Inc/CMSIS/Core/Include/cmsis_gcc.h **** 
 1634              		.loc 2 983 3 view .LVU490
 988:Inc/CMSIS/Core/Include/cmsis_gcc.h **** #else
 1635              		.loc 2 988 4 view .LVU491
 1636 04ce 4FF00073 		mov	r3, #33554432
 1637              		.syntax unified
 1638              	@ 988 "Inc/CMSIS/Core/Include/cmsis_gcc.h" 1
 1639 04d2 93FAA3F3 		rbit r3, r3
 1640              	@ 0 "" 2
 1641              		.loc 2 1001 3 view .LVU492
 1642              	.LVL120:
 1643              		.loc 2 1001 3 is_stmt 0 view .LVU493
 1644              		.thumb
 1645              		.syntax unified
 1646              	.LBE237:
 1647              	.LBE236:
 1648              		.loc 1 632 15 discriminator 1 view .LVU494
 1649 04d6 244B     		ldr	r3, .L135+4
 1650 04d8 1968     		ldr	r1, [r3]
 1651              	.LVL121:
 1652              	.LBB238:
 1653              	.LBI238:
 981:Inc/CMSIS/Core/Include/cmsis_gcc.h **** {
 1654              		.loc 2 981 31 is_stmt 1 view .LVU495
 1655              	.LBB239:
ARM GAS  /tmp/cccxcDip.s 			page 63


 983:Inc/CMSIS/Core/Include/cmsis_gcc.h **** 
 1656              		.loc 2 983 3 view .LVU496
 988:Inc/CMSIS/Core/Include/cmsis_gcc.h **** #else
 1657              		.loc 2 988 4 view .LVU497
 1658 04da 4FF00073 		mov	r3, #33554432
 1659              		.syntax unified
 1660              	@ 988 "Inc/CMSIS/Core/Include/cmsis_gcc.h" 1
 1661 04de 93FAA3F3 		rbit r3, r3
 1662              	@ 0 "" 2
 1663              	.LVL122:
 1664              		.loc 2 1001 3 view .LVU498
 1665              		.loc 2 1001 3 is_stmt 0 view .LVU499
 1666              		.thumb
 1667              		.syntax unified
 1668              	.LBE239:
 1669              	.LBE238:
 1670              		.loc 1 632 15 discriminator 2 view .LVU500
 1671 04e2 B3FA83F3 		clz	r3, r3
 1672 04e6 03F01F03 		and	r3, r3, #31
 1673 04ea 0122     		movs	r2, #1
 1674 04ec 02FA03F3 		lsl	r3, r2, r3
 1675              		.loc 1 632 52 discriminator 2 view .LVU501
 1676 04f0 1942     		tst	r1, r3
 1677 04f2 78D0     		beq	.L130
 633:Inc/STM32F3xx_HAL_Driver/Src/stm32f3xx_hal_rcc.c ****         {
 634:Inc/STM32F3xx_HAL_Driver/Src/stm32f3xx_hal_rcc.c ****           if((HAL_GetTick() - tickstart ) > PLL_TIMEOUT_VALUE)
 1678              		.loc 1 634 11 is_stmt 1 view .LVU502
 1679              		.loc 1 634 15 is_stmt 0 view .LVU503
 1680 04f4 FFF7FEFF 		bl	HAL_GetTick
 1681              	.LVL123:
 1682              		.loc 1 634 29 discriminator 1 view .LVU504
 1683 04f8 001B     		subs	r0, r0, r4
 1684              		.loc 1 634 13 discriminator 1 view .LVU505
 1685 04fa 0228     		cmp	r0, #2
 1686 04fc E7D9     		bls	.L90
 635:Inc/STM32F3xx_HAL_Driver/Src/stm32f3xx_hal_rcc.c ****           {
 636:Inc/STM32F3xx_HAL_Driver/Src/stm32f3xx_hal_rcc.c ****             return HAL_TIMEOUT;
 1687              		.loc 1 636 20 view .LVU506
 1688 04fe 0320     		movs	r0, #3
 1689 0500 94E0     		b	.L21
 1690              	.LVL124:
 1691              	.L128:
 1692              	.LBB240:
 562:Inc/STM32F3xx_HAL_Driver/Src/stm32f3xx_hal_rcc.c ****     }
 1693              		.loc 1 562 7 is_stmt 1 view .LVU507
 1694 0502 194A     		ldr	r2, .L135+4
 1695 0504 D369     		ldr	r3, [r2, #28]
 1696 0506 23F08053 		bic	r3, r3, #268435456
 1697 050a D361     		str	r3, [r2, #28]
 1698 050c C2E7     		b	.L61
 1699              	.LVL125:
 1700              	.L129:
 562:Inc/STM32F3xx_HAL_Driver/Src/stm32f3xx_hal_rcc.c ****     }
 1701              		.loc 1 562 7 is_stmt 0 view .LVU508
 1702              	.LBE240:
 577:Inc/STM32F3xx_HAL_Driver/Src/stm32f3xx_hal_rcc.c ****         assert_param(IS_RCC_PLL_MUL(RCC_OscInitStruct->PLL.PLLMUL));
 1703              		.loc 1 577 9 is_stmt 1 view .LVU509
ARM GAS  /tmp/cccxcDip.s 			page 64


 578:Inc/STM32F3xx_HAL_Driver/Src/stm32f3xx_hal_rcc.c **** #if   defined(RCC_CFGR_PLLSRC_HSI_PREDIV)
 1704              		.loc 1 578 9 view .LVU510
 580:Inc/STM32F3xx_HAL_Driver/Src/stm32f3xx_hal_rcc.c **** #endif
 1705              		.loc 1 580 9 view .LVU511
 584:Inc/STM32F3xx_HAL_Driver/Src/stm32f3xx_hal_rcc.c ****         
 1706              		.loc 1 584 9 view .LVU512
 1707              	.LBB241:
 1708              	.LBI241:
 981:Inc/CMSIS/Core/Include/cmsis_gcc.h **** {
 1709              		.loc 2 981 31 view .LVU513
 1710              	.LBB242:
 983:Inc/CMSIS/Core/Include/cmsis_gcc.h **** 
 1711              		.loc 2 983 3 view .LVU514
 988:Inc/CMSIS/Core/Include/cmsis_gcc.h **** #else
 1712              		.loc 2 988 4 view .LVU515
 1713 050e 4FF08073 		mov	r3, #16777216
 1714              		.syntax unified
 1715              	@ 988 "Inc/CMSIS/Core/Include/cmsis_gcc.h" 1
 1716 0512 93FAA3F3 		rbit r3, r3
 1717              	@ 0 "" 2
 1718              	.LVL126:
 1719              		.loc 2 1001 3 view .LVU516
 1720              		.loc 2 1001 3 is_stmt 0 view .LVU517
 1721              		.thumb
 1722              		.syntax unified
 1723              	.LBE242:
 1724              	.LBE241:
 584:Inc/STM32F3xx_HAL_Driver/Src/stm32f3xx_hal_rcc.c ****         
 1725              		.loc 1 584 9 discriminator 2 view .LVU518
 1726 0516 B3FA83F3 		clz	r3, r3
 1727 051a 03F18453 		add	r3, r3, #276824064
 1728 051e 03F58413 		add	r3, r3, #1081344
 1729 0522 9B00     		lsls	r3, r3, #2
 1730 0524 0022     		movs	r2, #0
 1731 0526 1A60     		str	r2, [r3]
 587:Inc/STM32F3xx_HAL_Driver/Src/stm32f3xx_hal_rcc.c ****         
 1732              		.loc 1 587 9 is_stmt 1 view .LVU519
 587:Inc/STM32F3xx_HAL_Driver/Src/stm32f3xx_hal_rcc.c ****         
 1733              		.loc 1 587 21 is_stmt 0 view .LVU520
 1734 0528 FFF7FEFF 		bl	HAL_GetTick
 1735              	.LVL127:
 1736 052c 0546     		mov	r5, r0
 1737              	.LVL128:
 590:Inc/STM32F3xx_HAL_Driver/Src/stm32f3xx_hal_rcc.c ****         {
 1738              		.loc 1 590 9 is_stmt 1 view .LVU521
 1739              	.L82:
 590:Inc/STM32F3xx_HAL_Driver/Src/stm32f3xx_hal_rcc.c ****         {
 1740              		.loc 1 590 52 view .LVU522
 1741              	.LBB243:
 1742              	.LBI243:
 981:Inc/CMSIS/Core/Include/cmsis_gcc.h **** {
 1743              		.loc 2 981 31 view .LVU523
 1744              	.LBB244:
 983:Inc/CMSIS/Core/Include/cmsis_gcc.h **** 
 1745              		.loc 2 983 3 view .LVU524
 988:Inc/CMSIS/Core/Include/cmsis_gcc.h **** #else
 1746              		.loc 2 988 4 view .LVU525
ARM GAS  /tmp/cccxcDip.s 			page 65


 1747 052e 4FF00073 		mov	r3, #33554432
 1748              		.syntax unified
 1749              	@ 988 "Inc/CMSIS/Core/Include/cmsis_gcc.h" 1
 1750 0532 93FAA3F3 		rbit r3, r3
 1751              	@ 0 "" 2
 1752              		.loc 2 1001 3 view .LVU526
 1753              	.LVL129:
 1754              		.loc 2 1001 3 is_stmt 0 view .LVU527
 1755              		.thumb
 1756              		.syntax unified
 1757              	.LBE244:
 1758              	.LBE243:
 590:Inc/STM32F3xx_HAL_Driver/Src/stm32f3xx_hal_rcc.c ****         {
 1759              		.loc 1 590 15 discriminator 1 view .LVU528
 1760 0536 0C4B     		ldr	r3, .L135+4
 1761 0538 1968     		ldr	r1, [r3]
 1762              	.LVL130:
 1763              	.LBB245:
 1764              	.LBI245:
 981:Inc/CMSIS/Core/Include/cmsis_gcc.h **** {
 1765              		.loc 2 981 31 is_stmt 1 view .LVU529
 1766              	.LBB246:
 983:Inc/CMSIS/Core/Include/cmsis_gcc.h **** 
 1767              		.loc 2 983 3 view .LVU530
 988:Inc/CMSIS/Core/Include/cmsis_gcc.h **** #else
 1768              		.loc 2 988 4 view .LVU531
 1769 053a 4FF00073 		mov	r3, #33554432
 1770              		.syntax unified
 1771              	@ 988 "Inc/CMSIS/Core/Include/cmsis_gcc.h" 1
 1772 053e 93FAA3F3 		rbit r3, r3
 1773              	@ 0 "" 2
 1774              	.LVL131:
 1775              		.loc 2 1001 3 view .LVU532
 1776              		.loc 2 1001 3 is_stmt 0 view .LVU533
 1777              		.thumb
 1778              		.syntax unified
 1779              	.LBE246:
 1780              	.LBE245:
 590:Inc/STM32F3xx_HAL_Driver/Src/stm32f3xx_hal_rcc.c ****         {
 1781              		.loc 1 590 15 discriminator 2 view .LVU534
 1782 0542 B3FA83F3 		clz	r3, r3
 1783 0546 03F01F03 		and	r3, r3, #31
 1784 054a 0122     		movs	r2, #1
 1785 054c 02FA03F3 		lsl	r3, r2, r3
 590:Inc/STM32F3xx_HAL_Driver/Src/stm32f3xx_hal_rcc.c ****         {
 1786              		.loc 1 590 52 discriminator 2 view .LVU535
 1787 0550 1942     		tst	r1, r3
 1788 0552 0DD0     		beq	.L131
 592:Inc/STM32F3xx_HAL_Driver/Src/stm32f3xx_hal_rcc.c ****           {
 1789              		.loc 1 592 11 is_stmt 1 view .LVU536
 592:Inc/STM32F3xx_HAL_Driver/Src/stm32f3xx_hal_rcc.c ****           {
 1790              		.loc 1 592 15 is_stmt 0 view .LVU537
 1791 0554 FFF7FEFF 		bl	HAL_GetTick
 1792              	.LVL132:
 592:Inc/STM32F3xx_HAL_Driver/Src/stm32f3xx_hal_rcc.c ****           {
 1793              		.loc 1 592 29 discriminator 1 view .LVU538
 1794 0558 401B     		subs	r0, r0, r5
ARM GAS  /tmp/cccxcDip.s 			page 66


 592:Inc/STM32F3xx_HAL_Driver/Src/stm32f3xx_hal_rcc.c ****           {
 1795              		.loc 1 592 13 discriminator 1 view .LVU539
 1796 055a 0228     		cmp	r0, #2
 1797 055c E7D9     		bls	.L82
 594:Inc/STM32F3xx_HAL_Driver/Src/stm32f3xx_hal_rcc.c ****           }
 1798              		.loc 1 594 20 view .LVU540
 1799 055e 0320     		movs	r0, #3
 1800 0560 64E0     		b	.L21
 1801              	.L136:
 1802 0562 00BF     		.align	2
 1803              	.L135:
 1804 0564 20819010 		.word	277905696
 1805 0568 00100240 		.word	1073876992
 1806 056c 00700040 		.word	1073770496
 1807              	.L131:
 600:Inc/STM32F3xx_HAL_Driver/Src/stm32f3xx_hal_rcc.c ****                              RCC_OscInitStruct->PLL.PREDIV,
 1808              		.loc 1 600 9 is_stmt 1 view .LVU541
 600:Inc/STM32F3xx_HAL_Driver/Src/stm32f3xx_hal_rcc.c ****                              RCC_OscInitStruct->PLL.PREDIV,
 1809              		.loc 1 600 9 view .LVU542
 1810 0570 334A     		ldr	r2, .L137
 1811 0572 D36A     		ldr	r3, [r2, #44]
 1812 0574 23F00F03 		bic	r3, r3, #15
 1813 0578 616A     		ldr	r1, [r4, #36]
 1814 057a 0B43     		orrs	r3, r3, r1
 1815 057c D362     		str	r3, [r2, #44]
 600:Inc/STM32F3xx_HAL_Driver/Src/stm32f3xx_hal_rcc.c ****                              RCC_OscInitStruct->PLL.PREDIV,
 1816              		.loc 1 600 9 view .LVU543
 1817 057e 5368     		ldr	r3, [r2, #4]
 1818 0580 23F47613 		bic	r3, r3, #4030464
 1819 0584 216A     		ldr	r1, [r4, #32]
 1820 0586 E069     		ldr	r0, [r4, #28]
 1821 0588 0143     		orrs	r1, r1, r0
 1822 058a 0B43     		orrs	r3, r3, r1
 1823 058c 5360     		str	r3, [r2, #4]
 600:Inc/STM32F3xx_HAL_Driver/Src/stm32f3xx_hal_rcc.c ****                              RCC_OscInitStruct->PLL.PREDIV,
 1824              		.loc 1 600 9 view .LVU544
 609:Inc/STM32F3xx_HAL_Driver/Src/stm32f3xx_hal_rcc.c ****         
 1825              		.loc 1 609 9 view .LVU545
 1826              	.LVL133:
 1827              	.LBB247:
 1828              	.LBI247:
 981:Inc/CMSIS/Core/Include/cmsis_gcc.h **** {
 1829              		.loc 2 981 31 view .LVU546
 1830              	.LBB248:
 983:Inc/CMSIS/Core/Include/cmsis_gcc.h **** 
 1831              		.loc 2 983 3 view .LVU547
 988:Inc/CMSIS/Core/Include/cmsis_gcc.h **** #else
 1832              		.loc 2 988 4 view .LVU548
 1833 058e 4FF08073 		mov	r3, #16777216
 1834              		.syntax unified
 1835              	@ 988 "Inc/CMSIS/Core/Include/cmsis_gcc.h" 1
 1836 0592 93FAA3F3 		rbit r3, r3
 1837              	@ 0 "" 2
 1838              	.LVL134:
 1839              		.loc 2 1001 3 view .LVU549
 1840              		.loc 2 1001 3 is_stmt 0 view .LVU550
 1841              		.thumb
ARM GAS  /tmp/cccxcDip.s 			page 67


 1842              		.syntax unified
 1843              	.LBE248:
 1844              	.LBE247:
 609:Inc/STM32F3xx_HAL_Driver/Src/stm32f3xx_hal_rcc.c ****         
 1845              		.loc 1 609 9 discriminator 2 view .LVU551
 1846 0596 B3FA83F3 		clz	r3, r3
 1847 059a 03F18453 		add	r3, r3, #276824064
 1848 059e 03F58413 		add	r3, r3, #1081344
 1849 05a2 9B00     		lsls	r3, r3, #2
 1850 05a4 0122     		movs	r2, #1
 1851 05a6 1A60     		str	r2, [r3]
 612:Inc/STM32F3xx_HAL_Driver/Src/stm32f3xx_hal_rcc.c ****         
 1852              		.loc 1 612 9 is_stmt 1 view .LVU552
 612:Inc/STM32F3xx_HAL_Driver/Src/stm32f3xx_hal_rcc.c ****         
 1853              		.loc 1 612 21 is_stmt 0 view .LVU553
 1854 05a8 FFF7FEFF 		bl	HAL_GetTick
 1855              	.LVL135:
 1856 05ac 0446     		mov	r4, r0
 1857              	.LVL136:
 615:Inc/STM32F3xx_HAL_Driver/Src/stm32f3xx_hal_rcc.c ****         {
 1858              		.loc 1 615 9 is_stmt 1 view .LVU554
 1859              	.L86:
 615:Inc/STM32F3xx_HAL_Driver/Src/stm32f3xx_hal_rcc.c ****         {
 1860              		.loc 1 615 52 view .LVU555
 1861              	.LBB249:
 1862              	.LBI249:
 981:Inc/CMSIS/Core/Include/cmsis_gcc.h **** {
 1863              		.loc 2 981 31 view .LVU556
 1864              	.LBB250:
 983:Inc/CMSIS/Core/Include/cmsis_gcc.h **** 
 1865              		.loc 2 983 3 view .LVU557
 988:Inc/CMSIS/Core/Include/cmsis_gcc.h **** #else
 1866              		.loc 2 988 4 view .LVU558
 1867 05ae 4FF00073 		mov	r3, #33554432
 1868              		.syntax unified
 1869              	@ 988 "Inc/CMSIS/Core/Include/cmsis_gcc.h" 1
 1870 05b2 93FAA3F3 		rbit r3, r3
 1871              	@ 0 "" 2
 1872              		.loc 2 1001 3 view .LVU559
 1873              	.LVL137:
 1874              		.loc 2 1001 3 is_stmt 0 view .LVU560
 1875              		.thumb
 1876              		.syntax unified
 1877              	.LBE250:
 1878              	.LBE249:
 615:Inc/STM32F3xx_HAL_Driver/Src/stm32f3xx_hal_rcc.c ****         {
 1879              		.loc 1 615 15 discriminator 1 view .LVU561
 1880 05b6 224B     		ldr	r3, .L137
 1881 05b8 1968     		ldr	r1, [r3]
 1882              	.LVL138:
 1883              	.LBB251:
 1884              	.LBI251:
 981:Inc/CMSIS/Core/Include/cmsis_gcc.h **** {
 1885              		.loc 2 981 31 is_stmt 1 view .LVU562
 1886              	.LBB252:
 983:Inc/CMSIS/Core/Include/cmsis_gcc.h **** 
 1887              		.loc 2 983 3 view .LVU563
ARM GAS  /tmp/cccxcDip.s 			page 68


 988:Inc/CMSIS/Core/Include/cmsis_gcc.h **** #else
 1888              		.loc 2 988 4 view .LVU564
 1889 05ba 4FF00073 		mov	r3, #33554432
 1890              		.syntax unified
 1891              	@ 988 "Inc/CMSIS/Core/Include/cmsis_gcc.h" 1
 1892 05be 93FAA3F3 		rbit r3, r3
 1893              	@ 0 "" 2
 1894              	.LVL139:
 1895              		.loc 2 1001 3 view .LVU565
 1896              		.loc 2 1001 3 is_stmt 0 view .LVU566
 1897              		.thumb
 1898              		.syntax unified
 1899              	.LBE252:
 1900              	.LBE251:
 615:Inc/STM32F3xx_HAL_Driver/Src/stm32f3xx_hal_rcc.c ****         {
 1901              		.loc 1 615 15 discriminator 2 view .LVU567
 1902 05c2 B3FA83F3 		clz	r3, r3
 1903 05c6 03F01F03 		and	r3, r3, #31
 1904 05ca 0122     		movs	r2, #1
 1905 05cc 02FA03F3 		lsl	r3, r2, r3
 615:Inc/STM32F3xx_HAL_Driver/Src/stm32f3xx_hal_rcc.c ****         {
 1906              		.loc 1 615 52 discriminator 2 view .LVU568
 1907 05d0 1942     		tst	r1, r3
 1908 05d2 06D1     		bne	.L132
 617:Inc/STM32F3xx_HAL_Driver/Src/stm32f3xx_hal_rcc.c ****           {
 1909              		.loc 1 617 11 is_stmt 1 view .LVU569
 617:Inc/STM32F3xx_HAL_Driver/Src/stm32f3xx_hal_rcc.c ****           {
 1910              		.loc 1 617 15 is_stmt 0 view .LVU570
 1911 05d4 FFF7FEFF 		bl	HAL_GetTick
 1912              	.LVL140:
 617:Inc/STM32F3xx_HAL_Driver/Src/stm32f3xx_hal_rcc.c ****           {
 1913              		.loc 1 617 29 discriminator 1 view .LVU571
 1914 05d8 001B     		subs	r0, r0, r4
 617:Inc/STM32F3xx_HAL_Driver/Src/stm32f3xx_hal_rcc.c ****           {
 1915              		.loc 1 617 13 discriminator 1 view .LVU572
 1916 05da 0228     		cmp	r0, #2
 1917 05dc E7D9     		bls	.L86
 619:Inc/STM32F3xx_HAL_Driver/Src/stm32f3xx_hal_rcc.c ****           }
 1918              		.loc 1 619 20 view .LVU573
 1919 05de 0320     		movs	r0, #3
 1920 05e0 24E0     		b	.L21
 1921              	.L132:
 637:Inc/STM32F3xx_HAL_Driver/Src/stm32f3xx_hal_rcc.c ****           }
 638:Inc/STM32F3xx_HAL_Driver/Src/stm32f3xx_hal_rcc.c ****         }
 639:Inc/STM32F3xx_HAL_Driver/Src/stm32f3xx_hal_rcc.c ****       }
 640:Inc/STM32F3xx_HAL_Driver/Src/stm32f3xx_hal_rcc.c ****     }
 641:Inc/STM32F3xx_HAL_Driver/Src/stm32f3xx_hal_rcc.c ****     else
 642:Inc/STM32F3xx_HAL_Driver/Src/stm32f3xx_hal_rcc.c ****     {
 643:Inc/STM32F3xx_HAL_Driver/Src/stm32f3xx_hal_rcc.c ****       /* Check if there is a request to disable the PLL used as System clock source */
 644:Inc/STM32F3xx_HAL_Driver/Src/stm32f3xx_hal_rcc.c ****       if((RCC_OscInitStruct->PLL.PLLState) == RCC_PLL_OFF)
 645:Inc/STM32F3xx_HAL_Driver/Src/stm32f3xx_hal_rcc.c ****       {
 646:Inc/STM32F3xx_HAL_Driver/Src/stm32f3xx_hal_rcc.c ****         return HAL_ERROR;
 647:Inc/STM32F3xx_HAL_Driver/Src/stm32f3xx_hal_rcc.c ****       }
 648:Inc/STM32F3xx_HAL_Driver/Src/stm32f3xx_hal_rcc.c ****       else
 649:Inc/STM32F3xx_HAL_Driver/Src/stm32f3xx_hal_rcc.c ****       {
 650:Inc/STM32F3xx_HAL_Driver/Src/stm32f3xx_hal_rcc.c ****         /* Do not return HAL_ERROR if request repeats the current configuration */
 651:Inc/STM32F3xx_HAL_Driver/Src/stm32f3xx_hal_rcc.c ****         pll_config = RCC->CFGR;
ARM GAS  /tmp/cccxcDip.s 			page 69


 652:Inc/STM32F3xx_HAL_Driver/Src/stm32f3xx_hal_rcc.c **** #if defined(RCC_CFGR_PLLSRC_HSI_PREDIV)
 653:Inc/STM32F3xx_HAL_Driver/Src/stm32f3xx_hal_rcc.c ****         pll_config2 = RCC->CFGR2;
 654:Inc/STM32F3xx_HAL_Driver/Src/stm32f3xx_hal_rcc.c ****         if((READ_BIT(pll_config, RCC_CFGR_PLLSRC)   != RCC_OscInitStruct->PLL.PLLSource) ||      
 655:Inc/STM32F3xx_HAL_Driver/Src/stm32f3xx_hal_rcc.c ****            (READ_BIT(pll_config, RCC_CFGR_PLLMUL)   != RCC_OscInitStruct->PLL.PLLMUL)    ||      
 656:Inc/STM32F3xx_HAL_Driver/Src/stm32f3xx_hal_rcc.c ****            (READ_BIT(pll_config2, RCC_CFGR2_PREDIV)  != RCC_OscInitStruct->PLL.PREDIV))     
 657:Inc/STM32F3xx_HAL_Driver/Src/stm32f3xx_hal_rcc.c **** #else
 658:Inc/STM32F3xx_HAL_Driver/Src/stm32f3xx_hal_rcc.c ****         if((READ_BIT(pll_config, RCC_CFGR_PLLSRC)   != RCC_OscInitStruct->PLL.PLLSource) ||      
 659:Inc/STM32F3xx_HAL_Driver/Src/stm32f3xx_hal_rcc.c ****            (READ_BIT(pll_config, RCC_CFGR_PLLMUL)   != RCC_OscInitStruct->PLL.PLLMUL))
 660:Inc/STM32F3xx_HAL_Driver/Src/stm32f3xx_hal_rcc.c **** #endif
 661:Inc/STM32F3xx_HAL_Driver/Src/stm32f3xx_hal_rcc.c ****         {
 662:Inc/STM32F3xx_HAL_Driver/Src/stm32f3xx_hal_rcc.c ****           return HAL_ERROR;
 663:Inc/STM32F3xx_HAL_Driver/Src/stm32f3xx_hal_rcc.c ****         }
 664:Inc/STM32F3xx_HAL_Driver/Src/stm32f3xx_hal_rcc.c ****       }
 665:Inc/STM32F3xx_HAL_Driver/Src/stm32f3xx_hal_rcc.c ****     }
 666:Inc/STM32F3xx_HAL_Driver/Src/stm32f3xx_hal_rcc.c ****   }
 667:Inc/STM32F3xx_HAL_Driver/Src/stm32f3xx_hal_rcc.c **** 
 668:Inc/STM32F3xx_HAL_Driver/Src/stm32f3xx_hal_rcc.c ****   return HAL_OK;
 1922              		.loc 1 668 10 view .LVU574
 1923 05e2 0020     		movs	r0, #0
 1924 05e4 22E0     		b	.L21
 1925              	.L130:
 1926              		.loc 1 668 10 view .LVU575
 1927 05e6 0020     		movs	r0, #0
 1928 05e8 20E0     		b	.L21
 1929              	.LVL141:
 1930              	.L80:
 644:Inc/STM32F3xx_HAL_Driver/Src/stm32f3xx_hal_rcc.c ****       {
 1931              		.loc 1 644 7 is_stmt 1 view .LVU576
 644:Inc/STM32F3xx_HAL_Driver/Src/stm32f3xx_hal_rcc.c ****       {
 1932              		.loc 1 644 9 is_stmt 0 view .LVU577
 1933 05ea 012B     		cmp	r3, #1
 1934 05ec 20D0     		beq	.L111
 651:Inc/STM32F3xx_HAL_Driver/Src/stm32f3xx_hal_rcc.c **** #if defined(RCC_CFGR_PLLSRC_HSI_PREDIV)
 1935              		.loc 1 651 9 is_stmt 1 view .LVU578
 651:Inc/STM32F3xx_HAL_Driver/Src/stm32f3xx_hal_rcc.c **** #if defined(RCC_CFGR_PLLSRC_HSI_PREDIV)
 1936              		.loc 1 651 20 is_stmt 0 view .LVU579
 1937 05ee 144A     		ldr	r2, .L137
 1938 05f0 5368     		ldr	r3, [r2, #4]
 1939              	.LVL142:
 653:Inc/STM32F3xx_HAL_Driver/Src/stm32f3xx_hal_rcc.c ****         if((READ_BIT(pll_config, RCC_CFGR_PLLSRC)   != RCC_OscInitStruct->PLL.PLLSource) ||      
 1940              		.loc 1 653 9 is_stmt 1 view .LVU580
 653:Inc/STM32F3xx_HAL_Driver/Src/stm32f3xx_hal_rcc.c ****         if((READ_BIT(pll_config, RCC_CFGR_PLLSRC)   != RCC_OscInitStruct->PLL.PLLSource) ||      
 1941              		.loc 1 653 21 is_stmt 0 view .LVU581
 1942 05f2 D06A     		ldr	r0, [r2, #44]
 1943              	.LVL143:
 654:Inc/STM32F3xx_HAL_Driver/Src/stm32f3xx_hal_rcc.c ****            (READ_BIT(pll_config, RCC_CFGR_PLLMUL)   != RCC_OscInitStruct->PLL.PLLMUL)    ||      
 1944              		.loc 1 654 9 is_stmt 1 view .LVU582
 654:Inc/STM32F3xx_HAL_Driver/Src/stm32f3xx_hal_rcc.c ****            (READ_BIT(pll_config, RCC_CFGR_PLLMUL)   != RCC_OscInitStruct->PLL.PLLMUL)    ||      
 1945              		.loc 1 654 13 is_stmt 0 view .LVU583
 1946 05f4 03F4C031 		and	r1, r3, #98304
 654:Inc/STM32F3xx_HAL_Driver/Src/stm32f3xx_hal_rcc.c ****            (READ_BIT(pll_config, RCC_CFGR_PLLMUL)   != RCC_OscInitStruct->PLL.PLLMUL)    ||      
 1947              		.loc 1 654 78 view .LVU584
 1948 05f8 E269     		ldr	r2, [r4, #28]
 654:Inc/STM32F3xx_HAL_Driver/Src/stm32f3xx_hal_rcc.c ****            (READ_BIT(pll_config, RCC_CFGR_PLLMUL)   != RCC_OscInitStruct->PLL.PLLMUL)    ||      
 1949              		.loc 1 654 11 view .LVU585
 1950 05fa 9142     		cmp	r1, r2
 1951 05fc 1AD1     		bne	.L112
ARM GAS  /tmp/cccxcDip.s 			page 70


 655:Inc/STM32F3xx_HAL_Driver/Src/stm32f3xx_hal_rcc.c ****            (READ_BIT(pll_config2, RCC_CFGR2_PREDIV)  != RCC_OscInitStruct->PLL.PREDIV))     
 1952              		.loc 1 655 13 view .LVU586
 1953 05fe 03F47013 		and	r3, r3, #3932160
 1954              	.LVL144:
 655:Inc/STM32F3xx_HAL_Driver/Src/stm32f3xx_hal_rcc.c ****            (READ_BIT(pll_config2, RCC_CFGR2_PREDIV)  != RCC_OscInitStruct->PLL.PREDIV))     
 1955              		.loc 1 655 78 view .LVU587
 1956 0602 226A     		ldr	r2, [r4, #32]
 654:Inc/STM32F3xx_HAL_Driver/Src/stm32f3xx_hal_rcc.c ****            (READ_BIT(pll_config, RCC_CFGR_PLLMUL)   != RCC_OscInitStruct->PLL.PLLMUL)    ||      
 1957              		.loc 1 654 90 discriminator 1 view .LVU588
 1958 0604 9342     		cmp	r3, r2
 1959 0606 17D1     		bne	.L113
 656:Inc/STM32F3xx_HAL_Driver/Src/stm32f3xx_hal_rcc.c **** #else
 1960              		.loc 1 656 13 view .LVU589
 1961 0608 00F00F00 		and	r0, r0, #15
 1962              	.LVL145:
 656:Inc/STM32F3xx_HAL_Driver/Src/stm32f3xx_hal_rcc.c **** #else
 1963              		.loc 1 656 79 view .LVU590
 1964 060c 636A     		ldr	r3, [r4, #36]
 655:Inc/STM32F3xx_HAL_Driver/Src/stm32f3xx_hal_rcc.c ****            (READ_BIT(pll_config2, RCC_CFGR2_PREDIV)  != RCC_OscInitStruct->PLL.PREDIV))     
 1965              		.loc 1 655 90 view .LVU591
 1966 060e 9842     		cmp	r0, r3
 1967 0610 14D1     		bne	.L114
 1968              		.loc 1 668 10 view .LVU592
 1969 0612 0020     		movs	r0, #0
 1970 0614 0AE0     		b	.L21
 1971              	.LVL146:
 1972              	.L94:
 1973              		.cfi_def_cfa_offset 0
 1974              		.cfi_restore 4
 1975              		.cfi_restore 5
 1976              		.cfi_restore 6
 1977              		.cfi_restore 14
 325:Inc/STM32F3xx_HAL_Driver/Src/stm32f3xx_hal_rcc.c ****   }
 1978              		.loc 1 325 12 view .LVU593
 1979 0616 0120     		movs	r0, #1
 1980              	.LVL147:
 669:Inc/STM32F3xx_HAL_Driver/Src/stm32f3xx_hal_rcc.c **** }
 1981              		.loc 1 669 1 view .LVU594
 1982 0618 7047     		bx	lr
 1983              	.LVL148:
 1984              	.L121:
 1985              		.cfi_def_cfa_offset 24
 1986              		.cfi_offset 4, -16
 1987              		.cfi_offset 5, -12
 1988              		.cfi_offset 6, -8
 1989              		.cfi_offset 14, -4
 343:Inc/STM32F3xx_HAL_Driver/Src/stm32f3xx_hal_rcc.c ****       }
 1990              		.loc 1 343 16 view .LVU595
 1991 061a 0120     		movs	r0, #1
 1992              	.LVL149:
 343:Inc/STM32F3xx_HAL_Driver/Src/stm32f3xx_hal_rcc.c ****       }
 1993              		.loc 1 343 16 view .LVU596
 1994 061c 06E0     		b	.L21
 1995              	.L98:
 401:Inc/STM32F3xx_HAL_Driver/Src/stm32f3xx_hal_rcc.c ****       }
 1996              		.loc 1 401 16 view .LVU597
 1997 061e 0120     		movs	r0, #1
ARM GAS  /tmp/cccxcDip.s 			page 71


 1998 0620 04E0     		b	.L21
 1999              	.LVL150:
 2000              	.L105:
 2001              	.LBB253:
 540:Inc/STM32F3xx_HAL_Driver/Src/stm32f3xx_hal_rcc.c ****         }
 2002              		.loc 1 540 18 view .LVU598
 2003 0622 0320     		movs	r0, #3
 2004 0624 02E0     		b	.L21
 2005              	.L106:
 554:Inc/STM32F3xx_HAL_Driver/Src/stm32f3xx_hal_rcc.c ****         }
 2006              		.loc 1 554 18 view .LVU599
 2007 0626 0320     		movs	r0, #3
 2008 0628 00E0     		b	.L21
 2009              	.LVL151:
 2010              	.L107:
 554:Inc/STM32F3xx_HAL_Driver/Src/stm32f3xx_hal_rcc.c ****         }
 2011              		.loc 1 554 18 view .LVU600
 2012              	.LBE253:
 668:Inc/STM32F3xx_HAL_Driver/Src/stm32f3xx_hal_rcc.c **** }
 2013              		.loc 1 668 10 view .LVU601
 2014 062a 0020     		movs	r0, #0
 2015              	.LVL152:
 2016              	.L21:
 2017              		.loc 1 669 1 view .LVU602
 2018 062c 02B0     		add	sp, sp, #8
 2019              		.cfi_remember_state
 2020              		.cfi_def_cfa_offset 16
 2021              		@ sp needed
 2022 062e 70BD     		pop	{r4, r5, r6, pc}
 2023              	.LVL153:
 2024              	.L111:
 2025              		.cfi_restore_state
 646:Inc/STM32F3xx_HAL_Driver/Src/stm32f3xx_hal_rcc.c ****       }
 2026              		.loc 1 646 16 view .LVU603
 2027 0630 0120     		movs	r0, #1
 2028 0632 FBE7     		b	.L21
 2029              	.LVL154:
 2030              	.L112:
 662:Inc/STM32F3xx_HAL_Driver/Src/stm32f3xx_hal_rcc.c ****         }
 2031              		.loc 1 662 18 view .LVU604
 2032 0634 0120     		movs	r0, #1
 2033              	.LVL155:
 662:Inc/STM32F3xx_HAL_Driver/Src/stm32f3xx_hal_rcc.c ****         }
 2034              		.loc 1 662 18 view .LVU605
 2035 0636 F9E7     		b	.L21
 2036              	.LVL156:
 2037              	.L113:
 662:Inc/STM32F3xx_HAL_Driver/Src/stm32f3xx_hal_rcc.c ****         }
 2038              		.loc 1 662 18 view .LVU606
 2039 0638 0120     		movs	r0, #1
 2040              	.LVL157:
 662:Inc/STM32F3xx_HAL_Driver/Src/stm32f3xx_hal_rcc.c ****         }
 2041              		.loc 1 662 18 view .LVU607
 2042 063a F7E7     		b	.L21
 2043              	.L114:
 2044 063c 0120     		movs	r0, #1
 2045 063e F5E7     		b	.L21
ARM GAS  /tmp/cccxcDip.s 			page 72


 2046              	.L138:
 2047              		.align	2
 2048              	.L137:
 2049 0640 00100240 		.word	1073876992
 2050              		.cfi_endproc
 2051              	.LFE131:
 2053              		.section	.text.HAL_RCC_MCOConfig,"ax",%progbits
 2054              		.align	1
 2055              		.global	HAL_RCC_MCOConfig
 2056              		.syntax unified
 2057              		.thumb
 2058              		.thumb_func
 2060              	HAL_RCC_MCOConfig:
 2061              	.LVL158:
 2062              	.LFB133:
 670:Inc/STM32F3xx_HAL_Driver/Src/stm32f3xx_hal_rcc.c **** 
 671:Inc/STM32F3xx_HAL_Driver/Src/stm32f3xx_hal_rcc.c **** /**
 672:Inc/STM32F3xx_HAL_Driver/Src/stm32f3xx_hal_rcc.c ****   * @brief  Initializes the CPU, AHB and APB buses clocks according to the specified 
 673:Inc/STM32F3xx_HAL_Driver/Src/stm32f3xx_hal_rcc.c ****   *         parameters in the RCC_ClkInitStruct.
 674:Inc/STM32F3xx_HAL_Driver/Src/stm32f3xx_hal_rcc.c ****   * @param  RCC_ClkInitStruct pointer to an RCC_OscInitTypeDef structure that
 675:Inc/STM32F3xx_HAL_Driver/Src/stm32f3xx_hal_rcc.c ****   *         contains the configuration information for the RCC peripheral.
 676:Inc/STM32F3xx_HAL_Driver/Src/stm32f3xx_hal_rcc.c ****   * @param  FLatency FLASH Latency                   
 677:Inc/STM32F3xx_HAL_Driver/Src/stm32f3xx_hal_rcc.c ****   *          The value of this parameter depend on device used within the same series
 678:Inc/STM32F3xx_HAL_Driver/Src/stm32f3xx_hal_rcc.c ****   * @note   The SystemCoreClock CMSIS variable is used to store System Clock Frequency 
 679:Inc/STM32F3xx_HAL_Driver/Src/stm32f3xx_hal_rcc.c ****   *         and updated by @ref HAL_RCC_GetHCLKFreq() function called within this function
 680:Inc/STM32F3xx_HAL_Driver/Src/stm32f3xx_hal_rcc.c ****   *
 681:Inc/STM32F3xx_HAL_Driver/Src/stm32f3xx_hal_rcc.c ****   * @note   The HSI is used (enabled by hardware) as system clock source after
 682:Inc/STM32F3xx_HAL_Driver/Src/stm32f3xx_hal_rcc.c ****   *         start-up from Reset, wake-up from STOP and STANDBY mode, or in case
 683:Inc/STM32F3xx_HAL_Driver/Src/stm32f3xx_hal_rcc.c ****   *         of failure of the HSE used directly or indirectly as system clock
 684:Inc/STM32F3xx_HAL_Driver/Src/stm32f3xx_hal_rcc.c ****   *         (if the Clock Security System CSS is enabled).
 685:Inc/STM32F3xx_HAL_Driver/Src/stm32f3xx_hal_rcc.c ****   *           
 686:Inc/STM32F3xx_HAL_Driver/Src/stm32f3xx_hal_rcc.c ****   * @note   A switch from one clock source to another occurs only if the target
 687:Inc/STM32F3xx_HAL_Driver/Src/stm32f3xx_hal_rcc.c ****   *         clock source is ready (clock stable after start-up delay or PLL locked). 
 688:Inc/STM32F3xx_HAL_Driver/Src/stm32f3xx_hal_rcc.c ****   *         If a clock source which is not yet ready is selected, the switch will
 689:Inc/STM32F3xx_HAL_Driver/Src/stm32f3xx_hal_rcc.c ****   *         occur when the clock source will be ready. 
 690:Inc/STM32F3xx_HAL_Driver/Src/stm32f3xx_hal_rcc.c ****   *         You can use @ref HAL_RCC_GetClockConfig() function to know which clock is
 691:Inc/STM32F3xx_HAL_Driver/Src/stm32f3xx_hal_rcc.c ****   *         currently used as system clock source.
 692:Inc/STM32F3xx_HAL_Driver/Src/stm32f3xx_hal_rcc.c ****   * @retval HAL status
 693:Inc/STM32F3xx_HAL_Driver/Src/stm32f3xx_hal_rcc.c ****   */
 694:Inc/STM32F3xx_HAL_Driver/Src/stm32f3xx_hal_rcc.c **** HAL_StatusTypeDef HAL_RCC_ClockConfig(RCC_ClkInitTypeDef  *RCC_ClkInitStruct, uint32_t FLatency)
 695:Inc/STM32F3xx_HAL_Driver/Src/stm32f3xx_hal_rcc.c **** {
 696:Inc/STM32F3xx_HAL_Driver/Src/stm32f3xx_hal_rcc.c ****   uint32_t tickstart = 0U;
 697:Inc/STM32F3xx_HAL_Driver/Src/stm32f3xx_hal_rcc.c **** 
 698:Inc/STM32F3xx_HAL_Driver/Src/stm32f3xx_hal_rcc.c ****   /* Check Null pointer */
 699:Inc/STM32F3xx_HAL_Driver/Src/stm32f3xx_hal_rcc.c ****   if(RCC_ClkInitStruct == NULL)
 700:Inc/STM32F3xx_HAL_Driver/Src/stm32f3xx_hal_rcc.c ****   {
 701:Inc/STM32F3xx_HAL_Driver/Src/stm32f3xx_hal_rcc.c ****     return HAL_ERROR;
 702:Inc/STM32F3xx_HAL_Driver/Src/stm32f3xx_hal_rcc.c ****   }
 703:Inc/STM32F3xx_HAL_Driver/Src/stm32f3xx_hal_rcc.c **** 
 704:Inc/STM32F3xx_HAL_Driver/Src/stm32f3xx_hal_rcc.c ****   /* Check the parameters */
 705:Inc/STM32F3xx_HAL_Driver/Src/stm32f3xx_hal_rcc.c ****   assert_param(IS_RCC_CLOCKTYPE(RCC_ClkInitStruct->ClockType));
 706:Inc/STM32F3xx_HAL_Driver/Src/stm32f3xx_hal_rcc.c ****   assert_param(IS_FLASH_LATENCY(FLatency));
 707:Inc/STM32F3xx_HAL_Driver/Src/stm32f3xx_hal_rcc.c **** 
 708:Inc/STM32F3xx_HAL_Driver/Src/stm32f3xx_hal_rcc.c ****   /* To correctly read data from FLASH memory, the number of wait states (LATENCY) 
 709:Inc/STM32F3xx_HAL_Driver/Src/stm32f3xx_hal_rcc.c ****   must be correctly programmed according to the frequency of the CPU clock 
 710:Inc/STM32F3xx_HAL_Driver/Src/stm32f3xx_hal_rcc.c ****     (HCLK) of the device. */
 711:Inc/STM32F3xx_HAL_Driver/Src/stm32f3xx_hal_rcc.c **** 
ARM GAS  /tmp/cccxcDip.s 			page 73


 712:Inc/STM32F3xx_HAL_Driver/Src/stm32f3xx_hal_rcc.c ****   /* Increasing the number of wait states because of higher CPU frequency */
 713:Inc/STM32F3xx_HAL_Driver/Src/stm32f3xx_hal_rcc.c ****   if(FLatency > __HAL_FLASH_GET_LATENCY())
 714:Inc/STM32F3xx_HAL_Driver/Src/stm32f3xx_hal_rcc.c ****   {    
 715:Inc/STM32F3xx_HAL_Driver/Src/stm32f3xx_hal_rcc.c ****     /* Program the new number of wait states to the LATENCY bits in the FLASH_ACR register */
 716:Inc/STM32F3xx_HAL_Driver/Src/stm32f3xx_hal_rcc.c ****     __HAL_FLASH_SET_LATENCY(FLatency);
 717:Inc/STM32F3xx_HAL_Driver/Src/stm32f3xx_hal_rcc.c ****     
 718:Inc/STM32F3xx_HAL_Driver/Src/stm32f3xx_hal_rcc.c ****     /* Check that the new number of wait states is taken into account to access the Flash
 719:Inc/STM32F3xx_HAL_Driver/Src/stm32f3xx_hal_rcc.c ****     memory by reading the FLASH_ACR register */
 720:Inc/STM32F3xx_HAL_Driver/Src/stm32f3xx_hal_rcc.c ****     if(__HAL_FLASH_GET_LATENCY() != FLatency)
 721:Inc/STM32F3xx_HAL_Driver/Src/stm32f3xx_hal_rcc.c ****     {
 722:Inc/STM32F3xx_HAL_Driver/Src/stm32f3xx_hal_rcc.c ****       return HAL_ERROR;
 723:Inc/STM32F3xx_HAL_Driver/Src/stm32f3xx_hal_rcc.c ****     }
 724:Inc/STM32F3xx_HAL_Driver/Src/stm32f3xx_hal_rcc.c ****   }
 725:Inc/STM32F3xx_HAL_Driver/Src/stm32f3xx_hal_rcc.c **** 
 726:Inc/STM32F3xx_HAL_Driver/Src/stm32f3xx_hal_rcc.c ****   /*-------------------------- HCLK Configuration --------------------------*/
 727:Inc/STM32F3xx_HAL_Driver/Src/stm32f3xx_hal_rcc.c ****   if(((RCC_ClkInitStruct->ClockType) & RCC_CLOCKTYPE_HCLK) == RCC_CLOCKTYPE_HCLK)
 728:Inc/STM32F3xx_HAL_Driver/Src/stm32f3xx_hal_rcc.c ****   {
 729:Inc/STM32F3xx_HAL_Driver/Src/stm32f3xx_hal_rcc.c ****     assert_param(IS_RCC_HCLK(RCC_ClkInitStruct->AHBCLKDivider));
 730:Inc/STM32F3xx_HAL_Driver/Src/stm32f3xx_hal_rcc.c ****     MODIFY_REG(RCC->CFGR, RCC_CFGR_HPRE, RCC_ClkInitStruct->AHBCLKDivider);
 731:Inc/STM32F3xx_HAL_Driver/Src/stm32f3xx_hal_rcc.c ****   }
 732:Inc/STM32F3xx_HAL_Driver/Src/stm32f3xx_hal_rcc.c **** 
 733:Inc/STM32F3xx_HAL_Driver/Src/stm32f3xx_hal_rcc.c ****   /*------------------------- SYSCLK Configuration ---------------------------*/ 
 734:Inc/STM32F3xx_HAL_Driver/Src/stm32f3xx_hal_rcc.c ****   if(((RCC_ClkInitStruct->ClockType) & RCC_CLOCKTYPE_SYSCLK) == RCC_CLOCKTYPE_SYSCLK)
 735:Inc/STM32F3xx_HAL_Driver/Src/stm32f3xx_hal_rcc.c ****   {    
 736:Inc/STM32F3xx_HAL_Driver/Src/stm32f3xx_hal_rcc.c ****     assert_param(IS_RCC_SYSCLKSOURCE(RCC_ClkInitStruct->SYSCLKSource));
 737:Inc/STM32F3xx_HAL_Driver/Src/stm32f3xx_hal_rcc.c ****     
 738:Inc/STM32F3xx_HAL_Driver/Src/stm32f3xx_hal_rcc.c ****     /* HSE is selected as System Clock Source */
 739:Inc/STM32F3xx_HAL_Driver/Src/stm32f3xx_hal_rcc.c ****     if(RCC_ClkInitStruct->SYSCLKSource == RCC_SYSCLKSOURCE_HSE)
 740:Inc/STM32F3xx_HAL_Driver/Src/stm32f3xx_hal_rcc.c ****     {
 741:Inc/STM32F3xx_HAL_Driver/Src/stm32f3xx_hal_rcc.c ****       /* Check the HSE ready flag */  
 742:Inc/STM32F3xx_HAL_Driver/Src/stm32f3xx_hal_rcc.c ****       if(__HAL_RCC_GET_FLAG(RCC_FLAG_HSERDY) == RESET)
 743:Inc/STM32F3xx_HAL_Driver/Src/stm32f3xx_hal_rcc.c ****       {
 744:Inc/STM32F3xx_HAL_Driver/Src/stm32f3xx_hal_rcc.c ****         return HAL_ERROR;
 745:Inc/STM32F3xx_HAL_Driver/Src/stm32f3xx_hal_rcc.c ****       }
 746:Inc/STM32F3xx_HAL_Driver/Src/stm32f3xx_hal_rcc.c ****     }
 747:Inc/STM32F3xx_HAL_Driver/Src/stm32f3xx_hal_rcc.c ****     /* PLL is selected as System Clock Source */
 748:Inc/STM32F3xx_HAL_Driver/Src/stm32f3xx_hal_rcc.c ****     else if(RCC_ClkInitStruct->SYSCLKSource == RCC_SYSCLKSOURCE_PLLCLK)
 749:Inc/STM32F3xx_HAL_Driver/Src/stm32f3xx_hal_rcc.c ****     {
 750:Inc/STM32F3xx_HAL_Driver/Src/stm32f3xx_hal_rcc.c ****       /* Check the PLL ready flag */  
 751:Inc/STM32F3xx_HAL_Driver/Src/stm32f3xx_hal_rcc.c ****       if(__HAL_RCC_GET_FLAG(RCC_FLAG_PLLRDY) == RESET)
 752:Inc/STM32F3xx_HAL_Driver/Src/stm32f3xx_hal_rcc.c ****       {
 753:Inc/STM32F3xx_HAL_Driver/Src/stm32f3xx_hal_rcc.c ****         return HAL_ERROR;
 754:Inc/STM32F3xx_HAL_Driver/Src/stm32f3xx_hal_rcc.c ****       }
 755:Inc/STM32F3xx_HAL_Driver/Src/stm32f3xx_hal_rcc.c ****     }
 756:Inc/STM32F3xx_HAL_Driver/Src/stm32f3xx_hal_rcc.c ****     /* HSI is selected as System Clock Source */
 757:Inc/STM32F3xx_HAL_Driver/Src/stm32f3xx_hal_rcc.c ****     else
 758:Inc/STM32F3xx_HAL_Driver/Src/stm32f3xx_hal_rcc.c ****     {
 759:Inc/STM32F3xx_HAL_Driver/Src/stm32f3xx_hal_rcc.c ****       /* Check the HSI ready flag */  
 760:Inc/STM32F3xx_HAL_Driver/Src/stm32f3xx_hal_rcc.c ****       if(__HAL_RCC_GET_FLAG(RCC_FLAG_HSIRDY) == RESET)
 761:Inc/STM32F3xx_HAL_Driver/Src/stm32f3xx_hal_rcc.c ****       {
 762:Inc/STM32F3xx_HAL_Driver/Src/stm32f3xx_hal_rcc.c ****         return HAL_ERROR;
 763:Inc/STM32F3xx_HAL_Driver/Src/stm32f3xx_hal_rcc.c ****       }
 764:Inc/STM32F3xx_HAL_Driver/Src/stm32f3xx_hal_rcc.c ****     }
 765:Inc/STM32F3xx_HAL_Driver/Src/stm32f3xx_hal_rcc.c **** 
 766:Inc/STM32F3xx_HAL_Driver/Src/stm32f3xx_hal_rcc.c ****     __HAL_RCC_SYSCLK_CONFIG(RCC_ClkInitStruct->SYSCLKSource);
 767:Inc/STM32F3xx_HAL_Driver/Src/stm32f3xx_hal_rcc.c **** 
 768:Inc/STM32F3xx_HAL_Driver/Src/stm32f3xx_hal_rcc.c ****     /* Get Start Tick */
ARM GAS  /tmp/cccxcDip.s 			page 74


 769:Inc/STM32F3xx_HAL_Driver/Src/stm32f3xx_hal_rcc.c ****     tickstart = HAL_GetTick();
 770:Inc/STM32F3xx_HAL_Driver/Src/stm32f3xx_hal_rcc.c ****     
 771:Inc/STM32F3xx_HAL_Driver/Src/stm32f3xx_hal_rcc.c ****     while (__HAL_RCC_GET_SYSCLK_SOURCE() != (RCC_ClkInitStruct->SYSCLKSource << RCC_CFGR_SWS_Pos))
 772:Inc/STM32F3xx_HAL_Driver/Src/stm32f3xx_hal_rcc.c ****     {
 773:Inc/STM32F3xx_HAL_Driver/Src/stm32f3xx_hal_rcc.c ****       if ((HAL_GetTick() - tickstart) > CLOCKSWITCH_TIMEOUT_VALUE)
 774:Inc/STM32F3xx_HAL_Driver/Src/stm32f3xx_hal_rcc.c ****       {
 775:Inc/STM32F3xx_HAL_Driver/Src/stm32f3xx_hal_rcc.c ****         return HAL_TIMEOUT;
 776:Inc/STM32F3xx_HAL_Driver/Src/stm32f3xx_hal_rcc.c ****       }
 777:Inc/STM32F3xx_HAL_Driver/Src/stm32f3xx_hal_rcc.c ****     }
 778:Inc/STM32F3xx_HAL_Driver/Src/stm32f3xx_hal_rcc.c ****   }
 779:Inc/STM32F3xx_HAL_Driver/Src/stm32f3xx_hal_rcc.c ****   /* Decreasing the number of wait states because of lower CPU frequency */
 780:Inc/STM32F3xx_HAL_Driver/Src/stm32f3xx_hal_rcc.c ****   if(FLatency < __HAL_FLASH_GET_LATENCY())
 781:Inc/STM32F3xx_HAL_Driver/Src/stm32f3xx_hal_rcc.c ****   {    
 782:Inc/STM32F3xx_HAL_Driver/Src/stm32f3xx_hal_rcc.c ****     /* Program the new number of wait states to the LATENCY bits in the FLASH_ACR register */
 783:Inc/STM32F3xx_HAL_Driver/Src/stm32f3xx_hal_rcc.c ****     __HAL_FLASH_SET_LATENCY(FLatency);
 784:Inc/STM32F3xx_HAL_Driver/Src/stm32f3xx_hal_rcc.c ****     
 785:Inc/STM32F3xx_HAL_Driver/Src/stm32f3xx_hal_rcc.c ****     /* Check that the new number of wait states is taken into account to access the Flash
 786:Inc/STM32F3xx_HAL_Driver/Src/stm32f3xx_hal_rcc.c ****     memory by reading the FLASH_ACR register */
 787:Inc/STM32F3xx_HAL_Driver/Src/stm32f3xx_hal_rcc.c ****     if(__HAL_FLASH_GET_LATENCY() != FLatency)
 788:Inc/STM32F3xx_HAL_Driver/Src/stm32f3xx_hal_rcc.c ****     {
 789:Inc/STM32F3xx_HAL_Driver/Src/stm32f3xx_hal_rcc.c ****       return HAL_ERROR;
 790:Inc/STM32F3xx_HAL_Driver/Src/stm32f3xx_hal_rcc.c ****     }
 791:Inc/STM32F3xx_HAL_Driver/Src/stm32f3xx_hal_rcc.c ****   }    
 792:Inc/STM32F3xx_HAL_Driver/Src/stm32f3xx_hal_rcc.c **** 
 793:Inc/STM32F3xx_HAL_Driver/Src/stm32f3xx_hal_rcc.c ****   /*-------------------------- PCLK1 Configuration ---------------------------*/ 
 794:Inc/STM32F3xx_HAL_Driver/Src/stm32f3xx_hal_rcc.c ****   if(((RCC_ClkInitStruct->ClockType) & RCC_CLOCKTYPE_PCLK1) == RCC_CLOCKTYPE_PCLK1)
 795:Inc/STM32F3xx_HAL_Driver/Src/stm32f3xx_hal_rcc.c ****   {
 796:Inc/STM32F3xx_HAL_Driver/Src/stm32f3xx_hal_rcc.c ****     assert_param(IS_RCC_PCLK(RCC_ClkInitStruct->APB1CLKDivider));
 797:Inc/STM32F3xx_HAL_Driver/Src/stm32f3xx_hal_rcc.c ****     MODIFY_REG(RCC->CFGR, RCC_CFGR_PPRE1, RCC_ClkInitStruct->APB1CLKDivider);
 798:Inc/STM32F3xx_HAL_Driver/Src/stm32f3xx_hal_rcc.c ****   }
 799:Inc/STM32F3xx_HAL_Driver/Src/stm32f3xx_hal_rcc.c ****   
 800:Inc/STM32F3xx_HAL_Driver/Src/stm32f3xx_hal_rcc.c ****   /*-------------------------- PCLK2 Configuration ---------------------------*/ 
 801:Inc/STM32F3xx_HAL_Driver/Src/stm32f3xx_hal_rcc.c ****   if(((RCC_ClkInitStruct->ClockType) & RCC_CLOCKTYPE_PCLK2) == RCC_CLOCKTYPE_PCLK2)
 802:Inc/STM32F3xx_HAL_Driver/Src/stm32f3xx_hal_rcc.c ****   {
 803:Inc/STM32F3xx_HAL_Driver/Src/stm32f3xx_hal_rcc.c ****     assert_param(IS_RCC_PCLK(RCC_ClkInitStruct->APB2CLKDivider));
 804:Inc/STM32F3xx_HAL_Driver/Src/stm32f3xx_hal_rcc.c ****     MODIFY_REG(RCC->CFGR, RCC_CFGR_PPRE2, ((RCC_ClkInitStruct->APB2CLKDivider) << 3U));
 805:Inc/STM32F3xx_HAL_Driver/Src/stm32f3xx_hal_rcc.c ****   }
 806:Inc/STM32F3xx_HAL_Driver/Src/stm32f3xx_hal_rcc.c ****  
 807:Inc/STM32F3xx_HAL_Driver/Src/stm32f3xx_hal_rcc.c ****   /* Update the SystemCoreClock global variable */
 808:Inc/STM32F3xx_HAL_Driver/Src/stm32f3xx_hal_rcc.c ****   SystemCoreClock = HAL_RCC_GetSysClockFreq() >> AHBPrescTable[(RCC->CFGR & RCC_CFGR_HPRE)>> RCC_CF
 809:Inc/STM32F3xx_HAL_Driver/Src/stm32f3xx_hal_rcc.c **** 
 810:Inc/STM32F3xx_HAL_Driver/Src/stm32f3xx_hal_rcc.c ****   /* Configure the source of time base considering new system clocks settings*/
 811:Inc/STM32F3xx_HAL_Driver/Src/stm32f3xx_hal_rcc.c ****   HAL_InitTick (uwTickPrio);
 812:Inc/STM32F3xx_HAL_Driver/Src/stm32f3xx_hal_rcc.c ****   
 813:Inc/STM32F3xx_HAL_Driver/Src/stm32f3xx_hal_rcc.c ****   return HAL_OK;
 814:Inc/STM32F3xx_HAL_Driver/Src/stm32f3xx_hal_rcc.c **** }
 815:Inc/STM32F3xx_HAL_Driver/Src/stm32f3xx_hal_rcc.c **** 
 816:Inc/STM32F3xx_HAL_Driver/Src/stm32f3xx_hal_rcc.c **** /**
 817:Inc/STM32F3xx_HAL_Driver/Src/stm32f3xx_hal_rcc.c ****   * @}
 818:Inc/STM32F3xx_HAL_Driver/Src/stm32f3xx_hal_rcc.c ****   */
 819:Inc/STM32F3xx_HAL_Driver/Src/stm32f3xx_hal_rcc.c **** 
 820:Inc/STM32F3xx_HAL_Driver/Src/stm32f3xx_hal_rcc.c **** /** @defgroup RCC_Exported_Functions_Group2 Peripheral Control functions
 821:Inc/STM32F3xx_HAL_Driver/Src/stm32f3xx_hal_rcc.c ****   *  @brief   RCC clocks control functions
 822:Inc/STM32F3xx_HAL_Driver/Src/stm32f3xx_hal_rcc.c ****   *
 823:Inc/STM32F3xx_HAL_Driver/Src/stm32f3xx_hal_rcc.c ****   @verbatim   
 824:Inc/STM32F3xx_HAL_Driver/Src/stm32f3xx_hal_rcc.c ****   ===============================================================================
 825:Inc/STM32F3xx_HAL_Driver/Src/stm32f3xx_hal_rcc.c ****                   ##### Peripheral Control functions #####
ARM GAS  /tmp/cccxcDip.s 			page 75


 826:Inc/STM32F3xx_HAL_Driver/Src/stm32f3xx_hal_rcc.c ****   ===============================================================================  
 827:Inc/STM32F3xx_HAL_Driver/Src/stm32f3xx_hal_rcc.c ****     [..]
 828:Inc/STM32F3xx_HAL_Driver/Src/stm32f3xx_hal_rcc.c ****     This subsection provides a set of functions allowing to control the RCC Clocks 
 829:Inc/STM32F3xx_HAL_Driver/Src/stm32f3xx_hal_rcc.c ****     frequencies.
 830:Inc/STM32F3xx_HAL_Driver/Src/stm32f3xx_hal_rcc.c **** 
 831:Inc/STM32F3xx_HAL_Driver/Src/stm32f3xx_hal_rcc.c ****   @endverbatim
 832:Inc/STM32F3xx_HAL_Driver/Src/stm32f3xx_hal_rcc.c ****   * @{
 833:Inc/STM32F3xx_HAL_Driver/Src/stm32f3xx_hal_rcc.c ****   */
 834:Inc/STM32F3xx_HAL_Driver/Src/stm32f3xx_hal_rcc.c **** 
 835:Inc/STM32F3xx_HAL_Driver/Src/stm32f3xx_hal_rcc.c **** #if defined(RCC_CFGR_MCOPRE)
 836:Inc/STM32F3xx_HAL_Driver/Src/stm32f3xx_hal_rcc.c **** /**
 837:Inc/STM32F3xx_HAL_Driver/Src/stm32f3xx_hal_rcc.c ****   * @brief  Selects the clock source to output on MCO pin.
 838:Inc/STM32F3xx_HAL_Driver/Src/stm32f3xx_hal_rcc.c ****   * @note   MCO pin should be configured in alternate function mode.
 839:Inc/STM32F3xx_HAL_Driver/Src/stm32f3xx_hal_rcc.c ****   * @param  RCC_MCOx specifies the output direction for the clock source.
 840:Inc/STM32F3xx_HAL_Driver/Src/stm32f3xx_hal_rcc.c ****   *          This parameter can be one of the following values:
 841:Inc/STM32F3xx_HAL_Driver/Src/stm32f3xx_hal_rcc.c ****   *            @arg @ref RCC_MCO1 Clock source to output on MCO1 pin(PA8).
 842:Inc/STM32F3xx_HAL_Driver/Src/stm32f3xx_hal_rcc.c ****   * @param  RCC_MCOSource specifies the clock source to output.
 843:Inc/STM32F3xx_HAL_Driver/Src/stm32f3xx_hal_rcc.c ****   *          This parameter can be one of the following values:
 844:Inc/STM32F3xx_HAL_Driver/Src/stm32f3xx_hal_rcc.c ****   *            @arg @ref RCC_MCO1SOURCE_NOCLOCK     No clock selected
 845:Inc/STM32F3xx_HAL_Driver/Src/stm32f3xx_hal_rcc.c ****   *            @arg @ref RCC_MCO1SOURCE_SYSCLK      System Clock selected as MCO clock
 846:Inc/STM32F3xx_HAL_Driver/Src/stm32f3xx_hal_rcc.c ****   *            @arg @ref RCC_MCO1SOURCE_HSI         HSI selected as MCO clock
 847:Inc/STM32F3xx_HAL_Driver/Src/stm32f3xx_hal_rcc.c ****   *            @arg @ref RCC_MCO1SOURCE_HSE         HSE selected as MCO clock
 848:Inc/STM32F3xx_HAL_Driver/Src/stm32f3xx_hal_rcc.c ****   *            @arg @ref RCC_MCO1SOURCE_LSI         LSI selected as MCO clock
 849:Inc/STM32F3xx_HAL_Driver/Src/stm32f3xx_hal_rcc.c ****   *            @arg @ref RCC_MCO1SOURCE_LSE         LSE selected as MCO clock
 850:Inc/STM32F3xx_HAL_Driver/Src/stm32f3xx_hal_rcc.c ****   *            @arg @ref RCC_MCO1SOURCE_PLLCLK      PLLCLK selected as MCO clock
 851:Inc/STM32F3xx_HAL_Driver/Src/stm32f3xx_hal_rcc.c ****   *            @arg @ref RCC_MCO1SOURCE_PLLCLK_DIV2 PLLCLK Divided by 2 selected as MCO clock
 852:Inc/STM32F3xx_HAL_Driver/Src/stm32f3xx_hal_rcc.c ****   * @param  RCC_MCODiv specifies the MCO DIV.
 853:Inc/STM32F3xx_HAL_Driver/Src/stm32f3xx_hal_rcc.c ****   *          This parameter can be one of the following values:
 854:Inc/STM32F3xx_HAL_Driver/Src/stm32f3xx_hal_rcc.c ****   *            @arg @ref RCC_MCODIV_1   no division applied to MCO clock
 855:Inc/STM32F3xx_HAL_Driver/Src/stm32f3xx_hal_rcc.c ****   *            @arg @ref RCC_MCODIV_2   division by 2 applied to MCO clock
 856:Inc/STM32F3xx_HAL_Driver/Src/stm32f3xx_hal_rcc.c ****   *            @arg @ref RCC_MCODIV_4   division by 4 applied to MCO clock
 857:Inc/STM32F3xx_HAL_Driver/Src/stm32f3xx_hal_rcc.c ****   *            @arg @ref RCC_MCODIV_8   division by 8 applied to MCO clock
 858:Inc/STM32F3xx_HAL_Driver/Src/stm32f3xx_hal_rcc.c ****   *            @arg @ref RCC_MCODIV_16  division by 16 applied to MCO clock
 859:Inc/STM32F3xx_HAL_Driver/Src/stm32f3xx_hal_rcc.c ****   *            @arg @ref RCC_MCODIV_32  division by 32 applied to MCO clock
 860:Inc/STM32F3xx_HAL_Driver/Src/stm32f3xx_hal_rcc.c ****   *            @arg @ref RCC_MCODIV_64  division by 64 applied to MCO clock
 861:Inc/STM32F3xx_HAL_Driver/Src/stm32f3xx_hal_rcc.c ****   *            @arg @ref RCC_MCODIV_128 division by 128 applied to MCO clock
 862:Inc/STM32F3xx_HAL_Driver/Src/stm32f3xx_hal_rcc.c ****   * @retval None
 863:Inc/STM32F3xx_HAL_Driver/Src/stm32f3xx_hal_rcc.c ****   */
 864:Inc/STM32F3xx_HAL_Driver/Src/stm32f3xx_hal_rcc.c **** #else
 865:Inc/STM32F3xx_HAL_Driver/Src/stm32f3xx_hal_rcc.c **** /**
 866:Inc/STM32F3xx_HAL_Driver/Src/stm32f3xx_hal_rcc.c ****   * @brief  Selects the clock source to output on MCO pin.
 867:Inc/STM32F3xx_HAL_Driver/Src/stm32f3xx_hal_rcc.c ****   * @note   MCO pin should be configured in alternate function mode.
 868:Inc/STM32F3xx_HAL_Driver/Src/stm32f3xx_hal_rcc.c ****   * @param  RCC_MCOx specifies the output direction for the clock source.
 869:Inc/STM32F3xx_HAL_Driver/Src/stm32f3xx_hal_rcc.c ****   *          This parameter can be one of the following values:
 870:Inc/STM32F3xx_HAL_Driver/Src/stm32f3xx_hal_rcc.c ****   *            @arg @ref RCC_MCO1 Clock source to output on MCO1 pin(PA8).
 871:Inc/STM32F3xx_HAL_Driver/Src/stm32f3xx_hal_rcc.c ****   * @param  RCC_MCOSource specifies the clock source to output.
 872:Inc/STM32F3xx_HAL_Driver/Src/stm32f3xx_hal_rcc.c ****   *          This parameter can be one of the following values:
 873:Inc/STM32F3xx_HAL_Driver/Src/stm32f3xx_hal_rcc.c ****   *            @arg @ref RCC_MCO1SOURCE_NOCLOCK     No clock selected as MCO clock
 874:Inc/STM32F3xx_HAL_Driver/Src/stm32f3xx_hal_rcc.c ****   *            @arg @ref RCC_MCO1SOURCE_SYSCLK      System clock selected as MCO clock
 875:Inc/STM32F3xx_HAL_Driver/Src/stm32f3xx_hal_rcc.c ****   *            @arg @ref RCC_MCO1SOURCE_HSI         HSI selected as MCO clock
 876:Inc/STM32F3xx_HAL_Driver/Src/stm32f3xx_hal_rcc.c ****   *            @arg @ref RCC_MCO1SOURCE_HSE         HSE selected as MCO clock
 877:Inc/STM32F3xx_HAL_Driver/Src/stm32f3xx_hal_rcc.c ****   *            @arg @ref RCC_MCO1SOURCE_LSI         LSI selected as MCO clock
 878:Inc/STM32F3xx_HAL_Driver/Src/stm32f3xx_hal_rcc.c ****   *            @arg @ref RCC_MCO1SOURCE_LSE         LSE selected as MCO clock
 879:Inc/STM32F3xx_HAL_Driver/Src/stm32f3xx_hal_rcc.c ****   *            @arg @ref RCC_MCO1SOURCE_PLLCLK_DIV2 PLLCLK Divided by 2 selected as MCO clock
 880:Inc/STM32F3xx_HAL_Driver/Src/stm32f3xx_hal_rcc.c ****   * @param  RCC_MCODiv specifies the MCO DIV.
 881:Inc/STM32F3xx_HAL_Driver/Src/stm32f3xx_hal_rcc.c ****   *          This parameter can be one of the following values:
 882:Inc/STM32F3xx_HAL_Driver/Src/stm32f3xx_hal_rcc.c ****   *            @arg @ref RCC_MCODIV_1 no division applied to MCO clock
ARM GAS  /tmp/cccxcDip.s 			page 76


 883:Inc/STM32F3xx_HAL_Driver/Src/stm32f3xx_hal_rcc.c ****   * @retval None
 884:Inc/STM32F3xx_HAL_Driver/Src/stm32f3xx_hal_rcc.c ****   */
 885:Inc/STM32F3xx_HAL_Driver/Src/stm32f3xx_hal_rcc.c **** #endif
 886:Inc/STM32F3xx_HAL_Driver/Src/stm32f3xx_hal_rcc.c **** void HAL_RCC_MCOConfig(uint32_t RCC_MCOx, uint32_t RCC_MCOSource, uint32_t RCC_MCODiv)
 887:Inc/STM32F3xx_HAL_Driver/Src/stm32f3xx_hal_rcc.c **** {
 2063              		.loc 1 887 1 is_stmt 1 view -0
 2064              		.cfi_startproc
 2065              		@ args = 0, pretend = 0, frame = 24
 2066              		@ frame_needed = 0, uses_anonymous_args = 0
 2067              		.loc 1 887 1 is_stmt 0 view .LVU609
 2068 0000 70B5     		push	{r4, r5, r6, lr}
 2069              		.cfi_def_cfa_offset 16
 2070              		.cfi_offset 4, -16
 2071              		.cfi_offset 5, -12
 2072              		.cfi_offset 6, -8
 2073              		.cfi_offset 14, -4
 2074 0002 86B0     		sub	sp, sp, #24
 2075              		.cfi_def_cfa_offset 40
 2076 0004 0D46     		mov	r5, r1
 2077 0006 1646     		mov	r6, r2
 888:Inc/STM32F3xx_HAL_Driver/Src/stm32f3xx_hal_rcc.c ****   GPIO_InitTypeDef gpio;
 2078              		.loc 1 888 3 is_stmt 1 view .LVU610
 889:Inc/STM32F3xx_HAL_Driver/Src/stm32f3xx_hal_rcc.c **** 
 890:Inc/STM32F3xx_HAL_Driver/Src/stm32f3xx_hal_rcc.c ****   /* Check the parameters */
 891:Inc/STM32F3xx_HAL_Driver/Src/stm32f3xx_hal_rcc.c ****   assert_param(IS_RCC_MCO(RCC_MCOx));
 2079              		.loc 1 891 3 view .LVU611
 892:Inc/STM32F3xx_HAL_Driver/Src/stm32f3xx_hal_rcc.c ****   assert_param(IS_RCC_MCODIV(RCC_MCODiv));
 2080              		.loc 1 892 3 view .LVU612
 893:Inc/STM32F3xx_HAL_Driver/Src/stm32f3xx_hal_rcc.c ****   assert_param(IS_RCC_MCO1SOURCE(RCC_MCOSource));
 2081              		.loc 1 893 3 view .LVU613
 894:Inc/STM32F3xx_HAL_Driver/Src/stm32f3xx_hal_rcc.c **** 
 895:Inc/STM32F3xx_HAL_Driver/Src/stm32f3xx_hal_rcc.c ****   /* Prevent unused argument(s) compilation warning */
 896:Inc/STM32F3xx_HAL_Driver/Src/stm32f3xx_hal_rcc.c ****   UNUSED(RCC_MCOx);
 2082              		.loc 1 896 3 view .LVU614
 897:Inc/STM32F3xx_HAL_Driver/Src/stm32f3xx_hal_rcc.c **** 
 898:Inc/STM32F3xx_HAL_Driver/Src/stm32f3xx_hal_rcc.c ****   /* Configure the MCO1 pin in alternate function mode */
 899:Inc/STM32F3xx_HAL_Driver/Src/stm32f3xx_hal_rcc.c ****   gpio.Mode      = GPIO_MODE_AF_PP;
 2083              		.loc 1 899 3 view .LVU615
 2084              		.loc 1 899 18 is_stmt 0 view .LVU616
 2085 0008 0223     		movs	r3, #2
 2086 000a 0293     		str	r3, [sp, #8]
 900:Inc/STM32F3xx_HAL_Driver/Src/stm32f3xx_hal_rcc.c ****   gpio.Speed     = GPIO_SPEED_FREQ_HIGH;
 2087              		.loc 1 900 3 is_stmt 1 view .LVU617
 2088              		.loc 1 900 18 is_stmt 0 view .LVU618
 2089 000c 0323     		movs	r3, #3
 2090 000e 0493     		str	r3, [sp, #16]
 901:Inc/STM32F3xx_HAL_Driver/Src/stm32f3xx_hal_rcc.c ****   gpio.Pull      = GPIO_NOPULL;
 2091              		.loc 1 901 3 is_stmt 1 view .LVU619
 2092              		.loc 1 901 18 is_stmt 0 view .LVU620
 2093 0010 0023     		movs	r3, #0
 2094 0012 0393     		str	r3, [sp, #12]
 902:Inc/STM32F3xx_HAL_Driver/Src/stm32f3xx_hal_rcc.c ****   gpio.Pin       = MCO1_PIN;
 2095              		.loc 1 902 3 is_stmt 1 view .LVU621
 2096              		.loc 1 902 18 is_stmt 0 view .LVU622
 2097 0014 4FF48072 		mov	r2, #256
 2098              	.LVL159:
 2099              		.loc 1 902 18 view .LVU623
ARM GAS  /tmp/cccxcDip.s 			page 77


 2100 0018 0192     		str	r2, [sp, #4]
 903:Inc/STM32F3xx_HAL_Driver/Src/stm32f3xx_hal_rcc.c ****   gpio.Alternate = GPIO_AF0_MCO;
 2101              		.loc 1 903 3 is_stmt 1 view .LVU624
 2102              		.loc 1 903 18 is_stmt 0 view .LVU625
 2103 001a 0593     		str	r3, [sp, #20]
 904:Inc/STM32F3xx_HAL_Driver/Src/stm32f3xx_hal_rcc.c **** 
 905:Inc/STM32F3xx_HAL_Driver/Src/stm32f3xx_hal_rcc.c ****   /* MCO1 Clock Enable */
 906:Inc/STM32F3xx_HAL_Driver/Src/stm32f3xx_hal_rcc.c ****   MCO1_CLK_ENABLE();
 2104              		.loc 1 906 3 is_stmt 1 view .LVU626
 2105              	.LBB254:
 2106              		.loc 1 906 3 view .LVU627
 2107              		.loc 1 906 3 view .LVU628
 2108 001c 0B4C     		ldr	r4, .L141
 2109 001e 6369     		ldr	r3, [r4, #20]
 2110 0020 43F40033 		orr	r3, r3, #131072
 2111 0024 6361     		str	r3, [r4, #20]
 2112              		.loc 1 906 3 view .LVU629
 2113 0026 6369     		ldr	r3, [r4, #20]
 2114 0028 03F40033 		and	r3, r3, #131072
 2115 002c 0093     		str	r3, [sp]
 2116              		.loc 1 906 3 view .LVU630
 2117 002e 009B     		ldr	r3, [sp]
 2118              	.LBE254:
 2119              		.loc 1 906 3 view .LVU631
 907:Inc/STM32F3xx_HAL_Driver/Src/stm32f3xx_hal_rcc.c ****   
 908:Inc/STM32F3xx_HAL_Driver/Src/stm32f3xx_hal_rcc.c ****   HAL_GPIO_Init(MCO1_GPIO_PORT, &gpio);
 2120              		.loc 1 908 3 view .LVU632
 2121 0030 01A9     		add	r1, sp, #4
 2122              	.LVL160:
 2123              		.loc 1 908 3 is_stmt 0 view .LVU633
 2124 0032 4FF09040 		mov	r0, #1207959552
 2125              	.LVL161:
 2126              		.loc 1 908 3 view .LVU634
 2127 0036 FFF7FEFF 		bl	HAL_GPIO_Init
 2128              	.LVL162:
 909:Inc/STM32F3xx_HAL_Driver/Src/stm32f3xx_hal_rcc.c ****   
 910:Inc/STM32F3xx_HAL_Driver/Src/stm32f3xx_hal_rcc.c ****   /* Configure the MCO clock source */
 911:Inc/STM32F3xx_HAL_Driver/Src/stm32f3xx_hal_rcc.c ****   __HAL_RCC_MCO1_CONFIG(RCC_MCOSource, RCC_MCODiv);
 2129              		.loc 1 911 3 is_stmt 1 view .LVU635
 2130 003a 6368     		ldr	r3, [r4, #4]
 2131 003c 23F0EE43 		bic	r3, r3, #1996488704
 2132 0040 3543     		orrs	r5, r5, r6
 2133              	.LVL163:
 2134              		.loc 1 911 3 is_stmt 0 view .LVU636
 2135 0042 2B43     		orrs	r3, r3, r5
 2136 0044 6360     		str	r3, [r4, #4]
 912:Inc/STM32F3xx_HAL_Driver/Src/stm32f3xx_hal_rcc.c **** }
 2137              		.loc 1 912 1 view .LVU637
 2138 0046 06B0     		add	sp, sp, #24
 2139              		.cfi_def_cfa_offset 16
 2140              		@ sp needed
 2141 0048 70BD     		pop	{r4, r5, r6, pc}
 2142              	.LVL164:
 2143              	.L142:
 2144              		.loc 1 912 1 view .LVU638
 2145 004a 00BF     		.align	2
 2146              	.L141:
ARM GAS  /tmp/cccxcDip.s 			page 78


 2147 004c 00100240 		.word	1073876992
 2148              		.cfi_endproc
 2149              	.LFE133:
 2151              		.section	.text.HAL_RCC_EnableCSS,"ax",%progbits
 2152              		.align	1
 2153              		.global	HAL_RCC_EnableCSS
 2154              		.syntax unified
 2155              		.thumb
 2156              		.thumb_func
 2158              	HAL_RCC_EnableCSS:
 2159              	.LFB134:
 913:Inc/STM32F3xx_HAL_Driver/Src/stm32f3xx_hal_rcc.c **** 
 914:Inc/STM32F3xx_HAL_Driver/Src/stm32f3xx_hal_rcc.c **** /**
 915:Inc/STM32F3xx_HAL_Driver/Src/stm32f3xx_hal_rcc.c ****   * @brief  Enables the Clock Security System.
 916:Inc/STM32F3xx_HAL_Driver/Src/stm32f3xx_hal_rcc.c ****   * @note   If a failure is detected on the HSE oscillator clock, this oscillator
 917:Inc/STM32F3xx_HAL_Driver/Src/stm32f3xx_hal_rcc.c ****   *         is automatically disabled and an interrupt is generated to inform the
 918:Inc/STM32F3xx_HAL_Driver/Src/stm32f3xx_hal_rcc.c ****   *         software about the failure (Clock Security System Interrupt, CSSI),
 919:Inc/STM32F3xx_HAL_Driver/Src/stm32f3xx_hal_rcc.c ****   *         allowing the MCU to perform rescue operations. The CSSI is linked to 
 920:Inc/STM32F3xx_HAL_Driver/Src/stm32f3xx_hal_rcc.c ****   *         the Cortex-M4 NMI (Non-Maskable Interrupt) exception vector.  
 921:Inc/STM32F3xx_HAL_Driver/Src/stm32f3xx_hal_rcc.c ****   * @retval None
 922:Inc/STM32F3xx_HAL_Driver/Src/stm32f3xx_hal_rcc.c ****   */
 923:Inc/STM32F3xx_HAL_Driver/Src/stm32f3xx_hal_rcc.c **** void HAL_RCC_EnableCSS(void)
 924:Inc/STM32F3xx_HAL_Driver/Src/stm32f3xx_hal_rcc.c **** {
 2160              		.loc 1 924 1 is_stmt 1 view -0
 2161              		.cfi_startproc
 2162              		@ args = 0, pretend = 0, frame = 0
 2163              		@ frame_needed = 0, uses_anonymous_args = 0
 2164              		@ link register save eliminated.
 925:Inc/STM32F3xx_HAL_Driver/Src/stm32f3xx_hal_rcc.c ****   *(__IO uint32_t *) RCC_CR_CSSON_BB = (uint32_t)ENABLE;
 2165              		.loc 1 925 3 view .LVU640
 2166              	.LVL165:
 2167              	.LBB255:
 2168              	.LBI255:
 981:Inc/CMSIS/Core/Include/cmsis_gcc.h **** {
 2169              		.loc 2 981 31 view .LVU641
 2170              	.LBB256:
 983:Inc/CMSIS/Core/Include/cmsis_gcc.h **** 
 2171              		.loc 2 983 3 view .LVU642
 988:Inc/CMSIS/Core/Include/cmsis_gcc.h **** #else
 2172              		.loc 2 988 4 view .LVU643
 2173 0000 4FF40023 		mov	r3, #524288
 2174              		.syntax unified
 2175              	@ 988 "Inc/CMSIS/Core/Include/cmsis_gcc.h" 1
 2176 0004 93FAA3F3 		rbit r3, r3
 2177              	@ 0 "" 2
 2178              	.LVL166:
 2179              		.loc 2 1001 3 view .LVU644
 2180              		.loc 2 1001 3 is_stmt 0 view .LVU645
 2181              		.thumb
 2182              		.syntax unified
 2183              	.LBE256:
 2184              	.LBE255:
 2185              		.loc 1 925 22 discriminator 2 view .LVU646
 2186 0008 B3FA83F3 		clz	r3, r3
 2187 000c 03F18453 		add	r3, r3, #276824064
 2188 0010 03F58413 		add	r3, r3, #1081344
 2189 0014 9B00     		lsls	r3, r3, #2
ARM GAS  /tmp/cccxcDip.s 			page 79


 2190              		.loc 1 925 38 discriminator 2 view .LVU647
 2191 0016 0122     		movs	r2, #1
 2192 0018 1A60     		str	r2, [r3]
 926:Inc/STM32F3xx_HAL_Driver/Src/stm32f3xx_hal_rcc.c **** }
 2193              		.loc 1 926 1 view .LVU648
 2194 001a 7047     		bx	lr
 2195              		.cfi_endproc
 2196              	.LFE134:
 2198              		.section	.text.HAL_RCC_DisableCSS,"ax",%progbits
 2199              		.align	1
 2200              		.global	HAL_RCC_DisableCSS
 2201              		.syntax unified
 2202              		.thumb
 2203              		.thumb_func
 2205              	HAL_RCC_DisableCSS:
 2206              	.LFB135:
 927:Inc/STM32F3xx_HAL_Driver/Src/stm32f3xx_hal_rcc.c **** 
 928:Inc/STM32F3xx_HAL_Driver/Src/stm32f3xx_hal_rcc.c **** /**
 929:Inc/STM32F3xx_HAL_Driver/Src/stm32f3xx_hal_rcc.c ****   * @brief  Disables the Clock Security System.
 930:Inc/STM32F3xx_HAL_Driver/Src/stm32f3xx_hal_rcc.c ****   * @retval None
 931:Inc/STM32F3xx_HAL_Driver/Src/stm32f3xx_hal_rcc.c ****   */
 932:Inc/STM32F3xx_HAL_Driver/Src/stm32f3xx_hal_rcc.c **** void HAL_RCC_DisableCSS(void)
 933:Inc/STM32F3xx_HAL_Driver/Src/stm32f3xx_hal_rcc.c **** {
 2207              		.loc 1 933 1 is_stmt 1 view -0
 2208              		.cfi_startproc
 2209              		@ args = 0, pretend = 0, frame = 0
 2210              		@ frame_needed = 0, uses_anonymous_args = 0
 2211              		@ link register save eliminated.
 934:Inc/STM32F3xx_HAL_Driver/Src/stm32f3xx_hal_rcc.c ****   *(__IO uint32_t *) RCC_CR_CSSON_BB = (uint32_t)DISABLE;
 2212              		.loc 1 934 3 view .LVU650
 2213              	.LVL167:
 2214              	.LBB257:
 2215              	.LBI257:
 981:Inc/CMSIS/Core/Include/cmsis_gcc.h **** {
 2216              		.loc 2 981 31 view .LVU651
 2217              	.LBB258:
 983:Inc/CMSIS/Core/Include/cmsis_gcc.h **** 
 2218              		.loc 2 983 3 view .LVU652
 988:Inc/CMSIS/Core/Include/cmsis_gcc.h **** #else
 2219              		.loc 2 988 4 view .LVU653
 2220 0000 4FF40023 		mov	r3, #524288
 2221              		.syntax unified
 2222              	@ 988 "Inc/CMSIS/Core/Include/cmsis_gcc.h" 1
 2223 0004 93FAA3F3 		rbit r3, r3
 2224              	@ 0 "" 2
 2225              	.LVL168:
 2226              		.loc 2 1001 3 view .LVU654
 2227              		.loc 2 1001 3 is_stmt 0 view .LVU655
 2228              		.thumb
 2229              		.syntax unified
 2230              	.LBE258:
 2231              	.LBE257:
 2232              		.loc 1 934 22 discriminator 2 view .LVU656
 2233 0008 B3FA83F3 		clz	r3, r3
 2234 000c 03F18453 		add	r3, r3, #276824064
 2235 0010 03F58413 		add	r3, r3, #1081344
 2236 0014 9B00     		lsls	r3, r3, #2
ARM GAS  /tmp/cccxcDip.s 			page 80


 2237              		.loc 1 934 38 discriminator 2 view .LVU657
 2238 0016 0022     		movs	r2, #0
 2239 0018 1A60     		str	r2, [r3]
 935:Inc/STM32F3xx_HAL_Driver/Src/stm32f3xx_hal_rcc.c **** }
 2240              		.loc 1 935 1 view .LVU658
 2241 001a 7047     		bx	lr
 2242              		.cfi_endproc
 2243              	.LFE135:
 2245              		.section	.text.HAL_RCC_GetSysClockFreq,"ax",%progbits
 2246              		.align	1
 2247              		.global	HAL_RCC_GetSysClockFreq
 2248              		.syntax unified
 2249              		.thumb
 2250              		.thumb_func
 2252              	HAL_RCC_GetSysClockFreq:
 2253              	.LFB136:
 936:Inc/STM32F3xx_HAL_Driver/Src/stm32f3xx_hal_rcc.c **** 
 937:Inc/STM32F3xx_HAL_Driver/Src/stm32f3xx_hal_rcc.c **** /**
 938:Inc/STM32F3xx_HAL_Driver/Src/stm32f3xx_hal_rcc.c ****   * @brief  Returns the SYSCLK frequency     
 939:Inc/STM32F3xx_HAL_Driver/Src/stm32f3xx_hal_rcc.c ****   * @note   The system frequency computed by this function is not the real 
 940:Inc/STM32F3xx_HAL_Driver/Src/stm32f3xx_hal_rcc.c ****   *         frequency in the chip. It is calculated based on the predefined 
 941:Inc/STM32F3xx_HAL_Driver/Src/stm32f3xx_hal_rcc.c ****   *         constant and the selected clock source:
 942:Inc/STM32F3xx_HAL_Driver/Src/stm32f3xx_hal_rcc.c ****   * @note     If SYSCLK source is HSI, function returns values based on HSI_VALUE(*)
 943:Inc/STM32F3xx_HAL_Driver/Src/stm32f3xx_hal_rcc.c ****   * @note     If SYSCLK source is HSE, function returns a value based on HSE_VALUE
 944:Inc/STM32F3xx_HAL_Driver/Src/stm32f3xx_hal_rcc.c ****   *           divided by PREDIV factor(**)
 945:Inc/STM32F3xx_HAL_Driver/Src/stm32f3xx_hal_rcc.c ****   * @note     If SYSCLK source is PLL, function returns a value based on HSE_VALUE
 946:Inc/STM32F3xx_HAL_Driver/Src/stm32f3xx_hal_rcc.c ****   *           divided by PREDIV factor(**) or HSI_VALUE(*) multiplied by the PLL factor.
 947:Inc/STM32F3xx_HAL_Driver/Src/stm32f3xx_hal_rcc.c ****   * @note     (*) HSI_VALUE is a constant defined in stm32f3xx_hal_conf.h file (default value
 948:Inc/STM32F3xx_HAL_Driver/Src/stm32f3xx_hal_rcc.c ****   *               8 MHz) but the real value may vary depending on the variations
 949:Inc/STM32F3xx_HAL_Driver/Src/stm32f3xx_hal_rcc.c ****   *               in voltage and temperature.
 950:Inc/STM32F3xx_HAL_Driver/Src/stm32f3xx_hal_rcc.c ****   * @note     (**) HSE_VALUE is a constant defined in stm32f3xx_hal_conf.h file (default value
 951:Inc/STM32F3xx_HAL_Driver/Src/stm32f3xx_hal_rcc.c ****   *                8 MHz), user has to ensure that HSE_VALUE is same as the real
 952:Inc/STM32F3xx_HAL_Driver/Src/stm32f3xx_hal_rcc.c ****   *                frequency of the crystal used. Otherwise, this function may
 953:Inc/STM32F3xx_HAL_Driver/Src/stm32f3xx_hal_rcc.c ****   *                have wrong result.
 954:Inc/STM32F3xx_HAL_Driver/Src/stm32f3xx_hal_rcc.c ****   *                  
 955:Inc/STM32F3xx_HAL_Driver/Src/stm32f3xx_hal_rcc.c ****   * @note   The result of this function could be not correct when using fractional
 956:Inc/STM32F3xx_HAL_Driver/Src/stm32f3xx_hal_rcc.c ****   *         value for HSE crystal.
 957:Inc/STM32F3xx_HAL_Driver/Src/stm32f3xx_hal_rcc.c ****   *           
 958:Inc/STM32F3xx_HAL_Driver/Src/stm32f3xx_hal_rcc.c ****   * @note   This function can be used by the user application to compute the 
 959:Inc/STM32F3xx_HAL_Driver/Src/stm32f3xx_hal_rcc.c ****   *         baud-rate for the communication peripherals or configure other parameters.
 960:Inc/STM32F3xx_HAL_Driver/Src/stm32f3xx_hal_rcc.c ****   *           
 961:Inc/STM32F3xx_HAL_Driver/Src/stm32f3xx_hal_rcc.c ****   * @note   Each time SYSCLK changes, this function must be called to update the
 962:Inc/STM32F3xx_HAL_Driver/Src/stm32f3xx_hal_rcc.c ****   *         right SYSCLK value. Otherwise, any configuration based on this function will be incorre
 963:Inc/STM32F3xx_HAL_Driver/Src/stm32f3xx_hal_rcc.c ****   *         
 964:Inc/STM32F3xx_HAL_Driver/Src/stm32f3xx_hal_rcc.c ****   * @retval SYSCLK frequency
 965:Inc/STM32F3xx_HAL_Driver/Src/stm32f3xx_hal_rcc.c ****   */
 966:Inc/STM32F3xx_HAL_Driver/Src/stm32f3xx_hal_rcc.c **** uint32_t HAL_RCC_GetSysClockFreq(void)
 967:Inc/STM32F3xx_HAL_Driver/Src/stm32f3xx_hal_rcc.c **** {
 2254              		.loc 1 967 1 is_stmt 1 view -0
 2255              		.cfi_startproc
 2256              		@ args = 0, pretend = 0, frame = 0
 2257              		@ frame_needed = 0, uses_anonymous_args = 0
 2258              		@ link register save eliminated.
 968:Inc/STM32F3xx_HAL_Driver/Src/stm32f3xx_hal_rcc.c ****   uint32_t tmpreg = 0U, prediv = 0U, pllclk = 0U, pllmul = 0U;
 2259              		.loc 1 968 3 view .LVU660
 2260              	.LVL169:
 969:Inc/STM32F3xx_HAL_Driver/Src/stm32f3xx_hal_rcc.c ****   uint32_t sysclockfreq = 0U;
ARM GAS  /tmp/cccxcDip.s 			page 81


 2261              		.loc 1 969 3 view .LVU661
 970:Inc/STM32F3xx_HAL_Driver/Src/stm32f3xx_hal_rcc.c ****   
 971:Inc/STM32F3xx_HAL_Driver/Src/stm32f3xx_hal_rcc.c ****   tmpreg = RCC->CFGR;
 2262              		.loc 1 971 3 view .LVU662
 2263              		.loc 1 971 10 is_stmt 0 view .LVU663
 2264 0000 104B     		ldr	r3, .L150
 2265 0002 5B68     		ldr	r3, [r3, #4]
 2266              	.LVL170:
 972:Inc/STM32F3xx_HAL_Driver/Src/stm32f3xx_hal_rcc.c ****   
 973:Inc/STM32F3xx_HAL_Driver/Src/stm32f3xx_hal_rcc.c ****   /* Get SYSCLK source -------------------------------------------------------*/
 974:Inc/STM32F3xx_HAL_Driver/Src/stm32f3xx_hal_rcc.c ****   switch (tmpreg & RCC_CFGR_SWS)
 2267              		.loc 1 974 3 is_stmt 1 view .LVU664
 2268              		.loc 1 974 18 is_stmt 0 view .LVU665
 2269 0004 03F00C02 		and	r2, r3, #12
 2270              		.loc 1 974 3 view .LVU666
 2271 0008 082A     		cmp	r2, #8
 2272 000a 01D0     		beq	.L149
 975:Inc/STM32F3xx_HAL_Driver/Src/stm32f3xx_hal_rcc.c ****   {
 976:Inc/STM32F3xx_HAL_Driver/Src/stm32f3xx_hal_rcc.c ****     case RCC_SYSCLKSOURCE_STATUS_HSE:  /* HSE used as system clock */
 977:Inc/STM32F3xx_HAL_Driver/Src/stm32f3xx_hal_rcc.c ****     {
 978:Inc/STM32F3xx_HAL_Driver/Src/stm32f3xx_hal_rcc.c ****       sysclockfreq = HSE_VALUE;
 2273              		.loc 1 978 20 view .LVU667
 2274 000c 0E48     		ldr	r0, .L150+4
 2275              	.LVL171:
 979:Inc/STM32F3xx_HAL_Driver/Src/stm32f3xx_hal_rcc.c ****       break;
 980:Inc/STM32F3xx_HAL_Driver/Src/stm32f3xx_hal_rcc.c ****     }
 981:Inc/STM32F3xx_HAL_Driver/Src/stm32f3xx_hal_rcc.c ****     case RCC_SYSCLKSOURCE_STATUS_PLLCLK:  /* PLL used as system clock */
 982:Inc/STM32F3xx_HAL_Driver/Src/stm32f3xx_hal_rcc.c ****     {
 983:Inc/STM32F3xx_HAL_Driver/Src/stm32f3xx_hal_rcc.c ****       pllmul = aPLLMULFactorTable[(uint32_t)(tmpreg & RCC_CFGR_PLLMUL) >> RCC_CFGR_PLLMUL_Pos];
 984:Inc/STM32F3xx_HAL_Driver/Src/stm32f3xx_hal_rcc.c ****       prediv = aPredivFactorTable[(uint32_t)(RCC->CFGR2 & RCC_CFGR2_PREDIV) >> RCC_CFGR2_PREDIV_Pos
 985:Inc/STM32F3xx_HAL_Driver/Src/stm32f3xx_hal_rcc.c **** #if defined(RCC_CFGR_PLLSRC_HSI_DIV2)
 986:Inc/STM32F3xx_HAL_Driver/Src/stm32f3xx_hal_rcc.c ****       if ((tmpreg & RCC_CFGR_PLLSRC) != RCC_PLLSOURCE_HSI)
 987:Inc/STM32F3xx_HAL_Driver/Src/stm32f3xx_hal_rcc.c ****       {
 988:Inc/STM32F3xx_HAL_Driver/Src/stm32f3xx_hal_rcc.c ****         /* HSE used as PLL clock source : PLLCLK = HSE/PREDIV * PLLMUL */
 989:Inc/STM32F3xx_HAL_Driver/Src/stm32f3xx_hal_rcc.c ****         pllclk = (uint32_t)((uint64_t) HSE_VALUE / (uint64_t) (prediv)) * ((uint64_t) pllmul);
 990:Inc/STM32F3xx_HAL_Driver/Src/stm32f3xx_hal_rcc.c ****       }
 991:Inc/STM32F3xx_HAL_Driver/Src/stm32f3xx_hal_rcc.c ****       else
 992:Inc/STM32F3xx_HAL_Driver/Src/stm32f3xx_hal_rcc.c ****       {
 993:Inc/STM32F3xx_HAL_Driver/Src/stm32f3xx_hal_rcc.c ****         /* HSI used as PLL clock source : PLLCLK = HSI/2 * PLLMUL */
 994:Inc/STM32F3xx_HAL_Driver/Src/stm32f3xx_hal_rcc.c ****         pllclk = (uint32_t)((uint64_t) (HSI_VALUE >> 1U) * ((uint64_t) pllmul));
 995:Inc/STM32F3xx_HAL_Driver/Src/stm32f3xx_hal_rcc.c ****       }
 996:Inc/STM32F3xx_HAL_Driver/Src/stm32f3xx_hal_rcc.c **** #else
 997:Inc/STM32F3xx_HAL_Driver/Src/stm32f3xx_hal_rcc.c ****       if ((tmpreg & RCC_CFGR_PLLSRC_HSE_PREDIV) == RCC_CFGR_PLLSRC_HSE_PREDIV)
 998:Inc/STM32F3xx_HAL_Driver/Src/stm32f3xx_hal_rcc.c ****       {
 999:Inc/STM32F3xx_HAL_Driver/Src/stm32f3xx_hal_rcc.c ****         /* HSE used as PLL clock source : PLLCLK = HSE/PREDIV * PLLMUL */
1000:Inc/STM32F3xx_HAL_Driver/Src/stm32f3xx_hal_rcc.c ****         pllclk = (uint32_t)((uint64_t) HSE_VALUE / (uint64_t) (prediv)) * ((uint64_t) pllmul);
1001:Inc/STM32F3xx_HAL_Driver/Src/stm32f3xx_hal_rcc.c ****       }
1002:Inc/STM32F3xx_HAL_Driver/Src/stm32f3xx_hal_rcc.c ****       else
1003:Inc/STM32F3xx_HAL_Driver/Src/stm32f3xx_hal_rcc.c ****       {
1004:Inc/STM32F3xx_HAL_Driver/Src/stm32f3xx_hal_rcc.c ****         /* HSI used as PLL clock source : PLLCLK = HSI/PREDIV * PLLMUL */
1005:Inc/STM32F3xx_HAL_Driver/Src/stm32f3xx_hal_rcc.c ****         pllclk = (uint32_t)((uint64_t) HSI_VALUE / (uint64_t) (prediv)) * ((uint64_t) pllmul);
1006:Inc/STM32F3xx_HAL_Driver/Src/stm32f3xx_hal_rcc.c ****       }
1007:Inc/STM32F3xx_HAL_Driver/Src/stm32f3xx_hal_rcc.c **** #endif /* RCC_CFGR_PLLSRC_HSI_DIV2 */
1008:Inc/STM32F3xx_HAL_Driver/Src/stm32f3xx_hal_rcc.c ****       sysclockfreq = pllclk;
1009:Inc/STM32F3xx_HAL_Driver/Src/stm32f3xx_hal_rcc.c ****       break;
1010:Inc/STM32F3xx_HAL_Driver/Src/stm32f3xx_hal_rcc.c ****     }
1011:Inc/STM32F3xx_HAL_Driver/Src/stm32f3xx_hal_rcc.c ****     case RCC_SYSCLKSOURCE_STATUS_HSI:  /* HSI used as system clock source */
ARM GAS  /tmp/cccxcDip.s 			page 82


1012:Inc/STM32F3xx_HAL_Driver/Src/stm32f3xx_hal_rcc.c ****     default: /* HSI used as system clock */
1013:Inc/STM32F3xx_HAL_Driver/Src/stm32f3xx_hal_rcc.c ****     {
1014:Inc/STM32F3xx_HAL_Driver/Src/stm32f3xx_hal_rcc.c ****       sysclockfreq = HSI_VALUE;
1015:Inc/STM32F3xx_HAL_Driver/Src/stm32f3xx_hal_rcc.c ****       break;
1016:Inc/STM32F3xx_HAL_Driver/Src/stm32f3xx_hal_rcc.c ****     }
1017:Inc/STM32F3xx_HAL_Driver/Src/stm32f3xx_hal_rcc.c ****   }
1018:Inc/STM32F3xx_HAL_Driver/Src/stm32f3xx_hal_rcc.c ****   return sysclockfreq;
 2276              		.loc 1 1018 3 is_stmt 1 view .LVU668
1019:Inc/STM32F3xx_HAL_Driver/Src/stm32f3xx_hal_rcc.c **** }
 2277              		.loc 1 1019 1 is_stmt 0 view .LVU669
 2278 000e 7047     		bx	lr
 2279              	.LVL172:
 2280              	.L149:
 983:Inc/STM32F3xx_HAL_Driver/Src/stm32f3xx_hal_rcc.c ****       prediv = aPredivFactorTable[(uint32_t)(RCC->CFGR2 & RCC_CFGR2_PREDIV) >> RCC_CFGR2_PREDIV_Pos
 2281              		.loc 1 983 7 is_stmt 1 view .LVU670
 983:Inc/STM32F3xx_HAL_Driver/Src/stm32f3xx_hal_rcc.c ****       prediv = aPredivFactorTable[(uint32_t)(RCC->CFGR2 & RCC_CFGR2_PREDIV) >> RCC_CFGR2_PREDIV_Pos
 2282              		.loc 1 983 72 is_stmt 0 view .LVU671
 2283 0010 C3F38342 		ubfx	r2, r3, #18, #4
 983:Inc/STM32F3xx_HAL_Driver/Src/stm32f3xx_hal_rcc.c ****       prediv = aPredivFactorTable[(uint32_t)(RCC->CFGR2 & RCC_CFGR2_PREDIV) >> RCC_CFGR2_PREDIV_Pos
 2284              		.loc 1 983 34 view .LVU672
 2285 0014 0D49     		ldr	r1, .L150+8
 2286 0016 885C     		ldrb	r0, [r1, r2]	@ zero_extendqisi2
 2287              	.LVL173:
 984:Inc/STM32F3xx_HAL_Driver/Src/stm32f3xx_hal_rcc.c **** #if defined(RCC_CFGR_PLLSRC_HSI_DIV2)
 2288              		.loc 1 984 7 is_stmt 1 view .LVU673
 984:Inc/STM32F3xx_HAL_Driver/Src/stm32f3xx_hal_rcc.c **** #if defined(RCC_CFGR_PLLSRC_HSI_DIV2)
 2289              		.loc 1 984 49 is_stmt 0 view .LVU674
 2290 0018 0A4A     		ldr	r2, .L150
 2291 001a D26A     		ldr	r2, [r2, #44]
 984:Inc/STM32F3xx_HAL_Driver/Src/stm32f3xx_hal_rcc.c **** #if defined(RCC_CFGR_PLLSRC_HSI_DIV2)
 2292              		.loc 1 984 77 view .LVU675
 2293 001c 02F00F02 		and	r2, r2, #15
 984:Inc/STM32F3xx_HAL_Driver/Src/stm32f3xx_hal_rcc.c **** #if defined(RCC_CFGR_PLLSRC_HSI_DIV2)
 2294              		.loc 1 984 34 view .LVU676
 2295 0020 0B49     		ldr	r1, .L150+12
 2296 0022 8A5C     		ldrb	r2, [r1, r2]	@ zero_extendqisi2
 2297              	.LVL174:
 997:Inc/STM32F3xx_HAL_Driver/Src/stm32f3xx_hal_rcc.c ****       {
 2298              		.loc 1 997 7 is_stmt 1 view .LVU677
 997:Inc/STM32F3xx_HAL_Driver/Src/stm32f3xx_hal_rcc.c ****       {
 2299              		.loc 1 997 10 is_stmt 0 view .LVU678
 2300 0024 13F4803F 		tst	r3, #65536
 2301 0028 05D0     		beq	.L147
1000:Inc/STM32F3xx_HAL_Driver/Src/stm32f3xx_hal_rcc.c ****       }
 2302              		.loc 1 1000 9 is_stmt 1 view .LVU679
1000:Inc/STM32F3xx_HAL_Driver/Src/stm32f3xx_hal_rcc.c ****       }
 2303              		.loc 1 1000 18 is_stmt 0 view .LVU680
 2304 002a 074B     		ldr	r3, .L150+4
 2305              	.LVL175:
1000:Inc/STM32F3xx_HAL_Driver/Src/stm32f3xx_hal_rcc.c ****       }
 2306              		.loc 1 1000 18 view .LVU681
 2307 002c B3FBF2F3 		udiv	r3, r3, r2
1000:Inc/STM32F3xx_HAL_Driver/Src/stm32f3xx_hal_rcc.c ****       }
 2308              		.loc 1 1000 16 view .LVU682
 2309 0030 03FB00F0 		mul	r0, r3, r0
 2310              	.LVL176:
1000:Inc/STM32F3xx_HAL_Driver/Src/stm32f3xx_hal_rcc.c ****       }
ARM GAS  /tmp/cccxcDip.s 			page 83


 2311              		.loc 1 1000 16 view .LVU683
 2312 0034 7047     		bx	lr
 2313              	.LVL177:
 2314              	.L147:
1005:Inc/STM32F3xx_HAL_Driver/Src/stm32f3xx_hal_rcc.c ****       }
 2315              		.loc 1 1005 9 is_stmt 1 view .LVU684
1005:Inc/STM32F3xx_HAL_Driver/Src/stm32f3xx_hal_rcc.c ****       }
 2316              		.loc 1 1005 18 is_stmt 0 view .LVU685
 2317 0036 044B     		ldr	r3, .L150+4
 2318              	.LVL178:
1005:Inc/STM32F3xx_HAL_Driver/Src/stm32f3xx_hal_rcc.c ****       }
 2319              		.loc 1 1005 18 view .LVU686
 2320 0038 B3FBF2F3 		udiv	r3, r3, r2
1005:Inc/STM32F3xx_HAL_Driver/Src/stm32f3xx_hal_rcc.c ****       }
 2321              		.loc 1 1005 16 view .LVU687
 2322 003c 03FB00F0 		mul	r0, r3, r0
 2323              	.LVL179:
1005:Inc/STM32F3xx_HAL_Driver/Src/stm32f3xx_hal_rcc.c ****       }
 2324              		.loc 1 1005 16 view .LVU688
 2325 0040 7047     		bx	lr
 2326              	.L151:
 2327 0042 00BF     		.align	2
 2328              	.L150:
 2329 0044 00100240 		.word	1073876992
 2330 0048 00127A00 		.word	8000000
 2331 004c 00000000 		.word	aPLLMULFactorTable
 2332 0050 00000000 		.word	aPredivFactorTable
 2333              		.cfi_endproc
 2334              	.LFE136:
 2336              		.section	.text.HAL_RCC_ClockConfig,"ax",%progbits
 2337              		.align	1
 2338              		.global	HAL_RCC_ClockConfig
 2339              		.syntax unified
 2340              		.thumb
 2341              		.thumb_func
 2343              	HAL_RCC_ClockConfig:
 2344              	.LVL180:
 2345              	.LFB132:
 695:Inc/STM32F3xx_HAL_Driver/Src/stm32f3xx_hal_rcc.c ****   uint32_t tickstart = 0U;
 2346              		.loc 1 695 1 is_stmt 1 view -0
 2347              		.cfi_startproc
 2348              		@ args = 0, pretend = 0, frame = 0
 2349              		@ frame_needed = 0, uses_anonymous_args = 0
 696:Inc/STM32F3xx_HAL_Driver/Src/stm32f3xx_hal_rcc.c **** 
 2350              		.loc 1 696 3 view .LVU690
 699:Inc/STM32F3xx_HAL_Driver/Src/stm32f3xx_hal_rcc.c ****   {
 2351              		.loc 1 699 3 view .LVU691
 699:Inc/STM32F3xx_HAL_Driver/Src/stm32f3xx_hal_rcc.c ****   {
 2352              		.loc 1 699 5 is_stmt 0 view .LVU692
 2353 0000 0028     		cmp	r0, #0
 2354 0002 00F0BE80 		beq	.L171
 695:Inc/STM32F3xx_HAL_Driver/Src/stm32f3xx_hal_rcc.c ****   uint32_t tickstart = 0U;
 2355              		.loc 1 695 1 view .LVU693
 2356 0006 70B5     		push	{r4, r5, r6, lr}
 2357              		.cfi_def_cfa_offset 16
 2358              		.cfi_offset 4, -16
 2359              		.cfi_offset 5, -12
ARM GAS  /tmp/cccxcDip.s 			page 84


 2360              		.cfi_offset 6, -8
 2361              		.cfi_offset 14, -4
 2362 0008 0D46     		mov	r5, r1
 2363 000a 0446     		mov	r4, r0
 705:Inc/STM32F3xx_HAL_Driver/Src/stm32f3xx_hal_rcc.c ****   assert_param(IS_FLASH_LATENCY(FLatency));
 2364              		.loc 1 705 3 is_stmt 1 view .LVU694
 706:Inc/STM32F3xx_HAL_Driver/Src/stm32f3xx_hal_rcc.c **** 
 2365              		.loc 1 706 3 view .LVU695
 713:Inc/STM32F3xx_HAL_Driver/Src/stm32f3xx_hal_rcc.c ****   {    
 2366              		.loc 1 713 3 view .LVU696
 713:Inc/STM32F3xx_HAL_Driver/Src/stm32f3xx_hal_rcc.c ****   {    
 2367              		.loc 1 713 17 is_stmt 0 view .LVU697
 2368 000c 614B     		ldr	r3, .L184
 2369 000e 1B68     		ldr	r3, [r3]
 2370 0010 03F00703 		and	r3, r3, #7
 713:Inc/STM32F3xx_HAL_Driver/Src/stm32f3xx_hal_rcc.c ****   {    
 2371              		.loc 1 713 5 view .LVU698
 2372 0014 8B42     		cmp	r3, r1
 2373 0016 0BD2     		bcs	.L154
 716:Inc/STM32F3xx_HAL_Driver/Src/stm32f3xx_hal_rcc.c ****     
 2374              		.loc 1 716 5 is_stmt 1 view .LVU699
 2375 0018 5E4A     		ldr	r2, .L184
 2376 001a 1368     		ldr	r3, [r2]
 2377 001c 23F00703 		bic	r3, r3, #7
 2378 0020 0B43     		orrs	r3, r3, r1
 2379 0022 1360     		str	r3, [r2]
 720:Inc/STM32F3xx_HAL_Driver/Src/stm32f3xx_hal_rcc.c ****     {
 2380              		.loc 1 720 5 view .LVU700
 720:Inc/STM32F3xx_HAL_Driver/Src/stm32f3xx_hal_rcc.c ****     {
 2381              		.loc 1 720 8 is_stmt 0 view .LVU701
 2382 0024 1368     		ldr	r3, [r2]
 2383 0026 03F00703 		and	r3, r3, #7
 720:Inc/STM32F3xx_HAL_Driver/Src/stm32f3xx_hal_rcc.c ****     {
 2384              		.loc 1 720 7 view .LVU702
 2385 002a 8B42     		cmp	r3, r1
 2386 002c 40F0AB80 		bne	.L172
 2387              	.L154:
 727:Inc/STM32F3xx_HAL_Driver/Src/stm32f3xx_hal_rcc.c ****   {
 2388              		.loc 1 727 3 is_stmt 1 view .LVU703
 727:Inc/STM32F3xx_HAL_Driver/Src/stm32f3xx_hal_rcc.c ****   {
 2389              		.loc 1 727 25 is_stmt 0 view .LVU704
 2390 0030 2368     		ldr	r3, [r4]
 727:Inc/STM32F3xx_HAL_Driver/Src/stm32f3xx_hal_rcc.c ****   {
 2391              		.loc 1 727 5 view .LVU705
 2392 0032 13F0020F 		tst	r3, #2
 2393 0036 06D0     		beq	.L155
 729:Inc/STM32F3xx_HAL_Driver/Src/stm32f3xx_hal_rcc.c ****     MODIFY_REG(RCC->CFGR, RCC_CFGR_HPRE, RCC_ClkInitStruct->AHBCLKDivider);
 2394              		.loc 1 729 5 is_stmt 1 view .LVU706
 730:Inc/STM32F3xx_HAL_Driver/Src/stm32f3xx_hal_rcc.c ****   }
 2395              		.loc 1 730 5 view .LVU707
 2396 0038 574A     		ldr	r2, .L184+4
 2397 003a 5368     		ldr	r3, [r2, #4]
 2398 003c 23F0F003 		bic	r3, r3, #240
 2399 0040 A168     		ldr	r1, [r4, #8]
 2400              	.LVL181:
 730:Inc/STM32F3xx_HAL_Driver/Src/stm32f3xx_hal_rcc.c ****   }
 2401              		.loc 1 730 5 is_stmt 0 view .LVU708
ARM GAS  /tmp/cccxcDip.s 			page 85


 2402 0042 0B43     		orrs	r3, r3, r1
 2403 0044 5360     		str	r3, [r2, #4]
 2404              	.L155:
 734:Inc/STM32F3xx_HAL_Driver/Src/stm32f3xx_hal_rcc.c ****   {    
 2405              		.loc 1 734 3 is_stmt 1 view .LVU709
 734:Inc/STM32F3xx_HAL_Driver/Src/stm32f3xx_hal_rcc.c ****   {    
 2406              		.loc 1 734 25 is_stmt 0 view .LVU710
 2407 0046 2368     		ldr	r3, [r4]
 734:Inc/STM32F3xx_HAL_Driver/Src/stm32f3xx_hal_rcc.c ****   {    
 2408              		.loc 1 734 5 view .LVU711
 2409 0048 13F0010F 		tst	r3, #1
 2410 004c 5AD0     		beq	.L156
 736:Inc/STM32F3xx_HAL_Driver/Src/stm32f3xx_hal_rcc.c ****     
 2411              		.loc 1 736 5 is_stmt 1 view .LVU712
 739:Inc/STM32F3xx_HAL_Driver/Src/stm32f3xx_hal_rcc.c ****     {
 2412              		.loc 1 739 5 view .LVU713
 739:Inc/STM32F3xx_HAL_Driver/Src/stm32f3xx_hal_rcc.c ****     {
 2413              		.loc 1 739 25 is_stmt 0 view .LVU714
 2414 004e 6368     		ldr	r3, [r4, #4]
 739:Inc/STM32F3xx_HAL_Driver/Src/stm32f3xx_hal_rcc.c ****     {
 2415              		.loc 1 739 7 view .LVU715
 2416 0050 012B     		cmp	r3, #1
 2417 0052 2DD0     		beq	.L182
 748:Inc/STM32F3xx_HAL_Driver/Src/stm32f3xx_hal_rcc.c ****     {
 2418              		.loc 1 748 10 is_stmt 1 view .LVU716
 748:Inc/STM32F3xx_HAL_Driver/Src/stm32f3xx_hal_rcc.c ****     {
 2419              		.loc 1 748 12 is_stmt 0 view .LVU717
 2420 0054 022B     		cmp	r3, #2
 2421 0056 40D0     		beq	.L183
 760:Inc/STM32F3xx_HAL_Driver/Src/stm32f3xx_hal_rcc.c ****       {
 2422              		.loc 1 760 7 is_stmt 1 view .LVU718
 2423              	.LVL182:
 2424              	.LBB259:
 2425              	.LBI259:
 981:Inc/CMSIS/Core/Include/cmsis_gcc.h **** {
 2426              		.loc 2 981 31 view .LVU719
 2427              	.LBB260:
 983:Inc/CMSIS/Core/Include/cmsis_gcc.h **** 
 2428              		.loc 2 983 3 view .LVU720
 988:Inc/CMSIS/Core/Include/cmsis_gcc.h **** #else
 2429              		.loc 2 988 4 view .LVU721
 2430 0058 0222     		movs	r2, #2
 2431              		.syntax unified
 2432              	@ 988 "Inc/CMSIS/Core/Include/cmsis_gcc.h" 1
 2433 005a 92FAA2F2 		rbit r2, r2
 2434              	@ 0 "" 2
 2435              		.loc 2 1001 3 view .LVU722
 2436              	.LVL183:
 2437              		.loc 2 1001 3 is_stmt 0 view .LVU723
 2438              		.thumb
 2439              		.syntax unified
 2440              	.LBE260:
 2441              	.LBE259:
 760:Inc/STM32F3xx_HAL_Driver/Src/stm32f3xx_hal_rcc.c ****       {
 2442              		.loc 1 760 10 discriminator 1 view .LVU724
 2443 005e 4E4A     		ldr	r2, .L184+4
 2444 0060 1068     		ldr	r0, [r2]
ARM GAS  /tmp/cccxcDip.s 			page 86


 2445              	.LVL184:
 2446              	.LBB261:
 2447              	.LBI261:
 981:Inc/CMSIS/Core/Include/cmsis_gcc.h **** {
 2448              		.loc 2 981 31 is_stmt 1 view .LVU725
 2449              	.LBB262:
 983:Inc/CMSIS/Core/Include/cmsis_gcc.h **** 
 2450              		.loc 2 983 3 view .LVU726
 988:Inc/CMSIS/Core/Include/cmsis_gcc.h **** #else
 2451              		.loc 2 988 4 view .LVU727
 2452 0062 0222     		movs	r2, #2
 2453              		.syntax unified
 2454              	@ 988 "Inc/CMSIS/Core/Include/cmsis_gcc.h" 1
 2455 0064 92FAA2F2 		rbit r2, r2
 2456              	@ 0 "" 2
 2457              	.LVL185:
 2458              		.loc 2 1001 3 view .LVU728
 2459              		.loc 2 1001 3 is_stmt 0 view .LVU729
 2460              		.thumb
 2461              		.syntax unified
 2462              	.LBE262:
 2463              	.LBE261:
 760:Inc/STM32F3xx_HAL_Driver/Src/stm32f3xx_hal_rcc.c ****       {
 2464              		.loc 1 760 10 discriminator 2 view .LVU730
 2465 0068 B2FA82F2 		clz	r2, r2
 2466 006c 02F01F02 		and	r2, r2, #31
 2467 0070 0121     		movs	r1, #1
 2468 0072 01FA02F2 		lsl	r2, r1, r2
 760:Inc/STM32F3xx_HAL_Driver/Src/stm32f3xx_hal_rcc.c ****       {
 2469              		.loc 1 760 9 discriminator 2 view .LVU731
 2470 0076 1042     		tst	r0, r2
 2471 0078 00F08780 		beq	.L175
 2472              	.L160:
 766:Inc/STM32F3xx_HAL_Driver/Src/stm32f3xx_hal_rcc.c **** 
 2473              		.loc 1 766 5 is_stmt 1 view .LVU732
 2474 007c 4649     		ldr	r1, .L184+4
 2475 007e 4A68     		ldr	r2, [r1, #4]
 2476 0080 22F00302 		bic	r2, r2, #3
 2477 0084 1343     		orrs	r3, r3, r2
 2478 0086 4B60     		str	r3, [r1, #4]
 769:Inc/STM32F3xx_HAL_Driver/Src/stm32f3xx_hal_rcc.c ****     
 2479              		.loc 1 769 5 view .LVU733
 769:Inc/STM32F3xx_HAL_Driver/Src/stm32f3xx_hal_rcc.c ****     
 2480              		.loc 1 769 17 is_stmt 0 view .LVU734
 2481 0088 FFF7FEFF 		bl	HAL_GetTick
 2482              	.LVL186:
 2483 008c 0646     		mov	r6, r0
 2484              	.LVL187:
 771:Inc/STM32F3xx_HAL_Driver/Src/stm32f3xx_hal_rcc.c ****     {
 2485              		.loc 1 771 5 is_stmt 1 view .LVU735
 2486              	.L166:
 771:Inc/STM32F3xx_HAL_Driver/Src/stm32f3xx_hal_rcc.c ****     {
 2487              		.loc 1 771 42 view .LVU736
 771:Inc/STM32F3xx_HAL_Driver/Src/stm32f3xx_hal_rcc.c ****     {
 2488              		.loc 1 771 12 is_stmt 0 view .LVU737
 2489 008e 424B     		ldr	r3, .L184+4
 2490 0090 5B68     		ldr	r3, [r3, #4]
ARM GAS  /tmp/cccxcDip.s 			page 87


 2491 0092 03F00C03 		and	r3, r3, #12
 771:Inc/STM32F3xx_HAL_Driver/Src/stm32f3xx_hal_rcc.c ****     {
 2492              		.loc 1 771 63 view .LVU738
 2493 0096 6268     		ldr	r2, [r4, #4]
 771:Inc/STM32F3xx_HAL_Driver/Src/stm32f3xx_hal_rcc.c ****     {
 2494              		.loc 1 771 42 view .LVU739
 2495 0098 B3EB820F 		cmp	r3, r2, lsl #2
 2496 009c 32D0     		beq	.L156
 773:Inc/STM32F3xx_HAL_Driver/Src/stm32f3xx_hal_rcc.c ****       {
 2497              		.loc 1 773 7 is_stmt 1 view .LVU740
 773:Inc/STM32F3xx_HAL_Driver/Src/stm32f3xx_hal_rcc.c ****       {
 2498              		.loc 1 773 12 is_stmt 0 view .LVU741
 2499 009e FFF7FEFF 		bl	HAL_GetTick
 2500              	.LVL188:
 773:Inc/STM32F3xx_HAL_Driver/Src/stm32f3xx_hal_rcc.c ****       {
 2501              		.loc 1 773 26 discriminator 1 view .LVU742
 2502 00a2 801B     		subs	r0, r0, r6
 773:Inc/STM32F3xx_HAL_Driver/Src/stm32f3xx_hal_rcc.c ****       {
 2503              		.loc 1 773 10 discriminator 1 view .LVU743
 2504 00a4 41F28833 		movw	r3, #5000
 2505 00a8 9842     		cmp	r0, r3
 2506 00aa F0D9     		bls	.L166
 775:Inc/STM32F3xx_HAL_Driver/Src/stm32f3xx_hal_rcc.c ****       }
 2507              		.loc 1 775 16 view .LVU744
 2508 00ac 0320     		movs	r0, #3
 2509 00ae 67E0     		b	.L153
 2510              	.LVL189:
 2511              	.L182:
 742:Inc/STM32F3xx_HAL_Driver/Src/stm32f3xx_hal_rcc.c ****       {
 2512              		.loc 1 742 7 is_stmt 1 view .LVU745
 2513              	.LBB263:
 2514              	.LBI263:
 981:Inc/CMSIS/Core/Include/cmsis_gcc.h **** {
 2515              		.loc 2 981 31 view .LVU746
 2516              	.LBB264:
 983:Inc/CMSIS/Core/Include/cmsis_gcc.h **** 
 2517              		.loc 2 983 3 view .LVU747
 988:Inc/CMSIS/Core/Include/cmsis_gcc.h **** #else
 2518              		.loc 2 988 4 view .LVU748
 2519 00b0 4FF40032 		mov	r2, #131072
 2520              		.syntax unified
 2521              	@ 988 "Inc/CMSIS/Core/Include/cmsis_gcc.h" 1
 2522 00b4 92FAA2F2 		rbit r2, r2
 2523              	@ 0 "" 2
 2524              		.loc 2 1001 3 view .LVU749
 2525              	.LVL190:
 2526              		.loc 2 1001 3 is_stmt 0 view .LVU750
 2527              		.thumb
 2528              		.syntax unified
 2529              	.LBE264:
 2530              	.LBE263:
 742:Inc/STM32F3xx_HAL_Driver/Src/stm32f3xx_hal_rcc.c ****       {
 2531              		.loc 1 742 10 discriminator 1 view .LVU751
 2532 00b8 374A     		ldr	r2, .L184+4
 2533 00ba 1068     		ldr	r0, [r2]
 2534              	.LVL191:
 2535              	.LBB265:
ARM GAS  /tmp/cccxcDip.s 			page 88


 2536              	.LBI265:
 981:Inc/CMSIS/Core/Include/cmsis_gcc.h **** {
 2537              		.loc 2 981 31 is_stmt 1 view .LVU752
 2538              	.LBB266:
 983:Inc/CMSIS/Core/Include/cmsis_gcc.h **** 
 2539              		.loc 2 983 3 view .LVU753
 988:Inc/CMSIS/Core/Include/cmsis_gcc.h **** #else
 2540              		.loc 2 988 4 view .LVU754
 2541 00bc 4FF40032 		mov	r2, #131072
 2542              		.syntax unified
 2543              	@ 988 "Inc/CMSIS/Core/Include/cmsis_gcc.h" 1
 2544 00c0 92FAA2F2 		rbit r2, r2
 2545              	@ 0 "" 2
 2546              	.LVL192:
 2547              		.loc 2 1001 3 view .LVU755
 2548              		.loc 2 1001 3 is_stmt 0 view .LVU756
 2549              		.thumb
 2550              		.syntax unified
 2551              	.LBE266:
 2552              	.LBE265:
 742:Inc/STM32F3xx_HAL_Driver/Src/stm32f3xx_hal_rcc.c ****       {
 2553              		.loc 1 742 10 discriminator 2 view .LVU757
 2554 00c4 B2FA82F2 		clz	r2, r2
 2555 00c8 02F01F02 		and	r2, r2, #31
 2556 00cc 0121     		movs	r1, #1
 2557 00ce 01FA02F2 		lsl	r2, r1, r2
 742:Inc/STM32F3xx_HAL_Driver/Src/stm32f3xx_hal_rcc.c ****       {
 2558              		.loc 1 742 9 discriminator 2 view .LVU758
 2559 00d2 0242     		tst	r2, r0
 2560 00d4 D2D1     		bne	.L160
 744:Inc/STM32F3xx_HAL_Driver/Src/stm32f3xx_hal_rcc.c ****       }
 2561              		.loc 1 744 16 view .LVU759
 2562 00d6 0120     		movs	r0, #1
 2563 00d8 52E0     		b	.L153
 2564              	.LVL193:
 2565              	.L183:
 751:Inc/STM32F3xx_HAL_Driver/Src/stm32f3xx_hal_rcc.c ****       {
 2566              		.loc 1 751 7 is_stmt 1 view .LVU760
 2567              	.LBB267:
 2568              	.LBI267:
 981:Inc/CMSIS/Core/Include/cmsis_gcc.h **** {
 2569              		.loc 2 981 31 view .LVU761
 2570              	.LBB268:
 983:Inc/CMSIS/Core/Include/cmsis_gcc.h **** 
 2571              		.loc 2 983 3 view .LVU762
 988:Inc/CMSIS/Core/Include/cmsis_gcc.h **** #else
 2572              		.loc 2 988 4 view .LVU763
 2573 00da 4FF00072 		mov	r2, #33554432
 2574              		.syntax unified
 2575              	@ 988 "Inc/CMSIS/Core/Include/cmsis_gcc.h" 1
 2576 00de 92FAA2F2 		rbit r2, r2
 2577              	@ 0 "" 2
 2578              		.loc 2 1001 3 view .LVU764
 2579              	.LVL194:
 2580              		.loc 2 1001 3 is_stmt 0 view .LVU765
 2581              		.thumb
 2582              		.syntax unified
ARM GAS  /tmp/cccxcDip.s 			page 89


 2583              	.LBE268:
 2584              	.LBE267:
 751:Inc/STM32F3xx_HAL_Driver/Src/stm32f3xx_hal_rcc.c ****       {
 2585              		.loc 1 751 10 discriminator 1 view .LVU766
 2586 00e2 2D4A     		ldr	r2, .L184+4
 2587 00e4 1068     		ldr	r0, [r2]
 2588              	.LVL195:
 2589              	.LBB269:
 2590              	.LBI269:
 981:Inc/CMSIS/Core/Include/cmsis_gcc.h **** {
 2591              		.loc 2 981 31 is_stmt 1 view .LVU767
 2592              	.LBB270:
 983:Inc/CMSIS/Core/Include/cmsis_gcc.h **** 
 2593              		.loc 2 983 3 view .LVU768
 988:Inc/CMSIS/Core/Include/cmsis_gcc.h **** #else
 2594              		.loc 2 988 4 view .LVU769
 2595 00e6 4FF00072 		mov	r2, #33554432
 2596              		.syntax unified
 2597              	@ 988 "Inc/CMSIS/Core/Include/cmsis_gcc.h" 1
 2598 00ea 92FAA2F2 		rbit r2, r2
 2599              	@ 0 "" 2
 2600              	.LVL196:
 2601              		.loc 2 1001 3 view .LVU770
 2602              		.loc 2 1001 3 is_stmt 0 view .LVU771
 2603              		.thumb
 2604              		.syntax unified
 2605              	.LBE270:
 2606              	.LBE269:
 751:Inc/STM32F3xx_HAL_Driver/Src/stm32f3xx_hal_rcc.c ****       {
 2607              		.loc 1 751 10 discriminator 2 view .LVU772
 2608 00ee B2FA82F2 		clz	r2, r2
 2609 00f2 02F01F02 		and	r2, r2, #31
 2610 00f6 0121     		movs	r1, #1
 2611 00f8 01FA02F2 		lsl	r2, r1, r2
 751:Inc/STM32F3xx_HAL_Driver/Src/stm32f3xx_hal_rcc.c ****       {
 2612              		.loc 1 751 9 discriminator 2 view .LVU773
 2613 00fc 1042     		tst	r0, r2
 2614 00fe BDD1     		bne	.L160
 753:Inc/STM32F3xx_HAL_Driver/Src/stm32f3xx_hal_rcc.c ****       }
 2615              		.loc 1 753 16 view .LVU774
 2616 0100 0120     		movs	r0, #1
 2617 0102 3DE0     		b	.L153
 2618              	.LVL197:
 2619              	.L156:
 780:Inc/STM32F3xx_HAL_Driver/Src/stm32f3xx_hal_rcc.c ****   {    
 2620              		.loc 1 780 3 is_stmt 1 view .LVU775
 780:Inc/STM32F3xx_HAL_Driver/Src/stm32f3xx_hal_rcc.c ****   {    
 2621              		.loc 1 780 17 is_stmt 0 view .LVU776
 2622 0104 234B     		ldr	r3, .L184
 2623 0106 1B68     		ldr	r3, [r3]
 2624 0108 03F00703 		and	r3, r3, #7
 780:Inc/STM32F3xx_HAL_Driver/Src/stm32f3xx_hal_rcc.c ****   {    
 2625              		.loc 1 780 5 view .LVU777
 2626 010c AB42     		cmp	r3, r5
 2627 010e 0AD9     		bls	.L168
 783:Inc/STM32F3xx_HAL_Driver/Src/stm32f3xx_hal_rcc.c ****     
 2628              		.loc 1 783 5 is_stmt 1 view .LVU778
ARM GAS  /tmp/cccxcDip.s 			page 90


 2629 0110 204A     		ldr	r2, .L184
 2630 0112 1368     		ldr	r3, [r2]
 2631 0114 23F00703 		bic	r3, r3, #7
 2632 0118 2B43     		orrs	r3, r3, r5
 2633 011a 1360     		str	r3, [r2]
 787:Inc/STM32F3xx_HAL_Driver/Src/stm32f3xx_hal_rcc.c ****     {
 2634              		.loc 1 787 5 view .LVU779
 787:Inc/STM32F3xx_HAL_Driver/Src/stm32f3xx_hal_rcc.c ****     {
 2635              		.loc 1 787 8 is_stmt 0 view .LVU780
 2636 011c 1368     		ldr	r3, [r2]
 2637 011e 03F00703 		and	r3, r3, #7
 787:Inc/STM32F3xx_HAL_Driver/Src/stm32f3xx_hal_rcc.c ****     {
 2638              		.loc 1 787 7 view .LVU781
 2639 0122 AB42     		cmp	r3, r5
 2640 0124 33D1     		bne	.L177
 2641              	.L168:
 794:Inc/STM32F3xx_HAL_Driver/Src/stm32f3xx_hal_rcc.c ****   {
 2642              		.loc 1 794 3 is_stmt 1 view .LVU782
 794:Inc/STM32F3xx_HAL_Driver/Src/stm32f3xx_hal_rcc.c ****   {
 2643              		.loc 1 794 25 is_stmt 0 view .LVU783
 2644 0126 2368     		ldr	r3, [r4]
 794:Inc/STM32F3xx_HAL_Driver/Src/stm32f3xx_hal_rcc.c ****   {
 2645              		.loc 1 794 5 view .LVU784
 2646 0128 13F0040F 		tst	r3, #4
 2647 012c 06D0     		beq	.L169
 796:Inc/STM32F3xx_HAL_Driver/Src/stm32f3xx_hal_rcc.c ****     MODIFY_REG(RCC->CFGR, RCC_CFGR_PPRE1, RCC_ClkInitStruct->APB1CLKDivider);
 2648              		.loc 1 796 5 is_stmt 1 view .LVU785
 797:Inc/STM32F3xx_HAL_Driver/Src/stm32f3xx_hal_rcc.c ****   }
 2649              		.loc 1 797 5 view .LVU786
 2650 012e 1A4A     		ldr	r2, .L184+4
 2651 0130 5368     		ldr	r3, [r2, #4]
 2652 0132 23F4E063 		bic	r3, r3, #1792
 2653 0136 E168     		ldr	r1, [r4, #12]
 2654 0138 0B43     		orrs	r3, r3, r1
 2655 013a 5360     		str	r3, [r2, #4]
 2656              	.L169:
 801:Inc/STM32F3xx_HAL_Driver/Src/stm32f3xx_hal_rcc.c ****   {
 2657              		.loc 1 801 3 view .LVU787
 801:Inc/STM32F3xx_HAL_Driver/Src/stm32f3xx_hal_rcc.c ****   {
 2658              		.loc 1 801 25 is_stmt 0 view .LVU788
 2659 013c 2368     		ldr	r3, [r4]
 801:Inc/STM32F3xx_HAL_Driver/Src/stm32f3xx_hal_rcc.c ****   {
 2660              		.loc 1 801 5 view .LVU789
 2661 013e 13F0080F 		tst	r3, #8
 2662 0142 07D0     		beq	.L170
 803:Inc/STM32F3xx_HAL_Driver/Src/stm32f3xx_hal_rcc.c ****     MODIFY_REG(RCC->CFGR, RCC_CFGR_PPRE2, ((RCC_ClkInitStruct->APB2CLKDivider) << 3U));
 2663              		.loc 1 803 5 is_stmt 1 view .LVU790
 804:Inc/STM32F3xx_HAL_Driver/Src/stm32f3xx_hal_rcc.c ****   }
 2664              		.loc 1 804 5 view .LVU791
 2665 0144 144A     		ldr	r2, .L184+4
 2666 0146 5368     		ldr	r3, [r2, #4]
 2667 0148 23F46053 		bic	r3, r3, #14336
 2668 014c 2169     		ldr	r1, [r4, #16]
 2669 014e 43EAC103 		orr	r3, r3, r1, lsl #3
 2670 0152 5360     		str	r3, [r2, #4]
 2671              	.L170:
 808:Inc/STM32F3xx_HAL_Driver/Src/stm32f3xx_hal_rcc.c **** 
ARM GAS  /tmp/cccxcDip.s 			page 91


 2672              		.loc 1 808 3 view .LVU792
 808:Inc/STM32F3xx_HAL_Driver/Src/stm32f3xx_hal_rcc.c **** 
 2673              		.loc 1 808 21 is_stmt 0 view .LVU793
 2674 0154 FFF7FEFF 		bl	HAL_RCC_GetSysClockFreq
 2675              	.LVL198:
 808:Inc/STM32F3xx_HAL_Driver/Src/stm32f3xx_hal_rcc.c **** 
 2676              		.loc 1 808 68 discriminator 1 view .LVU794
 2677 0158 0F4B     		ldr	r3, .L184+4
 2678 015a 5B68     		ldr	r3, [r3, #4]
 808:Inc/STM32F3xx_HAL_Driver/Src/stm32f3xx_hal_rcc.c **** 
 2679              		.loc 1 808 75 discriminator 1 view .LVU795
 2680 015c 03F0F003 		and	r3, r3, #240
 2681              	.LVL199:
 2682              	.LBB271:
 2683              	.LBI271:
 981:Inc/CMSIS/Core/Include/cmsis_gcc.h **** {
 2684              		.loc 2 981 31 is_stmt 1 view .LVU796
 2685              	.LBB272:
 983:Inc/CMSIS/Core/Include/cmsis_gcc.h **** 
 2686              		.loc 2 983 3 view .LVU797
 988:Inc/CMSIS/Core/Include/cmsis_gcc.h **** #else
 2687              		.loc 2 988 4 view .LVU798
 2688 0160 F022     		movs	r2, #240
 2689              		.syntax unified
 2690              	@ 988 "Inc/CMSIS/Core/Include/cmsis_gcc.h" 1
 2691 0162 92FAA2F2 		rbit r2, r2
 2692              	@ 0 "" 2
 2693              	.LVL200:
 2694              		.loc 2 1001 3 view .LVU799
 2695              		.loc 2 1001 3 is_stmt 0 view .LVU800
 2696              		.thumb
 2697              		.syntax unified
 2698              	.LBE272:
 2699              	.LBE271:
 808:Inc/STM32F3xx_HAL_Driver/Src/stm32f3xx_hal_rcc.c **** 
 2700              		.loc 1 808 91 discriminator 3 view .LVU801
 2701 0166 B2FA82F2 		clz	r2, r2
 2702 016a D340     		lsrs	r3, r3, r2
 808:Inc/STM32F3xx_HAL_Driver/Src/stm32f3xx_hal_rcc.c **** 
 2703              		.loc 1 808 63 discriminator 3 view .LVU802
 2704 016c 0B4A     		ldr	r2, .L184+8
 2705 016e D35C     		ldrb	r3, [r2, r3]	@ zero_extendqisi2
 808:Inc/STM32F3xx_HAL_Driver/Src/stm32f3xx_hal_rcc.c **** 
 2706              		.loc 1 808 47 discriminator 3 view .LVU803
 2707 0170 D840     		lsrs	r0, r0, r3
 808:Inc/STM32F3xx_HAL_Driver/Src/stm32f3xx_hal_rcc.c **** 
 2708              		.loc 1 808 19 discriminator 3 view .LVU804
 2709 0172 0B4B     		ldr	r3, .L184+12
 2710 0174 1860     		str	r0, [r3]
 811:Inc/STM32F3xx_HAL_Driver/Src/stm32f3xx_hal_rcc.c ****   
 2711              		.loc 1 811 3 is_stmt 1 view .LVU805
 2712 0176 0B4B     		ldr	r3, .L184+16
 2713 0178 1868     		ldr	r0, [r3]
 2714 017a FFF7FEFF 		bl	HAL_InitTick
 2715              	.LVL201:
 813:Inc/STM32F3xx_HAL_Driver/Src/stm32f3xx_hal_rcc.c **** }
 2716              		.loc 1 813 3 view .LVU806
ARM GAS  /tmp/cccxcDip.s 			page 92


 813:Inc/STM32F3xx_HAL_Driver/Src/stm32f3xx_hal_rcc.c **** }
 2717              		.loc 1 813 10 is_stmt 0 view .LVU807
 2718 017e 0020     		movs	r0, #0
 2719              	.L153:
 814:Inc/STM32F3xx_HAL_Driver/Src/stm32f3xx_hal_rcc.c **** 
 2720              		.loc 1 814 1 view .LVU808
 2721 0180 70BD     		pop	{r4, r5, r6, pc}
 2722              	.LVL202:
 2723              	.L171:
 2724              		.cfi_def_cfa_offset 0
 2725              		.cfi_restore 4
 2726              		.cfi_restore 5
 2727              		.cfi_restore 6
 2728              		.cfi_restore 14
 701:Inc/STM32F3xx_HAL_Driver/Src/stm32f3xx_hal_rcc.c ****   }
 2729              		.loc 1 701 12 view .LVU809
 2730 0182 0120     		movs	r0, #1
 2731              	.LVL203:
 814:Inc/STM32F3xx_HAL_Driver/Src/stm32f3xx_hal_rcc.c **** 
 2732              		.loc 1 814 1 view .LVU810
 2733 0184 7047     		bx	lr
 2734              	.LVL204:
 2735              	.L172:
 2736              		.cfi_def_cfa_offset 16
 2737              		.cfi_offset 4, -16
 2738              		.cfi_offset 5, -12
 2739              		.cfi_offset 6, -8
 2740              		.cfi_offset 14, -4
 722:Inc/STM32F3xx_HAL_Driver/Src/stm32f3xx_hal_rcc.c ****     }
 2741              		.loc 1 722 14 view .LVU811
 2742 0186 0120     		movs	r0, #1
 2743              	.LVL205:
 722:Inc/STM32F3xx_HAL_Driver/Src/stm32f3xx_hal_rcc.c ****     }
 2744              		.loc 1 722 14 view .LVU812
 2745 0188 FAE7     		b	.L153
 2746              	.LVL206:
 2747              	.L175:
 762:Inc/STM32F3xx_HAL_Driver/Src/stm32f3xx_hal_rcc.c ****       }
 2748              		.loc 1 762 16 view .LVU813
 2749 018a 0120     		movs	r0, #1
 2750 018c F8E7     		b	.L153
 2751              	.LVL207:
 2752              	.L177:
 789:Inc/STM32F3xx_HAL_Driver/Src/stm32f3xx_hal_rcc.c ****     }
 2753              		.loc 1 789 14 view .LVU814
 2754 018e 0120     		movs	r0, #1
 2755 0190 F6E7     		b	.L153
 2756              	.L185:
 2757 0192 00BF     		.align	2
 2758              	.L184:
 2759 0194 00200240 		.word	1073881088
 2760 0198 00100240 		.word	1073876992
 2761 019c 00000000 		.word	AHBPrescTable
 2762 01a0 00000000 		.word	SystemCoreClock
 2763 01a4 00000000 		.word	uwTickPrio
 2764              		.cfi_endproc
 2765              	.LFE132:
ARM GAS  /tmp/cccxcDip.s 			page 93


 2767              		.section	.text.HAL_RCC_GetHCLKFreq,"ax",%progbits
 2768              		.align	1
 2769              		.global	HAL_RCC_GetHCLKFreq
 2770              		.syntax unified
 2771              		.thumb
 2772              		.thumb_func
 2774              	HAL_RCC_GetHCLKFreq:
 2775              	.LFB137:
1020:Inc/STM32F3xx_HAL_Driver/Src/stm32f3xx_hal_rcc.c **** 
1021:Inc/STM32F3xx_HAL_Driver/Src/stm32f3xx_hal_rcc.c **** /**
1022:Inc/STM32F3xx_HAL_Driver/Src/stm32f3xx_hal_rcc.c ****   * @brief  Returns the HCLK frequency     
1023:Inc/STM32F3xx_HAL_Driver/Src/stm32f3xx_hal_rcc.c ****   * @note   Each time HCLK changes, this function must be called to update the
1024:Inc/STM32F3xx_HAL_Driver/Src/stm32f3xx_hal_rcc.c ****   *         right HCLK value. Otherwise, any configuration based on this function will be incorrect
1025:Inc/STM32F3xx_HAL_Driver/Src/stm32f3xx_hal_rcc.c ****   * 
1026:Inc/STM32F3xx_HAL_Driver/Src/stm32f3xx_hal_rcc.c ****   * @note   The SystemCoreClock CMSIS variable is used to store System Clock Frequency 
1027:Inc/STM32F3xx_HAL_Driver/Src/stm32f3xx_hal_rcc.c ****   *         and updated within this function
1028:Inc/STM32F3xx_HAL_Driver/Src/stm32f3xx_hal_rcc.c ****   * @retval HCLK frequency
1029:Inc/STM32F3xx_HAL_Driver/Src/stm32f3xx_hal_rcc.c ****   */
1030:Inc/STM32F3xx_HAL_Driver/Src/stm32f3xx_hal_rcc.c **** uint32_t HAL_RCC_GetHCLKFreq(void)
1031:Inc/STM32F3xx_HAL_Driver/Src/stm32f3xx_hal_rcc.c **** {
 2776              		.loc 1 1031 1 is_stmt 1 view -0
 2777              		.cfi_startproc
 2778              		@ args = 0, pretend = 0, frame = 0
 2779              		@ frame_needed = 0, uses_anonymous_args = 0
 2780              		@ link register save eliminated.
1032:Inc/STM32F3xx_HAL_Driver/Src/stm32f3xx_hal_rcc.c ****   return SystemCoreClock;
 2781              		.loc 1 1032 3 view .LVU816
1033:Inc/STM32F3xx_HAL_Driver/Src/stm32f3xx_hal_rcc.c **** }
 2782              		.loc 1 1033 1 is_stmt 0 view .LVU817
 2783 0000 014B     		ldr	r3, .L187
 2784 0002 1868     		ldr	r0, [r3]
 2785 0004 7047     		bx	lr
 2786              	.L188:
 2787 0006 00BF     		.align	2
 2788              	.L187:
 2789 0008 00000000 		.word	SystemCoreClock
 2790              		.cfi_endproc
 2791              	.LFE137:
 2793              		.section	.text.HAL_RCC_GetPCLK1Freq,"ax",%progbits
 2794              		.align	1
 2795              		.global	HAL_RCC_GetPCLK1Freq
 2796              		.syntax unified
 2797              		.thumb
 2798              		.thumb_func
 2800              	HAL_RCC_GetPCLK1Freq:
 2801              	.LFB138:
1034:Inc/STM32F3xx_HAL_Driver/Src/stm32f3xx_hal_rcc.c **** 
1035:Inc/STM32F3xx_HAL_Driver/Src/stm32f3xx_hal_rcc.c **** /**
1036:Inc/STM32F3xx_HAL_Driver/Src/stm32f3xx_hal_rcc.c ****   * @brief  Returns the PCLK1 frequency     
1037:Inc/STM32F3xx_HAL_Driver/Src/stm32f3xx_hal_rcc.c ****   * @note   Each time PCLK1 changes, this function must be called to update the
1038:Inc/STM32F3xx_HAL_Driver/Src/stm32f3xx_hal_rcc.c ****   *         right PCLK1 value. Otherwise, any configuration based on this function will be incorrec
1039:Inc/STM32F3xx_HAL_Driver/Src/stm32f3xx_hal_rcc.c ****   * @retval PCLK1 frequency
1040:Inc/STM32F3xx_HAL_Driver/Src/stm32f3xx_hal_rcc.c ****   */
1041:Inc/STM32F3xx_HAL_Driver/Src/stm32f3xx_hal_rcc.c **** uint32_t HAL_RCC_GetPCLK1Freq(void)
1042:Inc/STM32F3xx_HAL_Driver/Src/stm32f3xx_hal_rcc.c **** {
 2802              		.loc 1 1042 1 is_stmt 1 view -0
 2803              		.cfi_startproc
ARM GAS  /tmp/cccxcDip.s 			page 94


 2804              		@ args = 0, pretend = 0, frame = 0
 2805              		@ frame_needed = 0, uses_anonymous_args = 0
 2806 0000 08B5     		push	{r3, lr}
 2807              		.cfi_def_cfa_offset 8
 2808              		.cfi_offset 3, -8
 2809              		.cfi_offset 14, -4
1043:Inc/STM32F3xx_HAL_Driver/Src/stm32f3xx_hal_rcc.c ****   /* Get HCLK source and Compute PCLK1 frequency ---------------------------*/
1044:Inc/STM32F3xx_HAL_Driver/Src/stm32f3xx_hal_rcc.c ****   return (HAL_RCC_GetHCLKFreq() >> APBPrescTable[(RCC->CFGR & RCC_CFGR_PPRE1) >> RCC_CFGR_PPRE1_BIT
 2810              		.loc 1 1044 3 view .LVU819
 2811              		.loc 1 1044 11 is_stmt 0 view .LVU820
 2812 0002 FFF7FEFF 		bl	HAL_RCC_GetHCLKFreq
 2813              	.LVL208:
 2814              		.loc 1 1044 54 discriminator 1 view .LVU821
 2815 0006 074B     		ldr	r3, .L191
 2816 0008 5B68     		ldr	r3, [r3, #4]
 2817              		.loc 1 1044 61 discriminator 1 view .LVU822
 2818 000a 03F4E063 		and	r3, r3, #1792
 2819              	.LVL209:
 2820              	.LBB273:
 2821              	.LBI273:
 981:Inc/CMSIS/Core/Include/cmsis_gcc.h **** {
 2822              		.loc 2 981 31 is_stmt 1 view .LVU823
 2823              	.LBB274:
 983:Inc/CMSIS/Core/Include/cmsis_gcc.h **** 
 2824              		.loc 2 983 3 view .LVU824
 988:Inc/CMSIS/Core/Include/cmsis_gcc.h **** #else
 2825              		.loc 2 988 4 view .LVU825
 2826 000e 4FF4E062 		mov	r2, #1792
 2827              		.syntax unified
 2828              	@ 988 "Inc/CMSIS/Core/Include/cmsis_gcc.h" 1
 2829 0012 92FAA2F2 		rbit r2, r2
 2830              	@ 0 "" 2
 2831              	.LVL210:
 2832              		.loc 2 1001 3 view .LVU826
 2833              		.loc 2 1001 3 is_stmt 0 view .LVU827
 2834              		.thumb
 2835              		.syntax unified
 2836              	.LBE274:
 2837              	.LBE273:
 2838              		.loc 1 1044 79 discriminator 3 view .LVU828
 2839 0016 B2FA82F2 		clz	r2, r2
 2840 001a D340     		lsrs	r3, r3, r2
 2841              		.loc 1 1044 49 discriminator 3 view .LVU829
 2842 001c 024A     		ldr	r2, .L191+4
 2843 001e D35C     		ldrb	r3, [r2, r3]	@ zero_extendqisi2
1045:Inc/STM32F3xx_HAL_Driver/Src/stm32f3xx_hal_rcc.c **** }    
 2844              		.loc 1 1045 1 view .LVU830
 2845 0020 D840     		lsrs	r0, r0, r3
 2846 0022 08BD     		pop	{r3, pc}
 2847              	.L192:
 2848              		.align	2
 2849              	.L191:
 2850 0024 00100240 		.word	1073876992
 2851 0028 00000000 		.word	APBPrescTable
 2852              		.cfi_endproc
 2853              	.LFE138:
 2855              		.section	.text.HAL_RCC_GetPCLK2Freq,"ax",%progbits
ARM GAS  /tmp/cccxcDip.s 			page 95


 2856              		.align	1
 2857              		.global	HAL_RCC_GetPCLK2Freq
 2858              		.syntax unified
 2859              		.thumb
 2860              		.thumb_func
 2862              	HAL_RCC_GetPCLK2Freq:
 2863              	.LFB139:
1046:Inc/STM32F3xx_HAL_Driver/Src/stm32f3xx_hal_rcc.c **** 
1047:Inc/STM32F3xx_HAL_Driver/Src/stm32f3xx_hal_rcc.c **** /**
1048:Inc/STM32F3xx_HAL_Driver/Src/stm32f3xx_hal_rcc.c ****   * @brief  Returns the PCLK2 frequency     
1049:Inc/STM32F3xx_HAL_Driver/Src/stm32f3xx_hal_rcc.c ****   * @note   Each time PCLK2 changes, this function must be called to update the
1050:Inc/STM32F3xx_HAL_Driver/Src/stm32f3xx_hal_rcc.c ****   *         right PCLK2 value. Otherwise, any configuration based on this function will be incorrec
1051:Inc/STM32F3xx_HAL_Driver/Src/stm32f3xx_hal_rcc.c ****   * @retval PCLK2 frequency
1052:Inc/STM32F3xx_HAL_Driver/Src/stm32f3xx_hal_rcc.c ****   */
1053:Inc/STM32F3xx_HAL_Driver/Src/stm32f3xx_hal_rcc.c **** uint32_t HAL_RCC_GetPCLK2Freq(void)
1054:Inc/STM32F3xx_HAL_Driver/Src/stm32f3xx_hal_rcc.c **** {
 2864              		.loc 1 1054 1 is_stmt 1 view -0
 2865              		.cfi_startproc
 2866              		@ args = 0, pretend = 0, frame = 0
 2867              		@ frame_needed = 0, uses_anonymous_args = 0
 2868 0000 08B5     		push	{r3, lr}
 2869              		.cfi_def_cfa_offset 8
 2870              		.cfi_offset 3, -8
 2871              		.cfi_offset 14, -4
1055:Inc/STM32F3xx_HAL_Driver/Src/stm32f3xx_hal_rcc.c ****   /* Get HCLK source and Compute PCLK2 frequency ---------------------------*/
1056:Inc/STM32F3xx_HAL_Driver/Src/stm32f3xx_hal_rcc.c ****   return (HAL_RCC_GetHCLKFreq()>> APBPrescTable[(RCC->CFGR & RCC_CFGR_PPRE2) >> RCC_CFGR_PPRE2_BITN
 2872              		.loc 1 1056 3 view .LVU832
 2873              		.loc 1 1056 11 is_stmt 0 view .LVU833
 2874 0002 FFF7FEFF 		bl	HAL_RCC_GetHCLKFreq
 2875              	.LVL211:
 2876              		.loc 1 1056 53 discriminator 1 view .LVU834
 2877 0006 074B     		ldr	r3, .L195
 2878 0008 5B68     		ldr	r3, [r3, #4]
 2879              		.loc 1 1056 60 discriminator 1 view .LVU835
 2880 000a 03F46053 		and	r3, r3, #14336
 2881              	.LVL212:
 2882              	.LBB275:
 2883              	.LBI275:
 981:Inc/CMSIS/Core/Include/cmsis_gcc.h **** {
 2884              		.loc 2 981 31 is_stmt 1 view .LVU836
 2885              	.LBB276:
 983:Inc/CMSIS/Core/Include/cmsis_gcc.h **** 
 2886              		.loc 2 983 3 view .LVU837
 988:Inc/CMSIS/Core/Include/cmsis_gcc.h **** #else
 2887              		.loc 2 988 4 view .LVU838
 2888 000e 4FF46052 		mov	r2, #14336
 2889              		.syntax unified
 2890              	@ 988 "Inc/CMSIS/Core/Include/cmsis_gcc.h" 1
 2891 0012 92FAA2F2 		rbit r2, r2
 2892              	@ 0 "" 2
 2893              	.LVL213:
 2894              		.loc 2 1001 3 view .LVU839
 2895              		.loc 2 1001 3 is_stmt 0 view .LVU840
 2896              		.thumb
 2897              		.syntax unified
 2898              	.LBE276:
 2899              	.LBE275:
ARM GAS  /tmp/cccxcDip.s 			page 96


 2900              		.loc 1 1056 78 discriminator 3 view .LVU841
 2901 0016 B2FA82F2 		clz	r2, r2
 2902 001a D340     		lsrs	r3, r3, r2
 2903              		.loc 1 1056 48 discriminator 3 view .LVU842
 2904 001c 024A     		ldr	r2, .L195+4
 2905 001e D35C     		ldrb	r3, [r2, r3]	@ zero_extendqisi2
1057:Inc/STM32F3xx_HAL_Driver/Src/stm32f3xx_hal_rcc.c **** } 
 2906              		.loc 1 1057 1 view .LVU843
 2907 0020 D840     		lsrs	r0, r0, r3
 2908 0022 08BD     		pop	{r3, pc}
 2909              	.L196:
 2910              		.align	2
 2911              	.L195:
 2912 0024 00100240 		.word	1073876992
 2913 0028 00000000 		.word	APBPrescTable
 2914              		.cfi_endproc
 2915              	.LFE139:
 2917              		.section	.text.HAL_RCC_GetOscConfig,"ax",%progbits
 2918              		.align	1
 2919              		.global	HAL_RCC_GetOscConfig
 2920              		.syntax unified
 2921              		.thumb
 2922              		.thumb_func
 2924              	HAL_RCC_GetOscConfig:
 2925              	.LVL214:
 2926              	.LFB140:
1058:Inc/STM32F3xx_HAL_Driver/Src/stm32f3xx_hal_rcc.c **** 
1059:Inc/STM32F3xx_HAL_Driver/Src/stm32f3xx_hal_rcc.c **** /**
1060:Inc/STM32F3xx_HAL_Driver/Src/stm32f3xx_hal_rcc.c ****   * @brief  Configures the RCC_OscInitStruct according to the internal 
1061:Inc/STM32F3xx_HAL_Driver/Src/stm32f3xx_hal_rcc.c ****   * RCC configuration registers.
1062:Inc/STM32F3xx_HAL_Driver/Src/stm32f3xx_hal_rcc.c ****   * @param  RCC_OscInitStruct pointer to an RCC_OscInitTypeDef structure that 
1063:Inc/STM32F3xx_HAL_Driver/Src/stm32f3xx_hal_rcc.c ****   * will be configured.
1064:Inc/STM32F3xx_HAL_Driver/Src/stm32f3xx_hal_rcc.c ****   * @retval None
1065:Inc/STM32F3xx_HAL_Driver/Src/stm32f3xx_hal_rcc.c ****   */
1066:Inc/STM32F3xx_HAL_Driver/Src/stm32f3xx_hal_rcc.c **** void HAL_RCC_GetOscConfig(RCC_OscInitTypeDef  *RCC_OscInitStruct)
1067:Inc/STM32F3xx_HAL_Driver/Src/stm32f3xx_hal_rcc.c **** {
 2927              		.loc 1 1067 1 is_stmt 1 view -0
 2928              		.cfi_startproc
 2929              		@ args = 0, pretend = 0, frame = 0
 2930              		@ frame_needed = 0, uses_anonymous_args = 0
 2931              		@ link register save eliminated.
1068:Inc/STM32F3xx_HAL_Driver/Src/stm32f3xx_hal_rcc.c ****   /* Check the parameters */
1069:Inc/STM32F3xx_HAL_Driver/Src/stm32f3xx_hal_rcc.c ****   assert_param(RCC_OscInitStruct != NULL);
 2932              		.loc 1 1069 3 view .LVU845
1070:Inc/STM32F3xx_HAL_Driver/Src/stm32f3xx_hal_rcc.c **** 
1071:Inc/STM32F3xx_HAL_Driver/Src/stm32f3xx_hal_rcc.c ****   /* Set all possible values for the Oscillator type parameter ---------------*/
1072:Inc/STM32F3xx_HAL_Driver/Src/stm32f3xx_hal_rcc.c ****   RCC_OscInitStruct->OscillatorType = RCC_OSCILLATORTYPE_HSE | RCC_OSCILLATORTYPE_HSI  \
 2933              		.loc 1 1072 3 view .LVU846
 2934              		.loc 1 1072 37 is_stmt 0 view .LVU847
 2935 0000 0F23     		movs	r3, #15
 2936 0002 0360     		str	r3, [r0]
1073:Inc/STM32F3xx_HAL_Driver/Src/stm32f3xx_hal_rcc.c ****                   | RCC_OSCILLATORTYPE_LSE | RCC_OSCILLATORTYPE_LSI;
1074:Inc/STM32F3xx_HAL_Driver/Src/stm32f3xx_hal_rcc.c **** 
1075:Inc/STM32F3xx_HAL_Driver/Src/stm32f3xx_hal_rcc.c **** 
1076:Inc/STM32F3xx_HAL_Driver/Src/stm32f3xx_hal_rcc.c ****   /* Get the HSE configuration -----------------------------------------------*/
1077:Inc/STM32F3xx_HAL_Driver/Src/stm32f3xx_hal_rcc.c ****   if((RCC->CR &RCC_CR_HSEBYP) == RCC_CR_HSEBYP)
 2937              		.loc 1 1077 3 is_stmt 1 view .LVU848
ARM GAS  /tmp/cccxcDip.s 			page 97


 2938              		.loc 1 1077 10 is_stmt 0 view .LVU849
 2939 0004 2A4B     		ldr	r3, .L210
 2940 0006 1B68     		ldr	r3, [r3]
 2941              		.loc 1 1077 5 view .LVU850
 2942 0008 13F4802F 		tst	r3, #262144
 2943 000c 30D0     		beq	.L198
1078:Inc/STM32F3xx_HAL_Driver/Src/stm32f3xx_hal_rcc.c ****   {
1079:Inc/STM32F3xx_HAL_Driver/Src/stm32f3xx_hal_rcc.c ****     RCC_OscInitStruct->HSEState = RCC_HSE_BYPASS;
 2944              		.loc 1 1079 5 is_stmt 1 view .LVU851
 2945              		.loc 1 1079 33 is_stmt 0 view .LVU852
 2946 000e 4FF4A023 		mov	r3, #327680
 2947 0012 4360     		str	r3, [r0, #4]
 2948              	.L199:
1080:Inc/STM32F3xx_HAL_Driver/Src/stm32f3xx_hal_rcc.c ****   }
1081:Inc/STM32F3xx_HAL_Driver/Src/stm32f3xx_hal_rcc.c ****   else if((RCC->CR &RCC_CR_HSEON) == RCC_CR_HSEON)
1082:Inc/STM32F3xx_HAL_Driver/Src/stm32f3xx_hal_rcc.c ****   {
1083:Inc/STM32F3xx_HAL_Driver/Src/stm32f3xx_hal_rcc.c ****     RCC_OscInitStruct->HSEState = RCC_HSE_ON;
1084:Inc/STM32F3xx_HAL_Driver/Src/stm32f3xx_hal_rcc.c ****   }
1085:Inc/STM32F3xx_HAL_Driver/Src/stm32f3xx_hal_rcc.c ****   else
1086:Inc/STM32F3xx_HAL_Driver/Src/stm32f3xx_hal_rcc.c ****   {
1087:Inc/STM32F3xx_HAL_Driver/Src/stm32f3xx_hal_rcc.c ****     RCC_OscInitStruct->HSEState = RCC_HSE_OFF;
1088:Inc/STM32F3xx_HAL_Driver/Src/stm32f3xx_hal_rcc.c ****   }
1089:Inc/STM32F3xx_HAL_Driver/Src/stm32f3xx_hal_rcc.c **** #if defined(RCC_CFGR_PLLSRC_HSI_DIV2)
1090:Inc/STM32F3xx_HAL_Driver/Src/stm32f3xx_hal_rcc.c ****   RCC_OscInitStruct->HSEPredivValue = __HAL_RCC_HSE_GET_PREDIV();
1091:Inc/STM32F3xx_HAL_Driver/Src/stm32f3xx_hal_rcc.c **** #endif
1092:Inc/STM32F3xx_HAL_Driver/Src/stm32f3xx_hal_rcc.c **** 
1093:Inc/STM32F3xx_HAL_Driver/Src/stm32f3xx_hal_rcc.c ****   /* Get the HSI configuration -----------------------------------------------*/
1094:Inc/STM32F3xx_HAL_Driver/Src/stm32f3xx_hal_rcc.c ****   if((RCC->CR &RCC_CR_HSION) == RCC_CR_HSION)
 2949              		.loc 1 1094 3 is_stmt 1 view .LVU853
 2950              		.loc 1 1094 10 is_stmt 0 view .LVU854
 2951 0014 264B     		ldr	r3, .L210
 2952 0016 1B68     		ldr	r3, [r3]
 2953              		.loc 1 1094 5 view .LVU855
 2954 0018 13F0010F 		tst	r3, #1
 2955 001c 34D0     		beq	.L201
1095:Inc/STM32F3xx_HAL_Driver/Src/stm32f3xx_hal_rcc.c ****   {
1096:Inc/STM32F3xx_HAL_Driver/Src/stm32f3xx_hal_rcc.c ****     RCC_OscInitStruct->HSIState = RCC_HSI_ON;
 2956              		.loc 1 1096 5 is_stmt 1 view .LVU856
 2957              		.loc 1 1096 33 is_stmt 0 view .LVU857
 2958 001e 0123     		movs	r3, #1
 2959 0020 C360     		str	r3, [r0, #12]
 2960              	.L202:
1097:Inc/STM32F3xx_HAL_Driver/Src/stm32f3xx_hal_rcc.c ****   }
1098:Inc/STM32F3xx_HAL_Driver/Src/stm32f3xx_hal_rcc.c ****   else
1099:Inc/STM32F3xx_HAL_Driver/Src/stm32f3xx_hal_rcc.c ****   {
1100:Inc/STM32F3xx_HAL_Driver/Src/stm32f3xx_hal_rcc.c ****     RCC_OscInitStruct->HSIState = RCC_HSI_OFF;
1101:Inc/STM32F3xx_HAL_Driver/Src/stm32f3xx_hal_rcc.c ****   }
1102:Inc/STM32F3xx_HAL_Driver/Src/stm32f3xx_hal_rcc.c ****   
1103:Inc/STM32F3xx_HAL_Driver/Src/stm32f3xx_hal_rcc.c ****   RCC_OscInitStruct->HSICalibrationValue = (uint32_t)((RCC->CR & RCC_CR_HSITRIM) >> RCC_CR_HSITRIM_
 2961              		.loc 1 1103 3 is_stmt 1 view .LVU858
 2962              		.loc 1 1103 59 is_stmt 0 view .LVU859
 2963 0022 234A     		ldr	r2, .L210
 2964 0024 1368     		ldr	r3, [r2]
 2965              		.loc 1 1103 44 view .LVU860
 2966 0026 C3F3C403 		ubfx	r3, r3, #3, #5
 2967              		.loc 1 1103 42 view .LVU861
 2968 002a 0361     		str	r3, [r0, #16]
ARM GAS  /tmp/cccxcDip.s 			page 98


1104:Inc/STM32F3xx_HAL_Driver/Src/stm32f3xx_hal_rcc.c ****   
1105:Inc/STM32F3xx_HAL_Driver/Src/stm32f3xx_hal_rcc.c ****   /* Get the LSE configuration -----------------------------------------------*/
1106:Inc/STM32F3xx_HAL_Driver/Src/stm32f3xx_hal_rcc.c ****   if((RCC->BDCR &RCC_BDCR_LSEBYP) == RCC_BDCR_LSEBYP)
 2969              		.loc 1 1106 3 is_stmt 1 view .LVU862
 2970              		.loc 1 1106 10 is_stmt 0 view .LVU863
 2971 002c 136A     		ldr	r3, [r2, #32]
 2972              		.loc 1 1106 5 view .LVU864
 2973 002e 13F0040F 		tst	r3, #4
 2974 0032 2CD0     		beq	.L203
1107:Inc/STM32F3xx_HAL_Driver/Src/stm32f3xx_hal_rcc.c ****   {
1108:Inc/STM32F3xx_HAL_Driver/Src/stm32f3xx_hal_rcc.c ****     RCC_OscInitStruct->LSEState = RCC_LSE_BYPASS;
 2975              		.loc 1 1108 5 is_stmt 1 view .LVU865
 2976              		.loc 1 1108 33 is_stmt 0 view .LVU866
 2977 0034 0523     		movs	r3, #5
 2978 0036 8360     		str	r3, [r0, #8]
 2979              	.L204:
1109:Inc/STM32F3xx_HAL_Driver/Src/stm32f3xx_hal_rcc.c ****   }
1110:Inc/STM32F3xx_HAL_Driver/Src/stm32f3xx_hal_rcc.c ****   else if((RCC->BDCR &RCC_BDCR_LSEON) == RCC_BDCR_LSEON)
1111:Inc/STM32F3xx_HAL_Driver/Src/stm32f3xx_hal_rcc.c ****   {
1112:Inc/STM32F3xx_HAL_Driver/Src/stm32f3xx_hal_rcc.c ****     RCC_OscInitStruct->LSEState = RCC_LSE_ON;
1113:Inc/STM32F3xx_HAL_Driver/Src/stm32f3xx_hal_rcc.c ****   }
1114:Inc/STM32F3xx_HAL_Driver/Src/stm32f3xx_hal_rcc.c ****   else
1115:Inc/STM32F3xx_HAL_Driver/Src/stm32f3xx_hal_rcc.c ****   {
1116:Inc/STM32F3xx_HAL_Driver/Src/stm32f3xx_hal_rcc.c ****     RCC_OscInitStruct->LSEState = RCC_LSE_OFF;
1117:Inc/STM32F3xx_HAL_Driver/Src/stm32f3xx_hal_rcc.c ****   }
1118:Inc/STM32F3xx_HAL_Driver/Src/stm32f3xx_hal_rcc.c ****   
1119:Inc/STM32F3xx_HAL_Driver/Src/stm32f3xx_hal_rcc.c ****   /* Get the LSI configuration -----------------------------------------------*/
1120:Inc/STM32F3xx_HAL_Driver/Src/stm32f3xx_hal_rcc.c ****   if((RCC->CSR &RCC_CSR_LSION) == RCC_CSR_LSION)
 2980              		.loc 1 1120 3 is_stmt 1 view .LVU867
 2981              		.loc 1 1120 10 is_stmt 0 view .LVU868
 2982 0038 1D4B     		ldr	r3, .L210
 2983 003a 5B6A     		ldr	r3, [r3, #36]
 2984              		.loc 1 1120 5 view .LVU869
 2985 003c 13F0010F 		tst	r3, #1
 2986 0040 30D0     		beq	.L206
1121:Inc/STM32F3xx_HAL_Driver/Src/stm32f3xx_hal_rcc.c ****   {
1122:Inc/STM32F3xx_HAL_Driver/Src/stm32f3xx_hal_rcc.c ****     RCC_OscInitStruct->LSIState = RCC_LSI_ON;
 2987              		.loc 1 1122 5 is_stmt 1 view .LVU870
 2988              		.loc 1 1122 33 is_stmt 0 view .LVU871
 2989 0042 0123     		movs	r3, #1
 2990 0044 4361     		str	r3, [r0, #20]
 2991              	.L207:
1123:Inc/STM32F3xx_HAL_Driver/Src/stm32f3xx_hal_rcc.c ****   }
1124:Inc/STM32F3xx_HAL_Driver/Src/stm32f3xx_hal_rcc.c ****   else
1125:Inc/STM32F3xx_HAL_Driver/Src/stm32f3xx_hal_rcc.c ****   {
1126:Inc/STM32F3xx_HAL_Driver/Src/stm32f3xx_hal_rcc.c ****     RCC_OscInitStruct->LSIState = RCC_LSI_OFF;
1127:Inc/STM32F3xx_HAL_Driver/Src/stm32f3xx_hal_rcc.c ****   }
1128:Inc/STM32F3xx_HAL_Driver/Src/stm32f3xx_hal_rcc.c ****   
1129:Inc/STM32F3xx_HAL_Driver/Src/stm32f3xx_hal_rcc.c **** 
1130:Inc/STM32F3xx_HAL_Driver/Src/stm32f3xx_hal_rcc.c ****   /* Get the PLL configuration -----------------------------------------------*/
1131:Inc/STM32F3xx_HAL_Driver/Src/stm32f3xx_hal_rcc.c ****   if((RCC->CR &RCC_CR_PLLON) == RCC_CR_PLLON)
 2992              		.loc 1 1131 3 is_stmt 1 view .LVU872
 2993              		.loc 1 1131 10 is_stmt 0 view .LVU873
 2994 0046 1A4B     		ldr	r3, .L210
 2995 0048 1B68     		ldr	r3, [r3]
 2996              		.loc 1 1131 5 view .LVU874
 2997 004a 13F0807F 		tst	r3, #16777216
ARM GAS  /tmp/cccxcDip.s 			page 99


 2998 004e 2CD0     		beq	.L208
1132:Inc/STM32F3xx_HAL_Driver/Src/stm32f3xx_hal_rcc.c ****   {
1133:Inc/STM32F3xx_HAL_Driver/Src/stm32f3xx_hal_rcc.c ****     RCC_OscInitStruct->PLL.PLLState = RCC_PLL_ON;
 2999              		.loc 1 1133 5 is_stmt 1 view .LVU875
 3000              		.loc 1 1133 37 is_stmt 0 view .LVU876
 3001 0050 0223     		movs	r3, #2
 3002 0052 8361     		str	r3, [r0, #24]
 3003              	.L209:
1134:Inc/STM32F3xx_HAL_Driver/Src/stm32f3xx_hal_rcc.c ****   }
1135:Inc/STM32F3xx_HAL_Driver/Src/stm32f3xx_hal_rcc.c ****   else
1136:Inc/STM32F3xx_HAL_Driver/Src/stm32f3xx_hal_rcc.c ****   {
1137:Inc/STM32F3xx_HAL_Driver/Src/stm32f3xx_hal_rcc.c ****     RCC_OscInitStruct->PLL.PLLState = RCC_PLL_OFF;
1138:Inc/STM32F3xx_HAL_Driver/Src/stm32f3xx_hal_rcc.c ****   }
1139:Inc/STM32F3xx_HAL_Driver/Src/stm32f3xx_hal_rcc.c ****   RCC_OscInitStruct->PLL.PLLSource = (uint32_t)(RCC->CFGR & RCC_CFGR_PLLSRC);
 3004              		.loc 1 1139 3 is_stmt 1 view .LVU877
 3005              		.loc 1 1139 52 is_stmt 0 view .LVU878
 3006 0054 164B     		ldr	r3, .L210
 3007 0056 5A68     		ldr	r2, [r3, #4]
 3008              		.loc 1 1139 38 view .LVU879
 3009 0058 02F4C032 		and	r2, r2, #98304
 3010              		.loc 1 1139 36 view .LVU880
 3011 005c C261     		str	r2, [r0, #28]
1140:Inc/STM32F3xx_HAL_Driver/Src/stm32f3xx_hal_rcc.c ****   RCC_OscInitStruct->PLL.PLLMUL = (uint32_t)(RCC->CFGR & RCC_CFGR_PLLMUL);
 3012              		.loc 1 1140 3 is_stmt 1 view .LVU881
 3013              		.loc 1 1140 49 is_stmt 0 view .LVU882
 3014 005e 5A68     		ldr	r2, [r3, #4]
 3015              		.loc 1 1140 35 view .LVU883
 3016 0060 02F47012 		and	r2, r2, #3932160
 3017              		.loc 1 1140 33 view .LVU884
 3018 0064 0262     		str	r2, [r0, #32]
1141:Inc/STM32F3xx_HAL_Driver/Src/stm32f3xx_hal_rcc.c **** #if defined(RCC_CFGR_PLLSRC_HSI_PREDIV)
1142:Inc/STM32F3xx_HAL_Driver/Src/stm32f3xx_hal_rcc.c ****   RCC_OscInitStruct->PLL.PREDIV = (uint32_t)(RCC->CFGR2 & RCC_CFGR2_PREDIV);
 3019              		.loc 1 1142 3 is_stmt 1 view .LVU885
 3020              		.loc 1 1142 49 is_stmt 0 view .LVU886
 3021 0066 DB6A     		ldr	r3, [r3, #44]
 3022              		.loc 1 1142 35 view .LVU887
 3023 0068 03F00F03 		and	r3, r3, #15
 3024              		.loc 1 1142 33 view .LVU888
 3025 006c 4362     		str	r3, [r0, #36]
1143:Inc/STM32F3xx_HAL_Driver/Src/stm32f3xx_hal_rcc.c **** #endif /* RCC_CFGR_PLLSRC_HSI_PREDIV */
1144:Inc/STM32F3xx_HAL_Driver/Src/stm32f3xx_hal_rcc.c **** }
 3026              		.loc 1 1144 1 view .LVU889
 3027 006e 7047     		bx	lr
 3028              	.L198:
1081:Inc/STM32F3xx_HAL_Driver/Src/stm32f3xx_hal_rcc.c ****   {
 3029              		.loc 1 1081 8 is_stmt 1 view .LVU890
1081:Inc/STM32F3xx_HAL_Driver/Src/stm32f3xx_hal_rcc.c ****   {
 3030              		.loc 1 1081 15 is_stmt 0 view .LVU891
 3031 0070 0F4B     		ldr	r3, .L210
 3032 0072 1B68     		ldr	r3, [r3]
1081:Inc/STM32F3xx_HAL_Driver/Src/stm32f3xx_hal_rcc.c ****   {
 3033              		.loc 1 1081 10 view .LVU892
 3034 0074 13F4803F 		tst	r3, #65536
 3035 0078 03D0     		beq	.L200
1083:Inc/STM32F3xx_HAL_Driver/Src/stm32f3xx_hal_rcc.c ****   }
 3036              		.loc 1 1083 5 is_stmt 1 view .LVU893
1083:Inc/STM32F3xx_HAL_Driver/Src/stm32f3xx_hal_rcc.c ****   }
ARM GAS  /tmp/cccxcDip.s 			page 100


 3037              		.loc 1 1083 33 is_stmt 0 view .LVU894
 3038 007a 4FF48033 		mov	r3, #65536
 3039 007e 4360     		str	r3, [r0, #4]
 3040 0080 C8E7     		b	.L199
 3041              	.L200:
1087:Inc/STM32F3xx_HAL_Driver/Src/stm32f3xx_hal_rcc.c ****   }
 3042              		.loc 1 1087 5 is_stmt 1 view .LVU895
1087:Inc/STM32F3xx_HAL_Driver/Src/stm32f3xx_hal_rcc.c ****   }
 3043              		.loc 1 1087 33 is_stmt 0 view .LVU896
 3044 0082 0023     		movs	r3, #0
 3045 0084 4360     		str	r3, [r0, #4]
 3046 0086 C5E7     		b	.L199
 3047              	.L201:
1100:Inc/STM32F3xx_HAL_Driver/Src/stm32f3xx_hal_rcc.c ****   }
 3048              		.loc 1 1100 5 is_stmt 1 view .LVU897
1100:Inc/STM32F3xx_HAL_Driver/Src/stm32f3xx_hal_rcc.c ****   }
 3049              		.loc 1 1100 33 is_stmt 0 view .LVU898
 3050 0088 0023     		movs	r3, #0
 3051 008a C360     		str	r3, [r0, #12]
 3052 008c C9E7     		b	.L202
 3053              	.L203:
1110:Inc/STM32F3xx_HAL_Driver/Src/stm32f3xx_hal_rcc.c ****   {
 3054              		.loc 1 1110 8 is_stmt 1 view .LVU899
1110:Inc/STM32F3xx_HAL_Driver/Src/stm32f3xx_hal_rcc.c ****   {
 3055              		.loc 1 1110 15 is_stmt 0 view .LVU900
 3056 008e 084B     		ldr	r3, .L210
 3057 0090 1B6A     		ldr	r3, [r3, #32]
1110:Inc/STM32F3xx_HAL_Driver/Src/stm32f3xx_hal_rcc.c ****   {
 3058              		.loc 1 1110 10 view .LVU901
 3059 0092 13F0010F 		tst	r3, #1
 3060 0096 02D0     		beq	.L205
1112:Inc/STM32F3xx_HAL_Driver/Src/stm32f3xx_hal_rcc.c ****   }
 3061              		.loc 1 1112 5 is_stmt 1 view .LVU902
1112:Inc/STM32F3xx_HAL_Driver/Src/stm32f3xx_hal_rcc.c ****   }
 3062              		.loc 1 1112 33 is_stmt 0 view .LVU903
 3063 0098 0123     		movs	r3, #1
 3064 009a 8360     		str	r3, [r0, #8]
 3065 009c CCE7     		b	.L204
 3066              	.L205:
1116:Inc/STM32F3xx_HAL_Driver/Src/stm32f3xx_hal_rcc.c ****   }
 3067              		.loc 1 1116 5 is_stmt 1 view .LVU904
1116:Inc/STM32F3xx_HAL_Driver/Src/stm32f3xx_hal_rcc.c ****   }
 3068              		.loc 1 1116 33 is_stmt 0 view .LVU905
 3069 009e 0023     		movs	r3, #0
 3070 00a0 8360     		str	r3, [r0, #8]
 3071 00a2 C9E7     		b	.L204
 3072              	.L206:
1126:Inc/STM32F3xx_HAL_Driver/Src/stm32f3xx_hal_rcc.c ****   }
 3073              		.loc 1 1126 5 is_stmt 1 view .LVU906
1126:Inc/STM32F3xx_HAL_Driver/Src/stm32f3xx_hal_rcc.c ****   }
 3074              		.loc 1 1126 33 is_stmt 0 view .LVU907
 3075 00a4 0023     		movs	r3, #0
 3076 00a6 4361     		str	r3, [r0, #20]
 3077 00a8 CDE7     		b	.L207
 3078              	.L208:
1137:Inc/STM32F3xx_HAL_Driver/Src/stm32f3xx_hal_rcc.c ****   }
 3079              		.loc 1 1137 5 is_stmt 1 view .LVU908
ARM GAS  /tmp/cccxcDip.s 			page 101


1137:Inc/STM32F3xx_HAL_Driver/Src/stm32f3xx_hal_rcc.c ****   }
 3080              		.loc 1 1137 37 is_stmt 0 view .LVU909
 3081 00aa 0123     		movs	r3, #1
 3082 00ac 8361     		str	r3, [r0, #24]
 3083 00ae D1E7     		b	.L209
 3084              	.L211:
 3085              		.align	2
 3086              	.L210:
 3087 00b0 00100240 		.word	1073876992
 3088              		.cfi_endproc
 3089              	.LFE140:
 3091              		.section	.text.HAL_RCC_GetClockConfig,"ax",%progbits
 3092              		.align	1
 3093              		.global	HAL_RCC_GetClockConfig
 3094              		.syntax unified
 3095              		.thumb
 3096              		.thumb_func
 3098              	HAL_RCC_GetClockConfig:
 3099              	.LVL215:
 3100              	.LFB141:
1145:Inc/STM32F3xx_HAL_Driver/Src/stm32f3xx_hal_rcc.c **** 
1146:Inc/STM32F3xx_HAL_Driver/Src/stm32f3xx_hal_rcc.c **** /**
1147:Inc/STM32F3xx_HAL_Driver/Src/stm32f3xx_hal_rcc.c ****   * @brief  Get the RCC_ClkInitStruct according to the internal 
1148:Inc/STM32F3xx_HAL_Driver/Src/stm32f3xx_hal_rcc.c ****   * RCC configuration registers.
1149:Inc/STM32F3xx_HAL_Driver/Src/stm32f3xx_hal_rcc.c ****   * @param  RCC_ClkInitStruct pointer to an RCC_ClkInitTypeDef structure that 
1150:Inc/STM32F3xx_HAL_Driver/Src/stm32f3xx_hal_rcc.c ****   * contains the current clock configuration.
1151:Inc/STM32F3xx_HAL_Driver/Src/stm32f3xx_hal_rcc.c ****   * @param  pFLatency Pointer on the Flash Latency.
1152:Inc/STM32F3xx_HAL_Driver/Src/stm32f3xx_hal_rcc.c ****   * @retval None
1153:Inc/STM32F3xx_HAL_Driver/Src/stm32f3xx_hal_rcc.c ****   */
1154:Inc/STM32F3xx_HAL_Driver/Src/stm32f3xx_hal_rcc.c **** void HAL_RCC_GetClockConfig(RCC_ClkInitTypeDef  *RCC_ClkInitStruct, uint32_t *pFLatency)
1155:Inc/STM32F3xx_HAL_Driver/Src/stm32f3xx_hal_rcc.c **** {
 3101              		.loc 1 1155 1 is_stmt 1 view -0
 3102              		.cfi_startproc
 3103              		@ args = 0, pretend = 0, frame = 0
 3104              		@ frame_needed = 0, uses_anonymous_args = 0
 3105              		@ link register save eliminated.
1156:Inc/STM32F3xx_HAL_Driver/Src/stm32f3xx_hal_rcc.c ****   /* Check the parameters */
1157:Inc/STM32F3xx_HAL_Driver/Src/stm32f3xx_hal_rcc.c ****   assert_param(RCC_ClkInitStruct != NULL);
 3106              		.loc 1 1157 3 view .LVU911
1158:Inc/STM32F3xx_HAL_Driver/Src/stm32f3xx_hal_rcc.c ****   assert_param(pFLatency != NULL);
 3107              		.loc 1 1158 3 view .LVU912
1159:Inc/STM32F3xx_HAL_Driver/Src/stm32f3xx_hal_rcc.c **** 
1160:Inc/STM32F3xx_HAL_Driver/Src/stm32f3xx_hal_rcc.c ****   /* Set all possible values for the Clock type parameter --------------------*/
1161:Inc/STM32F3xx_HAL_Driver/Src/stm32f3xx_hal_rcc.c ****   RCC_ClkInitStruct->ClockType = RCC_CLOCKTYPE_SYSCLK | RCC_CLOCKTYPE_HCLK | RCC_CLOCKTYPE_PCLK1 | 
 3108              		.loc 1 1161 3 view .LVU913
 3109              		.loc 1 1161 32 is_stmt 0 view .LVU914
 3110 0000 0F23     		movs	r3, #15
 3111 0002 0360     		str	r3, [r0]
1162:Inc/STM32F3xx_HAL_Driver/Src/stm32f3xx_hal_rcc.c ****   
1163:Inc/STM32F3xx_HAL_Driver/Src/stm32f3xx_hal_rcc.c ****   /* Get the SYSCLK configuration --------------------------------------------*/ 
1164:Inc/STM32F3xx_HAL_Driver/Src/stm32f3xx_hal_rcc.c ****   RCC_ClkInitStruct->SYSCLKSource = (uint32_t)(RCC->CFGR & RCC_CFGR_SW);
 3112              		.loc 1 1164 3 is_stmt 1 view .LVU915
 3113              		.loc 1 1164 51 is_stmt 0 view .LVU916
 3114 0004 0B4B     		ldr	r3, .L213
 3115 0006 5A68     		ldr	r2, [r3, #4]
 3116              		.loc 1 1164 37 view .LVU917
 3117 0008 02F00302 		and	r2, r2, #3
ARM GAS  /tmp/cccxcDip.s 			page 102


 3118              		.loc 1 1164 35 view .LVU918
 3119 000c 4260     		str	r2, [r0, #4]
1165:Inc/STM32F3xx_HAL_Driver/Src/stm32f3xx_hal_rcc.c ****   
1166:Inc/STM32F3xx_HAL_Driver/Src/stm32f3xx_hal_rcc.c ****   /* Get the HCLK configuration ----------------------------------------------*/ 
1167:Inc/STM32F3xx_HAL_Driver/Src/stm32f3xx_hal_rcc.c ****   RCC_ClkInitStruct->AHBCLKDivider = (uint32_t)(RCC->CFGR & RCC_CFGR_HPRE); 
 3120              		.loc 1 1167 3 is_stmt 1 view .LVU919
 3121              		.loc 1 1167 52 is_stmt 0 view .LVU920
 3122 000e 5A68     		ldr	r2, [r3, #4]
 3123              		.loc 1 1167 38 view .LVU921
 3124 0010 02F0F002 		and	r2, r2, #240
 3125              		.loc 1 1167 36 view .LVU922
 3126 0014 8260     		str	r2, [r0, #8]
1168:Inc/STM32F3xx_HAL_Driver/Src/stm32f3xx_hal_rcc.c ****   
1169:Inc/STM32F3xx_HAL_Driver/Src/stm32f3xx_hal_rcc.c ****   /* Get the APB1 configuration ----------------------------------------------*/ 
1170:Inc/STM32F3xx_HAL_Driver/Src/stm32f3xx_hal_rcc.c ****   RCC_ClkInitStruct->APB1CLKDivider = (uint32_t)(RCC->CFGR & RCC_CFGR_PPRE1);   
 3127              		.loc 1 1170 3 is_stmt 1 view .LVU923
 3128              		.loc 1 1170 53 is_stmt 0 view .LVU924
 3129 0016 5A68     		ldr	r2, [r3, #4]
 3130              		.loc 1 1170 39 view .LVU925
 3131 0018 02F4E062 		and	r2, r2, #1792
 3132              		.loc 1 1170 37 view .LVU926
 3133 001c C260     		str	r2, [r0, #12]
1171:Inc/STM32F3xx_HAL_Driver/Src/stm32f3xx_hal_rcc.c ****   
1172:Inc/STM32F3xx_HAL_Driver/Src/stm32f3xx_hal_rcc.c ****   /* Get the APB2 configuration ----------------------------------------------*/ 
1173:Inc/STM32F3xx_HAL_Driver/Src/stm32f3xx_hal_rcc.c ****   RCC_ClkInitStruct->APB2CLKDivider = (uint32_t)((RCC->CFGR & RCC_CFGR_PPRE2) >> 3U);
 3134              		.loc 1 1173 3 is_stmt 1 view .LVU927
 3135              		.loc 1 1173 54 is_stmt 0 view .LVU928
 3136 001e 5B68     		ldr	r3, [r3, #4]
 3137              		.loc 1 1173 39 view .LVU929
 3138 0020 DB08     		lsrs	r3, r3, #3
 3139 0022 03F4E063 		and	r3, r3, #1792
 3140              		.loc 1 1173 37 view .LVU930
 3141 0026 0361     		str	r3, [r0, #16]
1174:Inc/STM32F3xx_HAL_Driver/Src/stm32f3xx_hal_rcc.c ****   
1175:Inc/STM32F3xx_HAL_Driver/Src/stm32f3xx_hal_rcc.c ****   /* Get the Flash Wait State (Latency) configuration ------------------------*/   
1176:Inc/STM32F3xx_HAL_Driver/Src/stm32f3xx_hal_rcc.c ****   *pFLatency = (uint32_t)(FLASH->ACR & FLASH_ACR_LATENCY); 
 3142              		.loc 1 1176 3 is_stmt 1 view .LVU931
 3143              		.loc 1 1176 32 is_stmt 0 view .LVU932
 3144 0028 034B     		ldr	r3, .L213+4
 3145 002a 1B68     		ldr	r3, [r3]
 3146              		.loc 1 1176 16 view .LVU933
 3147 002c 03F00703 		and	r3, r3, #7
 3148              		.loc 1 1176 14 view .LVU934
 3149 0030 0B60     		str	r3, [r1]
1177:Inc/STM32F3xx_HAL_Driver/Src/stm32f3xx_hal_rcc.c **** }
 3150              		.loc 1 1177 1 view .LVU935
 3151 0032 7047     		bx	lr
 3152              	.L214:
 3153              		.align	2
 3154              	.L213:
 3155 0034 00100240 		.word	1073876992
 3156 0038 00200240 		.word	1073881088
 3157              		.cfi_endproc
 3158              	.LFE141:
 3160              		.section	.text.HAL_RCC_CSSCallback,"ax",%progbits
 3161              		.align	1
 3162              		.weak	HAL_RCC_CSSCallback
ARM GAS  /tmp/cccxcDip.s 			page 103


 3163              		.syntax unified
 3164              		.thumb
 3165              		.thumb_func
 3167              	HAL_RCC_CSSCallback:
 3168              	.LFB143:
1178:Inc/STM32F3xx_HAL_Driver/Src/stm32f3xx_hal_rcc.c **** 
1179:Inc/STM32F3xx_HAL_Driver/Src/stm32f3xx_hal_rcc.c **** /**
1180:Inc/STM32F3xx_HAL_Driver/Src/stm32f3xx_hal_rcc.c ****   * @brief This function handles the RCC CSS interrupt request.
1181:Inc/STM32F3xx_HAL_Driver/Src/stm32f3xx_hal_rcc.c ****   * @note This API should be called under the NMI_Handler().
1182:Inc/STM32F3xx_HAL_Driver/Src/stm32f3xx_hal_rcc.c ****   * @retval None
1183:Inc/STM32F3xx_HAL_Driver/Src/stm32f3xx_hal_rcc.c ****   */
1184:Inc/STM32F3xx_HAL_Driver/Src/stm32f3xx_hal_rcc.c **** void HAL_RCC_NMI_IRQHandler(void)
1185:Inc/STM32F3xx_HAL_Driver/Src/stm32f3xx_hal_rcc.c **** {
1186:Inc/STM32F3xx_HAL_Driver/Src/stm32f3xx_hal_rcc.c ****   /* Check RCC CSSF flag  */
1187:Inc/STM32F3xx_HAL_Driver/Src/stm32f3xx_hal_rcc.c ****   if(__HAL_RCC_GET_IT(RCC_IT_CSS))
1188:Inc/STM32F3xx_HAL_Driver/Src/stm32f3xx_hal_rcc.c ****   {
1189:Inc/STM32F3xx_HAL_Driver/Src/stm32f3xx_hal_rcc.c ****     /* RCC Clock Security System interrupt user callback */
1190:Inc/STM32F3xx_HAL_Driver/Src/stm32f3xx_hal_rcc.c ****     HAL_RCC_CSSCallback();
1191:Inc/STM32F3xx_HAL_Driver/Src/stm32f3xx_hal_rcc.c ****     
1192:Inc/STM32F3xx_HAL_Driver/Src/stm32f3xx_hal_rcc.c ****     /* Clear RCC CSS pending bit */
1193:Inc/STM32F3xx_HAL_Driver/Src/stm32f3xx_hal_rcc.c ****     __HAL_RCC_CLEAR_IT(RCC_IT_CSS);
1194:Inc/STM32F3xx_HAL_Driver/Src/stm32f3xx_hal_rcc.c ****   }
1195:Inc/STM32F3xx_HAL_Driver/Src/stm32f3xx_hal_rcc.c **** }
1196:Inc/STM32F3xx_HAL_Driver/Src/stm32f3xx_hal_rcc.c **** 
1197:Inc/STM32F3xx_HAL_Driver/Src/stm32f3xx_hal_rcc.c **** /**
1198:Inc/STM32F3xx_HAL_Driver/Src/stm32f3xx_hal_rcc.c ****   * @brief  RCC Clock Security System interrupt callback
1199:Inc/STM32F3xx_HAL_Driver/Src/stm32f3xx_hal_rcc.c ****   * @retval none
1200:Inc/STM32F3xx_HAL_Driver/Src/stm32f3xx_hal_rcc.c ****   */
1201:Inc/STM32F3xx_HAL_Driver/Src/stm32f3xx_hal_rcc.c **** __weak void HAL_RCC_CSSCallback(void)
1202:Inc/STM32F3xx_HAL_Driver/Src/stm32f3xx_hal_rcc.c **** {
 3169              		.loc 1 1202 1 is_stmt 1 view -0
 3170              		.cfi_startproc
 3171              		@ args = 0, pretend = 0, frame = 0
 3172              		@ frame_needed = 0, uses_anonymous_args = 0
 3173              		@ link register save eliminated.
1203:Inc/STM32F3xx_HAL_Driver/Src/stm32f3xx_hal_rcc.c ****   /* NOTE : This function Should not be modified, when the callback is needed,
1204:Inc/STM32F3xx_HAL_Driver/Src/stm32f3xx_hal_rcc.c ****     the HAL_RCC_CSSCallback could be implemented in the user file
1205:Inc/STM32F3xx_HAL_Driver/Src/stm32f3xx_hal_rcc.c ****     */ 
1206:Inc/STM32F3xx_HAL_Driver/Src/stm32f3xx_hal_rcc.c **** }
 3174              		.loc 1 1206 1 view .LVU937
 3175 0000 7047     		bx	lr
 3176              		.cfi_endproc
 3177              	.LFE143:
 3179              		.section	.text.HAL_RCC_NMI_IRQHandler,"ax",%progbits
 3180              		.align	1
 3181              		.global	HAL_RCC_NMI_IRQHandler
 3182              		.syntax unified
 3183              		.thumb
 3184              		.thumb_func
 3186              	HAL_RCC_NMI_IRQHandler:
 3187              	.LFB142:
1185:Inc/STM32F3xx_HAL_Driver/Src/stm32f3xx_hal_rcc.c ****   /* Check RCC CSSF flag  */
 3188              		.loc 1 1185 1 view -0
 3189              		.cfi_startproc
 3190              		@ args = 0, pretend = 0, frame = 0
 3191              		@ frame_needed = 0, uses_anonymous_args = 0
 3192 0000 08B5     		push	{r3, lr}
ARM GAS  /tmp/cccxcDip.s 			page 104


 3193              		.cfi_def_cfa_offset 8
 3194              		.cfi_offset 3, -8
 3195              		.cfi_offset 14, -4
1187:Inc/STM32F3xx_HAL_Driver/Src/stm32f3xx_hal_rcc.c ****   {
 3196              		.loc 1 1187 3 view .LVU939
1187:Inc/STM32F3xx_HAL_Driver/Src/stm32f3xx_hal_rcc.c ****   {
 3197              		.loc 1 1187 6 is_stmt 0 view .LVU940
 3198 0002 064B     		ldr	r3, .L220
 3199 0004 9B68     		ldr	r3, [r3, #8]
1187:Inc/STM32F3xx_HAL_Driver/Src/stm32f3xx_hal_rcc.c ****   {
 3200              		.loc 1 1187 5 view .LVU941
 3201 0006 13F0800F 		tst	r3, #128
 3202 000a 00D1     		bne	.L219
 3203              	.L216:
1195:Inc/STM32F3xx_HAL_Driver/Src/stm32f3xx_hal_rcc.c **** 
 3204              		.loc 1 1195 1 view .LVU942
 3205 000c 08BD     		pop	{r3, pc}
 3206              	.L219:
1190:Inc/STM32F3xx_HAL_Driver/Src/stm32f3xx_hal_rcc.c ****     
 3207              		.loc 1 1190 5 is_stmt 1 view .LVU943
 3208 000e FFF7FEFF 		bl	HAL_RCC_CSSCallback
 3209              	.LVL216:
1193:Inc/STM32F3xx_HAL_Driver/Src/stm32f3xx_hal_rcc.c ****   }
 3210              		.loc 1 1193 5 view .LVU944
 3211 0012 024B     		ldr	r3, .L220
 3212 0014 8022     		movs	r2, #128
 3213 0016 9A72     		strb	r2, [r3, #10]
1195:Inc/STM32F3xx_HAL_Driver/Src/stm32f3xx_hal_rcc.c **** 
 3214              		.loc 1 1195 1 is_stmt 0 view .LVU945
 3215 0018 F8E7     		b	.L216
 3216              	.L221:
 3217 001a 00BF     		.align	2
 3218              	.L220:
 3219 001c 00100240 		.word	1073876992
 3220              		.cfi_endproc
 3221              	.LFE142:
 3223              		.section	.rodata.aPredivFactorTable,"a"
 3224              		.align	2
 3227              	aPredivFactorTable:
 3228 0000 01020304 		.ascii	"\001\002\003\004\005\006\007\010\011\012\013\014\015"
 3228      05060708 
 3228      090A0B0C 
 3228      0D
 3229 000d 0E0F10   		.ascii	"\016\017\020"
 3230              		.section	.rodata.aPLLMULFactorTable,"a"
 3231              		.align	2
 3234              	aPLLMULFactorTable:
 3235 0000 02030405 		.ascii	"\002\003\004\005\006\007\010\011\012\013\014\015\016"
 3235      06070809 
 3235      0A0B0C0D 
 3235      0E
 3236 000d 0F1010   		.ascii	"\017\020\020"
 3237              		.text
 3238              	.Letext0:
 3239              		.file 3 "/usr/arm-none-eabi/include/machine/_default_types.h"
 3240              		.file 4 "/usr/arm-none-eabi/include/sys/_stdint.h"
 3241              		.file 5 "Inc/CMSIS/Device/ST/STM32F3xx/Include/system_stm32f3xx.h"
ARM GAS  /tmp/cccxcDip.s 			page 105


 3242              		.file 6 "Inc/CMSIS/Device/ST/STM32F3xx/Include/stm32f303xe.h"
 3243              		.file 7 "Inc/CMSIS/Device/ST/STM32F3xx/Include/stm32f3xx.h"
 3244              		.file 8 "Inc/STM32F3xx_HAL_Driver/Inc/stm32f3xx_hal_def.h"
 3245              		.file 9 "Inc/STM32F3xx_HAL_Driver/Inc/stm32f3xx_hal_rcc.h"
 3246              		.file 10 "Inc/STM32F3xx_HAL_Driver/Inc/stm32f3xx_hal_gpio.h"
 3247              		.file 11 "Inc/STM32F3xx_HAL_Driver/Inc/stm32f3xx_hal.h"
ARM GAS  /tmp/cccxcDip.s 			page 106


DEFINED SYMBOLS
                            *ABS*:00000000 stm32f3xx_hal_rcc.c
     /tmp/cccxcDip.s:21     .text.HAL_RCC_DeInit:00000000 $t
     /tmp/cccxcDip.s:27     .text.HAL_RCC_DeInit:00000000 HAL_RCC_DeInit
     /tmp/cccxcDip.s:228    .text.HAL_RCC_DeInit:000000dc $d
     /tmp/cccxcDip.s:238    .text.HAL_RCC_OscConfig:00000000 $t
     /tmp/cccxcDip.s:244    .text.HAL_RCC_OscConfig:00000000 HAL_RCC_OscConfig
     /tmp/cccxcDip.s:1055   .text.HAL_RCC_OscConfig:000002e0 $d
     /tmp/cccxcDip.s:1066   .text.HAL_RCC_OscConfig:000002e8 $t
     /tmp/cccxcDip.s:1804   .text.HAL_RCC_OscConfig:00000564 $d
     /tmp/cccxcDip.s:1810   .text.HAL_RCC_OscConfig:00000570 $t
     /tmp/cccxcDip.s:2049   .text.HAL_RCC_OscConfig:00000640 $d
     /tmp/cccxcDip.s:2054   .text.HAL_RCC_MCOConfig:00000000 $t
     /tmp/cccxcDip.s:2060   .text.HAL_RCC_MCOConfig:00000000 HAL_RCC_MCOConfig
     /tmp/cccxcDip.s:2147   .text.HAL_RCC_MCOConfig:0000004c $d
     /tmp/cccxcDip.s:2152   .text.HAL_RCC_EnableCSS:00000000 $t
     /tmp/cccxcDip.s:2158   .text.HAL_RCC_EnableCSS:00000000 HAL_RCC_EnableCSS
     /tmp/cccxcDip.s:2199   .text.HAL_RCC_DisableCSS:00000000 $t
     /tmp/cccxcDip.s:2205   .text.HAL_RCC_DisableCSS:00000000 HAL_RCC_DisableCSS
     /tmp/cccxcDip.s:2246   .text.HAL_RCC_GetSysClockFreq:00000000 $t
     /tmp/cccxcDip.s:2252   .text.HAL_RCC_GetSysClockFreq:00000000 HAL_RCC_GetSysClockFreq
     /tmp/cccxcDip.s:2329   .text.HAL_RCC_GetSysClockFreq:00000044 $d
     /tmp/cccxcDip.s:3234   .rodata.aPLLMULFactorTable:00000000 aPLLMULFactorTable
     /tmp/cccxcDip.s:3227   .rodata.aPredivFactorTable:00000000 aPredivFactorTable
     /tmp/cccxcDip.s:2337   .text.HAL_RCC_ClockConfig:00000000 $t
     /tmp/cccxcDip.s:2343   .text.HAL_RCC_ClockConfig:00000000 HAL_RCC_ClockConfig
     /tmp/cccxcDip.s:2759   .text.HAL_RCC_ClockConfig:00000194 $d
     /tmp/cccxcDip.s:2768   .text.HAL_RCC_GetHCLKFreq:00000000 $t
     /tmp/cccxcDip.s:2774   .text.HAL_RCC_GetHCLKFreq:00000000 HAL_RCC_GetHCLKFreq
     /tmp/cccxcDip.s:2789   .text.HAL_RCC_GetHCLKFreq:00000008 $d
     /tmp/cccxcDip.s:2794   .text.HAL_RCC_GetPCLK1Freq:00000000 $t
     /tmp/cccxcDip.s:2800   .text.HAL_RCC_GetPCLK1Freq:00000000 HAL_RCC_GetPCLK1Freq
     /tmp/cccxcDip.s:2850   .text.HAL_RCC_GetPCLK1Freq:00000024 $d
     /tmp/cccxcDip.s:2856   .text.HAL_RCC_GetPCLK2Freq:00000000 $t
     /tmp/cccxcDip.s:2862   .text.HAL_RCC_GetPCLK2Freq:00000000 HAL_RCC_GetPCLK2Freq
     /tmp/cccxcDip.s:2912   .text.HAL_RCC_GetPCLK2Freq:00000024 $d
     /tmp/cccxcDip.s:2918   .text.HAL_RCC_GetOscConfig:00000000 $t
     /tmp/cccxcDip.s:2924   .text.HAL_RCC_GetOscConfig:00000000 HAL_RCC_GetOscConfig
     /tmp/cccxcDip.s:3087   .text.HAL_RCC_GetOscConfig:000000b0 $d
     /tmp/cccxcDip.s:3092   .text.HAL_RCC_GetClockConfig:00000000 $t
     /tmp/cccxcDip.s:3098   .text.HAL_RCC_GetClockConfig:00000000 HAL_RCC_GetClockConfig
     /tmp/cccxcDip.s:3155   .text.HAL_RCC_GetClockConfig:00000034 $d
     /tmp/cccxcDip.s:3161   .text.HAL_RCC_CSSCallback:00000000 $t
     /tmp/cccxcDip.s:3167   .text.HAL_RCC_CSSCallback:00000000 HAL_RCC_CSSCallback
     /tmp/cccxcDip.s:3180   .text.HAL_RCC_NMI_IRQHandler:00000000 $t
     /tmp/cccxcDip.s:3186   .text.HAL_RCC_NMI_IRQHandler:00000000 HAL_RCC_NMI_IRQHandler
     /tmp/cccxcDip.s:3219   .text.HAL_RCC_NMI_IRQHandler:0000001c $d
     /tmp/cccxcDip.s:3224   .rodata.aPredivFactorTable:00000000 $d
     /tmp/cccxcDip.s:3231   .rodata.aPLLMULFactorTable:00000000 $d

UNDEFINED SYMBOLS
HAL_GetTick
HAL_InitTick
SystemCoreClock
uwTickPrio
HAL_GPIO_Init
AHBPrescTable
ARM GAS  /tmp/cccxcDip.s 			page 107


APBPrescTable
