ARM GAS  /tmp/ccuJNwZC.s 			page 1


   1              		.cpu cortex-m4
   2              		.arch armv7e-m
   3              		.fpu fpv4-sp-d16
   4              		.eabi_attribute 27, 1
   5              		.eabi_attribute 28, 1
   6              		.eabi_attribute 20, 1
   7              		.eabi_attribute 21, 1
   8              		.eabi_attribute 23, 3
   9              		.eabi_attribute 24, 1
  10              		.eabi_attribute 25, 1
  11              		.eabi_attribute 26, 1
  12              		.eabi_attribute 30, 1
  13              		.eabi_attribute 34, 1
  14              		.eabi_attribute 18, 4
  15              		.file	"stm32f3xx_hal_comp.c"
  16              		.text
  17              	.Ltext0:
  18              		.cfi_sections	.debug_frame
  19              		.file 1 "Inc/STM32F3xx_HAL_Driver/Src/stm32f3xx_hal_comp.c"
  20              		.section	.text.HAL_COMP_MspInit,"ax",%progbits
  21              		.align	1
  22              		.weak	HAL_COMP_MspInit
  23              		.syntax unified
  24              		.thumb
  25              		.thumb_func
  27              	HAL_COMP_MspInit:
  28              	.LVL0:
  29              	.LFB132:
   1:Inc/STM32F3xx_HAL_Driver/Src/stm32f3xx_hal_comp.c **** /**
   2:Inc/STM32F3xx_HAL_Driver/Src/stm32f3xx_hal_comp.c ****   ******************************************************************************
   3:Inc/STM32F3xx_HAL_Driver/Src/stm32f3xx_hal_comp.c ****   * @file    stm32f3xx_hal_comp.c
   4:Inc/STM32F3xx_HAL_Driver/Src/stm32f3xx_hal_comp.c ****   * @author  MCD Application Team
   5:Inc/STM32F3xx_HAL_Driver/Src/stm32f3xx_hal_comp.c ****   * @brief   COMP HAL module driver.
   6:Inc/STM32F3xx_HAL_Driver/Src/stm32f3xx_hal_comp.c ****   *          This file provides firmware functions to manage the following
   7:Inc/STM32F3xx_HAL_Driver/Src/stm32f3xx_hal_comp.c ****   *          functionalities of the COMP peripheral:
   8:Inc/STM32F3xx_HAL_Driver/Src/stm32f3xx_hal_comp.c ****   *           + Initialization and de-initialization functions
   9:Inc/STM32F3xx_HAL_Driver/Src/stm32f3xx_hal_comp.c ****   *           + Peripheral Control functions
  10:Inc/STM32F3xx_HAL_Driver/Src/stm32f3xx_hal_comp.c ****   *           + Peripheral State functions
  11:Inc/STM32F3xx_HAL_Driver/Src/stm32f3xx_hal_comp.c ****   *
  12:Inc/STM32F3xx_HAL_Driver/Src/stm32f3xx_hal_comp.c ****   ******************************************************************************
  13:Inc/STM32F3xx_HAL_Driver/Src/stm32f3xx_hal_comp.c ****   * @attention
  14:Inc/STM32F3xx_HAL_Driver/Src/stm32f3xx_hal_comp.c ****   *
  15:Inc/STM32F3xx_HAL_Driver/Src/stm32f3xx_hal_comp.c ****   * Copyright (c) 2016 STMicroelectronics.
  16:Inc/STM32F3xx_HAL_Driver/Src/stm32f3xx_hal_comp.c ****   * All rights reserved.
  17:Inc/STM32F3xx_HAL_Driver/Src/stm32f3xx_hal_comp.c ****   *
  18:Inc/STM32F3xx_HAL_Driver/Src/stm32f3xx_hal_comp.c ****   * This software is licensed under terms that can be found in the LICENSE file
  19:Inc/STM32F3xx_HAL_Driver/Src/stm32f3xx_hal_comp.c ****   * in the root directory of this software component.
  20:Inc/STM32F3xx_HAL_Driver/Src/stm32f3xx_hal_comp.c ****   * If no LICENSE file comes with this software, it is provided AS-IS.
  21:Inc/STM32F3xx_HAL_Driver/Src/stm32f3xx_hal_comp.c ****   *
  22:Inc/STM32F3xx_HAL_Driver/Src/stm32f3xx_hal_comp.c ****   ******************************************************************************
  23:Inc/STM32F3xx_HAL_Driver/Src/stm32f3xx_hal_comp.c ****   @verbatim
  24:Inc/STM32F3xx_HAL_Driver/Src/stm32f3xx_hal_comp.c **** ================================================================================
  25:Inc/STM32F3xx_HAL_Driver/Src/stm32f3xx_hal_comp.c ****           ##### COMP Peripheral features #####
  26:Inc/STM32F3xx_HAL_Driver/Src/stm32f3xx_hal_comp.c **** ================================================================================
  27:Inc/STM32F3xx_HAL_Driver/Src/stm32f3xx_hal_comp.c **** 
  28:Inc/STM32F3xx_HAL_Driver/Src/stm32f3xx_hal_comp.c ****   [..]
  29:Inc/STM32F3xx_HAL_Driver/Src/stm32f3xx_hal_comp.c ****       The STM32F3xx device family integrates up to 7 analog comparators COMP1, COMP2...COMP7:
ARM GAS  /tmp/ccuJNwZC.s 			page 2


  30:Inc/STM32F3xx_HAL_Driver/Src/stm32f3xx_hal_comp.c ****       (#) The non inverting input and inverting input can be set to GPIO pins.
  31:Inc/STM32F3xx_HAL_Driver/Src/stm32f3xx_hal_comp.c ****           For STM32F3xx devices please refer to the COMP peripheral section in corresponding
  32:Inc/STM32F3xx_HAL_Driver/Src/stm32f3xx_hal_comp.c ****           Reference Manual.
  33:Inc/STM32F3xx_HAL_Driver/Src/stm32f3xx_hal_comp.c **** 
  34:Inc/STM32F3xx_HAL_Driver/Src/stm32f3xx_hal_comp.c ****       (#) The COMP output is available using HAL_COMP_GetOutputLevel()
  35:Inc/STM32F3xx_HAL_Driver/Src/stm32f3xx_hal_comp.c ****           and can be set on GPIO pins.
  36:Inc/STM32F3xx_HAL_Driver/Src/stm32f3xx_hal_comp.c ****           For STM32F3xx devices please refer to the COMP peripheral section in corresponding
  37:Inc/STM32F3xx_HAL_Driver/Src/stm32f3xx_hal_comp.c ****           Reference Manual.
  38:Inc/STM32F3xx_HAL_Driver/Src/stm32f3xx_hal_comp.c **** 
  39:Inc/STM32F3xx_HAL_Driver/Src/stm32f3xx_hal_comp.c ****       (#) The COMP output can be redirected to embedded timers (TIM1, TIM2, TIM3...).
  40:Inc/STM32F3xx_HAL_Driver/Src/stm32f3xx_hal_comp.c ****           For STM32F3xx devices please refer to the COMP peripheral section in corresponding
  41:Inc/STM32F3xx_HAL_Driver/Src/stm32f3xx_hal_comp.c ****           Reference Manual.
  42:Inc/STM32F3xx_HAL_Driver/Src/stm32f3xx_hal_comp.c **** 
  43:Inc/STM32F3xx_HAL_Driver/Src/stm32f3xx_hal_comp.c ****       (#) Each couple of comparators COMP1 and COMP2, COMP3 and COMP4, COMP5 and COMP6 can be combi
  44:Inc/STM32F3xx_HAL_Driver/Src/stm32f3xx_hal_comp.c ****           mode and respectively COMP1, COMP3 and COMP5 non inverting input is used as common non-in
  45:Inc/STM32F3xx_HAL_Driver/Src/stm32f3xx_hal_comp.c **** 
  46:Inc/STM32F3xx_HAL_Driver/Src/stm32f3xx_hal_comp.c ****       (#) The seven comparators have interrupt capability with wake-up
  47:Inc/STM32F3xx_HAL_Driver/Src/stm32f3xx_hal_comp.c ****           from Sleep and Stop modes (through the EXTI controller):
  48:Inc/STM32F3xx_HAL_Driver/Src/stm32f3xx_hal_comp.c ****           (++) COMP1 is internally connected to EXTI Line 21
  49:Inc/STM32F3xx_HAL_Driver/Src/stm32f3xx_hal_comp.c ****           (++) COMP2 is internally connected to EXTI Line 22
  50:Inc/STM32F3xx_HAL_Driver/Src/stm32f3xx_hal_comp.c ****           (++) COMP3 is internally connected to EXTI Line 29
  51:Inc/STM32F3xx_HAL_Driver/Src/stm32f3xx_hal_comp.c ****           (++) COMP4 is internally connected to EXTI Line 30
  52:Inc/STM32F3xx_HAL_Driver/Src/stm32f3xx_hal_comp.c ****           (++) COMP5 is internally connected to EXTI Line 31
  53:Inc/STM32F3xx_HAL_Driver/Src/stm32f3xx_hal_comp.c ****           (++) COMP6 is internally connected to EXTI Line 32
  54:Inc/STM32F3xx_HAL_Driver/Src/stm32f3xx_hal_comp.c ****           (++) COMP7 is internally connected to EXTI Line 33.
  55:Inc/STM32F3xx_HAL_Driver/Src/stm32f3xx_hal_comp.c **** 
  56:Inc/STM32F3xx_HAL_Driver/Src/stm32f3xx_hal_comp.c ****           From the corresponding IRQ handler, the right interrupt source can be retrieved with the
  57:Inc/STM32F3xx_HAL_Driver/Src/stm32f3xx_hal_comp.c ****           adequate macro __HAL_COMP_COMPx_EXTI_GET_FLAG().
  58:Inc/STM32F3xx_HAL_Driver/Src/stm32f3xx_hal_comp.c **** 
  59:Inc/STM32F3xx_HAL_Driver/Src/stm32f3xx_hal_comp.c **** 
  60:Inc/STM32F3xx_HAL_Driver/Src/stm32f3xx_hal_comp.c ****             ##### How to use this driver #####
  61:Inc/STM32F3xx_HAL_Driver/Src/stm32f3xx_hal_comp.c **** ================================================================================
  62:Inc/STM32F3xx_HAL_Driver/Src/stm32f3xx_hal_comp.c ****   [..]
  63:Inc/STM32F3xx_HAL_Driver/Src/stm32f3xx_hal_comp.c ****       This driver provides functions to configure and program the Comparators of all STM32F3xx devi
  64:Inc/STM32F3xx_HAL_Driver/Src/stm32f3xx_hal_comp.c **** 
  65:Inc/STM32F3xx_HAL_Driver/Src/stm32f3xx_hal_comp.c ****       To use the comparator, perform the following steps:
  66:Inc/STM32F3xx_HAL_Driver/Src/stm32f3xx_hal_comp.c **** 
  67:Inc/STM32F3xx_HAL_Driver/Src/stm32f3xx_hal_comp.c ****       (#) Fill in the HAL_COMP_MspInit() to
  68:Inc/STM32F3xx_HAL_Driver/Src/stm32f3xx_hal_comp.c ****       (++) Configure the comparator input in analog mode using HAL_GPIO_Init()
  69:Inc/STM32F3xx_HAL_Driver/Src/stm32f3xx_hal_comp.c ****       (++) Configure the comparator output in alternate function mode using HAL_GPIO_Init() to map 
  70:Inc/STM32F3xx_HAL_Driver/Src/stm32f3xx_hal_comp.c ****            output to the GPIO pin
  71:Inc/STM32F3xx_HAL_Driver/Src/stm32f3xx_hal_comp.c ****       (++) If required enable the COMP interrupt (EXTI line Interrupt): by configuring and enabling
  72:Inc/STM32F3xx_HAL_Driver/Src/stm32f3xx_hal_comp.c ****            selecting the desired sensitivity level using HAL_GPIO_Init() function. After that enabl
  73:Inc/STM32F3xx_HAL_Driver/Src/stm32f3xx_hal_comp.c ****            interrupt vector using HAL_NVIC_SetPriority() and HAL_NVIC_EnableIRQ() functions.
  74:Inc/STM32F3xx_HAL_Driver/Src/stm32f3xx_hal_comp.c **** 
  75:Inc/STM32F3xx_HAL_Driver/Src/stm32f3xx_hal_comp.c ****       (#) Configure the comparator using HAL_COMP_Init() function:
  76:Inc/STM32F3xx_HAL_Driver/Src/stm32f3xx_hal_comp.c ****       (++) Select the inverting input (input minus)
  77:Inc/STM32F3xx_HAL_Driver/Src/stm32f3xx_hal_comp.c ****       (++) Select the non-inverting input (input plus)
  78:Inc/STM32F3xx_HAL_Driver/Src/stm32f3xx_hal_comp.c ****       (++) Select the output polarity
  79:Inc/STM32F3xx_HAL_Driver/Src/stm32f3xx_hal_comp.c ****       (++) Select the output redirection
  80:Inc/STM32F3xx_HAL_Driver/Src/stm32f3xx_hal_comp.c ****       (++) Select the hysteresis level
  81:Inc/STM32F3xx_HAL_Driver/Src/stm32f3xx_hal_comp.c ****       (++) Select the power mode
  82:Inc/STM32F3xx_HAL_Driver/Src/stm32f3xx_hal_comp.c ****       (++) Select the event/interrupt mode
  83:Inc/STM32F3xx_HAL_Driver/Src/stm32f3xx_hal_comp.c **** 
  84:Inc/STM32F3xx_HAL_Driver/Src/stm32f3xx_hal_comp.c ****       -@@- HAL_COMP_Init() calls internally __HAL_RCC_SYSCFG_CLK_ENABLE() in order
  85:Inc/STM32F3xx_HAL_Driver/Src/stm32f3xx_hal_comp.c ****           to enable the comparator(s).
  86:Inc/STM32F3xx_HAL_Driver/Src/stm32f3xx_hal_comp.c **** 
ARM GAS  /tmp/ccuJNwZC.s 			page 3


  87:Inc/STM32F3xx_HAL_Driver/Src/stm32f3xx_hal_comp.c ****       (#) On-the-fly reconfiguration of comparator(s) may be done by calling again HAL_COMP_Init(
  88:Inc/STM32F3xx_HAL_Driver/Src/stm32f3xx_hal_comp.c ****           function with new input parameter values; HAL_COMP_MspInit() function shall be adapted
  89:Inc/STM32F3xx_HAL_Driver/Src/stm32f3xx_hal_comp.c ****           to support multi configurations.
  90:Inc/STM32F3xx_HAL_Driver/Src/stm32f3xx_hal_comp.c **** 
  91:Inc/STM32F3xx_HAL_Driver/Src/stm32f3xx_hal_comp.c ****       (#) Enable the comparator using HAL_COMP_Start() or HAL_COMP_Start_IT() functions.
  92:Inc/STM32F3xx_HAL_Driver/Src/stm32f3xx_hal_comp.c **** 
  93:Inc/STM32F3xx_HAL_Driver/Src/stm32f3xx_hal_comp.c ****       (#) Use HAL_COMP_TriggerCallback() and/or HAL_COMP_GetOutputLevel() functions
  94:Inc/STM32F3xx_HAL_Driver/Src/stm32f3xx_hal_comp.c ****           to manage comparator outputs (events and output level).
  95:Inc/STM32F3xx_HAL_Driver/Src/stm32f3xx_hal_comp.c **** 
  96:Inc/STM32F3xx_HAL_Driver/Src/stm32f3xx_hal_comp.c ****       (#) Disable the comparator using HAL_COMP_Stop() or HAL_COMP_Stop_IT()
  97:Inc/STM32F3xx_HAL_Driver/Src/stm32f3xx_hal_comp.c ****           function.
  98:Inc/STM32F3xx_HAL_Driver/Src/stm32f3xx_hal_comp.c **** 
  99:Inc/STM32F3xx_HAL_Driver/Src/stm32f3xx_hal_comp.c ****       (#) De-initialize the comparator using HAL_COMP_DeInit() function.
 100:Inc/STM32F3xx_HAL_Driver/Src/stm32f3xx_hal_comp.c **** 
 101:Inc/STM32F3xx_HAL_Driver/Src/stm32f3xx_hal_comp.c ****       (#) For safety purposes comparator(s) can be locked using HAL_COMP_Lock() function.
 102:Inc/STM32F3xx_HAL_Driver/Src/stm32f3xx_hal_comp.c ****           Only a MCU reset can reset that protection.
 103:Inc/STM32F3xx_HAL_Driver/Src/stm32f3xx_hal_comp.c **** 
 104:Inc/STM32F3xx_HAL_Driver/Src/stm32f3xx_hal_comp.c ****     *** Callback registration ***
 105:Inc/STM32F3xx_HAL_Driver/Src/stm32f3xx_hal_comp.c ****     =============================================
 106:Inc/STM32F3xx_HAL_Driver/Src/stm32f3xx_hal_comp.c ****     [..]
 107:Inc/STM32F3xx_HAL_Driver/Src/stm32f3xx_hal_comp.c **** 
 108:Inc/STM32F3xx_HAL_Driver/Src/stm32f3xx_hal_comp.c ****      The compilation flag USE_HAL_COMP_REGISTER_CALLBACKS, when set to 1,
 109:Inc/STM32F3xx_HAL_Driver/Src/stm32f3xx_hal_comp.c ****      allows the user to configure dynamically the driver callbacks.
 110:Inc/STM32F3xx_HAL_Driver/Src/stm32f3xx_hal_comp.c ****      Use Functions HAL_COMP_RegisterCallback()
 111:Inc/STM32F3xx_HAL_Driver/Src/stm32f3xx_hal_comp.c ****      to register an interrupt callback.
 112:Inc/STM32F3xx_HAL_Driver/Src/stm32f3xx_hal_comp.c ****     [..]
 113:Inc/STM32F3xx_HAL_Driver/Src/stm32f3xx_hal_comp.c **** 
 114:Inc/STM32F3xx_HAL_Driver/Src/stm32f3xx_hal_comp.c ****      Function HAL_COMP_RegisterCallback() allows to register following callbacks:
 115:Inc/STM32F3xx_HAL_Driver/Src/stm32f3xx_hal_comp.c ****        (+) OperationCpltCallback : callback for End of operation.
 116:Inc/STM32F3xx_HAL_Driver/Src/stm32f3xx_hal_comp.c ****        (+) ErrorCallback         : callback for error detection.
 117:Inc/STM32F3xx_HAL_Driver/Src/stm32f3xx_hal_comp.c ****        (+) MspInitCallback       : callback for Msp Init.
 118:Inc/STM32F3xx_HAL_Driver/Src/stm32f3xx_hal_comp.c ****        (+) MspDeInitCallback     : callback for Msp DeInit.
 119:Inc/STM32F3xx_HAL_Driver/Src/stm32f3xx_hal_comp.c ****      This function takes as parameters the HAL peripheral handle, the Callback ID
 120:Inc/STM32F3xx_HAL_Driver/Src/stm32f3xx_hal_comp.c ****      and a pointer to the user callback function.
 121:Inc/STM32F3xx_HAL_Driver/Src/stm32f3xx_hal_comp.c ****     [..]
 122:Inc/STM32F3xx_HAL_Driver/Src/stm32f3xx_hal_comp.c **** 
 123:Inc/STM32F3xx_HAL_Driver/Src/stm32f3xx_hal_comp.c ****      Use function HAL_COMP_UnRegisterCallback to reset a callback to the default
 124:Inc/STM32F3xx_HAL_Driver/Src/stm32f3xx_hal_comp.c ****      weak function.
 125:Inc/STM32F3xx_HAL_Driver/Src/stm32f3xx_hal_comp.c ****     [..]
 126:Inc/STM32F3xx_HAL_Driver/Src/stm32f3xx_hal_comp.c **** 
 127:Inc/STM32F3xx_HAL_Driver/Src/stm32f3xx_hal_comp.c ****      HAL_COMP_UnRegisterCallback takes as parameters the HAL peripheral handle,
 128:Inc/STM32F3xx_HAL_Driver/Src/stm32f3xx_hal_comp.c ****      and the Callback ID.
 129:Inc/STM32F3xx_HAL_Driver/Src/stm32f3xx_hal_comp.c ****      This function allows to reset following callbacks:
 130:Inc/STM32F3xx_HAL_Driver/Src/stm32f3xx_hal_comp.c ****        (+) OperationCpltCallback : callback for End of operation.
 131:Inc/STM32F3xx_HAL_Driver/Src/stm32f3xx_hal_comp.c ****        (+) ErrorCallback         : callback for error detection.
 132:Inc/STM32F3xx_HAL_Driver/Src/stm32f3xx_hal_comp.c ****        (+) MspInitCallback       : callback for Msp Init.
 133:Inc/STM32F3xx_HAL_Driver/Src/stm32f3xx_hal_comp.c ****        (+) MspDeInitCallback     : callback for Msp DeInit.
 134:Inc/STM32F3xx_HAL_Driver/Src/stm32f3xx_hal_comp.c ****      [..]
 135:Inc/STM32F3xx_HAL_Driver/Src/stm32f3xx_hal_comp.c **** 
 136:Inc/STM32F3xx_HAL_Driver/Src/stm32f3xx_hal_comp.c ****      By default, after the HAL_COMP_Init() and when the state is HAL_COMP_STATE_RESET
 137:Inc/STM32F3xx_HAL_Driver/Src/stm32f3xx_hal_comp.c ****      all callbacks are set to the corresponding weak functions:
 138:Inc/STM32F3xx_HAL_Driver/Src/stm32f3xx_hal_comp.c ****      examples HAL_COMP_OperationCpltCallback(), HAL_COMP_ErrorCallback().
 139:Inc/STM32F3xx_HAL_Driver/Src/stm32f3xx_hal_comp.c ****      Exception done for MspInit and MspDeInit functions that are
 140:Inc/STM32F3xx_HAL_Driver/Src/stm32f3xx_hal_comp.c ****      reset to the legacy weak functions in the HAL_COMP_Init()/ HAL_COMP_DeInit() only when
 141:Inc/STM32F3xx_HAL_Driver/Src/stm32f3xx_hal_comp.c ****      these callbacks are null (not registered beforehand).
 142:Inc/STM32F3xx_HAL_Driver/Src/stm32f3xx_hal_comp.c ****     [..]
 143:Inc/STM32F3xx_HAL_Driver/Src/stm32f3xx_hal_comp.c **** 
ARM GAS  /tmp/ccuJNwZC.s 			page 4


 144:Inc/STM32F3xx_HAL_Driver/Src/stm32f3xx_hal_comp.c ****      If MspInit or MspDeInit are not null, the HAL_COMP_Init()/ HAL_COMP_DeInit()
 145:Inc/STM32F3xx_HAL_Driver/Src/stm32f3xx_hal_comp.c ****      keep and use the user MspInit/MspDeInit callbacks (registered beforehand) whatever the state.
 146:Inc/STM32F3xx_HAL_Driver/Src/stm32f3xx_hal_comp.c ****      [..]
 147:Inc/STM32F3xx_HAL_Driver/Src/stm32f3xx_hal_comp.c **** 
 148:Inc/STM32F3xx_HAL_Driver/Src/stm32f3xx_hal_comp.c ****      Callbacks can be registered/unregistered in HAL_COMP_STATE_READY state only.
 149:Inc/STM32F3xx_HAL_Driver/Src/stm32f3xx_hal_comp.c ****      Exception done MspInit/MspDeInit functions that can be registered/unregistered
 150:Inc/STM32F3xx_HAL_Driver/Src/stm32f3xx_hal_comp.c ****      in HAL_COMP_STATE_READY or HAL_COMP_STATE_RESET state,
 151:Inc/STM32F3xx_HAL_Driver/Src/stm32f3xx_hal_comp.c ****      thus registered (user) MspInit/DeInit callbacks can be used during the Init/DeInit.
 152:Inc/STM32F3xx_HAL_Driver/Src/stm32f3xx_hal_comp.c ****     [..]
 153:Inc/STM32F3xx_HAL_Driver/Src/stm32f3xx_hal_comp.c **** 
 154:Inc/STM32F3xx_HAL_Driver/Src/stm32f3xx_hal_comp.c ****      Then, the user first registers the MspInit/MspDeInit user callbacks
 155:Inc/STM32F3xx_HAL_Driver/Src/stm32f3xx_hal_comp.c ****      using HAL_COMP_RegisterCallback() before calling HAL_COMP_DeInit()
 156:Inc/STM32F3xx_HAL_Driver/Src/stm32f3xx_hal_comp.c ****      or HAL_COMP_Init() function.
 157:Inc/STM32F3xx_HAL_Driver/Src/stm32f3xx_hal_comp.c ****      [..]
 158:Inc/STM32F3xx_HAL_Driver/Src/stm32f3xx_hal_comp.c **** 
 159:Inc/STM32F3xx_HAL_Driver/Src/stm32f3xx_hal_comp.c ****      When the compilation flag USE_HAL_COMP_REGISTER_CALLBACKS is set to 0 or
 160:Inc/STM32F3xx_HAL_Driver/Src/stm32f3xx_hal_comp.c ****      not defined, the callback registration feature is not available and all callbacks
 161:Inc/STM32F3xx_HAL_Driver/Src/stm32f3xx_hal_comp.c ****      are set to the corresponding weak functions.
 162:Inc/STM32F3xx_HAL_Driver/Src/stm32f3xx_hal_comp.c **** 
 163:Inc/STM32F3xx_HAL_Driver/Src/stm32f3xx_hal_comp.c ****   ******************************************************************************
 164:Inc/STM32F3xx_HAL_Driver/Src/stm32f3xx_hal_comp.c ****   */
 165:Inc/STM32F3xx_HAL_Driver/Src/stm32f3xx_hal_comp.c **** 
 166:Inc/STM32F3xx_HAL_Driver/Src/stm32f3xx_hal_comp.c **** /*
 167:Inc/STM32F3xx_HAL_Driver/Src/stm32f3xx_hal_comp.c ****   Additional Tables:
 168:Inc/STM32F3xx_HAL_Driver/Src/stm32f3xx_hal_comp.c **** 
 169:Inc/STM32F3xx_HAL_Driver/Src/stm32f3xx_hal_comp.c ****     Table 1. COMP Inputs for the STM32F303xB/STM32F303xC/STM32F303xE devices
 170:Inc/STM32F3xx_HAL_Driver/Src/stm32f3xx_hal_comp.c ****     +------------------------------------------------------------------------------------------+
 171:Inc/STM32F3xx_HAL_Driver/Src/stm32f3xx_hal_comp.c ****     |                 |                | COMP1 | COMP2 | COMP3 | COMP4 | COMP5 | COMP6 | COMP7 |
 172:Inc/STM32F3xx_HAL_Driver/Src/stm32f3xx_hal_comp.c ****     |-----------------|----------------|---------------|---------------------------------------|
 173:Inc/STM32F3xx_HAL_Driver/Src/stm32f3xx_hal_comp.c ****     |                 | 1U/4 VREFINT    |  OK   |  OK   |  OK   |  OK   |  OK   |  OK   |  OK   |
 174:Inc/STM32F3xx_HAL_Driver/Src/stm32f3xx_hal_comp.c ****     |                 | 1U/2 VREFINT    |  OK   |  OK   |  OK   |  OK   |  OK   |  OK   |  OK   |
 175:Inc/STM32F3xx_HAL_Driver/Src/stm32f3xx_hal_comp.c ****     |                 | 3U/4 VREFINT    |  OK   |  OK   |  OK   |  OK   |  OK   |  OK   |  OK   |
 176:Inc/STM32F3xx_HAL_Driver/Src/stm32f3xx_hal_comp.c ****     | Inverting Input | VREFINT        |  OK   |  OK   |  OK   |  OK   |  OK   |  OK   |  OK   |
 177:Inc/STM32F3xx_HAL_Driver/Src/stm32f3xx_hal_comp.c ****     |                 | DAC1 OUT (PA4) |  OK   |  OK   |  OK   |  OK   |  OK   |  OK   |  OK   |
 178:Inc/STM32F3xx_HAL_Driver/Src/stm32f3xx_hal_comp.c ****     |                 | DAC2 OUT (PA5) |  OK   |  OK   |  OK   |  OK   |  OK   |  OK   |  OK   |
 179:Inc/STM32F3xx_HAL_Driver/Src/stm32f3xx_hal_comp.c ****     |                 | IO1            |  PA0  |  PA2  |  PD15U |  PE8  |  PD13U |  PD10U |  PC0  |
 180:Inc/STM32F3xx_HAL_Driver/Src/stm32f3xx_hal_comp.c ****     |                 | IO2            |  ---  |  ---  |  PB12U |  PB2  |  PB10U |  PB15U |  ---  |
 181:Inc/STM32F3xx_HAL_Driver/Src/stm32f3xx_hal_comp.c ****     |-----------------|----------------|-------|-------|-------|-------|-------|-------|-------|
 182:Inc/STM32F3xx_HAL_Driver/Src/stm32f3xx_hal_comp.c ****     |  Non Inverting  | IO1            |  PA1  |  PA7  |  PB14U |  PB0  |  PD12U |  PD11U |  PA0  |
 183:Inc/STM32F3xx_HAL_Driver/Src/stm32f3xx_hal_comp.c ****     |    Input        | IO2            |  ---  |  PA3  |  PD14U |  PE7  |  PB13U |  PB11U |  PC1  |
 184:Inc/STM32F3xx_HAL_Driver/Src/stm32f3xx_hal_comp.c ****     +------------------------------------------------------------------------------------------+
 185:Inc/STM32F3xx_HAL_Driver/Src/stm32f3xx_hal_comp.c **** 
 186:Inc/STM32F3xx_HAL_Driver/Src/stm32f3xx_hal_comp.c ****     Table 2. COMP Outputs for the STM32F303xB/STM32F303xC/STM32F303xE devices
 187:Inc/STM32F3xx_HAL_Driver/Src/stm32f3xx_hal_comp.c ****     +-------------------------------------------------------+
 188:Inc/STM32F3xx_HAL_Driver/Src/stm32f3xx_hal_comp.c ****     | COMP1 | COMP2 | COMP3 | COMP4 | COMP5 | COMP6 | COMP7 |
 189:Inc/STM32F3xx_HAL_Driver/Src/stm32f3xx_hal_comp.c ****     |-------|-------|-------|-------|-------|-------|-------|
 190:Inc/STM32F3xx_HAL_Driver/Src/stm32f3xx_hal_comp.c ****     |  PA0  |  PA2  |  PB1  |  PC8  |  PC7  |  PA10U |  PC2  |
 191:Inc/STM32F3xx_HAL_Driver/Src/stm32f3xx_hal_comp.c ****     |  PF4  |  PA7  |  ---  |  PA8  |  PA9  |  PC6  |  ---  |
 192:Inc/STM32F3xx_HAL_Driver/Src/stm32f3xx_hal_comp.c ****     |  PA6  |  PA12U |  ---  |  ---  |  ---  |  ---  |  ---  |
 193:Inc/STM32F3xx_HAL_Driver/Src/stm32f3xx_hal_comp.c ****     |  PA11U |  PB9  |  ---  |  ---  |  ---  |  ---  |  ---  |
 194:Inc/STM32F3xx_HAL_Driver/Src/stm32f3xx_hal_comp.c ****     |  PB8  |  ---  |  ---  |  ---  |  ---  |  ---  |  ---  |
 195:Inc/STM32F3xx_HAL_Driver/Src/stm32f3xx_hal_comp.c ****     +-------------------------------------------------------+
 196:Inc/STM32F3xx_HAL_Driver/Src/stm32f3xx_hal_comp.c **** 
 197:Inc/STM32F3xx_HAL_Driver/Src/stm32f3xx_hal_comp.c ****     Table 3. COMP Outputs redirection to embedded timers for the STM32F303xB/STM32F303xC devices
 198:Inc/STM32F3xx_HAL_Driver/Src/stm32f3xx_hal_comp.c ****     +----------------------------------------------------------------------------------------------
 199:Inc/STM32F3xx_HAL_Driver/Src/stm32f3xx_hal_comp.c ****     |     COMP1      |     COMP2      |     COMP3      |     COMP4      |     COMP5      |     COMP
 200:Inc/STM32F3xx_HAL_Driver/Src/stm32f3xx_hal_comp.c ****     |----------------|----------------|----------------|----------------|----------------|---------
ARM GAS  /tmp/ccuJNwZC.s 			page 5


 201:Inc/STM32F3xx_HAL_Driver/Src/stm32f3xx_hal_comp.c ****     |  TIM1 BKIN     |  TIM1 BKIN     |  TIM1 BKIN     |  TIM1 BKIN     |  TIM1 BKIN     |  TIM1 BK
 202:Inc/STM32F3xx_HAL_Driver/Src/stm32f3xx_hal_comp.c ****     |                |                |                |                |                |         
 203:Inc/STM32F3xx_HAL_Driver/Src/stm32f3xx_hal_comp.c ****     |  TIM1 BKIN2    |  TIM1 BKIN2    |  TIM1 BKIN2    |  TIM1 BKIN2    |  TIM1 BKIN2    |  TIM1 BK
 204:Inc/STM32F3xx_HAL_Driver/Src/stm32f3xx_hal_comp.c ****     |                |                |                |                |                |         
 205:Inc/STM32F3xx_HAL_Driver/Src/stm32f3xx_hal_comp.c ****     |  TIM8 BKIN     |  TIM8 BKIN     |  TIM8 BKIN     |  TIM8 BKIN     |  TIM8 BKIN     |  TIM8 BK
 206:Inc/STM32F3xx_HAL_Driver/Src/stm32f3xx_hal_comp.c ****     |                |                |                |                |                |         
 207:Inc/STM32F3xx_HAL_Driver/Src/stm32f3xx_hal_comp.c ****     |  TIM8 BKIN2    |  TIM8 BKIN2    |  TIM8 BKIN2    |  TIM8 BKIN2    |  TIM8 BKIN2    |  TIM8 BK
 208:Inc/STM32F3xx_HAL_Driver/Src/stm32f3xx_hal_comp.c ****     |                |                |                |                |                |         
 209:Inc/STM32F3xx_HAL_Driver/Src/stm32f3xx_hal_comp.c ****     |  TIM1 BKIN2    |  TIM1 BKIN2    |  TIM1 BKIN2    |  TIM1 BKIN2    |  TIM1 BKIN2    |  TIM1 BK
 210:Inc/STM32F3xx_HAL_Driver/Src/stm32f3xx_hal_comp.c ****     |     +          |     +          |     +          |     +          |     +          |     +   
 211:Inc/STM32F3xx_HAL_Driver/Src/stm32f3xx_hal_comp.c ****     |  TIM8BKIN2     |  TIM8BKIN2     |  TIM8BKIN2     |  TIM8BKIN2     |  TIM8BKIN2     |  TIM8BKI
 212:Inc/STM32F3xx_HAL_Driver/Src/stm32f3xx_hal_comp.c ****     |                |                |                |                |                |         
 213:Inc/STM32F3xx_HAL_Driver/Src/stm32f3xx_hal_comp.c ****     |  TIM1 OCREFCLR |  TIM1 OCREFCLR |  TIM1 OCREFCLR |  TIM8 OCREFCLR |  TIM8 OCREFCLR |  TIM8 OC
 214:Inc/STM32F3xx_HAL_Driver/Src/stm32f3xx_hal_comp.c ****     |                |                |                |                |                |         
 215:Inc/STM32F3xx_HAL_Driver/Src/stm32f3xx_hal_comp.c ****     |  TIM1 IC1      |  TIM1 IC1      |  TIM2 OCREFCLR |  TIM3 IC3      |  TIM2 IC1      |  TIM2 IC
 216:Inc/STM32F3xx_HAL_Driver/Src/stm32f3xx_hal_comp.c ****     |                |                |                |                |                |         
 217:Inc/STM32F3xx_HAL_Driver/Src/stm32f3xx_hal_comp.c ****     |  TIM2 IC4      |  TIM2 IC4      |  TIM3 IC2      |  TIM3 OCREFCLR |  TIM3 OCREFCLR |  TIM2 OC
 218:Inc/STM32F3xx_HAL_Driver/Src/stm32f3xx_hal_comp.c ****     |                |                |                |                |                |         
 219:Inc/STM32F3xx_HAL_Driver/Src/stm32f3xx_hal_comp.c ****     |  TIM2 OCREFCLR |  TIM2 OCREFCLR |  TIM4 IC1      |  TIM4 IC2      |  TIM4 IC3      |  TIM16 O
 220:Inc/STM32F3xx_HAL_Driver/Src/stm32f3xx_hal_comp.c ****     |                |                |                |                |                |         
 221:Inc/STM32F3xx_HAL_Driver/Src/stm32f3xx_hal_comp.c ****     |  TIM3 IC1      |  TIM3 IC1      |  TIM15 IC1     |  TIM15 OCREFCLR|  TIM16 BKIN    |  TIM16 I
 222:Inc/STM32F3xx_HAL_Driver/Src/stm32f3xx_hal_comp.c ****     |                |                |                |                |                |         
 223:Inc/STM32F3xx_HAL_Driver/Src/stm32f3xx_hal_comp.c ****     |  TIM3 OCREFCLR |  TIM3 OCREFCLR |  TIM15 BKIN    |  TIM15 IC2     |  TIM17 IC1     |  TIM4 IC
 224:Inc/STM32F3xx_HAL_Driver/Src/stm32f3xx_hal_comp.c ****     +----------------------------------------------------------------------------------------------
 225:Inc/STM32F3xx_HAL_Driver/Src/stm32f3xx_hal_comp.c **** 
 226:Inc/STM32F3xx_HAL_Driver/Src/stm32f3xx_hal_comp.c ****     Table 4. COMP Outputs redirection to embedded timers for the STM32F303xE devices
 227:Inc/STM32F3xx_HAL_Driver/Src/stm32f3xx_hal_comp.c ****     +----------------------------------------------------------------------------------------------
 228:Inc/STM32F3xx_HAL_Driver/Src/stm32f3xx_hal_comp.c ****     |     COMP1      |     COMP2      |     COMP3      |     COMP4      |     COMP5      |     COMP
 229:Inc/STM32F3xx_HAL_Driver/Src/stm32f3xx_hal_comp.c ****     |----------------|----------------|----------------|----------------|----------------|---------
 230:Inc/STM32F3xx_HAL_Driver/Src/stm32f3xx_hal_comp.c ****     |  TIM1 BKIN     |  TIM1 BKIN     |  TIM1 BKIN     |  TIM1 BKIN (1U) |  TIM1 BKIN     |  TIM1 B
 231:Inc/STM32F3xx_HAL_Driver/Src/stm32f3xx_hal_comp.c ****     |                |                |                |                |                |         
 232:Inc/STM32F3xx_HAL_Driver/Src/stm32f3xx_hal_comp.c ****     |  TIM1 BKIN2    |  TIM1 BKIN2    |  TIM1 BKIN2    |  TIM1 BKIN2    |  TIM1 BKIN2    |  TIM1 BK
 233:Inc/STM32F3xx_HAL_Driver/Src/stm32f3xx_hal_comp.c ****     |                |                |                |                |                |         
 234:Inc/STM32F3xx_HAL_Driver/Src/stm32f3xx_hal_comp.c ****     |  TIM8 BKIN     |  TIM8 BKIN     |  TIM8 BKIN     |  TIM8 BKIN (1U) |  TIM8 BKIN     |  TIM8 B
 235:Inc/STM32F3xx_HAL_Driver/Src/stm32f3xx_hal_comp.c ****     |                |                |                |                |                |         
 236:Inc/STM32F3xx_HAL_Driver/Src/stm32f3xx_hal_comp.c ****     |  TIM8 BKIN2    |  TIM8 BKIN2    |  TIM8 BKIN2    |  TIM8 BKIN2    |  TIM8 BKIN2    |  TIM8 BK
 237:Inc/STM32F3xx_HAL_Driver/Src/stm32f3xx_hal_comp.c ****     |                |                |                |                |                |         
 238:Inc/STM32F3xx_HAL_Driver/Src/stm32f3xx_hal_comp.c ****     |  TIM1 BKIN2    |  TIM1 BKIN2    |  TIM1 BKIN2    |  TIM1 BKIN2    |  TIM1 BKIN2    |  TIM1 BK
 239:Inc/STM32F3xx_HAL_Driver/Src/stm32f3xx_hal_comp.c ****     |     +          |     +          |     +          |     +          |     +          |     +   
 240:Inc/STM32F3xx_HAL_Driver/Src/stm32f3xx_hal_comp.c ****     |  TIM8BKIN2     |  TIM8BKIN2     |  TIM8BKIN2     |  TIM8BKIN2     |  TIM8BKIN2     |  TIM8BKI
 241:Inc/STM32F3xx_HAL_Driver/Src/stm32f3xx_hal_comp.c ****     |                |                |                |                |                |         
 242:Inc/STM32F3xx_HAL_Driver/Src/stm32f3xx_hal_comp.c ****     |  TIM1 OCREFCLR |  TIM1 OCREFCLR |  TIM1 OCREFCLR |  TIM8 OCREFCLR |  TIM8 OCREFCLR |  TIM8 OC
 243:Inc/STM32F3xx_HAL_Driver/Src/stm32f3xx_hal_comp.c ****     |                |                |                |                |                |         
 244:Inc/STM32F3xx_HAL_Driver/Src/stm32f3xx_hal_comp.c ****     |  TIM1 IC1      |  TIM1 IC1      |  TIM2 OCREFCLR |  TIM3 IC3      |  TIM2 IC1      |  TIM2 IC
 245:Inc/STM32F3xx_HAL_Driver/Src/stm32f3xx_hal_comp.c ****     |                |                |                |                |                |         
 246:Inc/STM32F3xx_HAL_Driver/Src/stm32f3xx_hal_comp.c ****     |  TIM2 IC4      |  TIM2 IC4      |  TIM3 IC2      |  TIM3 OCREFCLR |  TIM3 OCREFCLR |  TIM2 OC
 247:Inc/STM32F3xx_HAL_Driver/Src/stm32f3xx_hal_comp.c ****     |                |                |                |                |                |         
 248:Inc/STM32F3xx_HAL_Driver/Src/stm32f3xx_hal_comp.c ****     |  TIM2 OCREFCLR |  TIM2 OCREFCLR |  TIM4 IC1      |  TIM4 IC2      |  TIM4 IC3      |  TIM16 O
 249:Inc/STM32F3xx_HAL_Driver/Src/stm32f3xx_hal_comp.c ****     |                |                |                |                |                |         
 250:Inc/STM32F3xx_HAL_Driver/Src/stm32f3xx_hal_comp.c ****     |  TIM3 IC1      |  TIM3 IC1      |  TIM15 IC1     |  TIM15 OCREFCLR|  TIM16 BKIN    |  TIM16 I
 251:Inc/STM32F3xx_HAL_Driver/Src/stm32f3xx_hal_comp.c ****     |                |                |                |                |                |         
 252:Inc/STM32F3xx_HAL_Driver/Src/stm32f3xx_hal_comp.c ****     |  TIM3 OCREFCLR |  TIM3 OCREFCLR |  TIM15 BKIN    |  TIM15 IC2     |  TIM17 IC1     |  TIM4 IC
 253:Inc/STM32F3xx_HAL_Driver/Src/stm32f3xx_hal_comp.c ****     |                |                |                |                |                |         
 254:Inc/STM32F3xx_HAL_Driver/Src/stm32f3xx_hal_comp.c ****     |  TIM20 BKIN    |  TIM20 BKIN    |  TIM20 BKIN    |  TIM20 BKIN (1U)|  TIM20 BKIN    |  TIM20 
 255:Inc/STM32F3xx_HAL_Driver/Src/stm32f3xx_hal_comp.c ****     |                |                |                |                |                |         
 256:Inc/STM32F3xx_HAL_Driver/Src/stm32f3xx_hal_comp.c ****     |  TIM20 BKIN2   |  TIM20 BKIN2   |  TIM20 BKIN2   |  TIM20 BKIN2   |  TIM20 BKIN2   |  TIM20 B
 257:Inc/STM32F3xx_HAL_Driver/Src/stm32f3xx_hal_comp.c ****     |                |                |                |                |                |         
ARM GAS  /tmp/ccuJNwZC.s 			page 6


 258:Inc/STM32F3xx_HAL_Driver/Src/stm32f3xx_hal_comp.c ****     |  TIM1 BKIN2    |  TIM1 BKIN2    |  TIM1 BKIN2    |  TIM1 BKIN2    |  TIM1 BKIN2    |  TIM1 BK
 259:Inc/STM32F3xx_HAL_Driver/Src/stm32f3xx_hal_comp.c ****     |     +          |     +          |     +          |     +          |     +          |     +   
 260:Inc/STM32F3xx_HAL_Driver/Src/stm32f3xx_hal_comp.c ****     |  TIM8 BKIN2    |  TIM8 BKIN2    |  TIM8 BKIN2    |  TIM8 BKIN2    |  TIM8 BKIN2    |  TIM8 BK
 261:Inc/STM32F3xx_HAL_Driver/Src/stm32f3xx_hal_comp.c ****     |     +          |     +          |     +          |     +          |     +          |     +   
 262:Inc/STM32F3xx_HAL_Driver/Src/stm32f3xx_hal_comp.c ****     |  TIM20 BKIN2   |  TIM20 BKIN2   |  TIM20 BKIN2   |  TIM20 BKIN2   |  TIM20 BKIN2   |  TIM20 B
 263:Inc/STM32F3xx_HAL_Driver/Src/stm32f3xx_hal_comp.c ****     |                |                |                |                |                |         
 264:Inc/STM32F3xx_HAL_Driver/Src/stm32f3xx_hal_comp.c ****     +----------------------------------------------------------------------------------------------
 265:Inc/STM32F3xx_HAL_Driver/Src/stm32f3xx_hal_comp.c ****     (1U):  This connection consists of connecting both GPIO and COMP output to TIM1/8U/20 BRK input
 266:Inc/STM32F3xx_HAL_Driver/Src/stm32f3xx_hal_comp.c ****           of connecting the GPIO to the TIM1/8U/20 BRK input and the COMP output to the TIM1/8U/20 
 267:Inc/STM32F3xx_HAL_Driver/Src/stm32f3xx_hal_comp.c ****           add a digital filter (3  bits) on the COMP output.
 268:Inc/STM32F3xx_HAL_Driver/Src/stm32f3xx_hal_comp.c **** 
 269:Inc/STM32F3xx_HAL_Driver/Src/stm32f3xx_hal_comp.c ****     Table 5. COMP Outputs blanking sources for the STM32F303xB/STM32F303xC/STM32F303xE devices
 270:Inc/STM32F3xx_HAL_Driver/Src/stm32f3xx_hal_comp.c ****     +----------------------------------------------------------------------------------------------
 271:Inc/STM32F3xx_HAL_Driver/Src/stm32f3xx_hal_comp.c ****     |     COMP1      |     COMP2      |     COMP3      |     COMP4      |     COMP5      |     COMP
 272:Inc/STM32F3xx_HAL_Driver/Src/stm32f3xx_hal_comp.c ****     |----------------|----------------|----------------|----------------|----------------|---------
 273:Inc/STM32F3xx_HAL_Driver/Src/stm32f3xx_hal_comp.c ****     |  TIM1 OC5      |  TIM1 OC5      |  TIM1 OC5      |  TIM3 OC4      |  --------      |  TIM8 OC
 274:Inc/STM32F3xx_HAL_Driver/Src/stm32f3xx_hal_comp.c ****     |                |                |                |                |                |         
 275:Inc/STM32F3xx_HAL_Driver/Src/stm32f3xx_hal_comp.c ****     |  TIM2 OC3      |  TIM2 OC3      |  --------      |  TIM8 OC5      |  TIM3 OC3      |  TIM2 OC
 276:Inc/STM32F3xx_HAL_Driver/Src/stm32f3xx_hal_comp.c ****     |                |                |                |                |                |         
 277:Inc/STM32F3xx_HAL_Driver/Src/stm32f3xx_hal_comp.c ****     |  TIM3 OC3      |  TIM3 OC3      |  TIM2 OC4      |  TIM15 OC1     |  TIM8 OC5      |  TIM15 O
 278:Inc/STM32F3xx_HAL_Driver/Src/stm32f3xx_hal_comp.c ****     |                |                |                |                |                |         
 279:Inc/STM32F3xx_HAL_Driver/Src/stm32f3xx_hal_comp.c ****     +----------------------------------------------------------------------------------------------
 280:Inc/STM32F3xx_HAL_Driver/Src/stm32f3xx_hal_comp.c **** 
 281:Inc/STM32F3xx_HAL_Driver/Src/stm32f3xx_hal_comp.c **** */
 282:Inc/STM32F3xx_HAL_Driver/Src/stm32f3xx_hal_comp.c **** 
 283:Inc/STM32F3xx_HAL_Driver/Src/stm32f3xx_hal_comp.c **** /* Includes ------------------------------------------------------------------*/
 284:Inc/STM32F3xx_HAL_Driver/Src/stm32f3xx_hal_comp.c **** #include "stm32f3xx_hal.h"
 285:Inc/STM32F3xx_HAL_Driver/Src/stm32f3xx_hal_comp.c **** 
 286:Inc/STM32F3xx_HAL_Driver/Src/stm32f3xx_hal_comp.c **** /** @addtogroup STM32F3xx_HAL_Driver
 287:Inc/STM32F3xx_HAL_Driver/Src/stm32f3xx_hal_comp.c ****   * @{
 288:Inc/STM32F3xx_HAL_Driver/Src/stm32f3xx_hal_comp.c ****   */
 289:Inc/STM32F3xx_HAL_Driver/Src/stm32f3xx_hal_comp.c **** 
 290:Inc/STM32F3xx_HAL_Driver/Src/stm32f3xx_hal_comp.c **** /** @defgroup COMP COMP
 291:Inc/STM32F3xx_HAL_Driver/Src/stm32f3xx_hal_comp.c ****   * @brief COMP HAL module driver
 292:Inc/STM32F3xx_HAL_Driver/Src/stm32f3xx_hal_comp.c ****   * @{
 293:Inc/STM32F3xx_HAL_Driver/Src/stm32f3xx_hal_comp.c ****   */
 294:Inc/STM32F3xx_HAL_Driver/Src/stm32f3xx_hal_comp.c **** 
 295:Inc/STM32F3xx_HAL_Driver/Src/stm32f3xx_hal_comp.c **** #ifdef HAL_COMP_MODULE_ENABLED
 296:Inc/STM32F3xx_HAL_Driver/Src/stm32f3xx_hal_comp.c **** 
 297:Inc/STM32F3xx_HAL_Driver/Src/stm32f3xx_hal_comp.c **** /* Private typedef -----------------------------------------------------------*/
 298:Inc/STM32F3xx_HAL_Driver/Src/stm32f3xx_hal_comp.c **** /* Private define ------------------------------------------------------------*/
 299:Inc/STM32F3xx_HAL_Driver/Src/stm32f3xx_hal_comp.c **** /** @defgroup COMP_Private_Constants COMP Private Constants
 300:Inc/STM32F3xx_HAL_Driver/Src/stm32f3xx_hal_comp.c ****   * @{
 301:Inc/STM32F3xx_HAL_Driver/Src/stm32f3xx_hal_comp.c ****   */
 302:Inc/STM32F3xx_HAL_Driver/Src/stm32f3xx_hal_comp.c **** #define COMP_LOCK_DISABLE                      (0x00000000U)
 303:Inc/STM32F3xx_HAL_Driver/Src/stm32f3xx_hal_comp.c **** #define COMP_LOCK_ENABLE                       COMP_CSR_COMPxLOCK
 304:Inc/STM32F3xx_HAL_Driver/Src/stm32f3xx_hal_comp.c **** 
 305:Inc/STM32F3xx_HAL_Driver/Src/stm32f3xx_hal_comp.c **** /* Delay for COMP startup time.                                               */
 306:Inc/STM32F3xx_HAL_Driver/Src/stm32f3xx_hal_comp.c **** /* Note: Delay required to reach propagation delay specification.             */
 307:Inc/STM32F3xx_HAL_Driver/Src/stm32f3xx_hal_comp.c **** /* Literal set to maximum value (refer to device datasheet,                   */
 308:Inc/STM32F3xx_HAL_Driver/Src/stm32f3xx_hal_comp.c **** /* parameter "tSTART").                                                       */
 309:Inc/STM32F3xx_HAL_Driver/Src/stm32f3xx_hal_comp.c **** /* Unit: us                                                                   */
 310:Inc/STM32F3xx_HAL_Driver/Src/stm32f3xx_hal_comp.c **** #define COMP_DELAY_STARTUP_US          (80UL)      /*!< Delay for COMP startup time */
 311:Inc/STM32F3xx_HAL_Driver/Src/stm32f3xx_hal_comp.c **** 
 312:Inc/STM32F3xx_HAL_Driver/Src/stm32f3xx_hal_comp.c **** /* Delay for COMP voltage scaler stabilization time.                          */
 313:Inc/STM32F3xx_HAL_Driver/Src/stm32f3xx_hal_comp.c **** /* Literal set to maximum value (refer to device datasheet,                   */
 314:Inc/STM32F3xx_HAL_Driver/Src/stm32f3xx_hal_comp.c **** /* parameter "tSTART_SCALER").                                                */
ARM GAS  /tmp/ccuJNwZC.s 			page 7


 315:Inc/STM32F3xx_HAL_Driver/Src/stm32f3xx_hal_comp.c **** /* Unit: us                                                                   */
 316:Inc/STM32F3xx_HAL_Driver/Src/stm32f3xx_hal_comp.c **** #define COMP_DELAY_VOLTAGE_SCALER_STAB_US (200UL)  /*!< Delay for COMP voltage scaler stabilization
 317:Inc/STM32F3xx_HAL_Driver/Src/stm32f3xx_hal_comp.c **** 
 318:Inc/STM32F3xx_HAL_Driver/Src/stm32f3xx_hal_comp.c **** /**
 319:Inc/STM32F3xx_HAL_Driver/Src/stm32f3xx_hal_comp.c ****   * @}
 320:Inc/STM32F3xx_HAL_Driver/Src/stm32f3xx_hal_comp.c ****   */
 321:Inc/STM32F3xx_HAL_Driver/Src/stm32f3xx_hal_comp.c **** 
 322:Inc/STM32F3xx_HAL_Driver/Src/stm32f3xx_hal_comp.c **** /* Private macro -------------------------------------------------------------*/
 323:Inc/STM32F3xx_HAL_Driver/Src/stm32f3xx_hal_comp.c **** /* Private variables ---------------------------------------------------------*/
 324:Inc/STM32F3xx_HAL_Driver/Src/stm32f3xx_hal_comp.c **** /* Private function prototypes -----------------------------------------------*/
 325:Inc/STM32F3xx_HAL_Driver/Src/stm32f3xx_hal_comp.c **** /* Exported functions --------------------------------------------------------*/
 326:Inc/STM32F3xx_HAL_Driver/Src/stm32f3xx_hal_comp.c **** 
 327:Inc/STM32F3xx_HAL_Driver/Src/stm32f3xx_hal_comp.c **** /** @defgroup COMP_Exported_Functions COMP Exported Functions
 328:Inc/STM32F3xx_HAL_Driver/Src/stm32f3xx_hal_comp.c ****   * @{
 329:Inc/STM32F3xx_HAL_Driver/Src/stm32f3xx_hal_comp.c ****   */
 330:Inc/STM32F3xx_HAL_Driver/Src/stm32f3xx_hal_comp.c **** 
 331:Inc/STM32F3xx_HAL_Driver/Src/stm32f3xx_hal_comp.c **** /** @defgroup COMP_Exported_Functions_Group1 Initialization/de-initialization functions
 332:Inc/STM32F3xx_HAL_Driver/Src/stm32f3xx_hal_comp.c ****  *  @brief    Initialization and de-initialization functions.
 333:Inc/STM32F3xx_HAL_Driver/Src/stm32f3xx_hal_comp.c ****  *
 334:Inc/STM32F3xx_HAL_Driver/Src/stm32f3xx_hal_comp.c **** @verbatim
 335:Inc/STM32F3xx_HAL_Driver/Src/stm32f3xx_hal_comp.c ****  ===============================================================================
 336:Inc/STM32F3xx_HAL_Driver/Src/stm32f3xx_hal_comp.c ****               ##### Initialization and de-initialization functions #####
 337:Inc/STM32F3xx_HAL_Driver/Src/stm32f3xx_hal_comp.c ****  ===============================================================================
 338:Inc/STM32F3xx_HAL_Driver/Src/stm32f3xx_hal_comp.c ****     [..]  This section provides functions to initialize and de-initialize comparators.
 339:Inc/STM32F3xx_HAL_Driver/Src/stm32f3xx_hal_comp.c **** 
 340:Inc/STM32F3xx_HAL_Driver/Src/stm32f3xx_hal_comp.c **** @endverbatim
 341:Inc/STM32F3xx_HAL_Driver/Src/stm32f3xx_hal_comp.c ****   * @{
 342:Inc/STM32F3xx_HAL_Driver/Src/stm32f3xx_hal_comp.c ****   */
 343:Inc/STM32F3xx_HAL_Driver/Src/stm32f3xx_hal_comp.c **** 
 344:Inc/STM32F3xx_HAL_Driver/Src/stm32f3xx_hal_comp.c **** /**
 345:Inc/STM32F3xx_HAL_Driver/Src/stm32f3xx_hal_comp.c ****   * @brief  Initialize the COMP peripheral according to the specified
 346:Inc/STM32F3xx_HAL_Driver/Src/stm32f3xx_hal_comp.c ****   *         parameters in the COMP_InitTypeDef and initialize the associated handle.
 347:Inc/STM32F3xx_HAL_Driver/Src/stm32f3xx_hal_comp.c ****   * @note   If the selected comparator is locked, initialization cannot be performed.
 348:Inc/STM32F3xx_HAL_Driver/Src/stm32f3xx_hal_comp.c ****   *         To unlock the configuration, perform a system reset.
 349:Inc/STM32F3xx_HAL_Driver/Src/stm32f3xx_hal_comp.c ****   * @param  hcomp  COMP handle
 350:Inc/STM32F3xx_HAL_Driver/Src/stm32f3xx_hal_comp.c ****   * @retval HAL status
 351:Inc/STM32F3xx_HAL_Driver/Src/stm32f3xx_hal_comp.c ****   */
 352:Inc/STM32F3xx_HAL_Driver/Src/stm32f3xx_hal_comp.c **** HAL_StatusTypeDef HAL_COMP_Init(COMP_HandleTypeDef *hcomp)
 353:Inc/STM32F3xx_HAL_Driver/Src/stm32f3xx_hal_comp.c **** {
 354:Inc/STM32F3xx_HAL_Driver/Src/stm32f3xx_hal_comp.c ****   uint32_t comp_voltage_scaler_initialized; /* Value "0" if comparator voltage scaler is not initia
 355:Inc/STM32F3xx_HAL_Driver/Src/stm32f3xx_hal_comp.c ****   __IO uint32_t wait_loop_index = 0UL;
 356:Inc/STM32F3xx_HAL_Driver/Src/stm32f3xx_hal_comp.c ****   HAL_StatusTypeDef status = HAL_OK;
 357:Inc/STM32F3xx_HAL_Driver/Src/stm32f3xx_hal_comp.c **** 
 358:Inc/STM32F3xx_HAL_Driver/Src/stm32f3xx_hal_comp.c ****   /* Check the COMP handle allocation and lock status */
 359:Inc/STM32F3xx_HAL_Driver/Src/stm32f3xx_hal_comp.c ****   if ((hcomp == NULL) || ((hcomp->State & COMP_STATE_BIT_LOCK) != RESET))
 360:Inc/STM32F3xx_HAL_Driver/Src/stm32f3xx_hal_comp.c ****   {
 361:Inc/STM32F3xx_HAL_Driver/Src/stm32f3xx_hal_comp.c ****     status = HAL_ERROR;
 362:Inc/STM32F3xx_HAL_Driver/Src/stm32f3xx_hal_comp.c ****   }
 363:Inc/STM32F3xx_HAL_Driver/Src/stm32f3xx_hal_comp.c ****   else
 364:Inc/STM32F3xx_HAL_Driver/Src/stm32f3xx_hal_comp.c ****   {
 365:Inc/STM32F3xx_HAL_Driver/Src/stm32f3xx_hal_comp.c ****     /* Check the parameters */
 366:Inc/STM32F3xx_HAL_Driver/Src/stm32f3xx_hal_comp.c ****     assert_param(IS_COMP_ALL_INSTANCE(hcomp->Instance));
 367:Inc/STM32F3xx_HAL_Driver/Src/stm32f3xx_hal_comp.c ****     assert_param(IS_COMP_INVERTINGINPUT(hcomp->Init.InvertingInput));
 368:Inc/STM32F3xx_HAL_Driver/Src/stm32f3xx_hal_comp.c ****     assert_param(IS_COMP_NONINVERTINGINPUT(hcomp->Init.NonInvertingInput));
 369:Inc/STM32F3xx_HAL_Driver/Src/stm32f3xx_hal_comp.c ****     assert_param(IS_COMP_NONINVERTINGINPUT_INSTANCE(hcomp->Instance, hcomp->Init.NonInvertingInput)
 370:Inc/STM32F3xx_HAL_Driver/Src/stm32f3xx_hal_comp.c ****     assert_param(IS_COMP_OUTPUT(hcomp->Init.Output));
 371:Inc/STM32F3xx_HAL_Driver/Src/stm32f3xx_hal_comp.c ****     assert_param(IS_COMP_OUTPUT_INSTANCE(hcomp->Instance, hcomp->Init.Output));
ARM GAS  /tmp/ccuJNwZC.s 			page 8


 372:Inc/STM32F3xx_HAL_Driver/Src/stm32f3xx_hal_comp.c ****     assert_param(IS_COMP_OUTPUTPOL(hcomp->Init.OutputPol));
 373:Inc/STM32F3xx_HAL_Driver/Src/stm32f3xx_hal_comp.c ****     assert_param(IS_COMP_HYSTERESIS(hcomp->Init.Hysteresis));
 374:Inc/STM32F3xx_HAL_Driver/Src/stm32f3xx_hal_comp.c ****     assert_param(IS_COMP_MODE(hcomp->Init.Mode));
 375:Inc/STM32F3xx_HAL_Driver/Src/stm32f3xx_hal_comp.c ****     assert_param(IS_COMP_BLANKINGSRCE(hcomp->Init.BlankingSrce));
 376:Inc/STM32F3xx_HAL_Driver/Src/stm32f3xx_hal_comp.c ****     assert_param(IS_COMP_BLANKINGSRCE_INSTANCE(hcomp->Instance, hcomp->Init.BlankingSrce));
 377:Inc/STM32F3xx_HAL_Driver/Src/stm32f3xx_hal_comp.c ****     assert_param(IS_COMP_TRIGGERMODE(hcomp->Init.TriggerMode));
 378:Inc/STM32F3xx_HAL_Driver/Src/stm32f3xx_hal_comp.c **** 
 379:Inc/STM32F3xx_HAL_Driver/Src/stm32f3xx_hal_comp.c ****     if (hcomp->Init.WindowMode != COMP_WINDOWMODE_DISABLE)
 380:Inc/STM32F3xx_HAL_Driver/Src/stm32f3xx_hal_comp.c ****     {
 381:Inc/STM32F3xx_HAL_Driver/Src/stm32f3xx_hal_comp.c ****       assert_param(IS_COMP_WINDOWMODE_INSTANCE(hcomp->Instance));
 382:Inc/STM32F3xx_HAL_Driver/Src/stm32f3xx_hal_comp.c ****       assert_param(IS_COMP_WINDOWMODE(hcomp->Init.WindowMode));
 383:Inc/STM32F3xx_HAL_Driver/Src/stm32f3xx_hal_comp.c ****     }
 384:Inc/STM32F3xx_HAL_Driver/Src/stm32f3xx_hal_comp.c **** 
 385:Inc/STM32F3xx_HAL_Driver/Src/stm32f3xx_hal_comp.c ****     /* Init SYSCFG and the low level hardware to access comparators */
 386:Inc/STM32F3xx_HAL_Driver/Src/stm32f3xx_hal_comp.c ****     __HAL_RCC_SYSCFG_CLK_ENABLE();
 387:Inc/STM32F3xx_HAL_Driver/Src/stm32f3xx_hal_comp.c **** 
 388:Inc/STM32F3xx_HAL_Driver/Src/stm32f3xx_hal_comp.c **** #if (USE_HAL_COMP_REGISTER_CALLBACKS == 1)
 389:Inc/STM32F3xx_HAL_Driver/Src/stm32f3xx_hal_comp.c ****       /* Init the COMP Callback settings */
 390:Inc/STM32F3xx_HAL_Driver/Src/stm32f3xx_hal_comp.c ****       hcomp->TriggerCallback = HAL_COMP_TriggerCallback; /* Legacy weak callback */
 391:Inc/STM32F3xx_HAL_Driver/Src/stm32f3xx_hal_comp.c **** 
 392:Inc/STM32F3xx_HAL_Driver/Src/stm32f3xx_hal_comp.c ****       if (hcomp->MspInitCallback == NULL)
 393:Inc/STM32F3xx_HAL_Driver/Src/stm32f3xx_hal_comp.c ****       {
 394:Inc/STM32F3xx_HAL_Driver/Src/stm32f3xx_hal_comp.c ****         hcomp->MspInitCallback = HAL_COMP_MspInit; /* Legacy weak MspInit  */
 395:Inc/STM32F3xx_HAL_Driver/Src/stm32f3xx_hal_comp.c ****       }
 396:Inc/STM32F3xx_HAL_Driver/Src/stm32f3xx_hal_comp.c ****       
 397:Inc/STM32F3xx_HAL_Driver/Src/stm32f3xx_hal_comp.c ****       /* Init the low level hardware */
 398:Inc/STM32F3xx_HAL_Driver/Src/stm32f3xx_hal_comp.c ****       hcomp->MspInitCallback(hcomp);
 399:Inc/STM32F3xx_HAL_Driver/Src/stm32f3xx_hal_comp.c **** #else
 400:Inc/STM32F3xx_HAL_Driver/Src/stm32f3xx_hal_comp.c ****     /* Init the low level hardware : SYSCFG to access comparators */
 401:Inc/STM32F3xx_HAL_Driver/Src/stm32f3xx_hal_comp.c ****       HAL_COMP_MspInit(hcomp);
 402:Inc/STM32F3xx_HAL_Driver/Src/stm32f3xx_hal_comp.c **** #endif /* USE_HAL_COMP_REGISTER_CALLBACKS */
 403:Inc/STM32F3xx_HAL_Driver/Src/stm32f3xx_hal_comp.c **** 
 404:Inc/STM32F3xx_HAL_Driver/Src/stm32f3xx_hal_comp.c ****     /* Memorize voltage scaler state before initialization */
 405:Inc/STM32F3xx_HAL_Driver/Src/stm32f3xx_hal_comp.c ****     comp_voltage_scaler_initialized = READ_BIT(hcomp->Instance->CSR, (COMP_CSR_COMPxINSEL_1 | COMP_
 406:Inc/STM32F3xx_HAL_Driver/Src/stm32f3xx_hal_comp.c **** 
 407:Inc/STM32F3xx_HAL_Driver/Src/stm32f3xx_hal_comp.c ****     if (hcomp->State == HAL_COMP_STATE_RESET)
 408:Inc/STM32F3xx_HAL_Driver/Src/stm32f3xx_hal_comp.c ****     {
 409:Inc/STM32F3xx_HAL_Driver/Src/stm32f3xx_hal_comp.c ****       /* Allocate lock resource and initialize it */
 410:Inc/STM32F3xx_HAL_Driver/Src/stm32f3xx_hal_comp.c ****       hcomp->Lock = HAL_UNLOCKED;
 411:Inc/STM32F3xx_HAL_Driver/Src/stm32f3xx_hal_comp.c ****     }
 412:Inc/STM32F3xx_HAL_Driver/Src/stm32f3xx_hal_comp.c **** 
 413:Inc/STM32F3xx_HAL_Driver/Src/stm32f3xx_hal_comp.c ****     /* Manage inverting input comparator inverting input connected to a GPIO  */
 414:Inc/STM32F3xx_HAL_Driver/Src/stm32f3xx_hal_comp.c ****     /* for STM32F302x, STM32F32xx, STM32F33x.                                 */
 415:Inc/STM32F3xx_HAL_Driver/Src/stm32f3xx_hal_comp.c ****     hcomp->Init.InvertingInput = COMP_INVERTINGINPUT_SELECTION(hcomp->Instance, hcomp->Init.Inverti
 416:Inc/STM32F3xx_HAL_Driver/Src/stm32f3xx_hal_comp.c **** 
 417:Inc/STM32F3xx_HAL_Driver/Src/stm32f3xx_hal_comp.c ****     /* Set COMP parameters */
 418:Inc/STM32F3xx_HAL_Driver/Src/stm32f3xx_hal_comp.c ****     /*     Set COMPxINSEL bits according to hcomp->Init.InvertingInput value        */
 419:Inc/STM32F3xx_HAL_Driver/Src/stm32f3xx_hal_comp.c ****     /*     Set COMPxNONINSEL bits according to hcomp->Init.NonInvertingInput value  */
 420:Inc/STM32F3xx_HAL_Driver/Src/stm32f3xx_hal_comp.c ****     /*     Set COMPxBLANKING bits according to hcomp->Init.BlankingSrce value       */
 421:Inc/STM32F3xx_HAL_Driver/Src/stm32f3xx_hal_comp.c ****     /*     Set COMPxOUTSEL bits according to hcomp->Init.Output value               */
 422:Inc/STM32F3xx_HAL_Driver/Src/stm32f3xx_hal_comp.c ****     /*     Set COMPxPOL bit according to hcomp->Init.OutputPol value                */
 423:Inc/STM32F3xx_HAL_Driver/Src/stm32f3xx_hal_comp.c ****     /*     Set COMPxHYST bits according to hcomp->Init.Hysteresis value             */
 424:Inc/STM32F3xx_HAL_Driver/Src/stm32f3xx_hal_comp.c ****     /*     Set COMPxMODE bits according to hcomp->Init.Mode value                   */
 425:Inc/STM32F3xx_HAL_Driver/Src/stm32f3xx_hal_comp.c ****     COMP_INIT(hcomp);
 426:Inc/STM32F3xx_HAL_Driver/Src/stm32f3xx_hal_comp.c **** 
 427:Inc/STM32F3xx_HAL_Driver/Src/stm32f3xx_hal_comp.c ****     /* Delay for COMP scaler bridge voltage stabilization */
 428:Inc/STM32F3xx_HAL_Driver/Src/stm32f3xx_hal_comp.c ****     /* Apply the delay if voltage scaler bridge is required and not already enabled */
ARM GAS  /tmp/ccuJNwZC.s 			page 9


 429:Inc/STM32F3xx_HAL_Driver/Src/stm32f3xx_hal_comp.c ****     if ((READ_BIT(hcomp->Instance->CSR, (COMP_CSR_COMPxINSEL_1 | COMP_CSR_COMPxINSEL_0)) != 0UL) &&
 430:Inc/STM32F3xx_HAL_Driver/Src/stm32f3xx_hal_comp.c ****         (comp_voltage_scaler_initialized == 0UL))
 431:Inc/STM32F3xx_HAL_Driver/Src/stm32f3xx_hal_comp.c ****     {
 432:Inc/STM32F3xx_HAL_Driver/Src/stm32f3xx_hal_comp.c ****       /* Wait loop initialization and execution */
 433:Inc/STM32F3xx_HAL_Driver/Src/stm32f3xx_hal_comp.c ****       /* Note: Variable divided by 2 to compensate partially              */
 434:Inc/STM32F3xx_HAL_Driver/Src/stm32f3xx_hal_comp.c ****       /*       CPU processing cycles, scaling in us split to not          */
 435:Inc/STM32F3xx_HAL_Driver/Src/stm32f3xx_hal_comp.c ****       /*       exceed 32 bits register capacity and handle low frequency. */
 436:Inc/STM32F3xx_HAL_Driver/Src/stm32f3xx_hal_comp.c ****       wait_loop_index = ((COMP_DELAY_VOLTAGE_SCALER_STAB_US / 10UL) * ((SystemCoreClock / (100000UL
 437:Inc/STM32F3xx_HAL_Driver/Src/stm32f3xx_hal_comp.c ****       while (wait_loop_index != 0UL)
 438:Inc/STM32F3xx_HAL_Driver/Src/stm32f3xx_hal_comp.c ****       {
 439:Inc/STM32F3xx_HAL_Driver/Src/stm32f3xx_hal_comp.c ****         wait_loop_index--;
 440:Inc/STM32F3xx_HAL_Driver/Src/stm32f3xx_hal_comp.c ****       }
 441:Inc/STM32F3xx_HAL_Driver/Src/stm32f3xx_hal_comp.c ****     }
 442:Inc/STM32F3xx_HAL_Driver/Src/stm32f3xx_hal_comp.c **** 
 443:Inc/STM32F3xx_HAL_Driver/Src/stm32f3xx_hal_comp.c ****     /* Initialize the COMP state*/
 444:Inc/STM32F3xx_HAL_Driver/Src/stm32f3xx_hal_comp.c ****     hcomp->State = HAL_COMP_STATE_READY;
 445:Inc/STM32F3xx_HAL_Driver/Src/stm32f3xx_hal_comp.c ****   }
 446:Inc/STM32F3xx_HAL_Driver/Src/stm32f3xx_hal_comp.c **** 
 447:Inc/STM32F3xx_HAL_Driver/Src/stm32f3xx_hal_comp.c ****   return status;
 448:Inc/STM32F3xx_HAL_Driver/Src/stm32f3xx_hal_comp.c **** }
 449:Inc/STM32F3xx_HAL_Driver/Src/stm32f3xx_hal_comp.c **** 
 450:Inc/STM32F3xx_HAL_Driver/Src/stm32f3xx_hal_comp.c **** /**
 451:Inc/STM32F3xx_HAL_Driver/Src/stm32f3xx_hal_comp.c ****   * @brief  DeInitialize the COMP peripheral.
 452:Inc/STM32F3xx_HAL_Driver/Src/stm32f3xx_hal_comp.c ****   * @note   If the selected comparator is locked, deinitialization cannot be performed.
 453:Inc/STM32F3xx_HAL_Driver/Src/stm32f3xx_hal_comp.c ****   *         To unlock the configuration, perform a system reset.
 454:Inc/STM32F3xx_HAL_Driver/Src/stm32f3xx_hal_comp.c ****   * @param  hcomp  COMP handle
 455:Inc/STM32F3xx_HAL_Driver/Src/stm32f3xx_hal_comp.c ****   * @retval HAL status
 456:Inc/STM32F3xx_HAL_Driver/Src/stm32f3xx_hal_comp.c ****   */
 457:Inc/STM32F3xx_HAL_Driver/Src/stm32f3xx_hal_comp.c **** HAL_StatusTypeDef HAL_COMP_DeInit(COMP_HandleTypeDef *hcomp)
 458:Inc/STM32F3xx_HAL_Driver/Src/stm32f3xx_hal_comp.c **** {
 459:Inc/STM32F3xx_HAL_Driver/Src/stm32f3xx_hal_comp.c ****   HAL_StatusTypeDef status = HAL_OK;
 460:Inc/STM32F3xx_HAL_Driver/Src/stm32f3xx_hal_comp.c **** 
 461:Inc/STM32F3xx_HAL_Driver/Src/stm32f3xx_hal_comp.c ****   /* Check the COMP handle allocation and lock status */
 462:Inc/STM32F3xx_HAL_Driver/Src/stm32f3xx_hal_comp.c ****   if ((hcomp == NULL) || ((hcomp->State & COMP_STATE_BIT_LOCK) != RESET))
 463:Inc/STM32F3xx_HAL_Driver/Src/stm32f3xx_hal_comp.c ****   {
 464:Inc/STM32F3xx_HAL_Driver/Src/stm32f3xx_hal_comp.c ****     status = HAL_ERROR;
 465:Inc/STM32F3xx_HAL_Driver/Src/stm32f3xx_hal_comp.c ****   }
 466:Inc/STM32F3xx_HAL_Driver/Src/stm32f3xx_hal_comp.c ****   else
 467:Inc/STM32F3xx_HAL_Driver/Src/stm32f3xx_hal_comp.c ****   {
 468:Inc/STM32F3xx_HAL_Driver/Src/stm32f3xx_hal_comp.c ****     /* Check the parameter */
 469:Inc/STM32F3xx_HAL_Driver/Src/stm32f3xx_hal_comp.c ****     assert_param(IS_COMP_ALL_INSTANCE(hcomp->Instance));
 470:Inc/STM32F3xx_HAL_Driver/Src/stm32f3xx_hal_comp.c **** 
 471:Inc/STM32F3xx_HAL_Driver/Src/stm32f3xx_hal_comp.c ****     /* Set COMP_CSR register to reset value */
 472:Inc/STM32F3xx_HAL_Driver/Src/stm32f3xx_hal_comp.c ****     COMP_DEINIT(hcomp);
 473:Inc/STM32F3xx_HAL_Driver/Src/stm32f3xx_hal_comp.c **** 
 474:Inc/STM32F3xx_HAL_Driver/Src/stm32f3xx_hal_comp.c **** #if (USE_HAL_COMP_REGISTER_CALLBACKS == 1)
 475:Inc/STM32F3xx_HAL_Driver/Src/stm32f3xx_hal_comp.c ****     if (hcomp->MspDeInitCallback == NULL)
 476:Inc/STM32F3xx_HAL_Driver/Src/stm32f3xx_hal_comp.c ****     {
 477:Inc/STM32F3xx_HAL_Driver/Src/stm32f3xx_hal_comp.c ****       hcomp->MspDeInitCallback = HAL_COMP_MspDeInit; /* Legacy weak MspDeInit  */
 478:Inc/STM32F3xx_HAL_Driver/Src/stm32f3xx_hal_comp.c ****     }
 479:Inc/STM32F3xx_HAL_Driver/Src/stm32f3xx_hal_comp.c ****     
 480:Inc/STM32F3xx_HAL_Driver/Src/stm32f3xx_hal_comp.c ****     /* DeInit the low level hardware: SYSCFG, GPIO, CLOCK and NVIC */
 481:Inc/STM32F3xx_HAL_Driver/Src/stm32f3xx_hal_comp.c ****     hcomp->MspDeInitCallback(hcomp);
 482:Inc/STM32F3xx_HAL_Driver/Src/stm32f3xx_hal_comp.c **** #else
 483:Inc/STM32F3xx_HAL_Driver/Src/stm32f3xx_hal_comp.c ****     /* DeInit the low level hardware: SYSCFG, GPIO, CLOCK and NVIC */
 484:Inc/STM32F3xx_HAL_Driver/Src/stm32f3xx_hal_comp.c ****     HAL_COMP_MspDeInit(hcomp);
 485:Inc/STM32F3xx_HAL_Driver/Src/stm32f3xx_hal_comp.c **** #endif /* USE_HAL_COMP_REGISTER_CALLBACKS */
ARM GAS  /tmp/ccuJNwZC.s 			page 10


 486:Inc/STM32F3xx_HAL_Driver/Src/stm32f3xx_hal_comp.c **** 
 487:Inc/STM32F3xx_HAL_Driver/Src/stm32f3xx_hal_comp.c ****     hcomp->State = HAL_COMP_STATE_RESET;
 488:Inc/STM32F3xx_HAL_Driver/Src/stm32f3xx_hal_comp.c **** 
 489:Inc/STM32F3xx_HAL_Driver/Src/stm32f3xx_hal_comp.c ****     /* Release Lock */
 490:Inc/STM32F3xx_HAL_Driver/Src/stm32f3xx_hal_comp.c ****     __HAL_UNLOCK(hcomp);
 491:Inc/STM32F3xx_HAL_Driver/Src/stm32f3xx_hal_comp.c ****   }
 492:Inc/STM32F3xx_HAL_Driver/Src/stm32f3xx_hal_comp.c **** 
 493:Inc/STM32F3xx_HAL_Driver/Src/stm32f3xx_hal_comp.c ****   return status;
 494:Inc/STM32F3xx_HAL_Driver/Src/stm32f3xx_hal_comp.c **** }
 495:Inc/STM32F3xx_HAL_Driver/Src/stm32f3xx_hal_comp.c **** 
 496:Inc/STM32F3xx_HAL_Driver/Src/stm32f3xx_hal_comp.c **** /**
 497:Inc/STM32F3xx_HAL_Driver/Src/stm32f3xx_hal_comp.c ****   * @brief  Initialize the COMP MSP.
 498:Inc/STM32F3xx_HAL_Driver/Src/stm32f3xx_hal_comp.c ****   * @param  hcomp  COMP handle
 499:Inc/STM32F3xx_HAL_Driver/Src/stm32f3xx_hal_comp.c ****   * @retval None
 500:Inc/STM32F3xx_HAL_Driver/Src/stm32f3xx_hal_comp.c ****   */
 501:Inc/STM32F3xx_HAL_Driver/Src/stm32f3xx_hal_comp.c **** __weak void HAL_COMP_MspInit(COMP_HandleTypeDef *hcomp)
 502:Inc/STM32F3xx_HAL_Driver/Src/stm32f3xx_hal_comp.c **** {
  30              		.loc 1 502 1 view -0
  31              		.cfi_startproc
  32              		@ args = 0, pretend = 0, frame = 0
  33              		@ frame_needed = 0, uses_anonymous_args = 0
  34              		@ link register save eliminated.
 503:Inc/STM32F3xx_HAL_Driver/Src/stm32f3xx_hal_comp.c ****   /* Prevent unused argument(s) compilation warning */
 504:Inc/STM32F3xx_HAL_Driver/Src/stm32f3xx_hal_comp.c ****   UNUSED(hcomp);
  35              		.loc 1 504 3 view .LVU1
 505:Inc/STM32F3xx_HAL_Driver/Src/stm32f3xx_hal_comp.c **** 
 506:Inc/STM32F3xx_HAL_Driver/Src/stm32f3xx_hal_comp.c ****   /* NOTE : This function should not be modified, when the callback is needed,
 507:Inc/STM32F3xx_HAL_Driver/Src/stm32f3xx_hal_comp.c ****             the HAL_COMP_MspInit could be implemented in the user file
 508:Inc/STM32F3xx_HAL_Driver/Src/stm32f3xx_hal_comp.c ****    */
 509:Inc/STM32F3xx_HAL_Driver/Src/stm32f3xx_hal_comp.c **** }
  36              		.loc 1 509 1 is_stmt 0 view .LVU2
  37 0000 7047     		bx	lr
  38              		.cfi_endproc
  39              	.LFE132:
  41              		.section	.text.HAL_COMP_Init,"ax",%progbits
  42              		.align	1
  43              		.global	HAL_COMP_Init
  44              		.syntax unified
  45              		.thumb
  46              		.thumb_func
  48              	HAL_COMP_Init:
  49              	.LVL1:
  50              	.LFB130:
 353:Inc/STM32F3xx_HAL_Driver/Src/stm32f3xx_hal_comp.c ****   uint32_t comp_voltage_scaler_initialized; /* Value "0" if comparator voltage scaler is not initia
  51              		.loc 1 353 1 is_stmt 1 view -0
  52              		.cfi_startproc
  53              		@ args = 0, pretend = 0, frame = 16
  54              		@ frame_needed = 0, uses_anonymous_args = 0
 353:Inc/STM32F3xx_HAL_Driver/Src/stm32f3xx_hal_comp.c ****   uint32_t comp_voltage_scaler_initialized; /* Value "0" if comparator voltage scaler is not initia
  55              		.loc 1 353 1 is_stmt 0 view .LVU4
  56 0000 30B5     		push	{r4, r5, lr}
  57              		.cfi_def_cfa_offset 12
  58              		.cfi_offset 4, -12
  59              		.cfi_offset 5, -8
  60              		.cfi_offset 14, -4
  61 0002 85B0     		sub	sp, sp, #20
  62              		.cfi_def_cfa_offset 32
ARM GAS  /tmp/ccuJNwZC.s 			page 11


 354:Inc/STM32F3xx_HAL_Driver/Src/stm32f3xx_hal_comp.c ****   __IO uint32_t wait_loop_index = 0UL;
  63              		.loc 1 354 3 is_stmt 1 view .LVU5
 355:Inc/STM32F3xx_HAL_Driver/Src/stm32f3xx_hal_comp.c ****   HAL_StatusTypeDef status = HAL_OK;
  64              		.loc 1 355 3 view .LVU6
 355:Inc/STM32F3xx_HAL_Driver/Src/stm32f3xx_hal_comp.c ****   HAL_StatusTypeDef status = HAL_OK;
  65              		.loc 1 355 17 is_stmt 0 view .LVU7
  66 0004 0023     		movs	r3, #0
  67 0006 0393     		str	r3, [sp, #12]
 356:Inc/STM32F3xx_HAL_Driver/Src/stm32f3xx_hal_comp.c **** 
  68              		.loc 1 356 3 is_stmt 1 view .LVU8
  69              	.LVL2:
 359:Inc/STM32F3xx_HAL_Driver/Src/stm32f3xx_hal_comp.c ****   {
  70              		.loc 1 359 3 view .LVU9
 359:Inc/STM32F3xx_HAL_Driver/Src/stm32f3xx_hal_comp.c ****   {
  71              		.loc 1 359 6 is_stmt 0 view .LVU10
  72 0008 0028     		cmp	r0, #0
  73 000a 70D0     		beq	.L8
  74 000c 0446     		mov	r4, r0
 359:Inc/STM32F3xx_HAL_Driver/Src/stm32f3xx_hal_comp.c ****   {
  75              		.loc 1 359 33 discriminator 1 view .LVU11
  76 000e 90F82950 		ldrb	r5, [r0, #41]	@ zero_extendqisi2
 359:Inc/STM32F3xx_HAL_Driver/Src/stm32f3xx_hal_comp.c ****   {
  77              		.loc 1 359 23 discriminator 1 view .LVU12
  78 0012 15F01005 		ands	r5, r5, #16
  79 0016 03D0     		beq	.L11
 361:Inc/STM32F3xx_HAL_Driver/Src/stm32f3xx_hal_comp.c ****   }
  80              		.loc 1 361 12 view .LVU13
  81 0018 0125     		movs	r5, #1
  82              	.LVL3:
  83              	.L3:
 447:Inc/STM32F3xx_HAL_Driver/Src/stm32f3xx_hal_comp.c **** }
  84              		.loc 1 447 3 is_stmt 1 view .LVU14
 448:Inc/STM32F3xx_HAL_Driver/Src/stm32f3xx_hal_comp.c **** 
  85              		.loc 1 448 1 is_stmt 0 view .LVU15
  86 001a 2846     		mov	r0, r5
  87 001c 05B0     		add	sp, sp, #20
  88              		.cfi_remember_state
  89              		.cfi_def_cfa_offset 12
  90              		@ sp needed
  91 001e 30BD     		pop	{r4, r5, pc}
  92              	.LVL4:
  93              	.L11:
  94              		.cfi_restore_state
 366:Inc/STM32F3xx_HAL_Driver/Src/stm32f3xx_hal_comp.c ****     assert_param(IS_COMP_INVERTINGINPUT(hcomp->Init.InvertingInput));
  95              		.loc 1 366 5 is_stmt 1 view .LVU16
 367:Inc/STM32F3xx_HAL_Driver/Src/stm32f3xx_hal_comp.c ****     assert_param(IS_COMP_NONINVERTINGINPUT(hcomp->Init.NonInvertingInput));
  96              		.loc 1 367 5 view .LVU17
 368:Inc/STM32F3xx_HAL_Driver/Src/stm32f3xx_hal_comp.c ****     assert_param(IS_COMP_NONINVERTINGINPUT_INSTANCE(hcomp->Instance, hcomp->Init.NonInvertingInput)
  97              		.loc 1 368 5 view .LVU18
 369:Inc/STM32F3xx_HAL_Driver/Src/stm32f3xx_hal_comp.c ****     assert_param(IS_COMP_OUTPUT(hcomp->Init.Output));
  98              		.loc 1 369 5 view .LVU19
 370:Inc/STM32F3xx_HAL_Driver/Src/stm32f3xx_hal_comp.c ****     assert_param(IS_COMP_OUTPUT_INSTANCE(hcomp->Instance, hcomp->Init.Output));
  99              		.loc 1 370 5 view .LVU20
 371:Inc/STM32F3xx_HAL_Driver/Src/stm32f3xx_hal_comp.c ****     assert_param(IS_COMP_OUTPUTPOL(hcomp->Init.OutputPol));
 100              		.loc 1 371 5 view .LVU21
 372:Inc/STM32F3xx_HAL_Driver/Src/stm32f3xx_hal_comp.c ****     assert_param(IS_COMP_HYSTERESIS(hcomp->Init.Hysteresis));
 101              		.loc 1 372 5 view .LVU22
ARM GAS  /tmp/ccuJNwZC.s 			page 12


 373:Inc/STM32F3xx_HAL_Driver/Src/stm32f3xx_hal_comp.c ****     assert_param(IS_COMP_MODE(hcomp->Init.Mode));
 102              		.loc 1 373 5 view .LVU23
 374:Inc/STM32F3xx_HAL_Driver/Src/stm32f3xx_hal_comp.c ****     assert_param(IS_COMP_BLANKINGSRCE(hcomp->Init.BlankingSrce));
 103              		.loc 1 374 5 view .LVU24
 375:Inc/STM32F3xx_HAL_Driver/Src/stm32f3xx_hal_comp.c ****     assert_param(IS_COMP_BLANKINGSRCE_INSTANCE(hcomp->Instance, hcomp->Init.BlankingSrce));
 104              		.loc 1 375 5 view .LVU25
 376:Inc/STM32F3xx_HAL_Driver/Src/stm32f3xx_hal_comp.c ****     assert_param(IS_COMP_TRIGGERMODE(hcomp->Init.TriggerMode));
 105              		.loc 1 376 5 view .LVU26
 377:Inc/STM32F3xx_HAL_Driver/Src/stm32f3xx_hal_comp.c **** 
 106              		.loc 1 377 5 view .LVU27
 379:Inc/STM32F3xx_HAL_Driver/Src/stm32f3xx_hal_comp.c ****     {
 107              		.loc 1 379 5 view .LVU28
 381:Inc/STM32F3xx_HAL_Driver/Src/stm32f3xx_hal_comp.c ****       assert_param(IS_COMP_WINDOWMODE(hcomp->Init.WindowMode));
 108              		.loc 1 381 7 view .LVU29
 382:Inc/STM32F3xx_HAL_Driver/Src/stm32f3xx_hal_comp.c ****     }
 109              		.loc 1 382 7 view .LVU30
 386:Inc/STM32F3xx_HAL_Driver/Src/stm32f3xx_hal_comp.c **** 
 110              		.loc 1 386 5 view .LVU31
 111              	.LBB2:
 386:Inc/STM32F3xx_HAL_Driver/Src/stm32f3xx_hal_comp.c **** 
 112              		.loc 1 386 5 view .LVU32
 386:Inc/STM32F3xx_HAL_Driver/Src/stm32f3xx_hal_comp.c **** 
 113              		.loc 1 386 5 view .LVU33
 114 0020 03F18043 		add	r3, r3, #1073741824
 115 0024 03F50433 		add	r3, r3, #135168
 116 0028 9A69     		ldr	r2, [r3, #24]
 117 002a 42F00102 		orr	r2, r2, #1
 118 002e 9A61     		str	r2, [r3, #24]
 386:Inc/STM32F3xx_HAL_Driver/Src/stm32f3xx_hal_comp.c **** 
 119              		.loc 1 386 5 view .LVU34
 120 0030 9B69     		ldr	r3, [r3, #24]
 121 0032 03F00103 		and	r3, r3, #1
 122 0036 0193     		str	r3, [sp, #4]
 386:Inc/STM32F3xx_HAL_Driver/Src/stm32f3xx_hal_comp.c **** 
 123              		.loc 1 386 5 view .LVU35
 124 0038 019B     		ldr	r3, [sp, #4]
 125              	.LBE2:
 386:Inc/STM32F3xx_HAL_Driver/Src/stm32f3xx_hal_comp.c **** 
 126              		.loc 1 386 5 view .LVU36
 401:Inc/STM32F3xx_HAL_Driver/Src/stm32f3xx_hal_comp.c **** #endif /* USE_HAL_COMP_REGISTER_CALLBACKS */
 127              		.loc 1 401 7 view .LVU37
 128 003a FFF7FEFF 		bl	HAL_COMP_MspInit
 129              	.LVL5:
 405:Inc/STM32F3xx_HAL_Driver/Src/stm32f3xx_hal_comp.c **** 
 130              		.loc 1 405 5 view .LVU38
 405:Inc/STM32F3xx_HAL_Driver/Src/stm32f3xx_hal_comp.c **** 
 131              		.loc 1 405 39 is_stmt 0 view .LVU39
 132 003e 2268     		ldr	r2, [r4]
 133 0040 1168     		ldr	r1, [r2]
 405:Inc/STM32F3xx_HAL_Driver/Src/stm32f3xx_hal_comp.c **** 
 134              		.loc 1 405 37 view .LVU40
 135 0042 01F03001 		and	r1, r1, #48
 136              	.LVL6:
 407:Inc/STM32F3xx_HAL_Driver/Src/stm32f3xx_hal_comp.c ****     {
 137              		.loc 1 407 5 is_stmt 1 view .LVU41
 407:Inc/STM32F3xx_HAL_Driver/Src/stm32f3xx_hal_comp.c ****     {
 138              		.loc 1 407 14 is_stmt 0 view .LVU42
ARM GAS  /tmp/ccuJNwZC.s 			page 13


 139 0046 94F82930 		ldrb	r3, [r4, #41]	@ zero_extendqisi2
 407:Inc/STM32F3xx_HAL_Driver/Src/stm32f3xx_hal_comp.c ****     {
 140              		.loc 1 407 8 view .LVU43
 141 004a 0BB9     		cbnz	r3, .L4
 410:Inc/STM32F3xx_HAL_Driver/Src/stm32f3xx_hal_comp.c ****     }
 142              		.loc 1 410 7 is_stmt 1 view .LVU44
 410:Inc/STM32F3xx_HAL_Driver/Src/stm32f3xx_hal_comp.c ****     }
 143              		.loc 1 410 19 is_stmt 0 view .LVU45
 144 004c 84F82830 		strb	r3, [r4, #40]
 145              	.L4:
 415:Inc/STM32F3xx_HAL_Driver/Src/stm32f3xx_hal_comp.c **** 
 146              		.loc 1 415 5 is_stmt 1 view .LVU46
 415:Inc/STM32F3xx_HAL_Driver/Src/stm32f3xx_hal_comp.c **** 
 147              		.loc 1 415 34 is_stmt 0 view .LVU47
 148 0050 6368     		ldr	r3, [r4, #4]
 425:Inc/STM32F3xx_HAL_Driver/Src/stm32f3xx_hal_comp.c **** 
 149              		.loc 1 425 5 is_stmt 1 view .LVU48
 150              	.LBB3:
 425:Inc/STM32F3xx_HAL_Driver/Src/stm32f3xx_hal_comp.c **** 
 151              		.loc 1 425 5 view .LVU49
 152 0052 0020     		movs	r0, #0
 153 0054 0290     		str	r0, [sp, #8]
 425:Inc/STM32F3xx_HAL_Driver/Src/stm32f3xx_hal_comp.c **** 
 154              		.loc 1 425 5 view .LVU50
 155 0056 1068     		ldr	r0, [r2]
 156 0058 0290     		str	r0, [sp, #8]
 425:Inc/STM32F3xx_HAL_Driver/Src/stm32f3xx_hal_comp.c **** 
 157              		.loc 1 425 5 view .LVU51
 158 005a 0298     		ldr	r0, [sp, #8]
 159 005c 20F07000 		bic	r0, r0, #112
 160 0060 0343     		orrs	r3, r3, r0
 161 0062 0293     		str	r3, [sp, #8]
 425:Inc/STM32F3xx_HAL_Driver/Src/stm32f3xx_hal_comp.c **** 
 162              		.loc 1 425 5 view .LVU52
 163 0064 029B     		ldr	r3, [sp, #8]
 164 0066 23F00203 		bic	r3, r3, #2
 165 006a A068     		ldr	r0, [r4, #8]
 166 006c 0343     		orrs	r3, r3, r0
 167 006e 0293     		str	r3, [sp, #8]
 425:Inc/STM32F3xx_HAL_Driver/Src/stm32f3xx_hal_comp.c **** 
 168              		.loc 1 425 5 view .LVU53
 169 0070 029B     		ldr	r3, [sp, #8]
 170 0072 23F44023 		bic	r3, r3, #786432
 171 0076 A069     		ldr	r0, [r4, #24]
 172 0078 0343     		orrs	r3, r3, r0
 173 007a 0293     		str	r3, [sp, #8]
 425:Inc/STM32F3xx_HAL_Driver/Src/stm32f3xx_hal_comp.c **** 
 174              		.loc 1 425 5 view .LVU54
 175 007c 029B     		ldr	r3, [sp, #8]
 176 007e 23F47053 		bic	r3, r3, #15360
 177 0082 E068     		ldr	r0, [r4, #12]
 178 0084 00F47050 		and	r0, r0, #15360
 179 0088 0343     		orrs	r3, r3, r0
 180 008a 0293     		str	r3, [sp, #8]
 425:Inc/STM32F3xx_HAL_Driver/Src/stm32f3xx_hal_comp.c **** 
 181              		.loc 1 425 5 view .LVU55
 182 008c 029B     		ldr	r3, [sp, #8]
ARM GAS  /tmp/ccuJNwZC.s 			page 14


 183 008e 23F40043 		bic	r3, r3, #32768
 184 0092 2069     		ldr	r0, [r4, #16]
 185 0094 0343     		orrs	r3, r3, r0
 186 0096 0293     		str	r3, [sp, #8]
 425:Inc/STM32F3xx_HAL_Driver/Src/stm32f3xx_hal_comp.c **** 
 187              		.loc 1 425 5 view .LVU56
 188 0098 6369     		ldr	r3, [r4, #20]
 189 009a 0298     		ldr	r0, [sp, #8]
 190 009c 0343     		orrs	r3, r3, r0
 191 009e 0293     		str	r3, [sp, #8]
 425:Inc/STM32F3xx_HAL_Driver/Src/stm32f3xx_hal_comp.c **** 
 192              		.loc 1 425 5 view .LVU57
 193 00a0 E369     		ldr	r3, [r4, #28]
 194 00a2 0298     		ldr	r0, [sp, #8]
 195 00a4 0343     		orrs	r3, r3, r0
 196 00a6 0293     		str	r3, [sp, #8]
 425:Inc/STM32F3xx_HAL_Driver/Src/stm32f3xx_hal_comp.c **** 
 197              		.loc 1 425 5 view .LVU58
 198 00a8 236A     		ldr	r3, [r4, #32]
 199 00aa 0298     		ldr	r0, [sp, #8]
 200 00ac 0343     		orrs	r3, r3, r0
 201 00ae 0293     		str	r3, [sp, #8]
 425:Inc/STM32F3xx_HAL_Driver/Src/stm32f3xx_hal_comp.c **** 
 202              		.loc 1 425 5 view .LVU59
 203 00b0 029B     		ldr	r3, [sp, #8]
 204 00b2 1360     		str	r3, [r2]
 205              	.LBE3:
 425:Inc/STM32F3xx_HAL_Driver/Src/stm32f3xx_hal_comp.c **** 
 206              		.loc 1 425 5 view .LVU60
 429:Inc/STM32F3xx_HAL_Driver/Src/stm32f3xx_hal_comp.c ****         (comp_voltage_scaler_initialized == 0UL))
 207              		.loc 1 429 5 view .LVU61
 429:Inc/STM32F3xx_HAL_Driver/Src/stm32f3xx_hal_comp.c ****         (comp_voltage_scaler_initialized == 0UL))
 208              		.loc 1 429 10 is_stmt 0 view .LVU62
 209 00b4 2368     		ldr	r3, [r4]
 210 00b6 1B68     		ldr	r3, [r3]
 429:Inc/STM32F3xx_HAL_Driver/Src/stm32f3xx_hal_comp.c ****         (comp_voltage_scaler_initialized == 0UL))
 211              		.loc 1 429 8 view .LVU63
 212 00b8 13F0300F 		tst	r3, #48
 213 00bc 13D0     		beq	.L5
 429:Inc/STM32F3xx_HAL_Driver/Src/stm32f3xx_hal_comp.c ****         (comp_voltage_scaler_initialized == 0UL))
 214              		.loc 1 429 98 discriminator 1 view .LVU64
 215 00be 91B9     		cbnz	r1, .L5
 436:Inc/STM32F3xx_HAL_Driver/Src/stm32f3xx_hal_comp.c ****       while (wait_loop_index != 0UL)
 216              		.loc 1 436 7 is_stmt 1 view .LVU65
 436:Inc/STM32F3xx_HAL_Driver/Src/stm32f3xx_hal_comp.c ****       while (wait_loop_index != 0UL)
 217              		.loc 1 436 89 is_stmt 0 view .LVU66
 218 00c0 0C4B     		ldr	r3, .L12
 219 00c2 1B68     		ldr	r3, [r3]
 220 00c4 9B09     		lsrs	r3, r3, #6
 221 00c6 0C4A     		ldr	r2, .L12+4
 222 00c8 A2FB0323 		umull	r2, r3, r2, r3
 223 00cc 9B09     		lsrs	r3, r3, #6
 436:Inc/STM32F3xx_HAL_Driver/Src/stm32f3xx_hal_comp.c ****       while (wait_loop_index != 0UL)
 224              		.loc 1 436 69 view .LVU67
 225 00ce 0133     		adds	r3, r3, #1
 226 00d0 03EB8303 		add	r3, r3, r3, lsl #2
 227 00d4 9B00     		lsls	r3, r3, #2
ARM GAS  /tmp/ccuJNwZC.s 			page 15


 436:Inc/STM32F3xx_HAL_Driver/Src/stm32f3xx_hal_comp.c ****       while (wait_loop_index != 0UL)
 228              		.loc 1 436 23 view .LVU68
 229 00d6 0393     		str	r3, [sp, #12]
 437:Inc/STM32F3xx_HAL_Driver/Src/stm32f3xx_hal_comp.c ****       {
 230              		.loc 1 437 7 is_stmt 1 view .LVU69
 437:Inc/STM32F3xx_HAL_Driver/Src/stm32f3xx_hal_comp.c ****       {
 231              		.loc 1 437 13 is_stmt 0 view .LVU70
 232 00d8 02E0     		b	.L6
 233              	.L7:
 439:Inc/STM32F3xx_HAL_Driver/Src/stm32f3xx_hal_comp.c ****       }
 234              		.loc 1 439 9 is_stmt 1 view .LVU71
 439:Inc/STM32F3xx_HAL_Driver/Src/stm32f3xx_hal_comp.c ****       }
 235              		.loc 1 439 24 is_stmt 0 view .LVU72
 236 00da 039B     		ldr	r3, [sp, #12]
 237 00dc 013B     		subs	r3, r3, #1
 238 00de 0393     		str	r3, [sp, #12]
 239              	.L6:
 437:Inc/STM32F3xx_HAL_Driver/Src/stm32f3xx_hal_comp.c ****       {
 240              		.loc 1 437 30 is_stmt 1 view .LVU73
 241 00e0 039B     		ldr	r3, [sp, #12]
 242 00e2 002B     		cmp	r3, #0
 243 00e4 F9D1     		bne	.L7
 244              	.L5:
 444:Inc/STM32F3xx_HAL_Driver/Src/stm32f3xx_hal_comp.c ****   }
 245              		.loc 1 444 5 view .LVU74
 444:Inc/STM32F3xx_HAL_Driver/Src/stm32f3xx_hal_comp.c ****   }
 246              		.loc 1 444 18 is_stmt 0 view .LVU75
 247 00e6 0123     		movs	r3, #1
 248 00e8 84F82930 		strb	r3, [r4, #41]
 249 00ec 95E7     		b	.L3
 250              	.LVL7:
 251              	.L8:
 361:Inc/STM32F3xx_HAL_Driver/Src/stm32f3xx_hal_comp.c ****   }
 252              		.loc 1 361 12 view .LVU76
 253 00ee 0125     		movs	r5, #1
 254 00f0 93E7     		b	.L3
 255              	.L13:
 256 00f2 00BF     		.align	2
 257              	.L12:
 258 00f4 00000000 		.word	SystemCoreClock
 259 00f8 632D3E05 		.word	87960931
 260              		.cfi_endproc
 261              	.LFE130:
 263              		.section	.text.HAL_COMP_MspDeInit,"ax",%progbits
 264              		.align	1
 265              		.weak	HAL_COMP_MspDeInit
 266              		.syntax unified
 267              		.thumb
 268              		.thumb_func
 270              	HAL_COMP_MspDeInit:
 271              	.LVL8:
 272              	.LFB133:
 510:Inc/STM32F3xx_HAL_Driver/Src/stm32f3xx_hal_comp.c **** 
 511:Inc/STM32F3xx_HAL_Driver/Src/stm32f3xx_hal_comp.c **** /**
 512:Inc/STM32F3xx_HAL_Driver/Src/stm32f3xx_hal_comp.c ****   * @brief  DeInitialize the COMP MSP.
 513:Inc/STM32F3xx_HAL_Driver/Src/stm32f3xx_hal_comp.c ****   * @param  hcomp  COMP handle
 514:Inc/STM32F3xx_HAL_Driver/Src/stm32f3xx_hal_comp.c ****   * @retval None
ARM GAS  /tmp/ccuJNwZC.s 			page 16


 515:Inc/STM32F3xx_HAL_Driver/Src/stm32f3xx_hal_comp.c ****   */
 516:Inc/STM32F3xx_HAL_Driver/Src/stm32f3xx_hal_comp.c **** __weak void HAL_COMP_MspDeInit(COMP_HandleTypeDef *hcomp)
 517:Inc/STM32F3xx_HAL_Driver/Src/stm32f3xx_hal_comp.c **** {
 273              		.loc 1 517 1 is_stmt 1 view -0
 274              		.cfi_startproc
 275              		@ args = 0, pretend = 0, frame = 0
 276              		@ frame_needed = 0, uses_anonymous_args = 0
 277              		@ link register save eliminated.
 518:Inc/STM32F3xx_HAL_Driver/Src/stm32f3xx_hal_comp.c ****   /* Prevent unused argument(s) compilation warning */
 519:Inc/STM32F3xx_HAL_Driver/Src/stm32f3xx_hal_comp.c ****   UNUSED(hcomp);
 278              		.loc 1 519 3 view .LVU78
 520:Inc/STM32F3xx_HAL_Driver/Src/stm32f3xx_hal_comp.c **** 
 521:Inc/STM32F3xx_HAL_Driver/Src/stm32f3xx_hal_comp.c ****   /* NOTE : This function should not be modified, when the callback is needed,
 522:Inc/STM32F3xx_HAL_Driver/Src/stm32f3xx_hal_comp.c ****             the HAL_COMP_MspDeInit could be implemented in the user file
 523:Inc/STM32F3xx_HAL_Driver/Src/stm32f3xx_hal_comp.c ****    */
 524:Inc/STM32F3xx_HAL_Driver/Src/stm32f3xx_hal_comp.c **** }
 279              		.loc 1 524 1 is_stmt 0 view .LVU79
 280 0000 7047     		bx	lr
 281              		.cfi_endproc
 282              	.LFE133:
 284              		.section	.text.HAL_COMP_DeInit,"ax",%progbits
 285              		.align	1
 286              		.global	HAL_COMP_DeInit
 287              		.syntax unified
 288              		.thumb
 289              		.thumb_func
 291              	HAL_COMP_DeInit:
 292              	.LVL9:
 293              	.LFB131:
 458:Inc/STM32F3xx_HAL_Driver/Src/stm32f3xx_hal_comp.c ****   HAL_StatusTypeDef status = HAL_OK;
 294              		.loc 1 458 1 is_stmt 1 view -0
 295              		.cfi_startproc
 296              		@ args = 0, pretend = 0, frame = 0
 297              		@ frame_needed = 0, uses_anonymous_args = 0
 458:Inc/STM32F3xx_HAL_Driver/Src/stm32f3xx_hal_comp.c ****   HAL_StatusTypeDef status = HAL_OK;
 298              		.loc 1 458 1 is_stmt 0 view .LVU81
 299 0000 70B5     		push	{r4, r5, r6, lr}
 300              		.cfi_def_cfa_offset 16
 301              		.cfi_offset 4, -16
 302              		.cfi_offset 5, -12
 303              		.cfi_offset 6, -8
 304              		.cfi_offset 14, -4
 459:Inc/STM32F3xx_HAL_Driver/Src/stm32f3xx_hal_comp.c **** 
 305              		.loc 1 459 3 is_stmt 1 view .LVU82
 306              	.LVL10:
 462:Inc/STM32F3xx_HAL_Driver/Src/stm32f3xx_hal_comp.c ****   {
 307              		.loc 1 462 3 view .LVU83
 462:Inc/STM32F3xx_HAL_Driver/Src/stm32f3xx_hal_comp.c ****   {
 308              		.loc 1 462 6 is_stmt 0 view .LVU84
 309 0002 90B1     		cbz	r0, .L17
 310 0004 0546     		mov	r5, r0
 462:Inc/STM32F3xx_HAL_Driver/Src/stm32f3xx_hal_comp.c ****   {
 311              		.loc 1 462 33 discriminator 1 view .LVU85
 312 0006 90F82940 		ldrb	r4, [r0, #41]	@ zero_extendqisi2
 462:Inc/STM32F3xx_HAL_Driver/Src/stm32f3xx_hal_comp.c ****   {
 313              		.loc 1 462 23 discriminator 1 view .LVU86
 314 000a 14F01004 		ands	r4, r4, #16
ARM GAS  /tmp/ccuJNwZC.s 			page 17


 315 000e 02D0     		beq	.L20
 464:Inc/STM32F3xx_HAL_Driver/Src/stm32f3xx_hal_comp.c ****   }
 316              		.loc 1 464 12 view .LVU87
 317 0010 0124     		movs	r4, #1
 318              	.LVL11:
 319              	.L16:
 490:Inc/STM32F3xx_HAL_Driver/Src/stm32f3xx_hal_comp.c ****   }
 320              		.loc 1 490 5 is_stmt 1 discriminator 1 view .LVU88
 493:Inc/STM32F3xx_HAL_Driver/Src/stm32f3xx_hal_comp.c **** }
 321              		.loc 1 493 3 view .LVU89
 494:Inc/STM32F3xx_HAL_Driver/Src/stm32f3xx_hal_comp.c **** 
 322              		.loc 1 494 1 is_stmt 0 view .LVU90
 323 0012 2046     		mov	r0, r4
 324 0014 70BD     		pop	{r4, r5, r6, pc}
 325              	.LVL12:
 326              	.L20:
 469:Inc/STM32F3xx_HAL_Driver/Src/stm32f3xx_hal_comp.c **** 
 327              		.loc 1 469 5 is_stmt 1 view .LVU91
 472:Inc/STM32F3xx_HAL_Driver/Src/stm32f3xx_hal_comp.c **** 
 328              		.loc 1 472 5 view .LVU92
 329 0016 0368     		ldr	r3, [r0]
 330 0018 0026     		movs	r6, #0
 331 001a 1E60     		str	r6, [r3]
 484:Inc/STM32F3xx_HAL_Driver/Src/stm32f3xx_hal_comp.c **** #endif /* USE_HAL_COMP_REGISTER_CALLBACKS */
 332              		.loc 1 484 5 view .LVU93
 333 001c FFF7FEFF 		bl	HAL_COMP_MspDeInit
 334              	.LVL13:
 487:Inc/STM32F3xx_HAL_Driver/Src/stm32f3xx_hal_comp.c **** 
 335              		.loc 1 487 5 view .LVU94
 487:Inc/STM32F3xx_HAL_Driver/Src/stm32f3xx_hal_comp.c **** 
 336              		.loc 1 487 18 is_stmt 0 view .LVU95
 337 0020 85F82960 		strb	r6, [r5, #41]
 490:Inc/STM32F3xx_HAL_Driver/Src/stm32f3xx_hal_comp.c ****   }
 338              		.loc 1 490 5 is_stmt 1 view .LVU96
 490:Inc/STM32F3xx_HAL_Driver/Src/stm32f3xx_hal_comp.c ****   }
 339              		.loc 1 490 5 view .LVU97
 340 0024 85F82860 		strb	r6, [r5, #40]
 341 0028 F3E7     		b	.L16
 342              	.LVL14:
 343              	.L17:
 464:Inc/STM32F3xx_HAL_Driver/Src/stm32f3xx_hal_comp.c ****   }
 344              		.loc 1 464 12 is_stmt 0 view .LVU98
 345 002a 0124     		movs	r4, #1
 346 002c F1E7     		b	.L16
 347              		.cfi_endproc
 348              	.LFE131:
 350              		.section	.text.HAL_COMP_Start,"ax",%progbits
 351              		.align	1
 352              		.global	HAL_COMP_Start
 353              		.syntax unified
 354              		.thumb
 355              		.thumb_func
 357              	HAL_COMP_Start:
 358              	.LVL15:
 359              	.LFB134:
 525:Inc/STM32F3xx_HAL_Driver/Src/stm32f3xx_hal_comp.c **** 
 526:Inc/STM32F3xx_HAL_Driver/Src/stm32f3xx_hal_comp.c **** #if (USE_HAL_COMP_REGISTER_CALLBACKS == 1)
ARM GAS  /tmp/ccuJNwZC.s 			page 18


 527:Inc/STM32F3xx_HAL_Driver/Src/stm32f3xx_hal_comp.c **** /**
 528:Inc/STM32F3xx_HAL_Driver/Src/stm32f3xx_hal_comp.c ****   * @brief  Register a User COMP Callback
 529:Inc/STM32F3xx_HAL_Driver/Src/stm32f3xx_hal_comp.c ****   *         To be used instead of the weak predefined callback
 530:Inc/STM32F3xx_HAL_Driver/Src/stm32f3xx_hal_comp.c ****   * @param  hcomp Pointer to a COMP_HandleTypeDef structure that contains
 531:Inc/STM32F3xx_HAL_Driver/Src/stm32f3xx_hal_comp.c ****   *                the configuration information for the specified COMP.
 532:Inc/STM32F3xx_HAL_Driver/Src/stm32f3xx_hal_comp.c ****   * @param  CallbackID ID of the callback to be registered
 533:Inc/STM32F3xx_HAL_Driver/Src/stm32f3xx_hal_comp.c ****   *         This parameter can be one of the following values:
 534:Inc/STM32F3xx_HAL_Driver/Src/stm32f3xx_hal_comp.c ****   *          @arg @ref HAL_COMP_TRIGGER_CB_ID Trigger callback ID
 535:Inc/STM32F3xx_HAL_Driver/Src/stm32f3xx_hal_comp.c ****   *          @arg @ref HAL_COMP_MSPINIT_CB_ID MspInit callback ID
 536:Inc/STM32F3xx_HAL_Driver/Src/stm32f3xx_hal_comp.c ****   *          @arg @ref HAL_COMP_MSPDEINIT_CB_ID MspDeInit callback ID
 537:Inc/STM32F3xx_HAL_Driver/Src/stm32f3xx_hal_comp.c ****   * @param  pCallback pointer to the Callback function
 538:Inc/STM32F3xx_HAL_Driver/Src/stm32f3xx_hal_comp.c ****   * @retval HAL status
 539:Inc/STM32F3xx_HAL_Driver/Src/stm32f3xx_hal_comp.c ****   */
 540:Inc/STM32F3xx_HAL_Driver/Src/stm32f3xx_hal_comp.c **** HAL_StatusTypeDef HAL_COMP_RegisterCallback(COMP_HandleTypeDef *hcomp, HAL_COMP_CallbackIDTypeDef C
 541:Inc/STM32F3xx_HAL_Driver/Src/stm32f3xx_hal_comp.c **** {
 542:Inc/STM32F3xx_HAL_Driver/Src/stm32f3xx_hal_comp.c ****   HAL_StatusTypeDef status = HAL_OK;
 543:Inc/STM32F3xx_HAL_Driver/Src/stm32f3xx_hal_comp.c ****   
 544:Inc/STM32F3xx_HAL_Driver/Src/stm32f3xx_hal_comp.c ****   if (pCallback == NULL)
 545:Inc/STM32F3xx_HAL_Driver/Src/stm32f3xx_hal_comp.c ****   {
 546:Inc/STM32F3xx_HAL_Driver/Src/stm32f3xx_hal_comp.c ****     /* Update the error code */
 547:Inc/STM32F3xx_HAL_Driver/Src/stm32f3xx_hal_comp.c ****     hcomp->ErrorCode |= HAL_COMP_ERROR_INVALID_CALLBACK;
 548:Inc/STM32F3xx_HAL_Driver/Src/stm32f3xx_hal_comp.c **** 
 549:Inc/STM32F3xx_HAL_Driver/Src/stm32f3xx_hal_comp.c ****     return HAL_ERROR;
 550:Inc/STM32F3xx_HAL_Driver/Src/stm32f3xx_hal_comp.c ****   }
 551:Inc/STM32F3xx_HAL_Driver/Src/stm32f3xx_hal_comp.c ****   
 552:Inc/STM32F3xx_HAL_Driver/Src/stm32f3xx_hal_comp.c ****   if (HAL_COMP_STATE_READY == hcomp->State)
 553:Inc/STM32F3xx_HAL_Driver/Src/stm32f3xx_hal_comp.c ****   {
 554:Inc/STM32F3xx_HAL_Driver/Src/stm32f3xx_hal_comp.c ****     switch (CallbackID)
 555:Inc/STM32F3xx_HAL_Driver/Src/stm32f3xx_hal_comp.c ****     {
 556:Inc/STM32F3xx_HAL_Driver/Src/stm32f3xx_hal_comp.c ****       case HAL_COMP_TRIGGER_CB_ID :
 557:Inc/STM32F3xx_HAL_Driver/Src/stm32f3xx_hal_comp.c ****         hcomp->TriggerCallback = pCallback;
 558:Inc/STM32F3xx_HAL_Driver/Src/stm32f3xx_hal_comp.c ****         break;
 559:Inc/STM32F3xx_HAL_Driver/Src/stm32f3xx_hal_comp.c ****       
 560:Inc/STM32F3xx_HAL_Driver/Src/stm32f3xx_hal_comp.c ****       case HAL_COMP_MSPINIT_CB_ID :
 561:Inc/STM32F3xx_HAL_Driver/Src/stm32f3xx_hal_comp.c ****         hcomp->MspInitCallback = pCallback;
 562:Inc/STM32F3xx_HAL_Driver/Src/stm32f3xx_hal_comp.c ****         break;
 563:Inc/STM32F3xx_HAL_Driver/Src/stm32f3xx_hal_comp.c ****       
 564:Inc/STM32F3xx_HAL_Driver/Src/stm32f3xx_hal_comp.c ****       case HAL_COMP_MSPDEINIT_CB_ID :
 565:Inc/STM32F3xx_HAL_Driver/Src/stm32f3xx_hal_comp.c ****         hcomp->MspDeInitCallback = pCallback;
 566:Inc/STM32F3xx_HAL_Driver/Src/stm32f3xx_hal_comp.c ****         break;
 567:Inc/STM32F3xx_HAL_Driver/Src/stm32f3xx_hal_comp.c ****       
 568:Inc/STM32F3xx_HAL_Driver/Src/stm32f3xx_hal_comp.c ****       default :
 569:Inc/STM32F3xx_HAL_Driver/Src/stm32f3xx_hal_comp.c ****         /* Update the error code */
 570:Inc/STM32F3xx_HAL_Driver/Src/stm32f3xx_hal_comp.c ****         hcomp->ErrorCode |= HAL_COMP_ERROR_INVALID_CALLBACK;
 571:Inc/STM32F3xx_HAL_Driver/Src/stm32f3xx_hal_comp.c ****         
 572:Inc/STM32F3xx_HAL_Driver/Src/stm32f3xx_hal_comp.c ****         /* Return error status */
 573:Inc/STM32F3xx_HAL_Driver/Src/stm32f3xx_hal_comp.c ****         status = HAL_ERROR;
 574:Inc/STM32F3xx_HAL_Driver/Src/stm32f3xx_hal_comp.c ****         break;
 575:Inc/STM32F3xx_HAL_Driver/Src/stm32f3xx_hal_comp.c ****     }
 576:Inc/STM32F3xx_HAL_Driver/Src/stm32f3xx_hal_comp.c ****   }
 577:Inc/STM32F3xx_HAL_Driver/Src/stm32f3xx_hal_comp.c ****   else if (HAL_COMP_STATE_RESET == hcomp->State)
 578:Inc/STM32F3xx_HAL_Driver/Src/stm32f3xx_hal_comp.c ****   {
 579:Inc/STM32F3xx_HAL_Driver/Src/stm32f3xx_hal_comp.c ****     switch (CallbackID)
 580:Inc/STM32F3xx_HAL_Driver/Src/stm32f3xx_hal_comp.c ****     {
 581:Inc/STM32F3xx_HAL_Driver/Src/stm32f3xx_hal_comp.c ****       case HAL_COMP_MSPINIT_CB_ID :
 582:Inc/STM32F3xx_HAL_Driver/Src/stm32f3xx_hal_comp.c ****         hcomp->MspInitCallback = pCallback;
 583:Inc/STM32F3xx_HAL_Driver/Src/stm32f3xx_hal_comp.c ****         break;
ARM GAS  /tmp/ccuJNwZC.s 			page 19


 584:Inc/STM32F3xx_HAL_Driver/Src/stm32f3xx_hal_comp.c ****       
 585:Inc/STM32F3xx_HAL_Driver/Src/stm32f3xx_hal_comp.c ****       case HAL_COMP_MSPDEINIT_CB_ID :
 586:Inc/STM32F3xx_HAL_Driver/Src/stm32f3xx_hal_comp.c ****         hcomp->MspDeInitCallback = pCallback;
 587:Inc/STM32F3xx_HAL_Driver/Src/stm32f3xx_hal_comp.c ****         break;
 588:Inc/STM32F3xx_HAL_Driver/Src/stm32f3xx_hal_comp.c ****       
 589:Inc/STM32F3xx_HAL_Driver/Src/stm32f3xx_hal_comp.c ****       default :
 590:Inc/STM32F3xx_HAL_Driver/Src/stm32f3xx_hal_comp.c ****         /* Update the error code */
 591:Inc/STM32F3xx_HAL_Driver/Src/stm32f3xx_hal_comp.c ****         hcomp->ErrorCode |= HAL_COMP_ERROR_INVALID_CALLBACK;
 592:Inc/STM32F3xx_HAL_Driver/Src/stm32f3xx_hal_comp.c ****         
 593:Inc/STM32F3xx_HAL_Driver/Src/stm32f3xx_hal_comp.c ****         /* Return error status */
 594:Inc/STM32F3xx_HAL_Driver/Src/stm32f3xx_hal_comp.c ****         status = HAL_ERROR;
 595:Inc/STM32F3xx_HAL_Driver/Src/stm32f3xx_hal_comp.c ****         break;
 596:Inc/STM32F3xx_HAL_Driver/Src/stm32f3xx_hal_comp.c ****     }
 597:Inc/STM32F3xx_HAL_Driver/Src/stm32f3xx_hal_comp.c ****   }
 598:Inc/STM32F3xx_HAL_Driver/Src/stm32f3xx_hal_comp.c ****   else
 599:Inc/STM32F3xx_HAL_Driver/Src/stm32f3xx_hal_comp.c ****   {
 600:Inc/STM32F3xx_HAL_Driver/Src/stm32f3xx_hal_comp.c ****     /* Update the error code */
 601:Inc/STM32F3xx_HAL_Driver/Src/stm32f3xx_hal_comp.c ****     hcomp->ErrorCode |= HAL_COMP_ERROR_INVALID_CALLBACK;
 602:Inc/STM32F3xx_HAL_Driver/Src/stm32f3xx_hal_comp.c ****     
 603:Inc/STM32F3xx_HAL_Driver/Src/stm32f3xx_hal_comp.c ****     /* Return error status */
 604:Inc/STM32F3xx_HAL_Driver/Src/stm32f3xx_hal_comp.c ****     status =  HAL_ERROR;
 605:Inc/STM32F3xx_HAL_Driver/Src/stm32f3xx_hal_comp.c ****   }
 606:Inc/STM32F3xx_HAL_Driver/Src/stm32f3xx_hal_comp.c ****   
 607:Inc/STM32F3xx_HAL_Driver/Src/stm32f3xx_hal_comp.c ****   return status;
 608:Inc/STM32F3xx_HAL_Driver/Src/stm32f3xx_hal_comp.c **** }
 609:Inc/STM32F3xx_HAL_Driver/Src/stm32f3xx_hal_comp.c **** 
 610:Inc/STM32F3xx_HAL_Driver/Src/stm32f3xx_hal_comp.c **** /**
 611:Inc/STM32F3xx_HAL_Driver/Src/stm32f3xx_hal_comp.c ****   * @brief  Unregister a COMP Callback
 612:Inc/STM32F3xx_HAL_Driver/Src/stm32f3xx_hal_comp.c ****   *         COMP callback is redirected to the weak predefined callback
 613:Inc/STM32F3xx_HAL_Driver/Src/stm32f3xx_hal_comp.c ****   * @param  hcomp Pointer to a COMP_HandleTypeDef structure that contains
 614:Inc/STM32F3xx_HAL_Driver/Src/stm32f3xx_hal_comp.c ****   *                the configuration information for the specified COMP.
 615:Inc/STM32F3xx_HAL_Driver/Src/stm32f3xx_hal_comp.c ****   * @param  CallbackID ID of the callback to be unregistered
 616:Inc/STM32F3xx_HAL_Driver/Src/stm32f3xx_hal_comp.c ****   *         This parameter can be one of the following values:
 617:Inc/STM32F3xx_HAL_Driver/Src/stm32f3xx_hal_comp.c ****   *          @arg @ref HAL_COMP_TRIGGER_CB_ID Trigger callback ID
 618:Inc/STM32F3xx_HAL_Driver/Src/stm32f3xx_hal_comp.c ****   *          @arg @ref HAL_COMP_MSPINIT_CB_ID MspInit callback ID
 619:Inc/STM32F3xx_HAL_Driver/Src/stm32f3xx_hal_comp.c ****   *          @arg @ref HAL_COMP_MSPDEINIT_CB_ID MspDeInit callback ID
 620:Inc/STM32F3xx_HAL_Driver/Src/stm32f3xx_hal_comp.c ****   * @retval HAL status
 621:Inc/STM32F3xx_HAL_Driver/Src/stm32f3xx_hal_comp.c ****   */
 622:Inc/STM32F3xx_HAL_Driver/Src/stm32f3xx_hal_comp.c **** HAL_StatusTypeDef HAL_COMP_UnRegisterCallback(COMP_HandleTypeDef *hcomp, HAL_COMP_CallbackIDTypeDef
 623:Inc/STM32F3xx_HAL_Driver/Src/stm32f3xx_hal_comp.c **** {
 624:Inc/STM32F3xx_HAL_Driver/Src/stm32f3xx_hal_comp.c ****   HAL_StatusTypeDef status = HAL_OK;
 625:Inc/STM32F3xx_HAL_Driver/Src/stm32f3xx_hal_comp.c **** 
 626:Inc/STM32F3xx_HAL_Driver/Src/stm32f3xx_hal_comp.c ****   if (HAL_COMP_STATE_READY == hcomp->State)
 627:Inc/STM32F3xx_HAL_Driver/Src/stm32f3xx_hal_comp.c ****   {
 628:Inc/STM32F3xx_HAL_Driver/Src/stm32f3xx_hal_comp.c ****     switch (CallbackID)
 629:Inc/STM32F3xx_HAL_Driver/Src/stm32f3xx_hal_comp.c ****     {
 630:Inc/STM32F3xx_HAL_Driver/Src/stm32f3xx_hal_comp.c ****       case HAL_COMP_TRIGGER_CB_ID :
 631:Inc/STM32F3xx_HAL_Driver/Src/stm32f3xx_hal_comp.c ****         hcomp->TriggerCallback = HAL_COMP_TriggerCallback;         /* Legacy weak callback */
 632:Inc/STM32F3xx_HAL_Driver/Src/stm32f3xx_hal_comp.c ****         break;
 633:Inc/STM32F3xx_HAL_Driver/Src/stm32f3xx_hal_comp.c ****       
 634:Inc/STM32F3xx_HAL_Driver/Src/stm32f3xx_hal_comp.c ****       case HAL_COMP_MSPINIT_CB_ID :
 635:Inc/STM32F3xx_HAL_Driver/Src/stm32f3xx_hal_comp.c ****         hcomp->MspInitCallback = HAL_COMP_MspInit;                 /* Legacy weak MspInit */
 636:Inc/STM32F3xx_HAL_Driver/Src/stm32f3xx_hal_comp.c ****         break;
 637:Inc/STM32F3xx_HAL_Driver/Src/stm32f3xx_hal_comp.c **** 
 638:Inc/STM32F3xx_HAL_Driver/Src/stm32f3xx_hal_comp.c ****       case HAL_COMP_MSPDEINIT_CB_ID :
 639:Inc/STM32F3xx_HAL_Driver/Src/stm32f3xx_hal_comp.c ****         hcomp->MspDeInitCallback = HAL_COMP_MspDeInit;             /* Legacy weak MspDeInit */
 640:Inc/STM32F3xx_HAL_Driver/Src/stm32f3xx_hal_comp.c ****         break;
ARM GAS  /tmp/ccuJNwZC.s 			page 20


 641:Inc/STM32F3xx_HAL_Driver/Src/stm32f3xx_hal_comp.c **** 
 642:Inc/STM32F3xx_HAL_Driver/Src/stm32f3xx_hal_comp.c ****       default :
 643:Inc/STM32F3xx_HAL_Driver/Src/stm32f3xx_hal_comp.c ****         /* Update the error code */
 644:Inc/STM32F3xx_HAL_Driver/Src/stm32f3xx_hal_comp.c ****         hcomp->ErrorCode |= HAL_COMP_ERROR_INVALID_CALLBACK;
 645:Inc/STM32F3xx_HAL_Driver/Src/stm32f3xx_hal_comp.c **** 
 646:Inc/STM32F3xx_HAL_Driver/Src/stm32f3xx_hal_comp.c ****         /* Return error status */
 647:Inc/STM32F3xx_HAL_Driver/Src/stm32f3xx_hal_comp.c ****         status =  HAL_ERROR;
 648:Inc/STM32F3xx_HAL_Driver/Src/stm32f3xx_hal_comp.c ****         break;
 649:Inc/STM32F3xx_HAL_Driver/Src/stm32f3xx_hal_comp.c ****     }
 650:Inc/STM32F3xx_HAL_Driver/Src/stm32f3xx_hal_comp.c ****   }
 651:Inc/STM32F3xx_HAL_Driver/Src/stm32f3xx_hal_comp.c ****   else if (HAL_COMP_STATE_RESET == hcomp->State)
 652:Inc/STM32F3xx_HAL_Driver/Src/stm32f3xx_hal_comp.c ****   {
 653:Inc/STM32F3xx_HAL_Driver/Src/stm32f3xx_hal_comp.c ****     switch (CallbackID)
 654:Inc/STM32F3xx_HAL_Driver/Src/stm32f3xx_hal_comp.c ****     {
 655:Inc/STM32F3xx_HAL_Driver/Src/stm32f3xx_hal_comp.c ****       case HAL_COMP_MSPINIT_CB_ID :
 656:Inc/STM32F3xx_HAL_Driver/Src/stm32f3xx_hal_comp.c ****         hcomp->MspInitCallback = HAL_COMP_MspInit;                 /* Legacy weak MspInit */
 657:Inc/STM32F3xx_HAL_Driver/Src/stm32f3xx_hal_comp.c ****         break;
 658:Inc/STM32F3xx_HAL_Driver/Src/stm32f3xx_hal_comp.c **** 
 659:Inc/STM32F3xx_HAL_Driver/Src/stm32f3xx_hal_comp.c ****       case HAL_COMP_MSPDEINIT_CB_ID :
 660:Inc/STM32F3xx_HAL_Driver/Src/stm32f3xx_hal_comp.c ****         hcomp->MspDeInitCallback = HAL_COMP_MspDeInit;             /* Legacy weak MspDeInit */
 661:Inc/STM32F3xx_HAL_Driver/Src/stm32f3xx_hal_comp.c ****         break;
 662:Inc/STM32F3xx_HAL_Driver/Src/stm32f3xx_hal_comp.c **** 
 663:Inc/STM32F3xx_HAL_Driver/Src/stm32f3xx_hal_comp.c ****       default :
 664:Inc/STM32F3xx_HAL_Driver/Src/stm32f3xx_hal_comp.c ****         /* Update the error code */
 665:Inc/STM32F3xx_HAL_Driver/Src/stm32f3xx_hal_comp.c ****         hcomp->ErrorCode |= HAL_COMP_ERROR_INVALID_CALLBACK;
 666:Inc/STM32F3xx_HAL_Driver/Src/stm32f3xx_hal_comp.c **** 
 667:Inc/STM32F3xx_HAL_Driver/Src/stm32f3xx_hal_comp.c ****         /* Return error status */
 668:Inc/STM32F3xx_HAL_Driver/Src/stm32f3xx_hal_comp.c ****         status =  HAL_ERROR;
 669:Inc/STM32F3xx_HAL_Driver/Src/stm32f3xx_hal_comp.c ****         break;
 670:Inc/STM32F3xx_HAL_Driver/Src/stm32f3xx_hal_comp.c ****     }
 671:Inc/STM32F3xx_HAL_Driver/Src/stm32f3xx_hal_comp.c ****   }
 672:Inc/STM32F3xx_HAL_Driver/Src/stm32f3xx_hal_comp.c ****   else
 673:Inc/STM32F3xx_HAL_Driver/Src/stm32f3xx_hal_comp.c ****   {
 674:Inc/STM32F3xx_HAL_Driver/Src/stm32f3xx_hal_comp.c ****     /* Update the error code */
 675:Inc/STM32F3xx_HAL_Driver/Src/stm32f3xx_hal_comp.c ****     hcomp->ErrorCode |= HAL_COMP_ERROR_INVALID_CALLBACK;
 676:Inc/STM32F3xx_HAL_Driver/Src/stm32f3xx_hal_comp.c **** 
 677:Inc/STM32F3xx_HAL_Driver/Src/stm32f3xx_hal_comp.c ****     /* Return error status */
 678:Inc/STM32F3xx_HAL_Driver/Src/stm32f3xx_hal_comp.c ****     status =  HAL_ERROR;
 679:Inc/STM32F3xx_HAL_Driver/Src/stm32f3xx_hal_comp.c ****   }
 680:Inc/STM32F3xx_HAL_Driver/Src/stm32f3xx_hal_comp.c **** 
 681:Inc/STM32F3xx_HAL_Driver/Src/stm32f3xx_hal_comp.c ****   return status;
 682:Inc/STM32F3xx_HAL_Driver/Src/stm32f3xx_hal_comp.c **** }
 683:Inc/STM32F3xx_HAL_Driver/Src/stm32f3xx_hal_comp.c **** 
 684:Inc/STM32F3xx_HAL_Driver/Src/stm32f3xx_hal_comp.c **** #endif /* USE_HAL_COMP_REGISTER_CALLBACKS */
 685:Inc/STM32F3xx_HAL_Driver/Src/stm32f3xx_hal_comp.c **** 
 686:Inc/STM32F3xx_HAL_Driver/Src/stm32f3xx_hal_comp.c **** /**
 687:Inc/STM32F3xx_HAL_Driver/Src/stm32f3xx_hal_comp.c ****   * @}
 688:Inc/STM32F3xx_HAL_Driver/Src/stm32f3xx_hal_comp.c ****   */
 689:Inc/STM32F3xx_HAL_Driver/Src/stm32f3xx_hal_comp.c **** 
 690:Inc/STM32F3xx_HAL_Driver/Src/stm32f3xx_hal_comp.c **** /** @defgroup COMP_Exported_Functions_Group2 Start Stop operation functions
 691:Inc/STM32F3xx_HAL_Driver/Src/stm32f3xx_hal_comp.c ****  *  @brief   Start-Stop operation functions.
 692:Inc/STM32F3xx_HAL_Driver/Src/stm32f3xx_hal_comp.c ****  *
 693:Inc/STM32F3xx_HAL_Driver/Src/stm32f3xx_hal_comp.c **** @verbatim
 694:Inc/STM32F3xx_HAL_Driver/Src/stm32f3xx_hal_comp.c ****  ===============================================================================
 695:Inc/STM32F3xx_HAL_Driver/Src/stm32f3xx_hal_comp.c ****                       ##### Start Stop operation functions #####
 696:Inc/STM32F3xx_HAL_Driver/Src/stm32f3xx_hal_comp.c ****  ===============================================================================
 697:Inc/STM32F3xx_HAL_Driver/Src/stm32f3xx_hal_comp.c ****     [..]  This section provides functions allowing to:
ARM GAS  /tmp/ccuJNwZC.s 			page 21


 698:Inc/STM32F3xx_HAL_Driver/Src/stm32f3xx_hal_comp.c ****       (+) Start a comparator without interrupt generation.
 699:Inc/STM32F3xx_HAL_Driver/Src/stm32f3xx_hal_comp.c ****       (+) Stop a comparator without interrupt generation.
 700:Inc/STM32F3xx_HAL_Driver/Src/stm32f3xx_hal_comp.c ****       (+) Start a comparator with interrupt generation.
 701:Inc/STM32F3xx_HAL_Driver/Src/stm32f3xx_hal_comp.c ****       (+) Stop a comparator with interrupt generation.
 702:Inc/STM32F3xx_HAL_Driver/Src/stm32f3xx_hal_comp.c ****       (+) Handle interrupts from a comparator with associated callback function.
 703:Inc/STM32F3xx_HAL_Driver/Src/stm32f3xx_hal_comp.c **** 
 704:Inc/STM32F3xx_HAL_Driver/Src/stm32f3xx_hal_comp.c **** @endverbatim
 705:Inc/STM32F3xx_HAL_Driver/Src/stm32f3xx_hal_comp.c ****   * @{
 706:Inc/STM32F3xx_HAL_Driver/Src/stm32f3xx_hal_comp.c ****   */
 707:Inc/STM32F3xx_HAL_Driver/Src/stm32f3xx_hal_comp.c **** 
 708:Inc/STM32F3xx_HAL_Driver/Src/stm32f3xx_hal_comp.c **** /**
 709:Inc/STM32F3xx_HAL_Driver/Src/stm32f3xx_hal_comp.c ****   * @brief  Start the comparator.
 710:Inc/STM32F3xx_HAL_Driver/Src/stm32f3xx_hal_comp.c ****   * @param  hcomp  COMP handle
 711:Inc/STM32F3xx_HAL_Driver/Src/stm32f3xx_hal_comp.c ****   * @retval HAL status
 712:Inc/STM32F3xx_HAL_Driver/Src/stm32f3xx_hal_comp.c ****   */
 713:Inc/STM32F3xx_HAL_Driver/Src/stm32f3xx_hal_comp.c **** HAL_StatusTypeDef HAL_COMP_Start(COMP_HandleTypeDef *hcomp)
 714:Inc/STM32F3xx_HAL_Driver/Src/stm32f3xx_hal_comp.c **** {
 360              		.loc 1 714 1 is_stmt 1 view -0
 361              		.cfi_startproc
 362              		@ args = 0, pretend = 0, frame = 8
 363              		@ frame_needed = 0, uses_anonymous_args = 0
 364              		@ link register save eliminated.
 365              		.loc 1 714 1 is_stmt 0 view .LVU100
 366 0000 30B4     		push	{r4, r5}
 367              		.cfi_def_cfa_offset 8
 368              		.cfi_offset 4, -8
 369              		.cfi_offset 5, -4
 370 0002 82B0     		sub	sp, sp, #8
 371              		.cfi_def_cfa_offset 16
 715:Inc/STM32F3xx_HAL_Driver/Src/stm32f3xx_hal_comp.c ****   __IO uint32_t wait_loop_index = 0UL;
 372              		.loc 1 715 3 is_stmt 1 view .LVU101
 373              		.loc 1 715 17 is_stmt 0 view .LVU102
 374 0004 0023     		movs	r3, #0
 375 0006 0193     		str	r3, [sp, #4]
 716:Inc/STM32F3xx_HAL_Driver/Src/stm32f3xx_hal_comp.c ****   HAL_StatusTypeDef status = HAL_OK;
 376              		.loc 1 716 3 is_stmt 1 view .LVU103
 377              	.LVL16:
 717:Inc/STM32F3xx_HAL_Driver/Src/stm32f3xx_hal_comp.c ****   uint32_t extiline = 0U;
 378              		.loc 1 717 3 view .LVU104
 718:Inc/STM32F3xx_HAL_Driver/Src/stm32f3xx_hal_comp.c **** 
 719:Inc/STM32F3xx_HAL_Driver/Src/stm32f3xx_hal_comp.c ****   /* Check the COMP handle allocation and lock status */
 720:Inc/STM32F3xx_HAL_Driver/Src/stm32f3xx_hal_comp.c ****   if ((hcomp == NULL) || ((hcomp->State & COMP_STATE_BIT_LOCK) != RESET))
 379              		.loc 1 720 3 view .LVU105
 380              		.loc 1 720 6 is_stmt 0 view .LVU106
 381 0008 0028     		cmp	r0, #0
 382 000a 00F0A080 		beq	.L38
 383 000e 0346     		mov	r3, r0
 384              		.loc 1 720 33 discriminator 1 view .LVU107
 385 0010 90F82900 		ldrb	r0, [r0, #41]	@ zero_extendqisi2
 386              	.LVL17:
 387              		.loc 1 720 23 discriminator 1 view .LVU108
 388 0014 10F01000 		ands	r0, r0, #16
 389 0018 40F09B80 		bne	.L39
 721:Inc/STM32F3xx_HAL_Driver/Src/stm32f3xx_hal_comp.c ****   {
 722:Inc/STM32F3xx_HAL_Driver/Src/stm32f3xx_hal_comp.c ****     status = HAL_ERROR;
 723:Inc/STM32F3xx_HAL_Driver/Src/stm32f3xx_hal_comp.c ****   }
 724:Inc/STM32F3xx_HAL_Driver/Src/stm32f3xx_hal_comp.c ****   else
ARM GAS  /tmp/ccuJNwZC.s 			page 22


 725:Inc/STM32F3xx_HAL_Driver/Src/stm32f3xx_hal_comp.c ****   {
 726:Inc/STM32F3xx_HAL_Driver/Src/stm32f3xx_hal_comp.c ****     /* Check the parameter */
 727:Inc/STM32F3xx_HAL_Driver/Src/stm32f3xx_hal_comp.c ****     assert_param(IS_COMP_ALL_INSTANCE(hcomp->Instance));
 390              		.loc 1 727 5 is_stmt 1 view .LVU109
 728:Inc/STM32F3xx_HAL_Driver/Src/stm32f3xx_hal_comp.c **** 
 729:Inc/STM32F3xx_HAL_Driver/Src/stm32f3xx_hal_comp.c ****     if (hcomp->State == HAL_COMP_STATE_READY)
 391              		.loc 1 729 5 view .LVU110
 392              		.loc 1 729 14 is_stmt 0 view .LVU111
 393 001c 93F82920 		ldrb	r2, [r3, #41]	@ zero_extendqisi2
 394              		.loc 1 729 8 view .LVU112
 395 0020 012A     		cmp	r2, #1
 396 0022 01D0     		beq	.L48
 730:Inc/STM32F3xx_HAL_Driver/Src/stm32f3xx_hal_comp.c ****     {
 731:Inc/STM32F3xx_HAL_Driver/Src/stm32f3xx_hal_comp.c ****       /* Get the EXTI Line output configuration */
 732:Inc/STM32F3xx_HAL_Driver/Src/stm32f3xx_hal_comp.c ****       extiline = COMP_GET_EXTI_LINE(hcomp->Instance);
 733:Inc/STM32F3xx_HAL_Driver/Src/stm32f3xx_hal_comp.c **** 
 734:Inc/STM32F3xx_HAL_Driver/Src/stm32f3xx_hal_comp.c ****       /* Configure the event generation */
 735:Inc/STM32F3xx_HAL_Driver/Src/stm32f3xx_hal_comp.c ****       if ((hcomp->Init.TriggerMode & (COMP_TRIGGERMODE_EVENT_RISING | COMP_TRIGGERMODE_EVENT_FALLIN
 736:Inc/STM32F3xx_HAL_Driver/Src/stm32f3xx_hal_comp.c ****       {
 737:Inc/STM32F3xx_HAL_Driver/Src/stm32f3xx_hal_comp.c ****         /* Configure the event trigger rising edge */
 738:Inc/STM32F3xx_HAL_Driver/Src/stm32f3xx_hal_comp.c ****         if ((hcomp->Init.TriggerMode & COMP_TRIGGERMODE_EVENT_RISING) != RESET)
 739:Inc/STM32F3xx_HAL_Driver/Src/stm32f3xx_hal_comp.c ****         {
 740:Inc/STM32F3xx_HAL_Driver/Src/stm32f3xx_hal_comp.c ****           COMP_EXTI_RISING_ENABLE(extiline);
 741:Inc/STM32F3xx_HAL_Driver/Src/stm32f3xx_hal_comp.c ****         }
 742:Inc/STM32F3xx_HAL_Driver/Src/stm32f3xx_hal_comp.c ****         else
 743:Inc/STM32F3xx_HAL_Driver/Src/stm32f3xx_hal_comp.c ****         {
 744:Inc/STM32F3xx_HAL_Driver/Src/stm32f3xx_hal_comp.c ****           COMP_EXTI_RISING_DISABLE(extiline);
 745:Inc/STM32F3xx_HAL_Driver/Src/stm32f3xx_hal_comp.c ****         }
 746:Inc/STM32F3xx_HAL_Driver/Src/stm32f3xx_hal_comp.c **** 
 747:Inc/STM32F3xx_HAL_Driver/Src/stm32f3xx_hal_comp.c ****         /* Configure the trigger falling edge */
 748:Inc/STM32F3xx_HAL_Driver/Src/stm32f3xx_hal_comp.c ****         if ((hcomp->Init.TriggerMode & COMP_TRIGGERMODE_EVENT_FALLING) != RESET)
 749:Inc/STM32F3xx_HAL_Driver/Src/stm32f3xx_hal_comp.c ****         {
 750:Inc/STM32F3xx_HAL_Driver/Src/stm32f3xx_hal_comp.c ****           COMP_EXTI_FALLING_ENABLE(extiline);
 751:Inc/STM32F3xx_HAL_Driver/Src/stm32f3xx_hal_comp.c ****         }
 752:Inc/STM32F3xx_HAL_Driver/Src/stm32f3xx_hal_comp.c ****         else
 753:Inc/STM32F3xx_HAL_Driver/Src/stm32f3xx_hal_comp.c ****         {
 754:Inc/STM32F3xx_HAL_Driver/Src/stm32f3xx_hal_comp.c ****           COMP_EXTI_FALLING_DISABLE(extiline);
 755:Inc/STM32F3xx_HAL_Driver/Src/stm32f3xx_hal_comp.c ****         }
 756:Inc/STM32F3xx_HAL_Driver/Src/stm32f3xx_hal_comp.c **** 
 757:Inc/STM32F3xx_HAL_Driver/Src/stm32f3xx_hal_comp.c ****         /* Enable EXTI event generation */
 758:Inc/STM32F3xx_HAL_Driver/Src/stm32f3xx_hal_comp.c ****         COMP_EXTI_ENABLE_EVENT(extiline);
 759:Inc/STM32F3xx_HAL_Driver/Src/stm32f3xx_hal_comp.c **** 
 760:Inc/STM32F3xx_HAL_Driver/Src/stm32f3xx_hal_comp.c ****         /* Clear COMP EXTI pending bit */
 761:Inc/STM32F3xx_HAL_Driver/Src/stm32f3xx_hal_comp.c ****         COMP_EXTI_CLEAR_FLAG(extiline);
 762:Inc/STM32F3xx_HAL_Driver/Src/stm32f3xx_hal_comp.c ****       }
 763:Inc/STM32F3xx_HAL_Driver/Src/stm32f3xx_hal_comp.c **** 
 764:Inc/STM32F3xx_HAL_Driver/Src/stm32f3xx_hal_comp.c ****       /* Enable the selected comparator */
 765:Inc/STM32F3xx_HAL_Driver/Src/stm32f3xx_hal_comp.c ****       __HAL_COMP_ENABLE(hcomp);
 766:Inc/STM32F3xx_HAL_Driver/Src/stm32f3xx_hal_comp.c **** 
 767:Inc/STM32F3xx_HAL_Driver/Src/stm32f3xx_hal_comp.c ****       hcomp->State = HAL_COMP_STATE_BUSY;
 768:Inc/STM32F3xx_HAL_Driver/Src/stm32f3xx_hal_comp.c **** 
 769:Inc/STM32F3xx_HAL_Driver/Src/stm32f3xx_hal_comp.c ****       /* Delay for COMP startup time */
 770:Inc/STM32F3xx_HAL_Driver/Src/stm32f3xx_hal_comp.c ****       /* Wait loop initialization and execution */
 771:Inc/STM32F3xx_HAL_Driver/Src/stm32f3xx_hal_comp.c ****       /* Note: Variable divided by 2 to compensate partially              */
 772:Inc/STM32F3xx_HAL_Driver/Src/stm32f3xx_hal_comp.c ****       /*       CPU processing cycles, scaling in us split to not          */
 773:Inc/STM32F3xx_HAL_Driver/Src/stm32f3xx_hal_comp.c ****       /*       exceed 32 bits register capacity and handle low frequency. */
 774:Inc/STM32F3xx_HAL_Driver/Src/stm32f3xx_hal_comp.c ****       wait_loop_index = ((COMP_DELAY_STARTUP_US / 10UL) * ((SystemCoreClock / (100000UL * 2UL)) + 1
ARM GAS  /tmp/ccuJNwZC.s 			page 23


 775:Inc/STM32F3xx_HAL_Driver/Src/stm32f3xx_hal_comp.c ****       while (wait_loop_index != 0UL)
 776:Inc/STM32F3xx_HAL_Driver/Src/stm32f3xx_hal_comp.c ****       {
 777:Inc/STM32F3xx_HAL_Driver/Src/stm32f3xx_hal_comp.c ****         wait_loop_index--;
 778:Inc/STM32F3xx_HAL_Driver/Src/stm32f3xx_hal_comp.c ****       }
 779:Inc/STM32F3xx_HAL_Driver/Src/stm32f3xx_hal_comp.c ****     }
 780:Inc/STM32F3xx_HAL_Driver/Src/stm32f3xx_hal_comp.c ****     else
 781:Inc/STM32F3xx_HAL_Driver/Src/stm32f3xx_hal_comp.c ****     {
 782:Inc/STM32F3xx_HAL_Driver/Src/stm32f3xx_hal_comp.c ****       status = HAL_ERROR;
 397              		.loc 1 782 14 view .LVU113
 398 0024 0120     		movs	r0, #1
 399 0026 95E0     		b	.L22
 400              	.L48:
 732:Inc/STM32F3xx_HAL_Driver/Src/stm32f3xx_hal_comp.c **** 
 401              		.loc 1 732 7 is_stmt 1 view .LVU114
 732:Inc/STM32F3xx_HAL_Driver/Src/stm32f3xx_hal_comp.c **** 
 402              		.loc 1 732 18 is_stmt 0 view .LVU115
 403 0028 1A68     		ldr	r2, [r3]
 404 002a 4C49     		ldr	r1, .L50
 405 002c 8A42     		cmp	r2, r1
 406 002e 12D0     		beq	.L41
 732:Inc/STM32F3xx_HAL_Driver/Src/stm32f3xx_hal_comp.c **** 
 407              		.loc 1 732 18 discriminator 1 view .LVU116
 408 0030 0431     		adds	r1, r1, #4
 409 0032 8A42     		cmp	r2, r1
 410 0034 48D0     		beq	.L42
 732:Inc/STM32F3xx_HAL_Driver/Src/stm32f3xx_hal_comp.c **** 
 411              		.loc 1 732 18 discriminator 3 view .LVU117
 412 0036 0431     		adds	r1, r1, #4
 413 0038 8A42     		cmp	r2, r1
 414 003a 48D0     		beq	.L43
 732:Inc/STM32F3xx_HAL_Driver/Src/stm32f3xx_hal_comp.c **** 
 415              		.loc 1 732 18 discriminator 5 view .LVU118
 416 003c 0431     		adds	r1, r1, #4
 417 003e 8A42     		cmp	r2, r1
 418 0040 48D0     		beq	.L44
 732:Inc/STM32F3xx_HAL_Driver/Src/stm32f3xx_hal_comp.c **** 
 419              		.loc 1 732 18 discriminator 7 view .LVU119
 420 0042 0431     		adds	r1, r1, #4
 421 0044 8A42     		cmp	r2, r1
 422 0046 48D0     		beq	.L45
 732:Inc/STM32F3xx_HAL_Driver/Src/stm32f3xx_hal_comp.c **** 
 423              		.loc 1 732 18 discriminator 9 view .LVU120
 424 0048 0431     		adds	r1, r1, #4
 425 004a 8A42     		cmp	r2, r1
 426 004c 01D0     		beq	.L49
 732:Inc/STM32F3xx_HAL_Driver/Src/stm32f3xx_hal_comp.c **** 
 427              		.loc 1 732 18 discriminator 12 view .LVU121
 428 004e 0222     		movs	r2, #2
 429 0050 03E0     		b	.L23
 430              	.L49:
 732:Inc/STM32F3xx_HAL_Driver/Src/stm32f3xx_hal_comp.c **** 
 431              		.loc 1 732 18 discriminator 11 view .LVU122
 432 0052 0122     		movs	r2, #1
 433 0054 01E0     		b	.L23
 434              	.L41:
 732:Inc/STM32F3xx_HAL_Driver/Src/stm32f3xx_hal_comp.c **** 
 435              		.loc 1 732 18 discriminator 2 view .LVU123
ARM GAS  /tmp/ccuJNwZC.s 			page 24


 436 0056 4FF40012 		mov	r2, #2097152
 437              	.L23:
 438              	.LVL18:
 735:Inc/STM32F3xx_HAL_Driver/Src/stm32f3xx_hal_comp.c ****       {
 439              		.loc 1 735 7 is_stmt 1 view .LVU124
 735:Inc/STM32F3xx_HAL_Driver/Src/stm32f3xx_hal_comp.c ****       {
 440              		.loc 1 735 23 is_stmt 0 view .LVU125
 441 005a 596A     		ldr	r1, [r3, #36]
 735:Inc/STM32F3xx_HAL_Driver/Src/stm32f3xx_hal_comp.c ****       {
 442              		.loc 1 735 10 view .LVU126
 443 005c 11F0300F 		tst	r1, #48
 444 0060 1FD0     		beq	.L24
 738:Inc/STM32F3xx_HAL_Driver/Src/stm32f3xx_hal_comp.c ****         {
 445              		.loc 1 738 9 is_stmt 1 view .LVU127
 738:Inc/STM32F3xx_HAL_Driver/Src/stm32f3xx_hal_comp.c ****         {
 446              		.loc 1 738 12 is_stmt 0 view .LVU128
 447 0062 11F0100F 		tst	r1, #16
 448 0066 40D0     		beq	.L25
 740:Inc/STM32F3xx_HAL_Driver/Src/stm32f3xx_hal_comp.c ****         }
 449              		.loc 1 740 11 is_stmt 1 view .LVU129
 450 0068 12F0030F 		tst	r2, #3
 451 006c 38D0     		beq	.L26
 740:Inc/STM32F3xx_HAL_Driver/Src/stm32f3xx_hal_comp.c ****         }
 452              		.loc 1 740 11 is_stmt 0 discriminator 1 view .LVU130
 453 006e 3C4C     		ldr	r4, .L50+4
 454 0070 A16A     		ldr	r1, [r4, #40]
 455 0072 1143     		orrs	r1, r1, r2
 456 0074 A162     		str	r1, [r4, #40]
 457              	.L27:
 748:Inc/STM32F3xx_HAL_Driver/Src/stm32f3xx_hal_comp.c ****         {
 458              		.loc 1 748 9 is_stmt 1 view .LVU131
 748:Inc/STM32F3xx_HAL_Driver/Src/stm32f3xx_hal_comp.c ****         {
 459              		.loc 1 748 25 is_stmt 0 view .LVU132
 460 0076 596A     		ldr	r1, [r3, #36]
 748:Inc/STM32F3xx_HAL_Driver/Src/stm32f3xx_hal_comp.c ****         {
 461              		.loc 1 748 12 view .LVU133
 462 0078 11F0200F 		tst	r1, #32
 463 007c 49D0     		beq	.L29
 750:Inc/STM32F3xx_HAL_Driver/Src/stm32f3xx_hal_comp.c ****         }
 464              		.loc 1 750 11 is_stmt 1 view .LVU134
 465 007e 12F0030F 		tst	r2, #3
 466 0082 41D0     		beq	.L30
 750:Inc/STM32F3xx_HAL_Driver/Src/stm32f3xx_hal_comp.c ****         }
 467              		.loc 1 750 11 is_stmt 0 discriminator 1 view .LVU135
 468 0084 364C     		ldr	r4, .L50+4
 469 0086 E16A     		ldr	r1, [r4, #44]
 470 0088 1143     		orrs	r1, r1, r2
 471 008a E162     		str	r1, [r4, #44]
 472              	.L31:
 758:Inc/STM32F3xx_HAL_Driver/Src/stm32f3xx_hal_comp.c **** 
 473              		.loc 1 758 9 is_stmt 1 view .LVU136
 474 008c 12F00301 		ands	r1, r2, #3
 475 0090 4ED0     		beq	.L33
 758:Inc/STM32F3xx_HAL_Driver/Src/stm32f3xx_hal_comp.c **** 
 476              		.loc 1 758 9 is_stmt 0 discriminator 1 view .LVU137
 477 0092 334D     		ldr	r5, .L50+4
 478 0094 6C6A     		ldr	r4, [r5, #36]
ARM GAS  /tmp/ccuJNwZC.s 			page 25


 479 0096 1443     		orrs	r4, r4, r2
 480 0098 6C62     		str	r4, [r5, #36]
 481              	.L34:
 761:Inc/STM32F3xx_HAL_Driver/Src/stm32f3xx_hal_comp.c ****       }
 482              		.loc 1 761 9 is_stmt 1 view .LVU138
 483 009a 0029     		cmp	r1, #0
 484 009c 4DD0     		beq	.L35
 761:Inc/STM32F3xx_HAL_Driver/Src/stm32f3xx_hal_comp.c ****       }
 485              		.loc 1 761 9 is_stmt 0 discriminator 1 view .LVU139
 486 009e 3049     		ldr	r1, .L50+4
 487 00a0 4A63     		str	r2, [r1, #52]
 488              	.L24:
 765:Inc/STM32F3xx_HAL_Driver/Src/stm32f3xx_hal_comp.c **** 
 489              		.loc 1 765 7 is_stmt 1 view .LVU140
 490 00a2 1968     		ldr	r1, [r3]
 491 00a4 0A68     		ldr	r2, [r1]
 492              	.LVL19:
 765:Inc/STM32F3xx_HAL_Driver/Src/stm32f3xx_hal_comp.c **** 
 493              		.loc 1 765 7 is_stmt 0 view .LVU141
 494 00a6 42F00102 		orr	r2, r2, #1
 495 00aa 0A60     		str	r2, [r1]
 767:Inc/STM32F3xx_HAL_Driver/Src/stm32f3xx_hal_comp.c **** 
 496              		.loc 1 767 7 is_stmt 1 view .LVU142
 767:Inc/STM32F3xx_HAL_Driver/Src/stm32f3xx_hal_comp.c **** 
 497              		.loc 1 767 20 is_stmt 0 view .LVU143
 498 00ac 0222     		movs	r2, #2
 499 00ae 83F82920 		strb	r2, [r3, #41]
 774:Inc/STM32F3xx_HAL_Driver/Src/stm32f3xx_hal_comp.c ****       while (wait_loop_index != 0UL)
 500              		.loc 1 774 7 is_stmt 1 view .LVU144
 774:Inc/STM32F3xx_HAL_Driver/Src/stm32f3xx_hal_comp.c ****       while (wait_loop_index != 0UL)
 501              		.loc 1 774 77 is_stmt 0 view .LVU145
 502 00b2 2C4B     		ldr	r3, .L50+8
 503              	.LVL20:
 774:Inc/STM32F3xx_HAL_Driver/Src/stm32f3xx_hal_comp.c ****       while (wait_loop_index != 0UL)
 504              		.loc 1 774 77 view .LVU146
 505 00b4 1B68     		ldr	r3, [r3]
 506 00b6 9B09     		lsrs	r3, r3, #6
 507 00b8 2B4A     		ldr	r2, .L50+12
 508 00ba A2FB0323 		umull	r2, r3, r2, r3
 509 00be 9B09     		lsrs	r3, r3, #6
 774:Inc/STM32F3xx_HAL_Driver/Src/stm32f3xx_hal_comp.c ****       while (wait_loop_index != 0UL)
 510              		.loc 1 774 97 view .LVU147
 511 00c0 0133     		adds	r3, r3, #1
 774:Inc/STM32F3xx_HAL_Driver/Src/stm32f3xx_hal_comp.c ****       while (wait_loop_index != 0UL)
 512              		.loc 1 774 57 view .LVU148
 513 00c2 DB00     		lsls	r3, r3, #3
 774:Inc/STM32F3xx_HAL_Driver/Src/stm32f3xx_hal_comp.c ****       while (wait_loop_index != 0UL)
 514              		.loc 1 774 23 view .LVU149
 515 00c4 0193     		str	r3, [sp, #4]
 775:Inc/STM32F3xx_HAL_Driver/Src/stm32f3xx_hal_comp.c ****       {
 516              		.loc 1 775 7 is_stmt 1 view .LVU150
 775:Inc/STM32F3xx_HAL_Driver/Src/stm32f3xx_hal_comp.c ****       {
 517              		.loc 1 775 13 is_stmt 0 view .LVU151
 518 00c6 3EE0     		b	.L36
 519              	.LVL21:
 520              	.L42:
 732:Inc/STM32F3xx_HAL_Driver/Src/stm32f3xx_hal_comp.c **** 
ARM GAS  /tmp/ccuJNwZC.s 			page 26


 521              		.loc 1 732 18 discriminator 4 view .LVU152
 522 00c8 4FF48002 		mov	r2, #4194304
 523 00cc C5E7     		b	.L23
 524              	.L43:
 732:Inc/STM32F3xx_HAL_Driver/Src/stm32f3xx_hal_comp.c **** 
 525              		.loc 1 732 18 discriminator 6 view .LVU153
 526 00ce 4FF00052 		mov	r2, #536870912
 527 00d2 C2E7     		b	.L23
 528              	.L44:
 732:Inc/STM32F3xx_HAL_Driver/Src/stm32f3xx_hal_comp.c **** 
 529              		.loc 1 732 18 discriminator 8 view .LVU154
 530 00d4 4FF08042 		mov	r2, #1073741824
 531 00d8 BFE7     		b	.L23
 532              	.L45:
 732:Inc/STM32F3xx_HAL_Driver/Src/stm32f3xx_hal_comp.c **** 
 533              		.loc 1 732 18 discriminator 10 view .LVU155
 534 00da 4FF00042 		mov	r2, #-2147483648
 535 00de BCE7     		b	.L23
 536              	.LVL22:
 537              	.L26:
 740:Inc/STM32F3xx_HAL_Driver/Src/stm32f3xx_hal_comp.c ****         }
 538              		.loc 1 740 11 discriminator 2 view .LVU156
 539 00e0 1F4C     		ldr	r4, .L50+4
 540 00e2 A168     		ldr	r1, [r4, #8]
 541 00e4 1143     		orrs	r1, r1, r2
 542 00e6 A160     		str	r1, [r4, #8]
 543 00e8 C5E7     		b	.L27
 544              	.L25:
 744:Inc/STM32F3xx_HAL_Driver/Src/stm32f3xx_hal_comp.c ****         }
 545              		.loc 1 744 11 is_stmt 1 view .LVU157
 546 00ea 12F0030F 		tst	r2, #3
 547 00ee 05D0     		beq	.L28
 744:Inc/STM32F3xx_HAL_Driver/Src/stm32f3xx_hal_comp.c ****         }
 548              		.loc 1 744 11 is_stmt 0 discriminator 1 view .LVU158
 549 00f0 1B4C     		ldr	r4, .L50+4
 550 00f2 A16A     		ldr	r1, [r4, #40]
 551 00f4 21EA0201 		bic	r1, r1, r2
 552 00f8 A162     		str	r1, [r4, #40]
 553 00fa BCE7     		b	.L27
 554              	.L28:
 744:Inc/STM32F3xx_HAL_Driver/Src/stm32f3xx_hal_comp.c ****         }
 555              		.loc 1 744 11 discriminator 2 view .LVU159
 556 00fc 184C     		ldr	r4, .L50+4
 557 00fe A168     		ldr	r1, [r4, #8]
 558 0100 21EA0201 		bic	r1, r1, r2
 559 0104 A160     		str	r1, [r4, #8]
 560 0106 B6E7     		b	.L27
 561              	.L30:
 750:Inc/STM32F3xx_HAL_Driver/Src/stm32f3xx_hal_comp.c ****         }
 562              		.loc 1 750 11 discriminator 2 view .LVU160
 563 0108 154C     		ldr	r4, .L50+4
 564 010a E168     		ldr	r1, [r4, #12]
 565 010c 1143     		orrs	r1, r1, r2
 566 010e E160     		str	r1, [r4, #12]
 567 0110 BCE7     		b	.L31
 568              	.L29:
 754:Inc/STM32F3xx_HAL_Driver/Src/stm32f3xx_hal_comp.c ****         }
ARM GAS  /tmp/ccuJNwZC.s 			page 27


 569              		.loc 1 754 11 is_stmt 1 view .LVU161
 570 0112 12F0030F 		tst	r2, #3
 571 0116 05D0     		beq	.L32
 754:Inc/STM32F3xx_HAL_Driver/Src/stm32f3xx_hal_comp.c ****         }
 572              		.loc 1 754 11 is_stmt 0 discriminator 1 view .LVU162
 573 0118 114C     		ldr	r4, .L50+4
 574 011a E16A     		ldr	r1, [r4, #44]
 575 011c 21EA0201 		bic	r1, r1, r2
 576 0120 E162     		str	r1, [r4, #44]
 577 0122 B3E7     		b	.L31
 578              	.L32:
 754:Inc/STM32F3xx_HAL_Driver/Src/stm32f3xx_hal_comp.c ****         }
 579              		.loc 1 754 11 discriminator 2 view .LVU163
 580 0124 0E4C     		ldr	r4, .L50+4
 581 0126 E168     		ldr	r1, [r4, #12]
 582 0128 21EA0201 		bic	r1, r1, r2
 583 012c E160     		str	r1, [r4, #12]
 584 012e ADE7     		b	.L31
 585              	.L33:
 758:Inc/STM32F3xx_HAL_Driver/Src/stm32f3xx_hal_comp.c **** 
 586              		.loc 1 758 9 discriminator 2 view .LVU164
 587 0130 0B4D     		ldr	r5, .L50+4
 588 0132 6C68     		ldr	r4, [r5, #4]
 589 0134 1443     		orrs	r4, r4, r2
 590 0136 6C60     		str	r4, [r5, #4]
 591 0138 AFE7     		b	.L34
 592              	.L35:
 761:Inc/STM32F3xx_HAL_Driver/Src/stm32f3xx_hal_comp.c ****       }
 593              		.loc 1 761 9 discriminator 2 view .LVU165
 594 013a 0949     		ldr	r1, .L50+4
 595 013c 4A61     		str	r2, [r1, #20]
 596 013e B0E7     		b	.L24
 597              	.LVL23:
 598              	.L37:
 777:Inc/STM32F3xx_HAL_Driver/Src/stm32f3xx_hal_comp.c ****       }
 599              		.loc 1 777 9 is_stmt 1 view .LVU166
 777:Inc/STM32F3xx_HAL_Driver/Src/stm32f3xx_hal_comp.c ****       }
 600              		.loc 1 777 24 is_stmt 0 view .LVU167
 601 0140 019B     		ldr	r3, [sp, #4]
 602 0142 013B     		subs	r3, r3, #1
 603 0144 0193     		str	r3, [sp, #4]
 604              	.L36:
 775:Inc/STM32F3xx_HAL_Driver/Src/stm32f3xx_hal_comp.c ****       {
 605              		.loc 1 775 30 is_stmt 1 view .LVU168
 606 0146 019B     		ldr	r3, [sp, #4]
 607 0148 002B     		cmp	r3, #0
 608 014a F9D1     		bne	.L37
 609 014c 02E0     		b	.L22
 610              	.LVL24:
 611              	.L38:
 722:Inc/STM32F3xx_HAL_Driver/Src/stm32f3xx_hal_comp.c ****   }
 612              		.loc 1 722 12 is_stmt 0 view .LVU169
 613 014e 0120     		movs	r0, #1
 614              	.LVL25:
 722:Inc/STM32F3xx_HAL_Driver/Src/stm32f3xx_hal_comp.c ****   }
 615              		.loc 1 722 12 view .LVU170
 616 0150 00E0     		b	.L22
ARM GAS  /tmp/ccuJNwZC.s 			page 28


 617              	.LVL26:
 618              	.L39:
 722:Inc/STM32F3xx_HAL_Driver/Src/stm32f3xx_hal_comp.c ****   }
 619              		.loc 1 722 12 view .LVU171
 620 0152 0120     		movs	r0, #1
 621              	.LVL27:
 622              	.L22:
 783:Inc/STM32F3xx_HAL_Driver/Src/stm32f3xx_hal_comp.c ****     }
 784:Inc/STM32F3xx_HAL_Driver/Src/stm32f3xx_hal_comp.c ****   }
 785:Inc/STM32F3xx_HAL_Driver/Src/stm32f3xx_hal_comp.c **** 
 786:Inc/STM32F3xx_HAL_Driver/Src/stm32f3xx_hal_comp.c ****   return status;
 623              		.loc 1 786 3 is_stmt 1 view .LVU172
 787:Inc/STM32F3xx_HAL_Driver/Src/stm32f3xx_hal_comp.c **** }
 624              		.loc 1 787 1 is_stmt 0 view .LVU173
 625 0154 02B0     		add	sp, sp, #8
 626              		.cfi_def_cfa_offset 8
 627              		@ sp needed
 628 0156 30BC     		pop	{r4, r5}
 629              		.cfi_restore 5
 630              		.cfi_restore 4
 631              		.cfi_def_cfa_offset 0
 632 0158 7047     		bx	lr
 633              	.L51:
 634 015a 00BF     		.align	2
 635              	.L50:
 636 015c 1C000140 		.word	1073807388
 637 0160 00040140 		.word	1073808384
 638 0164 00000000 		.word	SystemCoreClock
 639 0168 632D3E05 		.word	87960931
 640              		.cfi_endproc
 641              	.LFE134:
 643              		.section	.text.HAL_COMP_Stop,"ax",%progbits
 644              		.align	1
 645              		.global	HAL_COMP_Stop
 646              		.syntax unified
 647              		.thumb
 648              		.thumb_func
 650              	HAL_COMP_Stop:
 651              	.LVL28:
 652              	.LFB135:
 788:Inc/STM32F3xx_HAL_Driver/Src/stm32f3xx_hal_comp.c **** 
 789:Inc/STM32F3xx_HAL_Driver/Src/stm32f3xx_hal_comp.c **** /**
 790:Inc/STM32F3xx_HAL_Driver/Src/stm32f3xx_hal_comp.c ****   * @brief  Stop the comparator.
 791:Inc/STM32F3xx_HAL_Driver/Src/stm32f3xx_hal_comp.c ****   * @param  hcomp  COMP handle
 792:Inc/STM32F3xx_HAL_Driver/Src/stm32f3xx_hal_comp.c ****   * @retval HAL status
 793:Inc/STM32F3xx_HAL_Driver/Src/stm32f3xx_hal_comp.c ****   */
 794:Inc/STM32F3xx_HAL_Driver/Src/stm32f3xx_hal_comp.c **** HAL_StatusTypeDef HAL_COMP_Stop(COMP_HandleTypeDef *hcomp)
 795:Inc/STM32F3xx_HAL_Driver/Src/stm32f3xx_hal_comp.c **** {
 653              		.loc 1 795 1 is_stmt 1 view -0
 654              		.cfi_startproc
 655              		@ args = 0, pretend = 0, frame = 0
 656              		@ frame_needed = 0, uses_anonymous_args = 0
 657              		@ link register save eliminated.
 796:Inc/STM32F3xx_HAL_Driver/Src/stm32f3xx_hal_comp.c ****   HAL_StatusTypeDef status = HAL_OK;
 658              		.loc 1 796 3 view .LVU175
 797:Inc/STM32F3xx_HAL_Driver/Src/stm32f3xx_hal_comp.c **** 
 798:Inc/STM32F3xx_HAL_Driver/Src/stm32f3xx_hal_comp.c ****   /* Check the COMP handle allocation and lock status */
ARM GAS  /tmp/ccuJNwZC.s 			page 29


 799:Inc/STM32F3xx_HAL_Driver/Src/stm32f3xx_hal_comp.c ****   if ((hcomp == NULL) || ((hcomp->State & COMP_STATE_BIT_LOCK) != RESET))
 659              		.loc 1 799 3 view .LVU176
 660              		.loc 1 799 6 is_stmt 0 view .LVU177
 661 0000 0028     		cmp	r0, #0
 662 0002 61D0     		beq	.L58
 663 0004 0346     		mov	r3, r0
 664              		.loc 1 799 33 discriminator 1 view .LVU178
 665 0006 90F82900 		ldrb	r0, [r0, #41]	@ zero_extendqisi2
 666              	.LVL29:
 667              		.loc 1 799 23 discriminator 1 view .LVU179
 668 000a 10F01000 		ands	r0, r0, #16
 669 000e 5DD1     		bne	.L59
 800:Inc/STM32F3xx_HAL_Driver/Src/stm32f3xx_hal_comp.c ****   {
 801:Inc/STM32F3xx_HAL_Driver/Src/stm32f3xx_hal_comp.c ****     status = HAL_ERROR;
 802:Inc/STM32F3xx_HAL_Driver/Src/stm32f3xx_hal_comp.c ****   }
 803:Inc/STM32F3xx_HAL_Driver/Src/stm32f3xx_hal_comp.c ****   else
 804:Inc/STM32F3xx_HAL_Driver/Src/stm32f3xx_hal_comp.c ****   {
 805:Inc/STM32F3xx_HAL_Driver/Src/stm32f3xx_hal_comp.c ****     /* Check the parameter */
 806:Inc/STM32F3xx_HAL_Driver/Src/stm32f3xx_hal_comp.c ****     assert_param(IS_COMP_ALL_INSTANCE(hcomp->Instance));
 670              		.loc 1 806 5 is_stmt 1 view .LVU180
 807:Inc/STM32F3xx_HAL_Driver/Src/stm32f3xx_hal_comp.c **** 
 808:Inc/STM32F3xx_HAL_Driver/Src/stm32f3xx_hal_comp.c ****     if (hcomp->State == HAL_COMP_STATE_BUSY)
 671              		.loc 1 808 5 view .LVU181
 672              		.loc 1 808 14 is_stmt 0 view .LVU182
 673 0010 93F82920 		ldrb	r2, [r3, #41]	@ zero_extendqisi2
 674              		.loc 1 808 8 view .LVU183
 675 0014 022A     		cmp	r2, #2
 676 0016 01D0     		beq	.L72
 809:Inc/STM32F3xx_HAL_Driver/Src/stm32f3xx_hal_comp.c ****     {
 810:Inc/STM32F3xx_HAL_Driver/Src/stm32f3xx_hal_comp.c ****       /* Disable the EXTI Line event mode if any */
 811:Inc/STM32F3xx_HAL_Driver/Src/stm32f3xx_hal_comp.c ****       COMP_EXTI_DISABLE_EVENT(COMP_GET_EXTI_LINE(hcomp->Instance));
 812:Inc/STM32F3xx_HAL_Driver/Src/stm32f3xx_hal_comp.c **** 
 813:Inc/STM32F3xx_HAL_Driver/Src/stm32f3xx_hal_comp.c ****       /* Disable the selected comparator */
 814:Inc/STM32F3xx_HAL_Driver/Src/stm32f3xx_hal_comp.c ****       __HAL_COMP_DISABLE(hcomp);
 815:Inc/STM32F3xx_HAL_Driver/Src/stm32f3xx_hal_comp.c **** 
 816:Inc/STM32F3xx_HAL_Driver/Src/stm32f3xx_hal_comp.c ****       hcomp->State = HAL_COMP_STATE_READY;
 817:Inc/STM32F3xx_HAL_Driver/Src/stm32f3xx_hal_comp.c ****     }
 818:Inc/STM32F3xx_HAL_Driver/Src/stm32f3xx_hal_comp.c ****     else
 819:Inc/STM32F3xx_HAL_Driver/Src/stm32f3xx_hal_comp.c ****     {
 820:Inc/STM32F3xx_HAL_Driver/Src/stm32f3xx_hal_comp.c ****       status = HAL_ERROR;
 677              		.loc 1 820 14 view .LVU184
 678 0018 0120     		movs	r0, #1
 679              	.LVL30:
 821:Inc/STM32F3xx_HAL_Driver/Src/stm32f3xx_hal_comp.c ****     }
 822:Inc/STM32F3xx_HAL_Driver/Src/stm32f3xx_hal_comp.c ****   }
 823:Inc/STM32F3xx_HAL_Driver/Src/stm32f3xx_hal_comp.c **** 
 824:Inc/STM32F3xx_HAL_Driver/Src/stm32f3xx_hal_comp.c ****   return status;
 680              		.loc 1 824 3 is_stmt 1 view .LVU185
 825:Inc/STM32F3xx_HAL_Driver/Src/stm32f3xx_hal_comp.c **** }
 681              		.loc 1 825 1 is_stmt 0 view .LVU186
 682 001a 7047     		bx	lr
 683              	.LVL31:
 684              	.L72:
 795:Inc/STM32F3xx_HAL_Driver/Src/stm32f3xx_hal_comp.c ****   HAL_StatusTypeDef status = HAL_OK;
 685              		.loc 1 795 1 view .LVU187
 686 001c 10B4     		push	{r4}
 687              		.cfi_def_cfa_offset 4
ARM GAS  /tmp/ccuJNwZC.s 			page 30


 688              		.cfi_offset 4, -4
 811:Inc/STM32F3xx_HAL_Driver/Src/stm32f3xx_hal_comp.c **** 
 689              		.loc 1 811 7 is_stmt 1 view .LVU188
 690 001e 1A68     		ldr	r2, [r3]
 691 0020 2B49     		ldr	r1, .L75
 692 0022 8A42     		cmp	r2, r1
 693 0024 1AD0     		beq	.L54
 811:Inc/STM32F3xx_HAL_Driver/Src/stm32f3xx_hal_comp.c **** 
 694              		.loc 1 811 7 is_stmt 0 discriminator 1 view .LVU189
 695 0026 0431     		adds	r1, r1, #4
 696 0028 8A42     		cmp	r2, r1
 697 002a 17D0     		beq	.L54
 811:Inc/STM32F3xx_HAL_Driver/Src/stm32f3xx_hal_comp.c **** 
 698              		.loc 1 811 7 discriminator 3 view .LVU190
 699 002c 0431     		adds	r1, r1, #4
 700 002e 8A42     		cmp	r2, r1
 701 0030 14D0     		beq	.L54
 811:Inc/STM32F3xx_HAL_Driver/Src/stm32f3xx_hal_comp.c **** 
 702              		.loc 1 811 7 discriminator 5 view .LVU191
 703 0032 0431     		adds	r1, r1, #4
 704 0034 8A42     		cmp	r2, r1
 705 0036 11D0     		beq	.L54
 811:Inc/STM32F3xx_HAL_Driver/Src/stm32f3xx_hal_comp.c **** 
 706              		.loc 1 811 7 discriminator 7 view .LVU192
 707 0038 0431     		adds	r1, r1, #4
 708 003a 8A42     		cmp	r2, r1
 709 003c 0ED0     		beq	.L54
 811:Inc/STM32F3xx_HAL_Driver/Src/stm32f3xx_hal_comp.c **** 
 710              		.loc 1 811 7 discriminator 9 view .LVU193
 711 003e 01F57571 		add	r1, r1, #980
 712 0042 496A     		ldr	r1, [r1, #36]
 811:Inc/STM32F3xx_HAL_Driver/Src/stm32f3xx_hal_comp.c **** 
 713              		.loc 1 811 7 discriminator 19 view .LVU194
 714 0044 234C     		ldr	r4, .L75+4
 715 0046 A242     		cmp	r2, r4
 716 0048 05D0     		beq	.L73
 811:Inc/STM32F3xx_HAL_Driver/Src/stm32f3xx_hal_comp.c **** 
 717              		.loc 1 811 7 discriminator 22 view .LVU195
 718 004a 6FF00202 		mvn	r2, #2
 719              	.L55:
 811:Inc/STM32F3xx_HAL_Driver/Src/stm32f3xx_hal_comp.c **** 
 720              		.loc 1 811 7 discriminator 34 view .LVU196
 721 004e 0A40     		ands	r2, r2, r1
 722 0050 2149     		ldr	r1, .L75+8
 723 0052 4A62     		str	r2, [r1, #36]
 811:Inc/STM32F3xx_HAL_Driver/Src/stm32f3xx_hal_comp.c **** 
 724              		.loc 1 811 7 view .LVU197
 725 0054 21E0     		b	.L56
 726              	.L73:
 811:Inc/STM32F3xx_HAL_Driver/Src/stm32f3xx_hal_comp.c **** 
 727              		.loc 1 811 7 discriminator 21 view .LVU198
 728 0056 6FF00102 		mvn	r2, #1
 729 005a F8E7     		b	.L55
 730              	.L54:
 811:Inc/STM32F3xx_HAL_Driver/Src/stm32f3xx_hal_comp.c **** 
 731              		.loc 1 811 7 discriminator 10 view .LVU199
 732 005c 1E49     		ldr	r1, .L75+8
ARM GAS  /tmp/ccuJNwZC.s 			page 31


 733 005e 4968     		ldr	r1, [r1, #4]
 734 0060 1B4C     		ldr	r4, .L75
 735 0062 A242     		cmp	r2, r4
 736 0064 14D0     		beq	.L62
 811:Inc/STM32F3xx_HAL_Driver/Src/stm32f3xx_hal_comp.c **** 
 737              		.loc 1 811 7 discriminator 35 view .LVU200
 738 0066 0434     		adds	r4, r4, #4
 739 0068 A242     		cmp	r2, r4
 740 006a 21D0     		beq	.L63
 811:Inc/STM32F3xx_HAL_Driver/Src/stm32f3xx_hal_comp.c **** 
 741              		.loc 1 811 7 discriminator 37 view .LVU201
 742 006c 0434     		adds	r4, r4, #4
 743 006e A242     		cmp	r2, r4
 744 0070 21D0     		beq	.L64
 811:Inc/STM32F3xx_HAL_Driver/Src/stm32f3xx_hal_comp.c **** 
 745              		.loc 1 811 7 discriminator 39 view .LVU202
 746 0072 0434     		adds	r4, r4, #4
 747 0074 A242     		cmp	r2, r4
 748 0076 21D0     		beq	.L65
 811:Inc/STM32F3xx_HAL_Driver/Src/stm32f3xx_hal_comp.c **** 
 749              		.loc 1 811 7 discriminator 41 view .LVU203
 750 0078 0434     		adds	r4, r4, #4
 751 007a A242     		cmp	r2, r4
 752 007c 21D0     		beq	.L66
 811:Inc/STM32F3xx_HAL_Driver/Src/stm32f3xx_hal_comp.c **** 
 753              		.loc 1 811 7 discriminator 43 view .LVU204
 754 007e 0434     		adds	r4, r4, #4
 755 0080 A242     		cmp	r2, r4
 756 0082 02D0     		beq	.L74
 811:Inc/STM32F3xx_HAL_Driver/Src/stm32f3xx_hal_comp.c **** 
 757              		.loc 1 811 7 discriminator 46 view .LVU205
 758 0084 6FF00202 		mvn	r2, #2
 759 0088 04E0     		b	.L57
 760              	.L74:
 811:Inc/STM32F3xx_HAL_Driver/Src/stm32f3xx_hal_comp.c **** 
 761              		.loc 1 811 7 discriminator 45 view .LVU206
 762 008a 6FF00102 		mvn	r2, #1
 763 008e 01E0     		b	.L57
 764              	.L62:
 811:Inc/STM32F3xx_HAL_Driver/Src/stm32f3xx_hal_comp.c **** 
 765              		.loc 1 811 7 discriminator 36 view .LVU207
 766 0090 6FF40012 		mvn	r2, #2097152
 767              	.L57:
 811:Inc/STM32F3xx_HAL_Driver/Src/stm32f3xx_hal_comp.c **** 
 768              		.loc 1 811 7 discriminator 58 view .LVU208
 769 0094 0A40     		ands	r2, r2, r1
 770 0096 1049     		ldr	r1, .L75+8
 771 0098 4A60     		str	r2, [r1, #4]
 772              	.L56:
 814:Inc/STM32F3xx_HAL_Driver/Src/stm32f3xx_hal_comp.c **** 
 773              		.loc 1 814 7 is_stmt 1 view .LVU209
 774 009a 1968     		ldr	r1, [r3]
 775 009c 0A68     		ldr	r2, [r1]
 776 009e 22F00102 		bic	r2, r2, #1
 777 00a2 0A60     		str	r2, [r1]
 816:Inc/STM32F3xx_HAL_Driver/Src/stm32f3xx_hal_comp.c ****     }
 778              		.loc 1 816 7 view .LVU210
ARM GAS  /tmp/ccuJNwZC.s 			page 32


 816:Inc/STM32F3xx_HAL_Driver/Src/stm32f3xx_hal_comp.c ****     }
 779              		.loc 1 816 20 is_stmt 0 view .LVU211
 780 00a4 0122     		movs	r2, #1
 781 00a6 83F82920 		strb	r2, [r3, #41]
 782              	.LVL32:
 824:Inc/STM32F3xx_HAL_Driver/Src/stm32f3xx_hal_comp.c **** }
 783              		.loc 1 824 3 is_stmt 1 view .LVU212
 784              		.loc 1 825 1 is_stmt 0 view .LVU213
 785 00aa 5DF8044B 		ldr	r4, [sp], #4
 786              		.cfi_remember_state
 787              		.cfi_restore 4
 788              		.cfi_def_cfa_offset 0
 789 00ae 7047     		bx	lr
 790              	.LVL33:
 791              	.L63:
 792              		.cfi_restore_state
 811:Inc/STM32F3xx_HAL_Driver/Src/stm32f3xx_hal_comp.c **** 
 793              		.loc 1 811 7 discriminator 38 view .LVU214
 794 00b0 6FF48002 		mvn	r2, #4194304
 795 00b4 EEE7     		b	.L57
 796              	.L64:
 811:Inc/STM32F3xx_HAL_Driver/Src/stm32f3xx_hal_comp.c **** 
 797              		.loc 1 811 7 discriminator 40 view .LVU215
 798 00b6 6FF00052 		mvn	r2, #536870912
 799 00ba EBE7     		b	.L57
 800              	.L65:
 811:Inc/STM32F3xx_HAL_Driver/Src/stm32f3xx_hal_comp.c **** 
 801              		.loc 1 811 7 discriminator 42 view .LVU216
 802 00bc 6FF08042 		mvn	r2, #1073741824
 803 00c0 E8E7     		b	.L57
 804              	.L66:
 811:Inc/STM32F3xx_HAL_Driver/Src/stm32f3xx_hal_comp.c **** 
 805              		.loc 1 811 7 discriminator 44 view .LVU217
 806 00c2 6FF00042 		mvn	r2, #-2147483648
 807 00c6 E5E7     		b	.L57
 808              	.LVL34:
 809              	.L58:
 810              		.cfi_def_cfa_offset 0
 811              		.cfi_restore 4
 801:Inc/STM32F3xx_HAL_Driver/Src/stm32f3xx_hal_comp.c ****   }
 812              		.loc 1 801 12 view .LVU218
 813 00c8 0120     		movs	r0, #1
 814              	.LVL35:
 801:Inc/STM32F3xx_HAL_Driver/Src/stm32f3xx_hal_comp.c ****   }
 815              		.loc 1 801 12 view .LVU219
 816 00ca 7047     		bx	lr
 817              	.LVL36:
 818              	.L59:
 801:Inc/STM32F3xx_HAL_Driver/Src/stm32f3xx_hal_comp.c ****   }
 819              		.loc 1 801 12 view .LVU220
 820 00cc 0120     		movs	r0, #1
 821 00ce 7047     		bx	lr
 822              	.L76:
 823              		.align	2
 824              	.L75:
 825 00d0 1C000140 		.word	1073807388
 826 00d4 30000140 		.word	1073807408
ARM GAS  /tmp/ccuJNwZC.s 			page 33


 827 00d8 00040140 		.word	1073808384
 828              		.cfi_endproc
 829              	.LFE135:
 831              		.section	.text.HAL_COMP_Start_IT,"ax",%progbits
 832              		.align	1
 833              		.global	HAL_COMP_Start_IT
 834              		.syntax unified
 835              		.thumb
 836              		.thumb_func
 838              	HAL_COMP_Start_IT:
 839              	.LVL37:
 840              	.LFB136:
 826:Inc/STM32F3xx_HAL_Driver/Src/stm32f3xx_hal_comp.c **** 
 827:Inc/STM32F3xx_HAL_Driver/Src/stm32f3xx_hal_comp.c **** /**
 828:Inc/STM32F3xx_HAL_Driver/Src/stm32f3xx_hal_comp.c ****   * @brief  Start the comparator in Interrupt mode.
 829:Inc/STM32F3xx_HAL_Driver/Src/stm32f3xx_hal_comp.c ****   * @param  hcomp  COMP handle
 830:Inc/STM32F3xx_HAL_Driver/Src/stm32f3xx_hal_comp.c ****   * @retval HAL status.
 831:Inc/STM32F3xx_HAL_Driver/Src/stm32f3xx_hal_comp.c ****   */
 832:Inc/STM32F3xx_HAL_Driver/Src/stm32f3xx_hal_comp.c **** HAL_StatusTypeDef HAL_COMP_Start_IT(COMP_HandleTypeDef *hcomp)
 833:Inc/STM32F3xx_HAL_Driver/Src/stm32f3xx_hal_comp.c **** {
 841              		.loc 1 833 1 is_stmt 1 view -0
 842              		.cfi_startproc
 843              		@ args = 0, pretend = 0, frame = 0
 844              		@ frame_needed = 0, uses_anonymous_args = 0
 845              		@ link register save eliminated.
 834:Inc/STM32F3xx_HAL_Driver/Src/stm32f3xx_hal_comp.c ****   HAL_StatusTypeDef status = HAL_OK;
 846              		.loc 1 834 3 view .LVU222
 835:Inc/STM32F3xx_HAL_Driver/Src/stm32f3xx_hal_comp.c ****   uint32_t extiline = 0U;
 847              		.loc 1 835 3 view .LVU223
 836:Inc/STM32F3xx_HAL_Driver/Src/stm32f3xx_hal_comp.c **** 
 837:Inc/STM32F3xx_HAL_Driver/Src/stm32f3xx_hal_comp.c ****   /* Check the COMP handle allocation and lock status */
 838:Inc/STM32F3xx_HAL_Driver/Src/stm32f3xx_hal_comp.c ****   if ((hcomp == NULL) || ((hcomp->State & COMP_STATE_BIT_LOCK) != RESET))
 848              		.loc 1 838 3 view .LVU224
 849              		.loc 1 838 6 is_stmt 0 view .LVU225
 850 0000 0028     		cmp	r0, #0
 851 0002 00F09480 		beq	.L92
 852 0006 0246     		mov	r2, r0
 853              		.loc 1 838 33 discriminator 1 view .LVU226
 854 0008 90F82930 		ldrb	r3, [r0, #41]	@ zero_extendqisi2
 855              		.loc 1 838 23 discriminator 1 view .LVU227
 856 000c 13F01003 		ands	r3, r3, #16
 857 0010 40F08F80 		bne	.L93
 839:Inc/STM32F3xx_HAL_Driver/Src/stm32f3xx_hal_comp.c ****   {
 840:Inc/STM32F3xx_HAL_Driver/Src/stm32f3xx_hal_comp.c ****     status = HAL_ERROR;
 841:Inc/STM32F3xx_HAL_Driver/Src/stm32f3xx_hal_comp.c ****   }
 842:Inc/STM32F3xx_HAL_Driver/Src/stm32f3xx_hal_comp.c ****   else
 843:Inc/STM32F3xx_HAL_Driver/Src/stm32f3xx_hal_comp.c ****   {
 844:Inc/STM32F3xx_HAL_Driver/Src/stm32f3xx_hal_comp.c ****     /* Check the parameter */
 845:Inc/STM32F3xx_HAL_Driver/Src/stm32f3xx_hal_comp.c ****     assert_param(IS_COMP_ALL_INSTANCE(hcomp->Instance));
 858              		.loc 1 845 5 is_stmt 1 view .LVU228
 846:Inc/STM32F3xx_HAL_Driver/Src/stm32f3xx_hal_comp.c **** 
 847:Inc/STM32F3xx_HAL_Driver/Src/stm32f3xx_hal_comp.c ****     if (hcomp->State == HAL_COMP_STATE_READY)
 859              		.loc 1 847 5 view .LVU229
 860              		.loc 1 847 14 is_stmt 0 view .LVU230
 861 0014 90F82910 		ldrb	r1, [r0, #41]	@ zero_extendqisi2
 862 0018 C8B2     		uxtb	r0, r1
 863              	.LVL38:
ARM GAS  /tmp/ccuJNwZC.s 			page 34


 864              		.loc 1 847 8 view .LVU231
 865 001a 0129     		cmp	r1, #1
 866 001c 01D0     		beq	.L105
 848:Inc/STM32F3xx_HAL_Driver/Src/stm32f3xx_hal_comp.c ****     {
 849:Inc/STM32F3xx_HAL_Driver/Src/stm32f3xx_hal_comp.c ****       /* Configure the EXTI event generation */
 850:Inc/STM32F3xx_HAL_Driver/Src/stm32f3xx_hal_comp.c ****       if ((hcomp->Init.TriggerMode & (COMP_TRIGGERMODE_IT_RISING | COMP_TRIGGERMODE_IT_FALLING)) !=
 851:Inc/STM32F3xx_HAL_Driver/Src/stm32f3xx_hal_comp.c ****       {
 852:Inc/STM32F3xx_HAL_Driver/Src/stm32f3xx_hal_comp.c ****         /* Get the EXTI Line output configuration */
 853:Inc/STM32F3xx_HAL_Driver/Src/stm32f3xx_hal_comp.c ****         extiline = COMP_GET_EXTI_LINE(hcomp->Instance);
 854:Inc/STM32F3xx_HAL_Driver/Src/stm32f3xx_hal_comp.c **** 
 855:Inc/STM32F3xx_HAL_Driver/Src/stm32f3xx_hal_comp.c ****         /* Configure the trigger rising edge */
 856:Inc/STM32F3xx_HAL_Driver/Src/stm32f3xx_hal_comp.c ****         if ((hcomp->Init.TriggerMode & COMP_TRIGGERMODE_IT_RISING) != RESET)
 857:Inc/STM32F3xx_HAL_Driver/Src/stm32f3xx_hal_comp.c ****         {
 858:Inc/STM32F3xx_HAL_Driver/Src/stm32f3xx_hal_comp.c ****           COMP_EXTI_RISING_ENABLE(extiline);
 859:Inc/STM32F3xx_HAL_Driver/Src/stm32f3xx_hal_comp.c ****         }
 860:Inc/STM32F3xx_HAL_Driver/Src/stm32f3xx_hal_comp.c ****         else
 861:Inc/STM32F3xx_HAL_Driver/Src/stm32f3xx_hal_comp.c ****         {
 862:Inc/STM32F3xx_HAL_Driver/Src/stm32f3xx_hal_comp.c ****           COMP_EXTI_RISING_DISABLE(extiline);
 863:Inc/STM32F3xx_HAL_Driver/Src/stm32f3xx_hal_comp.c ****         }
 864:Inc/STM32F3xx_HAL_Driver/Src/stm32f3xx_hal_comp.c ****         /* Configure the trigger falling edge */
 865:Inc/STM32F3xx_HAL_Driver/Src/stm32f3xx_hal_comp.c ****         if ((hcomp->Init.TriggerMode & COMP_TRIGGERMODE_IT_FALLING) != RESET)
 866:Inc/STM32F3xx_HAL_Driver/Src/stm32f3xx_hal_comp.c ****         {
 867:Inc/STM32F3xx_HAL_Driver/Src/stm32f3xx_hal_comp.c ****           COMP_EXTI_FALLING_ENABLE(extiline);
 868:Inc/STM32F3xx_HAL_Driver/Src/stm32f3xx_hal_comp.c ****         }
 869:Inc/STM32F3xx_HAL_Driver/Src/stm32f3xx_hal_comp.c ****         else
 870:Inc/STM32F3xx_HAL_Driver/Src/stm32f3xx_hal_comp.c ****         {
 871:Inc/STM32F3xx_HAL_Driver/Src/stm32f3xx_hal_comp.c ****           COMP_EXTI_FALLING_DISABLE(extiline);
 872:Inc/STM32F3xx_HAL_Driver/Src/stm32f3xx_hal_comp.c ****         }
 873:Inc/STM32F3xx_HAL_Driver/Src/stm32f3xx_hal_comp.c **** 
 874:Inc/STM32F3xx_HAL_Driver/Src/stm32f3xx_hal_comp.c ****         /* Clear COMP EXTI pending bit if any */
 875:Inc/STM32F3xx_HAL_Driver/Src/stm32f3xx_hal_comp.c ****         COMP_EXTI_CLEAR_FLAG(extiline);
 876:Inc/STM32F3xx_HAL_Driver/Src/stm32f3xx_hal_comp.c **** 
 877:Inc/STM32F3xx_HAL_Driver/Src/stm32f3xx_hal_comp.c ****         /* Enable EXTI interrupt mode */
 878:Inc/STM32F3xx_HAL_Driver/Src/stm32f3xx_hal_comp.c ****         COMP_EXTI_ENABLE_IT(extiline);
 879:Inc/STM32F3xx_HAL_Driver/Src/stm32f3xx_hal_comp.c **** 
 880:Inc/STM32F3xx_HAL_Driver/Src/stm32f3xx_hal_comp.c ****         /* Enable the selected comparator */
 881:Inc/STM32F3xx_HAL_Driver/Src/stm32f3xx_hal_comp.c ****         __HAL_COMP_ENABLE(hcomp);
 882:Inc/STM32F3xx_HAL_Driver/Src/stm32f3xx_hal_comp.c **** 
 883:Inc/STM32F3xx_HAL_Driver/Src/stm32f3xx_hal_comp.c ****         hcomp->State = HAL_COMP_STATE_BUSY;
 884:Inc/STM32F3xx_HAL_Driver/Src/stm32f3xx_hal_comp.c ****       }
 885:Inc/STM32F3xx_HAL_Driver/Src/stm32f3xx_hal_comp.c ****       else
 886:Inc/STM32F3xx_HAL_Driver/Src/stm32f3xx_hal_comp.c ****       {
 887:Inc/STM32F3xx_HAL_Driver/Src/stm32f3xx_hal_comp.c ****         status = HAL_ERROR;
 888:Inc/STM32F3xx_HAL_Driver/Src/stm32f3xx_hal_comp.c ****       }
 889:Inc/STM32F3xx_HAL_Driver/Src/stm32f3xx_hal_comp.c ****     }
 890:Inc/STM32F3xx_HAL_Driver/Src/stm32f3xx_hal_comp.c ****     else
 891:Inc/STM32F3xx_HAL_Driver/Src/stm32f3xx_hal_comp.c ****     {
 892:Inc/STM32F3xx_HAL_Driver/Src/stm32f3xx_hal_comp.c ****       status = HAL_ERROR;
 867              		.loc 1 892 14 view .LVU232
 868 001e 0120     		movs	r0, #1
 869              	.LVL39:
 893:Inc/STM32F3xx_HAL_Driver/Src/stm32f3xx_hal_comp.c ****     }
 894:Inc/STM32F3xx_HAL_Driver/Src/stm32f3xx_hal_comp.c ****   }
 895:Inc/STM32F3xx_HAL_Driver/Src/stm32f3xx_hal_comp.c **** 
 896:Inc/STM32F3xx_HAL_Driver/Src/stm32f3xx_hal_comp.c ****   return status;
 870              		.loc 1 896 3 is_stmt 1 view .LVU233
 897:Inc/STM32F3xx_HAL_Driver/Src/stm32f3xx_hal_comp.c **** }
ARM GAS  /tmp/ccuJNwZC.s 			page 35


 871              		.loc 1 897 1 is_stmt 0 view .LVU234
 872 0020 7047     		bx	lr
 873              	.LVL40:
 874              	.L105:
 833:Inc/STM32F3xx_HAL_Driver/Src/stm32f3xx_hal_comp.c ****   HAL_StatusTypeDef status = HAL_OK;
 875              		.loc 1 833 1 view .LVU235
 876 0022 10B4     		push	{r4}
 877              		.cfi_def_cfa_offset 4
 878              		.cfi_offset 4, -4
 850:Inc/STM32F3xx_HAL_Driver/Src/stm32f3xx_hal_comp.c ****       {
 879              		.loc 1 850 7 is_stmt 1 view .LVU236
 850:Inc/STM32F3xx_HAL_Driver/Src/stm32f3xx_hal_comp.c ****       {
 880              		.loc 1 850 23 is_stmt 0 view .LVU237
 881 0024 546A     		ldr	r4, [r2, #36]
 850:Inc/STM32F3xx_HAL_Driver/Src/stm32f3xx_hal_comp.c ****       {
 882              		.loc 1 850 10 view .LVU238
 883 0026 14F0030F 		tst	r4, #3
 884 002a 41D0     		beq	.L78
 853:Inc/STM32F3xx_HAL_Driver/Src/stm32f3xx_hal_comp.c **** 
 885              		.loc 1 853 9 is_stmt 1 view .LVU239
 853:Inc/STM32F3xx_HAL_Driver/Src/stm32f3xx_hal_comp.c **** 
 886              		.loc 1 853 20 is_stmt 0 view .LVU240
 887 002c 1168     		ldr	r1, [r2]
 888 002e 4248     		ldr	r0, .L107
 889 0030 8142     		cmp	r1, r0
 890 0032 12D0     		beq	.L95
 853:Inc/STM32F3xx_HAL_Driver/Src/stm32f3xx_hal_comp.c **** 
 891              		.loc 1 853 20 discriminator 1 view .LVU241
 892 0034 0430     		adds	r0, r0, #4
 893 0036 8142     		cmp	r1, r0
 894 0038 3DD0     		beq	.L96
 853:Inc/STM32F3xx_HAL_Driver/Src/stm32f3xx_hal_comp.c **** 
 895              		.loc 1 853 20 discriminator 3 view .LVU242
 896 003a 0430     		adds	r0, r0, #4
 897 003c 8142     		cmp	r1, r0
 898 003e 3DD0     		beq	.L97
 853:Inc/STM32F3xx_HAL_Driver/Src/stm32f3xx_hal_comp.c **** 
 899              		.loc 1 853 20 discriminator 5 view .LVU243
 900 0040 0430     		adds	r0, r0, #4
 901 0042 8142     		cmp	r1, r0
 902 0044 3DD0     		beq	.L98
 853:Inc/STM32F3xx_HAL_Driver/Src/stm32f3xx_hal_comp.c **** 
 903              		.loc 1 853 20 discriminator 7 view .LVU244
 904 0046 0430     		adds	r0, r0, #4
 905 0048 8142     		cmp	r1, r0
 906 004a 3DD0     		beq	.L99
 853:Inc/STM32F3xx_HAL_Driver/Src/stm32f3xx_hal_comp.c **** 
 907              		.loc 1 853 20 discriminator 9 view .LVU245
 908 004c 0430     		adds	r0, r0, #4
 909 004e 8142     		cmp	r1, r0
 910 0050 01D0     		beq	.L106
 853:Inc/STM32F3xx_HAL_Driver/Src/stm32f3xx_hal_comp.c **** 
 911              		.loc 1 853 20 discriminator 12 view .LVU246
 912 0052 0221     		movs	r1, #2
 913 0054 03E0     		b	.L79
 914              	.L106:
 853:Inc/STM32F3xx_HAL_Driver/Src/stm32f3xx_hal_comp.c **** 
ARM GAS  /tmp/ccuJNwZC.s 			page 36


 915              		.loc 1 853 20 discriminator 11 view .LVU247
 916 0056 0121     		movs	r1, #1
 917 0058 01E0     		b	.L79
 918              	.L95:
 853:Inc/STM32F3xx_HAL_Driver/Src/stm32f3xx_hal_comp.c **** 
 919              		.loc 1 853 20 discriminator 2 view .LVU248
 920 005a 4FF40011 		mov	r1, #2097152
 921              	.L79:
 922              	.LVL41:
 856:Inc/STM32F3xx_HAL_Driver/Src/stm32f3xx_hal_comp.c ****         {
 923              		.loc 1 856 9 is_stmt 1 view .LVU249
 856:Inc/STM32F3xx_HAL_Driver/Src/stm32f3xx_hal_comp.c ****         {
 924              		.loc 1 856 12 is_stmt 0 view .LVU250
 925 005e 14F0010F 		tst	r4, #1
 926 0062 39D0     		beq	.L80
 858:Inc/STM32F3xx_HAL_Driver/Src/stm32f3xx_hal_comp.c ****         }
 927              		.loc 1 858 11 is_stmt 1 view .LVU251
 928 0064 11F0030F 		tst	r1, #3
 929 0068 31D0     		beq	.L81
 858:Inc/STM32F3xx_HAL_Driver/Src/stm32f3xx_hal_comp.c ****         }
 930              		.loc 1 858 11 is_stmt 0 discriminator 1 view .LVU252
 931 006a 344C     		ldr	r4, .L107+4
 932 006c A06A     		ldr	r0, [r4, #40]
 933 006e 0843     		orrs	r0, r0, r1
 934 0070 A062     		str	r0, [r4, #40]
 935              	.L82:
 865:Inc/STM32F3xx_HAL_Driver/Src/stm32f3xx_hal_comp.c ****         {
 936              		.loc 1 865 9 is_stmt 1 view .LVU253
 865:Inc/STM32F3xx_HAL_Driver/Src/stm32f3xx_hal_comp.c ****         {
 937              		.loc 1 865 25 is_stmt 0 view .LVU254
 938 0072 506A     		ldr	r0, [r2, #36]
 865:Inc/STM32F3xx_HAL_Driver/Src/stm32f3xx_hal_comp.c ****         {
 939              		.loc 1 865 12 view .LVU255
 940 0074 10F0020F 		tst	r0, #2
 941 0078 42D0     		beq	.L84
 867:Inc/STM32F3xx_HAL_Driver/Src/stm32f3xx_hal_comp.c ****         }
 942              		.loc 1 867 11 is_stmt 1 view .LVU256
 943 007a 11F0030F 		tst	r1, #3
 944 007e 3AD0     		beq	.L85
 867:Inc/STM32F3xx_HAL_Driver/Src/stm32f3xx_hal_comp.c ****         }
 945              		.loc 1 867 11 is_stmt 0 discriminator 1 view .LVU257
 946 0080 2E4C     		ldr	r4, .L107+4
 947 0082 E06A     		ldr	r0, [r4, #44]
 948 0084 0843     		orrs	r0, r0, r1
 949 0086 E062     		str	r0, [r4, #44]
 950              	.L86:
 875:Inc/STM32F3xx_HAL_Driver/Src/stm32f3xx_hal_comp.c **** 
 951              		.loc 1 875 9 is_stmt 1 view .LVU258
 952 0088 11F00300 		ands	r0, r1, #3
 953 008c 47D0     		beq	.L88
 875:Inc/STM32F3xx_HAL_Driver/Src/stm32f3xx_hal_comp.c **** 
 954              		.loc 1 875 9 is_stmt 0 discriminator 1 view .LVU259
 955 008e 2B4C     		ldr	r4, .L107+4
 956 0090 6163     		str	r1, [r4, #52]
 957              	.L89:
 878:Inc/STM32F3xx_HAL_Driver/Src/stm32f3xx_hal_comp.c **** 
 958              		.loc 1 878 9 is_stmt 1 view .LVU260
ARM GAS  /tmp/ccuJNwZC.s 			page 37


 959 0092 0028     		cmp	r0, #0
 960 0094 46D0     		beq	.L90
 878:Inc/STM32F3xx_HAL_Driver/Src/stm32f3xx_hal_comp.c **** 
 961              		.loc 1 878 9 is_stmt 0 discriminator 1 view .LVU261
 962 0096 294C     		ldr	r4, .L107+4
 963 0098 206A     		ldr	r0, [r4, #32]
 964 009a 0143     		orrs	r1, r1, r0
 965              	.LVL42:
 878:Inc/STM32F3xx_HAL_Driver/Src/stm32f3xx_hal_comp.c **** 
 966              		.loc 1 878 9 discriminator 1 view .LVU262
 967 009c 2162     		str	r1, [r4, #32]
 968              	.L91:
 881:Inc/STM32F3xx_HAL_Driver/Src/stm32f3xx_hal_comp.c **** 
 969              		.loc 1 881 9 is_stmt 1 view .LVU263
 970 009e 1068     		ldr	r0, [r2]
 971 00a0 0168     		ldr	r1, [r0]
 972 00a2 41F00101 		orr	r1, r1, #1
 973 00a6 0160     		str	r1, [r0]
 883:Inc/STM32F3xx_HAL_Driver/Src/stm32f3xx_hal_comp.c ****       }
 974              		.loc 1 883 9 view .LVU264
 883:Inc/STM32F3xx_HAL_Driver/Src/stm32f3xx_hal_comp.c ****       }
 975              		.loc 1 883 22 is_stmt 0 view .LVU265
 976 00a8 0221     		movs	r1, #2
 977 00aa 82F82910 		strb	r1, [r2, #41]
 834:Inc/STM32F3xx_HAL_Driver/Src/stm32f3xx_hal_comp.c ****   uint32_t extiline = 0U;
 978              		.loc 1 834 21 view .LVU266
 979 00ae 1846     		mov	r0, r3
 980              	.LVL43:
 981              	.L78:
 896:Inc/STM32F3xx_HAL_Driver/Src/stm32f3xx_hal_comp.c **** }
 982              		.loc 1 896 3 is_stmt 1 view .LVU267
 983              		.loc 1 897 1 is_stmt 0 view .LVU268
 984 00b0 5DF8044B 		ldr	r4, [sp], #4
 985              		.cfi_remember_state
 986              		.cfi_restore 4
 987              		.cfi_def_cfa_offset 0
 988 00b4 7047     		bx	lr
 989              	.LVL44:
 990              	.L96:
 991              		.cfi_restore_state
 853:Inc/STM32F3xx_HAL_Driver/Src/stm32f3xx_hal_comp.c **** 
 992              		.loc 1 853 20 discriminator 4 view .LVU269
 993 00b6 4FF48001 		mov	r1, #4194304
 994 00ba D0E7     		b	.L79
 995              	.L97:
 853:Inc/STM32F3xx_HAL_Driver/Src/stm32f3xx_hal_comp.c **** 
 996              		.loc 1 853 20 discriminator 6 view .LVU270
 997 00bc 4FF00051 		mov	r1, #536870912
 998 00c0 CDE7     		b	.L79
 999              	.L98:
 853:Inc/STM32F3xx_HAL_Driver/Src/stm32f3xx_hal_comp.c **** 
 1000              		.loc 1 853 20 discriminator 8 view .LVU271
 1001 00c2 4FF08041 		mov	r1, #1073741824
 1002 00c6 CAE7     		b	.L79
 1003              	.L99:
 853:Inc/STM32F3xx_HAL_Driver/Src/stm32f3xx_hal_comp.c **** 
 1004              		.loc 1 853 20 discriminator 10 view .LVU272
ARM GAS  /tmp/ccuJNwZC.s 			page 38


 1005 00c8 4FF00041 		mov	r1, #-2147483648
 1006 00cc C7E7     		b	.L79
 1007              	.LVL45:
 1008              	.L81:
 858:Inc/STM32F3xx_HAL_Driver/Src/stm32f3xx_hal_comp.c ****         }
 1009              		.loc 1 858 11 discriminator 2 view .LVU273
 1010 00ce 1B4C     		ldr	r4, .L107+4
 1011 00d0 A068     		ldr	r0, [r4, #8]
 1012 00d2 0843     		orrs	r0, r0, r1
 1013 00d4 A060     		str	r0, [r4, #8]
 1014 00d6 CCE7     		b	.L82
 1015              	.L80:
 862:Inc/STM32F3xx_HAL_Driver/Src/stm32f3xx_hal_comp.c ****         }
 1016              		.loc 1 862 11 is_stmt 1 view .LVU274
 1017 00d8 11F0030F 		tst	r1, #3
 1018 00dc 05D0     		beq	.L83
 862:Inc/STM32F3xx_HAL_Driver/Src/stm32f3xx_hal_comp.c ****         }
 1019              		.loc 1 862 11 is_stmt 0 discriminator 1 view .LVU275
 1020 00de 174C     		ldr	r4, .L107+4
 1021 00e0 A06A     		ldr	r0, [r4, #40]
 1022 00e2 20EA0100 		bic	r0, r0, r1
 1023 00e6 A062     		str	r0, [r4, #40]
 1024 00e8 C3E7     		b	.L82
 1025              	.L83:
 862:Inc/STM32F3xx_HAL_Driver/Src/stm32f3xx_hal_comp.c ****         }
 1026              		.loc 1 862 11 discriminator 2 view .LVU276
 1027 00ea 144C     		ldr	r4, .L107+4
 1028 00ec A068     		ldr	r0, [r4, #8]
 1029 00ee 20EA0100 		bic	r0, r0, r1
 1030 00f2 A060     		str	r0, [r4, #8]
 1031 00f4 BDE7     		b	.L82
 1032              	.L85:
 867:Inc/STM32F3xx_HAL_Driver/Src/stm32f3xx_hal_comp.c ****         }
 1033              		.loc 1 867 11 discriminator 2 view .LVU277
 1034 00f6 114C     		ldr	r4, .L107+4
 1035 00f8 E068     		ldr	r0, [r4, #12]
 1036 00fa 0843     		orrs	r0, r0, r1
 1037 00fc E060     		str	r0, [r4, #12]
 1038 00fe C3E7     		b	.L86
 1039              	.L84:
 871:Inc/STM32F3xx_HAL_Driver/Src/stm32f3xx_hal_comp.c ****         }
 1040              		.loc 1 871 11 is_stmt 1 view .LVU278
 1041 0100 11F0030F 		tst	r1, #3
 1042 0104 05D0     		beq	.L87
 871:Inc/STM32F3xx_HAL_Driver/Src/stm32f3xx_hal_comp.c ****         }
 1043              		.loc 1 871 11 is_stmt 0 discriminator 1 view .LVU279
 1044 0106 0D4C     		ldr	r4, .L107+4
 1045 0108 E06A     		ldr	r0, [r4, #44]
 1046 010a 20EA0100 		bic	r0, r0, r1
 1047 010e E062     		str	r0, [r4, #44]
 1048 0110 BAE7     		b	.L86
 1049              	.L87:
 871:Inc/STM32F3xx_HAL_Driver/Src/stm32f3xx_hal_comp.c ****         }
 1050              		.loc 1 871 11 discriminator 2 view .LVU280
 1051 0112 0A4C     		ldr	r4, .L107+4
 1052 0114 E068     		ldr	r0, [r4, #12]
 1053 0116 20EA0100 		bic	r0, r0, r1
ARM GAS  /tmp/ccuJNwZC.s 			page 39


 1054 011a E060     		str	r0, [r4, #12]
 1055 011c B4E7     		b	.L86
 1056              	.L88:
 875:Inc/STM32F3xx_HAL_Driver/Src/stm32f3xx_hal_comp.c **** 
 1057              		.loc 1 875 9 discriminator 2 view .LVU281
 1058 011e 074C     		ldr	r4, .L107+4
 1059 0120 6161     		str	r1, [r4, #20]
 1060 0122 B6E7     		b	.L89
 1061              	.L90:
 878:Inc/STM32F3xx_HAL_Driver/Src/stm32f3xx_hal_comp.c **** 
 1062              		.loc 1 878 9 discriminator 2 view .LVU282
 1063 0124 054C     		ldr	r4, .L107+4
 1064 0126 2068     		ldr	r0, [r4]
 1065 0128 0143     		orrs	r1, r1, r0
 1066              	.LVL46:
 878:Inc/STM32F3xx_HAL_Driver/Src/stm32f3xx_hal_comp.c **** 
 1067              		.loc 1 878 9 discriminator 2 view .LVU283
 1068 012a 2160     		str	r1, [r4]
 1069 012c B7E7     		b	.L91
 1070              	.LVL47:
 1071              	.L92:
 1072              		.cfi_def_cfa_offset 0
 1073              		.cfi_restore 4
 840:Inc/STM32F3xx_HAL_Driver/Src/stm32f3xx_hal_comp.c ****   }
 1074              		.loc 1 840 12 view .LVU284
 1075 012e 0120     		movs	r0, #1
 1076              	.LVL48:
 840:Inc/STM32F3xx_HAL_Driver/Src/stm32f3xx_hal_comp.c ****   }
 1077              		.loc 1 840 12 view .LVU285
 1078 0130 7047     		bx	lr
 1079              	.LVL49:
 1080              	.L93:
 840:Inc/STM32F3xx_HAL_Driver/Src/stm32f3xx_hal_comp.c ****   }
 1081              		.loc 1 840 12 view .LVU286
 1082 0132 0120     		movs	r0, #1
 1083              	.LVL50:
 840:Inc/STM32F3xx_HAL_Driver/Src/stm32f3xx_hal_comp.c ****   }
 1084              		.loc 1 840 12 view .LVU287
 1085 0134 7047     		bx	lr
 1086              	.L108:
 1087 0136 00BF     		.align	2
 1088              	.L107:
 1089 0138 1C000140 		.word	1073807388
 1090 013c 00040140 		.word	1073808384
 1091              		.cfi_endproc
 1092              	.LFE136:
 1094              		.section	.text.HAL_COMP_Stop_IT,"ax",%progbits
 1095              		.align	1
 1096              		.global	HAL_COMP_Stop_IT
 1097              		.syntax unified
 1098              		.thumb
 1099              		.thumb_func
 1101              	HAL_COMP_Stop_IT:
 1102              	.LVL51:
 1103              	.LFB137:
 898:Inc/STM32F3xx_HAL_Driver/Src/stm32f3xx_hal_comp.c **** 
 899:Inc/STM32F3xx_HAL_Driver/Src/stm32f3xx_hal_comp.c **** /**
ARM GAS  /tmp/ccuJNwZC.s 			page 40


 900:Inc/STM32F3xx_HAL_Driver/Src/stm32f3xx_hal_comp.c ****   * @brief  Stop the comparator in Interrupt mode.
 901:Inc/STM32F3xx_HAL_Driver/Src/stm32f3xx_hal_comp.c ****   * @param  hcomp  COMP handle
 902:Inc/STM32F3xx_HAL_Driver/Src/stm32f3xx_hal_comp.c ****   * @retval HAL status
 903:Inc/STM32F3xx_HAL_Driver/Src/stm32f3xx_hal_comp.c ****   */
 904:Inc/STM32F3xx_HAL_Driver/Src/stm32f3xx_hal_comp.c **** HAL_StatusTypeDef HAL_COMP_Stop_IT(COMP_HandleTypeDef *hcomp)
 905:Inc/STM32F3xx_HAL_Driver/Src/stm32f3xx_hal_comp.c **** {
 1104              		.loc 1 905 1 is_stmt 1 view -0
 1105              		.cfi_startproc
 1106              		@ args = 0, pretend = 0, frame = 0
 1107              		@ frame_needed = 0, uses_anonymous_args = 0
 1108              		.loc 1 905 1 is_stmt 0 view .LVU289
 1109 0000 08B5     		push	{r3, lr}
 1110              		.cfi_def_cfa_offset 8
 1111              		.cfi_offset 3, -8
 1112              		.cfi_offset 14, -4
 906:Inc/STM32F3xx_HAL_Driver/Src/stm32f3xx_hal_comp.c ****   HAL_StatusTypeDef status = HAL_OK;
 1113              		.loc 1 906 3 is_stmt 1 view .LVU290
 1114              	.LVL52:
 907:Inc/STM32F3xx_HAL_Driver/Src/stm32f3xx_hal_comp.c **** 
 908:Inc/STM32F3xx_HAL_Driver/Src/stm32f3xx_hal_comp.c ****   /* Disable the EXTI Line interrupt mode */
 909:Inc/STM32F3xx_HAL_Driver/Src/stm32f3xx_hal_comp.c ****   COMP_EXTI_DISABLE_IT(COMP_GET_EXTI_LINE(hcomp->Instance));
 1115              		.loc 1 909 3 view .LVU291
 1116 0002 0368     		ldr	r3, [r0]
 1117 0004 254A     		ldr	r2, .L124
 1118 0006 9342     		cmp	r3, r2
 1119 0008 1AD0     		beq	.L110
 1120              		.loc 1 909 3 is_stmt 0 discriminator 1 view .LVU292
 1121 000a 0432     		adds	r2, r2, #4
 1122 000c 9342     		cmp	r3, r2
 1123 000e 17D0     		beq	.L110
 1124              		.loc 1 909 3 discriminator 3 view .LVU293
 1125 0010 0432     		adds	r2, r2, #4
 1126 0012 9342     		cmp	r3, r2
 1127 0014 14D0     		beq	.L110
 1128              		.loc 1 909 3 discriminator 5 view .LVU294
 1129 0016 0432     		adds	r2, r2, #4
 1130 0018 9342     		cmp	r3, r2
 1131 001a 11D0     		beq	.L110
 1132              		.loc 1 909 3 discriminator 7 view .LVU295
 1133 001c 0432     		adds	r2, r2, #4
 1134 001e 9342     		cmp	r3, r2
 1135 0020 0ED0     		beq	.L110
 1136              		.loc 1 909 3 discriminator 9 view .LVU296
 1137 0022 02F57572 		add	r2, r2, #980
 1138 0026 126A     		ldr	r2, [r2, #32]
 1139              		.loc 1 909 3 discriminator 19 view .LVU297
 1140 0028 1D49     		ldr	r1, .L124+4
 1141 002a 8B42     		cmp	r3, r1
 1142 002c 05D0     		beq	.L122
 1143              		.loc 1 909 3 discriminator 22 view .LVU298
 1144 002e 6FF00203 		mvn	r3, #2
 1145              	.L111:
 1146              		.loc 1 909 3 discriminator 34 view .LVU299
 1147 0032 1340     		ands	r3, r3, r2
 1148 0034 1B4A     		ldr	r2, .L124+8
 1149 0036 1362     		str	r3, [r2, #32]
 1150              		.loc 1 909 3 view .LVU300
ARM GAS  /tmp/ccuJNwZC.s 			page 41


 1151 0038 21E0     		b	.L112
 1152              	.L122:
 1153              		.loc 1 909 3 discriminator 21 view .LVU301
 1154 003a 6FF00103 		mvn	r3, #1
 1155 003e F8E7     		b	.L111
 1156              	.L110:
 1157              		.loc 1 909 3 discriminator 10 view .LVU302
 1158 0040 184A     		ldr	r2, .L124+8
 1159 0042 1268     		ldr	r2, [r2]
 1160 0044 1549     		ldr	r1, .L124
 1161 0046 8B42     		cmp	r3, r1
 1162 0048 14D0     		beq	.L115
 1163              		.loc 1 909 3 discriminator 35 view .LVU303
 1164 004a 0431     		adds	r1, r1, #4
 1165 004c 8B42     		cmp	r3, r1
 1166 004e 19D0     		beq	.L116
 1167              		.loc 1 909 3 discriminator 37 view .LVU304
 1168 0050 0431     		adds	r1, r1, #4
 1169 0052 8B42     		cmp	r3, r1
 1170 0054 19D0     		beq	.L117
 1171              		.loc 1 909 3 discriminator 39 view .LVU305
 1172 0056 0431     		adds	r1, r1, #4
 1173 0058 8B42     		cmp	r3, r1
 1174 005a 19D0     		beq	.L118
 1175              		.loc 1 909 3 discriminator 41 view .LVU306
 1176 005c 0431     		adds	r1, r1, #4
 1177 005e 8B42     		cmp	r3, r1
 1178 0060 19D0     		beq	.L119
 1179              		.loc 1 909 3 discriminator 43 view .LVU307
 1180 0062 0431     		adds	r1, r1, #4
 1181 0064 8B42     		cmp	r3, r1
 1182 0066 02D0     		beq	.L123
 1183              		.loc 1 909 3 discriminator 46 view .LVU308
 1184 0068 6FF00203 		mvn	r3, #2
 1185 006c 04E0     		b	.L113
 1186              	.L123:
 1187              		.loc 1 909 3 discriminator 45 view .LVU309
 1188 006e 6FF00103 		mvn	r3, #1
 1189 0072 01E0     		b	.L113
 1190              	.L115:
 1191              		.loc 1 909 3 discriminator 36 view .LVU310
 1192 0074 6FF40013 		mvn	r3, #2097152
 1193              	.L113:
 1194              		.loc 1 909 3 discriminator 58 view .LVU311
 1195 0078 1340     		ands	r3, r3, r2
 1196 007a 0A4A     		ldr	r2, .L124+8
 1197 007c 1360     		str	r3, [r2]
 1198              	.L112:
 910:Inc/STM32F3xx_HAL_Driver/Src/stm32f3xx_hal_comp.c **** 
 911:Inc/STM32F3xx_HAL_Driver/Src/stm32f3xx_hal_comp.c ****   status = HAL_COMP_Stop(hcomp);
 1199              		.loc 1 911 3 is_stmt 1 view .LVU312
 1200              		.loc 1 911 12 is_stmt 0 view .LVU313
 1201 007e FFF7FEFF 		bl	HAL_COMP_Stop
 1202              	.LVL53:
 912:Inc/STM32F3xx_HAL_Driver/Src/stm32f3xx_hal_comp.c **** 
 913:Inc/STM32F3xx_HAL_Driver/Src/stm32f3xx_hal_comp.c ****   return status;
 1203              		.loc 1 913 3 is_stmt 1 view .LVU314
ARM GAS  /tmp/ccuJNwZC.s 			page 42


 914:Inc/STM32F3xx_HAL_Driver/Src/stm32f3xx_hal_comp.c **** }
 1204              		.loc 1 914 1 is_stmt 0 view .LVU315
 1205 0082 08BD     		pop	{r3, pc}
 1206              	.LVL54:
 1207              	.L116:
 909:Inc/STM32F3xx_HAL_Driver/Src/stm32f3xx_hal_comp.c **** 
 1208              		.loc 1 909 3 discriminator 38 view .LVU316
 1209 0084 6FF48003 		mvn	r3, #4194304
 1210 0088 F6E7     		b	.L113
 1211              	.L117:
 909:Inc/STM32F3xx_HAL_Driver/Src/stm32f3xx_hal_comp.c **** 
 1212              		.loc 1 909 3 discriminator 40 view .LVU317
 1213 008a 6FF00053 		mvn	r3, #536870912
 1214 008e F3E7     		b	.L113
 1215              	.L118:
 909:Inc/STM32F3xx_HAL_Driver/Src/stm32f3xx_hal_comp.c **** 
 1216              		.loc 1 909 3 discriminator 42 view .LVU318
 1217 0090 6FF08043 		mvn	r3, #1073741824
 1218 0094 F0E7     		b	.L113
 1219              	.L119:
 909:Inc/STM32F3xx_HAL_Driver/Src/stm32f3xx_hal_comp.c **** 
 1220              		.loc 1 909 3 discriminator 44 view .LVU319
 1221 0096 6FF00043 		mvn	r3, #-2147483648
 1222 009a EDE7     		b	.L113
 1223              	.L125:
 1224              		.align	2
 1225              	.L124:
 1226 009c 1C000140 		.word	1073807388
 1227 00a0 30000140 		.word	1073807408
 1228 00a4 00040140 		.word	1073808384
 1229              		.cfi_endproc
 1230              	.LFE137:
 1232              		.section	.text.HAL_COMP_TriggerCallback,"ax",%progbits
 1233              		.align	1
 1234              		.weak	HAL_COMP_TriggerCallback
 1235              		.syntax unified
 1236              		.thumb
 1237              		.thumb_func
 1239              	HAL_COMP_TriggerCallback:
 1240              	.LVL55:
 1241              	.LFB139:
 915:Inc/STM32F3xx_HAL_Driver/Src/stm32f3xx_hal_comp.c **** 
 916:Inc/STM32F3xx_HAL_Driver/Src/stm32f3xx_hal_comp.c **** /**
 917:Inc/STM32F3xx_HAL_Driver/Src/stm32f3xx_hal_comp.c ****   * @brief  Comparator IRQ Handler.
 918:Inc/STM32F3xx_HAL_Driver/Src/stm32f3xx_hal_comp.c ****   * @param  hcomp  COMP handle
 919:Inc/STM32F3xx_HAL_Driver/Src/stm32f3xx_hal_comp.c ****   * @retval HAL status
 920:Inc/STM32F3xx_HAL_Driver/Src/stm32f3xx_hal_comp.c ****   */
 921:Inc/STM32F3xx_HAL_Driver/Src/stm32f3xx_hal_comp.c **** void HAL_COMP_IRQHandler(COMP_HandleTypeDef *hcomp)
 922:Inc/STM32F3xx_HAL_Driver/Src/stm32f3xx_hal_comp.c **** {
 923:Inc/STM32F3xx_HAL_Driver/Src/stm32f3xx_hal_comp.c ****   uint32_t extiline = COMP_GET_EXTI_LINE(hcomp->Instance);
 924:Inc/STM32F3xx_HAL_Driver/Src/stm32f3xx_hal_comp.c **** 
 925:Inc/STM32F3xx_HAL_Driver/Src/stm32f3xx_hal_comp.c ****   /* Check COMP EXTI flag */
 926:Inc/STM32F3xx_HAL_Driver/Src/stm32f3xx_hal_comp.c ****   if (COMP_EXTI_GET_FLAG(extiline) != RESET)
 927:Inc/STM32F3xx_HAL_Driver/Src/stm32f3xx_hal_comp.c ****   {
 928:Inc/STM32F3xx_HAL_Driver/Src/stm32f3xx_hal_comp.c ****     /* Clear COMP EXTI pending bit */
 929:Inc/STM32F3xx_HAL_Driver/Src/stm32f3xx_hal_comp.c ****     COMP_EXTI_CLEAR_FLAG(extiline);
 930:Inc/STM32F3xx_HAL_Driver/Src/stm32f3xx_hal_comp.c **** 
ARM GAS  /tmp/ccuJNwZC.s 			page 43


 931:Inc/STM32F3xx_HAL_Driver/Src/stm32f3xx_hal_comp.c ****     /* COMP trigger callback */
 932:Inc/STM32F3xx_HAL_Driver/Src/stm32f3xx_hal_comp.c **** #if (USE_HAL_COMP_REGISTER_CALLBACKS == 1)
 933:Inc/STM32F3xx_HAL_Driver/Src/stm32f3xx_hal_comp.c ****     hcomp->TriggerCallback(hcomp);
 934:Inc/STM32F3xx_HAL_Driver/Src/stm32f3xx_hal_comp.c **** #else
 935:Inc/STM32F3xx_HAL_Driver/Src/stm32f3xx_hal_comp.c ****     HAL_COMP_TriggerCallback(hcomp);
 936:Inc/STM32F3xx_HAL_Driver/Src/stm32f3xx_hal_comp.c **** #endif /* USE_HAL_COMP_REGISTER_CALLBACKS */
 937:Inc/STM32F3xx_HAL_Driver/Src/stm32f3xx_hal_comp.c ****   }
 938:Inc/STM32F3xx_HAL_Driver/Src/stm32f3xx_hal_comp.c **** }
 939:Inc/STM32F3xx_HAL_Driver/Src/stm32f3xx_hal_comp.c **** 
 940:Inc/STM32F3xx_HAL_Driver/Src/stm32f3xx_hal_comp.c **** /**
 941:Inc/STM32F3xx_HAL_Driver/Src/stm32f3xx_hal_comp.c ****   * @brief  Comparator trigger callback.
 942:Inc/STM32F3xx_HAL_Driver/Src/stm32f3xx_hal_comp.c ****   * @param  hcomp  COMP handle
 943:Inc/STM32F3xx_HAL_Driver/Src/stm32f3xx_hal_comp.c ****   * @retval None
 944:Inc/STM32F3xx_HAL_Driver/Src/stm32f3xx_hal_comp.c ****   */
 945:Inc/STM32F3xx_HAL_Driver/Src/stm32f3xx_hal_comp.c **** __weak void HAL_COMP_TriggerCallback(COMP_HandleTypeDef *hcomp)
 946:Inc/STM32F3xx_HAL_Driver/Src/stm32f3xx_hal_comp.c **** {
 1242              		.loc 1 946 1 is_stmt 1 view -0
 1243              		.cfi_startproc
 1244              		@ args = 0, pretend = 0, frame = 0
 1245              		@ frame_needed = 0, uses_anonymous_args = 0
 1246              		@ link register save eliminated.
 947:Inc/STM32F3xx_HAL_Driver/Src/stm32f3xx_hal_comp.c ****   /* Prevent unused argument(s) compilation warning */
 948:Inc/STM32F3xx_HAL_Driver/Src/stm32f3xx_hal_comp.c ****   UNUSED(hcomp);
 1247              		.loc 1 948 3 view .LVU321
 949:Inc/STM32F3xx_HAL_Driver/Src/stm32f3xx_hal_comp.c **** 
 950:Inc/STM32F3xx_HAL_Driver/Src/stm32f3xx_hal_comp.c ****   /* NOTE : This function should not be modified, when the callback is needed,
 951:Inc/STM32F3xx_HAL_Driver/Src/stm32f3xx_hal_comp.c ****             the HAL_COMP_TriggerCallback should be implemented in the user file
 952:Inc/STM32F3xx_HAL_Driver/Src/stm32f3xx_hal_comp.c ****    */
 953:Inc/STM32F3xx_HAL_Driver/Src/stm32f3xx_hal_comp.c **** }
 1248              		.loc 1 953 1 is_stmt 0 view .LVU322
 1249 0000 7047     		bx	lr
 1250              		.cfi_endproc
 1251              	.LFE139:
 1253              		.section	.text.HAL_COMP_IRQHandler,"ax",%progbits
 1254              		.align	1
 1255              		.global	HAL_COMP_IRQHandler
 1256              		.syntax unified
 1257              		.thumb
 1258              		.thumb_func
 1260              	HAL_COMP_IRQHandler:
 1261              	.LVL56:
 1262              	.LFB138:
 922:Inc/STM32F3xx_HAL_Driver/Src/stm32f3xx_hal_comp.c ****   uint32_t extiline = COMP_GET_EXTI_LINE(hcomp->Instance);
 1263              		.loc 1 922 1 is_stmt 1 view -0
 1264              		.cfi_startproc
 1265              		@ args = 0, pretend = 0, frame = 0
 1266              		@ frame_needed = 0, uses_anonymous_args = 0
 922:Inc/STM32F3xx_HAL_Driver/Src/stm32f3xx_hal_comp.c ****   uint32_t extiline = COMP_GET_EXTI_LINE(hcomp->Instance);
 1267              		.loc 1 922 1 is_stmt 0 view .LVU324
 1268 0000 08B5     		push	{r3, lr}
 1269              		.cfi_def_cfa_offset 8
 1270              		.cfi_offset 3, -8
 1271              		.cfi_offset 14, -4
 923:Inc/STM32F3xx_HAL_Driver/Src/stm32f3xx_hal_comp.c **** 
 1272              		.loc 1 923 3 is_stmt 1 view .LVU325
 923:Inc/STM32F3xx_HAL_Driver/Src/stm32f3xx_hal_comp.c **** 
 1273              		.loc 1 923 23 is_stmt 0 view .LVU326
ARM GAS  /tmp/ccuJNwZC.s 			page 44


 1274 0002 0368     		ldr	r3, [r0]
 1275 0004 1D4A     		ldr	r2, .L142
 1276 0006 9342     		cmp	r3, r2
 1277 0008 18D0     		beq	.L134
 923:Inc/STM32F3xx_HAL_Driver/Src/stm32f3xx_hal_comp.c **** 
 1278              		.loc 1 923 23 discriminator 1 view .LVU327
 1279 000a 0432     		adds	r2, r2, #4
 1280 000c 9342     		cmp	r3, r2
 1281 000e 26D0     		beq	.L135
 923:Inc/STM32F3xx_HAL_Driver/Src/stm32f3xx_hal_comp.c **** 
 1282              		.loc 1 923 23 discriminator 3 view .LVU328
 1283 0010 0432     		adds	r2, r2, #4
 1284 0012 9342     		cmp	r3, r2
 1285 0014 26D0     		beq	.L136
 923:Inc/STM32F3xx_HAL_Driver/Src/stm32f3xx_hal_comp.c **** 
 1286              		.loc 1 923 23 discriminator 5 view .LVU329
 1287 0016 0432     		adds	r2, r2, #4
 1288 0018 9342     		cmp	r3, r2
 1289 001a 26D0     		beq	.L137
 923:Inc/STM32F3xx_HAL_Driver/Src/stm32f3xx_hal_comp.c **** 
 1290              		.loc 1 923 23 discriminator 7 view .LVU330
 1291 001c 0432     		adds	r2, r2, #4
 1292 001e 9342     		cmp	r3, r2
 1293 0020 26D0     		beq	.L138
 923:Inc/STM32F3xx_HAL_Driver/Src/stm32f3xx_hal_comp.c **** 
 1294              		.loc 1 923 23 discriminator 9 view .LVU331
 1295 0022 0432     		adds	r2, r2, #4
 1296 0024 9342     		cmp	r3, r2
 1297 0026 07D0     		beq	.L141
 923:Inc/STM32F3xx_HAL_Driver/Src/stm32f3xx_hal_comp.c **** 
 1298              		.loc 1 923 23 discriminator 12 view .LVU332
 1299 0028 0222     		movs	r2, #2
 1300              	.L129:
 1301              	.LVL57:
 926:Inc/STM32F3xx_HAL_Driver/Src/stm32f3xx_hal_comp.c ****   {
 1302              		.loc 1 926 3 is_stmt 1 view .LVU333
 926:Inc/STM32F3xx_HAL_Driver/Src/stm32f3xx_hal_comp.c ****   {
 1303              		.loc 1 926 7 is_stmt 0 discriminator 1 view .LVU334
 1304 002a 154B     		ldr	r3, .L142+4
 1305 002c 5B6B     		ldr	r3, [r3, #52]
 1306 002e 1340     		ands	r3, r3, r2
 926:Inc/STM32F3xx_HAL_Driver/Src/stm32f3xx_hal_comp.c ****   {
 1307              		.loc 1 926 36 discriminator 1 view .LVU335
 1308 0030 003B     		subs	r3, r3, #0
 1309 0032 18BF     		it	ne
 1310 0034 0123     		movne	r3, #1
 1311 0036 09E0     		b	.L130
 1312              	.LVL58:
 1313              	.L141:
 923:Inc/STM32F3xx_HAL_Driver/Src/stm32f3xx_hal_comp.c **** 
 1314              		.loc 1 923 23 discriminator 11 view .LVU336
 1315 0038 0122     		movs	r2, #1
 1316 003a F6E7     		b	.L129
 1317              	.L134:
 923:Inc/STM32F3xx_HAL_Driver/Src/stm32f3xx_hal_comp.c **** 
 1318              		.loc 1 923 23 discriminator 2 view .LVU337
 1319 003c 4FF40012 		mov	r2, #2097152
ARM GAS  /tmp/ccuJNwZC.s 			page 45


 1320              	.L128:
 926:Inc/STM32F3xx_HAL_Driver/Src/stm32f3xx_hal_comp.c ****   {
 1321              		.loc 1 926 7 discriminator 2 view .LVU338
 1322 0040 0F4B     		ldr	r3, .L142+4
 1323 0042 5B69     		ldr	r3, [r3, #20]
 1324 0044 1340     		ands	r3, r3, r2
 926:Inc/STM32F3xx_HAL_Driver/Src/stm32f3xx_hal_comp.c ****   {
 1325              		.loc 1 926 36 discriminator 2 view .LVU339
 1326 0046 003B     		subs	r3, r3, #0
 1327 0048 18BF     		it	ne
 1328 004a 0123     		movne	r3, #1
 1329              	.L130:
 926:Inc/STM32F3xx_HAL_Driver/Src/stm32f3xx_hal_comp.c ****   {
 1330              		.loc 1 926 6 discriminator 4 view .LVU340
 1331 004c 33B1     		cbz	r3, .L127
 929:Inc/STM32F3xx_HAL_Driver/Src/stm32f3xx_hal_comp.c **** 
 1332              		.loc 1 929 5 is_stmt 1 view .LVU341
 1333 004e 12F0030F 		tst	r2, #3
 1334 0052 10D0     		beq	.L132
 929:Inc/STM32F3xx_HAL_Driver/Src/stm32f3xx_hal_comp.c **** 
 1335              		.loc 1 929 5 is_stmt 0 discriminator 1 view .LVU342
 1336 0054 0A4B     		ldr	r3, .L142+4
 1337 0056 5A63     		str	r2, [r3, #52]
 1338              	.L133:
 935:Inc/STM32F3xx_HAL_Driver/Src/stm32f3xx_hal_comp.c **** #endif /* USE_HAL_COMP_REGISTER_CALLBACKS */
 1339              		.loc 1 935 5 is_stmt 1 view .LVU343
 1340 0058 FFF7FEFF 		bl	HAL_COMP_TriggerCallback
 1341              	.LVL59:
 1342              	.L127:
 938:Inc/STM32F3xx_HAL_Driver/Src/stm32f3xx_hal_comp.c **** 
 1343              		.loc 1 938 1 is_stmt 0 view .LVU344
 1344 005c 08BD     		pop	{r3, pc}
 1345              	.LVL60:
 1346              	.L135:
 923:Inc/STM32F3xx_HAL_Driver/Src/stm32f3xx_hal_comp.c **** 
 1347              		.loc 1 923 23 discriminator 22 view .LVU345
 1348 005e 4FF48002 		mov	r2, #4194304
 1349 0062 EDE7     		b	.L128
 1350              	.L136:
 1351 0064 4FF00052 		mov	r2, #536870912
 1352 0068 EAE7     		b	.L128
 1353              	.L137:
 1354 006a 4FF08042 		mov	r2, #1073741824
 1355 006e E7E7     		b	.L128
 1356              	.L138:
 1357 0070 4FF00042 		mov	r2, #-2147483648
 1358 0074 E4E7     		b	.L128
 1359              	.L132:
 929:Inc/STM32F3xx_HAL_Driver/Src/stm32f3xx_hal_comp.c **** 
 1360              		.loc 1 929 5 discriminator 2 view .LVU346
 1361 0076 024B     		ldr	r3, .L142+4
 1362 0078 5A61     		str	r2, [r3, #20]
 1363 007a EDE7     		b	.L133
 1364              	.L143:
 1365              		.align	2
 1366              	.L142:
 1367 007c 1C000140 		.word	1073807388
ARM GAS  /tmp/ccuJNwZC.s 			page 46


 1368 0080 00040140 		.word	1073808384
 1369              		.cfi_endproc
 1370              	.LFE138:
 1372              		.section	.text.HAL_COMP_Lock,"ax",%progbits
 1373              		.align	1
 1374              		.global	HAL_COMP_Lock
 1375              		.syntax unified
 1376              		.thumb
 1377              		.thumb_func
 1379              	HAL_COMP_Lock:
 1380              	.LVL61:
 1381              	.LFB140:
 954:Inc/STM32F3xx_HAL_Driver/Src/stm32f3xx_hal_comp.c **** 
 955:Inc/STM32F3xx_HAL_Driver/Src/stm32f3xx_hal_comp.c **** /**
 956:Inc/STM32F3xx_HAL_Driver/Src/stm32f3xx_hal_comp.c ****   * @}
 957:Inc/STM32F3xx_HAL_Driver/Src/stm32f3xx_hal_comp.c ****   */
 958:Inc/STM32F3xx_HAL_Driver/Src/stm32f3xx_hal_comp.c **** 
 959:Inc/STM32F3xx_HAL_Driver/Src/stm32f3xx_hal_comp.c **** /** @defgroup COMP_Exported_Functions_Group3 Peripheral Control functions
 960:Inc/STM32F3xx_HAL_Driver/Src/stm32f3xx_hal_comp.c ****  *  @brief   Management functions.
 961:Inc/STM32F3xx_HAL_Driver/Src/stm32f3xx_hal_comp.c ****  *
 962:Inc/STM32F3xx_HAL_Driver/Src/stm32f3xx_hal_comp.c **** @verbatim
 963:Inc/STM32F3xx_HAL_Driver/Src/stm32f3xx_hal_comp.c ****  ===============================================================================
 964:Inc/STM32F3xx_HAL_Driver/Src/stm32f3xx_hal_comp.c ****                       ##### Peripheral Control functions #####
 965:Inc/STM32F3xx_HAL_Driver/Src/stm32f3xx_hal_comp.c ****  ===============================================================================
 966:Inc/STM32F3xx_HAL_Driver/Src/stm32f3xx_hal_comp.c ****     [..]
 967:Inc/STM32F3xx_HAL_Driver/Src/stm32f3xx_hal_comp.c ****     This subsection provides a set of functions allowing to control the comparators.
 968:Inc/STM32F3xx_HAL_Driver/Src/stm32f3xx_hal_comp.c **** 
 969:Inc/STM32F3xx_HAL_Driver/Src/stm32f3xx_hal_comp.c **** @endverbatim
 970:Inc/STM32F3xx_HAL_Driver/Src/stm32f3xx_hal_comp.c ****   * @{
 971:Inc/STM32F3xx_HAL_Driver/Src/stm32f3xx_hal_comp.c ****   */
 972:Inc/STM32F3xx_HAL_Driver/Src/stm32f3xx_hal_comp.c **** 
 973:Inc/STM32F3xx_HAL_Driver/Src/stm32f3xx_hal_comp.c **** /**
 974:Inc/STM32F3xx_HAL_Driver/Src/stm32f3xx_hal_comp.c ****   * @brief  Lock the selected comparator configuration.
 975:Inc/STM32F3xx_HAL_Driver/Src/stm32f3xx_hal_comp.c ****   * @note   A system reset is required to unlock the comparator configuration.
 976:Inc/STM32F3xx_HAL_Driver/Src/stm32f3xx_hal_comp.c ****   * @param  hcomp  COMP handle
 977:Inc/STM32F3xx_HAL_Driver/Src/stm32f3xx_hal_comp.c ****   * @retval HAL status
 978:Inc/STM32F3xx_HAL_Driver/Src/stm32f3xx_hal_comp.c ****   */
 979:Inc/STM32F3xx_HAL_Driver/Src/stm32f3xx_hal_comp.c **** HAL_StatusTypeDef HAL_COMP_Lock(COMP_HandleTypeDef *hcomp)
 980:Inc/STM32F3xx_HAL_Driver/Src/stm32f3xx_hal_comp.c **** {
 1382              		.loc 1 980 1 is_stmt 1 view -0
 1383              		.cfi_startproc
 1384              		@ args = 0, pretend = 0, frame = 0
 1385              		@ frame_needed = 0, uses_anonymous_args = 0
 1386              		@ link register save eliminated.
 981:Inc/STM32F3xx_HAL_Driver/Src/stm32f3xx_hal_comp.c ****   HAL_StatusTypeDef status = HAL_OK;
 1387              		.loc 1 981 3 view .LVU348
 982:Inc/STM32F3xx_HAL_Driver/Src/stm32f3xx_hal_comp.c **** 
 983:Inc/STM32F3xx_HAL_Driver/Src/stm32f3xx_hal_comp.c ****   /* Check the COMP handle allocation and lock status */
 984:Inc/STM32F3xx_HAL_Driver/Src/stm32f3xx_hal_comp.c ****   if ((hcomp == NULL) || ((hcomp->State & COMP_STATE_BIT_LOCK) != RESET))
 1388              		.loc 1 984 3 view .LVU349
 1389              		.loc 1 984 6 is_stmt 0 view .LVU350
 1390 0000 0346     		mov	r3, r0
 1391 0002 C0B1     		cbz	r0, .L148
 1392              		.loc 1 984 33 discriminator 1 view .LVU351
 1393 0004 90F82900 		ldrb	r0, [r0, #41]	@ zero_extendqisi2
 1394              	.LVL62:
 1395              		.loc 1 984 23 discriminator 1 view .LVU352
ARM GAS  /tmp/ccuJNwZC.s 			page 47


 1396 0008 10F01000 		ands	r0, r0, #16
 1397 000c 15D1     		bne	.L149
 985:Inc/STM32F3xx_HAL_Driver/Src/stm32f3xx_hal_comp.c ****   {
 986:Inc/STM32F3xx_HAL_Driver/Src/stm32f3xx_hal_comp.c ****     status = HAL_ERROR;
 987:Inc/STM32F3xx_HAL_Driver/Src/stm32f3xx_hal_comp.c ****   }
 988:Inc/STM32F3xx_HAL_Driver/Src/stm32f3xx_hal_comp.c ****   else
 989:Inc/STM32F3xx_HAL_Driver/Src/stm32f3xx_hal_comp.c ****   {
 990:Inc/STM32F3xx_HAL_Driver/Src/stm32f3xx_hal_comp.c ****     /* Check the parameter */
 991:Inc/STM32F3xx_HAL_Driver/Src/stm32f3xx_hal_comp.c ****     assert_param(IS_COMP_ALL_INSTANCE(hcomp->Instance));
 1398              		.loc 1 991 5 is_stmt 1 view .LVU353
 992:Inc/STM32F3xx_HAL_Driver/Src/stm32f3xx_hal_comp.c **** 
 993:Inc/STM32F3xx_HAL_Driver/Src/stm32f3xx_hal_comp.c ****     /* Set lock flag on state */
 994:Inc/STM32F3xx_HAL_Driver/Src/stm32f3xx_hal_comp.c ****     switch (hcomp->State)
 1399              		.loc 1 994 5 view .LVU354
 1400              		.loc 1 994 18 is_stmt 0 view .LVU355
 1401 000e 93F82920 		ldrb	r2, [r3, #41]	@ zero_extendqisi2
 1402 0012 D1B2     		uxtb	r1, r2
 1403              		.loc 1 994 5 view .LVU356
 1404 0014 012A     		cmp	r2, #1
 1405 0016 0AD0     		beq	.L146
 1406 0018 0229     		cmp	r1, #2
 1407 001a 10D1     		bne	.L150
 995:Inc/STM32F3xx_HAL_Driver/Src/stm32f3xx_hal_comp.c ****     {
 996:Inc/STM32F3xx_HAL_Driver/Src/stm32f3xx_hal_comp.c ****       case HAL_COMP_STATE_BUSY:
 997:Inc/STM32F3xx_HAL_Driver/Src/stm32f3xx_hal_comp.c ****         hcomp->State = HAL_COMP_STATE_BUSY_LOCKED;
 1408              		.loc 1 997 9 is_stmt 1 view .LVU357
 1409              		.loc 1 997 22 is_stmt 0 view .LVU358
 1410 001c 1222     		movs	r2, #18
 1411 001e 83F82920 		strb	r2, [r3, #41]
 998:Inc/STM32F3xx_HAL_Driver/Src/stm32f3xx_hal_comp.c ****         break;
 1412              		.loc 1 998 9 is_stmt 1 view .LVU359
 999:Inc/STM32F3xx_HAL_Driver/Src/stm32f3xx_hal_comp.c ****       case HAL_COMP_STATE_READY:
1000:Inc/STM32F3xx_HAL_Driver/Src/stm32f3xx_hal_comp.c ****         hcomp->State = HAL_COMP_STATE_READY_LOCKED;
1001:Inc/STM32F3xx_HAL_Driver/Src/stm32f3xx_hal_comp.c ****         break;
1002:Inc/STM32F3xx_HAL_Driver/Src/stm32f3xx_hal_comp.c ****       default:
1003:Inc/STM32F3xx_HAL_Driver/Src/stm32f3xx_hal_comp.c ****         /* unexpected state */
1004:Inc/STM32F3xx_HAL_Driver/Src/stm32f3xx_hal_comp.c ****         status = HAL_ERROR;
1005:Inc/STM32F3xx_HAL_Driver/Src/stm32f3xx_hal_comp.c ****         break;
1006:Inc/STM32F3xx_HAL_Driver/Src/stm32f3xx_hal_comp.c ****     }
1007:Inc/STM32F3xx_HAL_Driver/Src/stm32f3xx_hal_comp.c ****   }
1008:Inc/STM32F3xx_HAL_Driver/Src/stm32f3xx_hal_comp.c **** 
1009:Inc/STM32F3xx_HAL_Driver/Src/stm32f3xx_hal_comp.c ****   if (status == HAL_OK)
 1413              		.loc 1 1009 3 view .LVU360
 1414              	.L147:
1010:Inc/STM32F3xx_HAL_Driver/Src/stm32f3xx_hal_comp.c ****   {
1011:Inc/STM32F3xx_HAL_Driver/Src/stm32f3xx_hal_comp.c ****     /* Set the lock bit corresponding to selected comparator */
1012:Inc/STM32F3xx_HAL_Driver/Src/stm32f3xx_hal_comp.c ****     __HAL_COMP_LOCK(hcomp);
 1415              		.loc 1 1012 5 view .LVU361
 1416 0022 1A68     		ldr	r2, [r3]
 1417 0024 1368     		ldr	r3, [r2]
 1418              	.LVL63:
 1419              		.loc 1 1012 5 is_stmt 0 view .LVU362
 1420 0026 43F00043 		orr	r3, r3, #-2147483648
 1421 002a 1360     		str	r3, [r2]
 1422 002c 7047     		bx	lr
 1423              	.LVL64:
 1424              	.L146:
ARM GAS  /tmp/ccuJNwZC.s 			page 48


1000:Inc/STM32F3xx_HAL_Driver/Src/stm32f3xx_hal_comp.c ****         break;
 1425              		.loc 1 1000 9 is_stmt 1 view .LVU363
1000:Inc/STM32F3xx_HAL_Driver/Src/stm32f3xx_hal_comp.c ****         break;
 1426              		.loc 1 1000 22 is_stmt 0 view .LVU364
 1427 002e 1122     		movs	r2, #17
 1428 0030 83F82920 		strb	r2, [r3, #41]
1001:Inc/STM32F3xx_HAL_Driver/Src/stm32f3xx_hal_comp.c ****       default:
 1429              		.loc 1 1001 9 is_stmt 1 view .LVU365
1009:Inc/STM32F3xx_HAL_Driver/Src/stm32f3xx_hal_comp.c ****   {
 1430              		.loc 1 1009 3 view .LVU366
 1431 0034 F5E7     		b	.L147
 1432              	.LVL65:
 1433              	.L148:
 986:Inc/STM32F3xx_HAL_Driver/Src/stm32f3xx_hal_comp.c ****   }
 1434              		.loc 1 986 12 is_stmt 0 view .LVU367
 1435 0036 0120     		movs	r0, #1
 1436              	.LVL66:
 986:Inc/STM32F3xx_HAL_Driver/Src/stm32f3xx_hal_comp.c ****   }
 1437              		.loc 1 986 12 view .LVU368
 1438 0038 7047     		bx	lr
 1439              	.L149:
 1440 003a 0120     		movs	r0, #1
 1441 003c 7047     		bx	lr
 1442              	.L150:
 994:Inc/STM32F3xx_HAL_Driver/Src/stm32f3xx_hal_comp.c ****     {
 1443              		.loc 1 994 5 view .LVU369
 1444 003e 0120     		movs	r0, #1
 1445              	.LVL67:
1013:Inc/STM32F3xx_HAL_Driver/Src/stm32f3xx_hal_comp.c ****   }
1014:Inc/STM32F3xx_HAL_Driver/Src/stm32f3xx_hal_comp.c **** 
1015:Inc/STM32F3xx_HAL_Driver/Src/stm32f3xx_hal_comp.c ****   return status;
 1446              		.loc 1 1015 3 is_stmt 1 view .LVU370
1016:Inc/STM32F3xx_HAL_Driver/Src/stm32f3xx_hal_comp.c **** }
 1447              		.loc 1 1016 1 is_stmt 0 view .LVU371
 1448 0040 7047     		bx	lr
 1449              		.cfi_endproc
 1450              	.LFE140:
 1452              		.section	.text.HAL_COMP_GetOutputLevel,"ax",%progbits
 1453              		.align	1
 1454              		.global	HAL_COMP_GetOutputLevel
 1455              		.syntax unified
 1456              		.thumb
 1457              		.thumb_func
 1459              	HAL_COMP_GetOutputLevel:
 1460              	.LVL68:
 1461              	.LFB141:
1017:Inc/STM32F3xx_HAL_Driver/Src/stm32f3xx_hal_comp.c **** 
1018:Inc/STM32F3xx_HAL_Driver/Src/stm32f3xx_hal_comp.c **** /**
1019:Inc/STM32F3xx_HAL_Driver/Src/stm32f3xx_hal_comp.c ****   * @brief  Return the output level (high or low) of the selected comparator.
1020:Inc/STM32F3xx_HAL_Driver/Src/stm32f3xx_hal_comp.c ****   *         The output level depends on the selected polarity.
1021:Inc/STM32F3xx_HAL_Driver/Src/stm32f3xx_hal_comp.c ****   *         If the polarity is not inverted:
1022:Inc/STM32F3xx_HAL_Driver/Src/stm32f3xx_hal_comp.c ****   *           - Comparator output is low when the non-inverting input is at a lower
1023:Inc/STM32F3xx_HAL_Driver/Src/stm32f3xx_hal_comp.c ****   *             voltage than the inverting input
1024:Inc/STM32F3xx_HAL_Driver/Src/stm32f3xx_hal_comp.c ****   *           - Comparator output is high when the non-inverting input is at a higher
1025:Inc/STM32F3xx_HAL_Driver/Src/stm32f3xx_hal_comp.c ****   *             voltage than the inverting input
1026:Inc/STM32F3xx_HAL_Driver/Src/stm32f3xx_hal_comp.c ****   *         If the polarity is inverted:
1027:Inc/STM32F3xx_HAL_Driver/Src/stm32f3xx_hal_comp.c ****   *           - Comparator output is high when the non-inverting input is at a lower
ARM GAS  /tmp/ccuJNwZC.s 			page 49


1028:Inc/STM32F3xx_HAL_Driver/Src/stm32f3xx_hal_comp.c ****   *             voltage than the inverting input
1029:Inc/STM32F3xx_HAL_Driver/Src/stm32f3xx_hal_comp.c ****   *           - Comparator output is low when the non-inverting input is at a higher
1030:Inc/STM32F3xx_HAL_Driver/Src/stm32f3xx_hal_comp.c ****   *             voltage than the inverting input
1031:Inc/STM32F3xx_HAL_Driver/Src/stm32f3xx_hal_comp.c ****   * @param  hcomp  COMP handle
1032:Inc/STM32F3xx_HAL_Driver/Src/stm32f3xx_hal_comp.c ****   * @retval Returns the selected comparator output level:
1033:Inc/STM32F3xx_HAL_Driver/Src/stm32f3xx_hal_comp.c ****   *         @arg @ref COMP_OUTPUTLEVEL_LOW
1034:Inc/STM32F3xx_HAL_Driver/Src/stm32f3xx_hal_comp.c ****   *         @arg @ref COMP_OUTPUTLEVEL_HIGH
1035:Inc/STM32F3xx_HAL_Driver/Src/stm32f3xx_hal_comp.c ****   *
1036:Inc/STM32F3xx_HAL_Driver/Src/stm32f3xx_hal_comp.c ****   */
1037:Inc/STM32F3xx_HAL_Driver/Src/stm32f3xx_hal_comp.c **** uint32_t HAL_COMP_GetOutputLevel(COMP_HandleTypeDef *hcomp)
1038:Inc/STM32F3xx_HAL_Driver/Src/stm32f3xx_hal_comp.c **** {
 1462              		.loc 1 1038 1 is_stmt 1 view -0
 1463              		.cfi_startproc
 1464              		@ args = 0, pretend = 0, frame = 0
 1465              		@ frame_needed = 0, uses_anonymous_args = 0
 1466              		@ link register save eliminated.
1039:Inc/STM32F3xx_HAL_Driver/Src/stm32f3xx_hal_comp.c ****   uint32_t level = 0U;
 1467              		.loc 1 1039 3 view .LVU373
1040:Inc/STM32F3xx_HAL_Driver/Src/stm32f3xx_hal_comp.c **** 
1041:Inc/STM32F3xx_HAL_Driver/Src/stm32f3xx_hal_comp.c ****   /* Check the parameter */
1042:Inc/STM32F3xx_HAL_Driver/Src/stm32f3xx_hal_comp.c ****   assert_param(IS_COMP_ALL_INSTANCE(hcomp->Instance));
 1468              		.loc 1 1042 3 view .LVU374
1043:Inc/STM32F3xx_HAL_Driver/Src/stm32f3xx_hal_comp.c **** 
1044:Inc/STM32F3xx_HAL_Driver/Src/stm32f3xx_hal_comp.c ****   level = READ_BIT(hcomp->Instance->CSR, COMP_CSR_COMPxOUT);
 1469              		.loc 1 1044 3 view .LVU375
 1470              		.loc 1 1044 11 is_stmt 0 view .LVU376
 1471 0000 0368     		ldr	r3, [r0]
 1472 0002 1868     		ldr	r0, [r3]
 1473              	.LVL69:
1045:Inc/STM32F3xx_HAL_Driver/Src/stm32f3xx_hal_comp.c **** 
1046:Inc/STM32F3xx_HAL_Driver/Src/stm32f3xx_hal_comp.c ****   if (level != 0U)
 1474              		.loc 1 1046 3 is_stmt 1 view .LVU377
 1475              		.loc 1 1046 6 is_stmt 0 view .LVU378
 1476 0004 10F08040 		ands	r0, r0, #1073741824
 1477              	.LVL70:
 1478              		.loc 1 1046 6 view .LVU379
 1479 0008 00D1     		bne	.L154
 1480              	.LVL71:
 1481              	.L151:
1047:Inc/STM32F3xx_HAL_Driver/Src/stm32f3xx_hal_comp.c ****   {
1048:Inc/STM32F3xx_HAL_Driver/Src/stm32f3xx_hal_comp.c ****     return (COMP_OUTPUTLEVEL_HIGH);
1049:Inc/STM32F3xx_HAL_Driver/Src/stm32f3xx_hal_comp.c ****   }
1050:Inc/STM32F3xx_HAL_Driver/Src/stm32f3xx_hal_comp.c ****   return (COMP_OUTPUTLEVEL_LOW);
1051:Inc/STM32F3xx_HAL_Driver/Src/stm32f3xx_hal_comp.c **** }
 1482              		.loc 1 1051 1 view .LVU380
 1483 000a 7047     		bx	lr
 1484              	.LVL72:
 1485              	.L154:
1048:Inc/STM32F3xx_HAL_Driver/Src/stm32f3xx_hal_comp.c ****   }
 1486              		.loc 1 1048 12 view .LVU381
 1487 000c 4FF08040 		mov	r0, #1073741824
 1488              	.LVL73:
1048:Inc/STM32F3xx_HAL_Driver/Src/stm32f3xx_hal_comp.c ****   }
 1489              		.loc 1 1048 12 view .LVU382
 1490 0010 FBE7     		b	.L151
 1491              		.cfi_endproc
 1492              	.LFE141:
ARM GAS  /tmp/ccuJNwZC.s 			page 50


 1494              		.section	.text.HAL_COMP_GetState,"ax",%progbits
 1495              		.align	1
 1496              		.global	HAL_COMP_GetState
 1497              		.syntax unified
 1498              		.thumb
 1499              		.thumb_func
 1501              	HAL_COMP_GetState:
 1502              	.LVL74:
 1503              	.LFB142:
1052:Inc/STM32F3xx_HAL_Driver/Src/stm32f3xx_hal_comp.c **** 
1053:Inc/STM32F3xx_HAL_Driver/Src/stm32f3xx_hal_comp.c **** /**
1054:Inc/STM32F3xx_HAL_Driver/Src/stm32f3xx_hal_comp.c ****   * @}
1055:Inc/STM32F3xx_HAL_Driver/Src/stm32f3xx_hal_comp.c ****   */
1056:Inc/STM32F3xx_HAL_Driver/Src/stm32f3xx_hal_comp.c **** 
1057:Inc/STM32F3xx_HAL_Driver/Src/stm32f3xx_hal_comp.c **** /** @defgroup COMP_Exported_Functions_Group4 Peripheral State functions
1058:Inc/STM32F3xx_HAL_Driver/Src/stm32f3xx_hal_comp.c ****  *  @brief   Peripheral State functions.
1059:Inc/STM32F3xx_HAL_Driver/Src/stm32f3xx_hal_comp.c ****  *
1060:Inc/STM32F3xx_HAL_Driver/Src/stm32f3xx_hal_comp.c **** @verbatim
1061:Inc/STM32F3xx_HAL_Driver/Src/stm32f3xx_hal_comp.c ****  ===============================================================================
1062:Inc/STM32F3xx_HAL_Driver/Src/stm32f3xx_hal_comp.c ****                       ##### Peripheral State functions #####
1063:Inc/STM32F3xx_HAL_Driver/Src/stm32f3xx_hal_comp.c ****  ===============================================================================
1064:Inc/STM32F3xx_HAL_Driver/Src/stm32f3xx_hal_comp.c ****     [..]
1065:Inc/STM32F3xx_HAL_Driver/Src/stm32f3xx_hal_comp.c ****     This subsection permits to get in run-time the status of the peripheral.
1066:Inc/STM32F3xx_HAL_Driver/Src/stm32f3xx_hal_comp.c **** 
1067:Inc/STM32F3xx_HAL_Driver/Src/stm32f3xx_hal_comp.c **** @endverbatim
1068:Inc/STM32F3xx_HAL_Driver/Src/stm32f3xx_hal_comp.c ****   * @{
1069:Inc/STM32F3xx_HAL_Driver/Src/stm32f3xx_hal_comp.c ****   */
1070:Inc/STM32F3xx_HAL_Driver/Src/stm32f3xx_hal_comp.c **** 
1071:Inc/STM32F3xx_HAL_Driver/Src/stm32f3xx_hal_comp.c **** /**
1072:Inc/STM32F3xx_HAL_Driver/Src/stm32f3xx_hal_comp.c ****   * @brief  Return the COMP handle state.
1073:Inc/STM32F3xx_HAL_Driver/Src/stm32f3xx_hal_comp.c ****   * @param  hcomp  COMP handle
1074:Inc/STM32F3xx_HAL_Driver/Src/stm32f3xx_hal_comp.c ****   * @retval HAL state
1075:Inc/STM32F3xx_HAL_Driver/Src/stm32f3xx_hal_comp.c ****   */
1076:Inc/STM32F3xx_HAL_Driver/Src/stm32f3xx_hal_comp.c **** HAL_COMP_StateTypeDef HAL_COMP_GetState(COMP_HandleTypeDef *hcomp)
1077:Inc/STM32F3xx_HAL_Driver/Src/stm32f3xx_hal_comp.c **** {
 1504              		.loc 1 1077 1 is_stmt 1 view -0
 1505              		.cfi_startproc
 1506              		@ args = 0, pretend = 0, frame = 0
 1507              		@ frame_needed = 0, uses_anonymous_args = 0
 1508              		@ link register save eliminated.
1078:Inc/STM32F3xx_HAL_Driver/Src/stm32f3xx_hal_comp.c ****   /* Check the COMP handle allocation */
1079:Inc/STM32F3xx_HAL_Driver/Src/stm32f3xx_hal_comp.c ****   if (hcomp == NULL)
 1509              		.loc 1 1079 3 view .LVU384
 1510              		.loc 1 1079 6 is_stmt 0 view .LVU385
 1511 0000 18B1     		cbz	r0, .L157
1080:Inc/STM32F3xx_HAL_Driver/Src/stm32f3xx_hal_comp.c ****   {
1081:Inc/STM32F3xx_HAL_Driver/Src/stm32f3xx_hal_comp.c ****     return HAL_COMP_STATE_RESET;
1082:Inc/STM32F3xx_HAL_Driver/Src/stm32f3xx_hal_comp.c ****   }
1083:Inc/STM32F3xx_HAL_Driver/Src/stm32f3xx_hal_comp.c **** 
1084:Inc/STM32F3xx_HAL_Driver/Src/stm32f3xx_hal_comp.c ****   /* Check the parameter */
1085:Inc/STM32F3xx_HAL_Driver/Src/stm32f3xx_hal_comp.c ****   assert_param(IS_COMP_ALL_INSTANCE(hcomp->Instance));
 1512              		.loc 1 1085 3 is_stmt 1 view .LVU386
1086:Inc/STM32F3xx_HAL_Driver/Src/stm32f3xx_hal_comp.c **** 
1087:Inc/STM32F3xx_HAL_Driver/Src/stm32f3xx_hal_comp.c ****   /* Return COMP handle state */
1088:Inc/STM32F3xx_HAL_Driver/Src/stm32f3xx_hal_comp.c ****   return hcomp->State;
 1513              		.loc 1 1088 3 view .LVU387
 1514              		.loc 1 1088 15 is_stmt 0 view .LVU388
ARM GAS  /tmp/ccuJNwZC.s 			page 51


 1515 0002 90F82900 		ldrb	r0, [r0, #41]	@ zero_extendqisi2
 1516              	.LVL75:
 1517              		.loc 1 1088 15 view .LVU389
 1518 0006 C0B2     		uxtb	r0, r0
 1519 0008 7047     		bx	lr
 1520              	.LVL76:
 1521              	.L157:
1081:Inc/STM32F3xx_HAL_Driver/Src/stm32f3xx_hal_comp.c ****   }
 1522              		.loc 1 1081 12 view .LVU390
 1523 000a 0020     		movs	r0, #0
 1524              	.LVL77:
1089:Inc/STM32F3xx_HAL_Driver/Src/stm32f3xx_hal_comp.c **** }
 1525              		.loc 1 1089 1 view .LVU391
 1526 000c 7047     		bx	lr
 1527              		.cfi_endproc
 1528              	.LFE142:
 1530              		.section	.text.HAL_COMP_GetError,"ax",%progbits
 1531              		.align	1
 1532              		.global	HAL_COMP_GetError
 1533              		.syntax unified
 1534              		.thumb
 1535              		.thumb_func
 1537              	HAL_COMP_GetError:
 1538              	.LVL78:
 1539              	.LFB143:
1090:Inc/STM32F3xx_HAL_Driver/Src/stm32f3xx_hal_comp.c **** 
1091:Inc/STM32F3xx_HAL_Driver/Src/stm32f3xx_hal_comp.c **** /**
1092:Inc/STM32F3xx_HAL_Driver/Src/stm32f3xx_hal_comp.c ****   * @brief  Return the COMP error code.
1093:Inc/STM32F3xx_HAL_Driver/Src/stm32f3xx_hal_comp.c ****   * @param hcomp COMP handle
1094:Inc/STM32F3xx_HAL_Driver/Src/stm32f3xx_hal_comp.c ****   * @retval COMP error code
1095:Inc/STM32F3xx_HAL_Driver/Src/stm32f3xx_hal_comp.c ****   */
1096:Inc/STM32F3xx_HAL_Driver/Src/stm32f3xx_hal_comp.c **** uint32_t HAL_COMP_GetError(COMP_HandleTypeDef *hcomp)
1097:Inc/STM32F3xx_HAL_Driver/Src/stm32f3xx_hal_comp.c **** {
 1540              		.loc 1 1097 1 is_stmt 1 view -0
 1541              		.cfi_startproc
 1542              		@ args = 0, pretend = 0, frame = 0
 1543              		@ frame_needed = 0, uses_anonymous_args = 0
 1544              		@ link register save eliminated.
1098:Inc/STM32F3xx_HAL_Driver/Src/stm32f3xx_hal_comp.c ****   /* Check the parameters */
1099:Inc/STM32F3xx_HAL_Driver/Src/stm32f3xx_hal_comp.c ****   assert_param(IS_COMP_ALL_INSTANCE(hcomp->Instance));
 1545              		.loc 1 1099 3 view .LVU393
1100:Inc/STM32F3xx_HAL_Driver/Src/stm32f3xx_hal_comp.c ****   
1101:Inc/STM32F3xx_HAL_Driver/Src/stm32f3xx_hal_comp.c ****   return hcomp->ErrorCode;
 1546              		.loc 1 1101 3 view .LVU394
 1547              		.loc 1 1101 15 is_stmt 0 view .LVU395
 1548 0000 C06A     		ldr	r0, [r0, #44]
 1549              	.LVL79:
1102:Inc/STM32F3xx_HAL_Driver/Src/stm32f3xx_hal_comp.c **** }
 1550              		.loc 1 1102 1 view .LVU396
 1551 0002 7047     		bx	lr
 1552              		.cfi_endproc
 1553              	.LFE143:
 1555              		.text
 1556              	.Letext0:
 1557              		.file 2 "/usr/arm-none-eabi/include/machine/_default_types.h"
 1558              		.file 3 "/usr/arm-none-eabi/include/sys/_stdint.h"
 1559              		.file 4 "Inc/CMSIS/Device/ST/STM32F3xx/Include/stm32f303xe.h"
ARM GAS  /tmp/ccuJNwZC.s 			page 52


 1560              		.file 5 "Inc/CMSIS/Device/ST/STM32F3xx/Include/stm32f3xx.h"
 1561              		.file 6 "Inc/STM32F3xx_HAL_Driver/Inc/stm32f3xx_hal_def.h"
 1562              		.file 7 "Inc/STM32F3xx_HAL_Driver/Inc/stm32f3xx_hal_comp.h"
 1563              		.file 8 "Inc/CMSIS/Device/ST/STM32F3xx/Include/system_stm32f3xx.h"
ARM GAS  /tmp/ccuJNwZC.s 			page 53


DEFINED SYMBOLS
                            *ABS*:00000000 stm32f3xx_hal_comp.c
     /tmp/ccuJNwZC.s:21     .text.HAL_COMP_MspInit:00000000 $t
     /tmp/ccuJNwZC.s:27     .text.HAL_COMP_MspInit:00000000 HAL_COMP_MspInit
     /tmp/ccuJNwZC.s:42     .text.HAL_COMP_Init:00000000 $t
     /tmp/ccuJNwZC.s:48     .text.HAL_COMP_Init:00000000 HAL_COMP_Init
     /tmp/ccuJNwZC.s:258    .text.HAL_COMP_Init:000000f4 $d
     /tmp/ccuJNwZC.s:264    .text.HAL_COMP_MspDeInit:00000000 $t
     /tmp/ccuJNwZC.s:270    .text.HAL_COMP_MspDeInit:00000000 HAL_COMP_MspDeInit
     /tmp/ccuJNwZC.s:285    .text.HAL_COMP_DeInit:00000000 $t
     /tmp/ccuJNwZC.s:291    .text.HAL_COMP_DeInit:00000000 HAL_COMP_DeInit
     /tmp/ccuJNwZC.s:351    .text.HAL_COMP_Start:00000000 $t
     /tmp/ccuJNwZC.s:357    .text.HAL_COMP_Start:00000000 HAL_COMP_Start
     /tmp/ccuJNwZC.s:636    .text.HAL_COMP_Start:0000015c $d
     /tmp/ccuJNwZC.s:644    .text.HAL_COMP_Stop:00000000 $t
     /tmp/ccuJNwZC.s:650    .text.HAL_COMP_Stop:00000000 HAL_COMP_Stop
     /tmp/ccuJNwZC.s:825    .text.HAL_COMP_Stop:000000d0 $d
     /tmp/ccuJNwZC.s:832    .text.HAL_COMP_Start_IT:00000000 $t
     /tmp/ccuJNwZC.s:838    .text.HAL_COMP_Start_IT:00000000 HAL_COMP_Start_IT
     /tmp/ccuJNwZC.s:1089   .text.HAL_COMP_Start_IT:00000138 $d
     /tmp/ccuJNwZC.s:1095   .text.HAL_COMP_Stop_IT:00000000 $t
     /tmp/ccuJNwZC.s:1101   .text.HAL_COMP_Stop_IT:00000000 HAL_COMP_Stop_IT
     /tmp/ccuJNwZC.s:1226   .text.HAL_COMP_Stop_IT:0000009c $d
     /tmp/ccuJNwZC.s:1233   .text.HAL_COMP_TriggerCallback:00000000 $t
     /tmp/ccuJNwZC.s:1239   .text.HAL_COMP_TriggerCallback:00000000 HAL_COMP_TriggerCallback
     /tmp/ccuJNwZC.s:1254   .text.HAL_COMP_IRQHandler:00000000 $t
     /tmp/ccuJNwZC.s:1260   .text.HAL_COMP_IRQHandler:00000000 HAL_COMP_IRQHandler
     /tmp/ccuJNwZC.s:1367   .text.HAL_COMP_IRQHandler:0000007c $d
     /tmp/ccuJNwZC.s:1373   .text.HAL_COMP_Lock:00000000 $t
     /tmp/ccuJNwZC.s:1379   .text.HAL_COMP_Lock:00000000 HAL_COMP_Lock
     /tmp/ccuJNwZC.s:1453   .text.HAL_COMP_GetOutputLevel:00000000 $t
     /tmp/ccuJNwZC.s:1459   .text.HAL_COMP_GetOutputLevel:00000000 HAL_COMP_GetOutputLevel
     /tmp/ccuJNwZC.s:1495   .text.HAL_COMP_GetState:00000000 $t
     /tmp/ccuJNwZC.s:1501   .text.HAL_COMP_GetState:00000000 HAL_COMP_GetState
     /tmp/ccuJNwZC.s:1531   .text.HAL_COMP_GetError:00000000 $t
     /tmp/ccuJNwZC.s:1537   .text.HAL_COMP_GetError:00000000 HAL_COMP_GetError

UNDEFINED SYMBOLS
SystemCoreClock
