ARM GAS  /tmp/ccfhaacA.s 			page 1


   1              		.cpu cortex-m4
   2              		.arch armv7e-m
   3              		.fpu fpv4-sp-d16
   4              		.eabi_attribute 27, 1
   5              		.eabi_attribute 28, 1
   6              		.eabi_attribute 20, 1
   7              		.eabi_attribute 21, 1
   8              		.eabi_attribute 23, 3
   9              		.eabi_attribute 24, 1
  10              		.eabi_attribute 25, 1
  11              		.eabi_attribute 26, 1
  12              		.eabi_attribute 30, 1
  13              		.eabi_attribute 34, 1
  14              		.eabi_attribute 18, 4
  15              		.file	"stm32f3xx_hal_tim_ex.c"
  16              		.text
  17              	.Ltext0:
  18              		.cfi_sections	.debug_frame
  19              		.file 1 "Inc/STM32F3xx_HAL_Driver/Src/stm32f3xx_hal_tim_ex.c"
  20              		.section	.text.TIM_CCxNChannelCmd,"ax",%progbits
  21              		.align	1
  22              		.syntax unified
  23              		.thumb
  24              		.thumb_func
  26              	TIM_CCxNChannelCmd:
  27              	.LVL0:
  28              	.LFB173:
   1:Inc/STM32F3xx_HAL_Driver/Src/stm32f3xx_hal_tim_ex.c **** /**
   2:Inc/STM32F3xx_HAL_Driver/Src/stm32f3xx_hal_tim_ex.c ****   ******************************************************************************
   3:Inc/STM32F3xx_HAL_Driver/Src/stm32f3xx_hal_tim_ex.c ****   * @file    stm32f3xx_hal_tim_ex.c
   4:Inc/STM32F3xx_HAL_Driver/Src/stm32f3xx_hal_tim_ex.c ****   * @author  MCD Application Team
   5:Inc/STM32F3xx_HAL_Driver/Src/stm32f3xx_hal_tim_ex.c ****   * @brief   TIM HAL module driver.
   6:Inc/STM32F3xx_HAL_Driver/Src/stm32f3xx_hal_tim_ex.c ****   *          This file provides firmware functions to manage the following
   7:Inc/STM32F3xx_HAL_Driver/Src/stm32f3xx_hal_tim_ex.c ****   *          functionalities of the Timer Extended peripheral:
   8:Inc/STM32F3xx_HAL_Driver/Src/stm32f3xx_hal_tim_ex.c ****   *           + Time Hall Sensor Interface Initialization
   9:Inc/STM32F3xx_HAL_Driver/Src/stm32f3xx_hal_tim_ex.c ****   *           + Time Hall Sensor Interface Start
  10:Inc/STM32F3xx_HAL_Driver/Src/stm32f3xx_hal_tim_ex.c ****   *           + Time Complementary signal break and dead time configuration
  11:Inc/STM32F3xx_HAL_Driver/Src/stm32f3xx_hal_tim_ex.c ****   *           + Time Master and Slave synchronization configuration
  12:Inc/STM32F3xx_HAL_Driver/Src/stm32f3xx_hal_tim_ex.c ****   *           + Time Output Compare/PWM Channel Configuration (for channels 5 and 6)
  13:Inc/STM32F3xx_HAL_Driver/Src/stm32f3xx_hal_tim_ex.c ****   *           + Time OCRef clear configuration
  14:Inc/STM32F3xx_HAL_Driver/Src/stm32f3xx_hal_tim_ex.c ****   *           + Timer remapping capabilities configuration
  15:Inc/STM32F3xx_HAL_Driver/Src/stm32f3xx_hal_tim_ex.c ****   ******************************************************************************
  16:Inc/STM32F3xx_HAL_Driver/Src/stm32f3xx_hal_tim_ex.c ****   * @attention
  17:Inc/STM32F3xx_HAL_Driver/Src/stm32f3xx_hal_tim_ex.c ****   *
  18:Inc/STM32F3xx_HAL_Driver/Src/stm32f3xx_hal_tim_ex.c ****   * Copyright (c) 2016 STMicroelectronics.
  19:Inc/STM32F3xx_HAL_Driver/Src/stm32f3xx_hal_tim_ex.c ****   * All rights reserved.
  20:Inc/STM32F3xx_HAL_Driver/Src/stm32f3xx_hal_tim_ex.c ****   *
  21:Inc/STM32F3xx_HAL_Driver/Src/stm32f3xx_hal_tim_ex.c ****   * This software is licensed under terms that can be found in the LICENSE file
  22:Inc/STM32F3xx_HAL_Driver/Src/stm32f3xx_hal_tim_ex.c ****   * in the root directory of this software component.
  23:Inc/STM32F3xx_HAL_Driver/Src/stm32f3xx_hal_tim_ex.c ****   * If no LICENSE file comes with this software, it is provided AS-IS.
  24:Inc/STM32F3xx_HAL_Driver/Src/stm32f3xx_hal_tim_ex.c ****   *
  25:Inc/STM32F3xx_HAL_Driver/Src/stm32f3xx_hal_tim_ex.c ****   ******************************************************************************
  26:Inc/STM32F3xx_HAL_Driver/Src/stm32f3xx_hal_tim_ex.c ****   @verbatim
  27:Inc/STM32F3xx_HAL_Driver/Src/stm32f3xx_hal_tim_ex.c ****   ==============================================================================
  28:Inc/STM32F3xx_HAL_Driver/Src/stm32f3xx_hal_tim_ex.c ****                       ##### TIMER Extended features #####
  29:Inc/STM32F3xx_HAL_Driver/Src/stm32f3xx_hal_tim_ex.c ****   ==============================================================================
  30:Inc/STM32F3xx_HAL_Driver/Src/stm32f3xx_hal_tim_ex.c ****   [..]
ARM GAS  /tmp/ccfhaacA.s 			page 2


  31:Inc/STM32F3xx_HAL_Driver/Src/stm32f3xx_hal_tim_ex.c ****     The Timer Extended features include:
  32:Inc/STM32F3xx_HAL_Driver/Src/stm32f3xx_hal_tim_ex.c ****     (#) Complementary outputs with programmable dead-time for :
  33:Inc/STM32F3xx_HAL_Driver/Src/stm32f3xx_hal_tim_ex.c ****         (++) Output Compare
  34:Inc/STM32F3xx_HAL_Driver/Src/stm32f3xx_hal_tim_ex.c ****         (++) PWM generation (Edge and Center-aligned Mode)
  35:Inc/STM32F3xx_HAL_Driver/Src/stm32f3xx_hal_tim_ex.c ****         (++) One-pulse mode output
  36:Inc/STM32F3xx_HAL_Driver/Src/stm32f3xx_hal_tim_ex.c ****     (#) Synchronization circuit to control the timer with external signals and to
  37:Inc/STM32F3xx_HAL_Driver/Src/stm32f3xx_hal_tim_ex.c ****         interconnect several timers together.
  38:Inc/STM32F3xx_HAL_Driver/Src/stm32f3xx_hal_tim_ex.c ****     (#) Break input to put the timer output signals in reset state or in a known state.
  39:Inc/STM32F3xx_HAL_Driver/Src/stm32f3xx_hal_tim_ex.c ****     (#) Supports incremental (quadrature) encoder and hall-sensor circuitry for
  40:Inc/STM32F3xx_HAL_Driver/Src/stm32f3xx_hal_tim_ex.c ****         positioning purposes
  41:Inc/STM32F3xx_HAL_Driver/Src/stm32f3xx_hal_tim_ex.c **** 
  42:Inc/STM32F3xx_HAL_Driver/Src/stm32f3xx_hal_tim_ex.c ****             ##### How to use this driver #####
  43:Inc/STM32F3xx_HAL_Driver/Src/stm32f3xx_hal_tim_ex.c ****   ==============================================================================
  44:Inc/STM32F3xx_HAL_Driver/Src/stm32f3xx_hal_tim_ex.c ****     [..]
  45:Inc/STM32F3xx_HAL_Driver/Src/stm32f3xx_hal_tim_ex.c ****      (#) Initialize the TIM low level resources by implementing the following functions
  46:Inc/STM32F3xx_HAL_Driver/Src/stm32f3xx_hal_tim_ex.c ****          depending on the selected feature:
  47:Inc/STM32F3xx_HAL_Driver/Src/stm32f3xx_hal_tim_ex.c ****            (++) Hall Sensor output : HAL_TIMEx_HallSensor_MspInit()
  48:Inc/STM32F3xx_HAL_Driver/Src/stm32f3xx_hal_tim_ex.c **** 
  49:Inc/STM32F3xx_HAL_Driver/Src/stm32f3xx_hal_tim_ex.c ****      (#) Initialize the TIM low level resources :
  50:Inc/STM32F3xx_HAL_Driver/Src/stm32f3xx_hal_tim_ex.c ****         (##) Enable the TIM interface clock using __HAL_RCC_TIMx_CLK_ENABLE();
  51:Inc/STM32F3xx_HAL_Driver/Src/stm32f3xx_hal_tim_ex.c ****         (##) TIM pins configuration
  52:Inc/STM32F3xx_HAL_Driver/Src/stm32f3xx_hal_tim_ex.c ****             (+++) Enable the clock for the TIM GPIOs using the following function:
  53:Inc/STM32F3xx_HAL_Driver/Src/stm32f3xx_hal_tim_ex.c ****               __HAL_RCC_GPIOx_CLK_ENABLE();
  54:Inc/STM32F3xx_HAL_Driver/Src/stm32f3xx_hal_tim_ex.c ****             (+++) Configure these TIM pins in Alternate function mode using HAL_GPIO_Init();
  55:Inc/STM32F3xx_HAL_Driver/Src/stm32f3xx_hal_tim_ex.c **** 
  56:Inc/STM32F3xx_HAL_Driver/Src/stm32f3xx_hal_tim_ex.c ****      (#) The external Clock can be configured, if needed (the default clock is the
  57:Inc/STM32F3xx_HAL_Driver/Src/stm32f3xx_hal_tim_ex.c ****          internal clock from the APBx), using the following function:
  58:Inc/STM32F3xx_HAL_Driver/Src/stm32f3xx_hal_tim_ex.c ****          HAL_TIM_ConfigClockSource, the clock configuration should be done before
  59:Inc/STM32F3xx_HAL_Driver/Src/stm32f3xx_hal_tim_ex.c ****          any start function.
  60:Inc/STM32F3xx_HAL_Driver/Src/stm32f3xx_hal_tim_ex.c **** 
  61:Inc/STM32F3xx_HAL_Driver/Src/stm32f3xx_hal_tim_ex.c ****      (#) Configure the TIM in the desired functioning mode using one of the
  62:Inc/STM32F3xx_HAL_Driver/Src/stm32f3xx_hal_tim_ex.c ****          initialization function of this driver:
  63:Inc/STM32F3xx_HAL_Driver/Src/stm32f3xx_hal_tim_ex.c ****           (++) HAL_TIMEx_HallSensor_Init() and HAL_TIMEx_ConfigCommutEvent(): to use the
  64:Inc/STM32F3xx_HAL_Driver/Src/stm32f3xx_hal_tim_ex.c ****                Timer Hall Sensor Interface and the commutation event with the corresponding
  65:Inc/STM32F3xx_HAL_Driver/Src/stm32f3xx_hal_tim_ex.c ****                Interrupt and DMA request if needed (Note that One Timer is used to interface
  66:Inc/STM32F3xx_HAL_Driver/Src/stm32f3xx_hal_tim_ex.c ****                with the Hall sensor Interface and another Timer should be used to use
  67:Inc/STM32F3xx_HAL_Driver/Src/stm32f3xx_hal_tim_ex.c ****                the commutation event).
  68:Inc/STM32F3xx_HAL_Driver/Src/stm32f3xx_hal_tim_ex.c **** 
  69:Inc/STM32F3xx_HAL_Driver/Src/stm32f3xx_hal_tim_ex.c ****      (#) Activate the TIM peripheral using one of the start functions:
  70:Inc/STM32F3xx_HAL_Driver/Src/stm32f3xx_hal_tim_ex.c ****            (++) Complementary Output Compare : HAL_TIMEx_OCN_Start(), HAL_TIMEx_OCN_Start_DMA(),
  71:Inc/STM32F3xx_HAL_Driver/Src/stm32f3xx_hal_tim_ex.c ****                 HAL_TIMEx_OCN_Start_IT()
  72:Inc/STM32F3xx_HAL_Driver/Src/stm32f3xx_hal_tim_ex.c ****            (++) Complementary PWM generation : HAL_TIMEx_PWMN_Start(), HAL_TIMEx_PWMN_Start_DMA(),
  73:Inc/STM32F3xx_HAL_Driver/Src/stm32f3xx_hal_tim_ex.c ****                 HAL_TIMEx_PWMN_Start_IT()
  74:Inc/STM32F3xx_HAL_Driver/Src/stm32f3xx_hal_tim_ex.c ****            (++) Complementary One-pulse mode output : HAL_TIMEx_OnePulseN_Start(), HAL_TIMEx_OnePul
  75:Inc/STM32F3xx_HAL_Driver/Src/stm32f3xx_hal_tim_ex.c ****            (++) Hall Sensor output : HAL_TIMEx_HallSensor_Start(), HAL_TIMEx_HallSensor_Start_DMA()
  76:Inc/STM32F3xx_HAL_Driver/Src/stm32f3xx_hal_tim_ex.c ****                 HAL_TIMEx_HallSensor_Start_IT().
  77:Inc/STM32F3xx_HAL_Driver/Src/stm32f3xx_hal_tim_ex.c **** 
  78:Inc/STM32F3xx_HAL_Driver/Src/stm32f3xx_hal_tim_ex.c ****   @endverbatim
  79:Inc/STM32F3xx_HAL_Driver/Src/stm32f3xx_hal_tim_ex.c ****   ******************************************************************************
  80:Inc/STM32F3xx_HAL_Driver/Src/stm32f3xx_hal_tim_ex.c ****   */
  81:Inc/STM32F3xx_HAL_Driver/Src/stm32f3xx_hal_tim_ex.c **** 
  82:Inc/STM32F3xx_HAL_Driver/Src/stm32f3xx_hal_tim_ex.c **** /* Includes ------------------------------------------------------------------*/
  83:Inc/STM32F3xx_HAL_Driver/Src/stm32f3xx_hal_tim_ex.c **** #include "stm32f3xx_hal.h"
  84:Inc/STM32F3xx_HAL_Driver/Src/stm32f3xx_hal_tim_ex.c **** 
  85:Inc/STM32F3xx_HAL_Driver/Src/stm32f3xx_hal_tim_ex.c **** /** @addtogroup STM32F3xx_HAL_Driver
  86:Inc/STM32F3xx_HAL_Driver/Src/stm32f3xx_hal_tim_ex.c ****   * @{
  87:Inc/STM32F3xx_HAL_Driver/Src/stm32f3xx_hal_tim_ex.c ****   */
ARM GAS  /tmp/ccfhaacA.s 			page 3


  88:Inc/STM32F3xx_HAL_Driver/Src/stm32f3xx_hal_tim_ex.c **** 
  89:Inc/STM32F3xx_HAL_Driver/Src/stm32f3xx_hal_tim_ex.c **** /** @defgroup TIMEx TIMEx
  90:Inc/STM32F3xx_HAL_Driver/Src/stm32f3xx_hal_tim_ex.c ****   * @brief TIM Extended HAL module driver
  91:Inc/STM32F3xx_HAL_Driver/Src/stm32f3xx_hal_tim_ex.c ****   * @{
  92:Inc/STM32F3xx_HAL_Driver/Src/stm32f3xx_hal_tim_ex.c ****   */
  93:Inc/STM32F3xx_HAL_Driver/Src/stm32f3xx_hal_tim_ex.c **** 
  94:Inc/STM32F3xx_HAL_Driver/Src/stm32f3xx_hal_tim_ex.c **** #ifdef HAL_TIM_MODULE_ENABLED
  95:Inc/STM32F3xx_HAL_Driver/Src/stm32f3xx_hal_tim_ex.c **** 
  96:Inc/STM32F3xx_HAL_Driver/Src/stm32f3xx_hal_tim_ex.c **** /* Private typedef -----------------------------------------------------------*/
  97:Inc/STM32F3xx_HAL_Driver/Src/stm32f3xx_hal_tim_ex.c **** /* Private define ------------------------------------------------------------*/
  98:Inc/STM32F3xx_HAL_Driver/Src/stm32f3xx_hal_tim_ex.c **** /* Private macros ------------------------------------------------------------*/
  99:Inc/STM32F3xx_HAL_Driver/Src/stm32f3xx_hal_tim_ex.c **** /* Private variables ---------------------------------------------------------*/
 100:Inc/STM32F3xx_HAL_Driver/Src/stm32f3xx_hal_tim_ex.c **** /* Private function prototypes -----------------------------------------------*/
 101:Inc/STM32F3xx_HAL_Driver/Src/stm32f3xx_hal_tim_ex.c **** static void TIM_DMADelayPulseNCplt(DMA_HandleTypeDef *hdma);
 102:Inc/STM32F3xx_HAL_Driver/Src/stm32f3xx_hal_tim_ex.c **** static void TIM_DMAErrorCCxN(DMA_HandleTypeDef *hdma);
 103:Inc/STM32F3xx_HAL_Driver/Src/stm32f3xx_hal_tim_ex.c **** static void TIM_CCxNChannelCmd(TIM_TypeDef *TIMx, uint32_t Channel, uint32_t ChannelNState);
 104:Inc/STM32F3xx_HAL_Driver/Src/stm32f3xx_hal_tim_ex.c **** 
 105:Inc/STM32F3xx_HAL_Driver/Src/stm32f3xx_hal_tim_ex.c **** /* Exported functions --------------------------------------------------------*/
 106:Inc/STM32F3xx_HAL_Driver/Src/stm32f3xx_hal_tim_ex.c **** /** @defgroup TIMEx_Exported_Functions TIM Extended Exported Functions
 107:Inc/STM32F3xx_HAL_Driver/Src/stm32f3xx_hal_tim_ex.c ****   * @{
 108:Inc/STM32F3xx_HAL_Driver/Src/stm32f3xx_hal_tim_ex.c ****   */
 109:Inc/STM32F3xx_HAL_Driver/Src/stm32f3xx_hal_tim_ex.c **** 
 110:Inc/STM32F3xx_HAL_Driver/Src/stm32f3xx_hal_tim_ex.c **** /** @defgroup TIMEx_Exported_Functions_Group1 Extended Timer Hall Sensor functions
 111:Inc/STM32F3xx_HAL_Driver/Src/stm32f3xx_hal_tim_ex.c ****   * @brief    Timer Hall Sensor functions
 112:Inc/STM32F3xx_HAL_Driver/Src/stm32f3xx_hal_tim_ex.c ****   *
 113:Inc/STM32F3xx_HAL_Driver/Src/stm32f3xx_hal_tim_ex.c **** @verbatim
 114:Inc/STM32F3xx_HAL_Driver/Src/stm32f3xx_hal_tim_ex.c ****   ==============================================================================
 115:Inc/STM32F3xx_HAL_Driver/Src/stm32f3xx_hal_tim_ex.c ****                       ##### Timer Hall Sensor functions #####
 116:Inc/STM32F3xx_HAL_Driver/Src/stm32f3xx_hal_tim_ex.c ****   ==============================================================================
 117:Inc/STM32F3xx_HAL_Driver/Src/stm32f3xx_hal_tim_ex.c ****   [..]
 118:Inc/STM32F3xx_HAL_Driver/Src/stm32f3xx_hal_tim_ex.c ****     This section provides functions allowing to:
 119:Inc/STM32F3xx_HAL_Driver/Src/stm32f3xx_hal_tim_ex.c ****     (+) Initialize and configure TIM HAL Sensor.
 120:Inc/STM32F3xx_HAL_Driver/Src/stm32f3xx_hal_tim_ex.c ****     (+) De-initialize TIM HAL Sensor.
 121:Inc/STM32F3xx_HAL_Driver/Src/stm32f3xx_hal_tim_ex.c ****     (+) Start the Hall Sensor Interface.
 122:Inc/STM32F3xx_HAL_Driver/Src/stm32f3xx_hal_tim_ex.c ****     (+) Stop the Hall Sensor Interface.
 123:Inc/STM32F3xx_HAL_Driver/Src/stm32f3xx_hal_tim_ex.c ****     (+) Start the Hall Sensor Interface and enable interrupts.
 124:Inc/STM32F3xx_HAL_Driver/Src/stm32f3xx_hal_tim_ex.c ****     (+) Stop the Hall Sensor Interface and disable interrupts.
 125:Inc/STM32F3xx_HAL_Driver/Src/stm32f3xx_hal_tim_ex.c ****     (+) Start the Hall Sensor Interface and enable DMA transfers.
 126:Inc/STM32F3xx_HAL_Driver/Src/stm32f3xx_hal_tim_ex.c ****     (+) Stop the Hall Sensor Interface and disable DMA transfers.
 127:Inc/STM32F3xx_HAL_Driver/Src/stm32f3xx_hal_tim_ex.c **** 
 128:Inc/STM32F3xx_HAL_Driver/Src/stm32f3xx_hal_tim_ex.c **** @endverbatim
 129:Inc/STM32F3xx_HAL_Driver/Src/stm32f3xx_hal_tim_ex.c ****   * @{
 130:Inc/STM32F3xx_HAL_Driver/Src/stm32f3xx_hal_tim_ex.c ****   */
 131:Inc/STM32F3xx_HAL_Driver/Src/stm32f3xx_hal_tim_ex.c **** /**
 132:Inc/STM32F3xx_HAL_Driver/Src/stm32f3xx_hal_tim_ex.c ****   * @brief  Initializes the TIM Hall Sensor Interface and initialize the associated handle.
 133:Inc/STM32F3xx_HAL_Driver/Src/stm32f3xx_hal_tim_ex.c ****   * @note   When the timer instance is initialized in Hall Sensor Interface mode,
 134:Inc/STM32F3xx_HAL_Driver/Src/stm32f3xx_hal_tim_ex.c ****   *         timer channels 1 and channel 2 are reserved and cannot be used for
 135:Inc/STM32F3xx_HAL_Driver/Src/stm32f3xx_hal_tim_ex.c ****   *         other purpose.
 136:Inc/STM32F3xx_HAL_Driver/Src/stm32f3xx_hal_tim_ex.c ****   * @param  htim TIM Hall Sensor Interface handle
 137:Inc/STM32F3xx_HAL_Driver/Src/stm32f3xx_hal_tim_ex.c ****   * @param  sConfig TIM Hall Sensor configuration structure
 138:Inc/STM32F3xx_HAL_Driver/Src/stm32f3xx_hal_tim_ex.c ****   * @retval HAL status
 139:Inc/STM32F3xx_HAL_Driver/Src/stm32f3xx_hal_tim_ex.c ****   */
 140:Inc/STM32F3xx_HAL_Driver/Src/stm32f3xx_hal_tim_ex.c **** HAL_StatusTypeDef HAL_TIMEx_HallSensor_Init(TIM_HandleTypeDef *htim, const TIM_HallSensor_InitTypeD
 141:Inc/STM32F3xx_HAL_Driver/Src/stm32f3xx_hal_tim_ex.c **** {
 142:Inc/STM32F3xx_HAL_Driver/Src/stm32f3xx_hal_tim_ex.c ****   TIM_OC_InitTypeDef OC_Config;
 143:Inc/STM32F3xx_HAL_Driver/Src/stm32f3xx_hal_tim_ex.c **** 
 144:Inc/STM32F3xx_HAL_Driver/Src/stm32f3xx_hal_tim_ex.c ****   /* Check the TIM handle allocation */
ARM GAS  /tmp/ccfhaacA.s 			page 4


 145:Inc/STM32F3xx_HAL_Driver/Src/stm32f3xx_hal_tim_ex.c ****   if (htim == NULL)
 146:Inc/STM32F3xx_HAL_Driver/Src/stm32f3xx_hal_tim_ex.c ****   {
 147:Inc/STM32F3xx_HAL_Driver/Src/stm32f3xx_hal_tim_ex.c ****     return HAL_ERROR;
 148:Inc/STM32F3xx_HAL_Driver/Src/stm32f3xx_hal_tim_ex.c ****   }
 149:Inc/STM32F3xx_HAL_Driver/Src/stm32f3xx_hal_tim_ex.c **** 
 150:Inc/STM32F3xx_HAL_Driver/Src/stm32f3xx_hal_tim_ex.c ****   /* Check the parameters */
 151:Inc/STM32F3xx_HAL_Driver/Src/stm32f3xx_hal_tim_ex.c ****   assert_param(IS_TIM_HALL_SENSOR_INTERFACE_INSTANCE(htim->Instance));
 152:Inc/STM32F3xx_HAL_Driver/Src/stm32f3xx_hal_tim_ex.c ****   assert_param(IS_TIM_COUNTER_MODE(htim->Init.CounterMode));
 153:Inc/STM32F3xx_HAL_Driver/Src/stm32f3xx_hal_tim_ex.c ****   assert_param(IS_TIM_CLOCKDIVISION_DIV(htim->Init.ClockDivision));
 154:Inc/STM32F3xx_HAL_Driver/Src/stm32f3xx_hal_tim_ex.c ****   assert_param(IS_TIM_AUTORELOAD_PRELOAD(htim->Init.AutoReloadPreload));
 155:Inc/STM32F3xx_HAL_Driver/Src/stm32f3xx_hal_tim_ex.c ****   assert_param(IS_TIM_IC_POLARITY(sConfig->IC1Polarity));
 156:Inc/STM32F3xx_HAL_Driver/Src/stm32f3xx_hal_tim_ex.c ****   assert_param(IS_TIM_PERIOD(htim, htim->Init.Period));
 157:Inc/STM32F3xx_HAL_Driver/Src/stm32f3xx_hal_tim_ex.c ****   assert_param(IS_TIM_IC_PRESCALER(sConfig->IC1Prescaler));
 158:Inc/STM32F3xx_HAL_Driver/Src/stm32f3xx_hal_tim_ex.c ****   assert_param(IS_TIM_IC_FILTER(sConfig->IC1Filter));
 159:Inc/STM32F3xx_HAL_Driver/Src/stm32f3xx_hal_tim_ex.c **** 
 160:Inc/STM32F3xx_HAL_Driver/Src/stm32f3xx_hal_tim_ex.c ****   if (htim->State == HAL_TIM_STATE_RESET)
 161:Inc/STM32F3xx_HAL_Driver/Src/stm32f3xx_hal_tim_ex.c ****   {
 162:Inc/STM32F3xx_HAL_Driver/Src/stm32f3xx_hal_tim_ex.c ****     /* Allocate lock resource and initialize it */
 163:Inc/STM32F3xx_HAL_Driver/Src/stm32f3xx_hal_tim_ex.c ****     htim->Lock = HAL_UNLOCKED;
 164:Inc/STM32F3xx_HAL_Driver/Src/stm32f3xx_hal_tim_ex.c **** 
 165:Inc/STM32F3xx_HAL_Driver/Src/stm32f3xx_hal_tim_ex.c **** #if (USE_HAL_TIM_REGISTER_CALLBACKS == 1)
 166:Inc/STM32F3xx_HAL_Driver/Src/stm32f3xx_hal_tim_ex.c ****     /* Reset interrupt callbacks to legacy week callbacks */
 167:Inc/STM32F3xx_HAL_Driver/Src/stm32f3xx_hal_tim_ex.c ****     TIM_ResetCallback(htim);
 168:Inc/STM32F3xx_HAL_Driver/Src/stm32f3xx_hal_tim_ex.c **** 
 169:Inc/STM32F3xx_HAL_Driver/Src/stm32f3xx_hal_tim_ex.c ****     if (htim->HallSensor_MspInitCallback == NULL)
 170:Inc/STM32F3xx_HAL_Driver/Src/stm32f3xx_hal_tim_ex.c ****     {
 171:Inc/STM32F3xx_HAL_Driver/Src/stm32f3xx_hal_tim_ex.c ****       htim->HallSensor_MspInitCallback = HAL_TIMEx_HallSensor_MspInit;
 172:Inc/STM32F3xx_HAL_Driver/Src/stm32f3xx_hal_tim_ex.c ****     }
 173:Inc/STM32F3xx_HAL_Driver/Src/stm32f3xx_hal_tim_ex.c ****     /* Init the low level hardware : GPIO, CLOCK, NVIC */
 174:Inc/STM32F3xx_HAL_Driver/Src/stm32f3xx_hal_tim_ex.c ****     htim->HallSensor_MspInitCallback(htim);
 175:Inc/STM32F3xx_HAL_Driver/Src/stm32f3xx_hal_tim_ex.c **** #else
 176:Inc/STM32F3xx_HAL_Driver/Src/stm32f3xx_hal_tim_ex.c ****     /* Init the low level hardware : GPIO, CLOCK, NVIC and DMA */
 177:Inc/STM32F3xx_HAL_Driver/Src/stm32f3xx_hal_tim_ex.c ****     HAL_TIMEx_HallSensor_MspInit(htim);
 178:Inc/STM32F3xx_HAL_Driver/Src/stm32f3xx_hal_tim_ex.c **** #endif /* USE_HAL_TIM_REGISTER_CALLBACKS */
 179:Inc/STM32F3xx_HAL_Driver/Src/stm32f3xx_hal_tim_ex.c ****   }
 180:Inc/STM32F3xx_HAL_Driver/Src/stm32f3xx_hal_tim_ex.c **** 
 181:Inc/STM32F3xx_HAL_Driver/Src/stm32f3xx_hal_tim_ex.c ****   /* Set the TIM state */
 182:Inc/STM32F3xx_HAL_Driver/Src/stm32f3xx_hal_tim_ex.c ****   htim->State = HAL_TIM_STATE_BUSY;
 183:Inc/STM32F3xx_HAL_Driver/Src/stm32f3xx_hal_tim_ex.c **** 
 184:Inc/STM32F3xx_HAL_Driver/Src/stm32f3xx_hal_tim_ex.c ****   /* Configure the Time base in the Encoder Mode */
 185:Inc/STM32F3xx_HAL_Driver/Src/stm32f3xx_hal_tim_ex.c ****   TIM_Base_SetConfig(htim->Instance, &htim->Init);
 186:Inc/STM32F3xx_HAL_Driver/Src/stm32f3xx_hal_tim_ex.c **** 
 187:Inc/STM32F3xx_HAL_Driver/Src/stm32f3xx_hal_tim_ex.c ****   /* Configure the Channel 1 as Input Channel to interface with the three Outputs of the  Hall sens
 188:Inc/STM32F3xx_HAL_Driver/Src/stm32f3xx_hal_tim_ex.c ****   TIM_TI1_SetConfig(htim->Instance, sConfig->IC1Polarity, TIM_ICSELECTION_TRC, sConfig->IC1Filter);
 189:Inc/STM32F3xx_HAL_Driver/Src/stm32f3xx_hal_tim_ex.c **** 
 190:Inc/STM32F3xx_HAL_Driver/Src/stm32f3xx_hal_tim_ex.c ****   /* Reset the IC1PSC Bits */
 191:Inc/STM32F3xx_HAL_Driver/Src/stm32f3xx_hal_tim_ex.c ****   htim->Instance->CCMR1 &= ~TIM_CCMR1_IC1PSC;
 192:Inc/STM32F3xx_HAL_Driver/Src/stm32f3xx_hal_tim_ex.c ****   /* Set the IC1PSC value */
 193:Inc/STM32F3xx_HAL_Driver/Src/stm32f3xx_hal_tim_ex.c ****   htim->Instance->CCMR1 |= sConfig->IC1Prescaler;
 194:Inc/STM32F3xx_HAL_Driver/Src/stm32f3xx_hal_tim_ex.c **** 
 195:Inc/STM32F3xx_HAL_Driver/Src/stm32f3xx_hal_tim_ex.c ****   /* Enable the Hall sensor interface (XOR function of the three inputs) */
 196:Inc/STM32F3xx_HAL_Driver/Src/stm32f3xx_hal_tim_ex.c ****   htim->Instance->CR2 |= TIM_CR2_TI1S;
 197:Inc/STM32F3xx_HAL_Driver/Src/stm32f3xx_hal_tim_ex.c **** 
 198:Inc/STM32F3xx_HAL_Driver/Src/stm32f3xx_hal_tim_ex.c ****   /* Select the TIM_TS_TI1F_ED signal as Input trigger for the TIM */
 199:Inc/STM32F3xx_HAL_Driver/Src/stm32f3xx_hal_tim_ex.c ****   htim->Instance->SMCR &= ~TIM_SMCR_TS;
 200:Inc/STM32F3xx_HAL_Driver/Src/stm32f3xx_hal_tim_ex.c ****   htim->Instance->SMCR |= TIM_TS_TI1F_ED;
 201:Inc/STM32F3xx_HAL_Driver/Src/stm32f3xx_hal_tim_ex.c **** 
ARM GAS  /tmp/ccfhaacA.s 			page 5


 202:Inc/STM32F3xx_HAL_Driver/Src/stm32f3xx_hal_tim_ex.c ****   /* Use the TIM_TS_TI1F_ED signal to reset the TIM counter each edge detection */
 203:Inc/STM32F3xx_HAL_Driver/Src/stm32f3xx_hal_tim_ex.c ****   htim->Instance->SMCR &= ~TIM_SMCR_SMS;
 204:Inc/STM32F3xx_HAL_Driver/Src/stm32f3xx_hal_tim_ex.c ****   htim->Instance->SMCR |= TIM_SLAVEMODE_RESET;
 205:Inc/STM32F3xx_HAL_Driver/Src/stm32f3xx_hal_tim_ex.c **** 
 206:Inc/STM32F3xx_HAL_Driver/Src/stm32f3xx_hal_tim_ex.c ****   /* Program channel 2 in PWM 2 mode with the desired Commutation_Delay*/
 207:Inc/STM32F3xx_HAL_Driver/Src/stm32f3xx_hal_tim_ex.c ****   OC_Config.OCFastMode = TIM_OCFAST_DISABLE;
 208:Inc/STM32F3xx_HAL_Driver/Src/stm32f3xx_hal_tim_ex.c ****   OC_Config.OCIdleState = TIM_OCIDLESTATE_RESET;
 209:Inc/STM32F3xx_HAL_Driver/Src/stm32f3xx_hal_tim_ex.c ****   OC_Config.OCMode = TIM_OCMODE_PWM2;
 210:Inc/STM32F3xx_HAL_Driver/Src/stm32f3xx_hal_tim_ex.c ****   OC_Config.OCNIdleState = TIM_OCNIDLESTATE_RESET;
 211:Inc/STM32F3xx_HAL_Driver/Src/stm32f3xx_hal_tim_ex.c ****   OC_Config.OCNPolarity = TIM_OCNPOLARITY_HIGH;
 212:Inc/STM32F3xx_HAL_Driver/Src/stm32f3xx_hal_tim_ex.c ****   OC_Config.OCPolarity = TIM_OCPOLARITY_HIGH;
 213:Inc/STM32F3xx_HAL_Driver/Src/stm32f3xx_hal_tim_ex.c ****   OC_Config.Pulse = sConfig->Commutation_Delay;
 214:Inc/STM32F3xx_HAL_Driver/Src/stm32f3xx_hal_tim_ex.c **** 
 215:Inc/STM32F3xx_HAL_Driver/Src/stm32f3xx_hal_tim_ex.c ****   TIM_OC2_SetConfig(htim->Instance, &OC_Config);
 216:Inc/STM32F3xx_HAL_Driver/Src/stm32f3xx_hal_tim_ex.c **** 
 217:Inc/STM32F3xx_HAL_Driver/Src/stm32f3xx_hal_tim_ex.c ****   /* Select OC2REF as trigger output on TRGO: write the MMS bits in the TIMx_CR2
 218:Inc/STM32F3xx_HAL_Driver/Src/stm32f3xx_hal_tim_ex.c ****     register to 101 */
 219:Inc/STM32F3xx_HAL_Driver/Src/stm32f3xx_hal_tim_ex.c ****   htim->Instance->CR2 &= ~TIM_CR2_MMS;
 220:Inc/STM32F3xx_HAL_Driver/Src/stm32f3xx_hal_tim_ex.c ****   htim->Instance->CR2 |= TIM_TRGO_OC2REF;
 221:Inc/STM32F3xx_HAL_Driver/Src/stm32f3xx_hal_tim_ex.c **** 
 222:Inc/STM32F3xx_HAL_Driver/Src/stm32f3xx_hal_tim_ex.c ****   /* Initialize the DMA burst operation state */
 223:Inc/STM32F3xx_HAL_Driver/Src/stm32f3xx_hal_tim_ex.c ****   htim->DMABurstState = HAL_DMA_BURST_STATE_READY;
 224:Inc/STM32F3xx_HAL_Driver/Src/stm32f3xx_hal_tim_ex.c **** 
 225:Inc/STM32F3xx_HAL_Driver/Src/stm32f3xx_hal_tim_ex.c ****   /* Initialize the TIM channels state */
 226:Inc/STM32F3xx_HAL_Driver/Src/stm32f3xx_hal_tim_ex.c ****   TIM_CHANNEL_STATE_SET(htim, TIM_CHANNEL_1, HAL_TIM_CHANNEL_STATE_READY);
 227:Inc/STM32F3xx_HAL_Driver/Src/stm32f3xx_hal_tim_ex.c ****   TIM_CHANNEL_STATE_SET(htim, TIM_CHANNEL_2, HAL_TIM_CHANNEL_STATE_READY);
 228:Inc/STM32F3xx_HAL_Driver/Src/stm32f3xx_hal_tim_ex.c ****   TIM_CHANNEL_N_STATE_SET(htim, TIM_CHANNEL_1, HAL_TIM_CHANNEL_STATE_READY);
 229:Inc/STM32F3xx_HAL_Driver/Src/stm32f3xx_hal_tim_ex.c ****   TIM_CHANNEL_N_STATE_SET(htim, TIM_CHANNEL_2, HAL_TIM_CHANNEL_STATE_READY);
 230:Inc/STM32F3xx_HAL_Driver/Src/stm32f3xx_hal_tim_ex.c **** 
 231:Inc/STM32F3xx_HAL_Driver/Src/stm32f3xx_hal_tim_ex.c ****   /* Initialize the TIM state*/
 232:Inc/STM32F3xx_HAL_Driver/Src/stm32f3xx_hal_tim_ex.c ****   htim->State = HAL_TIM_STATE_READY;
 233:Inc/STM32F3xx_HAL_Driver/Src/stm32f3xx_hal_tim_ex.c **** 
 234:Inc/STM32F3xx_HAL_Driver/Src/stm32f3xx_hal_tim_ex.c ****   return HAL_OK;
 235:Inc/STM32F3xx_HAL_Driver/Src/stm32f3xx_hal_tim_ex.c **** }
 236:Inc/STM32F3xx_HAL_Driver/Src/stm32f3xx_hal_tim_ex.c **** 
 237:Inc/STM32F3xx_HAL_Driver/Src/stm32f3xx_hal_tim_ex.c **** /**
 238:Inc/STM32F3xx_HAL_Driver/Src/stm32f3xx_hal_tim_ex.c ****   * @brief  DeInitializes the TIM Hall Sensor interface
 239:Inc/STM32F3xx_HAL_Driver/Src/stm32f3xx_hal_tim_ex.c ****   * @param  htim TIM Hall Sensor Interface handle
 240:Inc/STM32F3xx_HAL_Driver/Src/stm32f3xx_hal_tim_ex.c ****   * @retval HAL status
 241:Inc/STM32F3xx_HAL_Driver/Src/stm32f3xx_hal_tim_ex.c ****   */
 242:Inc/STM32F3xx_HAL_Driver/Src/stm32f3xx_hal_tim_ex.c **** HAL_StatusTypeDef HAL_TIMEx_HallSensor_DeInit(TIM_HandleTypeDef *htim)
 243:Inc/STM32F3xx_HAL_Driver/Src/stm32f3xx_hal_tim_ex.c **** {
 244:Inc/STM32F3xx_HAL_Driver/Src/stm32f3xx_hal_tim_ex.c ****   /* Check the parameters */
 245:Inc/STM32F3xx_HAL_Driver/Src/stm32f3xx_hal_tim_ex.c ****   assert_param(IS_TIM_INSTANCE(htim->Instance));
 246:Inc/STM32F3xx_HAL_Driver/Src/stm32f3xx_hal_tim_ex.c **** 
 247:Inc/STM32F3xx_HAL_Driver/Src/stm32f3xx_hal_tim_ex.c ****   htim->State = HAL_TIM_STATE_BUSY;
 248:Inc/STM32F3xx_HAL_Driver/Src/stm32f3xx_hal_tim_ex.c **** 
 249:Inc/STM32F3xx_HAL_Driver/Src/stm32f3xx_hal_tim_ex.c ****   /* Disable the TIM Peripheral Clock */
 250:Inc/STM32F3xx_HAL_Driver/Src/stm32f3xx_hal_tim_ex.c ****   __HAL_TIM_DISABLE(htim);
 251:Inc/STM32F3xx_HAL_Driver/Src/stm32f3xx_hal_tim_ex.c **** 
 252:Inc/STM32F3xx_HAL_Driver/Src/stm32f3xx_hal_tim_ex.c **** #if (USE_HAL_TIM_REGISTER_CALLBACKS == 1)
 253:Inc/STM32F3xx_HAL_Driver/Src/stm32f3xx_hal_tim_ex.c ****   if (htim->HallSensor_MspDeInitCallback == NULL)
 254:Inc/STM32F3xx_HAL_Driver/Src/stm32f3xx_hal_tim_ex.c ****   {
 255:Inc/STM32F3xx_HAL_Driver/Src/stm32f3xx_hal_tim_ex.c ****     htim->HallSensor_MspDeInitCallback = HAL_TIMEx_HallSensor_MspDeInit;
 256:Inc/STM32F3xx_HAL_Driver/Src/stm32f3xx_hal_tim_ex.c ****   }
 257:Inc/STM32F3xx_HAL_Driver/Src/stm32f3xx_hal_tim_ex.c ****   /* DeInit the low level hardware */
 258:Inc/STM32F3xx_HAL_Driver/Src/stm32f3xx_hal_tim_ex.c ****   htim->HallSensor_MspDeInitCallback(htim);
ARM GAS  /tmp/ccfhaacA.s 			page 6


 259:Inc/STM32F3xx_HAL_Driver/Src/stm32f3xx_hal_tim_ex.c **** #else
 260:Inc/STM32F3xx_HAL_Driver/Src/stm32f3xx_hal_tim_ex.c ****   /* DeInit the low level hardware: GPIO, CLOCK, NVIC */
 261:Inc/STM32F3xx_HAL_Driver/Src/stm32f3xx_hal_tim_ex.c ****   HAL_TIMEx_HallSensor_MspDeInit(htim);
 262:Inc/STM32F3xx_HAL_Driver/Src/stm32f3xx_hal_tim_ex.c **** #endif /* USE_HAL_TIM_REGISTER_CALLBACKS */
 263:Inc/STM32F3xx_HAL_Driver/Src/stm32f3xx_hal_tim_ex.c **** 
 264:Inc/STM32F3xx_HAL_Driver/Src/stm32f3xx_hal_tim_ex.c ****   /* Change the DMA burst operation state */
 265:Inc/STM32F3xx_HAL_Driver/Src/stm32f3xx_hal_tim_ex.c ****   htim->DMABurstState = HAL_DMA_BURST_STATE_RESET;
 266:Inc/STM32F3xx_HAL_Driver/Src/stm32f3xx_hal_tim_ex.c **** 
 267:Inc/STM32F3xx_HAL_Driver/Src/stm32f3xx_hal_tim_ex.c ****   /* Change the TIM channels state */
 268:Inc/STM32F3xx_HAL_Driver/Src/stm32f3xx_hal_tim_ex.c ****   TIM_CHANNEL_STATE_SET(htim, TIM_CHANNEL_1, HAL_TIM_CHANNEL_STATE_RESET);
 269:Inc/STM32F3xx_HAL_Driver/Src/stm32f3xx_hal_tim_ex.c ****   TIM_CHANNEL_STATE_SET(htim, TIM_CHANNEL_2, HAL_TIM_CHANNEL_STATE_RESET);
 270:Inc/STM32F3xx_HAL_Driver/Src/stm32f3xx_hal_tim_ex.c ****   TIM_CHANNEL_N_STATE_SET(htim, TIM_CHANNEL_1, HAL_TIM_CHANNEL_STATE_RESET);
 271:Inc/STM32F3xx_HAL_Driver/Src/stm32f3xx_hal_tim_ex.c ****   TIM_CHANNEL_N_STATE_SET(htim, TIM_CHANNEL_2, HAL_TIM_CHANNEL_STATE_RESET);
 272:Inc/STM32F3xx_HAL_Driver/Src/stm32f3xx_hal_tim_ex.c **** 
 273:Inc/STM32F3xx_HAL_Driver/Src/stm32f3xx_hal_tim_ex.c ****   /* Change TIM state */
 274:Inc/STM32F3xx_HAL_Driver/Src/stm32f3xx_hal_tim_ex.c ****   htim->State = HAL_TIM_STATE_RESET;
 275:Inc/STM32F3xx_HAL_Driver/Src/stm32f3xx_hal_tim_ex.c **** 
 276:Inc/STM32F3xx_HAL_Driver/Src/stm32f3xx_hal_tim_ex.c ****   /* Release Lock */
 277:Inc/STM32F3xx_HAL_Driver/Src/stm32f3xx_hal_tim_ex.c ****   __HAL_UNLOCK(htim);
 278:Inc/STM32F3xx_HAL_Driver/Src/stm32f3xx_hal_tim_ex.c **** 
 279:Inc/STM32F3xx_HAL_Driver/Src/stm32f3xx_hal_tim_ex.c ****   return HAL_OK;
 280:Inc/STM32F3xx_HAL_Driver/Src/stm32f3xx_hal_tim_ex.c **** }
 281:Inc/STM32F3xx_HAL_Driver/Src/stm32f3xx_hal_tim_ex.c **** 
 282:Inc/STM32F3xx_HAL_Driver/Src/stm32f3xx_hal_tim_ex.c **** /**
 283:Inc/STM32F3xx_HAL_Driver/Src/stm32f3xx_hal_tim_ex.c ****   * @brief  Initializes the TIM Hall Sensor MSP.
 284:Inc/STM32F3xx_HAL_Driver/Src/stm32f3xx_hal_tim_ex.c ****   * @param  htim TIM Hall Sensor Interface handle
 285:Inc/STM32F3xx_HAL_Driver/Src/stm32f3xx_hal_tim_ex.c ****   * @retval None
 286:Inc/STM32F3xx_HAL_Driver/Src/stm32f3xx_hal_tim_ex.c ****   */
 287:Inc/STM32F3xx_HAL_Driver/Src/stm32f3xx_hal_tim_ex.c **** __weak void HAL_TIMEx_HallSensor_MspInit(TIM_HandleTypeDef *htim)
 288:Inc/STM32F3xx_HAL_Driver/Src/stm32f3xx_hal_tim_ex.c **** {
 289:Inc/STM32F3xx_HAL_Driver/Src/stm32f3xx_hal_tim_ex.c ****   /* Prevent unused argument(s) compilation warning */
 290:Inc/STM32F3xx_HAL_Driver/Src/stm32f3xx_hal_tim_ex.c ****   UNUSED(htim);
 291:Inc/STM32F3xx_HAL_Driver/Src/stm32f3xx_hal_tim_ex.c **** 
 292:Inc/STM32F3xx_HAL_Driver/Src/stm32f3xx_hal_tim_ex.c ****   /* NOTE : This function should not be modified, when the callback is needed,
 293:Inc/STM32F3xx_HAL_Driver/Src/stm32f3xx_hal_tim_ex.c ****             the HAL_TIMEx_HallSensor_MspInit could be implemented in the user file
 294:Inc/STM32F3xx_HAL_Driver/Src/stm32f3xx_hal_tim_ex.c ****    */
 295:Inc/STM32F3xx_HAL_Driver/Src/stm32f3xx_hal_tim_ex.c **** }
 296:Inc/STM32F3xx_HAL_Driver/Src/stm32f3xx_hal_tim_ex.c **** 
 297:Inc/STM32F3xx_HAL_Driver/Src/stm32f3xx_hal_tim_ex.c **** /**
 298:Inc/STM32F3xx_HAL_Driver/Src/stm32f3xx_hal_tim_ex.c ****   * @brief  DeInitializes TIM Hall Sensor MSP.
 299:Inc/STM32F3xx_HAL_Driver/Src/stm32f3xx_hal_tim_ex.c ****   * @param  htim TIM Hall Sensor Interface handle
 300:Inc/STM32F3xx_HAL_Driver/Src/stm32f3xx_hal_tim_ex.c ****   * @retval None
 301:Inc/STM32F3xx_HAL_Driver/Src/stm32f3xx_hal_tim_ex.c ****   */
 302:Inc/STM32F3xx_HAL_Driver/Src/stm32f3xx_hal_tim_ex.c **** __weak void HAL_TIMEx_HallSensor_MspDeInit(TIM_HandleTypeDef *htim)
 303:Inc/STM32F3xx_HAL_Driver/Src/stm32f3xx_hal_tim_ex.c **** {
 304:Inc/STM32F3xx_HAL_Driver/Src/stm32f3xx_hal_tim_ex.c ****   /* Prevent unused argument(s) compilation warning */
 305:Inc/STM32F3xx_HAL_Driver/Src/stm32f3xx_hal_tim_ex.c ****   UNUSED(htim);
 306:Inc/STM32F3xx_HAL_Driver/Src/stm32f3xx_hal_tim_ex.c **** 
 307:Inc/STM32F3xx_HAL_Driver/Src/stm32f3xx_hal_tim_ex.c ****   /* NOTE : This function should not be modified, when the callback is needed,
 308:Inc/STM32F3xx_HAL_Driver/Src/stm32f3xx_hal_tim_ex.c ****             the HAL_TIMEx_HallSensor_MspDeInit could be implemented in the user file
 309:Inc/STM32F3xx_HAL_Driver/Src/stm32f3xx_hal_tim_ex.c ****    */
 310:Inc/STM32F3xx_HAL_Driver/Src/stm32f3xx_hal_tim_ex.c **** }
 311:Inc/STM32F3xx_HAL_Driver/Src/stm32f3xx_hal_tim_ex.c **** 
 312:Inc/STM32F3xx_HAL_Driver/Src/stm32f3xx_hal_tim_ex.c **** /**
 313:Inc/STM32F3xx_HAL_Driver/Src/stm32f3xx_hal_tim_ex.c ****   * @brief  Starts the TIM Hall Sensor Interface.
 314:Inc/STM32F3xx_HAL_Driver/Src/stm32f3xx_hal_tim_ex.c ****   * @param  htim TIM Hall Sensor Interface handle
 315:Inc/STM32F3xx_HAL_Driver/Src/stm32f3xx_hal_tim_ex.c ****   * @retval HAL status
ARM GAS  /tmp/ccfhaacA.s 			page 7


 316:Inc/STM32F3xx_HAL_Driver/Src/stm32f3xx_hal_tim_ex.c ****   */
 317:Inc/STM32F3xx_HAL_Driver/Src/stm32f3xx_hal_tim_ex.c **** HAL_StatusTypeDef HAL_TIMEx_HallSensor_Start(TIM_HandleTypeDef *htim)
 318:Inc/STM32F3xx_HAL_Driver/Src/stm32f3xx_hal_tim_ex.c **** {
 319:Inc/STM32F3xx_HAL_Driver/Src/stm32f3xx_hal_tim_ex.c ****   uint32_t tmpsmcr;
 320:Inc/STM32F3xx_HAL_Driver/Src/stm32f3xx_hal_tim_ex.c ****   HAL_TIM_ChannelStateTypeDef channel_1_state = TIM_CHANNEL_STATE_GET(htim, TIM_CHANNEL_1);
 321:Inc/STM32F3xx_HAL_Driver/Src/stm32f3xx_hal_tim_ex.c ****   HAL_TIM_ChannelStateTypeDef channel_2_state = TIM_CHANNEL_STATE_GET(htim, TIM_CHANNEL_2);
 322:Inc/STM32F3xx_HAL_Driver/Src/stm32f3xx_hal_tim_ex.c ****   HAL_TIM_ChannelStateTypeDef complementary_channel_1_state = TIM_CHANNEL_N_STATE_GET(htim, TIM_CHA
 323:Inc/STM32F3xx_HAL_Driver/Src/stm32f3xx_hal_tim_ex.c ****   HAL_TIM_ChannelStateTypeDef complementary_channel_2_state = TIM_CHANNEL_N_STATE_GET(htim, TIM_CHA
 324:Inc/STM32F3xx_HAL_Driver/Src/stm32f3xx_hal_tim_ex.c **** 
 325:Inc/STM32F3xx_HAL_Driver/Src/stm32f3xx_hal_tim_ex.c ****   /* Check the parameters */
 326:Inc/STM32F3xx_HAL_Driver/Src/stm32f3xx_hal_tim_ex.c ****   assert_param(IS_TIM_HALL_SENSOR_INTERFACE_INSTANCE(htim->Instance));
 327:Inc/STM32F3xx_HAL_Driver/Src/stm32f3xx_hal_tim_ex.c **** 
 328:Inc/STM32F3xx_HAL_Driver/Src/stm32f3xx_hal_tim_ex.c ****   /* Check the TIM channels state */
 329:Inc/STM32F3xx_HAL_Driver/Src/stm32f3xx_hal_tim_ex.c ****   if ((channel_1_state != HAL_TIM_CHANNEL_STATE_READY)
 330:Inc/STM32F3xx_HAL_Driver/Src/stm32f3xx_hal_tim_ex.c ****       || (channel_2_state != HAL_TIM_CHANNEL_STATE_READY)
 331:Inc/STM32F3xx_HAL_Driver/Src/stm32f3xx_hal_tim_ex.c ****       || (complementary_channel_1_state != HAL_TIM_CHANNEL_STATE_READY)
 332:Inc/STM32F3xx_HAL_Driver/Src/stm32f3xx_hal_tim_ex.c ****       || (complementary_channel_2_state != HAL_TIM_CHANNEL_STATE_READY))
 333:Inc/STM32F3xx_HAL_Driver/Src/stm32f3xx_hal_tim_ex.c ****   {
 334:Inc/STM32F3xx_HAL_Driver/Src/stm32f3xx_hal_tim_ex.c ****     return HAL_ERROR;
 335:Inc/STM32F3xx_HAL_Driver/Src/stm32f3xx_hal_tim_ex.c ****   }
 336:Inc/STM32F3xx_HAL_Driver/Src/stm32f3xx_hal_tim_ex.c **** 
 337:Inc/STM32F3xx_HAL_Driver/Src/stm32f3xx_hal_tim_ex.c ****   /* Set the TIM channels state */
 338:Inc/STM32F3xx_HAL_Driver/Src/stm32f3xx_hal_tim_ex.c ****   TIM_CHANNEL_STATE_SET(htim, TIM_CHANNEL_1, HAL_TIM_CHANNEL_STATE_BUSY);
 339:Inc/STM32F3xx_HAL_Driver/Src/stm32f3xx_hal_tim_ex.c ****   TIM_CHANNEL_STATE_SET(htim, TIM_CHANNEL_2, HAL_TIM_CHANNEL_STATE_BUSY);
 340:Inc/STM32F3xx_HAL_Driver/Src/stm32f3xx_hal_tim_ex.c ****   TIM_CHANNEL_N_STATE_SET(htim, TIM_CHANNEL_1, HAL_TIM_CHANNEL_STATE_BUSY);
 341:Inc/STM32F3xx_HAL_Driver/Src/stm32f3xx_hal_tim_ex.c ****   TIM_CHANNEL_N_STATE_SET(htim, TIM_CHANNEL_2, HAL_TIM_CHANNEL_STATE_BUSY);
 342:Inc/STM32F3xx_HAL_Driver/Src/stm32f3xx_hal_tim_ex.c **** 
 343:Inc/STM32F3xx_HAL_Driver/Src/stm32f3xx_hal_tim_ex.c ****   /* Enable the Input Capture channel 1
 344:Inc/STM32F3xx_HAL_Driver/Src/stm32f3xx_hal_tim_ex.c ****   (in the Hall Sensor Interface the three possible channels that can be used are TIM_CHANNEL_1,
 345:Inc/STM32F3xx_HAL_Driver/Src/stm32f3xx_hal_tim_ex.c ****   TIM_CHANNEL_2 and TIM_CHANNEL_3) */
 346:Inc/STM32F3xx_HAL_Driver/Src/stm32f3xx_hal_tim_ex.c ****   TIM_CCxChannelCmd(htim->Instance, TIM_CHANNEL_1, TIM_CCx_ENABLE);
 347:Inc/STM32F3xx_HAL_Driver/Src/stm32f3xx_hal_tim_ex.c **** 
 348:Inc/STM32F3xx_HAL_Driver/Src/stm32f3xx_hal_tim_ex.c ****   /* Enable the Peripheral, except in trigger mode where enable is automatically done with trigger 
 349:Inc/STM32F3xx_HAL_Driver/Src/stm32f3xx_hal_tim_ex.c ****   if (IS_TIM_SLAVE_INSTANCE(htim->Instance))
 350:Inc/STM32F3xx_HAL_Driver/Src/stm32f3xx_hal_tim_ex.c ****   {
 351:Inc/STM32F3xx_HAL_Driver/Src/stm32f3xx_hal_tim_ex.c ****     tmpsmcr = htim->Instance->SMCR & TIM_SMCR_SMS;
 352:Inc/STM32F3xx_HAL_Driver/Src/stm32f3xx_hal_tim_ex.c ****     if (!IS_TIM_SLAVEMODE_TRIGGER_ENABLED(tmpsmcr))
 353:Inc/STM32F3xx_HAL_Driver/Src/stm32f3xx_hal_tim_ex.c ****     {
 354:Inc/STM32F3xx_HAL_Driver/Src/stm32f3xx_hal_tim_ex.c ****       __HAL_TIM_ENABLE(htim);
 355:Inc/STM32F3xx_HAL_Driver/Src/stm32f3xx_hal_tim_ex.c ****     }
 356:Inc/STM32F3xx_HAL_Driver/Src/stm32f3xx_hal_tim_ex.c ****   }
 357:Inc/STM32F3xx_HAL_Driver/Src/stm32f3xx_hal_tim_ex.c ****   else
 358:Inc/STM32F3xx_HAL_Driver/Src/stm32f3xx_hal_tim_ex.c ****   {
 359:Inc/STM32F3xx_HAL_Driver/Src/stm32f3xx_hal_tim_ex.c ****     __HAL_TIM_ENABLE(htim);
 360:Inc/STM32F3xx_HAL_Driver/Src/stm32f3xx_hal_tim_ex.c ****   }
 361:Inc/STM32F3xx_HAL_Driver/Src/stm32f3xx_hal_tim_ex.c **** 
 362:Inc/STM32F3xx_HAL_Driver/Src/stm32f3xx_hal_tim_ex.c ****   /* Return function status */
 363:Inc/STM32F3xx_HAL_Driver/Src/stm32f3xx_hal_tim_ex.c ****   return HAL_OK;
 364:Inc/STM32F3xx_HAL_Driver/Src/stm32f3xx_hal_tim_ex.c **** }
 365:Inc/STM32F3xx_HAL_Driver/Src/stm32f3xx_hal_tim_ex.c **** 
 366:Inc/STM32F3xx_HAL_Driver/Src/stm32f3xx_hal_tim_ex.c **** /**
 367:Inc/STM32F3xx_HAL_Driver/Src/stm32f3xx_hal_tim_ex.c ****   * @brief  Stops the TIM Hall sensor Interface.
 368:Inc/STM32F3xx_HAL_Driver/Src/stm32f3xx_hal_tim_ex.c ****   * @param  htim TIM Hall Sensor Interface handle
 369:Inc/STM32F3xx_HAL_Driver/Src/stm32f3xx_hal_tim_ex.c ****   * @retval HAL status
 370:Inc/STM32F3xx_HAL_Driver/Src/stm32f3xx_hal_tim_ex.c ****   */
 371:Inc/STM32F3xx_HAL_Driver/Src/stm32f3xx_hal_tim_ex.c **** HAL_StatusTypeDef HAL_TIMEx_HallSensor_Stop(TIM_HandleTypeDef *htim)
 372:Inc/STM32F3xx_HAL_Driver/Src/stm32f3xx_hal_tim_ex.c **** {
ARM GAS  /tmp/ccfhaacA.s 			page 8


 373:Inc/STM32F3xx_HAL_Driver/Src/stm32f3xx_hal_tim_ex.c ****   /* Check the parameters */
 374:Inc/STM32F3xx_HAL_Driver/Src/stm32f3xx_hal_tim_ex.c ****   assert_param(IS_TIM_HALL_SENSOR_INTERFACE_INSTANCE(htim->Instance));
 375:Inc/STM32F3xx_HAL_Driver/Src/stm32f3xx_hal_tim_ex.c **** 
 376:Inc/STM32F3xx_HAL_Driver/Src/stm32f3xx_hal_tim_ex.c ****   /* Disable the Input Capture channels 1, 2 and 3
 377:Inc/STM32F3xx_HAL_Driver/Src/stm32f3xx_hal_tim_ex.c ****   (in the Hall Sensor Interface the three possible channels that can be used are TIM_CHANNEL_1,
 378:Inc/STM32F3xx_HAL_Driver/Src/stm32f3xx_hal_tim_ex.c ****   TIM_CHANNEL_2 and TIM_CHANNEL_3) */
 379:Inc/STM32F3xx_HAL_Driver/Src/stm32f3xx_hal_tim_ex.c ****   TIM_CCxChannelCmd(htim->Instance, TIM_CHANNEL_1, TIM_CCx_DISABLE);
 380:Inc/STM32F3xx_HAL_Driver/Src/stm32f3xx_hal_tim_ex.c **** 
 381:Inc/STM32F3xx_HAL_Driver/Src/stm32f3xx_hal_tim_ex.c ****   /* Disable the Peripheral */
 382:Inc/STM32F3xx_HAL_Driver/Src/stm32f3xx_hal_tim_ex.c ****   __HAL_TIM_DISABLE(htim);
 383:Inc/STM32F3xx_HAL_Driver/Src/stm32f3xx_hal_tim_ex.c **** 
 384:Inc/STM32F3xx_HAL_Driver/Src/stm32f3xx_hal_tim_ex.c ****   /* Set the TIM channels state */
 385:Inc/STM32F3xx_HAL_Driver/Src/stm32f3xx_hal_tim_ex.c ****   TIM_CHANNEL_STATE_SET(htim, TIM_CHANNEL_1, HAL_TIM_CHANNEL_STATE_READY);
 386:Inc/STM32F3xx_HAL_Driver/Src/stm32f3xx_hal_tim_ex.c ****   TIM_CHANNEL_STATE_SET(htim, TIM_CHANNEL_2, HAL_TIM_CHANNEL_STATE_READY);
 387:Inc/STM32F3xx_HAL_Driver/Src/stm32f3xx_hal_tim_ex.c ****   TIM_CHANNEL_N_STATE_SET(htim, TIM_CHANNEL_1, HAL_TIM_CHANNEL_STATE_READY);
 388:Inc/STM32F3xx_HAL_Driver/Src/stm32f3xx_hal_tim_ex.c ****   TIM_CHANNEL_N_STATE_SET(htim, TIM_CHANNEL_2, HAL_TIM_CHANNEL_STATE_READY);
 389:Inc/STM32F3xx_HAL_Driver/Src/stm32f3xx_hal_tim_ex.c **** 
 390:Inc/STM32F3xx_HAL_Driver/Src/stm32f3xx_hal_tim_ex.c ****   /* Return function status */
 391:Inc/STM32F3xx_HAL_Driver/Src/stm32f3xx_hal_tim_ex.c ****   return HAL_OK;
 392:Inc/STM32F3xx_HAL_Driver/Src/stm32f3xx_hal_tim_ex.c **** }
 393:Inc/STM32F3xx_HAL_Driver/Src/stm32f3xx_hal_tim_ex.c **** 
 394:Inc/STM32F3xx_HAL_Driver/Src/stm32f3xx_hal_tim_ex.c **** /**
 395:Inc/STM32F3xx_HAL_Driver/Src/stm32f3xx_hal_tim_ex.c ****   * @brief  Starts the TIM Hall Sensor Interface in interrupt mode.
 396:Inc/STM32F3xx_HAL_Driver/Src/stm32f3xx_hal_tim_ex.c ****   * @param  htim TIM Hall Sensor Interface handle
 397:Inc/STM32F3xx_HAL_Driver/Src/stm32f3xx_hal_tim_ex.c ****   * @retval HAL status
 398:Inc/STM32F3xx_HAL_Driver/Src/stm32f3xx_hal_tim_ex.c ****   */
 399:Inc/STM32F3xx_HAL_Driver/Src/stm32f3xx_hal_tim_ex.c **** HAL_StatusTypeDef HAL_TIMEx_HallSensor_Start_IT(TIM_HandleTypeDef *htim)
 400:Inc/STM32F3xx_HAL_Driver/Src/stm32f3xx_hal_tim_ex.c **** {
 401:Inc/STM32F3xx_HAL_Driver/Src/stm32f3xx_hal_tim_ex.c ****   uint32_t tmpsmcr;
 402:Inc/STM32F3xx_HAL_Driver/Src/stm32f3xx_hal_tim_ex.c ****   HAL_TIM_ChannelStateTypeDef channel_1_state = TIM_CHANNEL_STATE_GET(htim, TIM_CHANNEL_1);
 403:Inc/STM32F3xx_HAL_Driver/Src/stm32f3xx_hal_tim_ex.c ****   HAL_TIM_ChannelStateTypeDef channel_2_state = TIM_CHANNEL_STATE_GET(htim, TIM_CHANNEL_2);
 404:Inc/STM32F3xx_HAL_Driver/Src/stm32f3xx_hal_tim_ex.c ****   HAL_TIM_ChannelStateTypeDef complementary_channel_1_state = TIM_CHANNEL_N_STATE_GET(htim, TIM_CHA
 405:Inc/STM32F3xx_HAL_Driver/Src/stm32f3xx_hal_tim_ex.c ****   HAL_TIM_ChannelStateTypeDef complementary_channel_2_state = TIM_CHANNEL_N_STATE_GET(htim, TIM_CHA
 406:Inc/STM32F3xx_HAL_Driver/Src/stm32f3xx_hal_tim_ex.c **** 
 407:Inc/STM32F3xx_HAL_Driver/Src/stm32f3xx_hal_tim_ex.c ****   /* Check the parameters */
 408:Inc/STM32F3xx_HAL_Driver/Src/stm32f3xx_hal_tim_ex.c ****   assert_param(IS_TIM_HALL_SENSOR_INTERFACE_INSTANCE(htim->Instance));
 409:Inc/STM32F3xx_HAL_Driver/Src/stm32f3xx_hal_tim_ex.c **** 
 410:Inc/STM32F3xx_HAL_Driver/Src/stm32f3xx_hal_tim_ex.c ****   /* Check the TIM channels state */
 411:Inc/STM32F3xx_HAL_Driver/Src/stm32f3xx_hal_tim_ex.c ****   if ((channel_1_state != HAL_TIM_CHANNEL_STATE_READY)
 412:Inc/STM32F3xx_HAL_Driver/Src/stm32f3xx_hal_tim_ex.c ****       || (channel_2_state != HAL_TIM_CHANNEL_STATE_READY)
 413:Inc/STM32F3xx_HAL_Driver/Src/stm32f3xx_hal_tim_ex.c ****       || (complementary_channel_1_state != HAL_TIM_CHANNEL_STATE_READY)
 414:Inc/STM32F3xx_HAL_Driver/Src/stm32f3xx_hal_tim_ex.c ****       || (complementary_channel_2_state != HAL_TIM_CHANNEL_STATE_READY))
 415:Inc/STM32F3xx_HAL_Driver/Src/stm32f3xx_hal_tim_ex.c ****   {
 416:Inc/STM32F3xx_HAL_Driver/Src/stm32f3xx_hal_tim_ex.c ****     return HAL_ERROR;
 417:Inc/STM32F3xx_HAL_Driver/Src/stm32f3xx_hal_tim_ex.c ****   }
 418:Inc/STM32F3xx_HAL_Driver/Src/stm32f3xx_hal_tim_ex.c **** 
 419:Inc/STM32F3xx_HAL_Driver/Src/stm32f3xx_hal_tim_ex.c ****   /* Set the TIM channels state */
 420:Inc/STM32F3xx_HAL_Driver/Src/stm32f3xx_hal_tim_ex.c ****   TIM_CHANNEL_STATE_SET(htim, TIM_CHANNEL_1, HAL_TIM_CHANNEL_STATE_BUSY);
 421:Inc/STM32F3xx_HAL_Driver/Src/stm32f3xx_hal_tim_ex.c ****   TIM_CHANNEL_STATE_SET(htim, TIM_CHANNEL_2, HAL_TIM_CHANNEL_STATE_BUSY);
 422:Inc/STM32F3xx_HAL_Driver/Src/stm32f3xx_hal_tim_ex.c ****   TIM_CHANNEL_N_STATE_SET(htim, TIM_CHANNEL_1, HAL_TIM_CHANNEL_STATE_BUSY);
 423:Inc/STM32F3xx_HAL_Driver/Src/stm32f3xx_hal_tim_ex.c ****   TIM_CHANNEL_N_STATE_SET(htim, TIM_CHANNEL_2, HAL_TIM_CHANNEL_STATE_BUSY);
 424:Inc/STM32F3xx_HAL_Driver/Src/stm32f3xx_hal_tim_ex.c **** 
 425:Inc/STM32F3xx_HAL_Driver/Src/stm32f3xx_hal_tim_ex.c ****   /* Enable the capture compare Interrupts 1 event */
 426:Inc/STM32F3xx_HAL_Driver/Src/stm32f3xx_hal_tim_ex.c ****   __HAL_TIM_ENABLE_IT(htim, TIM_IT_CC1);
 427:Inc/STM32F3xx_HAL_Driver/Src/stm32f3xx_hal_tim_ex.c **** 
 428:Inc/STM32F3xx_HAL_Driver/Src/stm32f3xx_hal_tim_ex.c ****   /* Enable the Input Capture channel 1
 429:Inc/STM32F3xx_HAL_Driver/Src/stm32f3xx_hal_tim_ex.c ****   (in the Hall Sensor Interface the three possible channels that can be used are TIM_CHANNEL_1,
ARM GAS  /tmp/ccfhaacA.s 			page 9


 430:Inc/STM32F3xx_HAL_Driver/Src/stm32f3xx_hal_tim_ex.c ****   TIM_CHANNEL_2 and TIM_CHANNEL_3) */
 431:Inc/STM32F3xx_HAL_Driver/Src/stm32f3xx_hal_tim_ex.c ****   TIM_CCxChannelCmd(htim->Instance, TIM_CHANNEL_1, TIM_CCx_ENABLE);
 432:Inc/STM32F3xx_HAL_Driver/Src/stm32f3xx_hal_tim_ex.c **** 
 433:Inc/STM32F3xx_HAL_Driver/Src/stm32f3xx_hal_tim_ex.c ****   /* Enable the Peripheral, except in trigger mode where enable is automatically done with trigger 
 434:Inc/STM32F3xx_HAL_Driver/Src/stm32f3xx_hal_tim_ex.c ****   if (IS_TIM_SLAVE_INSTANCE(htim->Instance))
 435:Inc/STM32F3xx_HAL_Driver/Src/stm32f3xx_hal_tim_ex.c ****   {
 436:Inc/STM32F3xx_HAL_Driver/Src/stm32f3xx_hal_tim_ex.c ****     tmpsmcr = htim->Instance->SMCR & TIM_SMCR_SMS;
 437:Inc/STM32F3xx_HAL_Driver/Src/stm32f3xx_hal_tim_ex.c ****     if (!IS_TIM_SLAVEMODE_TRIGGER_ENABLED(tmpsmcr))
 438:Inc/STM32F3xx_HAL_Driver/Src/stm32f3xx_hal_tim_ex.c ****     {
 439:Inc/STM32F3xx_HAL_Driver/Src/stm32f3xx_hal_tim_ex.c ****       __HAL_TIM_ENABLE(htim);
 440:Inc/STM32F3xx_HAL_Driver/Src/stm32f3xx_hal_tim_ex.c ****     }
 441:Inc/STM32F3xx_HAL_Driver/Src/stm32f3xx_hal_tim_ex.c ****   }
 442:Inc/STM32F3xx_HAL_Driver/Src/stm32f3xx_hal_tim_ex.c ****   else
 443:Inc/STM32F3xx_HAL_Driver/Src/stm32f3xx_hal_tim_ex.c ****   {
 444:Inc/STM32F3xx_HAL_Driver/Src/stm32f3xx_hal_tim_ex.c ****     __HAL_TIM_ENABLE(htim);
 445:Inc/STM32F3xx_HAL_Driver/Src/stm32f3xx_hal_tim_ex.c ****   }
 446:Inc/STM32F3xx_HAL_Driver/Src/stm32f3xx_hal_tim_ex.c **** 
 447:Inc/STM32F3xx_HAL_Driver/Src/stm32f3xx_hal_tim_ex.c ****   /* Return function status */
 448:Inc/STM32F3xx_HAL_Driver/Src/stm32f3xx_hal_tim_ex.c ****   return HAL_OK;
 449:Inc/STM32F3xx_HAL_Driver/Src/stm32f3xx_hal_tim_ex.c **** }
 450:Inc/STM32F3xx_HAL_Driver/Src/stm32f3xx_hal_tim_ex.c **** 
 451:Inc/STM32F3xx_HAL_Driver/Src/stm32f3xx_hal_tim_ex.c **** /**
 452:Inc/STM32F3xx_HAL_Driver/Src/stm32f3xx_hal_tim_ex.c ****   * @brief  Stops the TIM Hall Sensor Interface in interrupt mode.
 453:Inc/STM32F3xx_HAL_Driver/Src/stm32f3xx_hal_tim_ex.c ****   * @param  htim TIM Hall Sensor Interface handle
 454:Inc/STM32F3xx_HAL_Driver/Src/stm32f3xx_hal_tim_ex.c ****   * @retval HAL status
 455:Inc/STM32F3xx_HAL_Driver/Src/stm32f3xx_hal_tim_ex.c ****   */
 456:Inc/STM32F3xx_HAL_Driver/Src/stm32f3xx_hal_tim_ex.c **** HAL_StatusTypeDef HAL_TIMEx_HallSensor_Stop_IT(TIM_HandleTypeDef *htim)
 457:Inc/STM32F3xx_HAL_Driver/Src/stm32f3xx_hal_tim_ex.c **** {
 458:Inc/STM32F3xx_HAL_Driver/Src/stm32f3xx_hal_tim_ex.c ****   /* Check the parameters */
 459:Inc/STM32F3xx_HAL_Driver/Src/stm32f3xx_hal_tim_ex.c ****   assert_param(IS_TIM_HALL_SENSOR_INTERFACE_INSTANCE(htim->Instance));
 460:Inc/STM32F3xx_HAL_Driver/Src/stm32f3xx_hal_tim_ex.c **** 
 461:Inc/STM32F3xx_HAL_Driver/Src/stm32f3xx_hal_tim_ex.c ****   /* Disable the Input Capture channel 1
 462:Inc/STM32F3xx_HAL_Driver/Src/stm32f3xx_hal_tim_ex.c ****   (in the Hall Sensor Interface the three possible channels that can be used are TIM_CHANNEL_1,
 463:Inc/STM32F3xx_HAL_Driver/Src/stm32f3xx_hal_tim_ex.c ****   TIM_CHANNEL_2 and TIM_CHANNEL_3) */
 464:Inc/STM32F3xx_HAL_Driver/Src/stm32f3xx_hal_tim_ex.c ****   TIM_CCxChannelCmd(htim->Instance, TIM_CHANNEL_1, TIM_CCx_DISABLE);
 465:Inc/STM32F3xx_HAL_Driver/Src/stm32f3xx_hal_tim_ex.c **** 
 466:Inc/STM32F3xx_HAL_Driver/Src/stm32f3xx_hal_tim_ex.c ****   /* Disable the capture compare Interrupts event */
 467:Inc/STM32F3xx_HAL_Driver/Src/stm32f3xx_hal_tim_ex.c ****   __HAL_TIM_DISABLE_IT(htim, TIM_IT_CC1);
 468:Inc/STM32F3xx_HAL_Driver/Src/stm32f3xx_hal_tim_ex.c **** 
 469:Inc/STM32F3xx_HAL_Driver/Src/stm32f3xx_hal_tim_ex.c ****   /* Disable the Peripheral */
 470:Inc/STM32F3xx_HAL_Driver/Src/stm32f3xx_hal_tim_ex.c ****   __HAL_TIM_DISABLE(htim);
 471:Inc/STM32F3xx_HAL_Driver/Src/stm32f3xx_hal_tim_ex.c **** 
 472:Inc/STM32F3xx_HAL_Driver/Src/stm32f3xx_hal_tim_ex.c ****   /* Set the TIM channels state */
 473:Inc/STM32F3xx_HAL_Driver/Src/stm32f3xx_hal_tim_ex.c ****   TIM_CHANNEL_STATE_SET(htim, TIM_CHANNEL_1, HAL_TIM_CHANNEL_STATE_READY);
 474:Inc/STM32F3xx_HAL_Driver/Src/stm32f3xx_hal_tim_ex.c ****   TIM_CHANNEL_STATE_SET(htim, TIM_CHANNEL_2, HAL_TIM_CHANNEL_STATE_READY);
 475:Inc/STM32F3xx_HAL_Driver/Src/stm32f3xx_hal_tim_ex.c ****   TIM_CHANNEL_N_STATE_SET(htim, TIM_CHANNEL_1, HAL_TIM_CHANNEL_STATE_READY);
 476:Inc/STM32F3xx_HAL_Driver/Src/stm32f3xx_hal_tim_ex.c ****   TIM_CHANNEL_N_STATE_SET(htim, TIM_CHANNEL_2, HAL_TIM_CHANNEL_STATE_READY);
 477:Inc/STM32F3xx_HAL_Driver/Src/stm32f3xx_hal_tim_ex.c **** 
 478:Inc/STM32F3xx_HAL_Driver/Src/stm32f3xx_hal_tim_ex.c ****   /* Return function status */
 479:Inc/STM32F3xx_HAL_Driver/Src/stm32f3xx_hal_tim_ex.c ****   return HAL_OK;
 480:Inc/STM32F3xx_HAL_Driver/Src/stm32f3xx_hal_tim_ex.c **** }
 481:Inc/STM32F3xx_HAL_Driver/Src/stm32f3xx_hal_tim_ex.c **** 
 482:Inc/STM32F3xx_HAL_Driver/Src/stm32f3xx_hal_tim_ex.c **** /**
 483:Inc/STM32F3xx_HAL_Driver/Src/stm32f3xx_hal_tim_ex.c ****   * @brief  Starts the TIM Hall Sensor Interface in DMA mode.
 484:Inc/STM32F3xx_HAL_Driver/Src/stm32f3xx_hal_tim_ex.c ****   * @param  htim TIM Hall Sensor Interface handle
 485:Inc/STM32F3xx_HAL_Driver/Src/stm32f3xx_hal_tim_ex.c ****   * @param  pData The destination Buffer address.
 486:Inc/STM32F3xx_HAL_Driver/Src/stm32f3xx_hal_tim_ex.c ****   * @param  Length The length of data to be transferred from TIM peripheral to memory.
ARM GAS  /tmp/ccfhaacA.s 			page 10


 487:Inc/STM32F3xx_HAL_Driver/Src/stm32f3xx_hal_tim_ex.c ****   * @retval HAL status
 488:Inc/STM32F3xx_HAL_Driver/Src/stm32f3xx_hal_tim_ex.c ****   */
 489:Inc/STM32F3xx_HAL_Driver/Src/stm32f3xx_hal_tim_ex.c **** HAL_StatusTypeDef HAL_TIMEx_HallSensor_Start_DMA(TIM_HandleTypeDef *htim, uint32_t *pData, uint16_t
 490:Inc/STM32F3xx_HAL_Driver/Src/stm32f3xx_hal_tim_ex.c **** {
 491:Inc/STM32F3xx_HAL_Driver/Src/stm32f3xx_hal_tim_ex.c ****   uint32_t tmpsmcr;
 492:Inc/STM32F3xx_HAL_Driver/Src/stm32f3xx_hal_tim_ex.c ****   HAL_TIM_ChannelStateTypeDef channel_1_state = TIM_CHANNEL_STATE_GET(htim, TIM_CHANNEL_1);
 493:Inc/STM32F3xx_HAL_Driver/Src/stm32f3xx_hal_tim_ex.c ****   HAL_TIM_ChannelStateTypeDef complementary_channel_1_state = TIM_CHANNEL_N_STATE_GET(htim, TIM_CHA
 494:Inc/STM32F3xx_HAL_Driver/Src/stm32f3xx_hal_tim_ex.c **** 
 495:Inc/STM32F3xx_HAL_Driver/Src/stm32f3xx_hal_tim_ex.c ****   /* Check the parameters */
 496:Inc/STM32F3xx_HAL_Driver/Src/stm32f3xx_hal_tim_ex.c ****   assert_param(IS_TIM_HALL_SENSOR_INTERFACE_INSTANCE(htim->Instance));
 497:Inc/STM32F3xx_HAL_Driver/Src/stm32f3xx_hal_tim_ex.c **** 
 498:Inc/STM32F3xx_HAL_Driver/Src/stm32f3xx_hal_tim_ex.c ****   /* Set the TIM channel state */
 499:Inc/STM32F3xx_HAL_Driver/Src/stm32f3xx_hal_tim_ex.c ****   if ((channel_1_state == HAL_TIM_CHANNEL_STATE_BUSY)
 500:Inc/STM32F3xx_HAL_Driver/Src/stm32f3xx_hal_tim_ex.c ****       || (complementary_channel_1_state == HAL_TIM_CHANNEL_STATE_BUSY))
 501:Inc/STM32F3xx_HAL_Driver/Src/stm32f3xx_hal_tim_ex.c ****   {
 502:Inc/STM32F3xx_HAL_Driver/Src/stm32f3xx_hal_tim_ex.c ****     return HAL_BUSY;
 503:Inc/STM32F3xx_HAL_Driver/Src/stm32f3xx_hal_tim_ex.c ****   }
 504:Inc/STM32F3xx_HAL_Driver/Src/stm32f3xx_hal_tim_ex.c ****   else if ((channel_1_state == HAL_TIM_CHANNEL_STATE_READY)
 505:Inc/STM32F3xx_HAL_Driver/Src/stm32f3xx_hal_tim_ex.c ****            && (complementary_channel_1_state == HAL_TIM_CHANNEL_STATE_READY))
 506:Inc/STM32F3xx_HAL_Driver/Src/stm32f3xx_hal_tim_ex.c ****   {
 507:Inc/STM32F3xx_HAL_Driver/Src/stm32f3xx_hal_tim_ex.c ****     if ((pData == NULL) || (Length == 0U))
 508:Inc/STM32F3xx_HAL_Driver/Src/stm32f3xx_hal_tim_ex.c ****     {
 509:Inc/STM32F3xx_HAL_Driver/Src/stm32f3xx_hal_tim_ex.c ****       return HAL_ERROR;
 510:Inc/STM32F3xx_HAL_Driver/Src/stm32f3xx_hal_tim_ex.c ****     }
 511:Inc/STM32F3xx_HAL_Driver/Src/stm32f3xx_hal_tim_ex.c ****     else
 512:Inc/STM32F3xx_HAL_Driver/Src/stm32f3xx_hal_tim_ex.c ****     {
 513:Inc/STM32F3xx_HAL_Driver/Src/stm32f3xx_hal_tim_ex.c ****       TIM_CHANNEL_STATE_SET(htim, TIM_CHANNEL_1, HAL_TIM_CHANNEL_STATE_BUSY);
 514:Inc/STM32F3xx_HAL_Driver/Src/stm32f3xx_hal_tim_ex.c ****       TIM_CHANNEL_N_STATE_SET(htim, TIM_CHANNEL_1, HAL_TIM_CHANNEL_STATE_BUSY);
 515:Inc/STM32F3xx_HAL_Driver/Src/stm32f3xx_hal_tim_ex.c ****     }
 516:Inc/STM32F3xx_HAL_Driver/Src/stm32f3xx_hal_tim_ex.c ****   }
 517:Inc/STM32F3xx_HAL_Driver/Src/stm32f3xx_hal_tim_ex.c ****   else
 518:Inc/STM32F3xx_HAL_Driver/Src/stm32f3xx_hal_tim_ex.c ****   {
 519:Inc/STM32F3xx_HAL_Driver/Src/stm32f3xx_hal_tim_ex.c ****     return HAL_ERROR;
 520:Inc/STM32F3xx_HAL_Driver/Src/stm32f3xx_hal_tim_ex.c ****   }
 521:Inc/STM32F3xx_HAL_Driver/Src/stm32f3xx_hal_tim_ex.c **** 
 522:Inc/STM32F3xx_HAL_Driver/Src/stm32f3xx_hal_tim_ex.c ****   /* Enable the Input Capture channel 1
 523:Inc/STM32F3xx_HAL_Driver/Src/stm32f3xx_hal_tim_ex.c ****   (in the Hall Sensor Interface the three possible channels that can be used are TIM_CHANNEL_1,
 524:Inc/STM32F3xx_HAL_Driver/Src/stm32f3xx_hal_tim_ex.c ****   TIM_CHANNEL_2 and TIM_CHANNEL_3) */
 525:Inc/STM32F3xx_HAL_Driver/Src/stm32f3xx_hal_tim_ex.c ****   TIM_CCxChannelCmd(htim->Instance, TIM_CHANNEL_1, TIM_CCx_ENABLE);
 526:Inc/STM32F3xx_HAL_Driver/Src/stm32f3xx_hal_tim_ex.c **** 
 527:Inc/STM32F3xx_HAL_Driver/Src/stm32f3xx_hal_tim_ex.c ****   /* Set the DMA Input Capture 1 Callbacks */
 528:Inc/STM32F3xx_HAL_Driver/Src/stm32f3xx_hal_tim_ex.c ****   htim->hdma[TIM_DMA_ID_CC1]->XferCpltCallback = TIM_DMACaptureCplt;
 529:Inc/STM32F3xx_HAL_Driver/Src/stm32f3xx_hal_tim_ex.c ****   htim->hdma[TIM_DMA_ID_CC1]->XferHalfCpltCallback = TIM_DMACaptureHalfCplt;
 530:Inc/STM32F3xx_HAL_Driver/Src/stm32f3xx_hal_tim_ex.c ****   /* Set the DMA error callback */
 531:Inc/STM32F3xx_HAL_Driver/Src/stm32f3xx_hal_tim_ex.c ****   htim->hdma[TIM_DMA_ID_CC1]->XferErrorCallback = TIM_DMAError ;
 532:Inc/STM32F3xx_HAL_Driver/Src/stm32f3xx_hal_tim_ex.c **** 
 533:Inc/STM32F3xx_HAL_Driver/Src/stm32f3xx_hal_tim_ex.c ****   /* Enable the DMA channel for Capture 1*/
 534:Inc/STM32F3xx_HAL_Driver/Src/stm32f3xx_hal_tim_ex.c ****   if (HAL_DMA_Start_IT(htim->hdma[TIM_DMA_ID_CC1], (uint32_t)&htim->Instance->CCR1, (uint32_t)pData
 535:Inc/STM32F3xx_HAL_Driver/Src/stm32f3xx_hal_tim_ex.c ****   {
 536:Inc/STM32F3xx_HAL_Driver/Src/stm32f3xx_hal_tim_ex.c ****     /* Return error status */
 537:Inc/STM32F3xx_HAL_Driver/Src/stm32f3xx_hal_tim_ex.c ****     return HAL_ERROR;
 538:Inc/STM32F3xx_HAL_Driver/Src/stm32f3xx_hal_tim_ex.c ****   }
 539:Inc/STM32F3xx_HAL_Driver/Src/stm32f3xx_hal_tim_ex.c ****   /* Enable the capture compare 1 Interrupt */
 540:Inc/STM32F3xx_HAL_Driver/Src/stm32f3xx_hal_tim_ex.c ****   __HAL_TIM_ENABLE_DMA(htim, TIM_DMA_CC1);
 541:Inc/STM32F3xx_HAL_Driver/Src/stm32f3xx_hal_tim_ex.c **** 
 542:Inc/STM32F3xx_HAL_Driver/Src/stm32f3xx_hal_tim_ex.c ****   /* Enable the Peripheral, except in trigger mode where enable is automatically done with trigger 
 543:Inc/STM32F3xx_HAL_Driver/Src/stm32f3xx_hal_tim_ex.c ****   if (IS_TIM_SLAVE_INSTANCE(htim->Instance))
ARM GAS  /tmp/ccfhaacA.s 			page 11


 544:Inc/STM32F3xx_HAL_Driver/Src/stm32f3xx_hal_tim_ex.c ****   {
 545:Inc/STM32F3xx_HAL_Driver/Src/stm32f3xx_hal_tim_ex.c ****     tmpsmcr = htim->Instance->SMCR & TIM_SMCR_SMS;
 546:Inc/STM32F3xx_HAL_Driver/Src/stm32f3xx_hal_tim_ex.c ****     if (!IS_TIM_SLAVEMODE_TRIGGER_ENABLED(tmpsmcr))
 547:Inc/STM32F3xx_HAL_Driver/Src/stm32f3xx_hal_tim_ex.c ****     {
 548:Inc/STM32F3xx_HAL_Driver/Src/stm32f3xx_hal_tim_ex.c ****       __HAL_TIM_ENABLE(htim);
 549:Inc/STM32F3xx_HAL_Driver/Src/stm32f3xx_hal_tim_ex.c ****     }
 550:Inc/STM32F3xx_HAL_Driver/Src/stm32f3xx_hal_tim_ex.c ****   }
 551:Inc/STM32F3xx_HAL_Driver/Src/stm32f3xx_hal_tim_ex.c ****   else
 552:Inc/STM32F3xx_HAL_Driver/Src/stm32f3xx_hal_tim_ex.c ****   {
 553:Inc/STM32F3xx_HAL_Driver/Src/stm32f3xx_hal_tim_ex.c ****     __HAL_TIM_ENABLE(htim);
 554:Inc/STM32F3xx_HAL_Driver/Src/stm32f3xx_hal_tim_ex.c ****   }
 555:Inc/STM32F3xx_HAL_Driver/Src/stm32f3xx_hal_tim_ex.c **** 
 556:Inc/STM32F3xx_HAL_Driver/Src/stm32f3xx_hal_tim_ex.c ****   /* Return function status */
 557:Inc/STM32F3xx_HAL_Driver/Src/stm32f3xx_hal_tim_ex.c ****   return HAL_OK;
 558:Inc/STM32F3xx_HAL_Driver/Src/stm32f3xx_hal_tim_ex.c **** }
 559:Inc/STM32F3xx_HAL_Driver/Src/stm32f3xx_hal_tim_ex.c **** 
 560:Inc/STM32F3xx_HAL_Driver/Src/stm32f3xx_hal_tim_ex.c **** /**
 561:Inc/STM32F3xx_HAL_Driver/Src/stm32f3xx_hal_tim_ex.c ****   * @brief  Stops the TIM Hall Sensor Interface in DMA mode.
 562:Inc/STM32F3xx_HAL_Driver/Src/stm32f3xx_hal_tim_ex.c ****   * @param  htim TIM Hall Sensor Interface handle
 563:Inc/STM32F3xx_HAL_Driver/Src/stm32f3xx_hal_tim_ex.c ****   * @retval HAL status
 564:Inc/STM32F3xx_HAL_Driver/Src/stm32f3xx_hal_tim_ex.c ****   */
 565:Inc/STM32F3xx_HAL_Driver/Src/stm32f3xx_hal_tim_ex.c **** HAL_StatusTypeDef HAL_TIMEx_HallSensor_Stop_DMA(TIM_HandleTypeDef *htim)
 566:Inc/STM32F3xx_HAL_Driver/Src/stm32f3xx_hal_tim_ex.c **** {
 567:Inc/STM32F3xx_HAL_Driver/Src/stm32f3xx_hal_tim_ex.c ****   /* Check the parameters */
 568:Inc/STM32F3xx_HAL_Driver/Src/stm32f3xx_hal_tim_ex.c ****   assert_param(IS_TIM_HALL_SENSOR_INTERFACE_INSTANCE(htim->Instance));
 569:Inc/STM32F3xx_HAL_Driver/Src/stm32f3xx_hal_tim_ex.c **** 
 570:Inc/STM32F3xx_HAL_Driver/Src/stm32f3xx_hal_tim_ex.c ****   /* Disable the Input Capture channel 1
 571:Inc/STM32F3xx_HAL_Driver/Src/stm32f3xx_hal_tim_ex.c ****   (in the Hall Sensor Interface the three possible channels that can be used are TIM_CHANNEL_1,
 572:Inc/STM32F3xx_HAL_Driver/Src/stm32f3xx_hal_tim_ex.c ****   TIM_CHANNEL_2 and TIM_CHANNEL_3) */
 573:Inc/STM32F3xx_HAL_Driver/Src/stm32f3xx_hal_tim_ex.c ****   TIM_CCxChannelCmd(htim->Instance, TIM_CHANNEL_1, TIM_CCx_DISABLE);
 574:Inc/STM32F3xx_HAL_Driver/Src/stm32f3xx_hal_tim_ex.c **** 
 575:Inc/STM32F3xx_HAL_Driver/Src/stm32f3xx_hal_tim_ex.c **** 
 576:Inc/STM32F3xx_HAL_Driver/Src/stm32f3xx_hal_tim_ex.c ****   /* Disable the capture compare Interrupts 1 event */
 577:Inc/STM32F3xx_HAL_Driver/Src/stm32f3xx_hal_tim_ex.c ****   __HAL_TIM_DISABLE_DMA(htim, TIM_DMA_CC1);
 578:Inc/STM32F3xx_HAL_Driver/Src/stm32f3xx_hal_tim_ex.c **** 
 579:Inc/STM32F3xx_HAL_Driver/Src/stm32f3xx_hal_tim_ex.c ****   (void)HAL_DMA_Abort_IT(htim->hdma[TIM_DMA_ID_CC1]);
 580:Inc/STM32F3xx_HAL_Driver/Src/stm32f3xx_hal_tim_ex.c **** 
 581:Inc/STM32F3xx_HAL_Driver/Src/stm32f3xx_hal_tim_ex.c ****   /* Disable the Peripheral */
 582:Inc/STM32F3xx_HAL_Driver/Src/stm32f3xx_hal_tim_ex.c ****   __HAL_TIM_DISABLE(htim);
 583:Inc/STM32F3xx_HAL_Driver/Src/stm32f3xx_hal_tim_ex.c **** 
 584:Inc/STM32F3xx_HAL_Driver/Src/stm32f3xx_hal_tim_ex.c ****   /* Set the TIM channel state */
 585:Inc/STM32F3xx_HAL_Driver/Src/stm32f3xx_hal_tim_ex.c ****   TIM_CHANNEL_STATE_SET(htim, TIM_CHANNEL_1, HAL_TIM_CHANNEL_STATE_READY);
 586:Inc/STM32F3xx_HAL_Driver/Src/stm32f3xx_hal_tim_ex.c ****   TIM_CHANNEL_N_STATE_SET(htim, TIM_CHANNEL_1, HAL_TIM_CHANNEL_STATE_READY);
 587:Inc/STM32F3xx_HAL_Driver/Src/stm32f3xx_hal_tim_ex.c **** 
 588:Inc/STM32F3xx_HAL_Driver/Src/stm32f3xx_hal_tim_ex.c ****   /* Return function status */
 589:Inc/STM32F3xx_HAL_Driver/Src/stm32f3xx_hal_tim_ex.c ****   return HAL_OK;
 590:Inc/STM32F3xx_HAL_Driver/Src/stm32f3xx_hal_tim_ex.c **** }
 591:Inc/STM32F3xx_HAL_Driver/Src/stm32f3xx_hal_tim_ex.c **** 
 592:Inc/STM32F3xx_HAL_Driver/Src/stm32f3xx_hal_tim_ex.c **** /**
 593:Inc/STM32F3xx_HAL_Driver/Src/stm32f3xx_hal_tim_ex.c ****   * @}
 594:Inc/STM32F3xx_HAL_Driver/Src/stm32f3xx_hal_tim_ex.c ****   */
 595:Inc/STM32F3xx_HAL_Driver/Src/stm32f3xx_hal_tim_ex.c **** 
 596:Inc/STM32F3xx_HAL_Driver/Src/stm32f3xx_hal_tim_ex.c **** /** @defgroup TIMEx_Exported_Functions_Group2 Extended Timer Complementary Output Compare functions
 597:Inc/STM32F3xx_HAL_Driver/Src/stm32f3xx_hal_tim_ex.c ****   *  @brief   Timer Complementary Output Compare functions
 598:Inc/STM32F3xx_HAL_Driver/Src/stm32f3xx_hal_tim_ex.c ****   *
 599:Inc/STM32F3xx_HAL_Driver/Src/stm32f3xx_hal_tim_ex.c **** @verbatim
 600:Inc/STM32F3xx_HAL_Driver/Src/stm32f3xx_hal_tim_ex.c ****   ==============================================================================
ARM GAS  /tmp/ccfhaacA.s 			page 12


 601:Inc/STM32F3xx_HAL_Driver/Src/stm32f3xx_hal_tim_ex.c ****               ##### Timer Complementary Output Compare functions #####
 602:Inc/STM32F3xx_HAL_Driver/Src/stm32f3xx_hal_tim_ex.c ****   ==============================================================================
 603:Inc/STM32F3xx_HAL_Driver/Src/stm32f3xx_hal_tim_ex.c ****   [..]
 604:Inc/STM32F3xx_HAL_Driver/Src/stm32f3xx_hal_tim_ex.c ****     This section provides functions allowing to:
 605:Inc/STM32F3xx_HAL_Driver/Src/stm32f3xx_hal_tim_ex.c ****     (+) Start the Complementary Output Compare/PWM.
 606:Inc/STM32F3xx_HAL_Driver/Src/stm32f3xx_hal_tim_ex.c ****     (+) Stop the Complementary Output Compare/PWM.
 607:Inc/STM32F3xx_HAL_Driver/Src/stm32f3xx_hal_tim_ex.c ****     (+) Start the Complementary Output Compare/PWM and enable interrupts.
 608:Inc/STM32F3xx_HAL_Driver/Src/stm32f3xx_hal_tim_ex.c ****     (+) Stop the Complementary Output Compare/PWM and disable interrupts.
 609:Inc/STM32F3xx_HAL_Driver/Src/stm32f3xx_hal_tim_ex.c ****     (+) Start the Complementary Output Compare/PWM and enable DMA transfers.
 610:Inc/STM32F3xx_HAL_Driver/Src/stm32f3xx_hal_tim_ex.c ****     (+) Stop the Complementary Output Compare/PWM and disable DMA transfers.
 611:Inc/STM32F3xx_HAL_Driver/Src/stm32f3xx_hal_tim_ex.c **** 
 612:Inc/STM32F3xx_HAL_Driver/Src/stm32f3xx_hal_tim_ex.c **** @endverbatim
 613:Inc/STM32F3xx_HAL_Driver/Src/stm32f3xx_hal_tim_ex.c ****   * @{
 614:Inc/STM32F3xx_HAL_Driver/Src/stm32f3xx_hal_tim_ex.c ****   */
 615:Inc/STM32F3xx_HAL_Driver/Src/stm32f3xx_hal_tim_ex.c **** 
 616:Inc/STM32F3xx_HAL_Driver/Src/stm32f3xx_hal_tim_ex.c **** /**
 617:Inc/STM32F3xx_HAL_Driver/Src/stm32f3xx_hal_tim_ex.c ****   * @brief  Starts the TIM Output Compare signal generation on the complementary
 618:Inc/STM32F3xx_HAL_Driver/Src/stm32f3xx_hal_tim_ex.c ****   *         output.
 619:Inc/STM32F3xx_HAL_Driver/Src/stm32f3xx_hal_tim_ex.c ****   * @param  htim TIM Output Compare handle
 620:Inc/STM32F3xx_HAL_Driver/Src/stm32f3xx_hal_tim_ex.c ****   * @param  Channel TIM Channel to be enabled
 621:Inc/STM32F3xx_HAL_Driver/Src/stm32f3xx_hal_tim_ex.c ****   *          This parameter can be one of the following values:
 622:Inc/STM32F3xx_HAL_Driver/Src/stm32f3xx_hal_tim_ex.c ****   *            @arg TIM_CHANNEL_1: TIM Channel 1 selected
 623:Inc/STM32F3xx_HAL_Driver/Src/stm32f3xx_hal_tim_ex.c ****   *            @arg TIM_CHANNEL_2: TIM Channel 2 selected
 624:Inc/STM32F3xx_HAL_Driver/Src/stm32f3xx_hal_tim_ex.c ****   *            @arg TIM_CHANNEL_3: TIM Channel 3 selected
 625:Inc/STM32F3xx_HAL_Driver/Src/stm32f3xx_hal_tim_ex.c ****   * @retval HAL status
 626:Inc/STM32F3xx_HAL_Driver/Src/stm32f3xx_hal_tim_ex.c ****   */
 627:Inc/STM32F3xx_HAL_Driver/Src/stm32f3xx_hal_tim_ex.c **** HAL_StatusTypeDef HAL_TIMEx_OCN_Start(TIM_HandleTypeDef *htim, uint32_t Channel)
 628:Inc/STM32F3xx_HAL_Driver/Src/stm32f3xx_hal_tim_ex.c **** {
 629:Inc/STM32F3xx_HAL_Driver/Src/stm32f3xx_hal_tim_ex.c ****   uint32_t tmpsmcr;
 630:Inc/STM32F3xx_HAL_Driver/Src/stm32f3xx_hal_tim_ex.c **** 
 631:Inc/STM32F3xx_HAL_Driver/Src/stm32f3xx_hal_tim_ex.c ****   /* Check the parameters */
 632:Inc/STM32F3xx_HAL_Driver/Src/stm32f3xx_hal_tim_ex.c ****   assert_param(IS_TIM_CCXN_INSTANCE(htim->Instance, Channel));
 633:Inc/STM32F3xx_HAL_Driver/Src/stm32f3xx_hal_tim_ex.c **** 
 634:Inc/STM32F3xx_HAL_Driver/Src/stm32f3xx_hal_tim_ex.c ****   /* Check the TIM complementary channel state */
 635:Inc/STM32F3xx_HAL_Driver/Src/stm32f3xx_hal_tim_ex.c ****   if (TIM_CHANNEL_N_STATE_GET(htim, Channel) != HAL_TIM_CHANNEL_STATE_READY)
 636:Inc/STM32F3xx_HAL_Driver/Src/stm32f3xx_hal_tim_ex.c ****   {
 637:Inc/STM32F3xx_HAL_Driver/Src/stm32f3xx_hal_tim_ex.c ****     return HAL_ERROR;
 638:Inc/STM32F3xx_HAL_Driver/Src/stm32f3xx_hal_tim_ex.c ****   }
 639:Inc/STM32F3xx_HAL_Driver/Src/stm32f3xx_hal_tim_ex.c **** 
 640:Inc/STM32F3xx_HAL_Driver/Src/stm32f3xx_hal_tim_ex.c ****   /* Set the TIM complementary channel state */
 641:Inc/STM32F3xx_HAL_Driver/Src/stm32f3xx_hal_tim_ex.c ****   TIM_CHANNEL_N_STATE_SET(htim, Channel, HAL_TIM_CHANNEL_STATE_BUSY);
 642:Inc/STM32F3xx_HAL_Driver/Src/stm32f3xx_hal_tim_ex.c **** 
 643:Inc/STM32F3xx_HAL_Driver/Src/stm32f3xx_hal_tim_ex.c ****   /* Enable the Capture compare channel N */
 644:Inc/STM32F3xx_HAL_Driver/Src/stm32f3xx_hal_tim_ex.c ****   TIM_CCxNChannelCmd(htim->Instance, Channel, TIM_CCxN_ENABLE);
 645:Inc/STM32F3xx_HAL_Driver/Src/stm32f3xx_hal_tim_ex.c **** 
 646:Inc/STM32F3xx_HAL_Driver/Src/stm32f3xx_hal_tim_ex.c ****   /* Enable the Main Output */
 647:Inc/STM32F3xx_HAL_Driver/Src/stm32f3xx_hal_tim_ex.c ****   __HAL_TIM_MOE_ENABLE(htim);
 648:Inc/STM32F3xx_HAL_Driver/Src/stm32f3xx_hal_tim_ex.c **** 
 649:Inc/STM32F3xx_HAL_Driver/Src/stm32f3xx_hal_tim_ex.c ****   /* Enable the Peripheral, except in trigger mode where enable is automatically done with trigger 
 650:Inc/STM32F3xx_HAL_Driver/Src/stm32f3xx_hal_tim_ex.c ****   if (IS_TIM_SLAVE_INSTANCE(htim->Instance))
 651:Inc/STM32F3xx_HAL_Driver/Src/stm32f3xx_hal_tim_ex.c ****   {
 652:Inc/STM32F3xx_HAL_Driver/Src/stm32f3xx_hal_tim_ex.c ****     tmpsmcr = htim->Instance->SMCR & TIM_SMCR_SMS;
 653:Inc/STM32F3xx_HAL_Driver/Src/stm32f3xx_hal_tim_ex.c ****     if (!IS_TIM_SLAVEMODE_TRIGGER_ENABLED(tmpsmcr))
 654:Inc/STM32F3xx_HAL_Driver/Src/stm32f3xx_hal_tim_ex.c ****     {
 655:Inc/STM32F3xx_HAL_Driver/Src/stm32f3xx_hal_tim_ex.c ****       __HAL_TIM_ENABLE(htim);
 656:Inc/STM32F3xx_HAL_Driver/Src/stm32f3xx_hal_tim_ex.c ****     }
 657:Inc/STM32F3xx_HAL_Driver/Src/stm32f3xx_hal_tim_ex.c ****   }
ARM GAS  /tmp/ccfhaacA.s 			page 13


 658:Inc/STM32F3xx_HAL_Driver/Src/stm32f3xx_hal_tim_ex.c ****   else
 659:Inc/STM32F3xx_HAL_Driver/Src/stm32f3xx_hal_tim_ex.c ****   {
 660:Inc/STM32F3xx_HAL_Driver/Src/stm32f3xx_hal_tim_ex.c ****     __HAL_TIM_ENABLE(htim);
 661:Inc/STM32F3xx_HAL_Driver/Src/stm32f3xx_hal_tim_ex.c ****   }
 662:Inc/STM32F3xx_HAL_Driver/Src/stm32f3xx_hal_tim_ex.c **** 
 663:Inc/STM32F3xx_HAL_Driver/Src/stm32f3xx_hal_tim_ex.c ****   /* Return function status */
 664:Inc/STM32F3xx_HAL_Driver/Src/stm32f3xx_hal_tim_ex.c ****   return HAL_OK;
 665:Inc/STM32F3xx_HAL_Driver/Src/stm32f3xx_hal_tim_ex.c **** }
 666:Inc/STM32F3xx_HAL_Driver/Src/stm32f3xx_hal_tim_ex.c **** 
 667:Inc/STM32F3xx_HAL_Driver/Src/stm32f3xx_hal_tim_ex.c **** /**
 668:Inc/STM32F3xx_HAL_Driver/Src/stm32f3xx_hal_tim_ex.c ****   * @brief  Stops the TIM Output Compare signal generation on the complementary
 669:Inc/STM32F3xx_HAL_Driver/Src/stm32f3xx_hal_tim_ex.c ****   *         output.
 670:Inc/STM32F3xx_HAL_Driver/Src/stm32f3xx_hal_tim_ex.c ****   * @param  htim TIM handle
 671:Inc/STM32F3xx_HAL_Driver/Src/stm32f3xx_hal_tim_ex.c ****   * @param  Channel TIM Channel to be disabled
 672:Inc/STM32F3xx_HAL_Driver/Src/stm32f3xx_hal_tim_ex.c ****   *          This parameter can be one of the following values:
 673:Inc/STM32F3xx_HAL_Driver/Src/stm32f3xx_hal_tim_ex.c ****   *            @arg TIM_CHANNEL_1: TIM Channel 1 selected
 674:Inc/STM32F3xx_HAL_Driver/Src/stm32f3xx_hal_tim_ex.c ****   *            @arg TIM_CHANNEL_2: TIM Channel 2 selected
 675:Inc/STM32F3xx_HAL_Driver/Src/stm32f3xx_hal_tim_ex.c ****   *            @arg TIM_CHANNEL_3: TIM Channel 3 selected
 676:Inc/STM32F3xx_HAL_Driver/Src/stm32f3xx_hal_tim_ex.c ****   * @retval HAL status
 677:Inc/STM32F3xx_HAL_Driver/Src/stm32f3xx_hal_tim_ex.c ****   */
 678:Inc/STM32F3xx_HAL_Driver/Src/stm32f3xx_hal_tim_ex.c **** HAL_StatusTypeDef HAL_TIMEx_OCN_Stop(TIM_HandleTypeDef *htim, uint32_t Channel)
 679:Inc/STM32F3xx_HAL_Driver/Src/stm32f3xx_hal_tim_ex.c **** {
 680:Inc/STM32F3xx_HAL_Driver/Src/stm32f3xx_hal_tim_ex.c ****   /* Check the parameters */
 681:Inc/STM32F3xx_HAL_Driver/Src/stm32f3xx_hal_tim_ex.c ****   assert_param(IS_TIM_CCXN_INSTANCE(htim->Instance, Channel));
 682:Inc/STM32F3xx_HAL_Driver/Src/stm32f3xx_hal_tim_ex.c **** 
 683:Inc/STM32F3xx_HAL_Driver/Src/stm32f3xx_hal_tim_ex.c ****   /* Disable the Capture compare channel N */
 684:Inc/STM32F3xx_HAL_Driver/Src/stm32f3xx_hal_tim_ex.c ****   TIM_CCxNChannelCmd(htim->Instance, Channel, TIM_CCxN_DISABLE);
 685:Inc/STM32F3xx_HAL_Driver/Src/stm32f3xx_hal_tim_ex.c **** 
 686:Inc/STM32F3xx_HAL_Driver/Src/stm32f3xx_hal_tim_ex.c ****   /* Disable the Main Output */
 687:Inc/STM32F3xx_HAL_Driver/Src/stm32f3xx_hal_tim_ex.c ****   __HAL_TIM_MOE_DISABLE(htim);
 688:Inc/STM32F3xx_HAL_Driver/Src/stm32f3xx_hal_tim_ex.c **** 
 689:Inc/STM32F3xx_HAL_Driver/Src/stm32f3xx_hal_tim_ex.c ****   /* Disable the Peripheral */
 690:Inc/STM32F3xx_HAL_Driver/Src/stm32f3xx_hal_tim_ex.c ****   __HAL_TIM_DISABLE(htim);
 691:Inc/STM32F3xx_HAL_Driver/Src/stm32f3xx_hal_tim_ex.c **** 
 692:Inc/STM32F3xx_HAL_Driver/Src/stm32f3xx_hal_tim_ex.c ****   /* Set the TIM complementary channel state */
 693:Inc/STM32F3xx_HAL_Driver/Src/stm32f3xx_hal_tim_ex.c ****   TIM_CHANNEL_N_STATE_SET(htim, Channel, HAL_TIM_CHANNEL_STATE_READY);
 694:Inc/STM32F3xx_HAL_Driver/Src/stm32f3xx_hal_tim_ex.c **** 
 695:Inc/STM32F3xx_HAL_Driver/Src/stm32f3xx_hal_tim_ex.c ****   /* Return function status */
 696:Inc/STM32F3xx_HAL_Driver/Src/stm32f3xx_hal_tim_ex.c ****   return HAL_OK;
 697:Inc/STM32F3xx_HAL_Driver/Src/stm32f3xx_hal_tim_ex.c **** }
 698:Inc/STM32F3xx_HAL_Driver/Src/stm32f3xx_hal_tim_ex.c **** 
 699:Inc/STM32F3xx_HAL_Driver/Src/stm32f3xx_hal_tim_ex.c **** /**
 700:Inc/STM32F3xx_HAL_Driver/Src/stm32f3xx_hal_tim_ex.c ****   * @brief  Starts the TIM Output Compare signal generation in interrupt mode
 701:Inc/STM32F3xx_HAL_Driver/Src/stm32f3xx_hal_tim_ex.c ****   *         on the complementary output.
 702:Inc/STM32F3xx_HAL_Driver/Src/stm32f3xx_hal_tim_ex.c ****   * @param  htim TIM OC handle
 703:Inc/STM32F3xx_HAL_Driver/Src/stm32f3xx_hal_tim_ex.c ****   * @param  Channel TIM Channel to be enabled
 704:Inc/STM32F3xx_HAL_Driver/Src/stm32f3xx_hal_tim_ex.c ****   *          This parameter can be one of the following values:
 705:Inc/STM32F3xx_HAL_Driver/Src/stm32f3xx_hal_tim_ex.c ****   *            @arg TIM_CHANNEL_1: TIM Channel 1 selected
 706:Inc/STM32F3xx_HAL_Driver/Src/stm32f3xx_hal_tim_ex.c ****   *            @arg TIM_CHANNEL_2: TIM Channel 2 selected
 707:Inc/STM32F3xx_HAL_Driver/Src/stm32f3xx_hal_tim_ex.c ****   *            @arg TIM_CHANNEL_3: TIM Channel 3 selected
 708:Inc/STM32F3xx_HAL_Driver/Src/stm32f3xx_hal_tim_ex.c ****   * @retval HAL status
 709:Inc/STM32F3xx_HAL_Driver/Src/stm32f3xx_hal_tim_ex.c ****   */
 710:Inc/STM32F3xx_HAL_Driver/Src/stm32f3xx_hal_tim_ex.c **** HAL_StatusTypeDef HAL_TIMEx_OCN_Start_IT(TIM_HandleTypeDef *htim, uint32_t Channel)
 711:Inc/STM32F3xx_HAL_Driver/Src/stm32f3xx_hal_tim_ex.c **** {
 712:Inc/STM32F3xx_HAL_Driver/Src/stm32f3xx_hal_tim_ex.c ****   HAL_StatusTypeDef status = HAL_OK;
 713:Inc/STM32F3xx_HAL_Driver/Src/stm32f3xx_hal_tim_ex.c ****   uint32_t tmpsmcr;
 714:Inc/STM32F3xx_HAL_Driver/Src/stm32f3xx_hal_tim_ex.c **** 
ARM GAS  /tmp/ccfhaacA.s 			page 14


 715:Inc/STM32F3xx_HAL_Driver/Src/stm32f3xx_hal_tim_ex.c ****   /* Check the parameters */
 716:Inc/STM32F3xx_HAL_Driver/Src/stm32f3xx_hal_tim_ex.c ****   assert_param(IS_TIM_CCXN_INSTANCE(htim->Instance, Channel));
 717:Inc/STM32F3xx_HAL_Driver/Src/stm32f3xx_hal_tim_ex.c **** 
 718:Inc/STM32F3xx_HAL_Driver/Src/stm32f3xx_hal_tim_ex.c ****   /* Check the TIM complementary channel state */
 719:Inc/STM32F3xx_HAL_Driver/Src/stm32f3xx_hal_tim_ex.c ****   if (TIM_CHANNEL_N_STATE_GET(htim, Channel) != HAL_TIM_CHANNEL_STATE_READY)
 720:Inc/STM32F3xx_HAL_Driver/Src/stm32f3xx_hal_tim_ex.c ****   {
 721:Inc/STM32F3xx_HAL_Driver/Src/stm32f3xx_hal_tim_ex.c ****     return HAL_ERROR;
 722:Inc/STM32F3xx_HAL_Driver/Src/stm32f3xx_hal_tim_ex.c ****   }
 723:Inc/STM32F3xx_HAL_Driver/Src/stm32f3xx_hal_tim_ex.c **** 
 724:Inc/STM32F3xx_HAL_Driver/Src/stm32f3xx_hal_tim_ex.c ****   /* Set the TIM complementary channel state */
 725:Inc/STM32F3xx_HAL_Driver/Src/stm32f3xx_hal_tim_ex.c ****   TIM_CHANNEL_N_STATE_SET(htim, Channel, HAL_TIM_CHANNEL_STATE_BUSY);
 726:Inc/STM32F3xx_HAL_Driver/Src/stm32f3xx_hal_tim_ex.c **** 
 727:Inc/STM32F3xx_HAL_Driver/Src/stm32f3xx_hal_tim_ex.c ****   switch (Channel)
 728:Inc/STM32F3xx_HAL_Driver/Src/stm32f3xx_hal_tim_ex.c ****   {
 729:Inc/STM32F3xx_HAL_Driver/Src/stm32f3xx_hal_tim_ex.c ****     case TIM_CHANNEL_1:
 730:Inc/STM32F3xx_HAL_Driver/Src/stm32f3xx_hal_tim_ex.c ****     {
 731:Inc/STM32F3xx_HAL_Driver/Src/stm32f3xx_hal_tim_ex.c ****       /* Enable the TIM Output Compare interrupt */
 732:Inc/STM32F3xx_HAL_Driver/Src/stm32f3xx_hal_tim_ex.c ****       __HAL_TIM_ENABLE_IT(htim, TIM_IT_CC1);
 733:Inc/STM32F3xx_HAL_Driver/Src/stm32f3xx_hal_tim_ex.c ****       break;
 734:Inc/STM32F3xx_HAL_Driver/Src/stm32f3xx_hal_tim_ex.c ****     }
 735:Inc/STM32F3xx_HAL_Driver/Src/stm32f3xx_hal_tim_ex.c **** 
 736:Inc/STM32F3xx_HAL_Driver/Src/stm32f3xx_hal_tim_ex.c ****     case TIM_CHANNEL_2:
 737:Inc/STM32F3xx_HAL_Driver/Src/stm32f3xx_hal_tim_ex.c ****     {
 738:Inc/STM32F3xx_HAL_Driver/Src/stm32f3xx_hal_tim_ex.c ****       /* Enable the TIM Output Compare interrupt */
 739:Inc/STM32F3xx_HAL_Driver/Src/stm32f3xx_hal_tim_ex.c ****       __HAL_TIM_ENABLE_IT(htim, TIM_IT_CC2);
 740:Inc/STM32F3xx_HAL_Driver/Src/stm32f3xx_hal_tim_ex.c ****       break;
 741:Inc/STM32F3xx_HAL_Driver/Src/stm32f3xx_hal_tim_ex.c ****     }
 742:Inc/STM32F3xx_HAL_Driver/Src/stm32f3xx_hal_tim_ex.c **** 
 743:Inc/STM32F3xx_HAL_Driver/Src/stm32f3xx_hal_tim_ex.c ****     case TIM_CHANNEL_3:
 744:Inc/STM32F3xx_HAL_Driver/Src/stm32f3xx_hal_tim_ex.c ****     {
 745:Inc/STM32F3xx_HAL_Driver/Src/stm32f3xx_hal_tim_ex.c ****       /* Enable the TIM Output Compare interrupt */
 746:Inc/STM32F3xx_HAL_Driver/Src/stm32f3xx_hal_tim_ex.c ****       __HAL_TIM_ENABLE_IT(htim, TIM_IT_CC3);
 747:Inc/STM32F3xx_HAL_Driver/Src/stm32f3xx_hal_tim_ex.c ****       break;
 748:Inc/STM32F3xx_HAL_Driver/Src/stm32f3xx_hal_tim_ex.c ****     }
 749:Inc/STM32F3xx_HAL_Driver/Src/stm32f3xx_hal_tim_ex.c **** 
 750:Inc/STM32F3xx_HAL_Driver/Src/stm32f3xx_hal_tim_ex.c **** 
 751:Inc/STM32F3xx_HAL_Driver/Src/stm32f3xx_hal_tim_ex.c ****     default:
 752:Inc/STM32F3xx_HAL_Driver/Src/stm32f3xx_hal_tim_ex.c ****       status = HAL_ERROR;
 753:Inc/STM32F3xx_HAL_Driver/Src/stm32f3xx_hal_tim_ex.c ****       break;
 754:Inc/STM32F3xx_HAL_Driver/Src/stm32f3xx_hal_tim_ex.c ****   }
 755:Inc/STM32F3xx_HAL_Driver/Src/stm32f3xx_hal_tim_ex.c **** 
 756:Inc/STM32F3xx_HAL_Driver/Src/stm32f3xx_hal_tim_ex.c ****   if (status == HAL_OK)
 757:Inc/STM32F3xx_HAL_Driver/Src/stm32f3xx_hal_tim_ex.c ****   {
 758:Inc/STM32F3xx_HAL_Driver/Src/stm32f3xx_hal_tim_ex.c ****     /* Enable the TIM Break interrupt */
 759:Inc/STM32F3xx_HAL_Driver/Src/stm32f3xx_hal_tim_ex.c ****     __HAL_TIM_ENABLE_IT(htim, TIM_IT_BREAK);
 760:Inc/STM32F3xx_HAL_Driver/Src/stm32f3xx_hal_tim_ex.c **** 
 761:Inc/STM32F3xx_HAL_Driver/Src/stm32f3xx_hal_tim_ex.c ****     /* Enable the Capture compare channel N */
 762:Inc/STM32F3xx_HAL_Driver/Src/stm32f3xx_hal_tim_ex.c ****     TIM_CCxNChannelCmd(htim->Instance, Channel, TIM_CCxN_ENABLE);
 763:Inc/STM32F3xx_HAL_Driver/Src/stm32f3xx_hal_tim_ex.c **** 
 764:Inc/STM32F3xx_HAL_Driver/Src/stm32f3xx_hal_tim_ex.c ****     /* Enable the Main Output */
 765:Inc/STM32F3xx_HAL_Driver/Src/stm32f3xx_hal_tim_ex.c ****     __HAL_TIM_MOE_ENABLE(htim);
 766:Inc/STM32F3xx_HAL_Driver/Src/stm32f3xx_hal_tim_ex.c **** 
 767:Inc/STM32F3xx_HAL_Driver/Src/stm32f3xx_hal_tim_ex.c ****     /* Enable the Peripheral, except in trigger mode where enable is automatically done with trigge
 768:Inc/STM32F3xx_HAL_Driver/Src/stm32f3xx_hal_tim_ex.c ****     if (IS_TIM_SLAVE_INSTANCE(htim->Instance))
 769:Inc/STM32F3xx_HAL_Driver/Src/stm32f3xx_hal_tim_ex.c ****     {
 770:Inc/STM32F3xx_HAL_Driver/Src/stm32f3xx_hal_tim_ex.c ****       tmpsmcr = htim->Instance->SMCR & TIM_SMCR_SMS;
 771:Inc/STM32F3xx_HAL_Driver/Src/stm32f3xx_hal_tim_ex.c ****       if (!IS_TIM_SLAVEMODE_TRIGGER_ENABLED(tmpsmcr))
ARM GAS  /tmp/ccfhaacA.s 			page 15


 772:Inc/STM32F3xx_HAL_Driver/Src/stm32f3xx_hal_tim_ex.c ****       {
 773:Inc/STM32F3xx_HAL_Driver/Src/stm32f3xx_hal_tim_ex.c ****         __HAL_TIM_ENABLE(htim);
 774:Inc/STM32F3xx_HAL_Driver/Src/stm32f3xx_hal_tim_ex.c ****       }
 775:Inc/STM32F3xx_HAL_Driver/Src/stm32f3xx_hal_tim_ex.c ****     }
 776:Inc/STM32F3xx_HAL_Driver/Src/stm32f3xx_hal_tim_ex.c ****     else
 777:Inc/STM32F3xx_HAL_Driver/Src/stm32f3xx_hal_tim_ex.c ****     {
 778:Inc/STM32F3xx_HAL_Driver/Src/stm32f3xx_hal_tim_ex.c ****       __HAL_TIM_ENABLE(htim);
 779:Inc/STM32F3xx_HAL_Driver/Src/stm32f3xx_hal_tim_ex.c ****     }
 780:Inc/STM32F3xx_HAL_Driver/Src/stm32f3xx_hal_tim_ex.c ****   }
 781:Inc/STM32F3xx_HAL_Driver/Src/stm32f3xx_hal_tim_ex.c **** 
 782:Inc/STM32F3xx_HAL_Driver/Src/stm32f3xx_hal_tim_ex.c ****   /* Return function status */
 783:Inc/STM32F3xx_HAL_Driver/Src/stm32f3xx_hal_tim_ex.c ****   return status;
 784:Inc/STM32F3xx_HAL_Driver/Src/stm32f3xx_hal_tim_ex.c **** }
 785:Inc/STM32F3xx_HAL_Driver/Src/stm32f3xx_hal_tim_ex.c **** 
 786:Inc/STM32F3xx_HAL_Driver/Src/stm32f3xx_hal_tim_ex.c **** /**
 787:Inc/STM32F3xx_HAL_Driver/Src/stm32f3xx_hal_tim_ex.c ****   * @brief  Stops the TIM Output Compare signal generation in interrupt mode
 788:Inc/STM32F3xx_HAL_Driver/Src/stm32f3xx_hal_tim_ex.c ****   *         on the complementary output.
 789:Inc/STM32F3xx_HAL_Driver/Src/stm32f3xx_hal_tim_ex.c ****   * @param  htim TIM Output Compare handle
 790:Inc/STM32F3xx_HAL_Driver/Src/stm32f3xx_hal_tim_ex.c ****   * @param  Channel TIM Channel to be disabled
 791:Inc/STM32F3xx_HAL_Driver/Src/stm32f3xx_hal_tim_ex.c ****   *          This parameter can be one of the following values:
 792:Inc/STM32F3xx_HAL_Driver/Src/stm32f3xx_hal_tim_ex.c ****   *            @arg TIM_CHANNEL_1: TIM Channel 1 selected
 793:Inc/STM32F3xx_HAL_Driver/Src/stm32f3xx_hal_tim_ex.c ****   *            @arg TIM_CHANNEL_2: TIM Channel 2 selected
 794:Inc/STM32F3xx_HAL_Driver/Src/stm32f3xx_hal_tim_ex.c ****   *            @arg TIM_CHANNEL_3: TIM Channel 3 selected
 795:Inc/STM32F3xx_HAL_Driver/Src/stm32f3xx_hal_tim_ex.c ****   * @retval HAL status
 796:Inc/STM32F3xx_HAL_Driver/Src/stm32f3xx_hal_tim_ex.c ****   */
 797:Inc/STM32F3xx_HAL_Driver/Src/stm32f3xx_hal_tim_ex.c **** HAL_StatusTypeDef HAL_TIMEx_OCN_Stop_IT(TIM_HandleTypeDef *htim, uint32_t Channel)
 798:Inc/STM32F3xx_HAL_Driver/Src/stm32f3xx_hal_tim_ex.c **** {
 799:Inc/STM32F3xx_HAL_Driver/Src/stm32f3xx_hal_tim_ex.c ****   HAL_StatusTypeDef status = HAL_OK;
 800:Inc/STM32F3xx_HAL_Driver/Src/stm32f3xx_hal_tim_ex.c ****   uint32_t tmpccer;
 801:Inc/STM32F3xx_HAL_Driver/Src/stm32f3xx_hal_tim_ex.c **** 
 802:Inc/STM32F3xx_HAL_Driver/Src/stm32f3xx_hal_tim_ex.c ****   /* Check the parameters */
 803:Inc/STM32F3xx_HAL_Driver/Src/stm32f3xx_hal_tim_ex.c ****   assert_param(IS_TIM_CCXN_INSTANCE(htim->Instance, Channel));
 804:Inc/STM32F3xx_HAL_Driver/Src/stm32f3xx_hal_tim_ex.c **** 
 805:Inc/STM32F3xx_HAL_Driver/Src/stm32f3xx_hal_tim_ex.c ****   switch (Channel)
 806:Inc/STM32F3xx_HAL_Driver/Src/stm32f3xx_hal_tim_ex.c ****   {
 807:Inc/STM32F3xx_HAL_Driver/Src/stm32f3xx_hal_tim_ex.c ****     case TIM_CHANNEL_1:
 808:Inc/STM32F3xx_HAL_Driver/Src/stm32f3xx_hal_tim_ex.c ****     {
 809:Inc/STM32F3xx_HAL_Driver/Src/stm32f3xx_hal_tim_ex.c ****       /* Disable the TIM Output Compare interrupt */
 810:Inc/STM32F3xx_HAL_Driver/Src/stm32f3xx_hal_tim_ex.c ****       __HAL_TIM_DISABLE_IT(htim, TIM_IT_CC1);
 811:Inc/STM32F3xx_HAL_Driver/Src/stm32f3xx_hal_tim_ex.c ****       break;
 812:Inc/STM32F3xx_HAL_Driver/Src/stm32f3xx_hal_tim_ex.c ****     }
 813:Inc/STM32F3xx_HAL_Driver/Src/stm32f3xx_hal_tim_ex.c **** 
 814:Inc/STM32F3xx_HAL_Driver/Src/stm32f3xx_hal_tim_ex.c ****     case TIM_CHANNEL_2:
 815:Inc/STM32F3xx_HAL_Driver/Src/stm32f3xx_hal_tim_ex.c ****     {
 816:Inc/STM32F3xx_HAL_Driver/Src/stm32f3xx_hal_tim_ex.c ****       /* Disable the TIM Output Compare interrupt */
 817:Inc/STM32F3xx_HAL_Driver/Src/stm32f3xx_hal_tim_ex.c ****       __HAL_TIM_DISABLE_IT(htim, TIM_IT_CC2);
 818:Inc/STM32F3xx_HAL_Driver/Src/stm32f3xx_hal_tim_ex.c ****       break;
 819:Inc/STM32F3xx_HAL_Driver/Src/stm32f3xx_hal_tim_ex.c ****     }
 820:Inc/STM32F3xx_HAL_Driver/Src/stm32f3xx_hal_tim_ex.c **** 
 821:Inc/STM32F3xx_HAL_Driver/Src/stm32f3xx_hal_tim_ex.c ****     case TIM_CHANNEL_3:
 822:Inc/STM32F3xx_HAL_Driver/Src/stm32f3xx_hal_tim_ex.c ****     {
 823:Inc/STM32F3xx_HAL_Driver/Src/stm32f3xx_hal_tim_ex.c ****       /* Disable the TIM Output Compare interrupt */
 824:Inc/STM32F3xx_HAL_Driver/Src/stm32f3xx_hal_tim_ex.c ****       __HAL_TIM_DISABLE_IT(htim, TIM_IT_CC3);
 825:Inc/STM32F3xx_HAL_Driver/Src/stm32f3xx_hal_tim_ex.c ****       break;
 826:Inc/STM32F3xx_HAL_Driver/Src/stm32f3xx_hal_tim_ex.c ****     }
 827:Inc/STM32F3xx_HAL_Driver/Src/stm32f3xx_hal_tim_ex.c **** 
 828:Inc/STM32F3xx_HAL_Driver/Src/stm32f3xx_hal_tim_ex.c ****     default:
ARM GAS  /tmp/ccfhaacA.s 			page 16


 829:Inc/STM32F3xx_HAL_Driver/Src/stm32f3xx_hal_tim_ex.c ****       status = HAL_ERROR;
 830:Inc/STM32F3xx_HAL_Driver/Src/stm32f3xx_hal_tim_ex.c ****       break;
 831:Inc/STM32F3xx_HAL_Driver/Src/stm32f3xx_hal_tim_ex.c ****   }
 832:Inc/STM32F3xx_HAL_Driver/Src/stm32f3xx_hal_tim_ex.c **** 
 833:Inc/STM32F3xx_HAL_Driver/Src/stm32f3xx_hal_tim_ex.c ****   if (status == HAL_OK)
 834:Inc/STM32F3xx_HAL_Driver/Src/stm32f3xx_hal_tim_ex.c ****   {
 835:Inc/STM32F3xx_HAL_Driver/Src/stm32f3xx_hal_tim_ex.c ****     /* Disable the Capture compare channel N */
 836:Inc/STM32F3xx_HAL_Driver/Src/stm32f3xx_hal_tim_ex.c ****     TIM_CCxNChannelCmd(htim->Instance, Channel, TIM_CCxN_DISABLE);
 837:Inc/STM32F3xx_HAL_Driver/Src/stm32f3xx_hal_tim_ex.c **** 
 838:Inc/STM32F3xx_HAL_Driver/Src/stm32f3xx_hal_tim_ex.c ****     /* Disable the TIM Break interrupt (only if no more channel is active) */
 839:Inc/STM32F3xx_HAL_Driver/Src/stm32f3xx_hal_tim_ex.c ****     tmpccer = htim->Instance->CCER;
 840:Inc/STM32F3xx_HAL_Driver/Src/stm32f3xx_hal_tim_ex.c ****     if ((tmpccer & TIM_CCER_CCxNE_MASK) == (uint32_t)RESET)
 841:Inc/STM32F3xx_HAL_Driver/Src/stm32f3xx_hal_tim_ex.c ****     {
 842:Inc/STM32F3xx_HAL_Driver/Src/stm32f3xx_hal_tim_ex.c ****       __HAL_TIM_DISABLE_IT(htim, TIM_IT_BREAK);
 843:Inc/STM32F3xx_HAL_Driver/Src/stm32f3xx_hal_tim_ex.c ****     }
 844:Inc/STM32F3xx_HAL_Driver/Src/stm32f3xx_hal_tim_ex.c **** 
 845:Inc/STM32F3xx_HAL_Driver/Src/stm32f3xx_hal_tim_ex.c ****     /* Disable the Main Output */
 846:Inc/STM32F3xx_HAL_Driver/Src/stm32f3xx_hal_tim_ex.c ****     __HAL_TIM_MOE_DISABLE(htim);
 847:Inc/STM32F3xx_HAL_Driver/Src/stm32f3xx_hal_tim_ex.c **** 
 848:Inc/STM32F3xx_HAL_Driver/Src/stm32f3xx_hal_tim_ex.c ****     /* Disable the Peripheral */
 849:Inc/STM32F3xx_HAL_Driver/Src/stm32f3xx_hal_tim_ex.c ****     __HAL_TIM_DISABLE(htim);
 850:Inc/STM32F3xx_HAL_Driver/Src/stm32f3xx_hal_tim_ex.c **** 
 851:Inc/STM32F3xx_HAL_Driver/Src/stm32f3xx_hal_tim_ex.c ****     /* Set the TIM complementary channel state */
 852:Inc/STM32F3xx_HAL_Driver/Src/stm32f3xx_hal_tim_ex.c ****     TIM_CHANNEL_N_STATE_SET(htim, Channel, HAL_TIM_CHANNEL_STATE_READY);
 853:Inc/STM32F3xx_HAL_Driver/Src/stm32f3xx_hal_tim_ex.c ****   }
 854:Inc/STM32F3xx_HAL_Driver/Src/stm32f3xx_hal_tim_ex.c **** 
 855:Inc/STM32F3xx_HAL_Driver/Src/stm32f3xx_hal_tim_ex.c ****   /* Return function status */
 856:Inc/STM32F3xx_HAL_Driver/Src/stm32f3xx_hal_tim_ex.c ****   return status;
 857:Inc/STM32F3xx_HAL_Driver/Src/stm32f3xx_hal_tim_ex.c **** }
 858:Inc/STM32F3xx_HAL_Driver/Src/stm32f3xx_hal_tim_ex.c **** 
 859:Inc/STM32F3xx_HAL_Driver/Src/stm32f3xx_hal_tim_ex.c **** /**
 860:Inc/STM32F3xx_HAL_Driver/Src/stm32f3xx_hal_tim_ex.c ****   * @brief  Starts the TIM Output Compare signal generation in DMA mode
 861:Inc/STM32F3xx_HAL_Driver/Src/stm32f3xx_hal_tim_ex.c ****   *         on the complementary output.
 862:Inc/STM32F3xx_HAL_Driver/Src/stm32f3xx_hal_tim_ex.c ****   * @param  htim TIM Output Compare handle
 863:Inc/STM32F3xx_HAL_Driver/Src/stm32f3xx_hal_tim_ex.c ****   * @param  Channel TIM Channel to be enabled
 864:Inc/STM32F3xx_HAL_Driver/Src/stm32f3xx_hal_tim_ex.c ****   *          This parameter can be one of the following values:
 865:Inc/STM32F3xx_HAL_Driver/Src/stm32f3xx_hal_tim_ex.c ****   *            @arg TIM_CHANNEL_1: TIM Channel 1 selected
 866:Inc/STM32F3xx_HAL_Driver/Src/stm32f3xx_hal_tim_ex.c ****   *            @arg TIM_CHANNEL_2: TIM Channel 2 selected
 867:Inc/STM32F3xx_HAL_Driver/Src/stm32f3xx_hal_tim_ex.c ****   *            @arg TIM_CHANNEL_3: TIM Channel 3 selected
 868:Inc/STM32F3xx_HAL_Driver/Src/stm32f3xx_hal_tim_ex.c ****   * @param  pData The source Buffer address.
 869:Inc/STM32F3xx_HAL_Driver/Src/stm32f3xx_hal_tim_ex.c ****   * @param  Length The length of data to be transferred from memory to TIM peripheral
 870:Inc/STM32F3xx_HAL_Driver/Src/stm32f3xx_hal_tim_ex.c ****   * @retval HAL status
 871:Inc/STM32F3xx_HAL_Driver/Src/stm32f3xx_hal_tim_ex.c ****   */
 872:Inc/STM32F3xx_HAL_Driver/Src/stm32f3xx_hal_tim_ex.c **** HAL_StatusTypeDef HAL_TIMEx_OCN_Start_DMA(TIM_HandleTypeDef *htim, uint32_t Channel, const uint32_t
 873:Inc/STM32F3xx_HAL_Driver/Src/stm32f3xx_hal_tim_ex.c ****                                           uint16_t Length)
 874:Inc/STM32F3xx_HAL_Driver/Src/stm32f3xx_hal_tim_ex.c **** {
 875:Inc/STM32F3xx_HAL_Driver/Src/stm32f3xx_hal_tim_ex.c ****   HAL_StatusTypeDef status = HAL_OK;
 876:Inc/STM32F3xx_HAL_Driver/Src/stm32f3xx_hal_tim_ex.c ****   uint32_t tmpsmcr;
 877:Inc/STM32F3xx_HAL_Driver/Src/stm32f3xx_hal_tim_ex.c **** 
 878:Inc/STM32F3xx_HAL_Driver/Src/stm32f3xx_hal_tim_ex.c ****   /* Check the parameters */
 879:Inc/STM32F3xx_HAL_Driver/Src/stm32f3xx_hal_tim_ex.c ****   assert_param(IS_TIM_CCXN_INSTANCE(htim->Instance, Channel));
 880:Inc/STM32F3xx_HAL_Driver/Src/stm32f3xx_hal_tim_ex.c **** 
 881:Inc/STM32F3xx_HAL_Driver/Src/stm32f3xx_hal_tim_ex.c ****   /* Set the TIM complementary channel state */
 882:Inc/STM32F3xx_HAL_Driver/Src/stm32f3xx_hal_tim_ex.c ****   if (TIM_CHANNEL_N_STATE_GET(htim, Channel) == HAL_TIM_CHANNEL_STATE_BUSY)
 883:Inc/STM32F3xx_HAL_Driver/Src/stm32f3xx_hal_tim_ex.c ****   {
 884:Inc/STM32F3xx_HAL_Driver/Src/stm32f3xx_hal_tim_ex.c ****     return HAL_BUSY;
 885:Inc/STM32F3xx_HAL_Driver/Src/stm32f3xx_hal_tim_ex.c ****   }
ARM GAS  /tmp/ccfhaacA.s 			page 17


 886:Inc/STM32F3xx_HAL_Driver/Src/stm32f3xx_hal_tim_ex.c ****   else if (TIM_CHANNEL_N_STATE_GET(htim, Channel) == HAL_TIM_CHANNEL_STATE_READY)
 887:Inc/STM32F3xx_HAL_Driver/Src/stm32f3xx_hal_tim_ex.c ****   {
 888:Inc/STM32F3xx_HAL_Driver/Src/stm32f3xx_hal_tim_ex.c ****     if ((pData == NULL) || (Length == 0U))
 889:Inc/STM32F3xx_HAL_Driver/Src/stm32f3xx_hal_tim_ex.c ****     {
 890:Inc/STM32F3xx_HAL_Driver/Src/stm32f3xx_hal_tim_ex.c ****       return HAL_ERROR;
 891:Inc/STM32F3xx_HAL_Driver/Src/stm32f3xx_hal_tim_ex.c ****     }
 892:Inc/STM32F3xx_HAL_Driver/Src/stm32f3xx_hal_tim_ex.c ****     else
 893:Inc/STM32F3xx_HAL_Driver/Src/stm32f3xx_hal_tim_ex.c ****     {
 894:Inc/STM32F3xx_HAL_Driver/Src/stm32f3xx_hal_tim_ex.c ****       TIM_CHANNEL_N_STATE_SET(htim, Channel, HAL_TIM_CHANNEL_STATE_BUSY);
 895:Inc/STM32F3xx_HAL_Driver/Src/stm32f3xx_hal_tim_ex.c ****     }
 896:Inc/STM32F3xx_HAL_Driver/Src/stm32f3xx_hal_tim_ex.c ****   }
 897:Inc/STM32F3xx_HAL_Driver/Src/stm32f3xx_hal_tim_ex.c ****   else
 898:Inc/STM32F3xx_HAL_Driver/Src/stm32f3xx_hal_tim_ex.c ****   {
 899:Inc/STM32F3xx_HAL_Driver/Src/stm32f3xx_hal_tim_ex.c ****     return HAL_ERROR;
 900:Inc/STM32F3xx_HAL_Driver/Src/stm32f3xx_hal_tim_ex.c ****   }
 901:Inc/STM32F3xx_HAL_Driver/Src/stm32f3xx_hal_tim_ex.c **** 
 902:Inc/STM32F3xx_HAL_Driver/Src/stm32f3xx_hal_tim_ex.c ****   switch (Channel)
 903:Inc/STM32F3xx_HAL_Driver/Src/stm32f3xx_hal_tim_ex.c ****   {
 904:Inc/STM32F3xx_HAL_Driver/Src/stm32f3xx_hal_tim_ex.c ****     case TIM_CHANNEL_1:
 905:Inc/STM32F3xx_HAL_Driver/Src/stm32f3xx_hal_tim_ex.c ****     {
 906:Inc/STM32F3xx_HAL_Driver/Src/stm32f3xx_hal_tim_ex.c ****       /* Set the DMA compare callbacks */
 907:Inc/STM32F3xx_HAL_Driver/Src/stm32f3xx_hal_tim_ex.c ****       htim->hdma[TIM_DMA_ID_CC1]->XferCpltCallback = TIM_DMADelayPulseNCplt;
 908:Inc/STM32F3xx_HAL_Driver/Src/stm32f3xx_hal_tim_ex.c ****       htim->hdma[TIM_DMA_ID_CC1]->XferHalfCpltCallback = TIM_DMADelayPulseHalfCplt;
 909:Inc/STM32F3xx_HAL_Driver/Src/stm32f3xx_hal_tim_ex.c **** 
 910:Inc/STM32F3xx_HAL_Driver/Src/stm32f3xx_hal_tim_ex.c ****       /* Set the DMA error callback */
 911:Inc/STM32F3xx_HAL_Driver/Src/stm32f3xx_hal_tim_ex.c ****       htim->hdma[TIM_DMA_ID_CC1]->XferErrorCallback = TIM_DMAErrorCCxN ;
 912:Inc/STM32F3xx_HAL_Driver/Src/stm32f3xx_hal_tim_ex.c **** 
 913:Inc/STM32F3xx_HAL_Driver/Src/stm32f3xx_hal_tim_ex.c ****       /* Enable the DMA channel */
 914:Inc/STM32F3xx_HAL_Driver/Src/stm32f3xx_hal_tim_ex.c ****       if (HAL_DMA_Start_IT(htim->hdma[TIM_DMA_ID_CC1], (uint32_t)pData, (uint32_t)&htim->Instance->
 915:Inc/STM32F3xx_HAL_Driver/Src/stm32f3xx_hal_tim_ex.c ****                            Length) != HAL_OK)
 916:Inc/STM32F3xx_HAL_Driver/Src/stm32f3xx_hal_tim_ex.c ****       {
 917:Inc/STM32F3xx_HAL_Driver/Src/stm32f3xx_hal_tim_ex.c ****         /* Return error status */
 918:Inc/STM32F3xx_HAL_Driver/Src/stm32f3xx_hal_tim_ex.c ****         return HAL_ERROR;
 919:Inc/STM32F3xx_HAL_Driver/Src/stm32f3xx_hal_tim_ex.c ****       }
 920:Inc/STM32F3xx_HAL_Driver/Src/stm32f3xx_hal_tim_ex.c ****       /* Enable the TIM Output Compare DMA request */
 921:Inc/STM32F3xx_HAL_Driver/Src/stm32f3xx_hal_tim_ex.c ****       __HAL_TIM_ENABLE_DMA(htim, TIM_DMA_CC1);
 922:Inc/STM32F3xx_HAL_Driver/Src/stm32f3xx_hal_tim_ex.c ****       break;
 923:Inc/STM32F3xx_HAL_Driver/Src/stm32f3xx_hal_tim_ex.c ****     }
 924:Inc/STM32F3xx_HAL_Driver/Src/stm32f3xx_hal_tim_ex.c **** 
 925:Inc/STM32F3xx_HAL_Driver/Src/stm32f3xx_hal_tim_ex.c ****     case TIM_CHANNEL_2:
 926:Inc/STM32F3xx_HAL_Driver/Src/stm32f3xx_hal_tim_ex.c ****     {
 927:Inc/STM32F3xx_HAL_Driver/Src/stm32f3xx_hal_tim_ex.c ****       /* Set the DMA compare callbacks */
 928:Inc/STM32F3xx_HAL_Driver/Src/stm32f3xx_hal_tim_ex.c ****       htim->hdma[TIM_DMA_ID_CC2]->XferCpltCallback = TIM_DMADelayPulseNCplt;
 929:Inc/STM32F3xx_HAL_Driver/Src/stm32f3xx_hal_tim_ex.c ****       htim->hdma[TIM_DMA_ID_CC2]->XferHalfCpltCallback = TIM_DMADelayPulseHalfCplt;
 930:Inc/STM32F3xx_HAL_Driver/Src/stm32f3xx_hal_tim_ex.c **** 
 931:Inc/STM32F3xx_HAL_Driver/Src/stm32f3xx_hal_tim_ex.c ****       /* Set the DMA error callback */
 932:Inc/STM32F3xx_HAL_Driver/Src/stm32f3xx_hal_tim_ex.c ****       htim->hdma[TIM_DMA_ID_CC2]->XferErrorCallback = TIM_DMAErrorCCxN ;
 933:Inc/STM32F3xx_HAL_Driver/Src/stm32f3xx_hal_tim_ex.c **** 
 934:Inc/STM32F3xx_HAL_Driver/Src/stm32f3xx_hal_tim_ex.c ****       /* Enable the DMA channel */
 935:Inc/STM32F3xx_HAL_Driver/Src/stm32f3xx_hal_tim_ex.c ****       if (HAL_DMA_Start_IT(htim->hdma[TIM_DMA_ID_CC2], (uint32_t)pData, (uint32_t)&htim->Instance->
 936:Inc/STM32F3xx_HAL_Driver/Src/stm32f3xx_hal_tim_ex.c ****                            Length) != HAL_OK)
 937:Inc/STM32F3xx_HAL_Driver/Src/stm32f3xx_hal_tim_ex.c ****       {
 938:Inc/STM32F3xx_HAL_Driver/Src/stm32f3xx_hal_tim_ex.c ****         /* Return error status */
 939:Inc/STM32F3xx_HAL_Driver/Src/stm32f3xx_hal_tim_ex.c ****         return HAL_ERROR;
 940:Inc/STM32F3xx_HAL_Driver/Src/stm32f3xx_hal_tim_ex.c ****       }
 941:Inc/STM32F3xx_HAL_Driver/Src/stm32f3xx_hal_tim_ex.c ****       /* Enable the TIM Output Compare DMA request */
 942:Inc/STM32F3xx_HAL_Driver/Src/stm32f3xx_hal_tim_ex.c ****       __HAL_TIM_ENABLE_DMA(htim, TIM_DMA_CC2);
ARM GAS  /tmp/ccfhaacA.s 			page 18


 943:Inc/STM32F3xx_HAL_Driver/Src/stm32f3xx_hal_tim_ex.c ****       break;
 944:Inc/STM32F3xx_HAL_Driver/Src/stm32f3xx_hal_tim_ex.c ****     }
 945:Inc/STM32F3xx_HAL_Driver/Src/stm32f3xx_hal_tim_ex.c **** 
 946:Inc/STM32F3xx_HAL_Driver/Src/stm32f3xx_hal_tim_ex.c ****     case TIM_CHANNEL_3:
 947:Inc/STM32F3xx_HAL_Driver/Src/stm32f3xx_hal_tim_ex.c ****     {
 948:Inc/STM32F3xx_HAL_Driver/Src/stm32f3xx_hal_tim_ex.c ****       /* Set the DMA compare callbacks */
 949:Inc/STM32F3xx_HAL_Driver/Src/stm32f3xx_hal_tim_ex.c ****       htim->hdma[TIM_DMA_ID_CC3]->XferCpltCallback = TIM_DMADelayPulseNCplt;
 950:Inc/STM32F3xx_HAL_Driver/Src/stm32f3xx_hal_tim_ex.c ****       htim->hdma[TIM_DMA_ID_CC3]->XferHalfCpltCallback = TIM_DMADelayPulseHalfCplt;
 951:Inc/STM32F3xx_HAL_Driver/Src/stm32f3xx_hal_tim_ex.c **** 
 952:Inc/STM32F3xx_HAL_Driver/Src/stm32f3xx_hal_tim_ex.c ****       /* Set the DMA error callback */
 953:Inc/STM32F3xx_HAL_Driver/Src/stm32f3xx_hal_tim_ex.c ****       htim->hdma[TIM_DMA_ID_CC3]->XferErrorCallback = TIM_DMAErrorCCxN ;
 954:Inc/STM32F3xx_HAL_Driver/Src/stm32f3xx_hal_tim_ex.c **** 
 955:Inc/STM32F3xx_HAL_Driver/Src/stm32f3xx_hal_tim_ex.c ****       /* Enable the DMA channel */
 956:Inc/STM32F3xx_HAL_Driver/Src/stm32f3xx_hal_tim_ex.c ****       if (HAL_DMA_Start_IT(htim->hdma[TIM_DMA_ID_CC3], (uint32_t)pData, (uint32_t)&htim->Instance->
 957:Inc/STM32F3xx_HAL_Driver/Src/stm32f3xx_hal_tim_ex.c ****                            Length) != HAL_OK)
 958:Inc/STM32F3xx_HAL_Driver/Src/stm32f3xx_hal_tim_ex.c ****       {
 959:Inc/STM32F3xx_HAL_Driver/Src/stm32f3xx_hal_tim_ex.c ****         /* Return error status */
 960:Inc/STM32F3xx_HAL_Driver/Src/stm32f3xx_hal_tim_ex.c ****         return HAL_ERROR;
 961:Inc/STM32F3xx_HAL_Driver/Src/stm32f3xx_hal_tim_ex.c ****       }
 962:Inc/STM32F3xx_HAL_Driver/Src/stm32f3xx_hal_tim_ex.c ****       /* Enable the TIM Output Compare DMA request */
 963:Inc/STM32F3xx_HAL_Driver/Src/stm32f3xx_hal_tim_ex.c ****       __HAL_TIM_ENABLE_DMA(htim, TIM_DMA_CC3);
 964:Inc/STM32F3xx_HAL_Driver/Src/stm32f3xx_hal_tim_ex.c ****       break;
 965:Inc/STM32F3xx_HAL_Driver/Src/stm32f3xx_hal_tim_ex.c ****     }
 966:Inc/STM32F3xx_HAL_Driver/Src/stm32f3xx_hal_tim_ex.c **** 
 967:Inc/STM32F3xx_HAL_Driver/Src/stm32f3xx_hal_tim_ex.c ****     default:
 968:Inc/STM32F3xx_HAL_Driver/Src/stm32f3xx_hal_tim_ex.c ****       status = HAL_ERROR;
 969:Inc/STM32F3xx_HAL_Driver/Src/stm32f3xx_hal_tim_ex.c ****       break;
 970:Inc/STM32F3xx_HAL_Driver/Src/stm32f3xx_hal_tim_ex.c ****   }
 971:Inc/STM32F3xx_HAL_Driver/Src/stm32f3xx_hal_tim_ex.c **** 
 972:Inc/STM32F3xx_HAL_Driver/Src/stm32f3xx_hal_tim_ex.c ****   if (status == HAL_OK)
 973:Inc/STM32F3xx_HAL_Driver/Src/stm32f3xx_hal_tim_ex.c ****   {
 974:Inc/STM32F3xx_HAL_Driver/Src/stm32f3xx_hal_tim_ex.c ****     /* Enable the Capture compare channel N */
 975:Inc/STM32F3xx_HAL_Driver/Src/stm32f3xx_hal_tim_ex.c ****     TIM_CCxNChannelCmd(htim->Instance, Channel, TIM_CCxN_ENABLE);
 976:Inc/STM32F3xx_HAL_Driver/Src/stm32f3xx_hal_tim_ex.c **** 
 977:Inc/STM32F3xx_HAL_Driver/Src/stm32f3xx_hal_tim_ex.c ****     /* Enable the Main Output */
 978:Inc/STM32F3xx_HAL_Driver/Src/stm32f3xx_hal_tim_ex.c ****     __HAL_TIM_MOE_ENABLE(htim);
 979:Inc/STM32F3xx_HAL_Driver/Src/stm32f3xx_hal_tim_ex.c **** 
 980:Inc/STM32F3xx_HAL_Driver/Src/stm32f3xx_hal_tim_ex.c ****     /* Enable the Peripheral, except in trigger mode where enable is automatically done with trigge
 981:Inc/STM32F3xx_HAL_Driver/Src/stm32f3xx_hal_tim_ex.c ****     if (IS_TIM_SLAVE_INSTANCE(htim->Instance))
 982:Inc/STM32F3xx_HAL_Driver/Src/stm32f3xx_hal_tim_ex.c ****     {
 983:Inc/STM32F3xx_HAL_Driver/Src/stm32f3xx_hal_tim_ex.c ****       tmpsmcr = htim->Instance->SMCR & TIM_SMCR_SMS;
 984:Inc/STM32F3xx_HAL_Driver/Src/stm32f3xx_hal_tim_ex.c ****       if (!IS_TIM_SLAVEMODE_TRIGGER_ENABLED(tmpsmcr))
 985:Inc/STM32F3xx_HAL_Driver/Src/stm32f3xx_hal_tim_ex.c ****       {
 986:Inc/STM32F3xx_HAL_Driver/Src/stm32f3xx_hal_tim_ex.c ****         __HAL_TIM_ENABLE(htim);
 987:Inc/STM32F3xx_HAL_Driver/Src/stm32f3xx_hal_tim_ex.c ****       }
 988:Inc/STM32F3xx_HAL_Driver/Src/stm32f3xx_hal_tim_ex.c ****     }
 989:Inc/STM32F3xx_HAL_Driver/Src/stm32f3xx_hal_tim_ex.c ****     else
 990:Inc/STM32F3xx_HAL_Driver/Src/stm32f3xx_hal_tim_ex.c ****     {
 991:Inc/STM32F3xx_HAL_Driver/Src/stm32f3xx_hal_tim_ex.c ****       __HAL_TIM_ENABLE(htim);
 992:Inc/STM32F3xx_HAL_Driver/Src/stm32f3xx_hal_tim_ex.c ****     }
 993:Inc/STM32F3xx_HAL_Driver/Src/stm32f3xx_hal_tim_ex.c ****   }
 994:Inc/STM32F3xx_HAL_Driver/Src/stm32f3xx_hal_tim_ex.c **** 
 995:Inc/STM32F3xx_HAL_Driver/Src/stm32f3xx_hal_tim_ex.c ****   /* Return function status */
 996:Inc/STM32F3xx_HAL_Driver/Src/stm32f3xx_hal_tim_ex.c ****   return status;
 997:Inc/STM32F3xx_HAL_Driver/Src/stm32f3xx_hal_tim_ex.c **** }
 998:Inc/STM32F3xx_HAL_Driver/Src/stm32f3xx_hal_tim_ex.c **** 
 999:Inc/STM32F3xx_HAL_Driver/Src/stm32f3xx_hal_tim_ex.c **** /**
ARM GAS  /tmp/ccfhaacA.s 			page 19


1000:Inc/STM32F3xx_HAL_Driver/Src/stm32f3xx_hal_tim_ex.c ****   * @brief  Stops the TIM Output Compare signal generation in DMA mode
1001:Inc/STM32F3xx_HAL_Driver/Src/stm32f3xx_hal_tim_ex.c ****   *         on the complementary output.
1002:Inc/STM32F3xx_HAL_Driver/Src/stm32f3xx_hal_tim_ex.c ****   * @param  htim TIM Output Compare handle
1003:Inc/STM32F3xx_HAL_Driver/Src/stm32f3xx_hal_tim_ex.c ****   * @param  Channel TIM Channel to be disabled
1004:Inc/STM32F3xx_HAL_Driver/Src/stm32f3xx_hal_tim_ex.c ****   *          This parameter can be one of the following values:
1005:Inc/STM32F3xx_HAL_Driver/Src/stm32f3xx_hal_tim_ex.c ****   *            @arg TIM_CHANNEL_1: TIM Channel 1 selected
1006:Inc/STM32F3xx_HAL_Driver/Src/stm32f3xx_hal_tim_ex.c ****   *            @arg TIM_CHANNEL_2: TIM Channel 2 selected
1007:Inc/STM32F3xx_HAL_Driver/Src/stm32f3xx_hal_tim_ex.c ****   *            @arg TIM_CHANNEL_3: TIM Channel 3 selected
1008:Inc/STM32F3xx_HAL_Driver/Src/stm32f3xx_hal_tim_ex.c ****   * @retval HAL status
1009:Inc/STM32F3xx_HAL_Driver/Src/stm32f3xx_hal_tim_ex.c ****   */
1010:Inc/STM32F3xx_HAL_Driver/Src/stm32f3xx_hal_tim_ex.c **** HAL_StatusTypeDef HAL_TIMEx_OCN_Stop_DMA(TIM_HandleTypeDef *htim, uint32_t Channel)
1011:Inc/STM32F3xx_HAL_Driver/Src/stm32f3xx_hal_tim_ex.c **** {
1012:Inc/STM32F3xx_HAL_Driver/Src/stm32f3xx_hal_tim_ex.c ****   HAL_StatusTypeDef status = HAL_OK;
1013:Inc/STM32F3xx_HAL_Driver/Src/stm32f3xx_hal_tim_ex.c **** 
1014:Inc/STM32F3xx_HAL_Driver/Src/stm32f3xx_hal_tim_ex.c ****   /* Check the parameters */
1015:Inc/STM32F3xx_HAL_Driver/Src/stm32f3xx_hal_tim_ex.c ****   assert_param(IS_TIM_CCXN_INSTANCE(htim->Instance, Channel));
1016:Inc/STM32F3xx_HAL_Driver/Src/stm32f3xx_hal_tim_ex.c **** 
1017:Inc/STM32F3xx_HAL_Driver/Src/stm32f3xx_hal_tim_ex.c ****   switch (Channel)
1018:Inc/STM32F3xx_HAL_Driver/Src/stm32f3xx_hal_tim_ex.c ****   {
1019:Inc/STM32F3xx_HAL_Driver/Src/stm32f3xx_hal_tim_ex.c ****     case TIM_CHANNEL_1:
1020:Inc/STM32F3xx_HAL_Driver/Src/stm32f3xx_hal_tim_ex.c ****     {
1021:Inc/STM32F3xx_HAL_Driver/Src/stm32f3xx_hal_tim_ex.c ****       /* Disable the TIM Output Compare DMA request */
1022:Inc/STM32F3xx_HAL_Driver/Src/stm32f3xx_hal_tim_ex.c ****       __HAL_TIM_DISABLE_DMA(htim, TIM_DMA_CC1);
1023:Inc/STM32F3xx_HAL_Driver/Src/stm32f3xx_hal_tim_ex.c ****       (void)HAL_DMA_Abort_IT(htim->hdma[TIM_DMA_ID_CC1]);
1024:Inc/STM32F3xx_HAL_Driver/Src/stm32f3xx_hal_tim_ex.c ****       break;
1025:Inc/STM32F3xx_HAL_Driver/Src/stm32f3xx_hal_tim_ex.c ****     }
1026:Inc/STM32F3xx_HAL_Driver/Src/stm32f3xx_hal_tim_ex.c **** 
1027:Inc/STM32F3xx_HAL_Driver/Src/stm32f3xx_hal_tim_ex.c ****     case TIM_CHANNEL_2:
1028:Inc/STM32F3xx_HAL_Driver/Src/stm32f3xx_hal_tim_ex.c ****     {
1029:Inc/STM32F3xx_HAL_Driver/Src/stm32f3xx_hal_tim_ex.c ****       /* Disable the TIM Output Compare DMA request */
1030:Inc/STM32F3xx_HAL_Driver/Src/stm32f3xx_hal_tim_ex.c ****       __HAL_TIM_DISABLE_DMA(htim, TIM_DMA_CC2);
1031:Inc/STM32F3xx_HAL_Driver/Src/stm32f3xx_hal_tim_ex.c ****       (void)HAL_DMA_Abort_IT(htim->hdma[TIM_DMA_ID_CC2]);
1032:Inc/STM32F3xx_HAL_Driver/Src/stm32f3xx_hal_tim_ex.c ****       break;
1033:Inc/STM32F3xx_HAL_Driver/Src/stm32f3xx_hal_tim_ex.c ****     }
1034:Inc/STM32F3xx_HAL_Driver/Src/stm32f3xx_hal_tim_ex.c **** 
1035:Inc/STM32F3xx_HAL_Driver/Src/stm32f3xx_hal_tim_ex.c ****     case TIM_CHANNEL_3:
1036:Inc/STM32F3xx_HAL_Driver/Src/stm32f3xx_hal_tim_ex.c ****     {
1037:Inc/STM32F3xx_HAL_Driver/Src/stm32f3xx_hal_tim_ex.c ****       /* Disable the TIM Output Compare DMA request */
1038:Inc/STM32F3xx_HAL_Driver/Src/stm32f3xx_hal_tim_ex.c ****       __HAL_TIM_DISABLE_DMA(htim, TIM_DMA_CC3);
1039:Inc/STM32F3xx_HAL_Driver/Src/stm32f3xx_hal_tim_ex.c ****       (void)HAL_DMA_Abort_IT(htim->hdma[TIM_DMA_ID_CC3]);
1040:Inc/STM32F3xx_HAL_Driver/Src/stm32f3xx_hal_tim_ex.c ****       break;
1041:Inc/STM32F3xx_HAL_Driver/Src/stm32f3xx_hal_tim_ex.c ****     }
1042:Inc/STM32F3xx_HAL_Driver/Src/stm32f3xx_hal_tim_ex.c **** 
1043:Inc/STM32F3xx_HAL_Driver/Src/stm32f3xx_hal_tim_ex.c ****     default:
1044:Inc/STM32F3xx_HAL_Driver/Src/stm32f3xx_hal_tim_ex.c ****       status = HAL_ERROR;
1045:Inc/STM32F3xx_HAL_Driver/Src/stm32f3xx_hal_tim_ex.c ****       break;
1046:Inc/STM32F3xx_HAL_Driver/Src/stm32f3xx_hal_tim_ex.c ****   }
1047:Inc/STM32F3xx_HAL_Driver/Src/stm32f3xx_hal_tim_ex.c **** 
1048:Inc/STM32F3xx_HAL_Driver/Src/stm32f3xx_hal_tim_ex.c ****   if (status == HAL_OK)
1049:Inc/STM32F3xx_HAL_Driver/Src/stm32f3xx_hal_tim_ex.c ****   {
1050:Inc/STM32F3xx_HAL_Driver/Src/stm32f3xx_hal_tim_ex.c ****     /* Disable the Capture compare channel N */
1051:Inc/STM32F3xx_HAL_Driver/Src/stm32f3xx_hal_tim_ex.c ****     TIM_CCxNChannelCmd(htim->Instance, Channel, TIM_CCxN_DISABLE);
1052:Inc/STM32F3xx_HAL_Driver/Src/stm32f3xx_hal_tim_ex.c **** 
1053:Inc/STM32F3xx_HAL_Driver/Src/stm32f3xx_hal_tim_ex.c ****     /* Disable the Main Output */
1054:Inc/STM32F3xx_HAL_Driver/Src/stm32f3xx_hal_tim_ex.c ****     __HAL_TIM_MOE_DISABLE(htim);
1055:Inc/STM32F3xx_HAL_Driver/Src/stm32f3xx_hal_tim_ex.c **** 
1056:Inc/STM32F3xx_HAL_Driver/Src/stm32f3xx_hal_tim_ex.c ****     /* Disable the Peripheral */
ARM GAS  /tmp/ccfhaacA.s 			page 20


1057:Inc/STM32F3xx_HAL_Driver/Src/stm32f3xx_hal_tim_ex.c ****     __HAL_TIM_DISABLE(htim);
1058:Inc/STM32F3xx_HAL_Driver/Src/stm32f3xx_hal_tim_ex.c **** 
1059:Inc/STM32F3xx_HAL_Driver/Src/stm32f3xx_hal_tim_ex.c ****     /* Set the TIM complementary channel state */
1060:Inc/STM32F3xx_HAL_Driver/Src/stm32f3xx_hal_tim_ex.c ****     TIM_CHANNEL_N_STATE_SET(htim, Channel, HAL_TIM_CHANNEL_STATE_READY);
1061:Inc/STM32F3xx_HAL_Driver/Src/stm32f3xx_hal_tim_ex.c ****   }
1062:Inc/STM32F3xx_HAL_Driver/Src/stm32f3xx_hal_tim_ex.c **** 
1063:Inc/STM32F3xx_HAL_Driver/Src/stm32f3xx_hal_tim_ex.c ****   /* Return function status */
1064:Inc/STM32F3xx_HAL_Driver/Src/stm32f3xx_hal_tim_ex.c ****   return status;
1065:Inc/STM32F3xx_HAL_Driver/Src/stm32f3xx_hal_tim_ex.c **** }
1066:Inc/STM32F3xx_HAL_Driver/Src/stm32f3xx_hal_tim_ex.c **** 
1067:Inc/STM32F3xx_HAL_Driver/Src/stm32f3xx_hal_tim_ex.c **** /**
1068:Inc/STM32F3xx_HAL_Driver/Src/stm32f3xx_hal_tim_ex.c ****   * @}
1069:Inc/STM32F3xx_HAL_Driver/Src/stm32f3xx_hal_tim_ex.c ****   */
1070:Inc/STM32F3xx_HAL_Driver/Src/stm32f3xx_hal_tim_ex.c **** 
1071:Inc/STM32F3xx_HAL_Driver/Src/stm32f3xx_hal_tim_ex.c **** /** @defgroup TIMEx_Exported_Functions_Group3 Extended Timer Complementary PWM functions
1072:Inc/STM32F3xx_HAL_Driver/Src/stm32f3xx_hal_tim_ex.c ****   * @brief    Timer Complementary PWM functions
1073:Inc/STM32F3xx_HAL_Driver/Src/stm32f3xx_hal_tim_ex.c ****   *
1074:Inc/STM32F3xx_HAL_Driver/Src/stm32f3xx_hal_tim_ex.c **** @verbatim
1075:Inc/STM32F3xx_HAL_Driver/Src/stm32f3xx_hal_tim_ex.c ****   ==============================================================================
1076:Inc/STM32F3xx_HAL_Driver/Src/stm32f3xx_hal_tim_ex.c ****                  ##### Timer Complementary PWM functions #####
1077:Inc/STM32F3xx_HAL_Driver/Src/stm32f3xx_hal_tim_ex.c ****   ==============================================================================
1078:Inc/STM32F3xx_HAL_Driver/Src/stm32f3xx_hal_tim_ex.c ****   [..]
1079:Inc/STM32F3xx_HAL_Driver/Src/stm32f3xx_hal_tim_ex.c ****     This section provides functions allowing to:
1080:Inc/STM32F3xx_HAL_Driver/Src/stm32f3xx_hal_tim_ex.c ****     (+) Start the Complementary PWM.
1081:Inc/STM32F3xx_HAL_Driver/Src/stm32f3xx_hal_tim_ex.c ****     (+) Stop the Complementary PWM.
1082:Inc/STM32F3xx_HAL_Driver/Src/stm32f3xx_hal_tim_ex.c ****     (+) Start the Complementary PWM and enable interrupts.
1083:Inc/STM32F3xx_HAL_Driver/Src/stm32f3xx_hal_tim_ex.c ****     (+) Stop the Complementary PWM and disable interrupts.
1084:Inc/STM32F3xx_HAL_Driver/Src/stm32f3xx_hal_tim_ex.c ****     (+) Start the Complementary PWM and enable DMA transfers.
1085:Inc/STM32F3xx_HAL_Driver/Src/stm32f3xx_hal_tim_ex.c ****     (+) Stop the Complementary PWM and disable DMA transfers.
1086:Inc/STM32F3xx_HAL_Driver/Src/stm32f3xx_hal_tim_ex.c **** @endverbatim
1087:Inc/STM32F3xx_HAL_Driver/Src/stm32f3xx_hal_tim_ex.c ****   * @{
1088:Inc/STM32F3xx_HAL_Driver/Src/stm32f3xx_hal_tim_ex.c ****   */
1089:Inc/STM32F3xx_HAL_Driver/Src/stm32f3xx_hal_tim_ex.c **** 
1090:Inc/STM32F3xx_HAL_Driver/Src/stm32f3xx_hal_tim_ex.c **** /**
1091:Inc/STM32F3xx_HAL_Driver/Src/stm32f3xx_hal_tim_ex.c ****   * @brief  Starts the PWM signal generation on the complementary output.
1092:Inc/STM32F3xx_HAL_Driver/Src/stm32f3xx_hal_tim_ex.c ****   * @param  htim TIM handle
1093:Inc/STM32F3xx_HAL_Driver/Src/stm32f3xx_hal_tim_ex.c ****   * @param  Channel TIM Channel to be enabled
1094:Inc/STM32F3xx_HAL_Driver/Src/stm32f3xx_hal_tim_ex.c ****   *          This parameter can be one of the following values:
1095:Inc/STM32F3xx_HAL_Driver/Src/stm32f3xx_hal_tim_ex.c ****   *            @arg TIM_CHANNEL_1: TIM Channel 1 selected
1096:Inc/STM32F3xx_HAL_Driver/Src/stm32f3xx_hal_tim_ex.c ****   *            @arg TIM_CHANNEL_2: TIM Channel 2 selected
1097:Inc/STM32F3xx_HAL_Driver/Src/stm32f3xx_hal_tim_ex.c ****   *            @arg TIM_CHANNEL_3: TIM Channel 3 selected
1098:Inc/STM32F3xx_HAL_Driver/Src/stm32f3xx_hal_tim_ex.c ****   * @retval HAL status
1099:Inc/STM32F3xx_HAL_Driver/Src/stm32f3xx_hal_tim_ex.c ****   */
1100:Inc/STM32F3xx_HAL_Driver/Src/stm32f3xx_hal_tim_ex.c **** HAL_StatusTypeDef HAL_TIMEx_PWMN_Start(TIM_HandleTypeDef *htim, uint32_t Channel)
1101:Inc/STM32F3xx_HAL_Driver/Src/stm32f3xx_hal_tim_ex.c **** {
1102:Inc/STM32F3xx_HAL_Driver/Src/stm32f3xx_hal_tim_ex.c ****   uint32_t tmpsmcr;
1103:Inc/STM32F3xx_HAL_Driver/Src/stm32f3xx_hal_tim_ex.c **** 
1104:Inc/STM32F3xx_HAL_Driver/Src/stm32f3xx_hal_tim_ex.c ****   /* Check the parameters */
1105:Inc/STM32F3xx_HAL_Driver/Src/stm32f3xx_hal_tim_ex.c ****   assert_param(IS_TIM_CCXN_INSTANCE(htim->Instance, Channel));
1106:Inc/STM32F3xx_HAL_Driver/Src/stm32f3xx_hal_tim_ex.c **** 
1107:Inc/STM32F3xx_HAL_Driver/Src/stm32f3xx_hal_tim_ex.c ****   /* Check the TIM complementary channel state */
1108:Inc/STM32F3xx_HAL_Driver/Src/stm32f3xx_hal_tim_ex.c ****   if (TIM_CHANNEL_N_STATE_GET(htim, Channel) != HAL_TIM_CHANNEL_STATE_READY)
1109:Inc/STM32F3xx_HAL_Driver/Src/stm32f3xx_hal_tim_ex.c ****   {
1110:Inc/STM32F3xx_HAL_Driver/Src/stm32f3xx_hal_tim_ex.c ****     return HAL_ERROR;
1111:Inc/STM32F3xx_HAL_Driver/Src/stm32f3xx_hal_tim_ex.c ****   }
1112:Inc/STM32F3xx_HAL_Driver/Src/stm32f3xx_hal_tim_ex.c **** 
1113:Inc/STM32F3xx_HAL_Driver/Src/stm32f3xx_hal_tim_ex.c ****   /* Set the TIM complementary channel state */
ARM GAS  /tmp/ccfhaacA.s 			page 21


1114:Inc/STM32F3xx_HAL_Driver/Src/stm32f3xx_hal_tim_ex.c ****   TIM_CHANNEL_N_STATE_SET(htim, Channel, HAL_TIM_CHANNEL_STATE_BUSY);
1115:Inc/STM32F3xx_HAL_Driver/Src/stm32f3xx_hal_tim_ex.c **** 
1116:Inc/STM32F3xx_HAL_Driver/Src/stm32f3xx_hal_tim_ex.c ****   /* Enable the complementary PWM output  */
1117:Inc/STM32F3xx_HAL_Driver/Src/stm32f3xx_hal_tim_ex.c ****   TIM_CCxNChannelCmd(htim->Instance, Channel, TIM_CCxN_ENABLE);
1118:Inc/STM32F3xx_HAL_Driver/Src/stm32f3xx_hal_tim_ex.c **** 
1119:Inc/STM32F3xx_HAL_Driver/Src/stm32f3xx_hal_tim_ex.c ****   /* Enable the Main Output */
1120:Inc/STM32F3xx_HAL_Driver/Src/stm32f3xx_hal_tim_ex.c ****   __HAL_TIM_MOE_ENABLE(htim);
1121:Inc/STM32F3xx_HAL_Driver/Src/stm32f3xx_hal_tim_ex.c **** 
1122:Inc/STM32F3xx_HAL_Driver/Src/stm32f3xx_hal_tim_ex.c ****   /* Enable the Peripheral, except in trigger mode where enable is automatically done with trigger 
1123:Inc/STM32F3xx_HAL_Driver/Src/stm32f3xx_hal_tim_ex.c ****   if (IS_TIM_SLAVE_INSTANCE(htim->Instance))
1124:Inc/STM32F3xx_HAL_Driver/Src/stm32f3xx_hal_tim_ex.c ****   {
1125:Inc/STM32F3xx_HAL_Driver/Src/stm32f3xx_hal_tim_ex.c ****     tmpsmcr = htim->Instance->SMCR & TIM_SMCR_SMS;
1126:Inc/STM32F3xx_HAL_Driver/Src/stm32f3xx_hal_tim_ex.c ****     if (!IS_TIM_SLAVEMODE_TRIGGER_ENABLED(tmpsmcr))
1127:Inc/STM32F3xx_HAL_Driver/Src/stm32f3xx_hal_tim_ex.c ****     {
1128:Inc/STM32F3xx_HAL_Driver/Src/stm32f3xx_hal_tim_ex.c ****       __HAL_TIM_ENABLE(htim);
1129:Inc/STM32F3xx_HAL_Driver/Src/stm32f3xx_hal_tim_ex.c ****     }
1130:Inc/STM32F3xx_HAL_Driver/Src/stm32f3xx_hal_tim_ex.c ****   }
1131:Inc/STM32F3xx_HAL_Driver/Src/stm32f3xx_hal_tim_ex.c ****   else
1132:Inc/STM32F3xx_HAL_Driver/Src/stm32f3xx_hal_tim_ex.c ****   {
1133:Inc/STM32F3xx_HAL_Driver/Src/stm32f3xx_hal_tim_ex.c ****     __HAL_TIM_ENABLE(htim);
1134:Inc/STM32F3xx_HAL_Driver/Src/stm32f3xx_hal_tim_ex.c ****   }
1135:Inc/STM32F3xx_HAL_Driver/Src/stm32f3xx_hal_tim_ex.c **** 
1136:Inc/STM32F3xx_HAL_Driver/Src/stm32f3xx_hal_tim_ex.c ****   /* Return function status */
1137:Inc/STM32F3xx_HAL_Driver/Src/stm32f3xx_hal_tim_ex.c ****   return HAL_OK;
1138:Inc/STM32F3xx_HAL_Driver/Src/stm32f3xx_hal_tim_ex.c **** }
1139:Inc/STM32F3xx_HAL_Driver/Src/stm32f3xx_hal_tim_ex.c **** 
1140:Inc/STM32F3xx_HAL_Driver/Src/stm32f3xx_hal_tim_ex.c **** /**
1141:Inc/STM32F3xx_HAL_Driver/Src/stm32f3xx_hal_tim_ex.c ****   * @brief  Stops the PWM signal generation on the complementary output.
1142:Inc/STM32F3xx_HAL_Driver/Src/stm32f3xx_hal_tim_ex.c ****   * @param  htim TIM handle
1143:Inc/STM32F3xx_HAL_Driver/Src/stm32f3xx_hal_tim_ex.c ****   * @param  Channel TIM Channel to be disabled
1144:Inc/STM32F3xx_HAL_Driver/Src/stm32f3xx_hal_tim_ex.c ****   *          This parameter can be one of the following values:
1145:Inc/STM32F3xx_HAL_Driver/Src/stm32f3xx_hal_tim_ex.c ****   *            @arg TIM_CHANNEL_1: TIM Channel 1 selected
1146:Inc/STM32F3xx_HAL_Driver/Src/stm32f3xx_hal_tim_ex.c ****   *            @arg TIM_CHANNEL_2: TIM Channel 2 selected
1147:Inc/STM32F3xx_HAL_Driver/Src/stm32f3xx_hal_tim_ex.c ****   *            @arg TIM_CHANNEL_3: TIM Channel 3 selected
1148:Inc/STM32F3xx_HAL_Driver/Src/stm32f3xx_hal_tim_ex.c ****   * @retval HAL status
1149:Inc/STM32F3xx_HAL_Driver/Src/stm32f3xx_hal_tim_ex.c ****   */
1150:Inc/STM32F3xx_HAL_Driver/Src/stm32f3xx_hal_tim_ex.c **** HAL_StatusTypeDef HAL_TIMEx_PWMN_Stop(TIM_HandleTypeDef *htim, uint32_t Channel)
1151:Inc/STM32F3xx_HAL_Driver/Src/stm32f3xx_hal_tim_ex.c **** {
1152:Inc/STM32F3xx_HAL_Driver/Src/stm32f3xx_hal_tim_ex.c ****   /* Check the parameters */
1153:Inc/STM32F3xx_HAL_Driver/Src/stm32f3xx_hal_tim_ex.c ****   assert_param(IS_TIM_CCXN_INSTANCE(htim->Instance, Channel));
1154:Inc/STM32F3xx_HAL_Driver/Src/stm32f3xx_hal_tim_ex.c **** 
1155:Inc/STM32F3xx_HAL_Driver/Src/stm32f3xx_hal_tim_ex.c ****   /* Disable the complementary PWM output  */
1156:Inc/STM32F3xx_HAL_Driver/Src/stm32f3xx_hal_tim_ex.c ****   TIM_CCxNChannelCmd(htim->Instance, Channel, TIM_CCxN_DISABLE);
1157:Inc/STM32F3xx_HAL_Driver/Src/stm32f3xx_hal_tim_ex.c **** 
1158:Inc/STM32F3xx_HAL_Driver/Src/stm32f3xx_hal_tim_ex.c ****   /* Disable the Main Output */
1159:Inc/STM32F3xx_HAL_Driver/Src/stm32f3xx_hal_tim_ex.c ****   __HAL_TIM_MOE_DISABLE(htim);
1160:Inc/STM32F3xx_HAL_Driver/Src/stm32f3xx_hal_tim_ex.c **** 
1161:Inc/STM32F3xx_HAL_Driver/Src/stm32f3xx_hal_tim_ex.c ****   /* Disable the Peripheral */
1162:Inc/STM32F3xx_HAL_Driver/Src/stm32f3xx_hal_tim_ex.c ****   __HAL_TIM_DISABLE(htim);
1163:Inc/STM32F3xx_HAL_Driver/Src/stm32f3xx_hal_tim_ex.c **** 
1164:Inc/STM32F3xx_HAL_Driver/Src/stm32f3xx_hal_tim_ex.c ****   /* Set the TIM complementary channel state */
1165:Inc/STM32F3xx_HAL_Driver/Src/stm32f3xx_hal_tim_ex.c ****   TIM_CHANNEL_N_STATE_SET(htim, Channel, HAL_TIM_CHANNEL_STATE_READY);
1166:Inc/STM32F3xx_HAL_Driver/Src/stm32f3xx_hal_tim_ex.c **** 
1167:Inc/STM32F3xx_HAL_Driver/Src/stm32f3xx_hal_tim_ex.c ****   /* Return function status */
1168:Inc/STM32F3xx_HAL_Driver/Src/stm32f3xx_hal_tim_ex.c ****   return HAL_OK;
1169:Inc/STM32F3xx_HAL_Driver/Src/stm32f3xx_hal_tim_ex.c **** }
1170:Inc/STM32F3xx_HAL_Driver/Src/stm32f3xx_hal_tim_ex.c **** 
ARM GAS  /tmp/ccfhaacA.s 			page 22


1171:Inc/STM32F3xx_HAL_Driver/Src/stm32f3xx_hal_tim_ex.c **** /**
1172:Inc/STM32F3xx_HAL_Driver/Src/stm32f3xx_hal_tim_ex.c ****   * @brief  Starts the PWM signal generation in interrupt mode on the
1173:Inc/STM32F3xx_HAL_Driver/Src/stm32f3xx_hal_tim_ex.c ****   *         complementary output.
1174:Inc/STM32F3xx_HAL_Driver/Src/stm32f3xx_hal_tim_ex.c ****   * @param  htim TIM handle
1175:Inc/STM32F3xx_HAL_Driver/Src/stm32f3xx_hal_tim_ex.c ****   * @param  Channel TIM Channel to be disabled
1176:Inc/STM32F3xx_HAL_Driver/Src/stm32f3xx_hal_tim_ex.c ****   *          This parameter can be one of the following values:
1177:Inc/STM32F3xx_HAL_Driver/Src/stm32f3xx_hal_tim_ex.c ****   *            @arg TIM_CHANNEL_1: TIM Channel 1 selected
1178:Inc/STM32F3xx_HAL_Driver/Src/stm32f3xx_hal_tim_ex.c ****   *            @arg TIM_CHANNEL_2: TIM Channel 2 selected
1179:Inc/STM32F3xx_HAL_Driver/Src/stm32f3xx_hal_tim_ex.c ****   *            @arg TIM_CHANNEL_3: TIM Channel 3 selected
1180:Inc/STM32F3xx_HAL_Driver/Src/stm32f3xx_hal_tim_ex.c ****   * @retval HAL status
1181:Inc/STM32F3xx_HAL_Driver/Src/stm32f3xx_hal_tim_ex.c ****   */
1182:Inc/STM32F3xx_HAL_Driver/Src/stm32f3xx_hal_tim_ex.c **** HAL_StatusTypeDef HAL_TIMEx_PWMN_Start_IT(TIM_HandleTypeDef *htim, uint32_t Channel)
1183:Inc/STM32F3xx_HAL_Driver/Src/stm32f3xx_hal_tim_ex.c **** {
1184:Inc/STM32F3xx_HAL_Driver/Src/stm32f3xx_hal_tim_ex.c ****   HAL_StatusTypeDef status = HAL_OK;
1185:Inc/STM32F3xx_HAL_Driver/Src/stm32f3xx_hal_tim_ex.c ****   uint32_t tmpsmcr;
1186:Inc/STM32F3xx_HAL_Driver/Src/stm32f3xx_hal_tim_ex.c **** 
1187:Inc/STM32F3xx_HAL_Driver/Src/stm32f3xx_hal_tim_ex.c ****   /* Check the parameters */
1188:Inc/STM32F3xx_HAL_Driver/Src/stm32f3xx_hal_tim_ex.c ****   assert_param(IS_TIM_CCXN_INSTANCE(htim->Instance, Channel));
1189:Inc/STM32F3xx_HAL_Driver/Src/stm32f3xx_hal_tim_ex.c **** 
1190:Inc/STM32F3xx_HAL_Driver/Src/stm32f3xx_hal_tim_ex.c ****   /* Check the TIM complementary channel state */
1191:Inc/STM32F3xx_HAL_Driver/Src/stm32f3xx_hal_tim_ex.c ****   if (TIM_CHANNEL_N_STATE_GET(htim, Channel) != HAL_TIM_CHANNEL_STATE_READY)
1192:Inc/STM32F3xx_HAL_Driver/Src/stm32f3xx_hal_tim_ex.c ****   {
1193:Inc/STM32F3xx_HAL_Driver/Src/stm32f3xx_hal_tim_ex.c ****     return HAL_ERROR;
1194:Inc/STM32F3xx_HAL_Driver/Src/stm32f3xx_hal_tim_ex.c ****   }
1195:Inc/STM32F3xx_HAL_Driver/Src/stm32f3xx_hal_tim_ex.c **** 
1196:Inc/STM32F3xx_HAL_Driver/Src/stm32f3xx_hal_tim_ex.c ****   /* Set the TIM complementary channel state */
1197:Inc/STM32F3xx_HAL_Driver/Src/stm32f3xx_hal_tim_ex.c ****   TIM_CHANNEL_N_STATE_SET(htim, Channel, HAL_TIM_CHANNEL_STATE_BUSY);
1198:Inc/STM32F3xx_HAL_Driver/Src/stm32f3xx_hal_tim_ex.c **** 
1199:Inc/STM32F3xx_HAL_Driver/Src/stm32f3xx_hal_tim_ex.c ****   switch (Channel)
1200:Inc/STM32F3xx_HAL_Driver/Src/stm32f3xx_hal_tim_ex.c ****   {
1201:Inc/STM32F3xx_HAL_Driver/Src/stm32f3xx_hal_tim_ex.c ****     case TIM_CHANNEL_1:
1202:Inc/STM32F3xx_HAL_Driver/Src/stm32f3xx_hal_tim_ex.c ****     {
1203:Inc/STM32F3xx_HAL_Driver/Src/stm32f3xx_hal_tim_ex.c ****       /* Enable the TIM Capture/Compare 1 interrupt */
1204:Inc/STM32F3xx_HAL_Driver/Src/stm32f3xx_hal_tim_ex.c ****       __HAL_TIM_ENABLE_IT(htim, TIM_IT_CC1);
1205:Inc/STM32F3xx_HAL_Driver/Src/stm32f3xx_hal_tim_ex.c ****       break;
1206:Inc/STM32F3xx_HAL_Driver/Src/stm32f3xx_hal_tim_ex.c ****     }
1207:Inc/STM32F3xx_HAL_Driver/Src/stm32f3xx_hal_tim_ex.c **** 
1208:Inc/STM32F3xx_HAL_Driver/Src/stm32f3xx_hal_tim_ex.c ****     case TIM_CHANNEL_2:
1209:Inc/STM32F3xx_HAL_Driver/Src/stm32f3xx_hal_tim_ex.c ****     {
1210:Inc/STM32F3xx_HAL_Driver/Src/stm32f3xx_hal_tim_ex.c ****       /* Enable the TIM Capture/Compare 2 interrupt */
1211:Inc/STM32F3xx_HAL_Driver/Src/stm32f3xx_hal_tim_ex.c ****       __HAL_TIM_ENABLE_IT(htim, TIM_IT_CC2);
1212:Inc/STM32F3xx_HAL_Driver/Src/stm32f3xx_hal_tim_ex.c ****       break;
1213:Inc/STM32F3xx_HAL_Driver/Src/stm32f3xx_hal_tim_ex.c ****     }
1214:Inc/STM32F3xx_HAL_Driver/Src/stm32f3xx_hal_tim_ex.c **** 
1215:Inc/STM32F3xx_HAL_Driver/Src/stm32f3xx_hal_tim_ex.c ****     case TIM_CHANNEL_3:
1216:Inc/STM32F3xx_HAL_Driver/Src/stm32f3xx_hal_tim_ex.c ****     {
1217:Inc/STM32F3xx_HAL_Driver/Src/stm32f3xx_hal_tim_ex.c ****       /* Enable the TIM Capture/Compare 3 interrupt */
1218:Inc/STM32F3xx_HAL_Driver/Src/stm32f3xx_hal_tim_ex.c ****       __HAL_TIM_ENABLE_IT(htim, TIM_IT_CC3);
1219:Inc/STM32F3xx_HAL_Driver/Src/stm32f3xx_hal_tim_ex.c ****       break;
1220:Inc/STM32F3xx_HAL_Driver/Src/stm32f3xx_hal_tim_ex.c ****     }
1221:Inc/STM32F3xx_HAL_Driver/Src/stm32f3xx_hal_tim_ex.c **** 
1222:Inc/STM32F3xx_HAL_Driver/Src/stm32f3xx_hal_tim_ex.c ****     default:
1223:Inc/STM32F3xx_HAL_Driver/Src/stm32f3xx_hal_tim_ex.c ****       status = HAL_ERROR;
1224:Inc/STM32F3xx_HAL_Driver/Src/stm32f3xx_hal_tim_ex.c ****       break;
1225:Inc/STM32F3xx_HAL_Driver/Src/stm32f3xx_hal_tim_ex.c ****   }
1226:Inc/STM32F3xx_HAL_Driver/Src/stm32f3xx_hal_tim_ex.c **** 
1227:Inc/STM32F3xx_HAL_Driver/Src/stm32f3xx_hal_tim_ex.c ****   if (status == HAL_OK)
ARM GAS  /tmp/ccfhaacA.s 			page 23


1228:Inc/STM32F3xx_HAL_Driver/Src/stm32f3xx_hal_tim_ex.c ****   {
1229:Inc/STM32F3xx_HAL_Driver/Src/stm32f3xx_hal_tim_ex.c ****     /* Enable the TIM Break interrupt */
1230:Inc/STM32F3xx_HAL_Driver/Src/stm32f3xx_hal_tim_ex.c ****     __HAL_TIM_ENABLE_IT(htim, TIM_IT_BREAK);
1231:Inc/STM32F3xx_HAL_Driver/Src/stm32f3xx_hal_tim_ex.c **** 
1232:Inc/STM32F3xx_HAL_Driver/Src/stm32f3xx_hal_tim_ex.c ****     /* Enable the complementary PWM output  */
1233:Inc/STM32F3xx_HAL_Driver/Src/stm32f3xx_hal_tim_ex.c ****     TIM_CCxNChannelCmd(htim->Instance, Channel, TIM_CCxN_ENABLE);
1234:Inc/STM32F3xx_HAL_Driver/Src/stm32f3xx_hal_tim_ex.c **** 
1235:Inc/STM32F3xx_HAL_Driver/Src/stm32f3xx_hal_tim_ex.c ****     /* Enable the Main Output */
1236:Inc/STM32F3xx_HAL_Driver/Src/stm32f3xx_hal_tim_ex.c ****     __HAL_TIM_MOE_ENABLE(htim);
1237:Inc/STM32F3xx_HAL_Driver/Src/stm32f3xx_hal_tim_ex.c **** 
1238:Inc/STM32F3xx_HAL_Driver/Src/stm32f3xx_hal_tim_ex.c ****     /* Enable the Peripheral, except in trigger mode where enable is automatically done with trigge
1239:Inc/STM32F3xx_HAL_Driver/Src/stm32f3xx_hal_tim_ex.c ****     if (IS_TIM_SLAVE_INSTANCE(htim->Instance))
1240:Inc/STM32F3xx_HAL_Driver/Src/stm32f3xx_hal_tim_ex.c ****     {
1241:Inc/STM32F3xx_HAL_Driver/Src/stm32f3xx_hal_tim_ex.c ****       tmpsmcr = htim->Instance->SMCR & TIM_SMCR_SMS;
1242:Inc/STM32F3xx_HAL_Driver/Src/stm32f3xx_hal_tim_ex.c ****       if (!IS_TIM_SLAVEMODE_TRIGGER_ENABLED(tmpsmcr))
1243:Inc/STM32F3xx_HAL_Driver/Src/stm32f3xx_hal_tim_ex.c ****       {
1244:Inc/STM32F3xx_HAL_Driver/Src/stm32f3xx_hal_tim_ex.c ****         __HAL_TIM_ENABLE(htim);
1245:Inc/STM32F3xx_HAL_Driver/Src/stm32f3xx_hal_tim_ex.c ****       }
1246:Inc/STM32F3xx_HAL_Driver/Src/stm32f3xx_hal_tim_ex.c ****     }
1247:Inc/STM32F3xx_HAL_Driver/Src/stm32f3xx_hal_tim_ex.c ****     else
1248:Inc/STM32F3xx_HAL_Driver/Src/stm32f3xx_hal_tim_ex.c ****     {
1249:Inc/STM32F3xx_HAL_Driver/Src/stm32f3xx_hal_tim_ex.c ****       __HAL_TIM_ENABLE(htim);
1250:Inc/STM32F3xx_HAL_Driver/Src/stm32f3xx_hal_tim_ex.c ****     }
1251:Inc/STM32F3xx_HAL_Driver/Src/stm32f3xx_hal_tim_ex.c ****   }
1252:Inc/STM32F3xx_HAL_Driver/Src/stm32f3xx_hal_tim_ex.c **** 
1253:Inc/STM32F3xx_HAL_Driver/Src/stm32f3xx_hal_tim_ex.c ****   /* Return function status */
1254:Inc/STM32F3xx_HAL_Driver/Src/stm32f3xx_hal_tim_ex.c ****   return status;
1255:Inc/STM32F3xx_HAL_Driver/Src/stm32f3xx_hal_tim_ex.c **** }
1256:Inc/STM32F3xx_HAL_Driver/Src/stm32f3xx_hal_tim_ex.c **** 
1257:Inc/STM32F3xx_HAL_Driver/Src/stm32f3xx_hal_tim_ex.c **** /**
1258:Inc/STM32F3xx_HAL_Driver/Src/stm32f3xx_hal_tim_ex.c ****   * @brief  Stops the PWM signal generation in interrupt mode on the
1259:Inc/STM32F3xx_HAL_Driver/Src/stm32f3xx_hal_tim_ex.c ****   *         complementary output.
1260:Inc/STM32F3xx_HAL_Driver/Src/stm32f3xx_hal_tim_ex.c ****   * @param  htim TIM handle
1261:Inc/STM32F3xx_HAL_Driver/Src/stm32f3xx_hal_tim_ex.c ****   * @param  Channel TIM Channel to be disabled
1262:Inc/STM32F3xx_HAL_Driver/Src/stm32f3xx_hal_tim_ex.c ****   *          This parameter can be one of the following values:
1263:Inc/STM32F3xx_HAL_Driver/Src/stm32f3xx_hal_tim_ex.c ****   *            @arg TIM_CHANNEL_1: TIM Channel 1 selected
1264:Inc/STM32F3xx_HAL_Driver/Src/stm32f3xx_hal_tim_ex.c ****   *            @arg TIM_CHANNEL_2: TIM Channel 2 selected
1265:Inc/STM32F3xx_HAL_Driver/Src/stm32f3xx_hal_tim_ex.c ****   *            @arg TIM_CHANNEL_3: TIM Channel 3 selected
1266:Inc/STM32F3xx_HAL_Driver/Src/stm32f3xx_hal_tim_ex.c ****   * @retval HAL status
1267:Inc/STM32F3xx_HAL_Driver/Src/stm32f3xx_hal_tim_ex.c ****   */
1268:Inc/STM32F3xx_HAL_Driver/Src/stm32f3xx_hal_tim_ex.c **** HAL_StatusTypeDef HAL_TIMEx_PWMN_Stop_IT(TIM_HandleTypeDef *htim, uint32_t Channel)
1269:Inc/STM32F3xx_HAL_Driver/Src/stm32f3xx_hal_tim_ex.c **** {
1270:Inc/STM32F3xx_HAL_Driver/Src/stm32f3xx_hal_tim_ex.c ****   HAL_StatusTypeDef status = HAL_OK;
1271:Inc/STM32F3xx_HAL_Driver/Src/stm32f3xx_hal_tim_ex.c ****   uint32_t tmpccer;
1272:Inc/STM32F3xx_HAL_Driver/Src/stm32f3xx_hal_tim_ex.c **** 
1273:Inc/STM32F3xx_HAL_Driver/Src/stm32f3xx_hal_tim_ex.c ****   /* Check the parameters */
1274:Inc/STM32F3xx_HAL_Driver/Src/stm32f3xx_hal_tim_ex.c ****   assert_param(IS_TIM_CCXN_INSTANCE(htim->Instance, Channel));
1275:Inc/STM32F3xx_HAL_Driver/Src/stm32f3xx_hal_tim_ex.c **** 
1276:Inc/STM32F3xx_HAL_Driver/Src/stm32f3xx_hal_tim_ex.c ****   switch (Channel)
1277:Inc/STM32F3xx_HAL_Driver/Src/stm32f3xx_hal_tim_ex.c ****   {
1278:Inc/STM32F3xx_HAL_Driver/Src/stm32f3xx_hal_tim_ex.c ****     case TIM_CHANNEL_1:
1279:Inc/STM32F3xx_HAL_Driver/Src/stm32f3xx_hal_tim_ex.c ****     {
1280:Inc/STM32F3xx_HAL_Driver/Src/stm32f3xx_hal_tim_ex.c ****       /* Disable the TIM Capture/Compare 1 interrupt */
1281:Inc/STM32F3xx_HAL_Driver/Src/stm32f3xx_hal_tim_ex.c ****       __HAL_TIM_DISABLE_IT(htim, TIM_IT_CC1);
1282:Inc/STM32F3xx_HAL_Driver/Src/stm32f3xx_hal_tim_ex.c ****       break;
1283:Inc/STM32F3xx_HAL_Driver/Src/stm32f3xx_hal_tim_ex.c ****     }
1284:Inc/STM32F3xx_HAL_Driver/Src/stm32f3xx_hal_tim_ex.c **** 
ARM GAS  /tmp/ccfhaacA.s 			page 24


1285:Inc/STM32F3xx_HAL_Driver/Src/stm32f3xx_hal_tim_ex.c ****     case TIM_CHANNEL_2:
1286:Inc/STM32F3xx_HAL_Driver/Src/stm32f3xx_hal_tim_ex.c ****     {
1287:Inc/STM32F3xx_HAL_Driver/Src/stm32f3xx_hal_tim_ex.c ****       /* Disable the TIM Capture/Compare 2 interrupt */
1288:Inc/STM32F3xx_HAL_Driver/Src/stm32f3xx_hal_tim_ex.c ****       __HAL_TIM_DISABLE_IT(htim, TIM_IT_CC2);
1289:Inc/STM32F3xx_HAL_Driver/Src/stm32f3xx_hal_tim_ex.c ****       break;
1290:Inc/STM32F3xx_HAL_Driver/Src/stm32f3xx_hal_tim_ex.c ****     }
1291:Inc/STM32F3xx_HAL_Driver/Src/stm32f3xx_hal_tim_ex.c **** 
1292:Inc/STM32F3xx_HAL_Driver/Src/stm32f3xx_hal_tim_ex.c ****     case TIM_CHANNEL_3:
1293:Inc/STM32F3xx_HAL_Driver/Src/stm32f3xx_hal_tim_ex.c ****     {
1294:Inc/STM32F3xx_HAL_Driver/Src/stm32f3xx_hal_tim_ex.c ****       /* Disable the TIM Capture/Compare 3 interrupt */
1295:Inc/STM32F3xx_HAL_Driver/Src/stm32f3xx_hal_tim_ex.c ****       __HAL_TIM_DISABLE_IT(htim, TIM_IT_CC3);
1296:Inc/STM32F3xx_HAL_Driver/Src/stm32f3xx_hal_tim_ex.c ****       break;
1297:Inc/STM32F3xx_HAL_Driver/Src/stm32f3xx_hal_tim_ex.c ****     }
1298:Inc/STM32F3xx_HAL_Driver/Src/stm32f3xx_hal_tim_ex.c **** 
1299:Inc/STM32F3xx_HAL_Driver/Src/stm32f3xx_hal_tim_ex.c ****     default:
1300:Inc/STM32F3xx_HAL_Driver/Src/stm32f3xx_hal_tim_ex.c ****       status = HAL_ERROR;
1301:Inc/STM32F3xx_HAL_Driver/Src/stm32f3xx_hal_tim_ex.c ****       break;
1302:Inc/STM32F3xx_HAL_Driver/Src/stm32f3xx_hal_tim_ex.c ****   }
1303:Inc/STM32F3xx_HAL_Driver/Src/stm32f3xx_hal_tim_ex.c **** 
1304:Inc/STM32F3xx_HAL_Driver/Src/stm32f3xx_hal_tim_ex.c ****   if (status == HAL_OK)
1305:Inc/STM32F3xx_HAL_Driver/Src/stm32f3xx_hal_tim_ex.c ****   {
1306:Inc/STM32F3xx_HAL_Driver/Src/stm32f3xx_hal_tim_ex.c ****     /* Disable the complementary PWM output  */
1307:Inc/STM32F3xx_HAL_Driver/Src/stm32f3xx_hal_tim_ex.c ****     TIM_CCxNChannelCmd(htim->Instance, Channel, TIM_CCxN_DISABLE);
1308:Inc/STM32F3xx_HAL_Driver/Src/stm32f3xx_hal_tim_ex.c **** 
1309:Inc/STM32F3xx_HAL_Driver/Src/stm32f3xx_hal_tim_ex.c ****     /* Disable the TIM Break interrupt (only if no more channel is active) */
1310:Inc/STM32F3xx_HAL_Driver/Src/stm32f3xx_hal_tim_ex.c ****     tmpccer = htim->Instance->CCER;
1311:Inc/STM32F3xx_HAL_Driver/Src/stm32f3xx_hal_tim_ex.c ****     if ((tmpccer & TIM_CCER_CCxNE_MASK) == (uint32_t)RESET)
1312:Inc/STM32F3xx_HAL_Driver/Src/stm32f3xx_hal_tim_ex.c ****     {
1313:Inc/STM32F3xx_HAL_Driver/Src/stm32f3xx_hal_tim_ex.c ****       __HAL_TIM_DISABLE_IT(htim, TIM_IT_BREAK);
1314:Inc/STM32F3xx_HAL_Driver/Src/stm32f3xx_hal_tim_ex.c ****     }
1315:Inc/STM32F3xx_HAL_Driver/Src/stm32f3xx_hal_tim_ex.c **** 
1316:Inc/STM32F3xx_HAL_Driver/Src/stm32f3xx_hal_tim_ex.c ****     /* Disable the Main Output */
1317:Inc/STM32F3xx_HAL_Driver/Src/stm32f3xx_hal_tim_ex.c ****     __HAL_TIM_MOE_DISABLE(htim);
1318:Inc/STM32F3xx_HAL_Driver/Src/stm32f3xx_hal_tim_ex.c **** 
1319:Inc/STM32F3xx_HAL_Driver/Src/stm32f3xx_hal_tim_ex.c ****     /* Disable the Peripheral */
1320:Inc/STM32F3xx_HAL_Driver/Src/stm32f3xx_hal_tim_ex.c ****     __HAL_TIM_DISABLE(htim);
1321:Inc/STM32F3xx_HAL_Driver/Src/stm32f3xx_hal_tim_ex.c **** 
1322:Inc/STM32F3xx_HAL_Driver/Src/stm32f3xx_hal_tim_ex.c ****     /* Set the TIM complementary channel state */
1323:Inc/STM32F3xx_HAL_Driver/Src/stm32f3xx_hal_tim_ex.c ****     TIM_CHANNEL_N_STATE_SET(htim, Channel, HAL_TIM_CHANNEL_STATE_READY);
1324:Inc/STM32F3xx_HAL_Driver/Src/stm32f3xx_hal_tim_ex.c ****   }
1325:Inc/STM32F3xx_HAL_Driver/Src/stm32f3xx_hal_tim_ex.c **** 
1326:Inc/STM32F3xx_HAL_Driver/Src/stm32f3xx_hal_tim_ex.c ****   /* Return function status */
1327:Inc/STM32F3xx_HAL_Driver/Src/stm32f3xx_hal_tim_ex.c ****   return status;
1328:Inc/STM32F3xx_HAL_Driver/Src/stm32f3xx_hal_tim_ex.c **** }
1329:Inc/STM32F3xx_HAL_Driver/Src/stm32f3xx_hal_tim_ex.c **** 
1330:Inc/STM32F3xx_HAL_Driver/Src/stm32f3xx_hal_tim_ex.c **** /**
1331:Inc/STM32F3xx_HAL_Driver/Src/stm32f3xx_hal_tim_ex.c ****   * @brief  Starts the TIM PWM signal generation in DMA mode on the
1332:Inc/STM32F3xx_HAL_Driver/Src/stm32f3xx_hal_tim_ex.c ****   *         complementary output
1333:Inc/STM32F3xx_HAL_Driver/Src/stm32f3xx_hal_tim_ex.c ****   * @param  htim TIM handle
1334:Inc/STM32F3xx_HAL_Driver/Src/stm32f3xx_hal_tim_ex.c ****   * @param  Channel TIM Channel to be enabled
1335:Inc/STM32F3xx_HAL_Driver/Src/stm32f3xx_hal_tim_ex.c ****   *          This parameter can be one of the following values:
1336:Inc/STM32F3xx_HAL_Driver/Src/stm32f3xx_hal_tim_ex.c ****   *            @arg TIM_CHANNEL_1: TIM Channel 1 selected
1337:Inc/STM32F3xx_HAL_Driver/Src/stm32f3xx_hal_tim_ex.c ****   *            @arg TIM_CHANNEL_2: TIM Channel 2 selected
1338:Inc/STM32F3xx_HAL_Driver/Src/stm32f3xx_hal_tim_ex.c ****   *            @arg TIM_CHANNEL_3: TIM Channel 3 selected
1339:Inc/STM32F3xx_HAL_Driver/Src/stm32f3xx_hal_tim_ex.c ****   * @param  pData The source Buffer address.
1340:Inc/STM32F3xx_HAL_Driver/Src/stm32f3xx_hal_tim_ex.c ****   * @param  Length The length of data to be transferred from memory to TIM peripheral
1341:Inc/STM32F3xx_HAL_Driver/Src/stm32f3xx_hal_tim_ex.c ****   * @retval HAL status
ARM GAS  /tmp/ccfhaacA.s 			page 25


1342:Inc/STM32F3xx_HAL_Driver/Src/stm32f3xx_hal_tim_ex.c ****   */
1343:Inc/STM32F3xx_HAL_Driver/Src/stm32f3xx_hal_tim_ex.c **** HAL_StatusTypeDef HAL_TIMEx_PWMN_Start_DMA(TIM_HandleTypeDef *htim, uint32_t Channel, const uint32_
1344:Inc/STM32F3xx_HAL_Driver/Src/stm32f3xx_hal_tim_ex.c ****                                            uint16_t Length)
1345:Inc/STM32F3xx_HAL_Driver/Src/stm32f3xx_hal_tim_ex.c **** {
1346:Inc/STM32F3xx_HAL_Driver/Src/stm32f3xx_hal_tim_ex.c ****   HAL_StatusTypeDef status = HAL_OK;
1347:Inc/STM32F3xx_HAL_Driver/Src/stm32f3xx_hal_tim_ex.c ****   uint32_t tmpsmcr;
1348:Inc/STM32F3xx_HAL_Driver/Src/stm32f3xx_hal_tim_ex.c **** 
1349:Inc/STM32F3xx_HAL_Driver/Src/stm32f3xx_hal_tim_ex.c ****   /* Check the parameters */
1350:Inc/STM32F3xx_HAL_Driver/Src/stm32f3xx_hal_tim_ex.c ****   assert_param(IS_TIM_CCXN_INSTANCE(htim->Instance, Channel));
1351:Inc/STM32F3xx_HAL_Driver/Src/stm32f3xx_hal_tim_ex.c **** 
1352:Inc/STM32F3xx_HAL_Driver/Src/stm32f3xx_hal_tim_ex.c ****   /* Set the TIM complementary channel state */
1353:Inc/STM32F3xx_HAL_Driver/Src/stm32f3xx_hal_tim_ex.c ****   if (TIM_CHANNEL_N_STATE_GET(htim, Channel) == HAL_TIM_CHANNEL_STATE_BUSY)
1354:Inc/STM32F3xx_HAL_Driver/Src/stm32f3xx_hal_tim_ex.c ****   {
1355:Inc/STM32F3xx_HAL_Driver/Src/stm32f3xx_hal_tim_ex.c ****     return HAL_BUSY;
1356:Inc/STM32F3xx_HAL_Driver/Src/stm32f3xx_hal_tim_ex.c ****   }
1357:Inc/STM32F3xx_HAL_Driver/Src/stm32f3xx_hal_tim_ex.c ****   else if (TIM_CHANNEL_N_STATE_GET(htim, Channel) == HAL_TIM_CHANNEL_STATE_READY)
1358:Inc/STM32F3xx_HAL_Driver/Src/stm32f3xx_hal_tim_ex.c ****   {
1359:Inc/STM32F3xx_HAL_Driver/Src/stm32f3xx_hal_tim_ex.c ****     if ((pData == NULL) || (Length == 0U))
1360:Inc/STM32F3xx_HAL_Driver/Src/stm32f3xx_hal_tim_ex.c ****     {
1361:Inc/STM32F3xx_HAL_Driver/Src/stm32f3xx_hal_tim_ex.c ****       return HAL_ERROR;
1362:Inc/STM32F3xx_HAL_Driver/Src/stm32f3xx_hal_tim_ex.c ****     }
1363:Inc/STM32F3xx_HAL_Driver/Src/stm32f3xx_hal_tim_ex.c ****     else
1364:Inc/STM32F3xx_HAL_Driver/Src/stm32f3xx_hal_tim_ex.c ****     {
1365:Inc/STM32F3xx_HAL_Driver/Src/stm32f3xx_hal_tim_ex.c ****       TIM_CHANNEL_N_STATE_SET(htim, Channel, HAL_TIM_CHANNEL_STATE_BUSY);
1366:Inc/STM32F3xx_HAL_Driver/Src/stm32f3xx_hal_tim_ex.c ****     }
1367:Inc/STM32F3xx_HAL_Driver/Src/stm32f3xx_hal_tim_ex.c ****   }
1368:Inc/STM32F3xx_HAL_Driver/Src/stm32f3xx_hal_tim_ex.c ****   else
1369:Inc/STM32F3xx_HAL_Driver/Src/stm32f3xx_hal_tim_ex.c ****   {
1370:Inc/STM32F3xx_HAL_Driver/Src/stm32f3xx_hal_tim_ex.c ****     return HAL_ERROR;
1371:Inc/STM32F3xx_HAL_Driver/Src/stm32f3xx_hal_tim_ex.c ****   }
1372:Inc/STM32F3xx_HAL_Driver/Src/stm32f3xx_hal_tim_ex.c **** 
1373:Inc/STM32F3xx_HAL_Driver/Src/stm32f3xx_hal_tim_ex.c ****   switch (Channel)
1374:Inc/STM32F3xx_HAL_Driver/Src/stm32f3xx_hal_tim_ex.c ****   {
1375:Inc/STM32F3xx_HAL_Driver/Src/stm32f3xx_hal_tim_ex.c ****     case TIM_CHANNEL_1:
1376:Inc/STM32F3xx_HAL_Driver/Src/stm32f3xx_hal_tim_ex.c ****     {
1377:Inc/STM32F3xx_HAL_Driver/Src/stm32f3xx_hal_tim_ex.c ****       /* Set the DMA compare callbacks */
1378:Inc/STM32F3xx_HAL_Driver/Src/stm32f3xx_hal_tim_ex.c ****       htim->hdma[TIM_DMA_ID_CC1]->XferCpltCallback = TIM_DMADelayPulseNCplt;
1379:Inc/STM32F3xx_HAL_Driver/Src/stm32f3xx_hal_tim_ex.c ****       htim->hdma[TIM_DMA_ID_CC1]->XferHalfCpltCallback = TIM_DMADelayPulseHalfCplt;
1380:Inc/STM32F3xx_HAL_Driver/Src/stm32f3xx_hal_tim_ex.c **** 
1381:Inc/STM32F3xx_HAL_Driver/Src/stm32f3xx_hal_tim_ex.c ****       /* Set the DMA error callback */
1382:Inc/STM32F3xx_HAL_Driver/Src/stm32f3xx_hal_tim_ex.c ****       htim->hdma[TIM_DMA_ID_CC1]->XferErrorCallback = TIM_DMAErrorCCxN ;
1383:Inc/STM32F3xx_HAL_Driver/Src/stm32f3xx_hal_tim_ex.c **** 
1384:Inc/STM32F3xx_HAL_Driver/Src/stm32f3xx_hal_tim_ex.c ****       /* Enable the DMA channel */
1385:Inc/STM32F3xx_HAL_Driver/Src/stm32f3xx_hal_tim_ex.c ****       if (HAL_DMA_Start_IT(htim->hdma[TIM_DMA_ID_CC1], (uint32_t)pData, (uint32_t)&htim->Instance->
1386:Inc/STM32F3xx_HAL_Driver/Src/stm32f3xx_hal_tim_ex.c ****                            Length) != HAL_OK)
1387:Inc/STM32F3xx_HAL_Driver/Src/stm32f3xx_hal_tim_ex.c ****       {
1388:Inc/STM32F3xx_HAL_Driver/Src/stm32f3xx_hal_tim_ex.c ****         /* Return error status */
1389:Inc/STM32F3xx_HAL_Driver/Src/stm32f3xx_hal_tim_ex.c ****         return HAL_ERROR;
1390:Inc/STM32F3xx_HAL_Driver/Src/stm32f3xx_hal_tim_ex.c ****       }
1391:Inc/STM32F3xx_HAL_Driver/Src/stm32f3xx_hal_tim_ex.c ****       /* Enable the TIM Capture/Compare 1 DMA request */
1392:Inc/STM32F3xx_HAL_Driver/Src/stm32f3xx_hal_tim_ex.c ****       __HAL_TIM_ENABLE_DMA(htim, TIM_DMA_CC1);
1393:Inc/STM32F3xx_HAL_Driver/Src/stm32f3xx_hal_tim_ex.c ****       break;
1394:Inc/STM32F3xx_HAL_Driver/Src/stm32f3xx_hal_tim_ex.c ****     }
1395:Inc/STM32F3xx_HAL_Driver/Src/stm32f3xx_hal_tim_ex.c **** 
1396:Inc/STM32F3xx_HAL_Driver/Src/stm32f3xx_hal_tim_ex.c ****     case TIM_CHANNEL_2:
1397:Inc/STM32F3xx_HAL_Driver/Src/stm32f3xx_hal_tim_ex.c ****     {
1398:Inc/STM32F3xx_HAL_Driver/Src/stm32f3xx_hal_tim_ex.c ****       /* Set the DMA compare callbacks */
ARM GAS  /tmp/ccfhaacA.s 			page 26


1399:Inc/STM32F3xx_HAL_Driver/Src/stm32f3xx_hal_tim_ex.c ****       htim->hdma[TIM_DMA_ID_CC2]->XferCpltCallback = TIM_DMADelayPulseNCplt;
1400:Inc/STM32F3xx_HAL_Driver/Src/stm32f3xx_hal_tim_ex.c ****       htim->hdma[TIM_DMA_ID_CC2]->XferHalfCpltCallback = TIM_DMADelayPulseHalfCplt;
1401:Inc/STM32F3xx_HAL_Driver/Src/stm32f3xx_hal_tim_ex.c **** 
1402:Inc/STM32F3xx_HAL_Driver/Src/stm32f3xx_hal_tim_ex.c ****       /* Set the DMA error callback */
1403:Inc/STM32F3xx_HAL_Driver/Src/stm32f3xx_hal_tim_ex.c ****       htim->hdma[TIM_DMA_ID_CC2]->XferErrorCallback = TIM_DMAErrorCCxN ;
1404:Inc/STM32F3xx_HAL_Driver/Src/stm32f3xx_hal_tim_ex.c **** 
1405:Inc/STM32F3xx_HAL_Driver/Src/stm32f3xx_hal_tim_ex.c ****       /* Enable the DMA channel */
1406:Inc/STM32F3xx_HAL_Driver/Src/stm32f3xx_hal_tim_ex.c ****       if (HAL_DMA_Start_IT(htim->hdma[TIM_DMA_ID_CC2], (uint32_t)pData, (uint32_t)&htim->Instance->
1407:Inc/STM32F3xx_HAL_Driver/Src/stm32f3xx_hal_tim_ex.c ****                            Length) != HAL_OK)
1408:Inc/STM32F3xx_HAL_Driver/Src/stm32f3xx_hal_tim_ex.c ****       {
1409:Inc/STM32F3xx_HAL_Driver/Src/stm32f3xx_hal_tim_ex.c ****         /* Return error status */
1410:Inc/STM32F3xx_HAL_Driver/Src/stm32f3xx_hal_tim_ex.c ****         return HAL_ERROR;
1411:Inc/STM32F3xx_HAL_Driver/Src/stm32f3xx_hal_tim_ex.c ****       }
1412:Inc/STM32F3xx_HAL_Driver/Src/stm32f3xx_hal_tim_ex.c ****       /* Enable the TIM Capture/Compare 2 DMA request */
1413:Inc/STM32F3xx_HAL_Driver/Src/stm32f3xx_hal_tim_ex.c ****       __HAL_TIM_ENABLE_DMA(htim, TIM_DMA_CC2);
1414:Inc/STM32F3xx_HAL_Driver/Src/stm32f3xx_hal_tim_ex.c ****       break;
1415:Inc/STM32F3xx_HAL_Driver/Src/stm32f3xx_hal_tim_ex.c ****     }
1416:Inc/STM32F3xx_HAL_Driver/Src/stm32f3xx_hal_tim_ex.c **** 
1417:Inc/STM32F3xx_HAL_Driver/Src/stm32f3xx_hal_tim_ex.c ****     case TIM_CHANNEL_3:
1418:Inc/STM32F3xx_HAL_Driver/Src/stm32f3xx_hal_tim_ex.c ****     {
1419:Inc/STM32F3xx_HAL_Driver/Src/stm32f3xx_hal_tim_ex.c ****       /* Set the DMA compare callbacks */
1420:Inc/STM32F3xx_HAL_Driver/Src/stm32f3xx_hal_tim_ex.c ****       htim->hdma[TIM_DMA_ID_CC3]->XferCpltCallback = TIM_DMADelayPulseNCplt;
1421:Inc/STM32F3xx_HAL_Driver/Src/stm32f3xx_hal_tim_ex.c ****       htim->hdma[TIM_DMA_ID_CC3]->XferHalfCpltCallback = TIM_DMADelayPulseHalfCplt;
1422:Inc/STM32F3xx_HAL_Driver/Src/stm32f3xx_hal_tim_ex.c **** 
1423:Inc/STM32F3xx_HAL_Driver/Src/stm32f3xx_hal_tim_ex.c ****       /* Set the DMA error callback */
1424:Inc/STM32F3xx_HAL_Driver/Src/stm32f3xx_hal_tim_ex.c ****       htim->hdma[TIM_DMA_ID_CC3]->XferErrorCallback = TIM_DMAErrorCCxN ;
1425:Inc/STM32F3xx_HAL_Driver/Src/stm32f3xx_hal_tim_ex.c **** 
1426:Inc/STM32F3xx_HAL_Driver/Src/stm32f3xx_hal_tim_ex.c ****       /* Enable the DMA channel */
1427:Inc/STM32F3xx_HAL_Driver/Src/stm32f3xx_hal_tim_ex.c ****       if (HAL_DMA_Start_IT(htim->hdma[TIM_DMA_ID_CC3], (uint32_t)pData, (uint32_t)&htim->Instance->
1428:Inc/STM32F3xx_HAL_Driver/Src/stm32f3xx_hal_tim_ex.c ****                            Length) != HAL_OK)
1429:Inc/STM32F3xx_HAL_Driver/Src/stm32f3xx_hal_tim_ex.c ****       {
1430:Inc/STM32F3xx_HAL_Driver/Src/stm32f3xx_hal_tim_ex.c ****         /* Return error status */
1431:Inc/STM32F3xx_HAL_Driver/Src/stm32f3xx_hal_tim_ex.c ****         return HAL_ERROR;
1432:Inc/STM32F3xx_HAL_Driver/Src/stm32f3xx_hal_tim_ex.c ****       }
1433:Inc/STM32F3xx_HAL_Driver/Src/stm32f3xx_hal_tim_ex.c ****       /* Enable the TIM Capture/Compare 3 DMA request */
1434:Inc/STM32F3xx_HAL_Driver/Src/stm32f3xx_hal_tim_ex.c ****       __HAL_TIM_ENABLE_DMA(htim, TIM_DMA_CC3);
1435:Inc/STM32F3xx_HAL_Driver/Src/stm32f3xx_hal_tim_ex.c ****       break;
1436:Inc/STM32F3xx_HAL_Driver/Src/stm32f3xx_hal_tim_ex.c ****     }
1437:Inc/STM32F3xx_HAL_Driver/Src/stm32f3xx_hal_tim_ex.c **** 
1438:Inc/STM32F3xx_HAL_Driver/Src/stm32f3xx_hal_tim_ex.c ****     default:
1439:Inc/STM32F3xx_HAL_Driver/Src/stm32f3xx_hal_tim_ex.c ****       status = HAL_ERROR;
1440:Inc/STM32F3xx_HAL_Driver/Src/stm32f3xx_hal_tim_ex.c ****       break;
1441:Inc/STM32F3xx_HAL_Driver/Src/stm32f3xx_hal_tim_ex.c ****   }
1442:Inc/STM32F3xx_HAL_Driver/Src/stm32f3xx_hal_tim_ex.c **** 
1443:Inc/STM32F3xx_HAL_Driver/Src/stm32f3xx_hal_tim_ex.c ****   if (status == HAL_OK)
1444:Inc/STM32F3xx_HAL_Driver/Src/stm32f3xx_hal_tim_ex.c ****   {
1445:Inc/STM32F3xx_HAL_Driver/Src/stm32f3xx_hal_tim_ex.c ****     /* Enable the complementary PWM output  */
1446:Inc/STM32F3xx_HAL_Driver/Src/stm32f3xx_hal_tim_ex.c ****     TIM_CCxNChannelCmd(htim->Instance, Channel, TIM_CCxN_ENABLE);
1447:Inc/STM32F3xx_HAL_Driver/Src/stm32f3xx_hal_tim_ex.c **** 
1448:Inc/STM32F3xx_HAL_Driver/Src/stm32f3xx_hal_tim_ex.c ****     /* Enable the Main Output */
1449:Inc/STM32F3xx_HAL_Driver/Src/stm32f3xx_hal_tim_ex.c ****     __HAL_TIM_MOE_ENABLE(htim);
1450:Inc/STM32F3xx_HAL_Driver/Src/stm32f3xx_hal_tim_ex.c **** 
1451:Inc/STM32F3xx_HAL_Driver/Src/stm32f3xx_hal_tim_ex.c ****     /* Enable the Peripheral, except in trigger mode where enable is automatically done with trigge
1452:Inc/STM32F3xx_HAL_Driver/Src/stm32f3xx_hal_tim_ex.c ****     if (IS_TIM_SLAVE_INSTANCE(htim->Instance))
1453:Inc/STM32F3xx_HAL_Driver/Src/stm32f3xx_hal_tim_ex.c ****     {
1454:Inc/STM32F3xx_HAL_Driver/Src/stm32f3xx_hal_tim_ex.c ****       tmpsmcr = htim->Instance->SMCR & TIM_SMCR_SMS;
1455:Inc/STM32F3xx_HAL_Driver/Src/stm32f3xx_hal_tim_ex.c ****       if (!IS_TIM_SLAVEMODE_TRIGGER_ENABLED(tmpsmcr))
ARM GAS  /tmp/ccfhaacA.s 			page 27


1456:Inc/STM32F3xx_HAL_Driver/Src/stm32f3xx_hal_tim_ex.c ****       {
1457:Inc/STM32F3xx_HAL_Driver/Src/stm32f3xx_hal_tim_ex.c ****         __HAL_TIM_ENABLE(htim);
1458:Inc/STM32F3xx_HAL_Driver/Src/stm32f3xx_hal_tim_ex.c ****       }
1459:Inc/STM32F3xx_HAL_Driver/Src/stm32f3xx_hal_tim_ex.c ****     }
1460:Inc/STM32F3xx_HAL_Driver/Src/stm32f3xx_hal_tim_ex.c ****     else
1461:Inc/STM32F3xx_HAL_Driver/Src/stm32f3xx_hal_tim_ex.c ****     {
1462:Inc/STM32F3xx_HAL_Driver/Src/stm32f3xx_hal_tim_ex.c ****       __HAL_TIM_ENABLE(htim);
1463:Inc/STM32F3xx_HAL_Driver/Src/stm32f3xx_hal_tim_ex.c ****     }
1464:Inc/STM32F3xx_HAL_Driver/Src/stm32f3xx_hal_tim_ex.c ****   }
1465:Inc/STM32F3xx_HAL_Driver/Src/stm32f3xx_hal_tim_ex.c **** 
1466:Inc/STM32F3xx_HAL_Driver/Src/stm32f3xx_hal_tim_ex.c ****   /* Return function status */
1467:Inc/STM32F3xx_HAL_Driver/Src/stm32f3xx_hal_tim_ex.c ****   return status;
1468:Inc/STM32F3xx_HAL_Driver/Src/stm32f3xx_hal_tim_ex.c **** }
1469:Inc/STM32F3xx_HAL_Driver/Src/stm32f3xx_hal_tim_ex.c **** 
1470:Inc/STM32F3xx_HAL_Driver/Src/stm32f3xx_hal_tim_ex.c **** /**
1471:Inc/STM32F3xx_HAL_Driver/Src/stm32f3xx_hal_tim_ex.c ****   * @brief  Stops the TIM PWM signal generation in DMA mode on the complementary
1472:Inc/STM32F3xx_HAL_Driver/Src/stm32f3xx_hal_tim_ex.c ****   *         output
1473:Inc/STM32F3xx_HAL_Driver/Src/stm32f3xx_hal_tim_ex.c ****   * @param  htim TIM handle
1474:Inc/STM32F3xx_HAL_Driver/Src/stm32f3xx_hal_tim_ex.c ****   * @param  Channel TIM Channel to be disabled
1475:Inc/STM32F3xx_HAL_Driver/Src/stm32f3xx_hal_tim_ex.c ****   *          This parameter can be one of the following values:
1476:Inc/STM32F3xx_HAL_Driver/Src/stm32f3xx_hal_tim_ex.c ****   *            @arg TIM_CHANNEL_1: TIM Channel 1 selected
1477:Inc/STM32F3xx_HAL_Driver/Src/stm32f3xx_hal_tim_ex.c ****   *            @arg TIM_CHANNEL_2: TIM Channel 2 selected
1478:Inc/STM32F3xx_HAL_Driver/Src/stm32f3xx_hal_tim_ex.c ****   *            @arg TIM_CHANNEL_3: TIM Channel 3 selected
1479:Inc/STM32F3xx_HAL_Driver/Src/stm32f3xx_hal_tim_ex.c ****   * @retval HAL status
1480:Inc/STM32F3xx_HAL_Driver/Src/stm32f3xx_hal_tim_ex.c ****   */
1481:Inc/STM32F3xx_HAL_Driver/Src/stm32f3xx_hal_tim_ex.c **** HAL_StatusTypeDef HAL_TIMEx_PWMN_Stop_DMA(TIM_HandleTypeDef *htim, uint32_t Channel)
1482:Inc/STM32F3xx_HAL_Driver/Src/stm32f3xx_hal_tim_ex.c **** {
1483:Inc/STM32F3xx_HAL_Driver/Src/stm32f3xx_hal_tim_ex.c ****   HAL_StatusTypeDef status = HAL_OK;
1484:Inc/STM32F3xx_HAL_Driver/Src/stm32f3xx_hal_tim_ex.c **** 
1485:Inc/STM32F3xx_HAL_Driver/Src/stm32f3xx_hal_tim_ex.c ****   /* Check the parameters */
1486:Inc/STM32F3xx_HAL_Driver/Src/stm32f3xx_hal_tim_ex.c ****   assert_param(IS_TIM_CCXN_INSTANCE(htim->Instance, Channel));
1487:Inc/STM32F3xx_HAL_Driver/Src/stm32f3xx_hal_tim_ex.c **** 
1488:Inc/STM32F3xx_HAL_Driver/Src/stm32f3xx_hal_tim_ex.c ****   switch (Channel)
1489:Inc/STM32F3xx_HAL_Driver/Src/stm32f3xx_hal_tim_ex.c ****   {
1490:Inc/STM32F3xx_HAL_Driver/Src/stm32f3xx_hal_tim_ex.c ****     case TIM_CHANNEL_1:
1491:Inc/STM32F3xx_HAL_Driver/Src/stm32f3xx_hal_tim_ex.c ****     {
1492:Inc/STM32F3xx_HAL_Driver/Src/stm32f3xx_hal_tim_ex.c ****       /* Disable the TIM Capture/Compare 1 DMA request */
1493:Inc/STM32F3xx_HAL_Driver/Src/stm32f3xx_hal_tim_ex.c ****       __HAL_TIM_DISABLE_DMA(htim, TIM_DMA_CC1);
1494:Inc/STM32F3xx_HAL_Driver/Src/stm32f3xx_hal_tim_ex.c ****       (void)HAL_DMA_Abort_IT(htim->hdma[TIM_DMA_ID_CC1]);
1495:Inc/STM32F3xx_HAL_Driver/Src/stm32f3xx_hal_tim_ex.c ****       break;
1496:Inc/STM32F3xx_HAL_Driver/Src/stm32f3xx_hal_tim_ex.c ****     }
1497:Inc/STM32F3xx_HAL_Driver/Src/stm32f3xx_hal_tim_ex.c **** 
1498:Inc/STM32F3xx_HAL_Driver/Src/stm32f3xx_hal_tim_ex.c ****     case TIM_CHANNEL_2:
1499:Inc/STM32F3xx_HAL_Driver/Src/stm32f3xx_hal_tim_ex.c ****     {
1500:Inc/STM32F3xx_HAL_Driver/Src/stm32f3xx_hal_tim_ex.c ****       /* Disable the TIM Capture/Compare 2 DMA request */
1501:Inc/STM32F3xx_HAL_Driver/Src/stm32f3xx_hal_tim_ex.c ****       __HAL_TIM_DISABLE_DMA(htim, TIM_DMA_CC2);
1502:Inc/STM32F3xx_HAL_Driver/Src/stm32f3xx_hal_tim_ex.c ****       (void)HAL_DMA_Abort_IT(htim->hdma[TIM_DMA_ID_CC2]);
1503:Inc/STM32F3xx_HAL_Driver/Src/stm32f3xx_hal_tim_ex.c ****       break;
1504:Inc/STM32F3xx_HAL_Driver/Src/stm32f3xx_hal_tim_ex.c ****     }
1505:Inc/STM32F3xx_HAL_Driver/Src/stm32f3xx_hal_tim_ex.c **** 
1506:Inc/STM32F3xx_HAL_Driver/Src/stm32f3xx_hal_tim_ex.c ****     case TIM_CHANNEL_3:
1507:Inc/STM32F3xx_HAL_Driver/Src/stm32f3xx_hal_tim_ex.c ****     {
1508:Inc/STM32F3xx_HAL_Driver/Src/stm32f3xx_hal_tim_ex.c ****       /* Disable the TIM Capture/Compare 3 DMA request */
1509:Inc/STM32F3xx_HAL_Driver/Src/stm32f3xx_hal_tim_ex.c ****       __HAL_TIM_DISABLE_DMA(htim, TIM_DMA_CC3);
1510:Inc/STM32F3xx_HAL_Driver/Src/stm32f3xx_hal_tim_ex.c ****       (void)HAL_DMA_Abort_IT(htim->hdma[TIM_DMA_ID_CC3]);
1511:Inc/STM32F3xx_HAL_Driver/Src/stm32f3xx_hal_tim_ex.c ****       break;
1512:Inc/STM32F3xx_HAL_Driver/Src/stm32f3xx_hal_tim_ex.c ****     }
ARM GAS  /tmp/ccfhaacA.s 			page 28


1513:Inc/STM32F3xx_HAL_Driver/Src/stm32f3xx_hal_tim_ex.c **** 
1514:Inc/STM32F3xx_HAL_Driver/Src/stm32f3xx_hal_tim_ex.c ****     default:
1515:Inc/STM32F3xx_HAL_Driver/Src/stm32f3xx_hal_tim_ex.c ****       status = HAL_ERROR;
1516:Inc/STM32F3xx_HAL_Driver/Src/stm32f3xx_hal_tim_ex.c ****       break;
1517:Inc/STM32F3xx_HAL_Driver/Src/stm32f3xx_hal_tim_ex.c ****   }
1518:Inc/STM32F3xx_HAL_Driver/Src/stm32f3xx_hal_tim_ex.c **** 
1519:Inc/STM32F3xx_HAL_Driver/Src/stm32f3xx_hal_tim_ex.c ****   if (status == HAL_OK)
1520:Inc/STM32F3xx_HAL_Driver/Src/stm32f3xx_hal_tim_ex.c ****   {
1521:Inc/STM32F3xx_HAL_Driver/Src/stm32f3xx_hal_tim_ex.c ****     /* Disable the complementary PWM output */
1522:Inc/STM32F3xx_HAL_Driver/Src/stm32f3xx_hal_tim_ex.c ****     TIM_CCxNChannelCmd(htim->Instance, Channel, TIM_CCxN_DISABLE);
1523:Inc/STM32F3xx_HAL_Driver/Src/stm32f3xx_hal_tim_ex.c **** 
1524:Inc/STM32F3xx_HAL_Driver/Src/stm32f3xx_hal_tim_ex.c ****     /* Disable the Main Output */
1525:Inc/STM32F3xx_HAL_Driver/Src/stm32f3xx_hal_tim_ex.c ****     __HAL_TIM_MOE_DISABLE(htim);
1526:Inc/STM32F3xx_HAL_Driver/Src/stm32f3xx_hal_tim_ex.c **** 
1527:Inc/STM32F3xx_HAL_Driver/Src/stm32f3xx_hal_tim_ex.c ****     /* Disable the Peripheral */
1528:Inc/STM32F3xx_HAL_Driver/Src/stm32f3xx_hal_tim_ex.c ****     __HAL_TIM_DISABLE(htim);
1529:Inc/STM32F3xx_HAL_Driver/Src/stm32f3xx_hal_tim_ex.c **** 
1530:Inc/STM32F3xx_HAL_Driver/Src/stm32f3xx_hal_tim_ex.c ****     /* Set the TIM complementary channel state */
1531:Inc/STM32F3xx_HAL_Driver/Src/stm32f3xx_hal_tim_ex.c ****     TIM_CHANNEL_N_STATE_SET(htim, Channel, HAL_TIM_CHANNEL_STATE_READY);
1532:Inc/STM32F3xx_HAL_Driver/Src/stm32f3xx_hal_tim_ex.c ****   }
1533:Inc/STM32F3xx_HAL_Driver/Src/stm32f3xx_hal_tim_ex.c **** 
1534:Inc/STM32F3xx_HAL_Driver/Src/stm32f3xx_hal_tim_ex.c ****   /* Return function status */
1535:Inc/STM32F3xx_HAL_Driver/Src/stm32f3xx_hal_tim_ex.c ****   return status;
1536:Inc/STM32F3xx_HAL_Driver/Src/stm32f3xx_hal_tim_ex.c **** }
1537:Inc/STM32F3xx_HAL_Driver/Src/stm32f3xx_hal_tim_ex.c **** 
1538:Inc/STM32F3xx_HAL_Driver/Src/stm32f3xx_hal_tim_ex.c **** /**
1539:Inc/STM32F3xx_HAL_Driver/Src/stm32f3xx_hal_tim_ex.c ****   * @}
1540:Inc/STM32F3xx_HAL_Driver/Src/stm32f3xx_hal_tim_ex.c ****   */
1541:Inc/STM32F3xx_HAL_Driver/Src/stm32f3xx_hal_tim_ex.c **** 
1542:Inc/STM32F3xx_HAL_Driver/Src/stm32f3xx_hal_tim_ex.c **** /** @defgroup TIMEx_Exported_Functions_Group4 Extended Timer Complementary One Pulse functions
1543:Inc/STM32F3xx_HAL_Driver/Src/stm32f3xx_hal_tim_ex.c ****   * @brief    Timer Complementary One Pulse functions
1544:Inc/STM32F3xx_HAL_Driver/Src/stm32f3xx_hal_tim_ex.c ****   *
1545:Inc/STM32F3xx_HAL_Driver/Src/stm32f3xx_hal_tim_ex.c **** @verbatim
1546:Inc/STM32F3xx_HAL_Driver/Src/stm32f3xx_hal_tim_ex.c ****   ==============================================================================
1547:Inc/STM32F3xx_HAL_Driver/Src/stm32f3xx_hal_tim_ex.c ****                 ##### Timer Complementary One Pulse functions #####
1548:Inc/STM32F3xx_HAL_Driver/Src/stm32f3xx_hal_tim_ex.c ****   ==============================================================================
1549:Inc/STM32F3xx_HAL_Driver/Src/stm32f3xx_hal_tim_ex.c ****   [..]
1550:Inc/STM32F3xx_HAL_Driver/Src/stm32f3xx_hal_tim_ex.c ****     This section provides functions allowing to:
1551:Inc/STM32F3xx_HAL_Driver/Src/stm32f3xx_hal_tim_ex.c ****     (+) Start the Complementary One Pulse generation.
1552:Inc/STM32F3xx_HAL_Driver/Src/stm32f3xx_hal_tim_ex.c ****     (+) Stop the Complementary One Pulse.
1553:Inc/STM32F3xx_HAL_Driver/Src/stm32f3xx_hal_tim_ex.c ****     (+) Start the Complementary One Pulse and enable interrupts.
1554:Inc/STM32F3xx_HAL_Driver/Src/stm32f3xx_hal_tim_ex.c ****     (+) Stop the Complementary One Pulse and disable interrupts.
1555:Inc/STM32F3xx_HAL_Driver/Src/stm32f3xx_hal_tim_ex.c **** 
1556:Inc/STM32F3xx_HAL_Driver/Src/stm32f3xx_hal_tim_ex.c **** @endverbatim
1557:Inc/STM32F3xx_HAL_Driver/Src/stm32f3xx_hal_tim_ex.c ****   * @{
1558:Inc/STM32F3xx_HAL_Driver/Src/stm32f3xx_hal_tim_ex.c ****   */
1559:Inc/STM32F3xx_HAL_Driver/Src/stm32f3xx_hal_tim_ex.c **** 
1560:Inc/STM32F3xx_HAL_Driver/Src/stm32f3xx_hal_tim_ex.c **** /**
1561:Inc/STM32F3xx_HAL_Driver/Src/stm32f3xx_hal_tim_ex.c ****   * @brief  Starts the TIM One Pulse signal generation on the complementary
1562:Inc/STM32F3xx_HAL_Driver/Src/stm32f3xx_hal_tim_ex.c ****   *         output.
1563:Inc/STM32F3xx_HAL_Driver/Src/stm32f3xx_hal_tim_ex.c ****   * @note OutputChannel must match the pulse output channel chosen when calling
1564:Inc/STM32F3xx_HAL_Driver/Src/stm32f3xx_hal_tim_ex.c ****   *       @ref HAL_TIM_OnePulse_ConfigChannel().
1565:Inc/STM32F3xx_HAL_Driver/Src/stm32f3xx_hal_tim_ex.c ****   * @param  htim TIM One Pulse handle
1566:Inc/STM32F3xx_HAL_Driver/Src/stm32f3xx_hal_tim_ex.c ****   * @param  OutputChannel pulse output channel to enable
1567:Inc/STM32F3xx_HAL_Driver/Src/stm32f3xx_hal_tim_ex.c ****   *          This parameter can be one of the following values:
1568:Inc/STM32F3xx_HAL_Driver/Src/stm32f3xx_hal_tim_ex.c ****   *            @arg TIM_CHANNEL_1: TIM Channel 1 selected
1569:Inc/STM32F3xx_HAL_Driver/Src/stm32f3xx_hal_tim_ex.c ****   *            @arg TIM_CHANNEL_2: TIM Channel 2 selected
ARM GAS  /tmp/ccfhaacA.s 			page 29


1570:Inc/STM32F3xx_HAL_Driver/Src/stm32f3xx_hal_tim_ex.c ****   * @retval HAL status
1571:Inc/STM32F3xx_HAL_Driver/Src/stm32f3xx_hal_tim_ex.c ****   */
1572:Inc/STM32F3xx_HAL_Driver/Src/stm32f3xx_hal_tim_ex.c **** HAL_StatusTypeDef HAL_TIMEx_OnePulseN_Start(TIM_HandleTypeDef *htim, uint32_t OutputChannel)
1573:Inc/STM32F3xx_HAL_Driver/Src/stm32f3xx_hal_tim_ex.c **** {
1574:Inc/STM32F3xx_HAL_Driver/Src/stm32f3xx_hal_tim_ex.c ****   uint32_t input_channel = (OutputChannel == TIM_CHANNEL_1) ? TIM_CHANNEL_2 : TIM_CHANNEL_1;
1575:Inc/STM32F3xx_HAL_Driver/Src/stm32f3xx_hal_tim_ex.c ****   HAL_TIM_ChannelStateTypeDef channel_1_state = TIM_CHANNEL_STATE_GET(htim, TIM_CHANNEL_1);
1576:Inc/STM32F3xx_HAL_Driver/Src/stm32f3xx_hal_tim_ex.c ****   HAL_TIM_ChannelStateTypeDef channel_2_state = TIM_CHANNEL_STATE_GET(htim, TIM_CHANNEL_2);
1577:Inc/STM32F3xx_HAL_Driver/Src/stm32f3xx_hal_tim_ex.c ****   HAL_TIM_ChannelStateTypeDef complementary_channel_1_state = TIM_CHANNEL_N_STATE_GET(htim, TIM_CHA
1578:Inc/STM32F3xx_HAL_Driver/Src/stm32f3xx_hal_tim_ex.c ****   HAL_TIM_ChannelStateTypeDef complementary_channel_2_state = TIM_CHANNEL_N_STATE_GET(htim, TIM_CHA
1579:Inc/STM32F3xx_HAL_Driver/Src/stm32f3xx_hal_tim_ex.c **** 
1580:Inc/STM32F3xx_HAL_Driver/Src/stm32f3xx_hal_tim_ex.c ****   /* Check the parameters */
1581:Inc/STM32F3xx_HAL_Driver/Src/stm32f3xx_hal_tim_ex.c ****   assert_param(IS_TIM_CCXN_INSTANCE(htim->Instance, OutputChannel));
1582:Inc/STM32F3xx_HAL_Driver/Src/stm32f3xx_hal_tim_ex.c **** 
1583:Inc/STM32F3xx_HAL_Driver/Src/stm32f3xx_hal_tim_ex.c ****   /* Check the TIM channels state */
1584:Inc/STM32F3xx_HAL_Driver/Src/stm32f3xx_hal_tim_ex.c ****   if ((channel_1_state != HAL_TIM_CHANNEL_STATE_READY)
1585:Inc/STM32F3xx_HAL_Driver/Src/stm32f3xx_hal_tim_ex.c ****       || (channel_2_state != HAL_TIM_CHANNEL_STATE_READY)
1586:Inc/STM32F3xx_HAL_Driver/Src/stm32f3xx_hal_tim_ex.c ****       || (complementary_channel_1_state != HAL_TIM_CHANNEL_STATE_READY)
1587:Inc/STM32F3xx_HAL_Driver/Src/stm32f3xx_hal_tim_ex.c ****       || (complementary_channel_2_state != HAL_TIM_CHANNEL_STATE_READY))
1588:Inc/STM32F3xx_HAL_Driver/Src/stm32f3xx_hal_tim_ex.c ****   {
1589:Inc/STM32F3xx_HAL_Driver/Src/stm32f3xx_hal_tim_ex.c ****     return HAL_ERROR;
1590:Inc/STM32F3xx_HAL_Driver/Src/stm32f3xx_hal_tim_ex.c ****   }
1591:Inc/STM32F3xx_HAL_Driver/Src/stm32f3xx_hal_tim_ex.c **** 
1592:Inc/STM32F3xx_HAL_Driver/Src/stm32f3xx_hal_tim_ex.c ****   /* Set the TIM channels state */
1593:Inc/STM32F3xx_HAL_Driver/Src/stm32f3xx_hal_tim_ex.c ****   TIM_CHANNEL_STATE_SET(htim, TIM_CHANNEL_1, HAL_TIM_CHANNEL_STATE_BUSY);
1594:Inc/STM32F3xx_HAL_Driver/Src/stm32f3xx_hal_tim_ex.c ****   TIM_CHANNEL_STATE_SET(htim, TIM_CHANNEL_2, HAL_TIM_CHANNEL_STATE_BUSY);
1595:Inc/STM32F3xx_HAL_Driver/Src/stm32f3xx_hal_tim_ex.c ****   TIM_CHANNEL_N_STATE_SET(htim, TIM_CHANNEL_1, HAL_TIM_CHANNEL_STATE_BUSY);
1596:Inc/STM32F3xx_HAL_Driver/Src/stm32f3xx_hal_tim_ex.c ****   TIM_CHANNEL_N_STATE_SET(htim, TIM_CHANNEL_2, HAL_TIM_CHANNEL_STATE_BUSY);
1597:Inc/STM32F3xx_HAL_Driver/Src/stm32f3xx_hal_tim_ex.c **** 
1598:Inc/STM32F3xx_HAL_Driver/Src/stm32f3xx_hal_tim_ex.c ****   /* Enable the complementary One Pulse output channel and the Input Capture channel */
1599:Inc/STM32F3xx_HAL_Driver/Src/stm32f3xx_hal_tim_ex.c ****   TIM_CCxNChannelCmd(htim->Instance, OutputChannel, TIM_CCxN_ENABLE);
1600:Inc/STM32F3xx_HAL_Driver/Src/stm32f3xx_hal_tim_ex.c ****   TIM_CCxChannelCmd(htim->Instance, input_channel, TIM_CCx_ENABLE);
1601:Inc/STM32F3xx_HAL_Driver/Src/stm32f3xx_hal_tim_ex.c **** 
1602:Inc/STM32F3xx_HAL_Driver/Src/stm32f3xx_hal_tim_ex.c ****   /* Enable the Main Output */
1603:Inc/STM32F3xx_HAL_Driver/Src/stm32f3xx_hal_tim_ex.c ****   __HAL_TIM_MOE_ENABLE(htim);
1604:Inc/STM32F3xx_HAL_Driver/Src/stm32f3xx_hal_tim_ex.c **** 
1605:Inc/STM32F3xx_HAL_Driver/Src/stm32f3xx_hal_tim_ex.c ****   /* Return function status */
1606:Inc/STM32F3xx_HAL_Driver/Src/stm32f3xx_hal_tim_ex.c ****   return HAL_OK;
1607:Inc/STM32F3xx_HAL_Driver/Src/stm32f3xx_hal_tim_ex.c **** }
1608:Inc/STM32F3xx_HAL_Driver/Src/stm32f3xx_hal_tim_ex.c **** 
1609:Inc/STM32F3xx_HAL_Driver/Src/stm32f3xx_hal_tim_ex.c **** /**
1610:Inc/STM32F3xx_HAL_Driver/Src/stm32f3xx_hal_tim_ex.c ****   * @brief  Stops the TIM One Pulse signal generation on the complementary
1611:Inc/STM32F3xx_HAL_Driver/Src/stm32f3xx_hal_tim_ex.c ****   *         output.
1612:Inc/STM32F3xx_HAL_Driver/Src/stm32f3xx_hal_tim_ex.c ****   * @note OutputChannel must match the pulse output channel chosen when calling
1613:Inc/STM32F3xx_HAL_Driver/Src/stm32f3xx_hal_tim_ex.c ****   *       @ref HAL_TIM_OnePulse_ConfigChannel().
1614:Inc/STM32F3xx_HAL_Driver/Src/stm32f3xx_hal_tim_ex.c ****   * @param  htim TIM One Pulse handle
1615:Inc/STM32F3xx_HAL_Driver/Src/stm32f3xx_hal_tim_ex.c ****   * @param  OutputChannel pulse output channel to disable
1616:Inc/STM32F3xx_HAL_Driver/Src/stm32f3xx_hal_tim_ex.c ****   *          This parameter can be one of the following values:
1617:Inc/STM32F3xx_HAL_Driver/Src/stm32f3xx_hal_tim_ex.c ****   *            @arg TIM_CHANNEL_1: TIM Channel 1 selected
1618:Inc/STM32F3xx_HAL_Driver/Src/stm32f3xx_hal_tim_ex.c ****   *            @arg TIM_CHANNEL_2: TIM Channel 2 selected
1619:Inc/STM32F3xx_HAL_Driver/Src/stm32f3xx_hal_tim_ex.c ****   * @retval HAL status
1620:Inc/STM32F3xx_HAL_Driver/Src/stm32f3xx_hal_tim_ex.c ****   */
1621:Inc/STM32F3xx_HAL_Driver/Src/stm32f3xx_hal_tim_ex.c **** HAL_StatusTypeDef HAL_TIMEx_OnePulseN_Stop(TIM_HandleTypeDef *htim, uint32_t OutputChannel)
1622:Inc/STM32F3xx_HAL_Driver/Src/stm32f3xx_hal_tim_ex.c **** {
1623:Inc/STM32F3xx_HAL_Driver/Src/stm32f3xx_hal_tim_ex.c ****   uint32_t input_channel = (OutputChannel == TIM_CHANNEL_1) ? TIM_CHANNEL_2 : TIM_CHANNEL_1;
1624:Inc/STM32F3xx_HAL_Driver/Src/stm32f3xx_hal_tim_ex.c **** 
1625:Inc/STM32F3xx_HAL_Driver/Src/stm32f3xx_hal_tim_ex.c ****   /* Check the parameters */
1626:Inc/STM32F3xx_HAL_Driver/Src/stm32f3xx_hal_tim_ex.c ****   assert_param(IS_TIM_CCXN_INSTANCE(htim->Instance, OutputChannel));
ARM GAS  /tmp/ccfhaacA.s 			page 30


1627:Inc/STM32F3xx_HAL_Driver/Src/stm32f3xx_hal_tim_ex.c **** 
1628:Inc/STM32F3xx_HAL_Driver/Src/stm32f3xx_hal_tim_ex.c ****   /* Disable the complementary One Pulse output channel and the Input Capture channel */
1629:Inc/STM32F3xx_HAL_Driver/Src/stm32f3xx_hal_tim_ex.c ****   TIM_CCxNChannelCmd(htim->Instance, OutputChannel, TIM_CCxN_DISABLE);
1630:Inc/STM32F3xx_HAL_Driver/Src/stm32f3xx_hal_tim_ex.c ****   TIM_CCxChannelCmd(htim->Instance, input_channel, TIM_CCx_DISABLE);
1631:Inc/STM32F3xx_HAL_Driver/Src/stm32f3xx_hal_tim_ex.c **** 
1632:Inc/STM32F3xx_HAL_Driver/Src/stm32f3xx_hal_tim_ex.c ****   /* Disable the Main Output */
1633:Inc/STM32F3xx_HAL_Driver/Src/stm32f3xx_hal_tim_ex.c ****   __HAL_TIM_MOE_DISABLE(htim);
1634:Inc/STM32F3xx_HAL_Driver/Src/stm32f3xx_hal_tim_ex.c **** 
1635:Inc/STM32F3xx_HAL_Driver/Src/stm32f3xx_hal_tim_ex.c ****   /* Disable the Peripheral */
1636:Inc/STM32F3xx_HAL_Driver/Src/stm32f3xx_hal_tim_ex.c ****   __HAL_TIM_DISABLE(htim);
1637:Inc/STM32F3xx_HAL_Driver/Src/stm32f3xx_hal_tim_ex.c **** 
1638:Inc/STM32F3xx_HAL_Driver/Src/stm32f3xx_hal_tim_ex.c ****   /* Set the TIM  channels state */
1639:Inc/STM32F3xx_HAL_Driver/Src/stm32f3xx_hal_tim_ex.c ****   TIM_CHANNEL_STATE_SET(htim, TIM_CHANNEL_1, HAL_TIM_CHANNEL_STATE_READY);
1640:Inc/STM32F3xx_HAL_Driver/Src/stm32f3xx_hal_tim_ex.c ****   TIM_CHANNEL_STATE_SET(htim, TIM_CHANNEL_2, HAL_TIM_CHANNEL_STATE_READY);
1641:Inc/STM32F3xx_HAL_Driver/Src/stm32f3xx_hal_tim_ex.c ****   TIM_CHANNEL_N_STATE_SET(htim, TIM_CHANNEL_1, HAL_TIM_CHANNEL_STATE_READY);
1642:Inc/STM32F3xx_HAL_Driver/Src/stm32f3xx_hal_tim_ex.c ****   TIM_CHANNEL_N_STATE_SET(htim, TIM_CHANNEL_2, HAL_TIM_CHANNEL_STATE_READY);
1643:Inc/STM32F3xx_HAL_Driver/Src/stm32f3xx_hal_tim_ex.c **** 
1644:Inc/STM32F3xx_HAL_Driver/Src/stm32f3xx_hal_tim_ex.c ****   /* Return function status */
1645:Inc/STM32F3xx_HAL_Driver/Src/stm32f3xx_hal_tim_ex.c ****   return HAL_OK;
1646:Inc/STM32F3xx_HAL_Driver/Src/stm32f3xx_hal_tim_ex.c **** }
1647:Inc/STM32F3xx_HAL_Driver/Src/stm32f3xx_hal_tim_ex.c **** 
1648:Inc/STM32F3xx_HAL_Driver/Src/stm32f3xx_hal_tim_ex.c **** /**
1649:Inc/STM32F3xx_HAL_Driver/Src/stm32f3xx_hal_tim_ex.c ****   * @brief  Starts the TIM One Pulse signal generation in interrupt mode on the
1650:Inc/STM32F3xx_HAL_Driver/Src/stm32f3xx_hal_tim_ex.c ****   *         complementary channel.
1651:Inc/STM32F3xx_HAL_Driver/Src/stm32f3xx_hal_tim_ex.c ****   * @note OutputChannel must match the pulse output channel chosen when calling
1652:Inc/STM32F3xx_HAL_Driver/Src/stm32f3xx_hal_tim_ex.c ****   *       @ref HAL_TIM_OnePulse_ConfigChannel().
1653:Inc/STM32F3xx_HAL_Driver/Src/stm32f3xx_hal_tim_ex.c ****   * @param  htim TIM One Pulse handle
1654:Inc/STM32F3xx_HAL_Driver/Src/stm32f3xx_hal_tim_ex.c ****   * @param  OutputChannel pulse output channel to enable
1655:Inc/STM32F3xx_HAL_Driver/Src/stm32f3xx_hal_tim_ex.c ****   *          This parameter can be one of the following values:
1656:Inc/STM32F3xx_HAL_Driver/Src/stm32f3xx_hal_tim_ex.c ****   *            @arg TIM_CHANNEL_1: TIM Channel 1 selected
1657:Inc/STM32F3xx_HAL_Driver/Src/stm32f3xx_hal_tim_ex.c ****   *            @arg TIM_CHANNEL_2: TIM Channel 2 selected
1658:Inc/STM32F3xx_HAL_Driver/Src/stm32f3xx_hal_tim_ex.c ****   * @retval HAL status
1659:Inc/STM32F3xx_HAL_Driver/Src/stm32f3xx_hal_tim_ex.c ****   */
1660:Inc/STM32F3xx_HAL_Driver/Src/stm32f3xx_hal_tim_ex.c **** HAL_StatusTypeDef HAL_TIMEx_OnePulseN_Start_IT(TIM_HandleTypeDef *htim, uint32_t OutputChannel)
1661:Inc/STM32F3xx_HAL_Driver/Src/stm32f3xx_hal_tim_ex.c **** {
1662:Inc/STM32F3xx_HAL_Driver/Src/stm32f3xx_hal_tim_ex.c ****   uint32_t input_channel = (OutputChannel == TIM_CHANNEL_1) ? TIM_CHANNEL_2 : TIM_CHANNEL_1;
1663:Inc/STM32F3xx_HAL_Driver/Src/stm32f3xx_hal_tim_ex.c ****   HAL_TIM_ChannelStateTypeDef channel_1_state = TIM_CHANNEL_STATE_GET(htim, TIM_CHANNEL_1);
1664:Inc/STM32F3xx_HAL_Driver/Src/stm32f3xx_hal_tim_ex.c ****   HAL_TIM_ChannelStateTypeDef channel_2_state = TIM_CHANNEL_STATE_GET(htim, TIM_CHANNEL_2);
1665:Inc/STM32F3xx_HAL_Driver/Src/stm32f3xx_hal_tim_ex.c ****   HAL_TIM_ChannelStateTypeDef complementary_channel_1_state = TIM_CHANNEL_N_STATE_GET(htim, TIM_CHA
1666:Inc/STM32F3xx_HAL_Driver/Src/stm32f3xx_hal_tim_ex.c ****   HAL_TIM_ChannelStateTypeDef complementary_channel_2_state = TIM_CHANNEL_N_STATE_GET(htim, TIM_CHA
1667:Inc/STM32F3xx_HAL_Driver/Src/stm32f3xx_hal_tim_ex.c **** 
1668:Inc/STM32F3xx_HAL_Driver/Src/stm32f3xx_hal_tim_ex.c ****   /* Check the parameters */
1669:Inc/STM32F3xx_HAL_Driver/Src/stm32f3xx_hal_tim_ex.c ****   assert_param(IS_TIM_CCXN_INSTANCE(htim->Instance, OutputChannel));
1670:Inc/STM32F3xx_HAL_Driver/Src/stm32f3xx_hal_tim_ex.c **** 
1671:Inc/STM32F3xx_HAL_Driver/Src/stm32f3xx_hal_tim_ex.c ****   /* Check the TIM channels state */
1672:Inc/STM32F3xx_HAL_Driver/Src/stm32f3xx_hal_tim_ex.c ****   if ((channel_1_state != HAL_TIM_CHANNEL_STATE_READY)
1673:Inc/STM32F3xx_HAL_Driver/Src/stm32f3xx_hal_tim_ex.c ****       || (channel_2_state != HAL_TIM_CHANNEL_STATE_READY)
1674:Inc/STM32F3xx_HAL_Driver/Src/stm32f3xx_hal_tim_ex.c ****       || (complementary_channel_1_state != HAL_TIM_CHANNEL_STATE_READY)
1675:Inc/STM32F3xx_HAL_Driver/Src/stm32f3xx_hal_tim_ex.c ****       || (complementary_channel_2_state != HAL_TIM_CHANNEL_STATE_READY))
1676:Inc/STM32F3xx_HAL_Driver/Src/stm32f3xx_hal_tim_ex.c ****   {
1677:Inc/STM32F3xx_HAL_Driver/Src/stm32f3xx_hal_tim_ex.c ****     return HAL_ERROR;
1678:Inc/STM32F3xx_HAL_Driver/Src/stm32f3xx_hal_tim_ex.c ****   }
1679:Inc/STM32F3xx_HAL_Driver/Src/stm32f3xx_hal_tim_ex.c **** 
1680:Inc/STM32F3xx_HAL_Driver/Src/stm32f3xx_hal_tim_ex.c ****   /* Set the TIM channels state */
1681:Inc/STM32F3xx_HAL_Driver/Src/stm32f3xx_hal_tim_ex.c ****   TIM_CHANNEL_STATE_SET(htim, TIM_CHANNEL_1, HAL_TIM_CHANNEL_STATE_BUSY);
1682:Inc/STM32F3xx_HAL_Driver/Src/stm32f3xx_hal_tim_ex.c ****   TIM_CHANNEL_STATE_SET(htim, TIM_CHANNEL_2, HAL_TIM_CHANNEL_STATE_BUSY);
1683:Inc/STM32F3xx_HAL_Driver/Src/stm32f3xx_hal_tim_ex.c ****   TIM_CHANNEL_N_STATE_SET(htim, TIM_CHANNEL_1, HAL_TIM_CHANNEL_STATE_BUSY);
ARM GAS  /tmp/ccfhaacA.s 			page 31


1684:Inc/STM32F3xx_HAL_Driver/Src/stm32f3xx_hal_tim_ex.c ****   TIM_CHANNEL_N_STATE_SET(htim, TIM_CHANNEL_2, HAL_TIM_CHANNEL_STATE_BUSY);
1685:Inc/STM32F3xx_HAL_Driver/Src/stm32f3xx_hal_tim_ex.c **** 
1686:Inc/STM32F3xx_HAL_Driver/Src/stm32f3xx_hal_tim_ex.c ****   /* Enable the TIM Capture/Compare 1 interrupt */
1687:Inc/STM32F3xx_HAL_Driver/Src/stm32f3xx_hal_tim_ex.c ****   __HAL_TIM_ENABLE_IT(htim, TIM_IT_CC1);
1688:Inc/STM32F3xx_HAL_Driver/Src/stm32f3xx_hal_tim_ex.c **** 
1689:Inc/STM32F3xx_HAL_Driver/Src/stm32f3xx_hal_tim_ex.c ****   /* Enable the TIM Capture/Compare 2 interrupt */
1690:Inc/STM32F3xx_HAL_Driver/Src/stm32f3xx_hal_tim_ex.c ****   __HAL_TIM_ENABLE_IT(htim, TIM_IT_CC2);
1691:Inc/STM32F3xx_HAL_Driver/Src/stm32f3xx_hal_tim_ex.c **** 
1692:Inc/STM32F3xx_HAL_Driver/Src/stm32f3xx_hal_tim_ex.c ****   /* Enable the complementary One Pulse output channel and the Input Capture channel */
1693:Inc/STM32F3xx_HAL_Driver/Src/stm32f3xx_hal_tim_ex.c ****   TIM_CCxNChannelCmd(htim->Instance, OutputChannel, TIM_CCxN_ENABLE);
1694:Inc/STM32F3xx_HAL_Driver/Src/stm32f3xx_hal_tim_ex.c ****   TIM_CCxChannelCmd(htim->Instance, input_channel, TIM_CCx_ENABLE);
1695:Inc/STM32F3xx_HAL_Driver/Src/stm32f3xx_hal_tim_ex.c **** 
1696:Inc/STM32F3xx_HAL_Driver/Src/stm32f3xx_hal_tim_ex.c ****   /* Enable the Main Output */
1697:Inc/STM32F3xx_HAL_Driver/Src/stm32f3xx_hal_tim_ex.c ****   __HAL_TIM_MOE_ENABLE(htim);
1698:Inc/STM32F3xx_HAL_Driver/Src/stm32f3xx_hal_tim_ex.c **** 
1699:Inc/STM32F3xx_HAL_Driver/Src/stm32f3xx_hal_tim_ex.c ****   /* Return function status */
1700:Inc/STM32F3xx_HAL_Driver/Src/stm32f3xx_hal_tim_ex.c ****   return HAL_OK;
1701:Inc/STM32F3xx_HAL_Driver/Src/stm32f3xx_hal_tim_ex.c **** }
1702:Inc/STM32F3xx_HAL_Driver/Src/stm32f3xx_hal_tim_ex.c **** 
1703:Inc/STM32F3xx_HAL_Driver/Src/stm32f3xx_hal_tim_ex.c **** /**
1704:Inc/STM32F3xx_HAL_Driver/Src/stm32f3xx_hal_tim_ex.c ****   * @brief  Stops the TIM One Pulse signal generation in interrupt mode on the
1705:Inc/STM32F3xx_HAL_Driver/Src/stm32f3xx_hal_tim_ex.c ****   *         complementary channel.
1706:Inc/STM32F3xx_HAL_Driver/Src/stm32f3xx_hal_tim_ex.c ****   * @note OutputChannel must match the pulse output channel chosen when calling
1707:Inc/STM32F3xx_HAL_Driver/Src/stm32f3xx_hal_tim_ex.c ****   *       @ref HAL_TIM_OnePulse_ConfigChannel().
1708:Inc/STM32F3xx_HAL_Driver/Src/stm32f3xx_hal_tim_ex.c ****   * @param  htim TIM One Pulse handle
1709:Inc/STM32F3xx_HAL_Driver/Src/stm32f3xx_hal_tim_ex.c ****   * @param  OutputChannel pulse output channel to disable
1710:Inc/STM32F3xx_HAL_Driver/Src/stm32f3xx_hal_tim_ex.c ****   *          This parameter can be one of the following values:
1711:Inc/STM32F3xx_HAL_Driver/Src/stm32f3xx_hal_tim_ex.c ****   *            @arg TIM_CHANNEL_1: TIM Channel 1 selected
1712:Inc/STM32F3xx_HAL_Driver/Src/stm32f3xx_hal_tim_ex.c ****   *            @arg TIM_CHANNEL_2: TIM Channel 2 selected
1713:Inc/STM32F3xx_HAL_Driver/Src/stm32f3xx_hal_tim_ex.c ****   * @retval HAL status
1714:Inc/STM32F3xx_HAL_Driver/Src/stm32f3xx_hal_tim_ex.c ****   */
1715:Inc/STM32F3xx_HAL_Driver/Src/stm32f3xx_hal_tim_ex.c **** HAL_StatusTypeDef HAL_TIMEx_OnePulseN_Stop_IT(TIM_HandleTypeDef *htim, uint32_t OutputChannel)
1716:Inc/STM32F3xx_HAL_Driver/Src/stm32f3xx_hal_tim_ex.c **** {
1717:Inc/STM32F3xx_HAL_Driver/Src/stm32f3xx_hal_tim_ex.c ****   uint32_t input_channel = (OutputChannel == TIM_CHANNEL_1) ? TIM_CHANNEL_2 : TIM_CHANNEL_1;
1718:Inc/STM32F3xx_HAL_Driver/Src/stm32f3xx_hal_tim_ex.c **** 
1719:Inc/STM32F3xx_HAL_Driver/Src/stm32f3xx_hal_tim_ex.c ****   /* Check the parameters */
1720:Inc/STM32F3xx_HAL_Driver/Src/stm32f3xx_hal_tim_ex.c ****   assert_param(IS_TIM_CCXN_INSTANCE(htim->Instance, OutputChannel));
1721:Inc/STM32F3xx_HAL_Driver/Src/stm32f3xx_hal_tim_ex.c **** 
1722:Inc/STM32F3xx_HAL_Driver/Src/stm32f3xx_hal_tim_ex.c ****   /* Disable the TIM Capture/Compare 1 interrupt */
1723:Inc/STM32F3xx_HAL_Driver/Src/stm32f3xx_hal_tim_ex.c ****   __HAL_TIM_DISABLE_IT(htim, TIM_IT_CC1);
1724:Inc/STM32F3xx_HAL_Driver/Src/stm32f3xx_hal_tim_ex.c **** 
1725:Inc/STM32F3xx_HAL_Driver/Src/stm32f3xx_hal_tim_ex.c ****   /* Disable the TIM Capture/Compare 2 interrupt */
1726:Inc/STM32F3xx_HAL_Driver/Src/stm32f3xx_hal_tim_ex.c ****   __HAL_TIM_DISABLE_IT(htim, TIM_IT_CC2);
1727:Inc/STM32F3xx_HAL_Driver/Src/stm32f3xx_hal_tim_ex.c **** 
1728:Inc/STM32F3xx_HAL_Driver/Src/stm32f3xx_hal_tim_ex.c ****   /* Disable the complementary One Pulse output channel and the Input Capture channel */
1729:Inc/STM32F3xx_HAL_Driver/Src/stm32f3xx_hal_tim_ex.c ****   TIM_CCxNChannelCmd(htim->Instance, OutputChannel, TIM_CCxN_DISABLE);
1730:Inc/STM32F3xx_HAL_Driver/Src/stm32f3xx_hal_tim_ex.c ****   TIM_CCxChannelCmd(htim->Instance, input_channel, TIM_CCx_DISABLE);
1731:Inc/STM32F3xx_HAL_Driver/Src/stm32f3xx_hal_tim_ex.c **** 
1732:Inc/STM32F3xx_HAL_Driver/Src/stm32f3xx_hal_tim_ex.c ****   /* Disable the Main Output */
1733:Inc/STM32F3xx_HAL_Driver/Src/stm32f3xx_hal_tim_ex.c ****   __HAL_TIM_MOE_DISABLE(htim);
1734:Inc/STM32F3xx_HAL_Driver/Src/stm32f3xx_hal_tim_ex.c **** 
1735:Inc/STM32F3xx_HAL_Driver/Src/stm32f3xx_hal_tim_ex.c ****   /* Disable the Peripheral */
1736:Inc/STM32F3xx_HAL_Driver/Src/stm32f3xx_hal_tim_ex.c ****   __HAL_TIM_DISABLE(htim);
1737:Inc/STM32F3xx_HAL_Driver/Src/stm32f3xx_hal_tim_ex.c **** 
1738:Inc/STM32F3xx_HAL_Driver/Src/stm32f3xx_hal_tim_ex.c ****   /* Set the TIM  channels state */
1739:Inc/STM32F3xx_HAL_Driver/Src/stm32f3xx_hal_tim_ex.c ****   TIM_CHANNEL_STATE_SET(htim, TIM_CHANNEL_1, HAL_TIM_CHANNEL_STATE_READY);
1740:Inc/STM32F3xx_HAL_Driver/Src/stm32f3xx_hal_tim_ex.c ****   TIM_CHANNEL_STATE_SET(htim, TIM_CHANNEL_2, HAL_TIM_CHANNEL_STATE_READY);
ARM GAS  /tmp/ccfhaacA.s 			page 32


1741:Inc/STM32F3xx_HAL_Driver/Src/stm32f3xx_hal_tim_ex.c ****   TIM_CHANNEL_N_STATE_SET(htim, TIM_CHANNEL_1, HAL_TIM_CHANNEL_STATE_READY);
1742:Inc/STM32F3xx_HAL_Driver/Src/stm32f3xx_hal_tim_ex.c ****   TIM_CHANNEL_N_STATE_SET(htim, TIM_CHANNEL_2, HAL_TIM_CHANNEL_STATE_READY);
1743:Inc/STM32F3xx_HAL_Driver/Src/stm32f3xx_hal_tim_ex.c **** 
1744:Inc/STM32F3xx_HAL_Driver/Src/stm32f3xx_hal_tim_ex.c ****   /* Return function status */
1745:Inc/STM32F3xx_HAL_Driver/Src/stm32f3xx_hal_tim_ex.c ****   return HAL_OK;
1746:Inc/STM32F3xx_HAL_Driver/Src/stm32f3xx_hal_tim_ex.c **** }
1747:Inc/STM32F3xx_HAL_Driver/Src/stm32f3xx_hal_tim_ex.c **** 
1748:Inc/STM32F3xx_HAL_Driver/Src/stm32f3xx_hal_tim_ex.c **** /**
1749:Inc/STM32F3xx_HAL_Driver/Src/stm32f3xx_hal_tim_ex.c ****   * @}
1750:Inc/STM32F3xx_HAL_Driver/Src/stm32f3xx_hal_tim_ex.c ****   */
1751:Inc/STM32F3xx_HAL_Driver/Src/stm32f3xx_hal_tim_ex.c **** 
1752:Inc/STM32F3xx_HAL_Driver/Src/stm32f3xx_hal_tim_ex.c **** /** @defgroup TIMEx_Exported_Functions_Group5 Extended Peripheral Control functions
1753:Inc/STM32F3xx_HAL_Driver/Src/stm32f3xx_hal_tim_ex.c ****   * @brief    Peripheral Control functions
1754:Inc/STM32F3xx_HAL_Driver/Src/stm32f3xx_hal_tim_ex.c ****   *
1755:Inc/STM32F3xx_HAL_Driver/Src/stm32f3xx_hal_tim_ex.c **** @verbatim
1756:Inc/STM32F3xx_HAL_Driver/Src/stm32f3xx_hal_tim_ex.c ****   ==============================================================================
1757:Inc/STM32F3xx_HAL_Driver/Src/stm32f3xx_hal_tim_ex.c ****                     ##### Peripheral Control functions #####
1758:Inc/STM32F3xx_HAL_Driver/Src/stm32f3xx_hal_tim_ex.c ****   ==============================================================================
1759:Inc/STM32F3xx_HAL_Driver/Src/stm32f3xx_hal_tim_ex.c ****   [..]
1760:Inc/STM32F3xx_HAL_Driver/Src/stm32f3xx_hal_tim_ex.c ****     This section provides functions allowing to:
1761:Inc/STM32F3xx_HAL_Driver/Src/stm32f3xx_hal_tim_ex.c ****       (+) Configure the commutation event in case of use of the Hall sensor interface.
1762:Inc/STM32F3xx_HAL_Driver/Src/stm32f3xx_hal_tim_ex.c ****       (+) Configure Output channels for OC and PWM mode.
1763:Inc/STM32F3xx_HAL_Driver/Src/stm32f3xx_hal_tim_ex.c **** 
1764:Inc/STM32F3xx_HAL_Driver/Src/stm32f3xx_hal_tim_ex.c ****       (+) Configure Complementary channels, break features and dead time.
1765:Inc/STM32F3xx_HAL_Driver/Src/stm32f3xx_hal_tim_ex.c ****       (+) Configure Master synchronization.
1766:Inc/STM32F3xx_HAL_Driver/Src/stm32f3xx_hal_tim_ex.c ****       (+) Configure timer remapping capabilities.
1767:Inc/STM32F3xx_HAL_Driver/Src/stm32f3xx_hal_tim_ex.c ****       (+) Enable or disable channel grouping.
1768:Inc/STM32F3xx_HAL_Driver/Src/stm32f3xx_hal_tim_ex.c **** 
1769:Inc/STM32F3xx_HAL_Driver/Src/stm32f3xx_hal_tim_ex.c **** @endverbatim
1770:Inc/STM32F3xx_HAL_Driver/Src/stm32f3xx_hal_tim_ex.c ****   * @{
1771:Inc/STM32F3xx_HAL_Driver/Src/stm32f3xx_hal_tim_ex.c ****   */
1772:Inc/STM32F3xx_HAL_Driver/Src/stm32f3xx_hal_tim_ex.c **** 
1773:Inc/STM32F3xx_HAL_Driver/Src/stm32f3xx_hal_tim_ex.c **** /**
1774:Inc/STM32F3xx_HAL_Driver/Src/stm32f3xx_hal_tim_ex.c ****   * @brief  Configure the TIM commutation event sequence.
1775:Inc/STM32F3xx_HAL_Driver/Src/stm32f3xx_hal_tim_ex.c ****   * @note  This function is mandatory to use the commutation event in order to
1776:Inc/STM32F3xx_HAL_Driver/Src/stm32f3xx_hal_tim_ex.c ****   *        update the configuration at each commutation detection on the TRGI input of the Timer,
1777:Inc/STM32F3xx_HAL_Driver/Src/stm32f3xx_hal_tim_ex.c ****   *        the typical use of this feature is with the use of another Timer(interface Timer)
1778:Inc/STM32F3xx_HAL_Driver/Src/stm32f3xx_hal_tim_ex.c ****   *        configured in Hall sensor interface, this interface Timer will generate the
1779:Inc/STM32F3xx_HAL_Driver/Src/stm32f3xx_hal_tim_ex.c ****   *        commutation at its TRGO output (connected to Timer used in this function) each time
1780:Inc/STM32F3xx_HAL_Driver/Src/stm32f3xx_hal_tim_ex.c ****   *        the TI1 of the Interface Timer detect a commutation at its input TI1.
1781:Inc/STM32F3xx_HAL_Driver/Src/stm32f3xx_hal_tim_ex.c ****   * @param  htim TIM handle
1782:Inc/STM32F3xx_HAL_Driver/Src/stm32f3xx_hal_tim_ex.c ****   * @param  InputTrigger the Internal trigger corresponding to the Timer Interfacing with the Hall 
1783:Inc/STM32F3xx_HAL_Driver/Src/stm32f3xx_hal_tim_ex.c ****   *          This parameter can be one of the following values:
1784:Inc/STM32F3xx_HAL_Driver/Src/stm32f3xx_hal_tim_ex.c ****   *            @arg TIM_TS_ITR0: Internal trigger 0 selected
1785:Inc/STM32F3xx_HAL_Driver/Src/stm32f3xx_hal_tim_ex.c ****   *            @arg TIM_TS_ITR1: Internal trigger 1 selected
1786:Inc/STM32F3xx_HAL_Driver/Src/stm32f3xx_hal_tim_ex.c ****   *            @arg TIM_TS_ITR2: Internal trigger 2 selected
1787:Inc/STM32F3xx_HAL_Driver/Src/stm32f3xx_hal_tim_ex.c ****   *            @arg TIM_TS_ITR3: Internal trigger 3 selected
1788:Inc/STM32F3xx_HAL_Driver/Src/stm32f3xx_hal_tim_ex.c ****   *            @arg TIM_TS_NONE: No trigger is needed
1789:Inc/STM32F3xx_HAL_Driver/Src/stm32f3xx_hal_tim_ex.c ****   * @param  CommutationSource the Commutation Event source
1790:Inc/STM32F3xx_HAL_Driver/Src/stm32f3xx_hal_tim_ex.c ****   *          This parameter can be one of the following values:
1791:Inc/STM32F3xx_HAL_Driver/Src/stm32f3xx_hal_tim_ex.c ****   *            @arg TIM_COMMUTATION_TRGI: Commutation source is the TRGI of the Interface Timer
1792:Inc/STM32F3xx_HAL_Driver/Src/stm32f3xx_hal_tim_ex.c ****   *            @arg TIM_COMMUTATION_SOFTWARE:  Commutation source is set by software using the COMG
1793:Inc/STM32F3xx_HAL_Driver/Src/stm32f3xx_hal_tim_ex.c ****   * @retval HAL status
1794:Inc/STM32F3xx_HAL_Driver/Src/stm32f3xx_hal_tim_ex.c ****   */
1795:Inc/STM32F3xx_HAL_Driver/Src/stm32f3xx_hal_tim_ex.c **** HAL_StatusTypeDef HAL_TIMEx_ConfigCommutEvent(TIM_HandleTypeDef *htim, uint32_t  InputTrigger,
1796:Inc/STM32F3xx_HAL_Driver/Src/stm32f3xx_hal_tim_ex.c ****                                               uint32_t  CommutationSource)
1797:Inc/STM32F3xx_HAL_Driver/Src/stm32f3xx_hal_tim_ex.c **** {
ARM GAS  /tmp/ccfhaacA.s 			page 33


1798:Inc/STM32F3xx_HAL_Driver/Src/stm32f3xx_hal_tim_ex.c ****   /* Check the parameters */
1799:Inc/STM32F3xx_HAL_Driver/Src/stm32f3xx_hal_tim_ex.c ****   assert_param(IS_TIM_COMMUTATION_EVENT_INSTANCE(htim->Instance));
1800:Inc/STM32F3xx_HAL_Driver/Src/stm32f3xx_hal_tim_ex.c ****   assert_param(IS_TIM_INTERNAL_TRIGGEREVENT_SELECTION(InputTrigger));
1801:Inc/STM32F3xx_HAL_Driver/Src/stm32f3xx_hal_tim_ex.c **** 
1802:Inc/STM32F3xx_HAL_Driver/Src/stm32f3xx_hal_tim_ex.c ****   __HAL_LOCK(htim);
1803:Inc/STM32F3xx_HAL_Driver/Src/stm32f3xx_hal_tim_ex.c **** 
1804:Inc/STM32F3xx_HAL_Driver/Src/stm32f3xx_hal_tim_ex.c ****   if ((InputTrigger == TIM_TS_ITR0) || (InputTrigger == TIM_TS_ITR1) ||
1805:Inc/STM32F3xx_HAL_Driver/Src/stm32f3xx_hal_tim_ex.c ****       (InputTrigger == TIM_TS_ITR2) || (InputTrigger == TIM_TS_ITR3))
1806:Inc/STM32F3xx_HAL_Driver/Src/stm32f3xx_hal_tim_ex.c ****   {
1807:Inc/STM32F3xx_HAL_Driver/Src/stm32f3xx_hal_tim_ex.c ****     /* Select the Input trigger */
1808:Inc/STM32F3xx_HAL_Driver/Src/stm32f3xx_hal_tim_ex.c ****     htim->Instance->SMCR &= ~TIM_SMCR_TS;
1809:Inc/STM32F3xx_HAL_Driver/Src/stm32f3xx_hal_tim_ex.c ****     htim->Instance->SMCR |= InputTrigger;
1810:Inc/STM32F3xx_HAL_Driver/Src/stm32f3xx_hal_tim_ex.c ****   }
1811:Inc/STM32F3xx_HAL_Driver/Src/stm32f3xx_hal_tim_ex.c **** 
1812:Inc/STM32F3xx_HAL_Driver/Src/stm32f3xx_hal_tim_ex.c ****   /* Select the Capture Compare preload feature */
1813:Inc/STM32F3xx_HAL_Driver/Src/stm32f3xx_hal_tim_ex.c ****   htim->Instance->CR2 |= TIM_CR2_CCPC;
1814:Inc/STM32F3xx_HAL_Driver/Src/stm32f3xx_hal_tim_ex.c ****   /* Select the Commutation event source */
1815:Inc/STM32F3xx_HAL_Driver/Src/stm32f3xx_hal_tim_ex.c ****   htim->Instance->CR2 &= ~TIM_CR2_CCUS;
1816:Inc/STM32F3xx_HAL_Driver/Src/stm32f3xx_hal_tim_ex.c ****   htim->Instance->CR2 |= CommutationSource;
1817:Inc/STM32F3xx_HAL_Driver/Src/stm32f3xx_hal_tim_ex.c **** 
1818:Inc/STM32F3xx_HAL_Driver/Src/stm32f3xx_hal_tim_ex.c ****   /* Disable Commutation Interrupt */
1819:Inc/STM32F3xx_HAL_Driver/Src/stm32f3xx_hal_tim_ex.c ****   __HAL_TIM_DISABLE_IT(htim, TIM_IT_COM);
1820:Inc/STM32F3xx_HAL_Driver/Src/stm32f3xx_hal_tim_ex.c **** 
1821:Inc/STM32F3xx_HAL_Driver/Src/stm32f3xx_hal_tim_ex.c ****   /* Disable Commutation DMA request */
1822:Inc/STM32F3xx_HAL_Driver/Src/stm32f3xx_hal_tim_ex.c ****   __HAL_TIM_DISABLE_DMA(htim, TIM_DMA_COM);
1823:Inc/STM32F3xx_HAL_Driver/Src/stm32f3xx_hal_tim_ex.c **** 
1824:Inc/STM32F3xx_HAL_Driver/Src/stm32f3xx_hal_tim_ex.c ****   __HAL_UNLOCK(htim);
1825:Inc/STM32F3xx_HAL_Driver/Src/stm32f3xx_hal_tim_ex.c **** 
1826:Inc/STM32F3xx_HAL_Driver/Src/stm32f3xx_hal_tim_ex.c ****   return HAL_OK;
1827:Inc/STM32F3xx_HAL_Driver/Src/stm32f3xx_hal_tim_ex.c **** }
1828:Inc/STM32F3xx_HAL_Driver/Src/stm32f3xx_hal_tim_ex.c **** 
1829:Inc/STM32F3xx_HAL_Driver/Src/stm32f3xx_hal_tim_ex.c **** /**
1830:Inc/STM32F3xx_HAL_Driver/Src/stm32f3xx_hal_tim_ex.c ****   * @brief  Configure the TIM commutation event sequence with interrupt.
1831:Inc/STM32F3xx_HAL_Driver/Src/stm32f3xx_hal_tim_ex.c ****   * @note  This function is mandatory to use the commutation event in order to
1832:Inc/STM32F3xx_HAL_Driver/Src/stm32f3xx_hal_tim_ex.c ****   *        update the configuration at each commutation detection on the TRGI input of the Timer,
1833:Inc/STM32F3xx_HAL_Driver/Src/stm32f3xx_hal_tim_ex.c ****   *        the typical use of this feature is with the use of another Timer(interface Timer)
1834:Inc/STM32F3xx_HAL_Driver/Src/stm32f3xx_hal_tim_ex.c ****   *        configured in Hall sensor interface, this interface Timer will generate the
1835:Inc/STM32F3xx_HAL_Driver/Src/stm32f3xx_hal_tim_ex.c ****   *        commutation at its TRGO output (connected to Timer used in this function) each time
1836:Inc/STM32F3xx_HAL_Driver/Src/stm32f3xx_hal_tim_ex.c ****   *        the TI1 of the Interface Timer detect a commutation at its input TI1.
1837:Inc/STM32F3xx_HAL_Driver/Src/stm32f3xx_hal_tim_ex.c ****   * @param  htim TIM handle
1838:Inc/STM32F3xx_HAL_Driver/Src/stm32f3xx_hal_tim_ex.c ****   * @param  InputTrigger the Internal trigger corresponding to the Timer Interfacing with the Hall 
1839:Inc/STM32F3xx_HAL_Driver/Src/stm32f3xx_hal_tim_ex.c ****   *          This parameter can be one of the following values:
1840:Inc/STM32F3xx_HAL_Driver/Src/stm32f3xx_hal_tim_ex.c ****   *            @arg TIM_TS_ITR0: Internal trigger 0 selected
1841:Inc/STM32F3xx_HAL_Driver/Src/stm32f3xx_hal_tim_ex.c ****   *            @arg TIM_TS_ITR1: Internal trigger 1 selected
1842:Inc/STM32F3xx_HAL_Driver/Src/stm32f3xx_hal_tim_ex.c ****   *            @arg TIM_TS_ITR2: Internal trigger 2 selected
1843:Inc/STM32F3xx_HAL_Driver/Src/stm32f3xx_hal_tim_ex.c ****   *            @arg TIM_TS_ITR3: Internal trigger 3 selected
1844:Inc/STM32F3xx_HAL_Driver/Src/stm32f3xx_hal_tim_ex.c ****   *            @arg TIM_TS_NONE: No trigger is needed
1845:Inc/STM32F3xx_HAL_Driver/Src/stm32f3xx_hal_tim_ex.c ****   * @param  CommutationSource the Commutation Event source
1846:Inc/STM32F3xx_HAL_Driver/Src/stm32f3xx_hal_tim_ex.c ****   *          This parameter can be one of the following values:
1847:Inc/STM32F3xx_HAL_Driver/Src/stm32f3xx_hal_tim_ex.c ****   *            @arg TIM_COMMUTATION_TRGI: Commutation source is the TRGI of the Interface Timer
1848:Inc/STM32F3xx_HAL_Driver/Src/stm32f3xx_hal_tim_ex.c ****   *            @arg TIM_COMMUTATION_SOFTWARE:  Commutation source is set by software using the COMG
1849:Inc/STM32F3xx_HAL_Driver/Src/stm32f3xx_hal_tim_ex.c ****   * @retval HAL status
1850:Inc/STM32F3xx_HAL_Driver/Src/stm32f3xx_hal_tim_ex.c ****   */
1851:Inc/STM32F3xx_HAL_Driver/Src/stm32f3xx_hal_tim_ex.c **** HAL_StatusTypeDef HAL_TIMEx_ConfigCommutEvent_IT(TIM_HandleTypeDef *htim, uint32_t  InputTrigger,
1852:Inc/STM32F3xx_HAL_Driver/Src/stm32f3xx_hal_tim_ex.c ****                                                  uint32_t  CommutationSource)
1853:Inc/STM32F3xx_HAL_Driver/Src/stm32f3xx_hal_tim_ex.c **** {
1854:Inc/STM32F3xx_HAL_Driver/Src/stm32f3xx_hal_tim_ex.c ****   /* Check the parameters */
ARM GAS  /tmp/ccfhaacA.s 			page 34


1855:Inc/STM32F3xx_HAL_Driver/Src/stm32f3xx_hal_tim_ex.c ****   assert_param(IS_TIM_COMMUTATION_EVENT_INSTANCE(htim->Instance));
1856:Inc/STM32F3xx_HAL_Driver/Src/stm32f3xx_hal_tim_ex.c ****   assert_param(IS_TIM_INTERNAL_TRIGGEREVENT_SELECTION(InputTrigger));
1857:Inc/STM32F3xx_HAL_Driver/Src/stm32f3xx_hal_tim_ex.c **** 
1858:Inc/STM32F3xx_HAL_Driver/Src/stm32f3xx_hal_tim_ex.c ****   __HAL_LOCK(htim);
1859:Inc/STM32F3xx_HAL_Driver/Src/stm32f3xx_hal_tim_ex.c **** 
1860:Inc/STM32F3xx_HAL_Driver/Src/stm32f3xx_hal_tim_ex.c ****   if ((InputTrigger == TIM_TS_ITR0) || (InputTrigger == TIM_TS_ITR1) ||
1861:Inc/STM32F3xx_HAL_Driver/Src/stm32f3xx_hal_tim_ex.c ****       (InputTrigger == TIM_TS_ITR2) || (InputTrigger == TIM_TS_ITR3))
1862:Inc/STM32F3xx_HAL_Driver/Src/stm32f3xx_hal_tim_ex.c ****   {
1863:Inc/STM32F3xx_HAL_Driver/Src/stm32f3xx_hal_tim_ex.c ****     /* Select the Input trigger */
1864:Inc/STM32F3xx_HAL_Driver/Src/stm32f3xx_hal_tim_ex.c ****     htim->Instance->SMCR &= ~TIM_SMCR_TS;
1865:Inc/STM32F3xx_HAL_Driver/Src/stm32f3xx_hal_tim_ex.c ****     htim->Instance->SMCR |= InputTrigger;
1866:Inc/STM32F3xx_HAL_Driver/Src/stm32f3xx_hal_tim_ex.c ****   }
1867:Inc/STM32F3xx_HAL_Driver/Src/stm32f3xx_hal_tim_ex.c **** 
1868:Inc/STM32F3xx_HAL_Driver/Src/stm32f3xx_hal_tim_ex.c ****   /* Select the Capture Compare preload feature */
1869:Inc/STM32F3xx_HAL_Driver/Src/stm32f3xx_hal_tim_ex.c ****   htim->Instance->CR2 |= TIM_CR2_CCPC;
1870:Inc/STM32F3xx_HAL_Driver/Src/stm32f3xx_hal_tim_ex.c ****   /* Select the Commutation event source */
1871:Inc/STM32F3xx_HAL_Driver/Src/stm32f3xx_hal_tim_ex.c ****   htim->Instance->CR2 &= ~TIM_CR2_CCUS;
1872:Inc/STM32F3xx_HAL_Driver/Src/stm32f3xx_hal_tim_ex.c ****   htim->Instance->CR2 |= CommutationSource;
1873:Inc/STM32F3xx_HAL_Driver/Src/stm32f3xx_hal_tim_ex.c **** 
1874:Inc/STM32F3xx_HAL_Driver/Src/stm32f3xx_hal_tim_ex.c ****   /* Disable Commutation DMA request */
1875:Inc/STM32F3xx_HAL_Driver/Src/stm32f3xx_hal_tim_ex.c ****   __HAL_TIM_DISABLE_DMA(htim, TIM_DMA_COM);
1876:Inc/STM32F3xx_HAL_Driver/Src/stm32f3xx_hal_tim_ex.c **** 
1877:Inc/STM32F3xx_HAL_Driver/Src/stm32f3xx_hal_tim_ex.c ****   /* Enable the Commutation Interrupt */
1878:Inc/STM32F3xx_HAL_Driver/Src/stm32f3xx_hal_tim_ex.c ****   __HAL_TIM_ENABLE_IT(htim, TIM_IT_COM);
1879:Inc/STM32F3xx_HAL_Driver/Src/stm32f3xx_hal_tim_ex.c **** 
1880:Inc/STM32F3xx_HAL_Driver/Src/stm32f3xx_hal_tim_ex.c ****   __HAL_UNLOCK(htim);
1881:Inc/STM32F3xx_HAL_Driver/Src/stm32f3xx_hal_tim_ex.c **** 
1882:Inc/STM32F3xx_HAL_Driver/Src/stm32f3xx_hal_tim_ex.c ****   return HAL_OK;
1883:Inc/STM32F3xx_HAL_Driver/Src/stm32f3xx_hal_tim_ex.c **** }
1884:Inc/STM32F3xx_HAL_Driver/Src/stm32f3xx_hal_tim_ex.c **** 
1885:Inc/STM32F3xx_HAL_Driver/Src/stm32f3xx_hal_tim_ex.c **** /**
1886:Inc/STM32F3xx_HAL_Driver/Src/stm32f3xx_hal_tim_ex.c ****   * @brief  Configure the TIM commutation event sequence with DMA.
1887:Inc/STM32F3xx_HAL_Driver/Src/stm32f3xx_hal_tim_ex.c ****   * @note  This function is mandatory to use the commutation event in order to
1888:Inc/STM32F3xx_HAL_Driver/Src/stm32f3xx_hal_tim_ex.c ****   *        update the configuration at each commutation detection on the TRGI input of the Timer,
1889:Inc/STM32F3xx_HAL_Driver/Src/stm32f3xx_hal_tim_ex.c ****   *        the typical use of this feature is with the use of another Timer(interface Timer)
1890:Inc/STM32F3xx_HAL_Driver/Src/stm32f3xx_hal_tim_ex.c ****   *        configured in Hall sensor interface, this interface Timer will generate the
1891:Inc/STM32F3xx_HAL_Driver/Src/stm32f3xx_hal_tim_ex.c ****   *        commutation at its TRGO output (connected to Timer used in this function) each time
1892:Inc/STM32F3xx_HAL_Driver/Src/stm32f3xx_hal_tim_ex.c ****   *        the TI1 of the Interface Timer detect a commutation at its input TI1.
1893:Inc/STM32F3xx_HAL_Driver/Src/stm32f3xx_hal_tim_ex.c ****   * @note  The user should configure the DMA in his own software, in This function only the COMDE b
1894:Inc/STM32F3xx_HAL_Driver/Src/stm32f3xx_hal_tim_ex.c ****   * @param  htim TIM handle
1895:Inc/STM32F3xx_HAL_Driver/Src/stm32f3xx_hal_tim_ex.c ****   * @param  InputTrigger the Internal trigger corresponding to the Timer Interfacing with the Hall 
1896:Inc/STM32F3xx_HAL_Driver/Src/stm32f3xx_hal_tim_ex.c ****   *          This parameter can be one of the following values:
1897:Inc/STM32F3xx_HAL_Driver/Src/stm32f3xx_hal_tim_ex.c ****   *            @arg TIM_TS_ITR0: Internal trigger 0 selected
1898:Inc/STM32F3xx_HAL_Driver/Src/stm32f3xx_hal_tim_ex.c ****   *            @arg TIM_TS_ITR1: Internal trigger 1 selected
1899:Inc/STM32F3xx_HAL_Driver/Src/stm32f3xx_hal_tim_ex.c ****   *            @arg TIM_TS_ITR2: Internal trigger 2 selected
1900:Inc/STM32F3xx_HAL_Driver/Src/stm32f3xx_hal_tim_ex.c ****   *            @arg TIM_TS_ITR3: Internal trigger 3 selected
1901:Inc/STM32F3xx_HAL_Driver/Src/stm32f3xx_hal_tim_ex.c ****   *            @arg TIM_TS_NONE: No trigger is needed
1902:Inc/STM32F3xx_HAL_Driver/Src/stm32f3xx_hal_tim_ex.c ****   * @param  CommutationSource the Commutation Event source
1903:Inc/STM32F3xx_HAL_Driver/Src/stm32f3xx_hal_tim_ex.c ****   *          This parameter can be one of the following values:
1904:Inc/STM32F3xx_HAL_Driver/Src/stm32f3xx_hal_tim_ex.c ****   *            @arg TIM_COMMUTATION_TRGI: Commutation source is the TRGI of the Interface Timer
1905:Inc/STM32F3xx_HAL_Driver/Src/stm32f3xx_hal_tim_ex.c ****   *            @arg TIM_COMMUTATION_SOFTWARE:  Commutation source is set by software using the COMG
1906:Inc/STM32F3xx_HAL_Driver/Src/stm32f3xx_hal_tim_ex.c ****   * @retval HAL status
1907:Inc/STM32F3xx_HAL_Driver/Src/stm32f3xx_hal_tim_ex.c ****   */
1908:Inc/STM32F3xx_HAL_Driver/Src/stm32f3xx_hal_tim_ex.c **** HAL_StatusTypeDef HAL_TIMEx_ConfigCommutEvent_DMA(TIM_HandleTypeDef *htim, uint32_t  InputTrigger,
1909:Inc/STM32F3xx_HAL_Driver/Src/stm32f3xx_hal_tim_ex.c ****                                                   uint32_t  CommutationSource)
1910:Inc/STM32F3xx_HAL_Driver/Src/stm32f3xx_hal_tim_ex.c **** {
1911:Inc/STM32F3xx_HAL_Driver/Src/stm32f3xx_hal_tim_ex.c ****   /* Check the parameters */
ARM GAS  /tmp/ccfhaacA.s 			page 35


1912:Inc/STM32F3xx_HAL_Driver/Src/stm32f3xx_hal_tim_ex.c ****   assert_param(IS_TIM_COMMUTATION_EVENT_INSTANCE(htim->Instance));
1913:Inc/STM32F3xx_HAL_Driver/Src/stm32f3xx_hal_tim_ex.c ****   assert_param(IS_TIM_INTERNAL_TRIGGEREVENT_SELECTION(InputTrigger));
1914:Inc/STM32F3xx_HAL_Driver/Src/stm32f3xx_hal_tim_ex.c **** 
1915:Inc/STM32F3xx_HAL_Driver/Src/stm32f3xx_hal_tim_ex.c ****   __HAL_LOCK(htim);
1916:Inc/STM32F3xx_HAL_Driver/Src/stm32f3xx_hal_tim_ex.c **** 
1917:Inc/STM32F3xx_HAL_Driver/Src/stm32f3xx_hal_tim_ex.c ****   if ((InputTrigger == TIM_TS_ITR0) || (InputTrigger == TIM_TS_ITR1) ||
1918:Inc/STM32F3xx_HAL_Driver/Src/stm32f3xx_hal_tim_ex.c ****       (InputTrigger == TIM_TS_ITR2) || (InputTrigger == TIM_TS_ITR3))
1919:Inc/STM32F3xx_HAL_Driver/Src/stm32f3xx_hal_tim_ex.c ****   {
1920:Inc/STM32F3xx_HAL_Driver/Src/stm32f3xx_hal_tim_ex.c ****     /* Select the Input trigger */
1921:Inc/STM32F3xx_HAL_Driver/Src/stm32f3xx_hal_tim_ex.c ****     htim->Instance->SMCR &= ~TIM_SMCR_TS;
1922:Inc/STM32F3xx_HAL_Driver/Src/stm32f3xx_hal_tim_ex.c ****     htim->Instance->SMCR |= InputTrigger;
1923:Inc/STM32F3xx_HAL_Driver/Src/stm32f3xx_hal_tim_ex.c ****   }
1924:Inc/STM32F3xx_HAL_Driver/Src/stm32f3xx_hal_tim_ex.c **** 
1925:Inc/STM32F3xx_HAL_Driver/Src/stm32f3xx_hal_tim_ex.c ****   /* Select the Capture Compare preload feature */
1926:Inc/STM32F3xx_HAL_Driver/Src/stm32f3xx_hal_tim_ex.c ****   htim->Instance->CR2 |= TIM_CR2_CCPC;
1927:Inc/STM32F3xx_HAL_Driver/Src/stm32f3xx_hal_tim_ex.c ****   /* Select the Commutation event source */
1928:Inc/STM32F3xx_HAL_Driver/Src/stm32f3xx_hal_tim_ex.c ****   htim->Instance->CR2 &= ~TIM_CR2_CCUS;
1929:Inc/STM32F3xx_HAL_Driver/Src/stm32f3xx_hal_tim_ex.c ****   htim->Instance->CR2 |= CommutationSource;
1930:Inc/STM32F3xx_HAL_Driver/Src/stm32f3xx_hal_tim_ex.c **** 
1931:Inc/STM32F3xx_HAL_Driver/Src/stm32f3xx_hal_tim_ex.c ****   /* Enable the Commutation DMA Request */
1932:Inc/STM32F3xx_HAL_Driver/Src/stm32f3xx_hal_tim_ex.c ****   /* Set the DMA Commutation Callback */
1933:Inc/STM32F3xx_HAL_Driver/Src/stm32f3xx_hal_tim_ex.c ****   htim->hdma[TIM_DMA_ID_COMMUTATION]->XferCpltCallback = TIMEx_DMACommutationCplt;
1934:Inc/STM32F3xx_HAL_Driver/Src/stm32f3xx_hal_tim_ex.c ****   htim->hdma[TIM_DMA_ID_COMMUTATION]->XferHalfCpltCallback = TIMEx_DMACommutationHalfCplt;
1935:Inc/STM32F3xx_HAL_Driver/Src/stm32f3xx_hal_tim_ex.c ****   /* Set the DMA error callback */
1936:Inc/STM32F3xx_HAL_Driver/Src/stm32f3xx_hal_tim_ex.c ****   htim->hdma[TIM_DMA_ID_COMMUTATION]->XferErrorCallback = TIM_DMAError;
1937:Inc/STM32F3xx_HAL_Driver/Src/stm32f3xx_hal_tim_ex.c **** 
1938:Inc/STM32F3xx_HAL_Driver/Src/stm32f3xx_hal_tim_ex.c ****   /* Disable Commutation Interrupt */
1939:Inc/STM32F3xx_HAL_Driver/Src/stm32f3xx_hal_tim_ex.c ****   __HAL_TIM_DISABLE_IT(htim, TIM_IT_COM);
1940:Inc/STM32F3xx_HAL_Driver/Src/stm32f3xx_hal_tim_ex.c **** 
1941:Inc/STM32F3xx_HAL_Driver/Src/stm32f3xx_hal_tim_ex.c ****   /* Enable the Commutation DMA Request */
1942:Inc/STM32F3xx_HAL_Driver/Src/stm32f3xx_hal_tim_ex.c ****   __HAL_TIM_ENABLE_DMA(htim, TIM_DMA_COM);
1943:Inc/STM32F3xx_HAL_Driver/Src/stm32f3xx_hal_tim_ex.c **** 
1944:Inc/STM32F3xx_HAL_Driver/Src/stm32f3xx_hal_tim_ex.c ****   __HAL_UNLOCK(htim);
1945:Inc/STM32F3xx_HAL_Driver/Src/stm32f3xx_hal_tim_ex.c **** 
1946:Inc/STM32F3xx_HAL_Driver/Src/stm32f3xx_hal_tim_ex.c ****   return HAL_OK;
1947:Inc/STM32F3xx_HAL_Driver/Src/stm32f3xx_hal_tim_ex.c **** }
1948:Inc/STM32F3xx_HAL_Driver/Src/stm32f3xx_hal_tim_ex.c **** 
1949:Inc/STM32F3xx_HAL_Driver/Src/stm32f3xx_hal_tim_ex.c **** /**
1950:Inc/STM32F3xx_HAL_Driver/Src/stm32f3xx_hal_tim_ex.c ****   * @brief  Configures the TIM in master mode.
1951:Inc/STM32F3xx_HAL_Driver/Src/stm32f3xx_hal_tim_ex.c ****   * @param  htim TIM handle.
1952:Inc/STM32F3xx_HAL_Driver/Src/stm32f3xx_hal_tim_ex.c ****   * @param  sMasterConfig pointer to a TIM_MasterConfigTypeDef structure that
1953:Inc/STM32F3xx_HAL_Driver/Src/stm32f3xx_hal_tim_ex.c ****   *         contains the selected trigger output (TRGO) and the Master/Slave
1954:Inc/STM32F3xx_HAL_Driver/Src/stm32f3xx_hal_tim_ex.c ****   *         mode.
1955:Inc/STM32F3xx_HAL_Driver/Src/stm32f3xx_hal_tim_ex.c ****   * @retval HAL status
1956:Inc/STM32F3xx_HAL_Driver/Src/stm32f3xx_hal_tim_ex.c ****   */
1957:Inc/STM32F3xx_HAL_Driver/Src/stm32f3xx_hal_tim_ex.c **** HAL_StatusTypeDef HAL_TIMEx_MasterConfigSynchronization(TIM_HandleTypeDef *htim,
1958:Inc/STM32F3xx_HAL_Driver/Src/stm32f3xx_hal_tim_ex.c ****                                                         const TIM_MasterConfigTypeDef *sMasterConfi
1959:Inc/STM32F3xx_HAL_Driver/Src/stm32f3xx_hal_tim_ex.c **** {
1960:Inc/STM32F3xx_HAL_Driver/Src/stm32f3xx_hal_tim_ex.c ****   uint32_t tmpcr2;
1961:Inc/STM32F3xx_HAL_Driver/Src/stm32f3xx_hal_tim_ex.c ****   uint32_t tmpsmcr;
1962:Inc/STM32F3xx_HAL_Driver/Src/stm32f3xx_hal_tim_ex.c **** 
1963:Inc/STM32F3xx_HAL_Driver/Src/stm32f3xx_hal_tim_ex.c ****   /* Check the parameters */
1964:Inc/STM32F3xx_HAL_Driver/Src/stm32f3xx_hal_tim_ex.c ****   assert_param(IS_TIM_MASTER_INSTANCE(htim->Instance));
1965:Inc/STM32F3xx_HAL_Driver/Src/stm32f3xx_hal_tim_ex.c ****   assert_param(IS_TIM_TRGO_SOURCE(sMasterConfig->MasterOutputTrigger));
1966:Inc/STM32F3xx_HAL_Driver/Src/stm32f3xx_hal_tim_ex.c ****   assert_param(IS_TIM_MSM_STATE(sMasterConfig->MasterSlaveMode));
1967:Inc/STM32F3xx_HAL_Driver/Src/stm32f3xx_hal_tim_ex.c **** 
1968:Inc/STM32F3xx_HAL_Driver/Src/stm32f3xx_hal_tim_ex.c ****   /* Check input state */
ARM GAS  /tmp/ccfhaacA.s 			page 36


1969:Inc/STM32F3xx_HAL_Driver/Src/stm32f3xx_hal_tim_ex.c ****   __HAL_LOCK(htim);
1970:Inc/STM32F3xx_HAL_Driver/Src/stm32f3xx_hal_tim_ex.c **** 
1971:Inc/STM32F3xx_HAL_Driver/Src/stm32f3xx_hal_tim_ex.c ****   /* Change the handler state */
1972:Inc/STM32F3xx_HAL_Driver/Src/stm32f3xx_hal_tim_ex.c ****   htim->State = HAL_TIM_STATE_BUSY;
1973:Inc/STM32F3xx_HAL_Driver/Src/stm32f3xx_hal_tim_ex.c **** 
1974:Inc/STM32F3xx_HAL_Driver/Src/stm32f3xx_hal_tim_ex.c ****   /* Get the TIMx CR2 register value */
1975:Inc/STM32F3xx_HAL_Driver/Src/stm32f3xx_hal_tim_ex.c ****   tmpcr2 = htim->Instance->CR2;
1976:Inc/STM32F3xx_HAL_Driver/Src/stm32f3xx_hal_tim_ex.c **** 
1977:Inc/STM32F3xx_HAL_Driver/Src/stm32f3xx_hal_tim_ex.c ****   /* Get the TIMx SMCR register value */
1978:Inc/STM32F3xx_HAL_Driver/Src/stm32f3xx_hal_tim_ex.c ****   tmpsmcr = htim->Instance->SMCR;
1979:Inc/STM32F3xx_HAL_Driver/Src/stm32f3xx_hal_tim_ex.c **** 
1980:Inc/STM32F3xx_HAL_Driver/Src/stm32f3xx_hal_tim_ex.c **** #if defined(TIM_CR2_MMS2)
1981:Inc/STM32F3xx_HAL_Driver/Src/stm32f3xx_hal_tim_ex.c ****   /* If the timer supports ADC synchronization through TRGO2, set the master mode selection 2 */
1982:Inc/STM32F3xx_HAL_Driver/Src/stm32f3xx_hal_tim_ex.c ****   if (IS_TIM_TRGO2_INSTANCE(htim->Instance))
1983:Inc/STM32F3xx_HAL_Driver/Src/stm32f3xx_hal_tim_ex.c ****   {
1984:Inc/STM32F3xx_HAL_Driver/Src/stm32f3xx_hal_tim_ex.c ****     /* Check the parameters */
1985:Inc/STM32F3xx_HAL_Driver/Src/stm32f3xx_hal_tim_ex.c ****     assert_param(IS_TIM_TRGO2_SOURCE(sMasterConfig->MasterOutputTrigger2));
1986:Inc/STM32F3xx_HAL_Driver/Src/stm32f3xx_hal_tim_ex.c **** 
1987:Inc/STM32F3xx_HAL_Driver/Src/stm32f3xx_hal_tim_ex.c ****     /* Clear the MMS2 bits */
1988:Inc/STM32F3xx_HAL_Driver/Src/stm32f3xx_hal_tim_ex.c ****     tmpcr2 &= ~TIM_CR2_MMS2;
1989:Inc/STM32F3xx_HAL_Driver/Src/stm32f3xx_hal_tim_ex.c ****     /* Select the TRGO2 source*/
1990:Inc/STM32F3xx_HAL_Driver/Src/stm32f3xx_hal_tim_ex.c ****     tmpcr2 |= sMasterConfig->MasterOutputTrigger2;
1991:Inc/STM32F3xx_HAL_Driver/Src/stm32f3xx_hal_tim_ex.c ****   }
1992:Inc/STM32F3xx_HAL_Driver/Src/stm32f3xx_hal_tim_ex.c **** #endif /* TIM_CR2_MMS2 */
1993:Inc/STM32F3xx_HAL_Driver/Src/stm32f3xx_hal_tim_ex.c **** 
1994:Inc/STM32F3xx_HAL_Driver/Src/stm32f3xx_hal_tim_ex.c ****   /* Reset the MMS Bits */
1995:Inc/STM32F3xx_HAL_Driver/Src/stm32f3xx_hal_tim_ex.c ****   tmpcr2 &= ~TIM_CR2_MMS;
1996:Inc/STM32F3xx_HAL_Driver/Src/stm32f3xx_hal_tim_ex.c ****   /* Select the TRGO source */
1997:Inc/STM32F3xx_HAL_Driver/Src/stm32f3xx_hal_tim_ex.c ****   tmpcr2 |=  sMasterConfig->MasterOutputTrigger;
1998:Inc/STM32F3xx_HAL_Driver/Src/stm32f3xx_hal_tim_ex.c **** 
1999:Inc/STM32F3xx_HAL_Driver/Src/stm32f3xx_hal_tim_ex.c ****   /* Update TIMx CR2 */
2000:Inc/STM32F3xx_HAL_Driver/Src/stm32f3xx_hal_tim_ex.c ****   htim->Instance->CR2 = tmpcr2;
2001:Inc/STM32F3xx_HAL_Driver/Src/stm32f3xx_hal_tim_ex.c **** 
2002:Inc/STM32F3xx_HAL_Driver/Src/stm32f3xx_hal_tim_ex.c ****   if (IS_TIM_SLAVE_INSTANCE(htim->Instance))
2003:Inc/STM32F3xx_HAL_Driver/Src/stm32f3xx_hal_tim_ex.c ****   {
2004:Inc/STM32F3xx_HAL_Driver/Src/stm32f3xx_hal_tim_ex.c ****     /* Reset the MSM Bit */
2005:Inc/STM32F3xx_HAL_Driver/Src/stm32f3xx_hal_tim_ex.c ****     tmpsmcr &= ~TIM_SMCR_MSM;
2006:Inc/STM32F3xx_HAL_Driver/Src/stm32f3xx_hal_tim_ex.c ****     /* Set master mode */
2007:Inc/STM32F3xx_HAL_Driver/Src/stm32f3xx_hal_tim_ex.c ****     tmpsmcr |= sMasterConfig->MasterSlaveMode;
2008:Inc/STM32F3xx_HAL_Driver/Src/stm32f3xx_hal_tim_ex.c **** 
2009:Inc/STM32F3xx_HAL_Driver/Src/stm32f3xx_hal_tim_ex.c ****     /* Update TIMx SMCR */
2010:Inc/STM32F3xx_HAL_Driver/Src/stm32f3xx_hal_tim_ex.c ****     htim->Instance->SMCR = tmpsmcr;
2011:Inc/STM32F3xx_HAL_Driver/Src/stm32f3xx_hal_tim_ex.c ****   }
2012:Inc/STM32F3xx_HAL_Driver/Src/stm32f3xx_hal_tim_ex.c **** 
2013:Inc/STM32F3xx_HAL_Driver/Src/stm32f3xx_hal_tim_ex.c ****   /* Change the htim state */
2014:Inc/STM32F3xx_HAL_Driver/Src/stm32f3xx_hal_tim_ex.c ****   htim->State = HAL_TIM_STATE_READY;
2015:Inc/STM32F3xx_HAL_Driver/Src/stm32f3xx_hal_tim_ex.c **** 
2016:Inc/STM32F3xx_HAL_Driver/Src/stm32f3xx_hal_tim_ex.c ****   __HAL_UNLOCK(htim);
2017:Inc/STM32F3xx_HAL_Driver/Src/stm32f3xx_hal_tim_ex.c **** 
2018:Inc/STM32F3xx_HAL_Driver/Src/stm32f3xx_hal_tim_ex.c ****   return HAL_OK;
2019:Inc/STM32F3xx_HAL_Driver/Src/stm32f3xx_hal_tim_ex.c **** }
2020:Inc/STM32F3xx_HAL_Driver/Src/stm32f3xx_hal_tim_ex.c **** 
2021:Inc/STM32F3xx_HAL_Driver/Src/stm32f3xx_hal_tim_ex.c **** /**
2022:Inc/STM32F3xx_HAL_Driver/Src/stm32f3xx_hal_tim_ex.c ****   * @brief  Configures the Break feature, dead time, Lock level, OSSI/OSSR State
2023:Inc/STM32F3xx_HAL_Driver/Src/stm32f3xx_hal_tim_ex.c ****   *         and the AOE(automatic output enable).
2024:Inc/STM32F3xx_HAL_Driver/Src/stm32f3xx_hal_tim_ex.c ****   * @param  htim TIM handle
2025:Inc/STM32F3xx_HAL_Driver/Src/stm32f3xx_hal_tim_ex.c ****   * @param  sBreakDeadTimeConfig pointer to a TIM_ConfigBreakDeadConfigTypeDef structure that
ARM GAS  /tmp/ccfhaacA.s 			page 37


2026:Inc/STM32F3xx_HAL_Driver/Src/stm32f3xx_hal_tim_ex.c ****   *         contains the BDTR Register configuration  information for the TIM peripheral.
2027:Inc/STM32F3xx_HAL_Driver/Src/stm32f3xx_hal_tim_ex.c ****   * @note   Interrupts can be generated when an active level is detected on the
2028:Inc/STM32F3xx_HAL_Driver/Src/stm32f3xx_hal_tim_ex.c ****   *         break input, the break 2 input or the system break input. Break
2029:Inc/STM32F3xx_HAL_Driver/Src/stm32f3xx_hal_tim_ex.c ****   *         interrupt can be enabled by calling the @ref __HAL_TIM_ENABLE_IT macro.
2030:Inc/STM32F3xx_HAL_Driver/Src/stm32f3xx_hal_tim_ex.c ****   * @retval HAL status
2031:Inc/STM32F3xx_HAL_Driver/Src/stm32f3xx_hal_tim_ex.c ****   */
2032:Inc/STM32F3xx_HAL_Driver/Src/stm32f3xx_hal_tim_ex.c **** HAL_StatusTypeDef HAL_TIMEx_ConfigBreakDeadTime(TIM_HandleTypeDef *htim,
2033:Inc/STM32F3xx_HAL_Driver/Src/stm32f3xx_hal_tim_ex.c ****                                                 const TIM_BreakDeadTimeConfigTypeDef *sBreakDeadTim
2034:Inc/STM32F3xx_HAL_Driver/Src/stm32f3xx_hal_tim_ex.c **** {
2035:Inc/STM32F3xx_HAL_Driver/Src/stm32f3xx_hal_tim_ex.c ****   /* Keep this variable initialized to 0 as it is used to configure BDTR register */
2036:Inc/STM32F3xx_HAL_Driver/Src/stm32f3xx_hal_tim_ex.c ****   uint32_t tmpbdtr = 0U;
2037:Inc/STM32F3xx_HAL_Driver/Src/stm32f3xx_hal_tim_ex.c **** 
2038:Inc/STM32F3xx_HAL_Driver/Src/stm32f3xx_hal_tim_ex.c ****   /* Check the parameters */
2039:Inc/STM32F3xx_HAL_Driver/Src/stm32f3xx_hal_tim_ex.c ****   assert_param(IS_TIM_BREAK_INSTANCE(htim->Instance));
2040:Inc/STM32F3xx_HAL_Driver/Src/stm32f3xx_hal_tim_ex.c ****   assert_param(IS_TIM_OSSR_STATE(sBreakDeadTimeConfig->OffStateRunMode));
2041:Inc/STM32F3xx_HAL_Driver/Src/stm32f3xx_hal_tim_ex.c ****   assert_param(IS_TIM_OSSI_STATE(sBreakDeadTimeConfig->OffStateIDLEMode));
2042:Inc/STM32F3xx_HAL_Driver/Src/stm32f3xx_hal_tim_ex.c ****   assert_param(IS_TIM_LOCK_LEVEL(sBreakDeadTimeConfig->LockLevel));
2043:Inc/STM32F3xx_HAL_Driver/Src/stm32f3xx_hal_tim_ex.c ****   assert_param(IS_TIM_DEADTIME(sBreakDeadTimeConfig->DeadTime));
2044:Inc/STM32F3xx_HAL_Driver/Src/stm32f3xx_hal_tim_ex.c ****   assert_param(IS_TIM_BREAK_STATE(sBreakDeadTimeConfig->BreakState));
2045:Inc/STM32F3xx_HAL_Driver/Src/stm32f3xx_hal_tim_ex.c ****   assert_param(IS_TIM_BREAK_POLARITY(sBreakDeadTimeConfig->BreakPolarity));
2046:Inc/STM32F3xx_HAL_Driver/Src/stm32f3xx_hal_tim_ex.c **** #if defined(TIM_BDTR_BKF)
2047:Inc/STM32F3xx_HAL_Driver/Src/stm32f3xx_hal_tim_ex.c ****   assert_param(IS_TIM_BREAK_FILTER(sBreakDeadTimeConfig->BreakFilter));
2048:Inc/STM32F3xx_HAL_Driver/Src/stm32f3xx_hal_tim_ex.c **** #endif /* TIM_BDTR_BKF */
2049:Inc/STM32F3xx_HAL_Driver/Src/stm32f3xx_hal_tim_ex.c ****   assert_param(IS_TIM_AUTOMATIC_OUTPUT_STATE(sBreakDeadTimeConfig->AutomaticOutput));
2050:Inc/STM32F3xx_HAL_Driver/Src/stm32f3xx_hal_tim_ex.c **** 
2051:Inc/STM32F3xx_HAL_Driver/Src/stm32f3xx_hal_tim_ex.c ****   /* Check input state */
2052:Inc/STM32F3xx_HAL_Driver/Src/stm32f3xx_hal_tim_ex.c ****   __HAL_LOCK(htim);
2053:Inc/STM32F3xx_HAL_Driver/Src/stm32f3xx_hal_tim_ex.c **** 
2054:Inc/STM32F3xx_HAL_Driver/Src/stm32f3xx_hal_tim_ex.c ****   /* Set the Lock level, the Break enable Bit and the Polarity, the OSSR State,
2055:Inc/STM32F3xx_HAL_Driver/Src/stm32f3xx_hal_tim_ex.c ****      the OSSI State, the dead time value and the Automatic Output Enable Bit */
2056:Inc/STM32F3xx_HAL_Driver/Src/stm32f3xx_hal_tim_ex.c **** 
2057:Inc/STM32F3xx_HAL_Driver/Src/stm32f3xx_hal_tim_ex.c ****   /* Set the BDTR bits */
2058:Inc/STM32F3xx_HAL_Driver/Src/stm32f3xx_hal_tim_ex.c ****   MODIFY_REG(tmpbdtr, TIM_BDTR_DTG, sBreakDeadTimeConfig->DeadTime);
2059:Inc/STM32F3xx_HAL_Driver/Src/stm32f3xx_hal_tim_ex.c ****   MODIFY_REG(tmpbdtr, TIM_BDTR_LOCK, sBreakDeadTimeConfig->LockLevel);
2060:Inc/STM32F3xx_HAL_Driver/Src/stm32f3xx_hal_tim_ex.c ****   MODIFY_REG(tmpbdtr, TIM_BDTR_OSSI, sBreakDeadTimeConfig->OffStateIDLEMode);
2061:Inc/STM32F3xx_HAL_Driver/Src/stm32f3xx_hal_tim_ex.c ****   MODIFY_REG(tmpbdtr, TIM_BDTR_OSSR, sBreakDeadTimeConfig->OffStateRunMode);
2062:Inc/STM32F3xx_HAL_Driver/Src/stm32f3xx_hal_tim_ex.c ****   MODIFY_REG(tmpbdtr, TIM_BDTR_BKE, sBreakDeadTimeConfig->BreakState);
2063:Inc/STM32F3xx_HAL_Driver/Src/stm32f3xx_hal_tim_ex.c ****   MODIFY_REG(tmpbdtr, TIM_BDTR_BKP, sBreakDeadTimeConfig->BreakPolarity);
2064:Inc/STM32F3xx_HAL_Driver/Src/stm32f3xx_hal_tim_ex.c ****   MODIFY_REG(tmpbdtr, TIM_BDTR_AOE, sBreakDeadTimeConfig->AutomaticOutput);
2065:Inc/STM32F3xx_HAL_Driver/Src/stm32f3xx_hal_tim_ex.c **** #if defined(TIM_BDTR_BKF)
2066:Inc/STM32F3xx_HAL_Driver/Src/stm32f3xx_hal_tim_ex.c ****   MODIFY_REG(tmpbdtr, TIM_BDTR_BKF, (sBreakDeadTimeConfig->BreakFilter << TIM_BDTR_BKF_Pos));
2067:Inc/STM32F3xx_HAL_Driver/Src/stm32f3xx_hal_tim_ex.c **** #endif /* TIM_BDTR_BKF */
2068:Inc/STM32F3xx_HAL_Driver/Src/stm32f3xx_hal_tim_ex.c **** 
2069:Inc/STM32F3xx_HAL_Driver/Src/stm32f3xx_hal_tim_ex.c **** #if defined(TIM_BDTR_BK2E)
2070:Inc/STM32F3xx_HAL_Driver/Src/stm32f3xx_hal_tim_ex.c ****   if (IS_TIM_BKIN2_INSTANCE(htim->Instance))
2071:Inc/STM32F3xx_HAL_Driver/Src/stm32f3xx_hal_tim_ex.c ****   {
2072:Inc/STM32F3xx_HAL_Driver/Src/stm32f3xx_hal_tim_ex.c ****     /* Check the parameters */
2073:Inc/STM32F3xx_HAL_Driver/Src/stm32f3xx_hal_tim_ex.c ****     assert_param(IS_TIM_BREAK2_STATE(sBreakDeadTimeConfig->Break2State));
2074:Inc/STM32F3xx_HAL_Driver/Src/stm32f3xx_hal_tim_ex.c ****     assert_param(IS_TIM_BREAK2_POLARITY(sBreakDeadTimeConfig->Break2Polarity));
2075:Inc/STM32F3xx_HAL_Driver/Src/stm32f3xx_hal_tim_ex.c ****     assert_param(IS_TIM_BREAK_FILTER(sBreakDeadTimeConfig->Break2Filter));
2076:Inc/STM32F3xx_HAL_Driver/Src/stm32f3xx_hal_tim_ex.c **** 
2077:Inc/STM32F3xx_HAL_Driver/Src/stm32f3xx_hal_tim_ex.c ****     /* Set the BREAK2 input related BDTR bits */
2078:Inc/STM32F3xx_HAL_Driver/Src/stm32f3xx_hal_tim_ex.c ****     MODIFY_REG(tmpbdtr, TIM_BDTR_BK2F, (sBreakDeadTimeConfig->Break2Filter << TIM_BDTR_BK2F_Pos));
2079:Inc/STM32F3xx_HAL_Driver/Src/stm32f3xx_hal_tim_ex.c ****     MODIFY_REG(tmpbdtr, TIM_BDTR_BK2E, sBreakDeadTimeConfig->Break2State);
2080:Inc/STM32F3xx_HAL_Driver/Src/stm32f3xx_hal_tim_ex.c ****     MODIFY_REG(tmpbdtr, TIM_BDTR_BK2P, sBreakDeadTimeConfig->Break2Polarity);
2081:Inc/STM32F3xx_HAL_Driver/Src/stm32f3xx_hal_tim_ex.c ****   }
2082:Inc/STM32F3xx_HAL_Driver/Src/stm32f3xx_hal_tim_ex.c **** #endif /* TIM_BDTR_BK2E */
ARM GAS  /tmp/ccfhaacA.s 			page 38


2083:Inc/STM32F3xx_HAL_Driver/Src/stm32f3xx_hal_tim_ex.c **** 
2084:Inc/STM32F3xx_HAL_Driver/Src/stm32f3xx_hal_tim_ex.c ****   /* Set TIMx_BDTR */
2085:Inc/STM32F3xx_HAL_Driver/Src/stm32f3xx_hal_tim_ex.c ****   htim->Instance->BDTR = tmpbdtr;
2086:Inc/STM32F3xx_HAL_Driver/Src/stm32f3xx_hal_tim_ex.c **** 
2087:Inc/STM32F3xx_HAL_Driver/Src/stm32f3xx_hal_tim_ex.c ****   __HAL_UNLOCK(htim);
2088:Inc/STM32F3xx_HAL_Driver/Src/stm32f3xx_hal_tim_ex.c **** 
2089:Inc/STM32F3xx_HAL_Driver/Src/stm32f3xx_hal_tim_ex.c ****   return HAL_OK;
2090:Inc/STM32F3xx_HAL_Driver/Src/stm32f3xx_hal_tim_ex.c **** }
2091:Inc/STM32F3xx_HAL_Driver/Src/stm32f3xx_hal_tim_ex.c **** 
2092:Inc/STM32F3xx_HAL_Driver/Src/stm32f3xx_hal_tim_ex.c **** /**
2093:Inc/STM32F3xx_HAL_Driver/Src/stm32f3xx_hal_tim_ex.c ****   * @brief  Configures the TIMx Remapping input capabilities.
2094:Inc/STM32F3xx_HAL_Driver/Src/stm32f3xx_hal_tim_ex.c ****   * @param  htim TIM handle.
2095:Inc/STM32F3xx_HAL_Driver/Src/stm32f3xx_hal_tim_ex.c ****   * @param  Remap specifies the TIM remapping source.
2096:Inc/STM32F3xx_HAL_Driver/Src/stm32f3xx_hal_tim_ex.c ****   @if STM32F301x8
2097:Inc/STM32F3xx_HAL_Driver/Src/stm32f3xx_hal_tim_ex.c ****   *         For TIM1, the parameter can have the following values:
2098:Inc/STM32F3xx_HAL_Driver/Src/stm32f3xx_hal_tim_ex.c ****   *           @arg TIM_TIM1_ADC1_NONE:     TIM1_ETR is not connected to any AWD (analog watchdog)
2099:Inc/STM32F3xx_HAL_Driver/Src/stm32f3xx_hal_tim_ex.c ****   *           @arg TIM_TIM1_ADC1_AWD1:     TIM1_ETR is connected to ADC1 AWD1
2100:Inc/STM32F3xx_HAL_Driver/Src/stm32f3xx_hal_tim_ex.c ****   *           @arg TIM_TIM1_ADC1_AWD2:     TIM1_ETR is connected to ADC1 AWD2
2101:Inc/STM32F3xx_HAL_Driver/Src/stm32f3xx_hal_tim_ex.c ****   *           @arg TIM_TIM1_ADC1_AWD3:     TIM1_ETR is connected to ADC1 AWD2
2102:Inc/STM32F3xx_HAL_Driver/Src/stm32f3xx_hal_tim_ex.c ****   @elseif STM32F303xE
2103:Inc/STM32F3xx_HAL_Driver/Src/stm32f3xx_hal_tim_ex.c ****   *         For TIM1, the parameter is a combination of 2 fields (field1 | field2):
2104:Inc/STM32F3xx_HAL_Driver/Src/stm32f3xx_hal_tim_ex.c ****   *
2105:Inc/STM32F3xx_HAL_Driver/Src/stm32f3xx_hal_tim_ex.c ****   *                   field1 can have the following values:
2106:Inc/STM32F3xx_HAL_Driver/Src/stm32f3xx_hal_tim_ex.c ****   *           @arg TIM_TIM1_ADC1_NONE:     TIM1_ETR is not connected to any AWD (analog watchdog)
2107:Inc/STM32F3xx_HAL_Driver/Src/stm32f3xx_hal_tim_ex.c ****   *           @arg TIM_TIM1_ADC1_AWD1:     TIM1_ETR is connected to ADC1 AWD1
2108:Inc/STM32F3xx_HAL_Driver/Src/stm32f3xx_hal_tim_ex.c ****   *           @arg TIM_TIM1_ADC1_AWD2:     TIM1_ETR is connected to ADC1 AWD2
2109:Inc/STM32F3xx_HAL_Driver/Src/stm32f3xx_hal_tim_ex.c ****   *           @arg TIM_TIM1_ADC1_AWD3:     TIM1_ETR is connected to ADC1 AWD2
2110:Inc/STM32F3xx_HAL_Driver/Src/stm32f3xx_hal_tim_ex.c ****   *
2111:Inc/STM32F3xx_HAL_Driver/Src/stm32f3xx_hal_tim_ex.c ****   *                   field2 can have the following values:
2112:Inc/STM32F3xx_HAL_Driver/Src/stm32f3xx_hal_tim_ex.c ****   *           @arg TIM_TIM1_ADC4_NONE :    TIM1_ETR is not connected to any AWD (analog watchdog)
2113:Inc/STM32F3xx_HAL_Driver/Src/stm32f3xx_hal_tim_ex.c ****   *           @arg TIM_TIM1_ADC4_AWD1:     TIM1_ETR is connected to ADC4 AWD1
2114:Inc/STM32F3xx_HAL_Driver/Src/stm32f3xx_hal_tim_ex.c ****   *           @arg TIM_TIM1_ADC4_AWD2:     TIM1_ETR is connected to ADC4 AWD2
2115:Inc/STM32F3xx_HAL_Driver/Src/stm32f3xx_hal_tim_ex.c ****   *           @arg TIM_TIM1_ADC4_AWD3:     TIM1_ETR is connected to ADC4 AWD3
2116:Inc/STM32F3xx_HAL_Driver/Src/stm32f3xx_hal_tim_ex.c ****   @elseif STM32F334x8
2117:Inc/STM32F3xx_HAL_Driver/Src/stm32f3xx_hal_tim_ex.c ****   *         For TIM1, the parameter is a combination of 2 fields (field1 | field2):
2118:Inc/STM32F3xx_HAL_Driver/Src/stm32f3xx_hal_tim_ex.c ****   *
2119:Inc/STM32F3xx_HAL_Driver/Src/stm32f3xx_hal_tim_ex.c ****   *                   field1 can have the following values:
2120:Inc/STM32F3xx_HAL_Driver/Src/stm32f3xx_hal_tim_ex.c ****   *           @arg TIM_TIM1_ADC1_NONE:     TIM1_ETR is not connected to any AWD (analog watchdog)
2121:Inc/STM32F3xx_HAL_Driver/Src/stm32f3xx_hal_tim_ex.c ****   *           @arg TIM_TIM1_ADC1_AWD1:     TIM1_ETR is connected to ADC1 AWD1
2122:Inc/STM32F3xx_HAL_Driver/Src/stm32f3xx_hal_tim_ex.c ****   *           @arg TIM_TIM1_ADC1_AWD2:     TIM1_ETR is connected to ADC1 AWD2
2123:Inc/STM32F3xx_HAL_Driver/Src/stm32f3xx_hal_tim_ex.c ****   *           @arg TIM_TIM1_ADC1_AWD3:     TIM1_ETR is connected to ADC1 AWD2
2124:Inc/STM32F3xx_HAL_Driver/Src/stm32f3xx_hal_tim_ex.c ****   *
2125:Inc/STM32F3xx_HAL_Driver/Src/stm32f3xx_hal_tim_ex.c ****   *                   field2 can have the following values:
2126:Inc/STM32F3xx_HAL_Driver/Src/stm32f3xx_hal_tim_ex.c ****   *           @arg TIM_TIM1_ADC2_NONE :    TIM1_ETR is not connected to any AWD (analog watchdog)
2127:Inc/STM32F3xx_HAL_Driver/Src/stm32f3xx_hal_tim_ex.c ****   *           @arg TIM_TIM1_ADC2_AWD1:     TIM1_ETR is connected to ADC2 AWD1
2128:Inc/STM32F3xx_HAL_Driver/Src/stm32f3xx_hal_tim_ex.c ****   *           @arg TIM_TIM1_ADC2_AWD2:     TIM1_ETR is connected to ADC2 AWD2
2129:Inc/STM32F3xx_HAL_Driver/Src/stm32f3xx_hal_tim_ex.c ****   *           @arg TIM_TIM1_ADC2_AWD3:     TIM1_ETR is connected to ADC2 AWD3
2130:Inc/STM32F3xx_HAL_Driver/Src/stm32f3xx_hal_tim_ex.c ****   @endif
2131:Inc/STM32F3xx_HAL_Driver/Src/stm32f3xx_hal_tim_ex.c ****   @if STM32F303xE
2132:Inc/STM32F3xx_HAL_Driver/Src/stm32f3xx_hal_tim_ex.c ****   *         For TIM8, the parameter is a combination of 2 fields (field1 | field2):
2133:Inc/STM32F3xx_HAL_Driver/Src/stm32f3xx_hal_tim_ex.c ****   *
2134:Inc/STM32F3xx_HAL_Driver/Src/stm32f3xx_hal_tim_ex.c ****   *                   field1 can have the following values:
2135:Inc/STM32F3xx_HAL_Driver/Src/stm32f3xx_hal_tim_ex.c ****   *           @arg TIM_TIM8_ADC2_NONE:     TIM1_ETR is not connected to any AWD (analog watchdog)
2136:Inc/STM32F3xx_HAL_Driver/Src/stm32f3xx_hal_tim_ex.c ****   *           @arg TIM_TIM8_ADC2_AWD1:     TIM1_ETR is connected to ADC2 AWD1
2137:Inc/STM32F3xx_HAL_Driver/Src/stm32f3xx_hal_tim_ex.c ****   *           @arg TIM_TIM8_ADC2_AWD2:     TIM1_ETR is connected to ADC2 AWD2
2138:Inc/STM32F3xx_HAL_Driver/Src/stm32f3xx_hal_tim_ex.c ****   *           @arg TIM_TIM8_ADC2_AWD3:     TIM1_ETR is connected to ADC2 AWD2
2139:Inc/STM32F3xx_HAL_Driver/Src/stm32f3xx_hal_tim_ex.c ****   *
ARM GAS  /tmp/ccfhaacA.s 			page 39


2140:Inc/STM32F3xx_HAL_Driver/Src/stm32f3xx_hal_tim_ex.c ****   *                   field2 can have the following values:
2141:Inc/STM32F3xx_HAL_Driver/Src/stm32f3xx_hal_tim_ex.c ****   *           @arg TIM_TIM8_ADC3_NONE :    TIM1_ETR is not connected to any AWD (analog watchdog)
2142:Inc/STM32F3xx_HAL_Driver/Src/stm32f3xx_hal_tim_ex.c ****   *           @arg TIM_TIM8_ADC3_AWD1:     TIM1_ETR is connected to ADC3 AWD1
2143:Inc/STM32F3xx_HAL_Driver/Src/stm32f3xx_hal_tim_ex.c ****   *           @arg TIM_TIM8_ADC3_AWD2:     TIM1_ETR is connected to ADC3 AWD2
2144:Inc/STM32F3xx_HAL_Driver/Src/stm32f3xx_hal_tim_ex.c ****   *           @arg TIM_TIM8_ADC3_AWD3:     TIM1_ETR is connected to ADC3 AWD3
2145:Inc/STM32F3xx_HAL_Driver/Src/stm32f3xx_hal_tim_ex.c ****   @endif
2146:Inc/STM32F3xx_HAL_Driver/Src/stm32f3xx_hal_tim_ex.c ****   @if STM32F373xC
2147:Inc/STM32F3xx_HAL_Driver/Src/stm32f3xx_hal_tim_ex.c ****   *         For TIM14, the parameter can have the following values:
2148:Inc/STM32F3xx_HAL_Driver/Src/stm32f3xx_hal_tim_ex.c ****   *           @arg TIM_TIM14_GPIO:    TIM14 TI1 is connected to GPIO
2149:Inc/STM32F3xx_HAL_Driver/Src/stm32f3xx_hal_tim_ex.c ****   *           @arg TIM_TIM14_RTC:     TIM14 TI1 is connected to RTC_clock
2150:Inc/STM32F3xx_HAL_Driver/Src/stm32f3xx_hal_tim_ex.c ****   *           @arg TIM_TIM14_HSE:     TIM14 TI1 is connected to HSE/32
2151:Inc/STM32F3xx_HAL_Driver/Src/stm32f3xx_hal_tim_ex.c ****   *           @arg TIM_TIM14_MCO:     TIM14 TI1 is connected to MCO
2152:Inc/STM32F3xx_HAL_Driver/Src/stm32f3xx_hal_tim_ex.c ****   @else
2153:Inc/STM32F3xx_HAL_Driver/Src/stm32f3xx_hal_tim_ex.c ****   *         For TIM16, the parameter can have the following values:
2154:Inc/STM32F3xx_HAL_Driver/Src/stm32f3xx_hal_tim_ex.c ****   *           @arg TIM_TIM16_GPIO:    TIM16 TI1 is connected to GPIO
2155:Inc/STM32F3xx_HAL_Driver/Src/stm32f3xx_hal_tim_ex.c ****   *           @arg TIM_TIM16_RTC:     TIM16 TI1 is connected to RTC_clock
2156:Inc/STM32F3xx_HAL_Driver/Src/stm32f3xx_hal_tim_ex.c ****   *           @arg TIM_TIM16_HSE:     TIM16 TI1 is connected to HSE/32
2157:Inc/STM32F3xx_HAL_Driver/Src/stm32f3xx_hal_tim_ex.c ****   *           @arg TIM_TIM16_MCO:     TIM16 TI1 is connected to MCO
2158:Inc/STM32F3xx_HAL_Driver/Src/stm32f3xx_hal_tim_ex.c ****   @endif
2159:Inc/STM32F3xx_HAL_Driver/Src/stm32f3xx_hal_tim_ex.c ****   @if STM32F303xE
2160:Inc/STM32F3xx_HAL_Driver/Src/stm32f3xx_hal_tim_ex.c ****   *         For TIM20, the parameter is a combination of 2 fields (field1 | field2):
2161:Inc/STM32F3xx_HAL_Driver/Src/stm32f3xx_hal_tim_ex.c ****   *
2162:Inc/STM32F3xx_HAL_Driver/Src/stm32f3xx_hal_tim_ex.c ****   *                   field1 can have the following values:
2163:Inc/STM32F3xx_HAL_Driver/Src/stm32f3xx_hal_tim_ex.c ****   *           @arg TIM_TIM20_ADC3_NONE:     TIM1_ETR is not connected to any AWD (analog watchdog)
2164:Inc/STM32F3xx_HAL_Driver/Src/stm32f3xx_hal_tim_ex.c ****   *           @arg TIM_TIM20_ADC3_AWD1:     TIM1_ETR is connected to ADC3 AWD1
2165:Inc/STM32F3xx_HAL_Driver/Src/stm32f3xx_hal_tim_ex.c ****   *           @arg TIM_TIM20_ADC3_AWD2:     TIM1_ETR is connected to ADC3 AWD2
2166:Inc/STM32F3xx_HAL_Driver/Src/stm32f3xx_hal_tim_ex.c ****   *           @arg TIM_TIM20_ADC3_AWD3:     TIM1_ETR is connected to ADC3 AWD2
2167:Inc/STM32F3xx_HAL_Driver/Src/stm32f3xx_hal_tim_ex.c ****   *
2168:Inc/STM32F3xx_HAL_Driver/Src/stm32f3xx_hal_tim_ex.c ****   *                   field2 can have the following values:
2169:Inc/STM32F3xx_HAL_Driver/Src/stm32f3xx_hal_tim_ex.c ****   *           @arg TIM_TIM20_ADC4_NONE :    TIM1_ETR is not connected to any AWD (analog watchdog)
2170:Inc/STM32F3xx_HAL_Driver/Src/stm32f3xx_hal_tim_ex.c ****   *           @arg TIM_TIM20_ADC4_AWD1:     TIM1_ETR is connected to ADC4 AWD1
2171:Inc/STM32F3xx_HAL_Driver/Src/stm32f3xx_hal_tim_ex.c ****   *           @arg TIM_TIM20_ADC4_AWD2:     TIM1_ETR is connected to ADC4 AWD2
2172:Inc/STM32F3xx_HAL_Driver/Src/stm32f3xx_hal_tim_ex.c ****   *           @arg TIM_TIM20_ADC4_AWD3:     TIM1_ETR is connected to ADC4 AWD3
2173:Inc/STM32F3xx_HAL_Driver/Src/stm32f3xx_hal_tim_ex.c ****   @endif
2174:Inc/STM32F3xx_HAL_Driver/Src/stm32f3xx_hal_tim_ex.c ****   *
2175:Inc/STM32F3xx_HAL_Driver/Src/stm32f3xx_hal_tim_ex.c ****   * @retval HAL status
2176:Inc/STM32F3xx_HAL_Driver/Src/stm32f3xx_hal_tim_ex.c ****   */
2177:Inc/STM32F3xx_HAL_Driver/Src/stm32f3xx_hal_tim_ex.c **** HAL_StatusTypeDef HAL_TIMEx_RemapConfig(TIM_HandleTypeDef *htim, uint32_t Remap)
2178:Inc/STM32F3xx_HAL_Driver/Src/stm32f3xx_hal_tim_ex.c **** {
2179:Inc/STM32F3xx_HAL_Driver/Src/stm32f3xx_hal_tim_ex.c **** 
2180:Inc/STM32F3xx_HAL_Driver/Src/stm32f3xx_hal_tim_ex.c ****   /* Check parameters */
2181:Inc/STM32F3xx_HAL_Driver/Src/stm32f3xx_hal_tim_ex.c ****   assert_param(IS_TIM_REMAP(htim->Instance, Remap));
2182:Inc/STM32F3xx_HAL_Driver/Src/stm32f3xx_hal_tim_ex.c **** 
2183:Inc/STM32F3xx_HAL_Driver/Src/stm32f3xx_hal_tim_ex.c ****   __HAL_LOCK(htim);
2184:Inc/STM32F3xx_HAL_Driver/Src/stm32f3xx_hal_tim_ex.c **** 
2185:Inc/STM32F3xx_HAL_Driver/Src/stm32f3xx_hal_tim_ex.c ****   /* Set the Timer remapping configuration */
2186:Inc/STM32F3xx_HAL_Driver/Src/stm32f3xx_hal_tim_ex.c ****   WRITE_REG(htim->Instance->OR, Remap);
2187:Inc/STM32F3xx_HAL_Driver/Src/stm32f3xx_hal_tim_ex.c **** 
2188:Inc/STM32F3xx_HAL_Driver/Src/stm32f3xx_hal_tim_ex.c ****   __HAL_UNLOCK(htim);
2189:Inc/STM32F3xx_HAL_Driver/Src/stm32f3xx_hal_tim_ex.c **** 
2190:Inc/STM32F3xx_HAL_Driver/Src/stm32f3xx_hal_tim_ex.c ****   return HAL_OK;
2191:Inc/STM32F3xx_HAL_Driver/Src/stm32f3xx_hal_tim_ex.c **** }
2192:Inc/STM32F3xx_HAL_Driver/Src/stm32f3xx_hal_tim_ex.c **** 
2193:Inc/STM32F3xx_HAL_Driver/Src/stm32f3xx_hal_tim_ex.c **** #if defined(TIM_CCR5_CCR5)
2194:Inc/STM32F3xx_HAL_Driver/Src/stm32f3xx_hal_tim_ex.c **** /**
2195:Inc/STM32F3xx_HAL_Driver/Src/stm32f3xx_hal_tim_ex.c ****   * @brief  Group channel 5 and channel 1, 2 or 3
2196:Inc/STM32F3xx_HAL_Driver/Src/stm32f3xx_hal_tim_ex.c ****   * @param  htim TIM handle.
ARM GAS  /tmp/ccfhaacA.s 			page 40


2197:Inc/STM32F3xx_HAL_Driver/Src/stm32f3xx_hal_tim_ex.c ****   * @param  Channels specifies the reference signal(s) the OC5REF is combined with.
2198:Inc/STM32F3xx_HAL_Driver/Src/stm32f3xx_hal_tim_ex.c ****   *         This parameter can be any combination of the following values:
2199:Inc/STM32F3xx_HAL_Driver/Src/stm32f3xx_hal_tim_ex.c ****   *         TIM_GROUPCH5_NONE: No effect of OC5REF on OC1REFC, OC2REFC and OC3REFC
2200:Inc/STM32F3xx_HAL_Driver/Src/stm32f3xx_hal_tim_ex.c ****   *         TIM_GROUPCH5_OC1REFC: OC1REFC is the logical AND of OC1REFC and OC5REF
2201:Inc/STM32F3xx_HAL_Driver/Src/stm32f3xx_hal_tim_ex.c ****   *         TIM_GROUPCH5_OC2REFC: OC2REFC is the logical AND of OC2REFC and OC5REF
2202:Inc/STM32F3xx_HAL_Driver/Src/stm32f3xx_hal_tim_ex.c ****   *         TIM_GROUPCH5_OC3REFC: OC3REFC is the logical AND of OC3REFC and OC5REF
2203:Inc/STM32F3xx_HAL_Driver/Src/stm32f3xx_hal_tim_ex.c ****   * @retval HAL status
2204:Inc/STM32F3xx_HAL_Driver/Src/stm32f3xx_hal_tim_ex.c ****   */
2205:Inc/STM32F3xx_HAL_Driver/Src/stm32f3xx_hal_tim_ex.c **** HAL_StatusTypeDef HAL_TIMEx_GroupChannel5(TIM_HandleTypeDef *htim, uint32_t Channels)
2206:Inc/STM32F3xx_HAL_Driver/Src/stm32f3xx_hal_tim_ex.c **** {
2207:Inc/STM32F3xx_HAL_Driver/Src/stm32f3xx_hal_tim_ex.c ****   /* Check parameters */
2208:Inc/STM32F3xx_HAL_Driver/Src/stm32f3xx_hal_tim_ex.c ****   assert_param(IS_TIM_COMBINED3PHASEPWM_INSTANCE(htim->Instance));
2209:Inc/STM32F3xx_HAL_Driver/Src/stm32f3xx_hal_tim_ex.c ****   assert_param(IS_TIM_GROUPCH5(Channels));
2210:Inc/STM32F3xx_HAL_Driver/Src/stm32f3xx_hal_tim_ex.c **** 
2211:Inc/STM32F3xx_HAL_Driver/Src/stm32f3xx_hal_tim_ex.c ****   /* Process Locked */
2212:Inc/STM32F3xx_HAL_Driver/Src/stm32f3xx_hal_tim_ex.c ****   __HAL_LOCK(htim);
2213:Inc/STM32F3xx_HAL_Driver/Src/stm32f3xx_hal_tim_ex.c **** 
2214:Inc/STM32F3xx_HAL_Driver/Src/stm32f3xx_hal_tim_ex.c ****   htim->State = HAL_TIM_STATE_BUSY;
2215:Inc/STM32F3xx_HAL_Driver/Src/stm32f3xx_hal_tim_ex.c **** 
2216:Inc/STM32F3xx_HAL_Driver/Src/stm32f3xx_hal_tim_ex.c ****   /* Clear GC5Cx bit fields */
2217:Inc/STM32F3xx_HAL_Driver/Src/stm32f3xx_hal_tim_ex.c ****   htim->Instance->CCR5 &= ~(TIM_CCR5_GC5C3 | TIM_CCR5_GC5C2 | TIM_CCR5_GC5C1);
2218:Inc/STM32F3xx_HAL_Driver/Src/stm32f3xx_hal_tim_ex.c **** 
2219:Inc/STM32F3xx_HAL_Driver/Src/stm32f3xx_hal_tim_ex.c ****   /* Set GC5Cx bit fields */
2220:Inc/STM32F3xx_HAL_Driver/Src/stm32f3xx_hal_tim_ex.c ****   htim->Instance->CCR5 |= Channels;
2221:Inc/STM32F3xx_HAL_Driver/Src/stm32f3xx_hal_tim_ex.c **** 
2222:Inc/STM32F3xx_HAL_Driver/Src/stm32f3xx_hal_tim_ex.c ****   /* Change the htim state */
2223:Inc/STM32F3xx_HAL_Driver/Src/stm32f3xx_hal_tim_ex.c ****   htim->State = HAL_TIM_STATE_READY;
2224:Inc/STM32F3xx_HAL_Driver/Src/stm32f3xx_hal_tim_ex.c **** 
2225:Inc/STM32F3xx_HAL_Driver/Src/stm32f3xx_hal_tim_ex.c ****   __HAL_UNLOCK(htim);
2226:Inc/STM32F3xx_HAL_Driver/Src/stm32f3xx_hal_tim_ex.c **** 
2227:Inc/STM32F3xx_HAL_Driver/Src/stm32f3xx_hal_tim_ex.c ****   return HAL_OK;
2228:Inc/STM32F3xx_HAL_Driver/Src/stm32f3xx_hal_tim_ex.c **** }
2229:Inc/STM32F3xx_HAL_Driver/Src/stm32f3xx_hal_tim_ex.c **** #endif /* TIM_CCR5_CCR5 */
2230:Inc/STM32F3xx_HAL_Driver/Src/stm32f3xx_hal_tim_ex.c **** 
2231:Inc/STM32F3xx_HAL_Driver/Src/stm32f3xx_hal_tim_ex.c **** /**
2232:Inc/STM32F3xx_HAL_Driver/Src/stm32f3xx_hal_tim_ex.c ****   * @}
2233:Inc/STM32F3xx_HAL_Driver/Src/stm32f3xx_hal_tim_ex.c ****   */
2234:Inc/STM32F3xx_HAL_Driver/Src/stm32f3xx_hal_tim_ex.c **** 
2235:Inc/STM32F3xx_HAL_Driver/Src/stm32f3xx_hal_tim_ex.c **** /** @defgroup TIMEx_Exported_Functions_Group6 Extended Callbacks functions
2236:Inc/STM32F3xx_HAL_Driver/Src/stm32f3xx_hal_tim_ex.c ****   * @brief    Extended Callbacks functions
2237:Inc/STM32F3xx_HAL_Driver/Src/stm32f3xx_hal_tim_ex.c ****   *
2238:Inc/STM32F3xx_HAL_Driver/Src/stm32f3xx_hal_tim_ex.c **** @verbatim
2239:Inc/STM32F3xx_HAL_Driver/Src/stm32f3xx_hal_tim_ex.c ****   ==============================================================================
2240:Inc/STM32F3xx_HAL_Driver/Src/stm32f3xx_hal_tim_ex.c ****                     ##### Extended Callbacks functions #####
2241:Inc/STM32F3xx_HAL_Driver/Src/stm32f3xx_hal_tim_ex.c ****   ==============================================================================
2242:Inc/STM32F3xx_HAL_Driver/Src/stm32f3xx_hal_tim_ex.c ****   [..]
2243:Inc/STM32F3xx_HAL_Driver/Src/stm32f3xx_hal_tim_ex.c ****     This section provides Extended TIM callback functions:
2244:Inc/STM32F3xx_HAL_Driver/Src/stm32f3xx_hal_tim_ex.c ****     (+) Timer Commutation callback
2245:Inc/STM32F3xx_HAL_Driver/Src/stm32f3xx_hal_tim_ex.c ****     (+) Timer Break callback
2246:Inc/STM32F3xx_HAL_Driver/Src/stm32f3xx_hal_tim_ex.c **** 
2247:Inc/STM32F3xx_HAL_Driver/Src/stm32f3xx_hal_tim_ex.c **** @endverbatim
2248:Inc/STM32F3xx_HAL_Driver/Src/stm32f3xx_hal_tim_ex.c ****   * @{
2249:Inc/STM32F3xx_HAL_Driver/Src/stm32f3xx_hal_tim_ex.c ****   */
2250:Inc/STM32F3xx_HAL_Driver/Src/stm32f3xx_hal_tim_ex.c **** 
2251:Inc/STM32F3xx_HAL_Driver/Src/stm32f3xx_hal_tim_ex.c **** /**
2252:Inc/STM32F3xx_HAL_Driver/Src/stm32f3xx_hal_tim_ex.c ****   * @brief  Commutation callback in non-blocking mode
2253:Inc/STM32F3xx_HAL_Driver/Src/stm32f3xx_hal_tim_ex.c ****   * @param  htim TIM handle
ARM GAS  /tmp/ccfhaacA.s 			page 41


2254:Inc/STM32F3xx_HAL_Driver/Src/stm32f3xx_hal_tim_ex.c ****   * @retval None
2255:Inc/STM32F3xx_HAL_Driver/Src/stm32f3xx_hal_tim_ex.c ****   */
2256:Inc/STM32F3xx_HAL_Driver/Src/stm32f3xx_hal_tim_ex.c **** __weak void HAL_TIMEx_CommutCallback(TIM_HandleTypeDef *htim)
2257:Inc/STM32F3xx_HAL_Driver/Src/stm32f3xx_hal_tim_ex.c **** {
2258:Inc/STM32F3xx_HAL_Driver/Src/stm32f3xx_hal_tim_ex.c ****   /* Prevent unused argument(s) compilation warning */
2259:Inc/STM32F3xx_HAL_Driver/Src/stm32f3xx_hal_tim_ex.c ****   UNUSED(htim);
2260:Inc/STM32F3xx_HAL_Driver/Src/stm32f3xx_hal_tim_ex.c **** 
2261:Inc/STM32F3xx_HAL_Driver/Src/stm32f3xx_hal_tim_ex.c ****   /* NOTE : This function should not be modified, when the callback is needed,
2262:Inc/STM32F3xx_HAL_Driver/Src/stm32f3xx_hal_tim_ex.c ****             the HAL_TIMEx_CommutCallback could be implemented in the user file
2263:Inc/STM32F3xx_HAL_Driver/Src/stm32f3xx_hal_tim_ex.c ****    */
2264:Inc/STM32F3xx_HAL_Driver/Src/stm32f3xx_hal_tim_ex.c **** }
2265:Inc/STM32F3xx_HAL_Driver/Src/stm32f3xx_hal_tim_ex.c **** /**
2266:Inc/STM32F3xx_HAL_Driver/Src/stm32f3xx_hal_tim_ex.c ****   * @brief  Commutation half complete callback in non-blocking mode
2267:Inc/STM32F3xx_HAL_Driver/Src/stm32f3xx_hal_tim_ex.c ****   * @param  htim TIM handle
2268:Inc/STM32F3xx_HAL_Driver/Src/stm32f3xx_hal_tim_ex.c ****   * @retval None
2269:Inc/STM32F3xx_HAL_Driver/Src/stm32f3xx_hal_tim_ex.c ****   */
2270:Inc/STM32F3xx_HAL_Driver/Src/stm32f3xx_hal_tim_ex.c **** __weak void HAL_TIMEx_CommutHalfCpltCallback(TIM_HandleTypeDef *htim)
2271:Inc/STM32F3xx_HAL_Driver/Src/stm32f3xx_hal_tim_ex.c **** {
2272:Inc/STM32F3xx_HAL_Driver/Src/stm32f3xx_hal_tim_ex.c ****   /* Prevent unused argument(s) compilation warning */
2273:Inc/STM32F3xx_HAL_Driver/Src/stm32f3xx_hal_tim_ex.c ****   UNUSED(htim);
2274:Inc/STM32F3xx_HAL_Driver/Src/stm32f3xx_hal_tim_ex.c **** 
2275:Inc/STM32F3xx_HAL_Driver/Src/stm32f3xx_hal_tim_ex.c ****   /* NOTE : This function should not be modified, when the callback is needed,
2276:Inc/STM32F3xx_HAL_Driver/Src/stm32f3xx_hal_tim_ex.c ****             the HAL_TIMEx_CommutHalfCpltCallback could be implemented in the user file
2277:Inc/STM32F3xx_HAL_Driver/Src/stm32f3xx_hal_tim_ex.c ****    */
2278:Inc/STM32F3xx_HAL_Driver/Src/stm32f3xx_hal_tim_ex.c **** }
2279:Inc/STM32F3xx_HAL_Driver/Src/stm32f3xx_hal_tim_ex.c **** 
2280:Inc/STM32F3xx_HAL_Driver/Src/stm32f3xx_hal_tim_ex.c **** /**
2281:Inc/STM32F3xx_HAL_Driver/Src/stm32f3xx_hal_tim_ex.c ****   * @brief  Break detection callback in non-blocking mode
2282:Inc/STM32F3xx_HAL_Driver/Src/stm32f3xx_hal_tim_ex.c ****   * @param  htim TIM handle
2283:Inc/STM32F3xx_HAL_Driver/Src/stm32f3xx_hal_tim_ex.c ****   * @retval None
2284:Inc/STM32F3xx_HAL_Driver/Src/stm32f3xx_hal_tim_ex.c ****   */
2285:Inc/STM32F3xx_HAL_Driver/Src/stm32f3xx_hal_tim_ex.c **** __weak void HAL_TIMEx_BreakCallback(TIM_HandleTypeDef *htim)
2286:Inc/STM32F3xx_HAL_Driver/Src/stm32f3xx_hal_tim_ex.c **** {
2287:Inc/STM32F3xx_HAL_Driver/Src/stm32f3xx_hal_tim_ex.c ****   /* Prevent unused argument(s) compilation warning */
2288:Inc/STM32F3xx_HAL_Driver/Src/stm32f3xx_hal_tim_ex.c ****   UNUSED(htim);
2289:Inc/STM32F3xx_HAL_Driver/Src/stm32f3xx_hal_tim_ex.c **** 
2290:Inc/STM32F3xx_HAL_Driver/Src/stm32f3xx_hal_tim_ex.c ****   /* NOTE : This function should not be modified, when the callback is needed,
2291:Inc/STM32F3xx_HAL_Driver/Src/stm32f3xx_hal_tim_ex.c ****             the HAL_TIMEx_BreakCallback could be implemented in the user file
2292:Inc/STM32F3xx_HAL_Driver/Src/stm32f3xx_hal_tim_ex.c ****    */
2293:Inc/STM32F3xx_HAL_Driver/Src/stm32f3xx_hal_tim_ex.c **** }
2294:Inc/STM32F3xx_HAL_Driver/Src/stm32f3xx_hal_tim_ex.c **** 
2295:Inc/STM32F3xx_HAL_Driver/Src/stm32f3xx_hal_tim_ex.c **** #if defined(TIM_BDTR_BK2E)
2296:Inc/STM32F3xx_HAL_Driver/Src/stm32f3xx_hal_tim_ex.c **** /**
2297:Inc/STM32F3xx_HAL_Driver/Src/stm32f3xx_hal_tim_ex.c ****   * @brief  Break2 detection callback in non blocking mode
2298:Inc/STM32F3xx_HAL_Driver/Src/stm32f3xx_hal_tim_ex.c ****   * @param  htim: TIM handle
2299:Inc/STM32F3xx_HAL_Driver/Src/stm32f3xx_hal_tim_ex.c ****   * @retval None
2300:Inc/STM32F3xx_HAL_Driver/Src/stm32f3xx_hal_tim_ex.c ****   */
2301:Inc/STM32F3xx_HAL_Driver/Src/stm32f3xx_hal_tim_ex.c **** __weak void HAL_TIMEx_Break2Callback(TIM_HandleTypeDef *htim)
2302:Inc/STM32F3xx_HAL_Driver/Src/stm32f3xx_hal_tim_ex.c **** {
2303:Inc/STM32F3xx_HAL_Driver/Src/stm32f3xx_hal_tim_ex.c ****   /* Prevent unused argument(s) compilation warning */
2304:Inc/STM32F3xx_HAL_Driver/Src/stm32f3xx_hal_tim_ex.c ****   UNUSED(htim);
2305:Inc/STM32F3xx_HAL_Driver/Src/stm32f3xx_hal_tim_ex.c **** 
2306:Inc/STM32F3xx_HAL_Driver/Src/stm32f3xx_hal_tim_ex.c ****   /* NOTE : This function Should not be modified, when the callback is needed,
2307:Inc/STM32F3xx_HAL_Driver/Src/stm32f3xx_hal_tim_ex.c ****             the HAL_TIMEx_Break2Callback could be implemented in the user file
2308:Inc/STM32F3xx_HAL_Driver/Src/stm32f3xx_hal_tim_ex.c ****    */
2309:Inc/STM32F3xx_HAL_Driver/Src/stm32f3xx_hal_tim_ex.c **** }
2310:Inc/STM32F3xx_HAL_Driver/Src/stm32f3xx_hal_tim_ex.c **** #endif /* TIM_BDTR_BK2E */
ARM GAS  /tmp/ccfhaacA.s 			page 42


2311:Inc/STM32F3xx_HAL_Driver/Src/stm32f3xx_hal_tim_ex.c **** /**
2312:Inc/STM32F3xx_HAL_Driver/Src/stm32f3xx_hal_tim_ex.c ****   * @}
2313:Inc/STM32F3xx_HAL_Driver/Src/stm32f3xx_hal_tim_ex.c ****   */
2314:Inc/STM32F3xx_HAL_Driver/Src/stm32f3xx_hal_tim_ex.c **** 
2315:Inc/STM32F3xx_HAL_Driver/Src/stm32f3xx_hal_tim_ex.c **** /** @defgroup TIMEx_Exported_Functions_Group7 Extended Peripheral State functions
2316:Inc/STM32F3xx_HAL_Driver/Src/stm32f3xx_hal_tim_ex.c ****   * @brief    Extended Peripheral State functions
2317:Inc/STM32F3xx_HAL_Driver/Src/stm32f3xx_hal_tim_ex.c ****   *
2318:Inc/STM32F3xx_HAL_Driver/Src/stm32f3xx_hal_tim_ex.c **** @verbatim
2319:Inc/STM32F3xx_HAL_Driver/Src/stm32f3xx_hal_tim_ex.c ****   ==============================================================================
2320:Inc/STM32F3xx_HAL_Driver/Src/stm32f3xx_hal_tim_ex.c ****                 ##### Extended Peripheral State functions #####
2321:Inc/STM32F3xx_HAL_Driver/Src/stm32f3xx_hal_tim_ex.c ****   ==============================================================================
2322:Inc/STM32F3xx_HAL_Driver/Src/stm32f3xx_hal_tim_ex.c ****   [..]
2323:Inc/STM32F3xx_HAL_Driver/Src/stm32f3xx_hal_tim_ex.c ****     This subsection permits to get in run-time the status of the peripheral
2324:Inc/STM32F3xx_HAL_Driver/Src/stm32f3xx_hal_tim_ex.c ****     and the data flow.
2325:Inc/STM32F3xx_HAL_Driver/Src/stm32f3xx_hal_tim_ex.c **** 
2326:Inc/STM32F3xx_HAL_Driver/Src/stm32f3xx_hal_tim_ex.c **** @endverbatim
2327:Inc/STM32F3xx_HAL_Driver/Src/stm32f3xx_hal_tim_ex.c ****   * @{
2328:Inc/STM32F3xx_HAL_Driver/Src/stm32f3xx_hal_tim_ex.c ****   */
2329:Inc/STM32F3xx_HAL_Driver/Src/stm32f3xx_hal_tim_ex.c **** 
2330:Inc/STM32F3xx_HAL_Driver/Src/stm32f3xx_hal_tim_ex.c **** /**
2331:Inc/STM32F3xx_HAL_Driver/Src/stm32f3xx_hal_tim_ex.c ****   * @brief  Return the TIM Hall Sensor interface handle state.
2332:Inc/STM32F3xx_HAL_Driver/Src/stm32f3xx_hal_tim_ex.c ****   * @param  htim TIM Hall Sensor handle
2333:Inc/STM32F3xx_HAL_Driver/Src/stm32f3xx_hal_tim_ex.c ****   * @retval HAL state
2334:Inc/STM32F3xx_HAL_Driver/Src/stm32f3xx_hal_tim_ex.c ****   */
2335:Inc/STM32F3xx_HAL_Driver/Src/stm32f3xx_hal_tim_ex.c **** HAL_TIM_StateTypeDef HAL_TIMEx_HallSensor_GetState(const TIM_HandleTypeDef *htim)
2336:Inc/STM32F3xx_HAL_Driver/Src/stm32f3xx_hal_tim_ex.c **** {
2337:Inc/STM32F3xx_HAL_Driver/Src/stm32f3xx_hal_tim_ex.c ****   return htim->State;
2338:Inc/STM32F3xx_HAL_Driver/Src/stm32f3xx_hal_tim_ex.c **** }
2339:Inc/STM32F3xx_HAL_Driver/Src/stm32f3xx_hal_tim_ex.c **** 
2340:Inc/STM32F3xx_HAL_Driver/Src/stm32f3xx_hal_tim_ex.c **** /**
2341:Inc/STM32F3xx_HAL_Driver/Src/stm32f3xx_hal_tim_ex.c ****   * @brief  Return actual state of the TIM complementary channel.
2342:Inc/STM32F3xx_HAL_Driver/Src/stm32f3xx_hal_tim_ex.c ****   * @param  htim TIM handle
2343:Inc/STM32F3xx_HAL_Driver/Src/stm32f3xx_hal_tim_ex.c ****   * @param  ChannelN TIM Complementary channel
2344:Inc/STM32F3xx_HAL_Driver/Src/stm32f3xx_hal_tim_ex.c ****   *          This parameter can be one of the following values:
2345:Inc/STM32F3xx_HAL_Driver/Src/stm32f3xx_hal_tim_ex.c ****   *            @arg TIM_CHANNEL_1: TIM Channel 1
2346:Inc/STM32F3xx_HAL_Driver/Src/stm32f3xx_hal_tim_ex.c ****   *            @arg TIM_CHANNEL_2: TIM Channel 2
2347:Inc/STM32F3xx_HAL_Driver/Src/stm32f3xx_hal_tim_ex.c ****   *            @arg TIM_CHANNEL_3: TIM Channel 3
2348:Inc/STM32F3xx_HAL_Driver/Src/stm32f3xx_hal_tim_ex.c ****   * @retval TIM Complementary channel state
2349:Inc/STM32F3xx_HAL_Driver/Src/stm32f3xx_hal_tim_ex.c ****   */
2350:Inc/STM32F3xx_HAL_Driver/Src/stm32f3xx_hal_tim_ex.c **** HAL_TIM_ChannelStateTypeDef HAL_TIMEx_GetChannelNState(const TIM_HandleTypeDef *htim,  uint32_t Cha
2351:Inc/STM32F3xx_HAL_Driver/Src/stm32f3xx_hal_tim_ex.c **** {
2352:Inc/STM32F3xx_HAL_Driver/Src/stm32f3xx_hal_tim_ex.c ****   HAL_TIM_ChannelStateTypeDef channel_state;
2353:Inc/STM32F3xx_HAL_Driver/Src/stm32f3xx_hal_tim_ex.c **** 
2354:Inc/STM32F3xx_HAL_Driver/Src/stm32f3xx_hal_tim_ex.c ****   /* Check the parameters */
2355:Inc/STM32F3xx_HAL_Driver/Src/stm32f3xx_hal_tim_ex.c ****   assert_param(IS_TIM_CCXN_INSTANCE(htim->Instance, ChannelN));
2356:Inc/STM32F3xx_HAL_Driver/Src/stm32f3xx_hal_tim_ex.c **** 
2357:Inc/STM32F3xx_HAL_Driver/Src/stm32f3xx_hal_tim_ex.c ****   channel_state = TIM_CHANNEL_N_STATE_GET(htim, ChannelN);
2358:Inc/STM32F3xx_HAL_Driver/Src/stm32f3xx_hal_tim_ex.c **** 
2359:Inc/STM32F3xx_HAL_Driver/Src/stm32f3xx_hal_tim_ex.c ****   return channel_state;
2360:Inc/STM32F3xx_HAL_Driver/Src/stm32f3xx_hal_tim_ex.c **** }
2361:Inc/STM32F3xx_HAL_Driver/Src/stm32f3xx_hal_tim_ex.c **** /**
2362:Inc/STM32F3xx_HAL_Driver/Src/stm32f3xx_hal_tim_ex.c ****   * @}
2363:Inc/STM32F3xx_HAL_Driver/Src/stm32f3xx_hal_tim_ex.c ****   */
2364:Inc/STM32F3xx_HAL_Driver/Src/stm32f3xx_hal_tim_ex.c **** 
2365:Inc/STM32F3xx_HAL_Driver/Src/stm32f3xx_hal_tim_ex.c **** /**
2366:Inc/STM32F3xx_HAL_Driver/Src/stm32f3xx_hal_tim_ex.c ****   * @}
2367:Inc/STM32F3xx_HAL_Driver/Src/stm32f3xx_hal_tim_ex.c ****   */
ARM GAS  /tmp/ccfhaacA.s 			page 43


2368:Inc/STM32F3xx_HAL_Driver/Src/stm32f3xx_hal_tim_ex.c **** 
2369:Inc/STM32F3xx_HAL_Driver/Src/stm32f3xx_hal_tim_ex.c **** /* Private functions ---------------------------------------------------------*/
2370:Inc/STM32F3xx_HAL_Driver/Src/stm32f3xx_hal_tim_ex.c **** /** @defgroup TIMEx_Private_Functions TIM Extended Private Functions
2371:Inc/STM32F3xx_HAL_Driver/Src/stm32f3xx_hal_tim_ex.c ****   * @{
2372:Inc/STM32F3xx_HAL_Driver/Src/stm32f3xx_hal_tim_ex.c ****   */
2373:Inc/STM32F3xx_HAL_Driver/Src/stm32f3xx_hal_tim_ex.c **** 
2374:Inc/STM32F3xx_HAL_Driver/Src/stm32f3xx_hal_tim_ex.c **** /**
2375:Inc/STM32F3xx_HAL_Driver/Src/stm32f3xx_hal_tim_ex.c ****   * @brief  TIM DMA Commutation callback.
2376:Inc/STM32F3xx_HAL_Driver/Src/stm32f3xx_hal_tim_ex.c ****   * @param  hdma pointer to DMA handle.
2377:Inc/STM32F3xx_HAL_Driver/Src/stm32f3xx_hal_tim_ex.c ****   * @retval None
2378:Inc/STM32F3xx_HAL_Driver/Src/stm32f3xx_hal_tim_ex.c ****   */
2379:Inc/STM32F3xx_HAL_Driver/Src/stm32f3xx_hal_tim_ex.c **** void TIMEx_DMACommutationCplt(DMA_HandleTypeDef *hdma)
2380:Inc/STM32F3xx_HAL_Driver/Src/stm32f3xx_hal_tim_ex.c **** {
2381:Inc/STM32F3xx_HAL_Driver/Src/stm32f3xx_hal_tim_ex.c ****   TIM_HandleTypeDef *htim = (TIM_HandleTypeDef *)((DMA_HandleTypeDef *)hdma)->Parent;
2382:Inc/STM32F3xx_HAL_Driver/Src/stm32f3xx_hal_tim_ex.c **** 
2383:Inc/STM32F3xx_HAL_Driver/Src/stm32f3xx_hal_tim_ex.c ****   /* Change the htim state */
2384:Inc/STM32F3xx_HAL_Driver/Src/stm32f3xx_hal_tim_ex.c ****   htim->State = HAL_TIM_STATE_READY;
2385:Inc/STM32F3xx_HAL_Driver/Src/stm32f3xx_hal_tim_ex.c **** 
2386:Inc/STM32F3xx_HAL_Driver/Src/stm32f3xx_hal_tim_ex.c **** #if (USE_HAL_TIM_REGISTER_CALLBACKS == 1)
2387:Inc/STM32F3xx_HAL_Driver/Src/stm32f3xx_hal_tim_ex.c ****   htim->CommutationCallback(htim);
2388:Inc/STM32F3xx_HAL_Driver/Src/stm32f3xx_hal_tim_ex.c **** #else
2389:Inc/STM32F3xx_HAL_Driver/Src/stm32f3xx_hal_tim_ex.c ****   HAL_TIMEx_CommutCallback(htim);
2390:Inc/STM32F3xx_HAL_Driver/Src/stm32f3xx_hal_tim_ex.c **** #endif /* USE_HAL_TIM_REGISTER_CALLBACKS */
2391:Inc/STM32F3xx_HAL_Driver/Src/stm32f3xx_hal_tim_ex.c **** }
2392:Inc/STM32F3xx_HAL_Driver/Src/stm32f3xx_hal_tim_ex.c **** 
2393:Inc/STM32F3xx_HAL_Driver/Src/stm32f3xx_hal_tim_ex.c **** /**
2394:Inc/STM32F3xx_HAL_Driver/Src/stm32f3xx_hal_tim_ex.c ****   * @brief  TIM DMA Commutation half complete callback.
2395:Inc/STM32F3xx_HAL_Driver/Src/stm32f3xx_hal_tim_ex.c ****   * @param  hdma pointer to DMA handle.
2396:Inc/STM32F3xx_HAL_Driver/Src/stm32f3xx_hal_tim_ex.c ****   * @retval None
2397:Inc/STM32F3xx_HAL_Driver/Src/stm32f3xx_hal_tim_ex.c ****   */
2398:Inc/STM32F3xx_HAL_Driver/Src/stm32f3xx_hal_tim_ex.c **** void TIMEx_DMACommutationHalfCplt(DMA_HandleTypeDef *hdma)
2399:Inc/STM32F3xx_HAL_Driver/Src/stm32f3xx_hal_tim_ex.c **** {
2400:Inc/STM32F3xx_HAL_Driver/Src/stm32f3xx_hal_tim_ex.c ****   TIM_HandleTypeDef *htim = (TIM_HandleTypeDef *)((DMA_HandleTypeDef *)hdma)->Parent;
2401:Inc/STM32F3xx_HAL_Driver/Src/stm32f3xx_hal_tim_ex.c **** 
2402:Inc/STM32F3xx_HAL_Driver/Src/stm32f3xx_hal_tim_ex.c ****   /* Change the htim state */
2403:Inc/STM32F3xx_HAL_Driver/Src/stm32f3xx_hal_tim_ex.c ****   htim->State = HAL_TIM_STATE_READY;
2404:Inc/STM32F3xx_HAL_Driver/Src/stm32f3xx_hal_tim_ex.c **** 
2405:Inc/STM32F3xx_HAL_Driver/Src/stm32f3xx_hal_tim_ex.c **** #if (USE_HAL_TIM_REGISTER_CALLBACKS == 1)
2406:Inc/STM32F3xx_HAL_Driver/Src/stm32f3xx_hal_tim_ex.c ****   htim->CommutationHalfCpltCallback(htim);
2407:Inc/STM32F3xx_HAL_Driver/Src/stm32f3xx_hal_tim_ex.c **** #else
2408:Inc/STM32F3xx_HAL_Driver/Src/stm32f3xx_hal_tim_ex.c ****   HAL_TIMEx_CommutHalfCpltCallback(htim);
2409:Inc/STM32F3xx_HAL_Driver/Src/stm32f3xx_hal_tim_ex.c **** #endif /* USE_HAL_TIM_REGISTER_CALLBACKS */
2410:Inc/STM32F3xx_HAL_Driver/Src/stm32f3xx_hal_tim_ex.c **** }
2411:Inc/STM32F3xx_HAL_Driver/Src/stm32f3xx_hal_tim_ex.c **** 
2412:Inc/STM32F3xx_HAL_Driver/Src/stm32f3xx_hal_tim_ex.c **** 
2413:Inc/STM32F3xx_HAL_Driver/Src/stm32f3xx_hal_tim_ex.c **** /**
2414:Inc/STM32F3xx_HAL_Driver/Src/stm32f3xx_hal_tim_ex.c ****   * @brief  TIM DMA Delay Pulse complete callback (complementary channel).
2415:Inc/STM32F3xx_HAL_Driver/Src/stm32f3xx_hal_tim_ex.c ****   * @param  hdma pointer to DMA handle.
2416:Inc/STM32F3xx_HAL_Driver/Src/stm32f3xx_hal_tim_ex.c ****   * @retval None
2417:Inc/STM32F3xx_HAL_Driver/Src/stm32f3xx_hal_tim_ex.c ****   */
2418:Inc/STM32F3xx_HAL_Driver/Src/stm32f3xx_hal_tim_ex.c **** static void TIM_DMADelayPulseNCplt(DMA_HandleTypeDef *hdma)
2419:Inc/STM32F3xx_HAL_Driver/Src/stm32f3xx_hal_tim_ex.c **** {
2420:Inc/STM32F3xx_HAL_Driver/Src/stm32f3xx_hal_tim_ex.c ****   TIM_HandleTypeDef *htim = (TIM_HandleTypeDef *)((DMA_HandleTypeDef *)hdma)->Parent;
2421:Inc/STM32F3xx_HAL_Driver/Src/stm32f3xx_hal_tim_ex.c **** 
2422:Inc/STM32F3xx_HAL_Driver/Src/stm32f3xx_hal_tim_ex.c ****   if (hdma == htim->hdma[TIM_DMA_ID_CC1])
2423:Inc/STM32F3xx_HAL_Driver/Src/stm32f3xx_hal_tim_ex.c ****   {
2424:Inc/STM32F3xx_HAL_Driver/Src/stm32f3xx_hal_tim_ex.c ****     htim->Channel = HAL_TIM_ACTIVE_CHANNEL_1;
ARM GAS  /tmp/ccfhaacA.s 			page 44


2425:Inc/STM32F3xx_HAL_Driver/Src/stm32f3xx_hal_tim_ex.c **** 
2426:Inc/STM32F3xx_HAL_Driver/Src/stm32f3xx_hal_tim_ex.c ****     if (hdma->Init.Mode == DMA_NORMAL)
2427:Inc/STM32F3xx_HAL_Driver/Src/stm32f3xx_hal_tim_ex.c ****     {
2428:Inc/STM32F3xx_HAL_Driver/Src/stm32f3xx_hal_tim_ex.c ****       TIM_CHANNEL_N_STATE_SET(htim, TIM_CHANNEL_1, HAL_TIM_CHANNEL_STATE_READY);
2429:Inc/STM32F3xx_HAL_Driver/Src/stm32f3xx_hal_tim_ex.c ****     }
2430:Inc/STM32F3xx_HAL_Driver/Src/stm32f3xx_hal_tim_ex.c ****   }
2431:Inc/STM32F3xx_HAL_Driver/Src/stm32f3xx_hal_tim_ex.c ****   else if (hdma == htim->hdma[TIM_DMA_ID_CC2])
2432:Inc/STM32F3xx_HAL_Driver/Src/stm32f3xx_hal_tim_ex.c ****   {
2433:Inc/STM32F3xx_HAL_Driver/Src/stm32f3xx_hal_tim_ex.c ****     htim->Channel = HAL_TIM_ACTIVE_CHANNEL_2;
2434:Inc/STM32F3xx_HAL_Driver/Src/stm32f3xx_hal_tim_ex.c **** 
2435:Inc/STM32F3xx_HAL_Driver/Src/stm32f3xx_hal_tim_ex.c ****     if (hdma->Init.Mode == DMA_NORMAL)
2436:Inc/STM32F3xx_HAL_Driver/Src/stm32f3xx_hal_tim_ex.c ****     {
2437:Inc/STM32F3xx_HAL_Driver/Src/stm32f3xx_hal_tim_ex.c ****       TIM_CHANNEL_N_STATE_SET(htim, TIM_CHANNEL_2, HAL_TIM_CHANNEL_STATE_READY);
2438:Inc/STM32F3xx_HAL_Driver/Src/stm32f3xx_hal_tim_ex.c ****     }
2439:Inc/STM32F3xx_HAL_Driver/Src/stm32f3xx_hal_tim_ex.c ****   }
2440:Inc/STM32F3xx_HAL_Driver/Src/stm32f3xx_hal_tim_ex.c ****   else if (hdma == htim->hdma[TIM_DMA_ID_CC3])
2441:Inc/STM32F3xx_HAL_Driver/Src/stm32f3xx_hal_tim_ex.c ****   {
2442:Inc/STM32F3xx_HAL_Driver/Src/stm32f3xx_hal_tim_ex.c ****     htim->Channel = HAL_TIM_ACTIVE_CHANNEL_3;
2443:Inc/STM32F3xx_HAL_Driver/Src/stm32f3xx_hal_tim_ex.c **** 
2444:Inc/STM32F3xx_HAL_Driver/Src/stm32f3xx_hal_tim_ex.c ****     if (hdma->Init.Mode == DMA_NORMAL)
2445:Inc/STM32F3xx_HAL_Driver/Src/stm32f3xx_hal_tim_ex.c ****     {
2446:Inc/STM32F3xx_HAL_Driver/Src/stm32f3xx_hal_tim_ex.c ****       TIM_CHANNEL_N_STATE_SET(htim, TIM_CHANNEL_3, HAL_TIM_CHANNEL_STATE_READY);
2447:Inc/STM32F3xx_HAL_Driver/Src/stm32f3xx_hal_tim_ex.c ****     }
2448:Inc/STM32F3xx_HAL_Driver/Src/stm32f3xx_hal_tim_ex.c ****   }
2449:Inc/STM32F3xx_HAL_Driver/Src/stm32f3xx_hal_tim_ex.c ****   else
2450:Inc/STM32F3xx_HAL_Driver/Src/stm32f3xx_hal_tim_ex.c ****   {
2451:Inc/STM32F3xx_HAL_Driver/Src/stm32f3xx_hal_tim_ex.c ****     /* nothing to do */
2452:Inc/STM32F3xx_HAL_Driver/Src/stm32f3xx_hal_tim_ex.c ****   }
2453:Inc/STM32F3xx_HAL_Driver/Src/stm32f3xx_hal_tim_ex.c **** 
2454:Inc/STM32F3xx_HAL_Driver/Src/stm32f3xx_hal_tim_ex.c **** #if (USE_HAL_TIM_REGISTER_CALLBACKS == 1)
2455:Inc/STM32F3xx_HAL_Driver/Src/stm32f3xx_hal_tim_ex.c ****   htim->PWM_PulseFinishedCallback(htim);
2456:Inc/STM32F3xx_HAL_Driver/Src/stm32f3xx_hal_tim_ex.c **** #else
2457:Inc/STM32F3xx_HAL_Driver/Src/stm32f3xx_hal_tim_ex.c ****   HAL_TIM_PWM_PulseFinishedCallback(htim);
2458:Inc/STM32F3xx_HAL_Driver/Src/stm32f3xx_hal_tim_ex.c **** #endif /* USE_HAL_TIM_REGISTER_CALLBACKS */
2459:Inc/STM32F3xx_HAL_Driver/Src/stm32f3xx_hal_tim_ex.c **** 
2460:Inc/STM32F3xx_HAL_Driver/Src/stm32f3xx_hal_tim_ex.c ****   htim->Channel = HAL_TIM_ACTIVE_CHANNEL_CLEARED;
2461:Inc/STM32F3xx_HAL_Driver/Src/stm32f3xx_hal_tim_ex.c **** }
2462:Inc/STM32F3xx_HAL_Driver/Src/stm32f3xx_hal_tim_ex.c **** 
2463:Inc/STM32F3xx_HAL_Driver/Src/stm32f3xx_hal_tim_ex.c **** /**
2464:Inc/STM32F3xx_HAL_Driver/Src/stm32f3xx_hal_tim_ex.c ****   * @brief  TIM DMA error callback (complementary channel)
2465:Inc/STM32F3xx_HAL_Driver/Src/stm32f3xx_hal_tim_ex.c ****   * @param  hdma pointer to DMA handle.
2466:Inc/STM32F3xx_HAL_Driver/Src/stm32f3xx_hal_tim_ex.c ****   * @retval None
2467:Inc/STM32F3xx_HAL_Driver/Src/stm32f3xx_hal_tim_ex.c ****   */
2468:Inc/STM32F3xx_HAL_Driver/Src/stm32f3xx_hal_tim_ex.c **** static void TIM_DMAErrorCCxN(DMA_HandleTypeDef *hdma)
2469:Inc/STM32F3xx_HAL_Driver/Src/stm32f3xx_hal_tim_ex.c **** {
2470:Inc/STM32F3xx_HAL_Driver/Src/stm32f3xx_hal_tim_ex.c ****   TIM_HandleTypeDef *htim = (TIM_HandleTypeDef *)((DMA_HandleTypeDef *)hdma)->Parent;
2471:Inc/STM32F3xx_HAL_Driver/Src/stm32f3xx_hal_tim_ex.c **** 
2472:Inc/STM32F3xx_HAL_Driver/Src/stm32f3xx_hal_tim_ex.c ****   if (hdma == htim->hdma[TIM_DMA_ID_CC1])
2473:Inc/STM32F3xx_HAL_Driver/Src/stm32f3xx_hal_tim_ex.c ****   {
2474:Inc/STM32F3xx_HAL_Driver/Src/stm32f3xx_hal_tim_ex.c ****     htim->Channel = HAL_TIM_ACTIVE_CHANNEL_1;
2475:Inc/STM32F3xx_HAL_Driver/Src/stm32f3xx_hal_tim_ex.c ****     TIM_CHANNEL_N_STATE_SET(htim, TIM_CHANNEL_1, HAL_TIM_CHANNEL_STATE_READY);
2476:Inc/STM32F3xx_HAL_Driver/Src/stm32f3xx_hal_tim_ex.c ****   }
2477:Inc/STM32F3xx_HAL_Driver/Src/stm32f3xx_hal_tim_ex.c ****   else if (hdma == htim->hdma[TIM_DMA_ID_CC2])
2478:Inc/STM32F3xx_HAL_Driver/Src/stm32f3xx_hal_tim_ex.c ****   {
2479:Inc/STM32F3xx_HAL_Driver/Src/stm32f3xx_hal_tim_ex.c ****     htim->Channel = HAL_TIM_ACTIVE_CHANNEL_2;
2480:Inc/STM32F3xx_HAL_Driver/Src/stm32f3xx_hal_tim_ex.c ****     TIM_CHANNEL_N_STATE_SET(htim, TIM_CHANNEL_2, HAL_TIM_CHANNEL_STATE_READY);
2481:Inc/STM32F3xx_HAL_Driver/Src/stm32f3xx_hal_tim_ex.c ****   }
ARM GAS  /tmp/ccfhaacA.s 			page 45


2482:Inc/STM32F3xx_HAL_Driver/Src/stm32f3xx_hal_tim_ex.c ****   else if (hdma == htim->hdma[TIM_DMA_ID_CC3])
2483:Inc/STM32F3xx_HAL_Driver/Src/stm32f3xx_hal_tim_ex.c ****   {
2484:Inc/STM32F3xx_HAL_Driver/Src/stm32f3xx_hal_tim_ex.c ****     htim->Channel = HAL_TIM_ACTIVE_CHANNEL_3;
2485:Inc/STM32F3xx_HAL_Driver/Src/stm32f3xx_hal_tim_ex.c ****     TIM_CHANNEL_N_STATE_SET(htim, TIM_CHANNEL_3, HAL_TIM_CHANNEL_STATE_READY);
2486:Inc/STM32F3xx_HAL_Driver/Src/stm32f3xx_hal_tim_ex.c ****   }
2487:Inc/STM32F3xx_HAL_Driver/Src/stm32f3xx_hal_tim_ex.c ****   else
2488:Inc/STM32F3xx_HAL_Driver/Src/stm32f3xx_hal_tim_ex.c ****   {
2489:Inc/STM32F3xx_HAL_Driver/Src/stm32f3xx_hal_tim_ex.c ****     /* nothing to do */
2490:Inc/STM32F3xx_HAL_Driver/Src/stm32f3xx_hal_tim_ex.c ****   }
2491:Inc/STM32F3xx_HAL_Driver/Src/stm32f3xx_hal_tim_ex.c **** 
2492:Inc/STM32F3xx_HAL_Driver/Src/stm32f3xx_hal_tim_ex.c **** #if (USE_HAL_TIM_REGISTER_CALLBACKS == 1)
2493:Inc/STM32F3xx_HAL_Driver/Src/stm32f3xx_hal_tim_ex.c ****   htim->ErrorCallback(htim);
2494:Inc/STM32F3xx_HAL_Driver/Src/stm32f3xx_hal_tim_ex.c **** #else
2495:Inc/STM32F3xx_HAL_Driver/Src/stm32f3xx_hal_tim_ex.c ****   HAL_TIM_ErrorCallback(htim);
2496:Inc/STM32F3xx_HAL_Driver/Src/stm32f3xx_hal_tim_ex.c **** #endif /* USE_HAL_TIM_REGISTER_CALLBACKS */
2497:Inc/STM32F3xx_HAL_Driver/Src/stm32f3xx_hal_tim_ex.c **** 
2498:Inc/STM32F3xx_HAL_Driver/Src/stm32f3xx_hal_tim_ex.c ****   htim->Channel = HAL_TIM_ACTIVE_CHANNEL_CLEARED;
2499:Inc/STM32F3xx_HAL_Driver/Src/stm32f3xx_hal_tim_ex.c **** }
2500:Inc/STM32F3xx_HAL_Driver/Src/stm32f3xx_hal_tim_ex.c **** 
2501:Inc/STM32F3xx_HAL_Driver/Src/stm32f3xx_hal_tim_ex.c **** /**
2502:Inc/STM32F3xx_HAL_Driver/Src/stm32f3xx_hal_tim_ex.c ****   * @brief  Enables or disables the TIM Capture Compare Channel xN.
2503:Inc/STM32F3xx_HAL_Driver/Src/stm32f3xx_hal_tim_ex.c ****   * @param  TIMx to select the TIM peripheral
2504:Inc/STM32F3xx_HAL_Driver/Src/stm32f3xx_hal_tim_ex.c ****   * @param  Channel specifies the TIM Channel
2505:Inc/STM32F3xx_HAL_Driver/Src/stm32f3xx_hal_tim_ex.c ****   *          This parameter can be one of the following values:
2506:Inc/STM32F3xx_HAL_Driver/Src/stm32f3xx_hal_tim_ex.c ****   *            @arg TIM_CHANNEL_1: TIM Channel 1
2507:Inc/STM32F3xx_HAL_Driver/Src/stm32f3xx_hal_tim_ex.c ****   *            @arg TIM_CHANNEL_2: TIM Channel 2
2508:Inc/STM32F3xx_HAL_Driver/Src/stm32f3xx_hal_tim_ex.c ****   *            @arg TIM_CHANNEL_3: TIM Channel 3
2509:Inc/STM32F3xx_HAL_Driver/Src/stm32f3xx_hal_tim_ex.c ****   * @param  ChannelNState specifies the TIM Channel CCxNE bit new state.
2510:Inc/STM32F3xx_HAL_Driver/Src/stm32f3xx_hal_tim_ex.c ****   *          This parameter can be: TIM_CCxN_ENABLE or TIM_CCxN_Disable.
2511:Inc/STM32F3xx_HAL_Driver/Src/stm32f3xx_hal_tim_ex.c ****   * @retval None
2512:Inc/STM32F3xx_HAL_Driver/Src/stm32f3xx_hal_tim_ex.c ****   */
2513:Inc/STM32F3xx_HAL_Driver/Src/stm32f3xx_hal_tim_ex.c **** static void TIM_CCxNChannelCmd(TIM_TypeDef *TIMx, uint32_t Channel, uint32_t ChannelNState)
2514:Inc/STM32F3xx_HAL_Driver/Src/stm32f3xx_hal_tim_ex.c **** {
  29              		.loc 1 2514 1 view -0
  30              		.cfi_startproc
  31              		@ args = 0, pretend = 0, frame = 0
  32              		@ frame_needed = 0, uses_anonymous_args = 0
  33              		@ link register save eliminated.
2515:Inc/STM32F3xx_HAL_Driver/Src/stm32f3xx_hal_tim_ex.c ****   uint32_t tmp;
  34              		.loc 1 2515 3 view .LVU1
2516:Inc/STM32F3xx_HAL_Driver/Src/stm32f3xx_hal_tim_ex.c **** 
2517:Inc/STM32F3xx_HAL_Driver/Src/stm32f3xx_hal_tim_ex.c ****   tmp = TIM_CCER_CC1NE << (Channel & 0xFU); /* 0xFU = 15 bits max shift */
  35              		.loc 1 2517 3 view .LVU2
  36              		.loc 1 2517 36 is_stmt 0 view .LVU3
  37 0000 01F00F01 		and	r1, r1, #15
  38              	.LVL1:
  39              		.loc 1 2517 7 view .LVU4
  40 0004 4FF0040C 		mov	ip, #4
  41 0008 0CFA01FC 		lsl	ip, ip, r1
  42              	.LVL2:
2518:Inc/STM32F3xx_HAL_Driver/Src/stm32f3xx_hal_tim_ex.c **** 
2519:Inc/STM32F3xx_HAL_Driver/Src/stm32f3xx_hal_tim_ex.c ****   /* Reset the CCxNE Bit */
2520:Inc/STM32F3xx_HAL_Driver/Src/stm32f3xx_hal_tim_ex.c ****   TIMx->CCER &=  ~tmp;
  43              		.loc 1 2520 3 is_stmt 1 view .LVU5
  44              		.loc 1 2520 7 is_stmt 0 view .LVU6
  45 000c 036A     		ldr	r3, [r0, #32]
  46              		.loc 1 2520 14 view .LVU7
ARM GAS  /tmp/ccfhaacA.s 			page 46


  47 000e 23EA0C03 		bic	r3, r3, ip
  48 0012 0362     		str	r3, [r0, #32]
2521:Inc/STM32F3xx_HAL_Driver/Src/stm32f3xx_hal_tim_ex.c **** 
2522:Inc/STM32F3xx_HAL_Driver/Src/stm32f3xx_hal_tim_ex.c ****   /* Set or reset the CCxNE Bit */
2523:Inc/STM32F3xx_HAL_Driver/Src/stm32f3xx_hal_tim_ex.c ****   TIMx->CCER |= (uint32_t)(ChannelNState << (Channel & 0xFU)); /* 0xFU = 15 bits max shift */
  49              		.loc 1 2523 3 is_stmt 1 view .LVU8
  50              		.loc 1 2523 7 is_stmt 0 view .LVU9
  51 0014 036A     		ldr	r3, [r0, #32]
  52              		.loc 1 2523 42 view .LVU10
  53 0016 8A40     		lsls	r2, r2, r1
  54              	.LVL3:
  55              		.loc 1 2523 14 view .LVU11
  56 0018 1343     		orrs	r3, r3, r2
  57 001a 0362     		str	r3, [r0, #32]
2524:Inc/STM32F3xx_HAL_Driver/Src/stm32f3xx_hal_tim_ex.c **** }
  58              		.loc 1 2524 1 view .LVU12
  59 001c 7047     		bx	lr
  60              		.cfi_endproc
  61              	.LFE173:
  63              		.section	.text.TIM_DMAErrorCCxN,"ax",%progbits
  64              		.align	1
  65              		.syntax unified
  66              		.thumb
  67              		.thumb_func
  69              	TIM_DMAErrorCCxN:
  70              	.LVL4:
  71              	.LFB172:
2469:Inc/STM32F3xx_HAL_Driver/Src/stm32f3xx_hal_tim_ex.c ****   TIM_HandleTypeDef *htim = (TIM_HandleTypeDef *)((DMA_HandleTypeDef *)hdma)->Parent;
  72              		.loc 1 2469 1 is_stmt 1 view -0
  73              		.cfi_startproc
  74              		@ args = 0, pretend = 0, frame = 0
  75              		@ frame_needed = 0, uses_anonymous_args = 0
2469:Inc/STM32F3xx_HAL_Driver/Src/stm32f3xx_hal_tim_ex.c ****   TIM_HandleTypeDef *htim = (TIM_HandleTypeDef *)((DMA_HandleTypeDef *)hdma)->Parent;
  76              		.loc 1 2469 1 is_stmt 0 view .LVU14
  77 0000 10B5     		push	{r4, lr}
  78              		.cfi_def_cfa_offset 8
  79              		.cfi_offset 4, -8
  80              		.cfi_offset 14, -4
2470:Inc/STM32F3xx_HAL_Driver/Src/stm32f3xx_hal_tim_ex.c **** 
  81              		.loc 1 2470 3 is_stmt 1 view .LVU15
2470:Inc/STM32F3xx_HAL_Driver/Src/stm32f3xx_hal_tim_ex.c **** 
  82              		.loc 1 2470 22 is_stmt 0 view .LVU16
  83 0002 446A     		ldr	r4, [r0, #36]
  84              	.LVL5:
2472:Inc/STM32F3xx_HAL_Driver/Src/stm32f3xx_hal_tim_ex.c ****   {
  85              		.loc 1 2472 3 is_stmt 1 view .LVU17
2472:Inc/STM32F3xx_HAL_Driver/Src/stm32f3xx_hal_tim_ex.c ****   {
  86              		.loc 1 2472 25 is_stmt 0 view .LVU18
  87 0004 636A     		ldr	r3, [r4, #36]
2472:Inc/STM32F3xx_HAL_Driver/Src/stm32f3xx_hal_tim_ex.c ****   {
  88              		.loc 1 2472 6 view .LVU19
  89 0006 8342     		cmp	r3, r0
  90 0008 0BD0     		beq	.L7
2477:Inc/STM32F3xx_HAL_Driver/Src/stm32f3xx_hal_tim_ex.c ****   {
  91              		.loc 1 2477 8 is_stmt 1 view .LVU20
2477:Inc/STM32F3xx_HAL_Driver/Src/stm32f3xx_hal_tim_ex.c ****   {
  92              		.loc 1 2477 30 is_stmt 0 view .LVU21
ARM GAS  /tmp/ccfhaacA.s 			page 47


  93 000a A36A     		ldr	r3, [r4, #40]
2477:Inc/STM32F3xx_HAL_Driver/Src/stm32f3xx_hal_tim_ex.c ****   {
  94              		.loc 1 2477 11 view .LVU22
  95 000c 8342     		cmp	r3, r0
  96 000e 0DD0     		beq	.L8
2482:Inc/STM32F3xx_HAL_Driver/Src/stm32f3xx_hal_tim_ex.c ****   {
  97              		.loc 1 2482 8 is_stmt 1 view .LVU23
2482:Inc/STM32F3xx_HAL_Driver/Src/stm32f3xx_hal_tim_ex.c ****   {
  98              		.loc 1 2482 30 is_stmt 0 view .LVU24
  99 0010 E36A     		ldr	r3, [r4, #44]
2482:Inc/STM32F3xx_HAL_Driver/Src/stm32f3xx_hal_tim_ex.c ****   {
 100              		.loc 1 2482 11 view .LVU25
 101 0012 8342     		cmp	r3, r0
 102 0014 10D0     		beq	.L9
 103              	.L4:
2490:Inc/STM32F3xx_HAL_Driver/Src/stm32f3xx_hal_tim_ex.c **** 
 104              		.loc 1 2490 3 is_stmt 1 view .LVU26
2495:Inc/STM32F3xx_HAL_Driver/Src/stm32f3xx_hal_tim_ex.c **** #endif /* USE_HAL_TIM_REGISTER_CALLBACKS */
 105              		.loc 1 2495 3 view .LVU27
 106 0016 2046     		mov	r0, r4
 107              	.LVL6:
2495:Inc/STM32F3xx_HAL_Driver/Src/stm32f3xx_hal_tim_ex.c **** #endif /* USE_HAL_TIM_REGISTER_CALLBACKS */
 108              		.loc 1 2495 3 is_stmt 0 view .LVU28
 109 0018 FFF7FEFF 		bl	HAL_TIM_ErrorCallback
 110              	.LVL7:
2498:Inc/STM32F3xx_HAL_Driver/Src/stm32f3xx_hal_tim_ex.c **** }
 111              		.loc 1 2498 3 is_stmt 1 view .LVU29
2498:Inc/STM32F3xx_HAL_Driver/Src/stm32f3xx_hal_tim_ex.c **** }
 112              		.loc 1 2498 17 is_stmt 0 view .LVU30
 113 001c 0023     		movs	r3, #0
 114 001e 2377     		strb	r3, [r4, #28]
2499:Inc/STM32F3xx_HAL_Driver/Src/stm32f3xx_hal_tim_ex.c **** 
 115              		.loc 1 2499 1 view .LVU31
 116 0020 10BD     		pop	{r4, pc}
 117              	.LVL8:
 118              	.L7:
2474:Inc/STM32F3xx_HAL_Driver/Src/stm32f3xx_hal_tim_ex.c ****     TIM_CHANNEL_N_STATE_SET(htim, TIM_CHANNEL_1, HAL_TIM_CHANNEL_STATE_READY);
 119              		.loc 1 2474 5 is_stmt 1 view .LVU32
2474:Inc/STM32F3xx_HAL_Driver/Src/stm32f3xx_hal_tim_ex.c ****     TIM_CHANNEL_N_STATE_SET(htim, TIM_CHANNEL_1, HAL_TIM_CHANNEL_STATE_READY);
 120              		.loc 1 2474 19 is_stmt 0 view .LVU33
 121 0022 0123     		movs	r3, #1
 122 0024 2377     		strb	r3, [r4, #28]
2475:Inc/STM32F3xx_HAL_Driver/Src/stm32f3xx_hal_tim_ex.c ****   }
 123              		.loc 1 2475 5 is_stmt 1 view .LVU34
 124 0026 84F84430 		strb	r3, [r4, #68]
 125 002a F4E7     		b	.L4
 126              	.L8:
2479:Inc/STM32F3xx_HAL_Driver/Src/stm32f3xx_hal_tim_ex.c ****     TIM_CHANNEL_N_STATE_SET(htim, TIM_CHANNEL_2, HAL_TIM_CHANNEL_STATE_READY);
 127              		.loc 1 2479 5 view .LVU35
2479:Inc/STM32F3xx_HAL_Driver/Src/stm32f3xx_hal_tim_ex.c ****     TIM_CHANNEL_N_STATE_SET(htim, TIM_CHANNEL_2, HAL_TIM_CHANNEL_STATE_READY);
 128              		.loc 1 2479 19 is_stmt 0 view .LVU36
 129 002c 0223     		movs	r3, #2
 130 002e 2377     		strb	r3, [r4, #28]
2480:Inc/STM32F3xx_HAL_Driver/Src/stm32f3xx_hal_tim_ex.c ****   }
 131              		.loc 1 2480 5 is_stmt 1 view .LVU37
 132 0030 0123     		movs	r3, #1
 133 0032 84F84530 		strb	r3, [r4, #69]
ARM GAS  /tmp/ccfhaacA.s 			page 48


 134 0036 EEE7     		b	.L4
 135              	.L9:
2484:Inc/STM32F3xx_HAL_Driver/Src/stm32f3xx_hal_tim_ex.c ****     TIM_CHANNEL_N_STATE_SET(htim, TIM_CHANNEL_3, HAL_TIM_CHANNEL_STATE_READY);
 136              		.loc 1 2484 5 view .LVU38
2484:Inc/STM32F3xx_HAL_Driver/Src/stm32f3xx_hal_tim_ex.c ****     TIM_CHANNEL_N_STATE_SET(htim, TIM_CHANNEL_3, HAL_TIM_CHANNEL_STATE_READY);
 137              		.loc 1 2484 19 is_stmt 0 view .LVU39
 138 0038 0423     		movs	r3, #4
 139 003a 2377     		strb	r3, [r4, #28]
2485:Inc/STM32F3xx_HAL_Driver/Src/stm32f3xx_hal_tim_ex.c ****   }
 140              		.loc 1 2485 5 is_stmt 1 view .LVU40
 141 003c 0123     		movs	r3, #1
 142 003e 84F84630 		strb	r3, [r4, #70]
 143 0042 E8E7     		b	.L4
 144              		.cfi_endproc
 145              	.LFE172:
 147              		.section	.text.TIM_DMADelayPulseNCplt,"ax",%progbits
 148              		.align	1
 149              		.syntax unified
 150              		.thumb
 151              		.thumb_func
 153              	TIM_DMADelayPulseNCplt:
 154              	.LVL9:
 155              	.LFB171:
2419:Inc/STM32F3xx_HAL_Driver/Src/stm32f3xx_hal_tim_ex.c ****   TIM_HandleTypeDef *htim = (TIM_HandleTypeDef *)((DMA_HandleTypeDef *)hdma)->Parent;
 156              		.loc 1 2419 1 view -0
 157              		.cfi_startproc
 158              		@ args = 0, pretend = 0, frame = 0
 159              		@ frame_needed = 0, uses_anonymous_args = 0
2419:Inc/STM32F3xx_HAL_Driver/Src/stm32f3xx_hal_tim_ex.c ****   TIM_HandleTypeDef *htim = (TIM_HandleTypeDef *)((DMA_HandleTypeDef *)hdma)->Parent;
 160              		.loc 1 2419 1 is_stmt 0 view .LVU42
 161 0000 10B5     		push	{r4, lr}
 162              		.cfi_def_cfa_offset 8
 163              		.cfi_offset 4, -8
 164              		.cfi_offset 14, -4
2420:Inc/STM32F3xx_HAL_Driver/Src/stm32f3xx_hal_tim_ex.c **** 
 165              		.loc 1 2420 3 is_stmt 1 view .LVU43
2420:Inc/STM32F3xx_HAL_Driver/Src/stm32f3xx_hal_tim_ex.c **** 
 166              		.loc 1 2420 22 is_stmt 0 view .LVU44
 167 0002 446A     		ldr	r4, [r0, #36]
 168              	.LVL10:
2422:Inc/STM32F3xx_HAL_Driver/Src/stm32f3xx_hal_tim_ex.c ****   {
 169              		.loc 1 2422 3 is_stmt 1 view .LVU45
2422:Inc/STM32F3xx_HAL_Driver/Src/stm32f3xx_hal_tim_ex.c ****   {
 170              		.loc 1 2422 25 is_stmt 0 view .LVU46
 171 0004 636A     		ldr	r3, [r4, #36]
2422:Inc/STM32F3xx_HAL_Driver/Src/stm32f3xx_hal_tim_ex.c ****   {
 172              		.loc 1 2422 6 view .LVU47
 173 0006 8342     		cmp	r3, r0
 174 0008 0BD0     		beq	.L15
2431:Inc/STM32F3xx_HAL_Driver/Src/stm32f3xx_hal_tim_ex.c ****   {
 175              		.loc 1 2431 8 is_stmt 1 view .LVU48
2431:Inc/STM32F3xx_HAL_Driver/Src/stm32f3xx_hal_tim_ex.c ****   {
 176              		.loc 1 2431 30 is_stmt 0 view .LVU49
 177 000a A36A     		ldr	r3, [r4, #40]
2431:Inc/STM32F3xx_HAL_Driver/Src/stm32f3xx_hal_tim_ex.c ****   {
 178              		.loc 1 2431 11 view .LVU50
 179 000c 8342     		cmp	r3, r0
ARM GAS  /tmp/ccfhaacA.s 			page 49


 180 000e 11D0     		beq	.L16
2440:Inc/STM32F3xx_HAL_Driver/Src/stm32f3xx_hal_tim_ex.c ****   {
 181              		.loc 1 2440 8 is_stmt 1 view .LVU51
2440:Inc/STM32F3xx_HAL_Driver/Src/stm32f3xx_hal_tim_ex.c ****   {
 182              		.loc 1 2440 30 is_stmt 0 view .LVU52
 183 0010 E36A     		ldr	r3, [r4, #44]
2440:Inc/STM32F3xx_HAL_Driver/Src/stm32f3xx_hal_tim_ex.c ****   {
 184              		.loc 1 2440 11 view .LVU53
 185 0012 8342     		cmp	r3, r0
 186 0014 17D0     		beq	.L17
 187              	.L12:
2452:Inc/STM32F3xx_HAL_Driver/Src/stm32f3xx_hal_tim_ex.c **** 
 188              		.loc 1 2452 3 is_stmt 1 view .LVU54
2457:Inc/STM32F3xx_HAL_Driver/Src/stm32f3xx_hal_tim_ex.c **** #endif /* USE_HAL_TIM_REGISTER_CALLBACKS */
 189              		.loc 1 2457 3 view .LVU55
 190 0016 2046     		mov	r0, r4
 191              	.LVL11:
2457:Inc/STM32F3xx_HAL_Driver/Src/stm32f3xx_hal_tim_ex.c **** #endif /* USE_HAL_TIM_REGISTER_CALLBACKS */
 192              		.loc 1 2457 3 is_stmt 0 view .LVU56
 193 0018 FFF7FEFF 		bl	HAL_TIM_PWM_PulseFinishedCallback
 194              	.LVL12:
2460:Inc/STM32F3xx_HAL_Driver/Src/stm32f3xx_hal_tim_ex.c **** }
 195              		.loc 1 2460 3 is_stmt 1 view .LVU57
2460:Inc/STM32F3xx_HAL_Driver/Src/stm32f3xx_hal_tim_ex.c **** }
 196              		.loc 1 2460 17 is_stmt 0 view .LVU58
 197 001c 0023     		movs	r3, #0
 198 001e 2377     		strb	r3, [r4, #28]
2461:Inc/STM32F3xx_HAL_Driver/Src/stm32f3xx_hal_tim_ex.c **** 
 199              		.loc 1 2461 1 view .LVU59
 200 0020 10BD     		pop	{r4, pc}
 201              	.LVL13:
 202              	.L15:
2424:Inc/STM32F3xx_HAL_Driver/Src/stm32f3xx_hal_tim_ex.c **** 
 203              		.loc 1 2424 5 is_stmt 1 view .LVU60
2424:Inc/STM32F3xx_HAL_Driver/Src/stm32f3xx_hal_tim_ex.c **** 
 204              		.loc 1 2424 19 is_stmt 0 view .LVU61
 205 0022 0123     		movs	r3, #1
 206 0024 2377     		strb	r3, [r4, #28]
2426:Inc/STM32F3xx_HAL_Driver/Src/stm32f3xx_hal_tim_ex.c ****     {
 207              		.loc 1 2426 5 is_stmt 1 view .LVU62
2426:Inc/STM32F3xx_HAL_Driver/Src/stm32f3xx_hal_tim_ex.c ****     {
 208              		.loc 1 2426 19 is_stmt 0 view .LVU63
 209 0026 8369     		ldr	r3, [r0, #24]
2426:Inc/STM32F3xx_HAL_Driver/Src/stm32f3xx_hal_tim_ex.c ****     {
 210              		.loc 1 2426 8 view .LVU64
 211 0028 002B     		cmp	r3, #0
 212 002a F4D1     		bne	.L12
2428:Inc/STM32F3xx_HAL_Driver/Src/stm32f3xx_hal_tim_ex.c ****     }
 213              		.loc 1 2428 7 is_stmt 1 view .LVU65
 214 002c 0123     		movs	r3, #1
 215 002e 84F84430 		strb	r3, [r4, #68]
 216 0032 F0E7     		b	.L12
 217              	.L16:
2433:Inc/STM32F3xx_HAL_Driver/Src/stm32f3xx_hal_tim_ex.c **** 
 218              		.loc 1 2433 5 view .LVU66
2433:Inc/STM32F3xx_HAL_Driver/Src/stm32f3xx_hal_tim_ex.c **** 
 219              		.loc 1 2433 19 is_stmt 0 view .LVU67
ARM GAS  /tmp/ccfhaacA.s 			page 50


 220 0034 0223     		movs	r3, #2
 221 0036 2377     		strb	r3, [r4, #28]
2435:Inc/STM32F3xx_HAL_Driver/Src/stm32f3xx_hal_tim_ex.c ****     {
 222              		.loc 1 2435 5 is_stmt 1 view .LVU68
2435:Inc/STM32F3xx_HAL_Driver/Src/stm32f3xx_hal_tim_ex.c ****     {
 223              		.loc 1 2435 19 is_stmt 0 view .LVU69
 224 0038 8369     		ldr	r3, [r0, #24]
2435:Inc/STM32F3xx_HAL_Driver/Src/stm32f3xx_hal_tim_ex.c ****     {
 225              		.loc 1 2435 8 view .LVU70
 226 003a 002B     		cmp	r3, #0
 227 003c EBD1     		bne	.L12
2437:Inc/STM32F3xx_HAL_Driver/Src/stm32f3xx_hal_tim_ex.c ****     }
 228              		.loc 1 2437 7 is_stmt 1 view .LVU71
 229 003e 0123     		movs	r3, #1
 230 0040 84F84530 		strb	r3, [r4, #69]
 231 0044 E7E7     		b	.L12
 232              	.L17:
2442:Inc/STM32F3xx_HAL_Driver/Src/stm32f3xx_hal_tim_ex.c **** 
 233              		.loc 1 2442 5 view .LVU72
2442:Inc/STM32F3xx_HAL_Driver/Src/stm32f3xx_hal_tim_ex.c **** 
 234              		.loc 1 2442 19 is_stmt 0 view .LVU73
 235 0046 0423     		movs	r3, #4
 236 0048 2377     		strb	r3, [r4, #28]
2444:Inc/STM32F3xx_HAL_Driver/Src/stm32f3xx_hal_tim_ex.c ****     {
 237              		.loc 1 2444 5 is_stmt 1 view .LVU74
2444:Inc/STM32F3xx_HAL_Driver/Src/stm32f3xx_hal_tim_ex.c ****     {
 238              		.loc 1 2444 19 is_stmt 0 view .LVU75
 239 004a 8369     		ldr	r3, [r0, #24]
2444:Inc/STM32F3xx_HAL_Driver/Src/stm32f3xx_hal_tim_ex.c ****     {
 240              		.loc 1 2444 8 view .LVU76
 241 004c 002B     		cmp	r3, #0
 242 004e E2D1     		bne	.L12
2446:Inc/STM32F3xx_HAL_Driver/Src/stm32f3xx_hal_tim_ex.c ****     }
 243              		.loc 1 2446 7 is_stmt 1 view .LVU77
 244 0050 0123     		movs	r3, #1
 245 0052 84F84630 		strb	r3, [r4, #70]
 246 0056 DEE7     		b	.L12
 247              		.cfi_endproc
 248              	.LFE171:
 250              		.section	.text.HAL_TIMEx_HallSensor_MspInit,"ax",%progbits
 251              		.align	1
 252              		.weak	HAL_TIMEx_HallSensor_MspInit
 253              		.syntax unified
 254              		.thumb
 255              		.thumb_func
 257              	HAL_TIMEx_HallSensor_MspInit:
 258              	.LVL14:
 259              	.LFB132:
 288:Inc/STM32F3xx_HAL_Driver/Src/stm32f3xx_hal_tim_ex.c ****   /* Prevent unused argument(s) compilation warning */
 260              		.loc 1 288 1 view -0
 261              		.cfi_startproc
 262              		@ args = 0, pretend = 0, frame = 0
 263              		@ frame_needed = 0, uses_anonymous_args = 0
 264              		@ link register save eliminated.
 290:Inc/STM32F3xx_HAL_Driver/Src/stm32f3xx_hal_tim_ex.c **** 
 265              		.loc 1 290 3 view .LVU79
 295:Inc/STM32F3xx_HAL_Driver/Src/stm32f3xx_hal_tim_ex.c **** 
ARM GAS  /tmp/ccfhaacA.s 			page 51


 266              		.loc 1 295 1 is_stmt 0 view .LVU80
 267 0000 7047     		bx	lr
 268              		.cfi_endproc
 269              	.LFE132:
 271              		.section	.text.HAL_TIMEx_HallSensor_Init,"ax",%progbits
 272              		.align	1
 273              		.global	HAL_TIMEx_HallSensor_Init
 274              		.syntax unified
 275              		.thumb
 276              		.thumb_func
 278              	HAL_TIMEx_HallSensor_Init:
 279              	.LVL15:
 280              	.LFB130:
 141:Inc/STM32F3xx_HAL_Driver/Src/stm32f3xx_hal_tim_ex.c ****   TIM_OC_InitTypeDef OC_Config;
 281              		.loc 1 141 1 is_stmt 1 view -0
 282              		.cfi_startproc
 283              		@ args = 0, pretend = 0, frame = 32
 284              		@ frame_needed = 0, uses_anonymous_args = 0
 142:Inc/STM32F3xx_HAL_Driver/Src/stm32f3xx_hal_tim_ex.c **** 
 285              		.loc 1 142 3 view .LVU82
 145:Inc/STM32F3xx_HAL_Driver/Src/stm32f3xx_hal_tim_ex.c ****   {
 286              		.loc 1 145 3 view .LVU83
 145:Inc/STM32F3xx_HAL_Driver/Src/stm32f3xx_hal_tim_ex.c ****   {
 287              		.loc 1 145 6 is_stmt 0 view .LVU84
 288 0000 0028     		cmp	r0, #0
 289 0002 67D0     		beq	.L22
 141:Inc/STM32F3xx_HAL_Driver/Src/stm32f3xx_hal_tim_ex.c ****   TIM_OC_InitTypeDef OC_Config;
 290              		.loc 1 141 1 view .LVU85
 291 0004 70B5     		push	{r4, r5, r6, lr}
 292              		.cfi_def_cfa_offset 16
 293              		.cfi_offset 4, -16
 294              		.cfi_offset 5, -12
 295              		.cfi_offset 6, -8
 296              		.cfi_offset 14, -4
 297 0006 88B0     		sub	sp, sp, #32
 298              		.cfi_def_cfa_offset 48
 299 0008 0E46     		mov	r6, r1
 300 000a 0446     		mov	r4, r0
 151:Inc/STM32F3xx_HAL_Driver/Src/stm32f3xx_hal_tim_ex.c ****   assert_param(IS_TIM_COUNTER_MODE(htim->Init.CounterMode));
 301              		.loc 1 151 3 is_stmt 1 view .LVU86
 152:Inc/STM32F3xx_HAL_Driver/Src/stm32f3xx_hal_tim_ex.c ****   assert_param(IS_TIM_CLOCKDIVISION_DIV(htim->Init.ClockDivision));
 302              		.loc 1 152 3 view .LVU87
 153:Inc/STM32F3xx_HAL_Driver/Src/stm32f3xx_hal_tim_ex.c ****   assert_param(IS_TIM_AUTORELOAD_PRELOAD(htim->Init.AutoReloadPreload));
 303              		.loc 1 153 3 view .LVU88
 154:Inc/STM32F3xx_HAL_Driver/Src/stm32f3xx_hal_tim_ex.c ****   assert_param(IS_TIM_IC_POLARITY(sConfig->IC1Polarity));
 304              		.loc 1 154 3 view .LVU89
 155:Inc/STM32F3xx_HAL_Driver/Src/stm32f3xx_hal_tim_ex.c ****   assert_param(IS_TIM_PERIOD(htim, htim->Init.Period));
 305              		.loc 1 155 3 view .LVU90
 156:Inc/STM32F3xx_HAL_Driver/Src/stm32f3xx_hal_tim_ex.c ****   assert_param(IS_TIM_IC_PRESCALER(sConfig->IC1Prescaler));
 306              		.loc 1 156 3 view .LVU91
 157:Inc/STM32F3xx_HAL_Driver/Src/stm32f3xx_hal_tim_ex.c ****   assert_param(IS_TIM_IC_FILTER(sConfig->IC1Filter));
 307              		.loc 1 157 3 view .LVU92
 158:Inc/STM32F3xx_HAL_Driver/Src/stm32f3xx_hal_tim_ex.c **** 
 308              		.loc 1 158 3 view .LVU93
 160:Inc/STM32F3xx_HAL_Driver/Src/stm32f3xx_hal_tim_ex.c ****   {
 309              		.loc 1 160 3 view .LVU94
 160:Inc/STM32F3xx_HAL_Driver/Src/stm32f3xx_hal_tim_ex.c ****   {
ARM GAS  /tmp/ccfhaacA.s 			page 52


 310              		.loc 1 160 11 is_stmt 0 view .LVU95
 311 000c 90F83D30 		ldrb	r3, [r0, #61]	@ zero_extendqisi2
 160:Inc/STM32F3xx_HAL_Driver/Src/stm32f3xx_hal_tim_ex.c ****   {
 312              		.loc 1 160 6 view .LVU96
 313 0010 002B     		cmp	r3, #0
 314 0012 5AD0     		beq	.L27
 315              	.LVL16:
 316              	.L21:
 182:Inc/STM32F3xx_HAL_Driver/Src/stm32f3xx_hal_tim_ex.c **** 
 317              		.loc 1 182 3 is_stmt 1 view .LVU97
 182:Inc/STM32F3xx_HAL_Driver/Src/stm32f3xx_hal_tim_ex.c **** 
 318              		.loc 1 182 15 is_stmt 0 view .LVU98
 319 0014 0223     		movs	r3, #2
 320 0016 84F83D30 		strb	r3, [r4, #61]
 185:Inc/STM32F3xx_HAL_Driver/Src/stm32f3xx_hal_tim_ex.c **** 
 321              		.loc 1 185 3 is_stmt 1 view .LVU99
 185:Inc/STM32F3xx_HAL_Driver/Src/stm32f3xx_hal_tim_ex.c **** 
 322              		.loc 1 185 38 is_stmt 0 view .LVU100
 323 001a 2146     		mov	r1, r4
 185:Inc/STM32F3xx_HAL_Driver/Src/stm32f3xx_hal_tim_ex.c **** 
 324              		.loc 1 185 3 view .LVU101
 325 001c 51F8040B 		ldr	r0, [r1], #4
 326 0020 FFF7FEFF 		bl	TIM_Base_SetConfig
 327              	.LVL17:
 188:Inc/STM32F3xx_HAL_Driver/Src/stm32f3xx_hal_tim_ex.c **** 
 328              		.loc 1 188 3 is_stmt 1 view .LVU102
 329 0024 B368     		ldr	r3, [r6, #8]
 330 0026 0322     		movs	r2, #3
 331 0028 3168     		ldr	r1, [r6]
 332 002a 2068     		ldr	r0, [r4]
 333 002c FFF7FEFF 		bl	TIM_TI1_SetConfig
 334              	.LVL18:
 191:Inc/STM32F3xx_HAL_Driver/Src/stm32f3xx_hal_tim_ex.c ****   /* Set the IC1PSC value */
 335              		.loc 1 191 3 view .LVU103
 191:Inc/STM32F3xx_HAL_Driver/Src/stm32f3xx_hal_tim_ex.c ****   /* Set the IC1PSC value */
 336              		.loc 1 191 7 is_stmt 0 view .LVU104
 337 0030 2268     		ldr	r2, [r4]
 191:Inc/STM32F3xx_HAL_Driver/Src/stm32f3xx_hal_tim_ex.c ****   /* Set the IC1PSC value */
 338              		.loc 1 191 17 view .LVU105
 339 0032 9369     		ldr	r3, [r2, #24]
 191:Inc/STM32F3xx_HAL_Driver/Src/stm32f3xx_hal_tim_ex.c ****   /* Set the IC1PSC value */
 340              		.loc 1 191 25 view .LVU106
 341 0034 23F00C03 		bic	r3, r3, #12
 342 0038 9361     		str	r3, [r2, #24]
 193:Inc/STM32F3xx_HAL_Driver/Src/stm32f3xx_hal_tim_ex.c **** 
 343              		.loc 1 193 3 is_stmt 1 view .LVU107
 193:Inc/STM32F3xx_HAL_Driver/Src/stm32f3xx_hal_tim_ex.c **** 
 344              		.loc 1 193 7 is_stmt 0 view .LVU108
 345 003a 2268     		ldr	r2, [r4]
 193:Inc/STM32F3xx_HAL_Driver/Src/stm32f3xx_hal_tim_ex.c **** 
 346              		.loc 1 193 17 view .LVU109
 347 003c 9369     		ldr	r3, [r2, #24]
 193:Inc/STM32F3xx_HAL_Driver/Src/stm32f3xx_hal_tim_ex.c **** 
 348              		.loc 1 193 35 view .LVU110
 349 003e 7168     		ldr	r1, [r6, #4]
 193:Inc/STM32F3xx_HAL_Driver/Src/stm32f3xx_hal_tim_ex.c **** 
 350              		.loc 1 193 25 view .LVU111
ARM GAS  /tmp/ccfhaacA.s 			page 53


 351 0040 0B43     		orrs	r3, r3, r1
 352 0042 9361     		str	r3, [r2, #24]
 196:Inc/STM32F3xx_HAL_Driver/Src/stm32f3xx_hal_tim_ex.c **** 
 353              		.loc 1 196 3 is_stmt 1 view .LVU112
 196:Inc/STM32F3xx_HAL_Driver/Src/stm32f3xx_hal_tim_ex.c **** 
 354              		.loc 1 196 7 is_stmt 0 view .LVU113
 355 0044 2268     		ldr	r2, [r4]
 196:Inc/STM32F3xx_HAL_Driver/Src/stm32f3xx_hal_tim_ex.c **** 
 356              		.loc 1 196 17 view .LVU114
 357 0046 5368     		ldr	r3, [r2, #4]
 196:Inc/STM32F3xx_HAL_Driver/Src/stm32f3xx_hal_tim_ex.c **** 
 358              		.loc 1 196 23 view .LVU115
 359 0048 43F08003 		orr	r3, r3, #128
 360 004c 5360     		str	r3, [r2, #4]
 199:Inc/STM32F3xx_HAL_Driver/Src/stm32f3xx_hal_tim_ex.c ****   htim->Instance->SMCR |= TIM_TS_TI1F_ED;
 361              		.loc 1 199 3 is_stmt 1 view .LVU116
 199:Inc/STM32F3xx_HAL_Driver/Src/stm32f3xx_hal_tim_ex.c ****   htim->Instance->SMCR |= TIM_TS_TI1F_ED;
 362              		.loc 1 199 7 is_stmt 0 view .LVU117
 363 004e 2268     		ldr	r2, [r4]
 199:Inc/STM32F3xx_HAL_Driver/Src/stm32f3xx_hal_tim_ex.c ****   htim->Instance->SMCR |= TIM_TS_TI1F_ED;
 364              		.loc 1 199 17 view .LVU118
 365 0050 9368     		ldr	r3, [r2, #8]
 199:Inc/STM32F3xx_HAL_Driver/Src/stm32f3xx_hal_tim_ex.c ****   htim->Instance->SMCR |= TIM_TS_TI1F_ED;
 366              		.loc 1 199 24 view .LVU119
 367 0052 23F07003 		bic	r3, r3, #112
 368 0056 9360     		str	r3, [r2, #8]
 200:Inc/STM32F3xx_HAL_Driver/Src/stm32f3xx_hal_tim_ex.c **** 
 369              		.loc 1 200 3 is_stmt 1 view .LVU120
 200:Inc/STM32F3xx_HAL_Driver/Src/stm32f3xx_hal_tim_ex.c **** 
 370              		.loc 1 200 7 is_stmt 0 view .LVU121
 371 0058 2268     		ldr	r2, [r4]
 200:Inc/STM32F3xx_HAL_Driver/Src/stm32f3xx_hal_tim_ex.c **** 
 372              		.loc 1 200 17 view .LVU122
 373 005a 9368     		ldr	r3, [r2, #8]
 200:Inc/STM32F3xx_HAL_Driver/Src/stm32f3xx_hal_tim_ex.c **** 
 374              		.loc 1 200 24 view .LVU123
 375 005c 43F04003 		orr	r3, r3, #64
 376 0060 9360     		str	r3, [r2, #8]
 203:Inc/STM32F3xx_HAL_Driver/Src/stm32f3xx_hal_tim_ex.c ****   htim->Instance->SMCR |= TIM_SLAVEMODE_RESET;
 377              		.loc 1 203 3 is_stmt 1 view .LVU124
 203:Inc/STM32F3xx_HAL_Driver/Src/stm32f3xx_hal_tim_ex.c ****   htim->Instance->SMCR |= TIM_SLAVEMODE_RESET;
 378              		.loc 1 203 7 is_stmt 0 view .LVU125
 379 0062 2268     		ldr	r2, [r4]
 203:Inc/STM32F3xx_HAL_Driver/Src/stm32f3xx_hal_tim_ex.c ****   htim->Instance->SMCR |= TIM_SLAVEMODE_RESET;
 380              		.loc 1 203 17 view .LVU126
 381 0064 9368     		ldr	r3, [r2, #8]
 203:Inc/STM32F3xx_HAL_Driver/Src/stm32f3xx_hal_tim_ex.c ****   htim->Instance->SMCR |= TIM_SLAVEMODE_RESET;
 382              		.loc 1 203 24 view .LVU127
 383 0066 23F48033 		bic	r3, r3, #65536
 384 006a 23F00703 		bic	r3, r3, #7
 385 006e 9360     		str	r3, [r2, #8]
 204:Inc/STM32F3xx_HAL_Driver/Src/stm32f3xx_hal_tim_ex.c **** 
 386              		.loc 1 204 3 is_stmt 1 view .LVU128
 204:Inc/STM32F3xx_HAL_Driver/Src/stm32f3xx_hal_tim_ex.c **** 
 387              		.loc 1 204 7 is_stmt 0 view .LVU129
 388 0070 2268     		ldr	r2, [r4]
 204:Inc/STM32F3xx_HAL_Driver/Src/stm32f3xx_hal_tim_ex.c **** 
ARM GAS  /tmp/ccfhaacA.s 			page 54


 389              		.loc 1 204 17 view .LVU130
 390 0072 9368     		ldr	r3, [r2, #8]
 204:Inc/STM32F3xx_HAL_Driver/Src/stm32f3xx_hal_tim_ex.c **** 
 391              		.loc 1 204 24 view .LVU131
 392 0074 43F00403 		orr	r3, r3, #4
 393 0078 9360     		str	r3, [r2, #8]
 207:Inc/STM32F3xx_HAL_Driver/Src/stm32f3xx_hal_tim_ex.c ****   OC_Config.OCIdleState = TIM_OCIDLESTATE_RESET;
 394              		.loc 1 207 3 is_stmt 1 view .LVU132
 207:Inc/STM32F3xx_HAL_Driver/Src/stm32f3xx_hal_tim_ex.c ****   OC_Config.OCIdleState = TIM_OCIDLESTATE_RESET;
 395              		.loc 1 207 24 is_stmt 0 view .LVU133
 396 007a 0025     		movs	r5, #0
 397 007c 0595     		str	r5, [sp, #20]
 208:Inc/STM32F3xx_HAL_Driver/Src/stm32f3xx_hal_tim_ex.c ****   OC_Config.OCMode = TIM_OCMODE_PWM2;
 398              		.loc 1 208 3 is_stmt 1 view .LVU134
 208:Inc/STM32F3xx_HAL_Driver/Src/stm32f3xx_hal_tim_ex.c ****   OC_Config.OCMode = TIM_OCMODE_PWM2;
 399              		.loc 1 208 25 is_stmt 0 view .LVU135
 400 007e 0695     		str	r5, [sp, #24]
 209:Inc/STM32F3xx_HAL_Driver/Src/stm32f3xx_hal_tim_ex.c ****   OC_Config.OCNIdleState = TIM_OCNIDLESTATE_RESET;
 401              		.loc 1 209 3 is_stmt 1 view .LVU136
 209:Inc/STM32F3xx_HAL_Driver/Src/stm32f3xx_hal_tim_ex.c ****   OC_Config.OCNIdleState = TIM_OCNIDLESTATE_RESET;
 402              		.loc 1 209 20 is_stmt 0 view .LVU137
 403 0080 7023     		movs	r3, #112
 404 0082 0193     		str	r3, [sp, #4]
 210:Inc/STM32F3xx_HAL_Driver/Src/stm32f3xx_hal_tim_ex.c ****   OC_Config.OCNPolarity = TIM_OCNPOLARITY_HIGH;
 405              		.loc 1 210 3 is_stmt 1 view .LVU138
 210:Inc/STM32F3xx_HAL_Driver/Src/stm32f3xx_hal_tim_ex.c ****   OC_Config.OCNPolarity = TIM_OCNPOLARITY_HIGH;
 406              		.loc 1 210 26 is_stmt 0 view .LVU139
 407 0084 0795     		str	r5, [sp, #28]
 211:Inc/STM32F3xx_HAL_Driver/Src/stm32f3xx_hal_tim_ex.c ****   OC_Config.OCPolarity = TIM_OCPOLARITY_HIGH;
 408              		.loc 1 211 3 is_stmt 1 view .LVU140
 211:Inc/STM32F3xx_HAL_Driver/Src/stm32f3xx_hal_tim_ex.c ****   OC_Config.OCPolarity = TIM_OCPOLARITY_HIGH;
 409              		.loc 1 211 25 is_stmt 0 view .LVU141
 410 0086 0495     		str	r5, [sp, #16]
 212:Inc/STM32F3xx_HAL_Driver/Src/stm32f3xx_hal_tim_ex.c ****   OC_Config.Pulse = sConfig->Commutation_Delay;
 411              		.loc 1 212 3 is_stmt 1 view .LVU142
 212:Inc/STM32F3xx_HAL_Driver/Src/stm32f3xx_hal_tim_ex.c ****   OC_Config.Pulse = sConfig->Commutation_Delay;
 412              		.loc 1 212 24 is_stmt 0 view .LVU143
 413 0088 0395     		str	r5, [sp, #12]
 213:Inc/STM32F3xx_HAL_Driver/Src/stm32f3xx_hal_tim_ex.c **** 
 414              		.loc 1 213 3 is_stmt 1 view .LVU144
 213:Inc/STM32F3xx_HAL_Driver/Src/stm32f3xx_hal_tim_ex.c **** 
 415              		.loc 1 213 28 is_stmt 0 view .LVU145
 416 008a F368     		ldr	r3, [r6, #12]
 213:Inc/STM32F3xx_HAL_Driver/Src/stm32f3xx_hal_tim_ex.c **** 
 417              		.loc 1 213 19 view .LVU146
 418 008c 0293     		str	r3, [sp, #8]
 215:Inc/STM32F3xx_HAL_Driver/Src/stm32f3xx_hal_tim_ex.c **** 
 419              		.loc 1 215 3 is_stmt 1 view .LVU147
 420 008e 01A9     		add	r1, sp, #4
 421 0090 2068     		ldr	r0, [r4]
 422 0092 FFF7FEFF 		bl	TIM_OC2_SetConfig
 423              	.LVL19:
 219:Inc/STM32F3xx_HAL_Driver/Src/stm32f3xx_hal_tim_ex.c ****   htim->Instance->CR2 |= TIM_TRGO_OC2REF;
 424              		.loc 1 219 3 view .LVU148
 219:Inc/STM32F3xx_HAL_Driver/Src/stm32f3xx_hal_tim_ex.c ****   htim->Instance->CR2 |= TIM_TRGO_OC2REF;
 425              		.loc 1 219 7 is_stmt 0 view .LVU149
 426 0096 2268     		ldr	r2, [r4]
ARM GAS  /tmp/ccfhaacA.s 			page 55


 219:Inc/STM32F3xx_HAL_Driver/Src/stm32f3xx_hal_tim_ex.c ****   htim->Instance->CR2 |= TIM_TRGO_OC2REF;
 427              		.loc 1 219 17 view .LVU150
 428 0098 5368     		ldr	r3, [r2, #4]
 219:Inc/STM32F3xx_HAL_Driver/Src/stm32f3xx_hal_tim_ex.c ****   htim->Instance->CR2 |= TIM_TRGO_OC2REF;
 429              		.loc 1 219 23 view .LVU151
 430 009a 23F07003 		bic	r3, r3, #112
 431 009e 5360     		str	r3, [r2, #4]
 220:Inc/STM32F3xx_HAL_Driver/Src/stm32f3xx_hal_tim_ex.c **** 
 432              		.loc 1 220 3 is_stmt 1 view .LVU152
 220:Inc/STM32F3xx_HAL_Driver/Src/stm32f3xx_hal_tim_ex.c **** 
 433              		.loc 1 220 7 is_stmt 0 view .LVU153
 434 00a0 2268     		ldr	r2, [r4]
 220:Inc/STM32F3xx_HAL_Driver/Src/stm32f3xx_hal_tim_ex.c **** 
 435              		.loc 1 220 17 view .LVU154
 436 00a2 5368     		ldr	r3, [r2, #4]
 220:Inc/STM32F3xx_HAL_Driver/Src/stm32f3xx_hal_tim_ex.c **** 
 437              		.loc 1 220 23 view .LVU155
 438 00a4 43F05003 		orr	r3, r3, #80
 439 00a8 5360     		str	r3, [r2, #4]
 223:Inc/STM32F3xx_HAL_Driver/Src/stm32f3xx_hal_tim_ex.c **** 
 440              		.loc 1 223 3 is_stmt 1 view .LVU156
 223:Inc/STM32F3xx_HAL_Driver/Src/stm32f3xx_hal_tim_ex.c **** 
 441              		.loc 1 223 23 is_stmt 0 view .LVU157
 442 00aa 0123     		movs	r3, #1
 443 00ac 84F84830 		strb	r3, [r4, #72]
 226:Inc/STM32F3xx_HAL_Driver/Src/stm32f3xx_hal_tim_ex.c ****   TIM_CHANNEL_STATE_SET(htim, TIM_CHANNEL_2, HAL_TIM_CHANNEL_STATE_READY);
 444              		.loc 1 226 3 is_stmt 1 view .LVU158
 445 00b0 84F83E30 		strb	r3, [r4, #62]
 227:Inc/STM32F3xx_HAL_Driver/Src/stm32f3xx_hal_tim_ex.c ****   TIM_CHANNEL_N_STATE_SET(htim, TIM_CHANNEL_1, HAL_TIM_CHANNEL_STATE_READY);
 446              		.loc 1 227 3 view .LVU159
 447 00b4 84F83F30 		strb	r3, [r4, #63]
 228:Inc/STM32F3xx_HAL_Driver/Src/stm32f3xx_hal_tim_ex.c ****   TIM_CHANNEL_N_STATE_SET(htim, TIM_CHANNEL_2, HAL_TIM_CHANNEL_STATE_READY);
 448              		.loc 1 228 3 view .LVU160
 449 00b8 84F84430 		strb	r3, [r4, #68]
 229:Inc/STM32F3xx_HAL_Driver/Src/stm32f3xx_hal_tim_ex.c **** 
 450              		.loc 1 229 3 view .LVU161
 451 00bc 84F84530 		strb	r3, [r4, #69]
 232:Inc/STM32F3xx_HAL_Driver/Src/stm32f3xx_hal_tim_ex.c **** 
 452              		.loc 1 232 3 view .LVU162
 232:Inc/STM32F3xx_HAL_Driver/Src/stm32f3xx_hal_tim_ex.c **** 
 453              		.loc 1 232 15 is_stmt 0 view .LVU163
 454 00c0 84F83D30 		strb	r3, [r4, #61]
 234:Inc/STM32F3xx_HAL_Driver/Src/stm32f3xx_hal_tim_ex.c **** }
 455              		.loc 1 234 3 is_stmt 1 view .LVU164
 234:Inc/STM32F3xx_HAL_Driver/Src/stm32f3xx_hal_tim_ex.c **** }
 456              		.loc 1 234 10 is_stmt 0 view .LVU165
 457 00c4 2846     		mov	r0, r5
 235:Inc/STM32F3xx_HAL_Driver/Src/stm32f3xx_hal_tim_ex.c **** 
 458              		.loc 1 235 1 view .LVU166
 459 00c6 08B0     		add	sp, sp, #32
 460              		.cfi_remember_state
 461              		.cfi_def_cfa_offset 16
 462              		@ sp needed
 463 00c8 70BD     		pop	{r4, r5, r6, pc}
 464              	.LVL20:
 465              	.L27:
 466              		.cfi_restore_state
ARM GAS  /tmp/ccfhaacA.s 			page 56


 163:Inc/STM32F3xx_HAL_Driver/Src/stm32f3xx_hal_tim_ex.c **** 
 467              		.loc 1 163 5 is_stmt 1 view .LVU167
 163:Inc/STM32F3xx_HAL_Driver/Src/stm32f3xx_hal_tim_ex.c **** 
 468              		.loc 1 163 16 is_stmt 0 view .LVU168
 469 00ca 80F83C30 		strb	r3, [r0, #60]
 177:Inc/STM32F3xx_HAL_Driver/Src/stm32f3xx_hal_tim_ex.c **** #endif /* USE_HAL_TIM_REGISTER_CALLBACKS */
 470              		.loc 1 177 5 is_stmt 1 view .LVU169
 471 00ce FFF7FEFF 		bl	HAL_TIMEx_HallSensor_MspInit
 472              	.LVL21:
 177:Inc/STM32F3xx_HAL_Driver/Src/stm32f3xx_hal_tim_ex.c **** #endif /* USE_HAL_TIM_REGISTER_CALLBACKS */
 473              		.loc 1 177 5 is_stmt 0 view .LVU170
 474 00d2 9FE7     		b	.L21
 475              	.LVL22:
 476              	.L22:
 477              		.cfi_def_cfa_offset 0
 478              		.cfi_restore 4
 479              		.cfi_restore 5
 480              		.cfi_restore 6
 481              		.cfi_restore 14
 147:Inc/STM32F3xx_HAL_Driver/Src/stm32f3xx_hal_tim_ex.c ****   }
 482              		.loc 1 147 12 view .LVU171
 483 00d4 0120     		movs	r0, #1
 484              	.LVL23:
 235:Inc/STM32F3xx_HAL_Driver/Src/stm32f3xx_hal_tim_ex.c **** 
 485              		.loc 1 235 1 view .LVU172
 486 00d6 7047     		bx	lr
 487              		.cfi_endproc
 488              	.LFE130:
 490              		.section	.text.HAL_TIMEx_HallSensor_MspDeInit,"ax",%progbits
 491              		.align	1
 492              		.weak	HAL_TIMEx_HallSensor_MspDeInit
 493              		.syntax unified
 494              		.thumb
 495              		.thumb_func
 497              	HAL_TIMEx_HallSensor_MspDeInit:
 498              	.LVL24:
 499              	.LFB133:
 303:Inc/STM32F3xx_HAL_Driver/Src/stm32f3xx_hal_tim_ex.c ****   /* Prevent unused argument(s) compilation warning */
 500              		.loc 1 303 1 is_stmt 1 view -0
 501              		.cfi_startproc
 502              		@ args = 0, pretend = 0, frame = 0
 503              		@ frame_needed = 0, uses_anonymous_args = 0
 504              		@ link register save eliminated.
 305:Inc/STM32F3xx_HAL_Driver/Src/stm32f3xx_hal_tim_ex.c **** 
 505              		.loc 1 305 3 view .LVU174
 310:Inc/STM32F3xx_HAL_Driver/Src/stm32f3xx_hal_tim_ex.c **** 
 506              		.loc 1 310 1 is_stmt 0 view .LVU175
 507 0000 7047     		bx	lr
 508              		.cfi_endproc
 509              	.LFE133:
 511              		.section	.text.HAL_TIMEx_HallSensor_DeInit,"ax",%progbits
 512              		.align	1
 513              		.global	HAL_TIMEx_HallSensor_DeInit
 514              		.syntax unified
 515              		.thumb
 516              		.thumb_func
 518              	HAL_TIMEx_HallSensor_DeInit:
ARM GAS  /tmp/ccfhaacA.s 			page 57


 519              	.LVL25:
 520              	.LFB131:
 243:Inc/STM32F3xx_HAL_Driver/Src/stm32f3xx_hal_tim_ex.c ****   /* Check the parameters */
 521              		.loc 1 243 1 is_stmt 1 view -0
 522              		.cfi_startproc
 523              		@ args = 0, pretend = 0, frame = 0
 524              		@ frame_needed = 0, uses_anonymous_args = 0
 243:Inc/STM32F3xx_HAL_Driver/Src/stm32f3xx_hal_tim_ex.c ****   /* Check the parameters */
 525              		.loc 1 243 1 is_stmt 0 view .LVU177
 526 0000 10B5     		push	{r4, lr}
 527              		.cfi_def_cfa_offset 8
 528              		.cfi_offset 4, -8
 529              		.cfi_offset 14, -4
 530 0002 0446     		mov	r4, r0
 245:Inc/STM32F3xx_HAL_Driver/Src/stm32f3xx_hal_tim_ex.c **** 
 531              		.loc 1 245 3 is_stmt 1 view .LVU178
 247:Inc/STM32F3xx_HAL_Driver/Src/stm32f3xx_hal_tim_ex.c **** 
 532              		.loc 1 247 3 view .LVU179
 247:Inc/STM32F3xx_HAL_Driver/Src/stm32f3xx_hal_tim_ex.c **** 
 533              		.loc 1 247 15 is_stmt 0 view .LVU180
 534 0004 0223     		movs	r3, #2
 535 0006 80F83D30 		strb	r3, [r0, #61]
 250:Inc/STM32F3xx_HAL_Driver/Src/stm32f3xx_hal_tim_ex.c **** 
 536              		.loc 1 250 3 is_stmt 1 view .LVU181
 250:Inc/STM32F3xx_HAL_Driver/Src/stm32f3xx_hal_tim_ex.c **** 
 537              		.loc 1 250 3 view .LVU182
 538 000a 0368     		ldr	r3, [r0]
 539 000c 196A     		ldr	r1, [r3, #32]
 540 000e 41F21112 		movw	r2, #4369
 541 0012 1142     		tst	r1, r2
 542 0014 08D1     		bne	.L30
 250:Inc/STM32F3xx_HAL_Driver/Src/stm32f3xx_hal_tim_ex.c **** 
 543              		.loc 1 250 3 discriminator 1 view .LVU183
 544 0016 196A     		ldr	r1, [r3, #32]
 545 0018 40F24442 		movw	r2, #1092
 546 001c 1142     		tst	r1, r2
 547 001e 03D1     		bne	.L30
 250:Inc/STM32F3xx_HAL_Driver/Src/stm32f3xx_hal_tim_ex.c **** 
 548              		.loc 1 250 3 discriminator 3 view .LVU184
 549 0020 1A68     		ldr	r2, [r3]
 550 0022 22F00102 		bic	r2, r2, #1
 551 0026 1A60     		str	r2, [r3]
 552              	.L30:
 250:Inc/STM32F3xx_HAL_Driver/Src/stm32f3xx_hal_tim_ex.c **** 
 553              		.loc 1 250 3 discriminator 5 view .LVU185
 261:Inc/STM32F3xx_HAL_Driver/Src/stm32f3xx_hal_tim_ex.c **** #endif /* USE_HAL_TIM_REGISTER_CALLBACKS */
 554              		.loc 1 261 3 view .LVU186
 555 0028 2046     		mov	r0, r4
 556              	.LVL26:
 261:Inc/STM32F3xx_HAL_Driver/Src/stm32f3xx_hal_tim_ex.c **** #endif /* USE_HAL_TIM_REGISTER_CALLBACKS */
 557              		.loc 1 261 3 is_stmt 0 view .LVU187
 558 002a FFF7FEFF 		bl	HAL_TIMEx_HallSensor_MspDeInit
 559              	.LVL27:
 265:Inc/STM32F3xx_HAL_Driver/Src/stm32f3xx_hal_tim_ex.c **** 
 560              		.loc 1 265 3 is_stmt 1 view .LVU188
 265:Inc/STM32F3xx_HAL_Driver/Src/stm32f3xx_hal_tim_ex.c **** 
 561              		.loc 1 265 23 is_stmt 0 view .LVU189
ARM GAS  /tmp/ccfhaacA.s 			page 58


 562 002e 0020     		movs	r0, #0
 563 0030 84F84800 		strb	r0, [r4, #72]
 268:Inc/STM32F3xx_HAL_Driver/Src/stm32f3xx_hal_tim_ex.c ****   TIM_CHANNEL_STATE_SET(htim, TIM_CHANNEL_2, HAL_TIM_CHANNEL_STATE_RESET);
 564              		.loc 1 268 3 is_stmt 1 view .LVU190
 565 0034 84F83E00 		strb	r0, [r4, #62]
 269:Inc/STM32F3xx_HAL_Driver/Src/stm32f3xx_hal_tim_ex.c ****   TIM_CHANNEL_N_STATE_SET(htim, TIM_CHANNEL_1, HAL_TIM_CHANNEL_STATE_RESET);
 566              		.loc 1 269 3 view .LVU191
 567 0038 84F83F00 		strb	r0, [r4, #63]
 270:Inc/STM32F3xx_HAL_Driver/Src/stm32f3xx_hal_tim_ex.c ****   TIM_CHANNEL_N_STATE_SET(htim, TIM_CHANNEL_2, HAL_TIM_CHANNEL_STATE_RESET);
 568              		.loc 1 270 3 view .LVU192
 569 003c 84F84400 		strb	r0, [r4, #68]
 271:Inc/STM32F3xx_HAL_Driver/Src/stm32f3xx_hal_tim_ex.c **** 
 570              		.loc 1 271 3 view .LVU193
 571 0040 84F84500 		strb	r0, [r4, #69]
 274:Inc/STM32F3xx_HAL_Driver/Src/stm32f3xx_hal_tim_ex.c **** 
 572              		.loc 1 274 3 view .LVU194
 274:Inc/STM32F3xx_HAL_Driver/Src/stm32f3xx_hal_tim_ex.c **** 
 573              		.loc 1 274 15 is_stmt 0 view .LVU195
 574 0044 84F83D00 		strb	r0, [r4, #61]
 277:Inc/STM32F3xx_HAL_Driver/Src/stm32f3xx_hal_tim_ex.c **** 
 575              		.loc 1 277 3 is_stmt 1 view .LVU196
 277:Inc/STM32F3xx_HAL_Driver/Src/stm32f3xx_hal_tim_ex.c **** 
 576              		.loc 1 277 3 view .LVU197
 577 0048 84F83C00 		strb	r0, [r4, #60]
 277:Inc/STM32F3xx_HAL_Driver/Src/stm32f3xx_hal_tim_ex.c **** 
 578              		.loc 1 277 3 view .LVU198
 279:Inc/STM32F3xx_HAL_Driver/Src/stm32f3xx_hal_tim_ex.c **** }
 579              		.loc 1 279 3 view .LVU199
 280:Inc/STM32F3xx_HAL_Driver/Src/stm32f3xx_hal_tim_ex.c **** 
 580              		.loc 1 280 1 is_stmt 0 view .LVU200
 581 004c 10BD     		pop	{r4, pc}
 280:Inc/STM32F3xx_HAL_Driver/Src/stm32f3xx_hal_tim_ex.c **** 
 582              		.loc 1 280 1 view .LVU201
 583              		.cfi_endproc
 584              	.LFE131:
 586              		.section	.text.HAL_TIMEx_HallSensor_Start,"ax",%progbits
 587              		.align	1
 588              		.global	HAL_TIMEx_HallSensor_Start
 589              		.syntax unified
 590              		.thumb
 591              		.thumb_func
 593              	HAL_TIMEx_HallSensor_Start:
 594              	.LVL28:
 595              	.LFB134:
 318:Inc/STM32F3xx_HAL_Driver/Src/stm32f3xx_hal_tim_ex.c ****   uint32_t tmpsmcr;
 596              		.loc 1 318 1 is_stmt 1 view -0
 597              		.cfi_startproc
 598              		@ args = 0, pretend = 0, frame = 0
 599              		@ frame_needed = 0, uses_anonymous_args = 0
 318:Inc/STM32F3xx_HAL_Driver/Src/stm32f3xx_hal_tim_ex.c ****   uint32_t tmpsmcr;
 600              		.loc 1 318 1 is_stmt 0 view .LVU203
 601 0000 10B5     		push	{r4, lr}
 602              		.cfi_def_cfa_offset 8
 603              		.cfi_offset 4, -8
 604              		.cfi_offset 14, -4
 605 0002 0446     		mov	r4, r0
 319:Inc/STM32F3xx_HAL_Driver/Src/stm32f3xx_hal_tim_ex.c ****   HAL_TIM_ChannelStateTypeDef channel_1_state = TIM_CHANNEL_STATE_GET(htim, TIM_CHANNEL_1);
ARM GAS  /tmp/ccfhaacA.s 			page 59


 606              		.loc 1 319 3 is_stmt 1 view .LVU204
 320:Inc/STM32F3xx_HAL_Driver/Src/stm32f3xx_hal_tim_ex.c ****   HAL_TIM_ChannelStateTypeDef channel_2_state = TIM_CHANNEL_STATE_GET(htim, TIM_CHANNEL_2);
 607              		.loc 1 320 3 view .LVU205
 320:Inc/STM32F3xx_HAL_Driver/Src/stm32f3xx_hal_tim_ex.c ****   HAL_TIM_ChannelStateTypeDef channel_2_state = TIM_CHANNEL_STATE_GET(htim, TIM_CHANNEL_2);
 608              		.loc 1 320 31 is_stmt 0 view .LVU206
 609 0004 90F83EC0 		ldrb	ip, [r0, #62]	@ zero_extendqisi2
 610              	.LVL29:
 321:Inc/STM32F3xx_HAL_Driver/Src/stm32f3xx_hal_tim_ex.c ****   HAL_TIM_ChannelStateTypeDef complementary_channel_1_state = TIM_CHANNEL_N_STATE_GET(htim, TIM_CHA
 611              		.loc 1 321 3 is_stmt 1 view .LVU207
 321:Inc/STM32F3xx_HAL_Driver/Src/stm32f3xx_hal_tim_ex.c ****   HAL_TIM_ChannelStateTypeDef complementary_channel_1_state = TIM_CHANNEL_N_STATE_GET(htim, TIM_CHA
 612              		.loc 1 321 31 is_stmt 0 view .LVU208
 613 0008 90F83F30 		ldrb	r3, [r0, #63]	@ zero_extendqisi2
 614              	.LVL30:
 322:Inc/STM32F3xx_HAL_Driver/Src/stm32f3xx_hal_tim_ex.c ****   HAL_TIM_ChannelStateTypeDef complementary_channel_2_state = TIM_CHANNEL_N_STATE_GET(htim, TIM_CHA
 615              		.loc 1 322 3 is_stmt 1 view .LVU209
 322:Inc/STM32F3xx_HAL_Driver/Src/stm32f3xx_hal_tim_ex.c ****   HAL_TIM_ChannelStateTypeDef complementary_channel_2_state = TIM_CHANNEL_N_STATE_GET(htim, TIM_CHA
 616              		.loc 1 322 31 is_stmt 0 view .LVU210
 617 000c 90F84420 		ldrb	r2, [r0, #68]	@ zero_extendqisi2
 618              	.LVL31:
 323:Inc/STM32F3xx_HAL_Driver/Src/stm32f3xx_hal_tim_ex.c **** 
 619              		.loc 1 323 3 is_stmt 1 view .LVU211
 323:Inc/STM32F3xx_HAL_Driver/Src/stm32f3xx_hal_tim_ex.c **** 
 620              		.loc 1 323 31 is_stmt 0 view .LVU212
 621 0010 90F84510 		ldrb	r1, [r0, #69]	@ zero_extendqisi2
 622              	.LVL32:
 326:Inc/STM32F3xx_HAL_Driver/Src/stm32f3xx_hal_tim_ex.c **** 
 623              		.loc 1 326 3 is_stmt 1 view .LVU213
 329:Inc/STM32F3xx_HAL_Driver/Src/stm32f3xx_hal_tim_ex.c ****       || (channel_2_state != HAL_TIM_CHANNEL_STATE_READY)
 624              		.loc 1 329 3 view .LVU214
 329:Inc/STM32F3xx_HAL_Driver/Src/stm32f3xx_hal_tim_ex.c ****       || (channel_2_state != HAL_TIM_CHANNEL_STATE_READY)
 625              		.loc 1 329 6 is_stmt 0 view .LVU215
 626 0014 BCF1010F 		cmp	ip, #1
 627 0018 48D1     		bne	.L36
 628 001a 5FFA8CF0 		uxtb	r0, ip
 629              	.LVL33:
 329:Inc/STM32F3xx_HAL_Driver/Src/stm32f3xx_hal_tim_ex.c ****       || (channel_2_state != HAL_TIM_CHANNEL_STATE_READY)
 630              		.loc 1 329 6 view .LVU216
 631 001e DBB2     		uxtb	r3, r3
 329:Inc/STM32F3xx_HAL_Driver/Src/stm32f3xx_hal_tim_ex.c ****       || (channel_2_state != HAL_TIM_CHANNEL_STATE_READY)
 632              		.loc 1 329 6 view .LVU217
 633 0020 D2B2     		uxtb	r2, r2
 329:Inc/STM32F3xx_HAL_Driver/Src/stm32f3xx_hal_tim_ex.c ****       || (channel_2_state != HAL_TIM_CHANNEL_STATE_READY)
 634              		.loc 1 329 6 view .LVU218
 635 0022 C9B2     		uxtb	r1, r1
 330:Inc/STM32F3xx_HAL_Driver/Src/stm32f3xx_hal_tim_ex.c ****       || (complementary_channel_1_state != HAL_TIM_CHANNEL_STATE_READY)
 636              		.loc 1 330 7 view .LVU219
 637 0024 012B     		cmp	r3, #1
 638 0026 42D1     		bne	.L33
 331:Inc/STM32F3xx_HAL_Driver/Src/stm32f3xx_hal_tim_ex.c ****       || (complementary_channel_2_state != HAL_TIM_CHANNEL_STATE_READY))
 639              		.loc 1 331 7 view .LVU220
 640 0028 012A     		cmp	r2, #1
 641 002a 41D1     		bne	.L37
 332:Inc/STM32F3xx_HAL_Driver/Src/stm32f3xx_hal_tim_ex.c ****   {
 642              		.loc 1 332 7 view .LVU221
 643 002c 0129     		cmp	r1, #1
 644 002e 01D0     		beq	.L42
 334:Inc/STM32F3xx_HAL_Driver/Src/stm32f3xx_hal_tim_ex.c ****   }
ARM GAS  /tmp/ccfhaacA.s 			page 60


 645              		.loc 1 334 12 view .LVU222
 646 0030 1046     		mov	r0, r2
 647 0032 3CE0     		b	.L33
 648              	.L42:
 338:Inc/STM32F3xx_HAL_Driver/Src/stm32f3xx_hal_tim_ex.c ****   TIM_CHANNEL_STATE_SET(htim, TIM_CHANNEL_2, HAL_TIM_CHANNEL_STATE_BUSY);
 649              		.loc 1 338 3 is_stmt 1 view .LVU223
 650 0034 0223     		movs	r3, #2
 651              	.LVL34:
 338:Inc/STM32F3xx_HAL_Driver/Src/stm32f3xx_hal_tim_ex.c ****   TIM_CHANNEL_STATE_SET(htim, TIM_CHANNEL_2, HAL_TIM_CHANNEL_STATE_BUSY);
 652              		.loc 1 338 3 is_stmt 0 view .LVU224
 653 0036 84F83E30 		strb	r3, [r4, #62]
 339:Inc/STM32F3xx_HAL_Driver/Src/stm32f3xx_hal_tim_ex.c ****   TIM_CHANNEL_N_STATE_SET(htim, TIM_CHANNEL_1, HAL_TIM_CHANNEL_STATE_BUSY);
 654              		.loc 1 339 3 is_stmt 1 view .LVU225
 655 003a 84F83F30 		strb	r3, [r4, #63]
 340:Inc/STM32F3xx_HAL_Driver/Src/stm32f3xx_hal_tim_ex.c ****   TIM_CHANNEL_N_STATE_SET(htim, TIM_CHANNEL_2, HAL_TIM_CHANNEL_STATE_BUSY);
 656              		.loc 1 340 3 view .LVU226
 657 003e 84F84430 		strb	r3, [r4, #68]
 341:Inc/STM32F3xx_HAL_Driver/Src/stm32f3xx_hal_tim_ex.c **** 
 658              		.loc 1 341 3 view .LVU227
 659 0042 84F84530 		strb	r3, [r4, #69]
 346:Inc/STM32F3xx_HAL_Driver/Src/stm32f3xx_hal_tim_ex.c **** 
 660              		.loc 1 346 3 view .LVU228
 661 0046 0021     		movs	r1, #0
 662              	.LVL35:
 346:Inc/STM32F3xx_HAL_Driver/Src/stm32f3xx_hal_tim_ex.c **** 
 663              		.loc 1 346 3 is_stmt 0 view .LVU229
 664 0048 2068     		ldr	r0, [r4]
 665 004a FFF7FEFF 		bl	TIM_CCxChannelCmd
 666              	.LVL36:
 349:Inc/STM32F3xx_HAL_Driver/Src/stm32f3xx_hal_tim_ex.c ****   {
 667              		.loc 1 349 3 is_stmt 1 view .LVU230
 349:Inc/STM32F3xx_HAL_Driver/Src/stm32f3xx_hal_tim_ex.c ****   {
 668              		.loc 1 349 7 is_stmt 0 view .LVU231
 669 004e 2368     		ldr	r3, [r4]
 349:Inc/STM32F3xx_HAL_Driver/Src/stm32f3xx_hal_tim_ex.c ****   {
 670              		.loc 1 349 6 view .LVU232
 671 0050 1A4A     		ldr	r2, .L43
 672 0052 9342     		cmp	r3, r2
 673 0054 1CD0     		beq	.L34
 349:Inc/STM32F3xx_HAL_Driver/Src/stm32f3xx_hal_tim_ex.c ****   {
 674              		.loc 1 349 7 discriminator 1 view .LVU233
 675 0056 B3F1804F 		cmp	r3, #1073741824
 676 005a 19D0     		beq	.L34
 349:Inc/STM32F3xx_HAL_Driver/Src/stm32f3xx_hal_tim_ex.c ****   {
 677              		.loc 1 349 7 discriminator 2 view .LVU234
 678 005c A2F59432 		sub	r2, r2, #75776
 679 0060 9342     		cmp	r3, r2
 680 0062 15D0     		beq	.L34
 349:Inc/STM32F3xx_HAL_Driver/Src/stm32f3xx_hal_tim_ex.c ****   {
 681              		.loc 1 349 7 discriminator 3 view .LVU235
 682 0064 02F58062 		add	r2, r2, #1024
 683 0068 9342     		cmp	r3, r2
 684 006a 11D0     		beq	.L34
 349:Inc/STM32F3xx_HAL_Driver/Src/stm32f3xx_hal_tim_ex.c ****   {
 685              		.loc 1 349 7 discriminator 4 view .LVU236
 686 006c 02F59632 		add	r2, r2, #76800
 687 0070 9342     		cmp	r3, r2
ARM GAS  /tmp/ccfhaacA.s 			page 61


 688 0072 0DD0     		beq	.L34
 349:Inc/STM32F3xx_HAL_Driver/Src/stm32f3xx_hal_tim_ex.c ****   {
 689              		.loc 1 349 7 discriminator 5 view .LVU237
 690 0074 02F54062 		add	r2, r2, #3072
 691 0078 9342     		cmp	r3, r2
 692 007a 09D0     		beq	.L34
 349:Inc/STM32F3xx_HAL_Driver/Src/stm32f3xx_hal_tim_ex.c ****   {
 693              		.loc 1 349 7 discriminator 6 view .LVU238
 694 007c 02F58052 		add	r2, r2, #4096
 695 0080 9342     		cmp	r3, r2
 696 0082 05D0     		beq	.L34
 359:Inc/STM32F3xx_HAL_Driver/Src/stm32f3xx_hal_tim_ex.c ****   }
 697              		.loc 1 359 5 is_stmt 1 view .LVU239
 698 0084 1A68     		ldr	r2, [r3]
 699 0086 42F00102 		orr	r2, r2, #1
 700 008a 1A60     		str	r2, [r3]
 363:Inc/STM32F3xx_HAL_Driver/Src/stm32f3xx_hal_tim_ex.c **** }
 701              		.loc 1 363 10 is_stmt 0 view .LVU240
 702 008c 0020     		movs	r0, #0
 703 008e 0EE0     		b	.L33
 704              	.L34:
 351:Inc/STM32F3xx_HAL_Driver/Src/stm32f3xx_hal_tim_ex.c ****     if (!IS_TIM_SLAVEMODE_TRIGGER_ENABLED(tmpsmcr))
 705              		.loc 1 351 5 is_stmt 1 view .LVU241
 351:Inc/STM32F3xx_HAL_Driver/Src/stm32f3xx_hal_tim_ex.c ****     if (!IS_TIM_SLAVEMODE_TRIGGER_ENABLED(tmpsmcr))
 706              		.loc 1 351 29 is_stmt 0 view .LVU242
 707 0090 9968     		ldr	r1, [r3, #8]
 351:Inc/STM32F3xx_HAL_Driver/Src/stm32f3xx_hal_tim_ex.c ****     if (!IS_TIM_SLAVEMODE_TRIGGER_ENABLED(tmpsmcr))
 708              		.loc 1 351 13 view .LVU243
 709 0092 0B4A     		ldr	r2, .L43+4
 710 0094 0A40     		ands	r2, r2, r1
 711              	.LVL37:
 352:Inc/STM32F3xx_HAL_Driver/Src/stm32f3xx_hal_tim_ex.c ****     {
 712              		.loc 1 352 5 is_stmt 1 view .LVU244
 352:Inc/STM32F3xx_HAL_Driver/Src/stm32f3xx_hal_tim_ex.c ****     {
 713              		.loc 1 352 8 is_stmt 0 view .LVU245
 714 0096 062A     		cmp	r2, #6
 715 0098 0CD0     		beq	.L39
 352:Inc/STM32F3xx_HAL_Driver/Src/stm32f3xx_hal_tim_ex.c ****     {
 716              		.loc 1 352 9 discriminator 1 view .LVU246
 717 009a B2F5803F 		cmp	r2, #65536
 718 009e 0BD0     		beq	.L40
 354:Inc/STM32F3xx_HAL_Driver/Src/stm32f3xx_hal_tim_ex.c ****     }
 719              		.loc 1 354 7 is_stmt 1 view .LVU247
 720 00a0 1A68     		ldr	r2, [r3]
 721              	.LVL38:
 354:Inc/STM32F3xx_HAL_Driver/Src/stm32f3xx_hal_tim_ex.c ****     }
 722              		.loc 1 354 7 is_stmt 0 view .LVU248
 723 00a2 42F00102 		orr	r2, r2, #1
 724 00a6 1A60     		str	r2, [r3]
 363:Inc/STM32F3xx_HAL_Driver/Src/stm32f3xx_hal_tim_ex.c **** }
 725              		.loc 1 363 10 view .LVU249
 726 00a8 0020     		movs	r0, #0
 727 00aa 00E0     		b	.L33
 728              	.LVL39:
 729              	.L36:
 334:Inc/STM32F3xx_HAL_Driver/Src/stm32f3xx_hal_tim_ex.c ****   }
 730              		.loc 1 334 12 view .LVU250
ARM GAS  /tmp/ccfhaacA.s 			page 62


 731 00ac 0120     		movs	r0, #1
 732              	.LVL40:
 733              	.L33:
 364:Inc/STM32F3xx_HAL_Driver/Src/stm32f3xx_hal_tim_ex.c **** 
 734              		.loc 1 364 1 view .LVU251
 735 00ae 10BD     		pop	{r4, pc}
 736              	.LVL41:
 737              	.L37:
 334:Inc/STM32F3xx_HAL_Driver/Src/stm32f3xx_hal_tim_ex.c ****   }
 738              		.loc 1 334 12 view .LVU252
 739 00b0 1846     		mov	r0, r3
 740 00b2 FCE7     		b	.L33
 741              	.LVL42:
 742              	.L39:
 363:Inc/STM32F3xx_HAL_Driver/Src/stm32f3xx_hal_tim_ex.c **** }
 743              		.loc 1 363 10 view .LVU253
 744 00b4 0020     		movs	r0, #0
 745 00b6 FAE7     		b	.L33
 746              	.L40:
 747 00b8 0020     		movs	r0, #0
 748 00ba F8E7     		b	.L33
 749              	.L44:
 750              		.align	2
 751              	.L43:
 752 00bc 002C0140 		.word	1073818624
 753 00c0 07000100 		.word	65543
 754              		.cfi_endproc
 755              	.LFE134:
 757              		.section	.text.HAL_TIMEx_HallSensor_Stop,"ax",%progbits
 758              		.align	1
 759              		.global	HAL_TIMEx_HallSensor_Stop
 760              		.syntax unified
 761              		.thumb
 762              		.thumb_func
 764              	HAL_TIMEx_HallSensor_Stop:
 765              	.LVL43:
 766              	.LFB135:
 372:Inc/STM32F3xx_HAL_Driver/Src/stm32f3xx_hal_tim_ex.c ****   /* Check the parameters */
 767              		.loc 1 372 1 is_stmt 1 view -0
 768              		.cfi_startproc
 769              		@ args = 0, pretend = 0, frame = 0
 770              		@ frame_needed = 0, uses_anonymous_args = 0
 372:Inc/STM32F3xx_HAL_Driver/Src/stm32f3xx_hal_tim_ex.c ****   /* Check the parameters */
 771              		.loc 1 372 1 is_stmt 0 view .LVU255
 772 0000 10B5     		push	{r4, lr}
 773              		.cfi_def_cfa_offset 8
 774              		.cfi_offset 4, -8
 775              		.cfi_offset 14, -4
 776 0002 0446     		mov	r4, r0
 374:Inc/STM32F3xx_HAL_Driver/Src/stm32f3xx_hal_tim_ex.c **** 
 777              		.loc 1 374 3 is_stmt 1 view .LVU256
 379:Inc/STM32F3xx_HAL_Driver/Src/stm32f3xx_hal_tim_ex.c **** 
 778              		.loc 1 379 3 view .LVU257
 779 0004 0022     		movs	r2, #0
 780 0006 1146     		mov	r1, r2
 781 0008 0068     		ldr	r0, [r0]
 782              	.LVL44:
ARM GAS  /tmp/ccfhaacA.s 			page 63


 379:Inc/STM32F3xx_HAL_Driver/Src/stm32f3xx_hal_tim_ex.c **** 
 783              		.loc 1 379 3 is_stmt 0 view .LVU258
 784 000a FFF7FEFF 		bl	TIM_CCxChannelCmd
 785              	.LVL45:
 382:Inc/STM32F3xx_HAL_Driver/Src/stm32f3xx_hal_tim_ex.c **** 
 786              		.loc 1 382 3 is_stmt 1 view .LVU259
 382:Inc/STM32F3xx_HAL_Driver/Src/stm32f3xx_hal_tim_ex.c **** 
 787              		.loc 1 382 3 view .LVU260
 788 000e 2368     		ldr	r3, [r4]
 789 0010 196A     		ldr	r1, [r3, #32]
 790 0012 41F21112 		movw	r2, #4369
 791 0016 1142     		tst	r1, r2
 792 0018 08D1     		bne	.L46
 382:Inc/STM32F3xx_HAL_Driver/Src/stm32f3xx_hal_tim_ex.c **** 
 793              		.loc 1 382 3 discriminator 1 view .LVU261
 794 001a 196A     		ldr	r1, [r3, #32]
 795 001c 40F24442 		movw	r2, #1092
 796 0020 1142     		tst	r1, r2
 797 0022 03D1     		bne	.L46
 382:Inc/STM32F3xx_HAL_Driver/Src/stm32f3xx_hal_tim_ex.c **** 
 798              		.loc 1 382 3 discriminator 3 view .LVU262
 799 0024 1A68     		ldr	r2, [r3]
 800 0026 22F00102 		bic	r2, r2, #1
 801 002a 1A60     		str	r2, [r3]
 802              	.L46:
 382:Inc/STM32F3xx_HAL_Driver/Src/stm32f3xx_hal_tim_ex.c **** 
 803              		.loc 1 382 3 discriminator 5 view .LVU263
 385:Inc/STM32F3xx_HAL_Driver/Src/stm32f3xx_hal_tim_ex.c ****   TIM_CHANNEL_STATE_SET(htim, TIM_CHANNEL_2, HAL_TIM_CHANNEL_STATE_READY);
 804              		.loc 1 385 3 view .LVU264
 805 002c 0123     		movs	r3, #1
 806 002e 84F83E30 		strb	r3, [r4, #62]
 386:Inc/STM32F3xx_HAL_Driver/Src/stm32f3xx_hal_tim_ex.c ****   TIM_CHANNEL_N_STATE_SET(htim, TIM_CHANNEL_1, HAL_TIM_CHANNEL_STATE_READY);
 807              		.loc 1 386 3 view .LVU265
 808 0032 84F83F30 		strb	r3, [r4, #63]
 387:Inc/STM32F3xx_HAL_Driver/Src/stm32f3xx_hal_tim_ex.c ****   TIM_CHANNEL_N_STATE_SET(htim, TIM_CHANNEL_2, HAL_TIM_CHANNEL_STATE_READY);
 809              		.loc 1 387 3 view .LVU266
 810 0036 84F84430 		strb	r3, [r4, #68]
 388:Inc/STM32F3xx_HAL_Driver/Src/stm32f3xx_hal_tim_ex.c **** 
 811              		.loc 1 388 3 view .LVU267
 812 003a 84F84530 		strb	r3, [r4, #69]
 391:Inc/STM32F3xx_HAL_Driver/Src/stm32f3xx_hal_tim_ex.c **** }
 813              		.loc 1 391 3 view .LVU268
 392:Inc/STM32F3xx_HAL_Driver/Src/stm32f3xx_hal_tim_ex.c **** 
 814              		.loc 1 392 1 is_stmt 0 view .LVU269
 815 003e 0020     		movs	r0, #0
 816 0040 10BD     		pop	{r4, pc}
 392:Inc/STM32F3xx_HAL_Driver/Src/stm32f3xx_hal_tim_ex.c **** 
 817              		.loc 1 392 1 view .LVU270
 818              		.cfi_endproc
 819              	.LFE135:
 821              		.section	.text.HAL_TIMEx_HallSensor_Start_IT,"ax",%progbits
 822              		.align	1
 823              		.global	HAL_TIMEx_HallSensor_Start_IT
 824              		.syntax unified
 825              		.thumb
 826              		.thumb_func
 828              	HAL_TIMEx_HallSensor_Start_IT:
ARM GAS  /tmp/ccfhaacA.s 			page 64


 829              	.LVL46:
 830              	.LFB136:
 400:Inc/STM32F3xx_HAL_Driver/Src/stm32f3xx_hal_tim_ex.c ****   uint32_t tmpsmcr;
 831              		.loc 1 400 1 is_stmt 1 view -0
 832              		.cfi_startproc
 833              		@ args = 0, pretend = 0, frame = 0
 834              		@ frame_needed = 0, uses_anonymous_args = 0
 400:Inc/STM32F3xx_HAL_Driver/Src/stm32f3xx_hal_tim_ex.c ****   uint32_t tmpsmcr;
 835              		.loc 1 400 1 is_stmt 0 view .LVU272
 836 0000 10B5     		push	{r4, lr}
 837              		.cfi_def_cfa_offset 8
 838              		.cfi_offset 4, -8
 839              		.cfi_offset 14, -4
 840 0002 0446     		mov	r4, r0
 401:Inc/STM32F3xx_HAL_Driver/Src/stm32f3xx_hal_tim_ex.c ****   HAL_TIM_ChannelStateTypeDef channel_1_state = TIM_CHANNEL_STATE_GET(htim, TIM_CHANNEL_1);
 841              		.loc 1 401 3 is_stmt 1 view .LVU273
 402:Inc/STM32F3xx_HAL_Driver/Src/stm32f3xx_hal_tim_ex.c ****   HAL_TIM_ChannelStateTypeDef channel_2_state = TIM_CHANNEL_STATE_GET(htim, TIM_CHANNEL_2);
 842              		.loc 1 402 3 view .LVU274
 402:Inc/STM32F3xx_HAL_Driver/Src/stm32f3xx_hal_tim_ex.c ****   HAL_TIM_ChannelStateTypeDef channel_2_state = TIM_CHANNEL_STATE_GET(htim, TIM_CHANNEL_2);
 843              		.loc 1 402 31 is_stmt 0 view .LVU275
 844 0004 90F83EC0 		ldrb	ip, [r0, #62]	@ zero_extendqisi2
 845              	.LVL47:
 403:Inc/STM32F3xx_HAL_Driver/Src/stm32f3xx_hal_tim_ex.c ****   HAL_TIM_ChannelStateTypeDef complementary_channel_1_state = TIM_CHANNEL_N_STATE_GET(htim, TIM_CHA
 846              		.loc 1 403 3 is_stmt 1 view .LVU276
 403:Inc/STM32F3xx_HAL_Driver/Src/stm32f3xx_hal_tim_ex.c ****   HAL_TIM_ChannelStateTypeDef complementary_channel_1_state = TIM_CHANNEL_N_STATE_GET(htim, TIM_CHA
 847              		.loc 1 403 31 is_stmt 0 view .LVU277
 848 0008 90F83F30 		ldrb	r3, [r0, #63]	@ zero_extendqisi2
 849              	.LVL48:
 404:Inc/STM32F3xx_HAL_Driver/Src/stm32f3xx_hal_tim_ex.c ****   HAL_TIM_ChannelStateTypeDef complementary_channel_2_state = TIM_CHANNEL_N_STATE_GET(htim, TIM_CHA
 850              		.loc 1 404 3 is_stmt 1 view .LVU278
 404:Inc/STM32F3xx_HAL_Driver/Src/stm32f3xx_hal_tim_ex.c ****   HAL_TIM_ChannelStateTypeDef complementary_channel_2_state = TIM_CHANNEL_N_STATE_GET(htim, TIM_CHA
 851              		.loc 1 404 31 is_stmt 0 view .LVU279
 852 000c 90F84420 		ldrb	r2, [r0, #68]	@ zero_extendqisi2
 853              	.LVL49:
 405:Inc/STM32F3xx_HAL_Driver/Src/stm32f3xx_hal_tim_ex.c **** 
 854              		.loc 1 405 3 is_stmt 1 view .LVU280
 405:Inc/STM32F3xx_HAL_Driver/Src/stm32f3xx_hal_tim_ex.c **** 
 855              		.loc 1 405 31 is_stmt 0 view .LVU281
 856 0010 90F84510 		ldrb	r1, [r0, #69]	@ zero_extendqisi2
 857              	.LVL50:
 408:Inc/STM32F3xx_HAL_Driver/Src/stm32f3xx_hal_tim_ex.c **** 
 858              		.loc 1 408 3 is_stmt 1 view .LVU282
 411:Inc/STM32F3xx_HAL_Driver/Src/stm32f3xx_hal_tim_ex.c ****       || (channel_2_state != HAL_TIM_CHANNEL_STATE_READY)
 859              		.loc 1 411 3 view .LVU283
 411:Inc/STM32F3xx_HAL_Driver/Src/stm32f3xx_hal_tim_ex.c ****       || (channel_2_state != HAL_TIM_CHANNEL_STATE_READY)
 860              		.loc 1 411 6 is_stmt 0 view .LVU284
 861 0014 BCF1010F 		cmp	ip, #1
 862 0018 4ED1     		bne	.L52
 863 001a 5FFA8CF0 		uxtb	r0, ip
 864              	.LVL51:
 411:Inc/STM32F3xx_HAL_Driver/Src/stm32f3xx_hal_tim_ex.c ****       || (channel_2_state != HAL_TIM_CHANNEL_STATE_READY)
 865              		.loc 1 411 6 view .LVU285
 866 001e DBB2     		uxtb	r3, r3
 411:Inc/STM32F3xx_HAL_Driver/Src/stm32f3xx_hal_tim_ex.c ****       || (channel_2_state != HAL_TIM_CHANNEL_STATE_READY)
 867              		.loc 1 411 6 view .LVU286
 868 0020 D2B2     		uxtb	r2, r2
 411:Inc/STM32F3xx_HAL_Driver/Src/stm32f3xx_hal_tim_ex.c ****       || (channel_2_state != HAL_TIM_CHANNEL_STATE_READY)
ARM GAS  /tmp/ccfhaacA.s 			page 65


 869              		.loc 1 411 6 view .LVU287
 870 0022 C9B2     		uxtb	r1, r1
 412:Inc/STM32F3xx_HAL_Driver/Src/stm32f3xx_hal_tim_ex.c ****       || (complementary_channel_1_state != HAL_TIM_CHANNEL_STATE_READY)
 871              		.loc 1 412 7 view .LVU288
 872 0024 012B     		cmp	r3, #1
 873 0026 48D1     		bne	.L49
 413:Inc/STM32F3xx_HAL_Driver/Src/stm32f3xx_hal_tim_ex.c ****       || (complementary_channel_2_state != HAL_TIM_CHANNEL_STATE_READY))
 874              		.loc 1 413 7 view .LVU289
 875 0028 012A     		cmp	r2, #1
 876 002a 47D1     		bne	.L53
 414:Inc/STM32F3xx_HAL_Driver/Src/stm32f3xx_hal_tim_ex.c ****   {
 877              		.loc 1 414 7 view .LVU290
 878 002c 0129     		cmp	r1, #1
 879 002e 01D0     		beq	.L58
 416:Inc/STM32F3xx_HAL_Driver/Src/stm32f3xx_hal_tim_ex.c ****   }
 880              		.loc 1 416 12 view .LVU291
 881 0030 1046     		mov	r0, r2
 882 0032 42E0     		b	.L49
 883              	.L58:
 420:Inc/STM32F3xx_HAL_Driver/Src/stm32f3xx_hal_tim_ex.c ****   TIM_CHANNEL_STATE_SET(htim, TIM_CHANNEL_2, HAL_TIM_CHANNEL_STATE_BUSY);
 884              		.loc 1 420 3 is_stmt 1 view .LVU292
 885 0034 0223     		movs	r3, #2
 886              	.LVL52:
 420:Inc/STM32F3xx_HAL_Driver/Src/stm32f3xx_hal_tim_ex.c ****   TIM_CHANNEL_STATE_SET(htim, TIM_CHANNEL_2, HAL_TIM_CHANNEL_STATE_BUSY);
 887              		.loc 1 420 3 is_stmt 0 view .LVU293
 888 0036 84F83E30 		strb	r3, [r4, #62]
 421:Inc/STM32F3xx_HAL_Driver/Src/stm32f3xx_hal_tim_ex.c ****   TIM_CHANNEL_N_STATE_SET(htim, TIM_CHANNEL_1, HAL_TIM_CHANNEL_STATE_BUSY);
 889              		.loc 1 421 3 is_stmt 1 view .LVU294
 890 003a 84F83F30 		strb	r3, [r4, #63]
 422:Inc/STM32F3xx_HAL_Driver/Src/stm32f3xx_hal_tim_ex.c ****   TIM_CHANNEL_N_STATE_SET(htim, TIM_CHANNEL_2, HAL_TIM_CHANNEL_STATE_BUSY);
 891              		.loc 1 422 3 view .LVU295
 892 003e 84F84430 		strb	r3, [r4, #68]
 423:Inc/STM32F3xx_HAL_Driver/Src/stm32f3xx_hal_tim_ex.c **** 
 893              		.loc 1 423 3 view .LVU296
 894 0042 84F84530 		strb	r3, [r4, #69]
 426:Inc/STM32F3xx_HAL_Driver/Src/stm32f3xx_hal_tim_ex.c **** 
 895              		.loc 1 426 3 view .LVU297
 896 0046 2268     		ldr	r2, [r4]
 897              	.LVL53:
 426:Inc/STM32F3xx_HAL_Driver/Src/stm32f3xx_hal_tim_ex.c **** 
 898              		.loc 1 426 3 is_stmt 0 view .LVU298
 899 0048 D368     		ldr	r3, [r2, #12]
 900 004a 43F00203 		orr	r3, r3, #2
 901 004e D360     		str	r3, [r2, #12]
 431:Inc/STM32F3xx_HAL_Driver/Src/stm32f3xx_hal_tim_ex.c **** 
 902              		.loc 1 431 3 is_stmt 1 view .LVU299
 903 0050 0122     		movs	r2, #1
 904 0052 0021     		movs	r1, #0
 905              	.LVL54:
 431:Inc/STM32F3xx_HAL_Driver/Src/stm32f3xx_hal_tim_ex.c **** 
 906              		.loc 1 431 3 is_stmt 0 view .LVU300
 907 0054 2068     		ldr	r0, [r4]
 908 0056 FFF7FEFF 		bl	TIM_CCxChannelCmd
 909              	.LVL55:
 434:Inc/STM32F3xx_HAL_Driver/Src/stm32f3xx_hal_tim_ex.c ****   {
 910              		.loc 1 434 3 is_stmt 1 view .LVU301
 434:Inc/STM32F3xx_HAL_Driver/Src/stm32f3xx_hal_tim_ex.c ****   {
ARM GAS  /tmp/ccfhaacA.s 			page 66


 911              		.loc 1 434 7 is_stmt 0 view .LVU302
 912 005a 2368     		ldr	r3, [r4]
 434:Inc/STM32F3xx_HAL_Driver/Src/stm32f3xx_hal_tim_ex.c ****   {
 913              		.loc 1 434 6 view .LVU303
 914 005c 1A4A     		ldr	r2, .L59
 915 005e 9342     		cmp	r3, r2
 916 0060 1CD0     		beq	.L50
 434:Inc/STM32F3xx_HAL_Driver/Src/stm32f3xx_hal_tim_ex.c ****   {
 917              		.loc 1 434 7 discriminator 1 view .LVU304
 918 0062 B3F1804F 		cmp	r3, #1073741824
 919 0066 19D0     		beq	.L50
 434:Inc/STM32F3xx_HAL_Driver/Src/stm32f3xx_hal_tim_ex.c ****   {
 920              		.loc 1 434 7 discriminator 2 view .LVU305
 921 0068 A2F59432 		sub	r2, r2, #75776
 922 006c 9342     		cmp	r3, r2
 923 006e 15D0     		beq	.L50
 434:Inc/STM32F3xx_HAL_Driver/Src/stm32f3xx_hal_tim_ex.c ****   {
 924              		.loc 1 434 7 discriminator 3 view .LVU306
 925 0070 02F58062 		add	r2, r2, #1024
 926 0074 9342     		cmp	r3, r2
 927 0076 11D0     		beq	.L50
 434:Inc/STM32F3xx_HAL_Driver/Src/stm32f3xx_hal_tim_ex.c ****   {
 928              		.loc 1 434 7 discriminator 4 view .LVU307
 929 0078 02F59632 		add	r2, r2, #76800
 930 007c 9342     		cmp	r3, r2
 931 007e 0DD0     		beq	.L50
 434:Inc/STM32F3xx_HAL_Driver/Src/stm32f3xx_hal_tim_ex.c ****   {
 932              		.loc 1 434 7 discriminator 5 view .LVU308
 933 0080 02F54062 		add	r2, r2, #3072
 934 0084 9342     		cmp	r3, r2
 935 0086 09D0     		beq	.L50
 434:Inc/STM32F3xx_HAL_Driver/Src/stm32f3xx_hal_tim_ex.c ****   {
 936              		.loc 1 434 7 discriminator 6 view .LVU309
 937 0088 02F58052 		add	r2, r2, #4096
 938 008c 9342     		cmp	r3, r2
 939 008e 05D0     		beq	.L50
 444:Inc/STM32F3xx_HAL_Driver/Src/stm32f3xx_hal_tim_ex.c ****   }
 940              		.loc 1 444 5 is_stmt 1 view .LVU310
 941 0090 1A68     		ldr	r2, [r3]
 942 0092 42F00102 		orr	r2, r2, #1
 943 0096 1A60     		str	r2, [r3]
 448:Inc/STM32F3xx_HAL_Driver/Src/stm32f3xx_hal_tim_ex.c **** }
 944              		.loc 1 448 10 is_stmt 0 view .LVU311
 945 0098 0020     		movs	r0, #0
 946 009a 0EE0     		b	.L49
 947              	.L50:
 436:Inc/STM32F3xx_HAL_Driver/Src/stm32f3xx_hal_tim_ex.c ****     if (!IS_TIM_SLAVEMODE_TRIGGER_ENABLED(tmpsmcr))
 948              		.loc 1 436 5 is_stmt 1 view .LVU312
 436:Inc/STM32F3xx_HAL_Driver/Src/stm32f3xx_hal_tim_ex.c ****     if (!IS_TIM_SLAVEMODE_TRIGGER_ENABLED(tmpsmcr))
 949              		.loc 1 436 29 is_stmt 0 view .LVU313
 950 009c 9968     		ldr	r1, [r3, #8]
 436:Inc/STM32F3xx_HAL_Driver/Src/stm32f3xx_hal_tim_ex.c ****     if (!IS_TIM_SLAVEMODE_TRIGGER_ENABLED(tmpsmcr))
 951              		.loc 1 436 13 view .LVU314
 952 009e 0B4A     		ldr	r2, .L59+4
 953 00a0 0A40     		ands	r2, r2, r1
 954              	.LVL56:
 437:Inc/STM32F3xx_HAL_Driver/Src/stm32f3xx_hal_tim_ex.c ****     {
ARM GAS  /tmp/ccfhaacA.s 			page 67


 955              		.loc 1 437 5 is_stmt 1 view .LVU315
 437:Inc/STM32F3xx_HAL_Driver/Src/stm32f3xx_hal_tim_ex.c ****     {
 956              		.loc 1 437 8 is_stmt 0 view .LVU316
 957 00a2 062A     		cmp	r2, #6
 958 00a4 0CD0     		beq	.L55
 437:Inc/STM32F3xx_HAL_Driver/Src/stm32f3xx_hal_tim_ex.c ****     {
 959              		.loc 1 437 9 discriminator 1 view .LVU317
 960 00a6 B2F5803F 		cmp	r2, #65536
 961 00aa 0BD0     		beq	.L56
 439:Inc/STM32F3xx_HAL_Driver/Src/stm32f3xx_hal_tim_ex.c ****     }
 962              		.loc 1 439 7 is_stmt 1 view .LVU318
 963 00ac 1A68     		ldr	r2, [r3]
 964              	.LVL57:
 439:Inc/STM32F3xx_HAL_Driver/Src/stm32f3xx_hal_tim_ex.c ****     }
 965              		.loc 1 439 7 is_stmt 0 view .LVU319
 966 00ae 42F00102 		orr	r2, r2, #1
 967 00b2 1A60     		str	r2, [r3]
 448:Inc/STM32F3xx_HAL_Driver/Src/stm32f3xx_hal_tim_ex.c **** }
 968              		.loc 1 448 10 view .LVU320
 969 00b4 0020     		movs	r0, #0
 970 00b6 00E0     		b	.L49
 971              	.LVL58:
 972              	.L52:
 416:Inc/STM32F3xx_HAL_Driver/Src/stm32f3xx_hal_tim_ex.c ****   }
 973              		.loc 1 416 12 view .LVU321
 974 00b8 0120     		movs	r0, #1
 975              	.LVL59:
 976              	.L49:
 449:Inc/STM32F3xx_HAL_Driver/Src/stm32f3xx_hal_tim_ex.c **** 
 977              		.loc 1 449 1 view .LVU322
 978 00ba 10BD     		pop	{r4, pc}
 979              	.LVL60:
 980              	.L53:
 416:Inc/STM32F3xx_HAL_Driver/Src/stm32f3xx_hal_tim_ex.c ****   }
 981              		.loc 1 416 12 view .LVU323
 982 00bc 1846     		mov	r0, r3
 983 00be FCE7     		b	.L49
 984              	.LVL61:
 985              	.L55:
 448:Inc/STM32F3xx_HAL_Driver/Src/stm32f3xx_hal_tim_ex.c **** }
 986              		.loc 1 448 10 view .LVU324
 987 00c0 0020     		movs	r0, #0
 988 00c2 FAE7     		b	.L49
 989              	.L56:
 990 00c4 0020     		movs	r0, #0
 991 00c6 F8E7     		b	.L49
 992              	.L60:
 993              		.align	2
 994              	.L59:
 995 00c8 002C0140 		.word	1073818624
 996 00cc 07000100 		.word	65543
 997              		.cfi_endproc
 998              	.LFE136:
 1000              		.section	.text.HAL_TIMEx_HallSensor_Stop_IT,"ax",%progbits
 1001              		.align	1
 1002              		.global	HAL_TIMEx_HallSensor_Stop_IT
 1003              		.syntax unified
ARM GAS  /tmp/ccfhaacA.s 			page 68


 1004              		.thumb
 1005              		.thumb_func
 1007              	HAL_TIMEx_HallSensor_Stop_IT:
 1008              	.LVL62:
 1009              	.LFB137:
 457:Inc/STM32F3xx_HAL_Driver/Src/stm32f3xx_hal_tim_ex.c ****   /* Check the parameters */
 1010              		.loc 1 457 1 is_stmt 1 view -0
 1011              		.cfi_startproc
 1012              		@ args = 0, pretend = 0, frame = 0
 1013              		@ frame_needed = 0, uses_anonymous_args = 0
 457:Inc/STM32F3xx_HAL_Driver/Src/stm32f3xx_hal_tim_ex.c ****   /* Check the parameters */
 1014              		.loc 1 457 1 is_stmt 0 view .LVU326
 1015 0000 10B5     		push	{r4, lr}
 1016              		.cfi_def_cfa_offset 8
 1017              		.cfi_offset 4, -8
 1018              		.cfi_offset 14, -4
 1019 0002 0446     		mov	r4, r0
 459:Inc/STM32F3xx_HAL_Driver/Src/stm32f3xx_hal_tim_ex.c **** 
 1020              		.loc 1 459 3 is_stmt 1 view .LVU327
 464:Inc/STM32F3xx_HAL_Driver/Src/stm32f3xx_hal_tim_ex.c **** 
 1021              		.loc 1 464 3 view .LVU328
 1022 0004 0022     		movs	r2, #0
 1023 0006 1146     		mov	r1, r2
 1024 0008 0068     		ldr	r0, [r0]
 1025              	.LVL63:
 464:Inc/STM32F3xx_HAL_Driver/Src/stm32f3xx_hal_tim_ex.c **** 
 1026              		.loc 1 464 3 is_stmt 0 view .LVU329
 1027 000a FFF7FEFF 		bl	TIM_CCxChannelCmd
 1028              	.LVL64:
 467:Inc/STM32F3xx_HAL_Driver/Src/stm32f3xx_hal_tim_ex.c **** 
 1029              		.loc 1 467 3 is_stmt 1 view .LVU330
 1030 000e 2268     		ldr	r2, [r4]
 1031 0010 D368     		ldr	r3, [r2, #12]
 1032 0012 23F00203 		bic	r3, r3, #2
 1033 0016 D360     		str	r3, [r2, #12]
 470:Inc/STM32F3xx_HAL_Driver/Src/stm32f3xx_hal_tim_ex.c **** 
 1034              		.loc 1 470 3 view .LVU331
 470:Inc/STM32F3xx_HAL_Driver/Src/stm32f3xx_hal_tim_ex.c **** 
 1035              		.loc 1 470 3 view .LVU332
 1036 0018 2368     		ldr	r3, [r4]
 1037 001a 196A     		ldr	r1, [r3, #32]
 1038 001c 41F21112 		movw	r2, #4369
 1039 0020 1142     		tst	r1, r2
 1040 0022 08D1     		bne	.L62
 470:Inc/STM32F3xx_HAL_Driver/Src/stm32f3xx_hal_tim_ex.c **** 
 1041              		.loc 1 470 3 discriminator 1 view .LVU333
 1042 0024 196A     		ldr	r1, [r3, #32]
 1043 0026 40F24442 		movw	r2, #1092
 1044 002a 1142     		tst	r1, r2
 1045 002c 03D1     		bne	.L62
 470:Inc/STM32F3xx_HAL_Driver/Src/stm32f3xx_hal_tim_ex.c **** 
 1046              		.loc 1 470 3 discriminator 3 view .LVU334
 1047 002e 1A68     		ldr	r2, [r3]
 1048 0030 22F00102 		bic	r2, r2, #1
 1049 0034 1A60     		str	r2, [r3]
 1050              	.L62:
 470:Inc/STM32F3xx_HAL_Driver/Src/stm32f3xx_hal_tim_ex.c **** 
ARM GAS  /tmp/ccfhaacA.s 			page 69


 1051              		.loc 1 470 3 discriminator 5 view .LVU335
 473:Inc/STM32F3xx_HAL_Driver/Src/stm32f3xx_hal_tim_ex.c ****   TIM_CHANNEL_STATE_SET(htim, TIM_CHANNEL_2, HAL_TIM_CHANNEL_STATE_READY);
 1052              		.loc 1 473 3 view .LVU336
 1053 0036 0123     		movs	r3, #1
 1054 0038 84F83E30 		strb	r3, [r4, #62]
 474:Inc/STM32F3xx_HAL_Driver/Src/stm32f3xx_hal_tim_ex.c ****   TIM_CHANNEL_N_STATE_SET(htim, TIM_CHANNEL_1, HAL_TIM_CHANNEL_STATE_READY);
 1055              		.loc 1 474 3 view .LVU337
 1056 003c 84F83F30 		strb	r3, [r4, #63]
 475:Inc/STM32F3xx_HAL_Driver/Src/stm32f3xx_hal_tim_ex.c ****   TIM_CHANNEL_N_STATE_SET(htim, TIM_CHANNEL_2, HAL_TIM_CHANNEL_STATE_READY);
 1057              		.loc 1 475 3 view .LVU338
 1058 0040 84F84430 		strb	r3, [r4, #68]
 476:Inc/STM32F3xx_HAL_Driver/Src/stm32f3xx_hal_tim_ex.c **** 
 1059              		.loc 1 476 3 view .LVU339
 1060 0044 84F84530 		strb	r3, [r4, #69]
 479:Inc/STM32F3xx_HAL_Driver/Src/stm32f3xx_hal_tim_ex.c **** }
 1061              		.loc 1 479 3 view .LVU340
 480:Inc/STM32F3xx_HAL_Driver/Src/stm32f3xx_hal_tim_ex.c **** 
 1062              		.loc 1 480 1 is_stmt 0 view .LVU341
 1063 0048 0020     		movs	r0, #0
 1064 004a 10BD     		pop	{r4, pc}
 480:Inc/STM32F3xx_HAL_Driver/Src/stm32f3xx_hal_tim_ex.c **** 
 1065              		.loc 1 480 1 view .LVU342
 1066              		.cfi_endproc
 1067              	.LFE137:
 1069              		.section	.text.HAL_TIMEx_HallSensor_Start_DMA,"ax",%progbits
 1070              		.align	1
 1071              		.global	HAL_TIMEx_HallSensor_Start_DMA
 1072              		.syntax unified
 1073              		.thumb
 1074              		.thumb_func
 1076              	HAL_TIMEx_HallSensor_Start_DMA:
 1077              	.LVL65:
 1078              	.LFB138:
 490:Inc/STM32F3xx_HAL_Driver/Src/stm32f3xx_hal_tim_ex.c ****   uint32_t tmpsmcr;
 1079              		.loc 1 490 1 is_stmt 1 view -0
 1080              		.cfi_startproc
 1081              		@ args = 0, pretend = 0, frame = 0
 1082              		@ frame_needed = 0, uses_anonymous_args = 0
 490:Inc/STM32F3xx_HAL_Driver/Src/stm32f3xx_hal_tim_ex.c ****   uint32_t tmpsmcr;
 1083              		.loc 1 490 1 is_stmt 0 view .LVU344
 1084 0000 F8B5     		push	{r3, r4, r5, r6, r7, lr}
 1085              		.cfi_def_cfa_offset 24
 1086              		.cfi_offset 3, -24
 1087              		.cfi_offset 4, -20
 1088              		.cfi_offset 5, -16
 1089              		.cfi_offset 6, -12
 1090              		.cfi_offset 7, -8
 1091              		.cfi_offset 14, -4
 1092 0002 0446     		mov	r4, r0
 491:Inc/STM32F3xx_HAL_Driver/Src/stm32f3xx_hal_tim_ex.c ****   HAL_TIM_ChannelStateTypeDef channel_1_state = TIM_CHANNEL_STATE_GET(htim, TIM_CHANNEL_1);
 1093              		.loc 1 491 3 is_stmt 1 view .LVU345
 492:Inc/STM32F3xx_HAL_Driver/Src/stm32f3xx_hal_tim_ex.c ****   HAL_TIM_ChannelStateTypeDef complementary_channel_1_state = TIM_CHANNEL_N_STATE_GET(htim, TIM_CHA
 1094              		.loc 1 492 3 view .LVU346
 492:Inc/STM32F3xx_HAL_Driver/Src/stm32f3xx_hal_tim_ex.c ****   HAL_TIM_ChannelStateTypeDef complementary_channel_1_state = TIM_CHANNEL_N_STATE_GET(htim, TIM_CHA
 1095              		.loc 1 492 31 is_stmt 0 view .LVU347
 1096 0004 90F83EC0 		ldrb	ip, [r0, #62]	@ zero_extendqisi2
 1097 0008 5FFA8CF0 		uxtb	r0, ip
ARM GAS  /tmp/ccfhaacA.s 			page 70


 1098              	.LVL66:
 493:Inc/STM32F3xx_HAL_Driver/Src/stm32f3xx_hal_tim_ex.c **** 
 1099              		.loc 1 493 3 is_stmt 1 view .LVU348
 493:Inc/STM32F3xx_HAL_Driver/Src/stm32f3xx_hal_tim_ex.c **** 
 1100              		.loc 1 493 31 is_stmt 0 view .LVU349
 1101 000c 94F84450 		ldrb	r5, [r4, #68]	@ zero_extendqisi2
 1102              	.LVL67:
 496:Inc/STM32F3xx_HAL_Driver/Src/stm32f3xx_hal_tim_ex.c **** 
 1103              		.loc 1 496 3 is_stmt 1 view .LVU350
 499:Inc/STM32F3xx_HAL_Driver/Src/stm32f3xx_hal_tim_ex.c ****       || (complementary_channel_1_state == HAL_TIM_CHANNEL_STATE_BUSY))
 1104              		.loc 1 499 3 view .LVU351
 499:Inc/STM32F3xx_HAL_Driver/Src/stm32f3xx_hal_tim_ex.c ****       || (complementary_channel_1_state == HAL_TIM_CHANNEL_STATE_BUSY))
 1105              		.loc 1 499 6 is_stmt 0 view .LVU352
 1106 0010 BCF1020F 		cmp	ip, #2
 1107 0014 5ED0     		beq	.L65
 1108 0016 0F46     		mov	r7, r1
 1109 0018 1646     		mov	r6, r2
 1110 001a EDB2     		uxtb	r5, r5
 500:Inc/STM32F3xx_HAL_Driver/Src/stm32f3xx_hal_tim_ex.c ****   {
 1111              		.loc 1 500 7 view .LVU353
 1112 001c 022D     		cmp	r5, #2
 1113 001e 56D0     		beq	.L68
 504:Inc/STM32F3xx_HAL_Driver/Src/stm32f3xx_hal_tim_ex.c ****            && (complementary_channel_1_state == HAL_TIM_CHANNEL_STATE_READY))
 1114              		.loc 1 504 8 is_stmt 1 view .LVU354
 504:Inc/STM32F3xx_HAL_Driver/Src/stm32f3xx_hal_tim_ex.c ****            && (complementary_channel_1_state == HAL_TIM_CHANNEL_STATE_READY))
 1115              		.loc 1 504 11 is_stmt 0 view .LVU355
 1116 0020 0128     		cmp	r0, #1
 1117 0022 56D1     		bne	.L69
 505:Inc/STM32F3xx_HAL_Driver/Src/stm32f3xx_hal_tim_ex.c ****   {
 1118              		.loc 1 505 12 view .LVU356
 1119 0024 012D     		cmp	r5, #1
 1120 0026 55D1     		bne	.L65
 507:Inc/STM32F3xx_HAL_Driver/Src/stm32f3xx_hal_tim_ex.c ****     {
 1121              		.loc 1 507 5 is_stmt 1 view .LVU357
 507:Inc/STM32F3xx_HAL_Driver/Src/stm32f3xx_hal_tim_ex.c ****     {
 1122              		.loc 1 507 8 is_stmt 0 view .LVU358
 1123 0028 0029     		cmp	r1, #0
 1124 002a 54D0     		beq	.L70
 507:Inc/STM32F3xx_HAL_Driver/Src/stm32f3xx_hal_tim_ex.c ****     {
 1125              		.loc 1 507 25 discriminator 1 view .LVU359
 1126 002c 0AB9     		cbnz	r2, .L74
 509:Inc/STM32F3xx_HAL_Driver/Src/stm32f3xx_hal_tim_ex.c ****     }
 1127              		.loc 1 509 14 view .LVU360
 1128 002e 2846     		mov	r0, r5
 1129              	.LVL68:
 509:Inc/STM32F3xx_HAL_Driver/Src/stm32f3xx_hal_tim_ex.c ****     }
 1130              		.loc 1 509 14 view .LVU361
 1131 0030 50E0     		b	.L65
 1132              	.LVL69:
 1133              	.L74:
 513:Inc/STM32F3xx_HAL_Driver/Src/stm32f3xx_hal_tim_ex.c ****       TIM_CHANNEL_N_STATE_SET(htim, TIM_CHANNEL_1, HAL_TIM_CHANNEL_STATE_BUSY);
 1134              		.loc 1 513 7 is_stmt 1 view .LVU362
 1135 0032 0223     		movs	r3, #2
 1136 0034 84F83E30 		strb	r3, [r4, #62]
 514:Inc/STM32F3xx_HAL_Driver/Src/stm32f3xx_hal_tim_ex.c ****     }
 1137              		.loc 1 514 7 view .LVU363
 1138 0038 84F84430 		strb	r3, [r4, #68]
ARM GAS  /tmp/ccfhaacA.s 			page 71


 525:Inc/STM32F3xx_HAL_Driver/Src/stm32f3xx_hal_tim_ex.c **** 
 1139              		.loc 1 525 3 view .LVU364
 1140 003c 0122     		movs	r2, #1
 1141              	.LVL70:
 525:Inc/STM32F3xx_HAL_Driver/Src/stm32f3xx_hal_tim_ex.c **** 
 1142              		.loc 1 525 3 is_stmt 0 view .LVU365
 1143 003e 0021     		movs	r1, #0
 1144              	.LVL71:
 525:Inc/STM32F3xx_HAL_Driver/Src/stm32f3xx_hal_tim_ex.c **** 
 1145              		.loc 1 525 3 view .LVU366
 1146 0040 2068     		ldr	r0, [r4]
 1147              	.LVL72:
 525:Inc/STM32F3xx_HAL_Driver/Src/stm32f3xx_hal_tim_ex.c **** 
 1148              		.loc 1 525 3 view .LVU367
 1149 0042 FFF7FEFF 		bl	TIM_CCxChannelCmd
 1150              	.LVL73:
 528:Inc/STM32F3xx_HAL_Driver/Src/stm32f3xx_hal_tim_ex.c ****   htim->hdma[TIM_DMA_ID_CC1]->XferHalfCpltCallback = TIM_DMACaptureHalfCplt;
 1151              		.loc 1 528 3 is_stmt 1 view .LVU368
 528:Inc/STM32F3xx_HAL_Driver/Src/stm32f3xx_hal_tim_ex.c ****   htim->hdma[TIM_DMA_ID_CC1]->XferHalfCpltCallback = TIM_DMACaptureHalfCplt;
 1152              		.loc 1 528 13 is_stmt 0 view .LVU369
 1153 0046 636A     		ldr	r3, [r4, #36]
 528:Inc/STM32F3xx_HAL_Driver/Src/stm32f3xx_hal_tim_ex.c ****   htim->hdma[TIM_DMA_ID_CC1]->XferHalfCpltCallback = TIM_DMACaptureHalfCplt;
 1154              		.loc 1 528 48 view .LVU370
 1155 0048 254A     		ldr	r2, .L75
 1156 004a 9A62     		str	r2, [r3, #40]
 529:Inc/STM32F3xx_HAL_Driver/Src/stm32f3xx_hal_tim_ex.c ****   /* Set the DMA error callback */
 1157              		.loc 1 529 3 is_stmt 1 view .LVU371
 529:Inc/STM32F3xx_HAL_Driver/Src/stm32f3xx_hal_tim_ex.c ****   /* Set the DMA error callback */
 1158              		.loc 1 529 13 is_stmt 0 view .LVU372
 1159 004c 636A     		ldr	r3, [r4, #36]
 529:Inc/STM32F3xx_HAL_Driver/Src/stm32f3xx_hal_tim_ex.c ****   /* Set the DMA error callback */
 1160              		.loc 1 529 52 view .LVU373
 1161 004e 254A     		ldr	r2, .L75+4
 1162 0050 DA62     		str	r2, [r3, #44]
 531:Inc/STM32F3xx_HAL_Driver/Src/stm32f3xx_hal_tim_ex.c **** 
 1163              		.loc 1 531 3 is_stmt 1 view .LVU374
 531:Inc/STM32F3xx_HAL_Driver/Src/stm32f3xx_hal_tim_ex.c **** 
 1164              		.loc 1 531 13 is_stmt 0 view .LVU375
 1165 0052 636A     		ldr	r3, [r4, #36]
 531:Inc/STM32F3xx_HAL_Driver/Src/stm32f3xx_hal_tim_ex.c **** 
 1166              		.loc 1 531 49 view .LVU376
 1167 0054 244A     		ldr	r2, .L75+8
 1168 0056 1A63     		str	r2, [r3, #48]
 534:Inc/STM32F3xx_HAL_Driver/Src/stm32f3xx_hal_tim_ex.c ****   {
 1169              		.loc 1 534 3 is_stmt 1 view .LVU377
 534:Inc/STM32F3xx_HAL_Driver/Src/stm32f3xx_hal_tim_ex.c ****   {
 1170              		.loc 1 534 67 is_stmt 0 view .LVU378
 1171 0058 2168     		ldr	r1, [r4]
 534:Inc/STM32F3xx_HAL_Driver/Src/stm32f3xx_hal_tim_ex.c ****   {
 1172              		.loc 1 534 7 view .LVU379
 1173 005a 3346     		mov	r3, r6
 1174 005c 3A46     		mov	r2, r7
 1175 005e 3431     		adds	r1, r1, #52
 1176 0060 606A     		ldr	r0, [r4, #36]
 1177 0062 FFF7FEFF 		bl	HAL_DMA_Start_IT
 1178              	.LVL74:
 534:Inc/STM32F3xx_HAL_Driver/Src/stm32f3xx_hal_tim_ex.c ****   {
ARM GAS  /tmp/ccfhaacA.s 			page 72


 1179              		.loc 1 534 6 discriminator 1 view .LVU380
 1180 0066 0028     		cmp	r0, #0
 1181 0068 37D1     		bne	.L72
 540:Inc/STM32F3xx_HAL_Driver/Src/stm32f3xx_hal_tim_ex.c **** 
 1182              		.loc 1 540 3 is_stmt 1 view .LVU381
 1183 006a 2268     		ldr	r2, [r4]
 1184 006c D368     		ldr	r3, [r2, #12]
 1185 006e 43F40073 		orr	r3, r3, #512
 1186 0072 D360     		str	r3, [r2, #12]
 543:Inc/STM32F3xx_HAL_Driver/Src/stm32f3xx_hal_tim_ex.c ****   {
 1187              		.loc 1 543 3 view .LVU382
 543:Inc/STM32F3xx_HAL_Driver/Src/stm32f3xx_hal_tim_ex.c ****   {
 1188              		.loc 1 543 7 is_stmt 0 view .LVU383
 1189 0074 2368     		ldr	r3, [r4]
 543:Inc/STM32F3xx_HAL_Driver/Src/stm32f3xx_hal_tim_ex.c ****   {
 1190              		.loc 1 543 6 view .LVU384
 1191 0076 1D4A     		ldr	r2, .L75+12
 1192 0078 9342     		cmp	r3, r2
 1193 007a 1BD0     		beq	.L66
 543:Inc/STM32F3xx_HAL_Driver/Src/stm32f3xx_hal_tim_ex.c ****   {
 1194              		.loc 1 543 7 discriminator 1 view .LVU385
 1195 007c B3F1804F 		cmp	r3, #1073741824
 1196 0080 18D0     		beq	.L66
 543:Inc/STM32F3xx_HAL_Driver/Src/stm32f3xx_hal_tim_ex.c ****   {
 1197              		.loc 1 543 7 discriminator 2 view .LVU386
 1198 0082 A2F59432 		sub	r2, r2, #75776
 1199 0086 9342     		cmp	r3, r2
 1200 0088 14D0     		beq	.L66
 543:Inc/STM32F3xx_HAL_Driver/Src/stm32f3xx_hal_tim_ex.c ****   {
 1201              		.loc 1 543 7 discriminator 3 view .LVU387
 1202 008a 02F58062 		add	r2, r2, #1024
 1203 008e 9342     		cmp	r3, r2
 1204 0090 10D0     		beq	.L66
 543:Inc/STM32F3xx_HAL_Driver/Src/stm32f3xx_hal_tim_ex.c ****   {
 1205              		.loc 1 543 7 discriminator 4 view .LVU388
 1206 0092 02F59632 		add	r2, r2, #76800
 1207 0096 9342     		cmp	r3, r2
 1208 0098 0CD0     		beq	.L66
 543:Inc/STM32F3xx_HAL_Driver/Src/stm32f3xx_hal_tim_ex.c ****   {
 1209              		.loc 1 543 7 discriminator 5 view .LVU389
 1210 009a 02F54062 		add	r2, r2, #3072
 1211 009e 9342     		cmp	r3, r2
 1212 00a0 08D0     		beq	.L66
 543:Inc/STM32F3xx_HAL_Driver/Src/stm32f3xx_hal_tim_ex.c ****   {
 1213              		.loc 1 543 7 discriminator 6 view .LVU390
 1214 00a2 02F58052 		add	r2, r2, #4096
 1215 00a6 9342     		cmp	r3, r2
 1216 00a8 04D0     		beq	.L66
 553:Inc/STM32F3xx_HAL_Driver/Src/stm32f3xx_hal_tim_ex.c ****   }
 1217              		.loc 1 553 5 is_stmt 1 view .LVU391
 1218 00aa 1A68     		ldr	r2, [r3]
 1219 00ac 42F00102 		orr	r2, r2, #1
 1220 00b0 1A60     		str	r2, [r3]
 1221 00b2 0FE0     		b	.L65
 1222              	.L66:
 545:Inc/STM32F3xx_HAL_Driver/Src/stm32f3xx_hal_tim_ex.c ****     if (!IS_TIM_SLAVEMODE_TRIGGER_ENABLED(tmpsmcr))
 1223              		.loc 1 545 5 view .LVU392
ARM GAS  /tmp/ccfhaacA.s 			page 73


 545:Inc/STM32F3xx_HAL_Driver/Src/stm32f3xx_hal_tim_ex.c ****     if (!IS_TIM_SLAVEMODE_TRIGGER_ENABLED(tmpsmcr))
 1224              		.loc 1 545 29 is_stmt 0 view .LVU393
 1225 00b4 9968     		ldr	r1, [r3, #8]
 545:Inc/STM32F3xx_HAL_Driver/Src/stm32f3xx_hal_tim_ex.c ****     if (!IS_TIM_SLAVEMODE_TRIGGER_ENABLED(tmpsmcr))
 1226              		.loc 1 545 13 view .LVU394
 1227 00b6 0E4A     		ldr	r2, .L75+16
 1228 00b8 0A40     		ands	r2, r2, r1
 1229              	.LVL75:
 546:Inc/STM32F3xx_HAL_Driver/Src/stm32f3xx_hal_tim_ex.c ****     {
 1230              		.loc 1 546 5 is_stmt 1 view .LVU395
 546:Inc/STM32F3xx_HAL_Driver/Src/stm32f3xx_hal_tim_ex.c ****     {
 1231              		.loc 1 546 8 is_stmt 0 view .LVU396
 1232 00ba 062A     		cmp	r2, #6
 1233 00bc 0AD0     		beq	.L65
 546:Inc/STM32F3xx_HAL_Driver/Src/stm32f3xx_hal_tim_ex.c ****     {
 1234              		.loc 1 546 9 discriminator 1 view .LVU397
 1235 00be B2F5803F 		cmp	r2, #65536
 1236 00c2 07D0     		beq	.L65
 548:Inc/STM32F3xx_HAL_Driver/Src/stm32f3xx_hal_tim_ex.c ****     }
 1237              		.loc 1 548 7 is_stmt 1 view .LVU398
 1238 00c4 1A68     		ldr	r2, [r3]
 1239              	.LVL76:
 548:Inc/STM32F3xx_HAL_Driver/Src/stm32f3xx_hal_tim_ex.c ****     }
 1240              		.loc 1 548 7 is_stmt 0 view .LVU399
 1241 00c6 42F00102 		orr	r2, r2, #1
 1242 00ca 1A60     		str	r2, [r3]
 1243 00cc 02E0     		b	.L65
 1244              	.LVL77:
 1245              	.L68:
 502:Inc/STM32F3xx_HAL_Driver/Src/stm32f3xx_hal_tim_ex.c ****   }
 1246              		.loc 1 502 12 view .LVU400
 1247 00ce 2846     		mov	r0, r5
 1248              	.LVL78:
 502:Inc/STM32F3xx_HAL_Driver/Src/stm32f3xx_hal_tim_ex.c ****   }
 1249              		.loc 1 502 12 view .LVU401
 1250 00d0 00E0     		b	.L65
 1251              	.LVL79:
 1252              	.L69:
 519:Inc/STM32F3xx_HAL_Driver/Src/stm32f3xx_hal_tim_ex.c ****   }
 1253              		.loc 1 519 12 view .LVU402
 1254 00d2 0120     		movs	r0, #1
 1255              	.LVL80:
 1256              	.L65:
 558:Inc/STM32F3xx_HAL_Driver/Src/stm32f3xx_hal_tim_ex.c **** 
 1257              		.loc 1 558 1 view .LVU403
 1258 00d4 F8BD     		pop	{r3, r4, r5, r6, r7, pc}
 1259              	.LVL81:
 1260              	.L70:
 509:Inc/STM32F3xx_HAL_Driver/Src/stm32f3xx_hal_tim_ex.c ****     }
 1261              		.loc 1 509 14 view .LVU404
 1262 00d6 2846     		mov	r0, r5
 1263              	.LVL82:
 509:Inc/STM32F3xx_HAL_Driver/Src/stm32f3xx_hal_tim_ex.c ****     }
 1264              		.loc 1 509 14 view .LVU405
 1265 00d8 FCE7     		b	.L65
 1266              	.LVL83:
 1267              	.L72:
ARM GAS  /tmp/ccfhaacA.s 			page 74


 537:Inc/STM32F3xx_HAL_Driver/Src/stm32f3xx_hal_tim_ex.c ****   }
 1268              		.loc 1 537 12 view .LVU406
 1269 00da 2846     		mov	r0, r5
 1270 00dc FAE7     		b	.L65
 1271              	.L76:
 1272 00de 00BF     		.align	2
 1273              	.L75:
 1274 00e0 00000000 		.word	TIM_DMACaptureCplt
 1275 00e4 00000000 		.word	TIM_DMACaptureHalfCplt
 1276 00e8 00000000 		.word	TIM_DMAError
 1277 00ec 002C0140 		.word	1073818624
 1278 00f0 07000100 		.word	65543
 1279              		.cfi_endproc
 1280              	.LFE138:
 1282              		.section	.text.HAL_TIMEx_HallSensor_Stop_DMA,"ax",%progbits
 1283              		.align	1
 1284              		.global	HAL_TIMEx_HallSensor_Stop_DMA
 1285              		.syntax unified
 1286              		.thumb
 1287              		.thumb_func
 1289              	HAL_TIMEx_HallSensor_Stop_DMA:
 1290              	.LVL84:
 1291              	.LFB139:
 566:Inc/STM32F3xx_HAL_Driver/Src/stm32f3xx_hal_tim_ex.c ****   /* Check the parameters */
 1292              		.loc 1 566 1 is_stmt 1 view -0
 1293              		.cfi_startproc
 1294              		@ args = 0, pretend = 0, frame = 0
 1295              		@ frame_needed = 0, uses_anonymous_args = 0
 566:Inc/STM32F3xx_HAL_Driver/Src/stm32f3xx_hal_tim_ex.c ****   /* Check the parameters */
 1296              		.loc 1 566 1 is_stmt 0 view .LVU408
 1297 0000 10B5     		push	{r4, lr}
 1298              		.cfi_def_cfa_offset 8
 1299              		.cfi_offset 4, -8
 1300              		.cfi_offset 14, -4
 1301 0002 0446     		mov	r4, r0
 568:Inc/STM32F3xx_HAL_Driver/Src/stm32f3xx_hal_tim_ex.c **** 
 1302              		.loc 1 568 3 is_stmt 1 view .LVU409
 573:Inc/STM32F3xx_HAL_Driver/Src/stm32f3xx_hal_tim_ex.c **** 
 1303              		.loc 1 573 3 view .LVU410
 1304 0004 0022     		movs	r2, #0
 1305 0006 1146     		mov	r1, r2
 1306 0008 0068     		ldr	r0, [r0]
 1307              	.LVL85:
 573:Inc/STM32F3xx_HAL_Driver/Src/stm32f3xx_hal_tim_ex.c **** 
 1308              		.loc 1 573 3 is_stmt 0 view .LVU411
 1309 000a FFF7FEFF 		bl	TIM_CCxChannelCmd
 1310              	.LVL86:
 577:Inc/STM32F3xx_HAL_Driver/Src/stm32f3xx_hal_tim_ex.c **** 
 1311              		.loc 1 577 3 is_stmt 1 view .LVU412
 1312 000e 2268     		ldr	r2, [r4]
 1313 0010 D368     		ldr	r3, [r2, #12]
 1314 0012 23F40073 		bic	r3, r3, #512
 1315 0016 D360     		str	r3, [r2, #12]
 579:Inc/STM32F3xx_HAL_Driver/Src/stm32f3xx_hal_tim_ex.c **** 
 1316              		.loc 1 579 3 view .LVU413
 579:Inc/STM32F3xx_HAL_Driver/Src/stm32f3xx_hal_tim_ex.c **** 
 1317              		.loc 1 579 9 is_stmt 0 view .LVU414
ARM GAS  /tmp/ccfhaacA.s 			page 75


 1318 0018 606A     		ldr	r0, [r4, #36]
 1319 001a FFF7FEFF 		bl	HAL_DMA_Abort_IT
 1320              	.LVL87:
 582:Inc/STM32F3xx_HAL_Driver/Src/stm32f3xx_hal_tim_ex.c **** 
 1321              		.loc 1 582 3 is_stmt 1 view .LVU415
 582:Inc/STM32F3xx_HAL_Driver/Src/stm32f3xx_hal_tim_ex.c **** 
 1322              		.loc 1 582 3 view .LVU416
 1323 001e 2368     		ldr	r3, [r4]
 1324 0020 196A     		ldr	r1, [r3, #32]
 1325 0022 41F21112 		movw	r2, #4369
 1326 0026 1142     		tst	r1, r2
 1327 0028 08D1     		bne	.L78
 582:Inc/STM32F3xx_HAL_Driver/Src/stm32f3xx_hal_tim_ex.c **** 
 1328              		.loc 1 582 3 discriminator 1 view .LVU417
 1329 002a 196A     		ldr	r1, [r3, #32]
 1330 002c 40F24442 		movw	r2, #1092
 1331 0030 1142     		tst	r1, r2
 1332 0032 03D1     		bne	.L78
 582:Inc/STM32F3xx_HAL_Driver/Src/stm32f3xx_hal_tim_ex.c **** 
 1333              		.loc 1 582 3 discriminator 3 view .LVU418
 1334 0034 1A68     		ldr	r2, [r3]
 1335 0036 22F00102 		bic	r2, r2, #1
 1336 003a 1A60     		str	r2, [r3]
 1337              	.L78:
 582:Inc/STM32F3xx_HAL_Driver/Src/stm32f3xx_hal_tim_ex.c **** 
 1338              		.loc 1 582 3 discriminator 5 view .LVU419
 585:Inc/STM32F3xx_HAL_Driver/Src/stm32f3xx_hal_tim_ex.c ****   TIM_CHANNEL_N_STATE_SET(htim, TIM_CHANNEL_1, HAL_TIM_CHANNEL_STATE_READY);
 1339              		.loc 1 585 3 view .LVU420
 1340 003c 0123     		movs	r3, #1
 1341 003e 84F83E30 		strb	r3, [r4, #62]
 586:Inc/STM32F3xx_HAL_Driver/Src/stm32f3xx_hal_tim_ex.c **** 
 1342              		.loc 1 586 3 view .LVU421
 1343 0042 84F84430 		strb	r3, [r4, #68]
 589:Inc/STM32F3xx_HAL_Driver/Src/stm32f3xx_hal_tim_ex.c **** }
 1344              		.loc 1 589 3 view .LVU422
 590:Inc/STM32F3xx_HAL_Driver/Src/stm32f3xx_hal_tim_ex.c **** 
 1345              		.loc 1 590 1 is_stmt 0 view .LVU423
 1346 0046 0020     		movs	r0, #0
 1347 0048 10BD     		pop	{r4, pc}
 590:Inc/STM32F3xx_HAL_Driver/Src/stm32f3xx_hal_tim_ex.c **** 
 1348              		.loc 1 590 1 view .LVU424
 1349              		.cfi_endproc
 1350              	.LFE139:
 1352              		.section	.text.HAL_TIMEx_OCN_Start,"ax",%progbits
 1353              		.align	1
 1354              		.global	HAL_TIMEx_OCN_Start
 1355              		.syntax unified
 1356              		.thumb
 1357              		.thumb_func
 1359              	HAL_TIMEx_OCN_Start:
 1360              	.LVL88:
 1361              	.LFB140:
 628:Inc/STM32F3xx_HAL_Driver/Src/stm32f3xx_hal_tim_ex.c ****   uint32_t tmpsmcr;
 1362              		.loc 1 628 1 is_stmt 1 view -0
 1363              		.cfi_startproc
 1364              		@ args = 0, pretend = 0, frame = 0
 1365              		@ frame_needed = 0, uses_anonymous_args = 0
ARM GAS  /tmp/ccfhaacA.s 			page 76


 628:Inc/STM32F3xx_HAL_Driver/Src/stm32f3xx_hal_tim_ex.c ****   uint32_t tmpsmcr;
 1366              		.loc 1 628 1 is_stmt 0 view .LVU426
 1367 0000 10B5     		push	{r4, lr}
 1368              		.cfi_def_cfa_offset 8
 1369              		.cfi_offset 4, -8
 1370              		.cfi_offset 14, -4
 1371 0002 0446     		mov	r4, r0
 629:Inc/STM32F3xx_HAL_Driver/Src/stm32f3xx_hal_tim_ex.c **** 
 1372              		.loc 1 629 3 is_stmt 1 view .LVU427
 632:Inc/STM32F3xx_HAL_Driver/Src/stm32f3xx_hal_tim_ex.c **** 
 1373              		.loc 1 632 3 view .LVU428
 635:Inc/STM32F3xx_HAL_Driver/Src/stm32f3xx_hal_tim_ex.c ****   {
 1374              		.loc 1 635 3 view .LVU429
 635:Inc/STM32F3xx_HAL_Driver/Src/stm32f3xx_hal_tim_ex.c ****   {
 1375              		.loc 1 635 46 is_stmt 0 view .LVU430
 1376 0004 0846     		mov	r0, r1
 1377              	.LVL89:
 635:Inc/STM32F3xx_HAL_Driver/Src/stm32f3xx_hal_tim_ex.c ****   {
 1378              		.loc 1 635 46 view .LVU431
 1379 0006 0029     		cmp	r1, #0
 1380 0008 36D1     		bne	.L81
 635:Inc/STM32F3xx_HAL_Driver/Src/stm32f3xx_hal_tim_ex.c ****   {
 1381              		.loc 1 635 7 discriminator 1 view .LVU432
 1382 000a 94F84430 		ldrb	r3, [r4, #68]	@ zero_extendqisi2
 635:Inc/STM32F3xx_HAL_Driver/Src/stm32f3xx_hal_tim_ex.c ****   {
 1383              		.loc 1 635 46 discriminator 1 view .LVU433
 1384 000e 013B     		subs	r3, r3, #1
 1385 0010 18BF     		it	ne
 1386 0012 0123     		movne	r3, #1
 1387              	.L82:
 635:Inc/STM32F3xx_HAL_Driver/Src/stm32f3xx_hal_tim_ex.c ****   {
 1388              		.loc 1 635 6 discriminator 12 view .LVU434
 1389 0014 002B     		cmp	r3, #0
 1390 0016 63D1     		bne	.L92
 641:Inc/STM32F3xx_HAL_Driver/Src/stm32f3xx_hal_tim_ex.c **** 
 1391              		.loc 1 641 3 is_stmt 1 view .LVU435
 1392 0018 0028     		cmp	r0, #0
 1393 001a 43D1     		bne	.L86
 641:Inc/STM32F3xx_HAL_Driver/Src/stm32f3xx_hal_tim_ex.c **** 
 1394              		.loc 1 641 3 is_stmt 0 discriminator 1 view .LVU436
 1395 001c 0223     		movs	r3, #2
 1396 001e 84F84430 		strb	r3, [r4, #68]
 1397              	.L87:
 644:Inc/STM32F3xx_HAL_Driver/Src/stm32f3xx_hal_tim_ex.c **** 
 1398              		.loc 1 644 3 is_stmt 1 view .LVU437
 1399 0022 0422     		movs	r2, #4
 1400 0024 0146     		mov	r1, r0
 1401              	.LVL90:
 644:Inc/STM32F3xx_HAL_Driver/Src/stm32f3xx_hal_tim_ex.c **** 
 1402              		.loc 1 644 3 is_stmt 0 view .LVU438
 1403 0026 2068     		ldr	r0, [r4]
 1404              	.LVL91:
 644:Inc/STM32F3xx_HAL_Driver/Src/stm32f3xx_hal_tim_ex.c **** 
 1405              		.loc 1 644 3 view .LVU439
 1406 0028 FFF7FEFF 		bl	TIM_CCxNChannelCmd
 1407              	.LVL92:
 647:Inc/STM32F3xx_HAL_Driver/Src/stm32f3xx_hal_tim_ex.c **** 
ARM GAS  /tmp/ccfhaacA.s 			page 77


 1408              		.loc 1 647 3 is_stmt 1 view .LVU440
 1409 002c 2268     		ldr	r2, [r4]
 1410 002e 536C     		ldr	r3, [r2, #68]
 1411 0030 43F40043 		orr	r3, r3, #32768
 1412 0034 5364     		str	r3, [r2, #68]
 650:Inc/STM32F3xx_HAL_Driver/Src/stm32f3xx_hal_tim_ex.c ****   {
 1413              		.loc 1 650 3 view .LVU441
 650:Inc/STM32F3xx_HAL_Driver/Src/stm32f3xx_hal_tim_ex.c ****   {
 1414              		.loc 1 650 7 is_stmt 0 view .LVU442
 1415 0036 2368     		ldr	r3, [r4]
 650:Inc/STM32F3xx_HAL_Driver/Src/stm32f3xx_hal_tim_ex.c ****   {
 1416              		.loc 1 650 6 view .LVU443
 1417 0038 2C4A     		ldr	r2, .L100
 1418 003a 9342     		cmp	r3, r2
 1419 003c 42D0     		beq	.L90
 650:Inc/STM32F3xx_HAL_Driver/Src/stm32f3xx_hal_tim_ex.c ****   {
 1420              		.loc 1 650 7 discriminator 1 view .LVU444
 1421 003e B3F1804F 		cmp	r3, #1073741824
 1422 0042 3FD0     		beq	.L90
 650:Inc/STM32F3xx_HAL_Driver/Src/stm32f3xx_hal_tim_ex.c ****   {
 1423              		.loc 1 650 7 discriminator 2 view .LVU445
 1424 0044 A2F59432 		sub	r2, r2, #75776
 1425 0048 9342     		cmp	r3, r2
 1426 004a 3BD0     		beq	.L90
 650:Inc/STM32F3xx_HAL_Driver/Src/stm32f3xx_hal_tim_ex.c ****   {
 1427              		.loc 1 650 7 discriminator 3 view .LVU446
 1428 004c 02F58062 		add	r2, r2, #1024
 1429 0050 9342     		cmp	r3, r2
 1430 0052 37D0     		beq	.L90
 650:Inc/STM32F3xx_HAL_Driver/Src/stm32f3xx_hal_tim_ex.c ****   {
 1431              		.loc 1 650 7 discriminator 4 view .LVU447
 1432 0054 02F59632 		add	r2, r2, #76800
 1433 0058 9342     		cmp	r3, r2
 1434 005a 33D0     		beq	.L90
 650:Inc/STM32F3xx_HAL_Driver/Src/stm32f3xx_hal_tim_ex.c ****   {
 1435              		.loc 1 650 7 discriminator 5 view .LVU448
 1436 005c 02F54062 		add	r2, r2, #3072
 1437 0060 9342     		cmp	r3, r2
 1438 0062 2FD0     		beq	.L90
 650:Inc/STM32F3xx_HAL_Driver/Src/stm32f3xx_hal_tim_ex.c ****   {
 1439              		.loc 1 650 7 discriminator 6 view .LVU449
 1440 0064 02F58052 		add	r2, r2, #4096
 1441 0068 9342     		cmp	r3, r2
 1442 006a 2BD0     		beq	.L90
 660:Inc/STM32F3xx_HAL_Driver/Src/stm32f3xx_hal_tim_ex.c ****   }
 1443              		.loc 1 660 5 is_stmt 1 view .LVU450
 1444 006c 1A68     		ldr	r2, [r3]
 1445 006e 42F00102 		orr	r2, r2, #1
 1446 0072 1A60     		str	r2, [r3]
 664:Inc/STM32F3xx_HAL_Driver/Src/stm32f3xx_hal_tim_ex.c **** }
 1447              		.loc 1 664 10 is_stmt 0 view .LVU451
 1448 0074 0020     		movs	r0, #0
 1449 0076 34E0     		b	.L85
 1450              	.LVL93:
 1451              	.L81:
 635:Inc/STM32F3xx_HAL_Driver/Src/stm32f3xx_hal_tim_ex.c ****   {
 1452              		.loc 1 635 46 discriminator 2 view .LVU452
ARM GAS  /tmp/ccfhaacA.s 			page 78


 1453 0078 0429     		cmp	r1, #4
 1454 007a 07D0     		beq	.L96
 635:Inc/STM32F3xx_HAL_Driver/Src/stm32f3xx_hal_tim_ex.c ****   {
 1455              		.loc 1 635 46 discriminator 5 view .LVU453
 1456 007c 0829     		cmp	r1, #8
 1457 007e 0BD0     		beq	.L97
 635:Inc/STM32F3xx_HAL_Driver/Src/stm32f3xx_hal_tim_ex.c ****   {
 1458              		.loc 1 635 7 discriminator 8 view .LVU454
 1459 0080 94F84730 		ldrb	r3, [r4, #71]	@ zero_extendqisi2
 635:Inc/STM32F3xx_HAL_Driver/Src/stm32f3xx_hal_tim_ex.c ****   {
 1460              		.loc 1 635 46 discriminator 8 view .LVU455
 1461 0084 013B     		subs	r3, r3, #1
 1462 0086 18BF     		it	ne
 1463 0088 0123     		movne	r3, #1
 1464 008a C3E7     		b	.L82
 1465              	.L96:
 635:Inc/STM32F3xx_HAL_Driver/Src/stm32f3xx_hal_tim_ex.c ****   {
 1466              		.loc 1 635 7 discriminator 4 view .LVU456
 1467 008c 94F84530 		ldrb	r3, [r4, #69]	@ zero_extendqisi2
 635:Inc/STM32F3xx_HAL_Driver/Src/stm32f3xx_hal_tim_ex.c ****   {
 1468              		.loc 1 635 46 discriminator 4 view .LVU457
 1469 0090 013B     		subs	r3, r3, #1
 1470 0092 18BF     		it	ne
 1471 0094 0123     		movne	r3, #1
 1472 0096 BDE7     		b	.L82
 1473              	.L97:
 635:Inc/STM32F3xx_HAL_Driver/Src/stm32f3xx_hal_tim_ex.c ****   {
 1474              		.loc 1 635 7 discriminator 7 view .LVU458
 1475 0098 94F84630 		ldrb	r3, [r4, #70]	@ zero_extendqisi2
 635:Inc/STM32F3xx_HAL_Driver/Src/stm32f3xx_hal_tim_ex.c ****   {
 1476              		.loc 1 635 46 discriminator 7 view .LVU459
 1477 009c 013B     		subs	r3, r3, #1
 1478 009e 18BF     		it	ne
 1479 00a0 0123     		movne	r3, #1
 1480 00a2 B7E7     		b	.L82
 1481              	.L86:
 641:Inc/STM32F3xx_HAL_Driver/Src/stm32f3xx_hal_tim_ex.c **** 
 1482              		.loc 1 641 3 discriminator 2 view .LVU460
 1483 00a4 0428     		cmp	r0, #4
 1484 00a6 05D0     		beq	.L98
 641:Inc/STM32F3xx_HAL_Driver/Src/stm32f3xx_hal_tim_ex.c **** 
 1485              		.loc 1 641 3 discriminator 4 view .LVU461
 1486 00a8 0828     		cmp	r0, #8
 1487 00aa 07D0     		beq	.L99
 641:Inc/STM32F3xx_HAL_Driver/Src/stm32f3xx_hal_tim_ex.c **** 
 1488              		.loc 1 641 3 discriminator 7 view .LVU462
 1489 00ac 0223     		movs	r3, #2
 1490 00ae 84F84730 		strb	r3, [r4, #71]
 1491 00b2 B6E7     		b	.L87
 1492              	.L98:
 641:Inc/STM32F3xx_HAL_Driver/Src/stm32f3xx_hal_tim_ex.c **** 
 1493              		.loc 1 641 3 discriminator 3 view .LVU463
 1494 00b4 0223     		movs	r3, #2
 1495 00b6 84F84530 		strb	r3, [r4, #69]
 1496 00ba B2E7     		b	.L87
 1497              	.L99:
 641:Inc/STM32F3xx_HAL_Driver/Src/stm32f3xx_hal_tim_ex.c **** 
ARM GAS  /tmp/ccfhaacA.s 			page 79


 1498              		.loc 1 641 3 discriminator 6 view .LVU464
 1499 00bc 0223     		movs	r3, #2
 1500 00be 84F84630 		strb	r3, [r4, #70]
 1501 00c2 AEE7     		b	.L87
 1502              	.LVL94:
 1503              	.L90:
 652:Inc/STM32F3xx_HAL_Driver/Src/stm32f3xx_hal_tim_ex.c ****     if (!IS_TIM_SLAVEMODE_TRIGGER_ENABLED(tmpsmcr))
 1504              		.loc 1 652 5 is_stmt 1 view .LVU465
 652:Inc/STM32F3xx_HAL_Driver/Src/stm32f3xx_hal_tim_ex.c ****     if (!IS_TIM_SLAVEMODE_TRIGGER_ENABLED(tmpsmcr))
 1505              		.loc 1 652 29 is_stmt 0 view .LVU466
 1506 00c4 9968     		ldr	r1, [r3, #8]
 652:Inc/STM32F3xx_HAL_Driver/Src/stm32f3xx_hal_tim_ex.c ****     if (!IS_TIM_SLAVEMODE_TRIGGER_ENABLED(tmpsmcr))
 1507              		.loc 1 652 13 view .LVU467
 1508 00c6 0A4A     		ldr	r2, .L100+4
 1509 00c8 0A40     		ands	r2, r2, r1
 1510              	.LVL95:
 653:Inc/STM32F3xx_HAL_Driver/Src/stm32f3xx_hal_tim_ex.c ****     {
 1511              		.loc 1 653 5 is_stmt 1 view .LVU468
 653:Inc/STM32F3xx_HAL_Driver/Src/stm32f3xx_hal_tim_ex.c ****     {
 1512              		.loc 1 653 8 is_stmt 0 view .LVU469
 1513 00ca 062A     		cmp	r2, #6
 1514 00cc 0AD0     		beq	.L93
 653:Inc/STM32F3xx_HAL_Driver/Src/stm32f3xx_hal_tim_ex.c ****     {
 1515              		.loc 1 653 9 discriminator 1 view .LVU470
 1516 00ce B2F5803F 		cmp	r2, #65536
 1517 00d2 09D0     		beq	.L94
 655:Inc/STM32F3xx_HAL_Driver/Src/stm32f3xx_hal_tim_ex.c ****     }
 1518              		.loc 1 655 7 is_stmt 1 view .LVU471
 1519 00d4 1A68     		ldr	r2, [r3]
 1520              	.LVL96:
 655:Inc/STM32F3xx_HAL_Driver/Src/stm32f3xx_hal_tim_ex.c ****     }
 1521              		.loc 1 655 7 is_stmt 0 view .LVU472
 1522 00d6 42F00102 		orr	r2, r2, #1
 1523 00da 1A60     		str	r2, [r3]
 664:Inc/STM32F3xx_HAL_Driver/Src/stm32f3xx_hal_tim_ex.c **** }
 1524              		.loc 1 664 10 view .LVU473
 1525 00dc 0020     		movs	r0, #0
 1526 00de 00E0     		b	.L85
 1527              	.LVL97:
 1528              	.L92:
 637:Inc/STM32F3xx_HAL_Driver/Src/stm32f3xx_hal_tim_ex.c ****   }
 1529              		.loc 1 637 12 view .LVU474
 1530 00e0 0120     		movs	r0, #1
 1531              	.LVL98:
 1532              	.L85:
 665:Inc/STM32F3xx_HAL_Driver/Src/stm32f3xx_hal_tim_ex.c **** 
 1533              		.loc 1 665 1 view .LVU475
 1534 00e2 10BD     		pop	{r4, pc}
 1535              	.LVL99:
 1536              	.L93:
 664:Inc/STM32F3xx_HAL_Driver/Src/stm32f3xx_hal_tim_ex.c **** }
 1537              		.loc 1 664 10 view .LVU476
 1538 00e4 0020     		movs	r0, #0
 1539 00e6 FCE7     		b	.L85
 1540              	.L94:
 1541 00e8 0020     		movs	r0, #0
 1542 00ea FAE7     		b	.L85
ARM GAS  /tmp/ccfhaacA.s 			page 80


 1543              	.L101:
 1544              		.align	2
 1545              	.L100:
 1546 00ec 002C0140 		.word	1073818624
 1547 00f0 07000100 		.word	65543
 1548              		.cfi_endproc
 1549              	.LFE140:
 1551              		.section	.text.HAL_TIMEx_OCN_Stop,"ax",%progbits
 1552              		.align	1
 1553              		.global	HAL_TIMEx_OCN_Stop
 1554              		.syntax unified
 1555              		.thumb
 1556              		.thumb_func
 1558              	HAL_TIMEx_OCN_Stop:
 1559              	.LVL100:
 1560              	.LFB141:
 679:Inc/STM32F3xx_HAL_Driver/Src/stm32f3xx_hal_tim_ex.c ****   /* Check the parameters */
 1561              		.loc 1 679 1 is_stmt 1 view -0
 1562              		.cfi_startproc
 1563              		@ args = 0, pretend = 0, frame = 0
 1564              		@ frame_needed = 0, uses_anonymous_args = 0
 679:Inc/STM32F3xx_HAL_Driver/Src/stm32f3xx_hal_tim_ex.c ****   /* Check the parameters */
 1565              		.loc 1 679 1 is_stmt 0 view .LVU478
 1566 0000 38B5     		push	{r3, r4, r5, lr}
 1567              		.cfi_def_cfa_offset 16
 1568              		.cfi_offset 3, -16
 1569              		.cfi_offset 4, -12
 1570              		.cfi_offset 5, -8
 1571              		.cfi_offset 14, -4
 1572 0002 0446     		mov	r4, r0
 1573 0004 0D46     		mov	r5, r1
 681:Inc/STM32F3xx_HAL_Driver/Src/stm32f3xx_hal_tim_ex.c **** 
 1574              		.loc 1 681 3 is_stmt 1 view .LVU479
 684:Inc/STM32F3xx_HAL_Driver/Src/stm32f3xx_hal_tim_ex.c **** 
 1575              		.loc 1 684 3 view .LVU480
 1576 0006 0022     		movs	r2, #0
 1577 0008 0068     		ldr	r0, [r0]
 1578              	.LVL101:
 684:Inc/STM32F3xx_HAL_Driver/Src/stm32f3xx_hal_tim_ex.c **** 
 1579              		.loc 1 684 3 is_stmt 0 view .LVU481
 1580 000a FFF7FEFF 		bl	TIM_CCxNChannelCmd
 1581              	.LVL102:
 687:Inc/STM32F3xx_HAL_Driver/Src/stm32f3xx_hal_tim_ex.c **** 
 1582              		.loc 1 687 3 is_stmt 1 view .LVU482
 687:Inc/STM32F3xx_HAL_Driver/Src/stm32f3xx_hal_tim_ex.c **** 
 1583              		.loc 1 687 3 view .LVU483
 1584 000e 2368     		ldr	r3, [r4]
 1585 0010 196A     		ldr	r1, [r3, #32]
 1586 0012 41F21112 		movw	r2, #4369
 1587 0016 1142     		tst	r1, r2
 1588 0018 08D1     		bne	.L103
 687:Inc/STM32F3xx_HAL_Driver/Src/stm32f3xx_hal_tim_ex.c **** 
 1589              		.loc 1 687 3 discriminator 1 view .LVU484
 1590 001a 196A     		ldr	r1, [r3, #32]
 1591 001c 40F24442 		movw	r2, #1092
 1592 0020 1142     		tst	r1, r2
 1593 0022 03D1     		bne	.L103
ARM GAS  /tmp/ccfhaacA.s 			page 81


 687:Inc/STM32F3xx_HAL_Driver/Src/stm32f3xx_hal_tim_ex.c **** 
 1594              		.loc 1 687 3 discriminator 3 view .LVU485
 1595 0024 5A6C     		ldr	r2, [r3, #68]
 1596 0026 22F40042 		bic	r2, r2, #32768
 1597 002a 5A64     		str	r2, [r3, #68]
 1598              	.L103:
 687:Inc/STM32F3xx_HAL_Driver/Src/stm32f3xx_hal_tim_ex.c **** 
 1599              		.loc 1 687 3 discriminator 5 view .LVU486
 690:Inc/STM32F3xx_HAL_Driver/Src/stm32f3xx_hal_tim_ex.c **** 
 1600              		.loc 1 690 3 view .LVU487
 690:Inc/STM32F3xx_HAL_Driver/Src/stm32f3xx_hal_tim_ex.c **** 
 1601              		.loc 1 690 3 view .LVU488
 1602 002c 2368     		ldr	r3, [r4]
 1603 002e 196A     		ldr	r1, [r3, #32]
 1604 0030 41F21112 		movw	r2, #4369
 1605 0034 1142     		tst	r1, r2
 1606 0036 08D1     		bne	.L104
 690:Inc/STM32F3xx_HAL_Driver/Src/stm32f3xx_hal_tim_ex.c **** 
 1607              		.loc 1 690 3 discriminator 1 view .LVU489
 1608 0038 196A     		ldr	r1, [r3, #32]
 1609 003a 40F24442 		movw	r2, #1092
 1610 003e 1142     		tst	r1, r2
 1611 0040 03D1     		bne	.L104
 690:Inc/STM32F3xx_HAL_Driver/Src/stm32f3xx_hal_tim_ex.c **** 
 1612              		.loc 1 690 3 discriminator 3 view .LVU490
 1613 0042 1A68     		ldr	r2, [r3]
 1614 0044 22F00102 		bic	r2, r2, #1
 1615 0048 1A60     		str	r2, [r3]
 1616              	.L104:
 690:Inc/STM32F3xx_HAL_Driver/Src/stm32f3xx_hal_tim_ex.c **** 
 1617              		.loc 1 690 3 discriminator 5 view .LVU491
 693:Inc/STM32F3xx_HAL_Driver/Src/stm32f3xx_hal_tim_ex.c **** 
 1618              		.loc 1 693 3 view .LVU492
 1619 004a 25B9     		cbnz	r5, .L105
 693:Inc/STM32F3xx_HAL_Driver/Src/stm32f3xx_hal_tim_ex.c **** 
 1620              		.loc 1 693 3 is_stmt 0 discriminator 1 view .LVU493
 1621 004c 0123     		movs	r3, #1
 1622 004e 84F84430 		strb	r3, [r4, #68]
 1623              	.L106:
 696:Inc/STM32F3xx_HAL_Driver/Src/stm32f3xx_hal_tim_ex.c **** }
 1624              		.loc 1 696 3 is_stmt 1 view .LVU494
 697:Inc/STM32F3xx_HAL_Driver/Src/stm32f3xx_hal_tim_ex.c **** 
 1625              		.loc 1 697 1 is_stmt 0 view .LVU495
 1626 0052 0020     		movs	r0, #0
 1627 0054 38BD     		pop	{r3, r4, r5, pc}
 1628              	.LVL103:
 1629              	.L105:
 693:Inc/STM32F3xx_HAL_Driver/Src/stm32f3xx_hal_tim_ex.c **** 
 1630              		.loc 1 693 3 discriminator 2 view .LVU496
 1631 0056 042D     		cmp	r5, #4
 1632 0058 05D0     		beq	.L110
 693:Inc/STM32F3xx_HAL_Driver/Src/stm32f3xx_hal_tim_ex.c **** 
 1633              		.loc 1 693 3 discriminator 4 view .LVU497
 1634 005a 082D     		cmp	r5, #8
 1635 005c 07D0     		beq	.L111
 693:Inc/STM32F3xx_HAL_Driver/Src/stm32f3xx_hal_tim_ex.c **** 
 1636              		.loc 1 693 3 discriminator 7 view .LVU498
ARM GAS  /tmp/ccfhaacA.s 			page 82


 1637 005e 0123     		movs	r3, #1
 1638 0060 84F84730 		strb	r3, [r4, #71]
 1639 0064 F5E7     		b	.L106
 1640              	.L110:
 693:Inc/STM32F3xx_HAL_Driver/Src/stm32f3xx_hal_tim_ex.c **** 
 1641              		.loc 1 693 3 discriminator 3 view .LVU499
 1642 0066 0123     		movs	r3, #1
 1643 0068 84F84530 		strb	r3, [r4, #69]
 1644 006c F1E7     		b	.L106
 1645              	.L111:
 693:Inc/STM32F3xx_HAL_Driver/Src/stm32f3xx_hal_tim_ex.c **** 
 1646              		.loc 1 693 3 discriminator 6 view .LVU500
 1647 006e 0123     		movs	r3, #1
 1648 0070 84F84630 		strb	r3, [r4, #70]
 1649 0074 EDE7     		b	.L106
 1650              		.cfi_endproc
 1651              	.LFE141:
 1653              		.section	.text.HAL_TIMEx_OCN_Start_IT,"ax",%progbits
 1654              		.align	1
 1655              		.global	HAL_TIMEx_OCN_Start_IT
 1656              		.syntax unified
 1657              		.thumb
 1658              		.thumb_func
 1660              	HAL_TIMEx_OCN_Start_IT:
 1661              	.LVL104:
 1662              	.LFB142:
 711:Inc/STM32F3xx_HAL_Driver/Src/stm32f3xx_hal_tim_ex.c ****   HAL_StatusTypeDef status = HAL_OK;
 1663              		.loc 1 711 1 is_stmt 1 view -0
 1664              		.cfi_startproc
 1665              		@ args = 0, pretend = 0, frame = 0
 1666              		@ frame_needed = 0, uses_anonymous_args = 0
 711:Inc/STM32F3xx_HAL_Driver/Src/stm32f3xx_hal_tim_ex.c ****   HAL_StatusTypeDef status = HAL_OK;
 1667              		.loc 1 711 1 is_stmt 0 view .LVU502
 1668 0000 10B5     		push	{r4, lr}
 1669              		.cfi_def_cfa_offset 8
 1670              		.cfi_offset 4, -8
 1671              		.cfi_offset 14, -4
 1672 0002 0446     		mov	r4, r0
 712:Inc/STM32F3xx_HAL_Driver/Src/stm32f3xx_hal_tim_ex.c ****   uint32_t tmpsmcr;
 1673              		.loc 1 712 3 is_stmt 1 view .LVU503
 1674              	.LVL105:
 713:Inc/STM32F3xx_HAL_Driver/Src/stm32f3xx_hal_tim_ex.c **** 
 1675              		.loc 1 713 3 view .LVU504
 716:Inc/STM32F3xx_HAL_Driver/Src/stm32f3xx_hal_tim_ex.c **** 
 1676              		.loc 1 716 3 view .LVU505
 719:Inc/STM32F3xx_HAL_Driver/Src/stm32f3xx_hal_tim_ex.c ****   {
 1677              		.loc 1 719 3 view .LVU506
 719:Inc/STM32F3xx_HAL_Driver/Src/stm32f3xx_hal_tim_ex.c ****   {
 1678              		.loc 1 719 46 is_stmt 0 view .LVU507
 1679 0004 0846     		mov	r0, r1
 1680              	.LVL106:
 719:Inc/STM32F3xx_HAL_Driver/Src/stm32f3xx_hal_tim_ex.c ****   {
 1681              		.loc 1 719 46 view .LVU508
 1682 0006 0029     		cmp	r1, #0
 1683 0008 40D1     		bne	.L113
 719:Inc/STM32F3xx_HAL_Driver/Src/stm32f3xx_hal_tim_ex.c ****   {
 1684              		.loc 1 719 7 discriminator 1 view .LVU509
ARM GAS  /tmp/ccfhaacA.s 			page 83


 1685 000a 94F84430 		ldrb	r3, [r4, #68]	@ zero_extendqisi2
 719:Inc/STM32F3xx_HAL_Driver/Src/stm32f3xx_hal_tim_ex.c ****   {
 1686              		.loc 1 719 46 discriminator 1 view .LVU510
 1687 000e 013B     		subs	r3, r3, #1
 1688 0010 18BF     		it	ne
 1689 0012 0123     		movne	r3, #1
 1690              	.L114:
 719:Inc/STM32F3xx_HAL_Driver/Src/stm32f3xx_hal_tim_ex.c ****   {
 1691              		.loc 1 719 6 discriminator 12 view .LVU511
 1692 0014 002B     		cmp	r3, #0
 1693 0016 7ED1     		bne	.L127
 725:Inc/STM32F3xx_HAL_Driver/Src/stm32f3xx_hal_tim_ex.c **** 
 1694              		.loc 1 725 3 is_stmt 1 view .LVU512
 1695 0018 0028     		cmp	r0, #0
 1696 001a 4DD1     		bne	.L118
 725:Inc/STM32F3xx_HAL_Driver/Src/stm32f3xx_hal_tim_ex.c **** 
 1697              		.loc 1 725 3 is_stmt 0 discriminator 1 view .LVU513
 1698 001c 0223     		movs	r3, #2
 1699 001e 84F84430 		strb	r3, [r4, #68]
 727:Inc/STM32F3xx_HAL_Driver/Src/stm32f3xx_hal_tim_ex.c ****   {
 1700              		.loc 1 727 3 is_stmt 1 view .LVU514
 1701              	.L119:
 732:Inc/STM32F3xx_HAL_Driver/Src/stm32f3xx_hal_tim_ex.c ****       break;
 1702              		.loc 1 732 7 view .LVU515
 1703 0022 2268     		ldr	r2, [r4]
 1704 0024 D368     		ldr	r3, [r2, #12]
 1705 0026 43F00203 		orr	r3, r3, #2
 1706 002a D360     		str	r3, [r2, #12]
 733:Inc/STM32F3xx_HAL_Driver/Src/stm32f3xx_hal_tim_ex.c ****     }
 1707              		.loc 1 733 7 view .LVU516
 756:Inc/STM32F3xx_HAL_Driver/Src/stm32f3xx_hal_tim_ex.c ****   {
 1708              		.loc 1 756 3 view .LVU517
 1709              	.L124:
 759:Inc/STM32F3xx_HAL_Driver/Src/stm32f3xx_hal_tim_ex.c **** 
 1710              		.loc 1 759 5 view .LVU518
 1711 002c 2268     		ldr	r2, [r4]
 1712 002e D368     		ldr	r3, [r2, #12]
 1713 0030 43F08003 		orr	r3, r3, #128
 1714 0034 D360     		str	r3, [r2, #12]
 762:Inc/STM32F3xx_HAL_Driver/Src/stm32f3xx_hal_tim_ex.c **** 
 1715              		.loc 1 762 5 view .LVU519
 1716 0036 0422     		movs	r2, #4
 1717 0038 0146     		mov	r1, r0
 1718              	.LVL107:
 762:Inc/STM32F3xx_HAL_Driver/Src/stm32f3xx_hal_tim_ex.c **** 
 1719              		.loc 1 762 5 is_stmt 0 view .LVU520
 1720 003a 2068     		ldr	r0, [r4]
 1721              	.LVL108:
 762:Inc/STM32F3xx_HAL_Driver/Src/stm32f3xx_hal_tim_ex.c **** 
 1722              		.loc 1 762 5 view .LVU521
 1723 003c FFF7FEFF 		bl	TIM_CCxNChannelCmd
 1724              	.LVL109:
 765:Inc/STM32F3xx_HAL_Driver/Src/stm32f3xx_hal_tim_ex.c **** 
 1725              		.loc 1 765 5 is_stmt 1 view .LVU522
 1726 0040 2268     		ldr	r2, [r4]
 1727 0042 536C     		ldr	r3, [r2, #68]
 1728 0044 43F40043 		orr	r3, r3, #32768
ARM GAS  /tmp/ccfhaacA.s 			page 84


 1729 0048 5364     		str	r3, [r2, #68]
 768:Inc/STM32F3xx_HAL_Driver/Src/stm32f3xx_hal_tim_ex.c ****     {
 1730              		.loc 1 768 5 view .LVU523
 768:Inc/STM32F3xx_HAL_Driver/Src/stm32f3xx_hal_tim_ex.c ****     {
 1731              		.loc 1 768 9 is_stmt 0 view .LVU524
 1732 004a 2368     		ldr	r3, [r4]
 768:Inc/STM32F3xx_HAL_Driver/Src/stm32f3xx_hal_tim_ex.c ****     {
 1733              		.loc 1 768 8 view .LVU525
 1734 004c 354A     		ldr	r2, .L136
 1735 004e 9342     		cmp	r3, r2
 1736 0050 53D0     		beq	.L125
 768:Inc/STM32F3xx_HAL_Driver/Src/stm32f3xx_hal_tim_ex.c ****     {
 1737              		.loc 1 768 9 discriminator 1 view .LVU526
 1738 0052 B3F1804F 		cmp	r3, #1073741824
 1739 0056 50D0     		beq	.L125
 768:Inc/STM32F3xx_HAL_Driver/Src/stm32f3xx_hal_tim_ex.c ****     {
 1740              		.loc 1 768 9 discriminator 2 view .LVU527
 1741 0058 A2F59432 		sub	r2, r2, #75776
 1742 005c 9342     		cmp	r3, r2
 1743 005e 4CD0     		beq	.L125
 768:Inc/STM32F3xx_HAL_Driver/Src/stm32f3xx_hal_tim_ex.c ****     {
 1744              		.loc 1 768 9 discriminator 3 view .LVU528
 1745 0060 02F58062 		add	r2, r2, #1024
 1746 0064 9342     		cmp	r3, r2
 1747 0066 48D0     		beq	.L125
 768:Inc/STM32F3xx_HAL_Driver/Src/stm32f3xx_hal_tim_ex.c ****     {
 1748              		.loc 1 768 9 discriminator 4 view .LVU529
 1749 0068 02F59632 		add	r2, r2, #76800
 1750 006c 9342     		cmp	r3, r2
 1751 006e 44D0     		beq	.L125
 768:Inc/STM32F3xx_HAL_Driver/Src/stm32f3xx_hal_tim_ex.c ****     {
 1752              		.loc 1 768 9 discriminator 5 view .LVU530
 1753 0070 02F54062 		add	r2, r2, #3072
 1754 0074 9342     		cmp	r3, r2
 1755 0076 40D0     		beq	.L125
 768:Inc/STM32F3xx_HAL_Driver/Src/stm32f3xx_hal_tim_ex.c ****     {
 1756              		.loc 1 768 9 discriminator 6 view .LVU531
 1757 0078 02F58052 		add	r2, r2, #4096
 1758 007c 9342     		cmp	r3, r2
 1759 007e 3CD0     		beq	.L125
 778:Inc/STM32F3xx_HAL_Driver/Src/stm32f3xx_hal_tim_ex.c ****     }
 1760              		.loc 1 778 7 is_stmt 1 view .LVU532
 1761 0080 1A68     		ldr	r2, [r3]
 1762 0082 42F00102 		orr	r2, r2, #1
 1763 0086 1A60     		str	r2, [r3]
 1764 0088 0020     		movs	r0, #0
 1765 008a 45E0     		b	.L117
 1766              	.LVL110:
 1767              	.L113:
 719:Inc/STM32F3xx_HAL_Driver/Src/stm32f3xx_hal_tim_ex.c ****   {
 1768              		.loc 1 719 46 is_stmt 0 discriminator 2 view .LVU533
 1769 008c 0429     		cmp	r1, #4
 1770 008e 07D0     		beq	.L132
 719:Inc/STM32F3xx_HAL_Driver/Src/stm32f3xx_hal_tim_ex.c ****   {
 1771              		.loc 1 719 46 discriminator 5 view .LVU534
 1772 0090 0829     		cmp	r1, #8
 1773 0092 0BD0     		beq	.L133
ARM GAS  /tmp/ccfhaacA.s 			page 85


 719:Inc/STM32F3xx_HAL_Driver/Src/stm32f3xx_hal_tim_ex.c ****   {
 1774              		.loc 1 719 7 discriminator 8 view .LVU535
 1775 0094 94F84730 		ldrb	r3, [r4, #71]	@ zero_extendqisi2
 719:Inc/STM32F3xx_HAL_Driver/Src/stm32f3xx_hal_tim_ex.c ****   {
 1776              		.loc 1 719 46 discriminator 8 view .LVU536
 1777 0098 013B     		subs	r3, r3, #1
 1778 009a 18BF     		it	ne
 1779 009c 0123     		movne	r3, #1
 1780 009e B9E7     		b	.L114
 1781              	.L132:
 719:Inc/STM32F3xx_HAL_Driver/Src/stm32f3xx_hal_tim_ex.c ****   {
 1782              		.loc 1 719 7 discriminator 4 view .LVU537
 1783 00a0 94F84530 		ldrb	r3, [r4, #69]	@ zero_extendqisi2
 719:Inc/STM32F3xx_HAL_Driver/Src/stm32f3xx_hal_tim_ex.c ****   {
 1784              		.loc 1 719 46 discriminator 4 view .LVU538
 1785 00a4 013B     		subs	r3, r3, #1
 1786 00a6 18BF     		it	ne
 1787 00a8 0123     		movne	r3, #1
 1788 00aa B3E7     		b	.L114
 1789              	.L133:
 719:Inc/STM32F3xx_HAL_Driver/Src/stm32f3xx_hal_tim_ex.c ****   {
 1790              		.loc 1 719 7 discriminator 7 view .LVU539
 1791 00ac 94F84630 		ldrb	r3, [r4, #70]	@ zero_extendqisi2
 719:Inc/STM32F3xx_HAL_Driver/Src/stm32f3xx_hal_tim_ex.c ****   {
 1792              		.loc 1 719 46 discriminator 7 view .LVU540
 1793 00b0 013B     		subs	r3, r3, #1
 1794 00b2 18BF     		it	ne
 1795 00b4 0123     		movne	r3, #1
 1796 00b6 ADE7     		b	.L114
 1797              	.L118:
 725:Inc/STM32F3xx_HAL_Driver/Src/stm32f3xx_hal_tim_ex.c **** 
 1798              		.loc 1 725 3 discriminator 2 view .LVU541
 1799 00b8 0428     		cmp	r0, #4
 1800 00ba 0CD0     		beq	.L134
 725:Inc/STM32F3xx_HAL_Driver/Src/stm32f3xx_hal_tim_ex.c **** 
 1801              		.loc 1 725 3 discriminator 4 view .LVU542
 1802 00bc 0828     		cmp	r0, #8
 1803 00be 13D0     		beq	.L135
 725:Inc/STM32F3xx_HAL_Driver/Src/stm32f3xx_hal_tim_ex.c **** 
 1804              		.loc 1 725 3 discriminator 7 view .LVU543
 1805 00c0 0223     		movs	r3, #2
 1806 00c2 84F84730 		strb	r3, [r4, #71]
 727:Inc/STM32F3xx_HAL_Driver/Src/stm32f3xx_hal_tim_ex.c ****   {
 1807              		.loc 1 727 3 is_stmt 1 view .LVU544
 1808 00c6 0428     		cmp	r0, #4
 1809 00c8 08D0     		beq	.L121
 1810 00ca 0828     		cmp	r0, #8
 1811 00cc 0FD0     		beq	.L123
 1812 00ce 0028     		cmp	r0, #0
 1813 00d0 A7D0     		beq	.L119
 1814 00d2 0120     		movs	r0, #1
 1815              	.LVL111:
 727:Inc/STM32F3xx_HAL_Driver/Src/stm32f3xx_hal_tim_ex.c ****   {
 1816              		.loc 1 727 3 is_stmt 0 view .LVU545
 1817 00d4 20E0     		b	.L117
 1818              	.LVL112:
 1819              	.L134:
ARM GAS  /tmp/ccfhaacA.s 			page 86


 725:Inc/STM32F3xx_HAL_Driver/Src/stm32f3xx_hal_tim_ex.c **** 
 1820              		.loc 1 725 3 discriminator 3 view .LVU546
 1821 00d6 0223     		movs	r3, #2
 1822 00d8 84F84530 		strb	r3, [r4, #69]
 727:Inc/STM32F3xx_HAL_Driver/Src/stm32f3xx_hal_tim_ex.c ****   {
 1823              		.loc 1 727 3 is_stmt 1 view .LVU547
 1824              	.L121:
 739:Inc/STM32F3xx_HAL_Driver/Src/stm32f3xx_hal_tim_ex.c ****       break;
 1825              		.loc 1 739 7 view .LVU548
 1826 00dc 2268     		ldr	r2, [r4]
 1827 00de D368     		ldr	r3, [r2, #12]
 1828 00e0 43F00403 		orr	r3, r3, #4
 1829 00e4 D360     		str	r3, [r2, #12]
 740:Inc/STM32F3xx_HAL_Driver/Src/stm32f3xx_hal_tim_ex.c ****     }
 1830              		.loc 1 740 7 view .LVU549
 756:Inc/STM32F3xx_HAL_Driver/Src/stm32f3xx_hal_tim_ex.c ****   {
 1831              		.loc 1 756 3 view .LVU550
 1832 00e6 A1E7     		b	.L124
 1833              	.L135:
 725:Inc/STM32F3xx_HAL_Driver/Src/stm32f3xx_hal_tim_ex.c **** 
 1834              		.loc 1 725 3 is_stmt 0 discriminator 6 view .LVU551
 1835 00e8 0223     		movs	r3, #2
 1836 00ea 84F84630 		strb	r3, [r4, #70]
 727:Inc/STM32F3xx_HAL_Driver/Src/stm32f3xx_hal_tim_ex.c ****   {
 1837              		.loc 1 727 3 is_stmt 1 view .LVU552
 1838              	.L123:
 746:Inc/STM32F3xx_HAL_Driver/Src/stm32f3xx_hal_tim_ex.c ****       break;
 1839              		.loc 1 746 7 view .LVU553
 1840 00ee 2268     		ldr	r2, [r4]
 1841 00f0 D368     		ldr	r3, [r2, #12]
 1842 00f2 43F00803 		orr	r3, r3, #8
 1843 00f6 D360     		str	r3, [r2, #12]
 747:Inc/STM32F3xx_HAL_Driver/Src/stm32f3xx_hal_tim_ex.c ****     }
 1844              		.loc 1 747 7 view .LVU554
 756:Inc/STM32F3xx_HAL_Driver/Src/stm32f3xx_hal_tim_ex.c ****   {
 1845              		.loc 1 756 3 view .LVU555
 1846 00f8 98E7     		b	.L124
 1847              	.LVL113:
 1848              	.L125:
 770:Inc/STM32F3xx_HAL_Driver/Src/stm32f3xx_hal_tim_ex.c ****       if (!IS_TIM_SLAVEMODE_TRIGGER_ENABLED(tmpsmcr))
 1849              		.loc 1 770 7 view .LVU556
 770:Inc/STM32F3xx_HAL_Driver/Src/stm32f3xx_hal_tim_ex.c ****       if (!IS_TIM_SLAVEMODE_TRIGGER_ENABLED(tmpsmcr))
 1850              		.loc 1 770 31 is_stmt 0 view .LVU557
 1851 00fa 9968     		ldr	r1, [r3, #8]
 770:Inc/STM32F3xx_HAL_Driver/Src/stm32f3xx_hal_tim_ex.c ****       if (!IS_TIM_SLAVEMODE_TRIGGER_ENABLED(tmpsmcr))
 1852              		.loc 1 770 15 view .LVU558
 1853 00fc 0A4A     		ldr	r2, .L136+4
 1854 00fe 0A40     		ands	r2, r2, r1
 1855              	.LVL114:
 771:Inc/STM32F3xx_HAL_Driver/Src/stm32f3xx_hal_tim_ex.c ****       {
 1856              		.loc 1 771 7 is_stmt 1 view .LVU559
 771:Inc/STM32F3xx_HAL_Driver/Src/stm32f3xx_hal_tim_ex.c ****       {
 1857              		.loc 1 771 10 is_stmt 0 view .LVU560
 1858 0100 062A     		cmp	r2, #6
 1859 0102 0AD0     		beq	.L129
 771:Inc/STM32F3xx_HAL_Driver/Src/stm32f3xx_hal_tim_ex.c ****       {
 1860              		.loc 1 771 11 discriminator 1 view .LVU561
ARM GAS  /tmp/ccfhaacA.s 			page 87


 1861 0104 B2F5803F 		cmp	r2, #65536
 1862 0108 09D0     		beq	.L130
 773:Inc/STM32F3xx_HAL_Driver/Src/stm32f3xx_hal_tim_ex.c ****       }
 1863              		.loc 1 773 9 is_stmt 1 view .LVU562
 1864 010a 1A68     		ldr	r2, [r3]
 1865              	.LVL115:
 773:Inc/STM32F3xx_HAL_Driver/Src/stm32f3xx_hal_tim_ex.c ****       }
 1866              		.loc 1 773 9 is_stmt 0 view .LVU563
 1867 010c 42F00102 		orr	r2, r2, #1
 1868 0110 1A60     		str	r2, [r3]
 1869 0112 0020     		movs	r0, #0
 1870 0114 00E0     		b	.L117
 1871              	.LVL116:
 1872              	.L127:
 721:Inc/STM32F3xx_HAL_Driver/Src/stm32f3xx_hal_tim_ex.c ****   }
 1873              		.loc 1 721 12 view .LVU564
 1874 0116 0120     		movs	r0, #1
 1875              	.LVL117:
 1876              	.L117:
 784:Inc/STM32F3xx_HAL_Driver/Src/stm32f3xx_hal_tim_ex.c **** 
 1877              		.loc 1 784 1 view .LVU565
 1878 0118 10BD     		pop	{r4, pc}
 1879              	.LVL118:
 1880              	.L129:
 784:Inc/STM32F3xx_HAL_Driver/Src/stm32f3xx_hal_tim_ex.c **** 
 1881              		.loc 1 784 1 view .LVU566
 1882 011a 0020     		movs	r0, #0
 1883 011c FCE7     		b	.L117
 1884              	.L130:
 1885 011e 0020     		movs	r0, #0
 1886 0120 FAE7     		b	.L117
 1887              	.L137:
 1888 0122 00BF     		.align	2
 1889              	.L136:
 1890 0124 002C0140 		.word	1073818624
 1891 0128 07000100 		.word	65543
 1892              		.cfi_endproc
 1893              	.LFE142:
 1895              		.section	.text.HAL_TIMEx_OCN_Stop_IT,"ax",%progbits
 1896              		.align	1
 1897              		.global	HAL_TIMEx_OCN_Stop_IT
 1898              		.syntax unified
 1899              		.thumb
 1900              		.thumb_func
 1902              	HAL_TIMEx_OCN_Stop_IT:
 1903              	.LVL119:
 1904              	.LFB143:
 798:Inc/STM32F3xx_HAL_Driver/Src/stm32f3xx_hal_tim_ex.c ****   HAL_StatusTypeDef status = HAL_OK;
 1905              		.loc 1 798 1 is_stmt 1 view -0
 1906              		.cfi_startproc
 1907              		@ args = 0, pretend = 0, frame = 0
 1908              		@ frame_needed = 0, uses_anonymous_args = 0
 798:Inc/STM32F3xx_HAL_Driver/Src/stm32f3xx_hal_tim_ex.c ****   HAL_StatusTypeDef status = HAL_OK;
 1909              		.loc 1 798 1 is_stmt 0 view .LVU568
 1910 0000 38B5     		push	{r3, r4, r5, lr}
 1911              		.cfi_def_cfa_offset 16
 1912              		.cfi_offset 3, -16
ARM GAS  /tmp/ccfhaacA.s 			page 88


 1913              		.cfi_offset 4, -12
 1914              		.cfi_offset 5, -8
 1915              		.cfi_offset 14, -4
 1916 0002 0446     		mov	r4, r0
 1917 0004 0D46     		mov	r5, r1
 799:Inc/STM32F3xx_HAL_Driver/Src/stm32f3xx_hal_tim_ex.c ****   uint32_t tmpccer;
 1918              		.loc 1 799 3 is_stmt 1 view .LVU569
 1919              	.LVL120:
 800:Inc/STM32F3xx_HAL_Driver/Src/stm32f3xx_hal_tim_ex.c **** 
 1920              		.loc 1 800 3 view .LVU570
 803:Inc/STM32F3xx_HAL_Driver/Src/stm32f3xx_hal_tim_ex.c **** 
 1921              		.loc 1 803 3 view .LVU571
 805:Inc/STM32F3xx_HAL_Driver/Src/stm32f3xx_hal_tim_ex.c ****   {
 1922              		.loc 1 805 3 view .LVU572
 1923 0006 0429     		cmp	r1, #4
 1924 0008 3BD0     		beq	.L139
 1925 000a 0829     		cmp	r1, #8
 1926 000c 3FD0     		beq	.L140
 1927 000e 0029     		cmp	r1, #0
 1928 0010 56D1     		bne	.L149
 810:Inc/STM32F3xx_HAL_Driver/Src/stm32f3xx_hal_tim_ex.c ****       break;
 1929              		.loc 1 810 7 view .LVU573
 1930 0012 0268     		ldr	r2, [r0]
 1931 0014 D368     		ldr	r3, [r2, #12]
 1932 0016 23F00203 		bic	r3, r3, #2
 1933 001a D360     		str	r3, [r2, #12]
 811:Inc/STM32F3xx_HAL_Driver/Src/stm32f3xx_hal_tim_ex.c ****     }
 1934              		.loc 1 811 7 view .LVU574
 833:Inc/STM32F3xx_HAL_Driver/Src/stm32f3xx_hal_tim_ex.c ****   {
 1935              		.loc 1 833 3 view .LVU575
 1936              	.L142:
 836:Inc/STM32F3xx_HAL_Driver/Src/stm32f3xx_hal_tim_ex.c **** 
 1937              		.loc 1 836 5 view .LVU576
 1938 001c 0022     		movs	r2, #0
 1939 001e 2946     		mov	r1, r5
 1940              	.LVL121:
 836:Inc/STM32F3xx_HAL_Driver/Src/stm32f3xx_hal_tim_ex.c **** 
 1941              		.loc 1 836 5 is_stmt 0 view .LVU577
 1942 0020 2068     		ldr	r0, [r4]
 1943              	.LVL122:
 836:Inc/STM32F3xx_HAL_Driver/Src/stm32f3xx_hal_tim_ex.c **** 
 1944              		.loc 1 836 5 view .LVU578
 1945 0022 FFF7FEFF 		bl	TIM_CCxNChannelCmd
 1946              	.LVL123:
 839:Inc/STM32F3xx_HAL_Driver/Src/stm32f3xx_hal_tim_ex.c ****     if ((tmpccer & TIM_CCER_CCxNE_MASK) == (uint32_t)RESET)
 1947              		.loc 1 839 5 is_stmt 1 view .LVU579
 839:Inc/STM32F3xx_HAL_Driver/Src/stm32f3xx_hal_tim_ex.c ****     if ((tmpccer & TIM_CCER_CCxNE_MASK) == (uint32_t)RESET)
 1948              		.loc 1 839 19 is_stmt 0 view .LVU580
 1949 0026 2368     		ldr	r3, [r4]
 839:Inc/STM32F3xx_HAL_Driver/Src/stm32f3xx_hal_tim_ex.c ****     if ((tmpccer & TIM_CCER_CCxNE_MASK) == (uint32_t)RESET)
 1950              		.loc 1 839 13 view .LVU581
 1951 0028 196A     		ldr	r1, [r3, #32]
 1952              	.LVL124:
 840:Inc/STM32F3xx_HAL_Driver/Src/stm32f3xx_hal_tim_ex.c ****     {
 1953              		.loc 1 840 5 is_stmt 1 view .LVU582
 840:Inc/STM32F3xx_HAL_Driver/Src/stm32f3xx_hal_tim_ex.c ****     {
 1954              		.loc 1 840 8 is_stmt 0 view .LVU583
ARM GAS  /tmp/ccfhaacA.s 			page 89


 1955 002a 40F24442 		movw	r2, #1092
 1956 002e 1142     		tst	r1, r2
 1957 0030 03D1     		bne	.L143
 842:Inc/STM32F3xx_HAL_Driver/Src/stm32f3xx_hal_tim_ex.c ****     }
 1958              		.loc 1 842 7 is_stmt 1 view .LVU584
 1959 0032 DA68     		ldr	r2, [r3, #12]
 1960 0034 22F08002 		bic	r2, r2, #128
 1961 0038 DA60     		str	r2, [r3, #12]
 1962              	.L143:
 846:Inc/STM32F3xx_HAL_Driver/Src/stm32f3xx_hal_tim_ex.c **** 
 1963              		.loc 1 846 5 view .LVU585
 846:Inc/STM32F3xx_HAL_Driver/Src/stm32f3xx_hal_tim_ex.c **** 
 1964              		.loc 1 846 5 view .LVU586
 1965 003a 2368     		ldr	r3, [r4]
 1966 003c 196A     		ldr	r1, [r3, #32]
 1967              	.LVL125:
 846:Inc/STM32F3xx_HAL_Driver/Src/stm32f3xx_hal_tim_ex.c **** 
 1968              		.loc 1 846 5 is_stmt 0 view .LVU587
 1969 003e 41F21112 		movw	r2, #4369
 1970 0042 1142     		tst	r1, r2
 1971 0044 08D1     		bne	.L144
 846:Inc/STM32F3xx_HAL_Driver/Src/stm32f3xx_hal_tim_ex.c **** 
 1972              		.loc 1 846 5 is_stmt 1 discriminator 1 view .LVU588
 1973 0046 196A     		ldr	r1, [r3, #32]
 1974 0048 40F24442 		movw	r2, #1092
 1975 004c 1142     		tst	r1, r2
 1976 004e 03D1     		bne	.L144
 846:Inc/STM32F3xx_HAL_Driver/Src/stm32f3xx_hal_tim_ex.c **** 
 1977              		.loc 1 846 5 discriminator 3 view .LVU589
 1978 0050 5A6C     		ldr	r2, [r3, #68]
 1979 0052 22F40042 		bic	r2, r2, #32768
 1980 0056 5A64     		str	r2, [r3, #68]
 1981              	.L144:
 846:Inc/STM32F3xx_HAL_Driver/Src/stm32f3xx_hal_tim_ex.c **** 
 1982              		.loc 1 846 5 discriminator 5 view .LVU590
 849:Inc/STM32F3xx_HAL_Driver/Src/stm32f3xx_hal_tim_ex.c **** 
 1983              		.loc 1 849 5 view .LVU591
 849:Inc/STM32F3xx_HAL_Driver/Src/stm32f3xx_hal_tim_ex.c **** 
 1984              		.loc 1 849 5 view .LVU592
 1985 0058 2368     		ldr	r3, [r4]
 1986 005a 196A     		ldr	r1, [r3, #32]
 1987 005c 41F21112 		movw	r2, #4369
 1988 0060 1142     		tst	r1, r2
 1989 0062 08D1     		bne	.L145
 849:Inc/STM32F3xx_HAL_Driver/Src/stm32f3xx_hal_tim_ex.c **** 
 1990              		.loc 1 849 5 discriminator 1 view .LVU593
 1991 0064 196A     		ldr	r1, [r3, #32]
 1992 0066 40F24442 		movw	r2, #1092
 1993 006a 1142     		tst	r1, r2
 1994 006c 03D1     		bne	.L145
 849:Inc/STM32F3xx_HAL_Driver/Src/stm32f3xx_hal_tim_ex.c **** 
 1995              		.loc 1 849 5 discriminator 3 view .LVU594
 1996 006e 1A68     		ldr	r2, [r3]
 1997 0070 22F00102 		bic	r2, r2, #1
 1998 0074 1A60     		str	r2, [r3]
 1999              	.L145:
 849:Inc/STM32F3xx_HAL_Driver/Src/stm32f3xx_hal_tim_ex.c **** 
ARM GAS  /tmp/ccfhaacA.s 			page 90


 2000              		.loc 1 849 5 discriminator 5 view .LVU595
 852:Inc/STM32F3xx_HAL_Driver/Src/stm32f3xx_hal_tim_ex.c ****   }
 2001              		.loc 1 852 5 view .LVU596
 2002 0076 85B9     		cbnz	r5, .L146
 852:Inc/STM32F3xx_HAL_Driver/Src/stm32f3xx_hal_tim_ex.c ****   }
 2003              		.loc 1 852 5 is_stmt 0 discriminator 1 view .LVU597
 2004 0078 0123     		movs	r3, #1
 2005 007a 84F84430 		strb	r3, [r4, #68]
 2006 007e 0020     		movs	r0, #0
 2007              	.LVL126:
 2008              	.L141:
 856:Inc/STM32F3xx_HAL_Driver/Src/stm32f3xx_hal_tim_ex.c **** }
 2009              		.loc 1 856 3 is_stmt 1 view .LVU598
 857:Inc/STM32F3xx_HAL_Driver/Src/stm32f3xx_hal_tim_ex.c **** 
 2010              		.loc 1 857 1 is_stmt 0 view .LVU599
 2011 0080 38BD     		pop	{r3, r4, r5, pc}
 2012              	.LVL127:
 2013              	.L139:
 817:Inc/STM32F3xx_HAL_Driver/Src/stm32f3xx_hal_tim_ex.c ****       break;
 2014              		.loc 1 817 7 is_stmt 1 view .LVU600
 2015 0082 0268     		ldr	r2, [r0]
 2016 0084 D368     		ldr	r3, [r2, #12]
 2017 0086 23F00403 		bic	r3, r3, #4
 2018 008a D360     		str	r3, [r2, #12]
 818:Inc/STM32F3xx_HAL_Driver/Src/stm32f3xx_hal_tim_ex.c ****     }
 2019              		.loc 1 818 7 view .LVU601
 833:Inc/STM32F3xx_HAL_Driver/Src/stm32f3xx_hal_tim_ex.c ****   {
 2020              		.loc 1 833 3 view .LVU602
 2021 008c C6E7     		b	.L142
 2022              	.L140:
 824:Inc/STM32F3xx_HAL_Driver/Src/stm32f3xx_hal_tim_ex.c ****       break;
 2023              		.loc 1 824 7 view .LVU603
 2024 008e 0268     		ldr	r2, [r0]
 2025 0090 D368     		ldr	r3, [r2, #12]
 2026 0092 23F00803 		bic	r3, r3, #8
 2027 0096 D360     		str	r3, [r2, #12]
 825:Inc/STM32F3xx_HAL_Driver/Src/stm32f3xx_hal_tim_ex.c ****     }
 2028              		.loc 1 825 7 view .LVU604
 833:Inc/STM32F3xx_HAL_Driver/Src/stm32f3xx_hal_tim_ex.c ****   {
 2029              		.loc 1 833 3 view .LVU605
 2030 0098 C0E7     		b	.L142
 2031              	.LVL128:
 2032              	.L146:
 852:Inc/STM32F3xx_HAL_Driver/Src/stm32f3xx_hal_tim_ex.c ****   }
 2033              		.loc 1 852 5 is_stmt 0 discriminator 2 view .LVU606
 2034 009a 042D     		cmp	r5, #4
 2035 009c 06D0     		beq	.L151
 852:Inc/STM32F3xx_HAL_Driver/Src/stm32f3xx_hal_tim_ex.c ****   }
 2036              		.loc 1 852 5 discriminator 4 view .LVU607
 2037 009e 082D     		cmp	r5, #8
 2038 00a0 09D0     		beq	.L152
 852:Inc/STM32F3xx_HAL_Driver/Src/stm32f3xx_hal_tim_ex.c ****   }
 2039              		.loc 1 852 5 discriminator 7 view .LVU608
 2040 00a2 0123     		movs	r3, #1
 2041 00a4 84F84730 		strb	r3, [r4, #71]
 2042 00a8 0020     		movs	r0, #0
 2043 00aa E9E7     		b	.L141
ARM GAS  /tmp/ccfhaacA.s 			page 91


 2044              	.L151:
 852:Inc/STM32F3xx_HAL_Driver/Src/stm32f3xx_hal_tim_ex.c ****   }
 2045              		.loc 1 852 5 discriminator 3 view .LVU609
 2046 00ac 0123     		movs	r3, #1
 2047 00ae 84F84530 		strb	r3, [r4, #69]
 2048 00b2 0020     		movs	r0, #0
 2049 00b4 E4E7     		b	.L141
 2050              	.L152:
 852:Inc/STM32F3xx_HAL_Driver/Src/stm32f3xx_hal_tim_ex.c ****   }
 2051              		.loc 1 852 5 discriminator 6 view .LVU610
 2052 00b6 0123     		movs	r3, #1
 2053 00b8 84F84630 		strb	r3, [r4, #70]
 2054 00bc 0020     		movs	r0, #0
 2055 00be DFE7     		b	.L141
 2056              	.LVL129:
 2057              	.L149:
 805:Inc/STM32F3xx_HAL_Driver/Src/stm32f3xx_hal_tim_ex.c ****   {
 2058              		.loc 1 805 3 view .LVU611
 2059 00c0 0120     		movs	r0, #1
 2060              	.LVL130:
 805:Inc/STM32F3xx_HAL_Driver/Src/stm32f3xx_hal_tim_ex.c ****   {
 2061              		.loc 1 805 3 view .LVU612
 2062 00c2 DDE7     		b	.L141
 2063              		.cfi_endproc
 2064              	.LFE143:
 2066              		.section	.text.HAL_TIMEx_OCN_Start_DMA,"ax",%progbits
 2067              		.align	1
 2068              		.global	HAL_TIMEx_OCN_Start_DMA
 2069              		.syntax unified
 2070              		.thumb
 2071              		.thumb_func
 2073              	HAL_TIMEx_OCN_Start_DMA:
 2074              	.LVL131:
 2075              	.LFB144:
 874:Inc/STM32F3xx_HAL_Driver/Src/stm32f3xx_hal_tim_ex.c ****   HAL_StatusTypeDef status = HAL_OK;
 2076              		.loc 1 874 1 is_stmt 1 view -0
 2077              		.cfi_startproc
 2078              		@ args = 0, pretend = 0, frame = 0
 2079              		@ frame_needed = 0, uses_anonymous_args = 0
 874:Inc/STM32F3xx_HAL_Driver/Src/stm32f3xx_hal_tim_ex.c ****   HAL_StatusTypeDef status = HAL_OK;
 2080              		.loc 1 874 1 is_stmt 0 view .LVU614
 2081 0000 70B5     		push	{r4, r5, r6, lr}
 2082              		.cfi_def_cfa_offset 16
 2083              		.cfi_offset 4, -16
 2084              		.cfi_offset 5, -12
 2085              		.cfi_offset 6, -8
 2086              		.cfi_offset 14, -4
 2087 0002 0446     		mov	r4, r0
 2088 0004 1646     		mov	r6, r2
 875:Inc/STM32F3xx_HAL_Driver/Src/stm32f3xx_hal_tim_ex.c ****   uint32_t tmpsmcr;
 2089              		.loc 1 875 3 is_stmt 1 view .LVU615
 2090              	.LVL132:
 876:Inc/STM32F3xx_HAL_Driver/Src/stm32f3xx_hal_tim_ex.c **** 
 2091              		.loc 1 876 3 view .LVU616
 879:Inc/STM32F3xx_HAL_Driver/Src/stm32f3xx_hal_tim_ex.c **** 
 2092              		.loc 1 879 3 view .LVU617
 882:Inc/STM32F3xx_HAL_Driver/Src/stm32f3xx_hal_tim_ex.c ****   {
ARM GAS  /tmp/ccfhaacA.s 			page 92


 2093              		.loc 1 882 3 view .LVU618
 882:Inc/STM32F3xx_HAL_Driver/Src/stm32f3xx_hal_tim_ex.c ****   {
 2094              		.loc 1 882 46 is_stmt 0 view .LVU619
 2095 0006 0D46     		mov	r5, r1
 2096 0008 0029     		cmp	r1, #0
 2097 000a 65D1     		bne	.L154
 882:Inc/STM32F3xx_HAL_Driver/Src/stm32f3xx_hal_tim_ex.c ****   {
 2098              		.loc 1 882 7 discriminator 1 view .LVU620
 2099 000c 90F84400 		ldrb	r0, [r0, #68]	@ zero_extendqisi2
 2100              	.LVL133:
 882:Inc/STM32F3xx_HAL_Driver/Src/stm32f3xx_hal_tim_ex.c ****   {
 2101              		.loc 1 882 46 discriminator 1 view .LVU621
 2102 0010 0228     		cmp	r0, #2
 2103 0012 14BF     		ite	ne
 2104 0014 0020     		movne	r0, #0
 2105 0016 0120     		moveq	r0, #1
 2106              	.L155:
 882:Inc/STM32F3xx_HAL_Driver/Src/stm32f3xx_hal_tim_ex.c ****   {
 2107              		.loc 1 882 6 discriminator 12 view .LVU622
 2108 0018 0028     		cmp	r0, #0
 2109 001a 40F0E080 		bne	.L172
 886:Inc/STM32F3xx_HAL_Driver/Src/stm32f3xx_hal_tim_ex.c ****   {
 2110              		.loc 1 886 8 is_stmt 1 view .LVU623
 886:Inc/STM32F3xx_HAL_Driver/Src/stm32f3xx_hal_tim_ex.c ****   {
 2111              		.loc 1 886 51 is_stmt 0 view .LVU624
 2112 001e 002D     		cmp	r5, #0
 2113 0020 73D1     		bne	.L159
 886:Inc/STM32F3xx_HAL_Driver/Src/stm32f3xx_hal_tim_ex.c ****   {
 2114              		.loc 1 886 12 discriminator 1 view .LVU625
 2115 0022 94F84420 		ldrb	r2, [r4, #68]	@ zero_extendqisi2
 2116              	.LVL134:
 886:Inc/STM32F3xx_HAL_Driver/Src/stm32f3xx_hal_tim_ex.c ****   {
 2117              		.loc 1 886 51 discriminator 1 view .LVU626
 2118 0026 012A     		cmp	r2, #1
 2119 0028 14BF     		ite	ne
 2120 002a 0022     		movne	r2, #0
 2121 002c 0122     		moveq	r2, #1
 2122              	.L160:
 886:Inc/STM32F3xx_HAL_Driver/Src/stm32f3xx_hal_tim_ex.c ****   {
 2123              		.loc 1 886 11 discriminator 12 view .LVU627
 2124 002e 002A     		cmp	r2, #0
 2125 0030 00F0D780 		beq	.L173
 888:Inc/STM32F3xx_HAL_Driver/Src/stm32f3xx_hal_tim_ex.c ****     {
 2126              		.loc 1 888 5 is_stmt 1 view .LVU628
 888:Inc/STM32F3xx_HAL_Driver/Src/stm32f3xx_hal_tim_ex.c ****     {
 2127              		.loc 1 888 8 is_stmt 0 view .LVU629
 2128 0034 002E     		cmp	r6, #0
 2129 0036 00F0D680 		beq	.L174
 888:Inc/STM32F3xx_HAL_Driver/Src/stm32f3xx_hal_tim_ex.c ****     {
 2130              		.loc 1 888 25 discriminator 1 view .LVU630
 2131 003a 002B     		cmp	r3, #0
 2132 003c 00F0D580 		beq	.L175
 894:Inc/STM32F3xx_HAL_Driver/Src/stm32f3xx_hal_tim_ex.c ****     }
 2133              		.loc 1 894 7 is_stmt 1 view .LVU631
 2134 0040 002D     		cmp	r5, #0
 2135 0042 7BD1     		bne	.L163
 894:Inc/STM32F3xx_HAL_Driver/Src/stm32f3xx_hal_tim_ex.c ****     }
ARM GAS  /tmp/ccfhaacA.s 			page 93


 2136              		.loc 1 894 7 is_stmt 0 discriminator 1 view .LVU632
 2137 0044 0222     		movs	r2, #2
 2138 0046 84F84420 		strb	r2, [r4, #68]
 902:Inc/STM32F3xx_HAL_Driver/Src/stm32f3xx_hal_tim_ex.c ****   {
 2139              		.loc 1 902 3 is_stmt 1 view .LVU633
 2140              	.L164:
 907:Inc/STM32F3xx_HAL_Driver/Src/stm32f3xx_hal_tim_ex.c ****       htim->hdma[TIM_DMA_ID_CC1]->XferHalfCpltCallback = TIM_DMADelayPulseHalfCplt;
 2141              		.loc 1 907 7 view .LVU634
 907:Inc/STM32F3xx_HAL_Driver/Src/stm32f3xx_hal_tim_ex.c ****       htim->hdma[TIM_DMA_ID_CC1]->XferHalfCpltCallback = TIM_DMADelayPulseHalfCplt;
 2142              		.loc 1 907 17 is_stmt 0 view .LVU635
 2143 004a 626A     		ldr	r2, [r4, #36]
 907:Inc/STM32F3xx_HAL_Driver/Src/stm32f3xx_hal_tim_ex.c ****       htim->hdma[TIM_DMA_ID_CC1]->XferHalfCpltCallback = TIM_DMADelayPulseHalfCplt;
 2144              		.loc 1 907 52 view .LVU636
 2145 004c 6D49     		ldr	r1, .L189
 2146              	.LVL135:
 907:Inc/STM32F3xx_HAL_Driver/Src/stm32f3xx_hal_tim_ex.c ****       htim->hdma[TIM_DMA_ID_CC1]->XferHalfCpltCallback = TIM_DMADelayPulseHalfCplt;
 2147              		.loc 1 907 52 view .LVU637
 2148 004e 9162     		str	r1, [r2, #40]
 908:Inc/STM32F3xx_HAL_Driver/Src/stm32f3xx_hal_tim_ex.c **** 
 2149              		.loc 1 908 7 is_stmt 1 view .LVU638
 908:Inc/STM32F3xx_HAL_Driver/Src/stm32f3xx_hal_tim_ex.c **** 
 2150              		.loc 1 908 17 is_stmt 0 view .LVU639
 2151 0050 626A     		ldr	r2, [r4, #36]
 908:Inc/STM32F3xx_HAL_Driver/Src/stm32f3xx_hal_tim_ex.c **** 
 2152              		.loc 1 908 56 view .LVU640
 2153 0052 6D49     		ldr	r1, .L189+4
 2154 0054 D162     		str	r1, [r2, #44]
 911:Inc/STM32F3xx_HAL_Driver/Src/stm32f3xx_hal_tim_ex.c **** 
 2155              		.loc 1 911 7 is_stmt 1 view .LVU641
 911:Inc/STM32F3xx_HAL_Driver/Src/stm32f3xx_hal_tim_ex.c **** 
 2156              		.loc 1 911 17 is_stmt 0 view .LVU642
 2157 0056 626A     		ldr	r2, [r4, #36]
 911:Inc/STM32F3xx_HAL_Driver/Src/stm32f3xx_hal_tim_ex.c **** 
 2158              		.loc 1 911 53 view .LVU643
 2159 0058 6C49     		ldr	r1, .L189+8
 2160 005a 1163     		str	r1, [r2, #48]
 914:Inc/STM32F3xx_HAL_Driver/Src/stm32f3xx_hal_tim_ex.c ****                            Length) != HAL_OK)
 2161              		.loc 1 914 7 is_stmt 1 view .LVU644
 914:Inc/STM32F3xx_HAL_Driver/Src/stm32f3xx_hal_tim_ex.c ****                            Length) != HAL_OK)
 2162              		.loc 1 914 88 is_stmt 0 view .LVU645
 2163 005c 2268     		ldr	r2, [r4]
 914:Inc/STM32F3xx_HAL_Driver/Src/stm32f3xx_hal_tim_ex.c ****                            Length) != HAL_OK)
 2164              		.loc 1 914 11 view .LVU646
 2165 005e 3432     		adds	r2, r2, #52
 2166 0060 3146     		mov	r1, r6
 2167 0062 606A     		ldr	r0, [r4, #36]
 2168 0064 FFF7FEFF 		bl	HAL_DMA_Start_IT
 2169              	.LVL136:
 914:Inc/STM32F3xx_HAL_Driver/Src/stm32f3xx_hal_tim_ex.c ****                            Length) != HAL_OK)
 2170              		.loc 1 914 10 discriminator 1 view .LVU647
 2171 0068 0028     		cmp	r0, #0
 2172 006a 40F0C080 		bne	.L177
 921:Inc/STM32F3xx_HAL_Driver/Src/stm32f3xx_hal_tim_ex.c ****       break;
 2173              		.loc 1 921 7 is_stmt 1 view .LVU648
 2174 006e 2268     		ldr	r2, [r4]
 2175 0070 D368     		ldr	r3, [r2, #12]
 2176 0072 43F40073 		orr	r3, r3, #512
ARM GAS  /tmp/ccfhaacA.s 			page 94


 2177 0076 D360     		str	r3, [r2, #12]
 922:Inc/STM32F3xx_HAL_Driver/Src/stm32f3xx_hal_tim_ex.c ****     }
 2178              		.loc 1 922 7 view .LVU649
 972:Inc/STM32F3xx_HAL_Driver/Src/stm32f3xx_hal_tim_ex.c ****   {
 2179              		.loc 1 972 3 view .LVU650
 2180              	.L169:
 975:Inc/STM32F3xx_HAL_Driver/Src/stm32f3xx_hal_tim_ex.c **** 
 2181              		.loc 1 975 5 view .LVU651
 2182 0078 0422     		movs	r2, #4
 2183 007a 2946     		mov	r1, r5
 2184 007c 2068     		ldr	r0, [r4]
 2185 007e FFF7FEFF 		bl	TIM_CCxNChannelCmd
 2186              	.LVL137:
 978:Inc/STM32F3xx_HAL_Driver/Src/stm32f3xx_hal_tim_ex.c **** 
 2187              		.loc 1 978 5 view .LVU652
 2188 0082 2268     		ldr	r2, [r4]
 2189 0084 536C     		ldr	r3, [r2, #68]
 2190 0086 43F40043 		orr	r3, r3, #32768
 2191 008a 5364     		str	r3, [r2, #68]
 981:Inc/STM32F3xx_HAL_Driver/Src/stm32f3xx_hal_tim_ex.c ****     {
 2192              		.loc 1 981 5 view .LVU653
 981:Inc/STM32F3xx_HAL_Driver/Src/stm32f3xx_hal_tim_ex.c ****     {
 2193              		.loc 1 981 9 is_stmt 0 view .LVU654
 2194 008c 2368     		ldr	r3, [r4]
 981:Inc/STM32F3xx_HAL_Driver/Src/stm32f3xx_hal_tim_ex.c ****     {
 2195              		.loc 1 981 8 view .LVU655
 2196 008e 604A     		ldr	r2, .L189+12
 2197 0090 9342     		cmp	r3, r2
 2198 0092 00F09680 		beq	.L170
 981:Inc/STM32F3xx_HAL_Driver/Src/stm32f3xx_hal_tim_ex.c ****     {
 2199              		.loc 1 981 9 discriminator 1 view .LVU656
 2200 0096 B3F1804F 		cmp	r3, #1073741824
 2201 009a 00F09280 		beq	.L170
 981:Inc/STM32F3xx_HAL_Driver/Src/stm32f3xx_hal_tim_ex.c ****     {
 2202              		.loc 1 981 9 discriminator 2 view .LVU657
 2203 009e A2F59432 		sub	r2, r2, #75776
 2204 00a2 9342     		cmp	r3, r2
 2205 00a4 00F08D80 		beq	.L170
 981:Inc/STM32F3xx_HAL_Driver/Src/stm32f3xx_hal_tim_ex.c ****     {
 2206              		.loc 1 981 9 discriminator 3 view .LVU658
 2207 00a8 02F58062 		add	r2, r2, #1024
 2208 00ac 9342     		cmp	r3, r2
 2209 00ae 00F08880 		beq	.L170
 981:Inc/STM32F3xx_HAL_Driver/Src/stm32f3xx_hal_tim_ex.c ****     {
 2210              		.loc 1 981 9 discriminator 4 view .LVU659
 2211 00b2 02F59632 		add	r2, r2, #76800
 2212 00b6 9342     		cmp	r3, r2
 2213 00b8 00F08380 		beq	.L170
 981:Inc/STM32F3xx_HAL_Driver/Src/stm32f3xx_hal_tim_ex.c ****     {
 2214              		.loc 1 981 9 discriminator 5 view .LVU660
 2215 00bc 02F54062 		add	r2, r2, #3072
 2216 00c0 9342     		cmp	r3, r2
 2217 00c2 7ED0     		beq	.L170
 981:Inc/STM32F3xx_HAL_Driver/Src/stm32f3xx_hal_tim_ex.c ****     {
 2218              		.loc 1 981 9 discriminator 6 view .LVU661
 2219 00c4 02F58052 		add	r2, r2, #4096
 2220 00c8 9342     		cmp	r3, r2
ARM GAS  /tmp/ccfhaacA.s 			page 95


 2221 00ca 7AD0     		beq	.L170
 991:Inc/STM32F3xx_HAL_Driver/Src/stm32f3xx_hal_tim_ex.c ****     }
 2222              		.loc 1 991 7 is_stmt 1 view .LVU662
 2223 00cc 1A68     		ldr	r2, [r3]
 2224 00ce 42F00102 		orr	r2, r2, #1
 2225 00d2 1A60     		str	r2, [r3]
 2226 00d4 0020     		movs	r0, #0
 2227 00d6 85E0     		b	.L158
 2228              	.LVL138:
 2229              	.L154:
 882:Inc/STM32F3xx_HAL_Driver/Src/stm32f3xx_hal_tim_ex.c ****   {
 2230              		.loc 1 882 46 is_stmt 0 discriminator 2 view .LVU663
 2231 00d8 0429     		cmp	r1, #4
 2232 00da 08D0     		beq	.L183
 882:Inc/STM32F3xx_HAL_Driver/Src/stm32f3xx_hal_tim_ex.c ****   {
 2233              		.loc 1 882 46 discriminator 5 view .LVU664
 2234 00dc 0829     		cmp	r1, #8
 2235 00de 0DD0     		beq	.L184
 882:Inc/STM32F3xx_HAL_Driver/Src/stm32f3xx_hal_tim_ex.c ****   {
 2236              		.loc 1 882 7 discriminator 8 view .LVU665
 2237 00e0 90F84700 		ldrb	r0, [r0, #71]	@ zero_extendqisi2
 2238              	.LVL139:
 882:Inc/STM32F3xx_HAL_Driver/Src/stm32f3xx_hal_tim_ex.c ****   {
 2239              		.loc 1 882 46 discriminator 8 view .LVU666
 2240 00e4 0228     		cmp	r0, #2
 2241 00e6 14BF     		ite	ne
 2242 00e8 0020     		movne	r0, #0
 2243 00ea 0120     		moveq	r0, #1
 2244 00ec 94E7     		b	.L155
 2245              	.LVL140:
 2246              	.L183:
 882:Inc/STM32F3xx_HAL_Driver/Src/stm32f3xx_hal_tim_ex.c ****   {
 2247              		.loc 1 882 7 discriminator 4 view .LVU667
 2248 00ee 90F84500 		ldrb	r0, [r0, #69]	@ zero_extendqisi2
 2249              	.LVL141:
 882:Inc/STM32F3xx_HAL_Driver/Src/stm32f3xx_hal_tim_ex.c ****   {
 2250              		.loc 1 882 46 discriminator 4 view .LVU668
 2251 00f2 0228     		cmp	r0, #2
 2252 00f4 14BF     		ite	ne
 2253 00f6 0020     		movne	r0, #0
 2254 00f8 0120     		moveq	r0, #1
 2255 00fa 8DE7     		b	.L155
 2256              	.LVL142:
 2257              	.L184:
 882:Inc/STM32F3xx_HAL_Driver/Src/stm32f3xx_hal_tim_ex.c ****   {
 2258              		.loc 1 882 7 discriminator 7 view .LVU669
 2259 00fc 90F84600 		ldrb	r0, [r0, #70]	@ zero_extendqisi2
 2260              	.LVL143:
 882:Inc/STM32F3xx_HAL_Driver/Src/stm32f3xx_hal_tim_ex.c ****   {
 2261              		.loc 1 882 46 discriminator 7 view .LVU670
 2262 0100 0228     		cmp	r0, #2
 2263 0102 14BF     		ite	ne
 2264 0104 0020     		movne	r0, #0
 2265 0106 0120     		moveq	r0, #1
 2266 0108 86E7     		b	.L155
 2267              	.L159:
 886:Inc/STM32F3xx_HAL_Driver/Src/stm32f3xx_hal_tim_ex.c ****   {
ARM GAS  /tmp/ccfhaacA.s 			page 96


 2268              		.loc 1 886 51 discriminator 2 view .LVU671
 2269 010a 042D     		cmp	r5, #4
 2270 010c 08D0     		beq	.L185
 886:Inc/STM32F3xx_HAL_Driver/Src/stm32f3xx_hal_tim_ex.c ****   {
 2271              		.loc 1 886 51 discriminator 5 view .LVU672
 2272 010e 082D     		cmp	r5, #8
 2273 0110 0DD0     		beq	.L186
 886:Inc/STM32F3xx_HAL_Driver/Src/stm32f3xx_hal_tim_ex.c ****   {
 2274              		.loc 1 886 12 discriminator 8 view .LVU673
 2275 0112 94F84720 		ldrb	r2, [r4, #71]	@ zero_extendqisi2
 2276              	.LVL144:
 886:Inc/STM32F3xx_HAL_Driver/Src/stm32f3xx_hal_tim_ex.c ****   {
 2277              		.loc 1 886 51 discriminator 8 view .LVU674
 2278 0116 012A     		cmp	r2, #1
 2279 0118 14BF     		ite	ne
 2280 011a 0022     		movne	r2, #0
 2281 011c 0122     		moveq	r2, #1
 2282 011e 86E7     		b	.L160
 2283              	.LVL145:
 2284              	.L185:
 886:Inc/STM32F3xx_HAL_Driver/Src/stm32f3xx_hal_tim_ex.c ****   {
 2285              		.loc 1 886 12 discriminator 4 view .LVU675
 2286 0120 94F84520 		ldrb	r2, [r4, #69]	@ zero_extendqisi2
 2287              	.LVL146:
 886:Inc/STM32F3xx_HAL_Driver/Src/stm32f3xx_hal_tim_ex.c ****   {
 2288              		.loc 1 886 51 discriminator 4 view .LVU676
 2289 0124 012A     		cmp	r2, #1
 2290 0126 14BF     		ite	ne
 2291 0128 0022     		movne	r2, #0
 2292 012a 0122     		moveq	r2, #1
 2293 012c 7FE7     		b	.L160
 2294              	.LVL147:
 2295              	.L186:
 886:Inc/STM32F3xx_HAL_Driver/Src/stm32f3xx_hal_tim_ex.c ****   {
 2296              		.loc 1 886 12 discriminator 7 view .LVU677
 2297 012e 94F84620 		ldrb	r2, [r4, #70]	@ zero_extendqisi2
 2298              	.LVL148:
 886:Inc/STM32F3xx_HAL_Driver/Src/stm32f3xx_hal_tim_ex.c ****   {
 2299              		.loc 1 886 51 discriminator 7 view .LVU678
 2300 0132 012A     		cmp	r2, #1
 2301 0134 14BF     		ite	ne
 2302 0136 0022     		movne	r2, #0
 2303 0138 0122     		moveq	r2, #1
 2304 013a 78E7     		b	.L160
 2305              	.L163:
 894:Inc/STM32F3xx_HAL_Driver/Src/stm32f3xx_hal_tim_ex.c ****     }
 2306              		.loc 1 894 7 discriminator 2 view .LVU679
 2307 013c 042D     		cmp	r5, #4
 2308 013e 0DD0     		beq	.L187
 894:Inc/STM32F3xx_HAL_Driver/Src/stm32f3xx_hal_tim_ex.c ****     }
 2309              		.loc 1 894 7 discriminator 4 view .LVU680
 2310 0140 082D     		cmp	r5, #8
 2311 0142 25D0     		beq	.L188
 894:Inc/STM32F3xx_HAL_Driver/Src/stm32f3xx_hal_tim_ex.c ****     }
 2312              		.loc 1 894 7 discriminator 7 view .LVU681
 2313 0144 0222     		movs	r2, #2
 2314 0146 84F84720 		strb	r2, [r4, #71]
ARM GAS  /tmp/ccfhaacA.s 			page 97


 902:Inc/STM32F3xx_HAL_Driver/Src/stm32f3xx_hal_tim_ex.c ****   {
 2315              		.loc 1 902 3 is_stmt 1 view .LVU682
 2316 014a 042D     		cmp	r5, #4
 2317 014c 09D0     		beq	.L166
 2318 014e 082D     		cmp	r5, #8
 2319 0150 21D0     		beq	.L168
 2320 0152 002D     		cmp	r5, #0
 2321 0154 3FF479AF 		beq	.L164
 2322 0158 0120     		movs	r0, #1
 2323 015a 43E0     		b	.L158
 2324              	.L187:
 894:Inc/STM32F3xx_HAL_Driver/Src/stm32f3xx_hal_tim_ex.c ****     }
 2325              		.loc 1 894 7 is_stmt 0 discriminator 3 view .LVU683
 2326 015c 0222     		movs	r2, #2
 2327 015e 84F84520 		strb	r2, [r4, #69]
 902:Inc/STM32F3xx_HAL_Driver/Src/stm32f3xx_hal_tim_ex.c ****   {
 2328              		.loc 1 902 3 is_stmt 1 view .LVU684
 2329              	.L166:
 928:Inc/STM32F3xx_HAL_Driver/Src/stm32f3xx_hal_tim_ex.c ****       htim->hdma[TIM_DMA_ID_CC2]->XferHalfCpltCallback = TIM_DMADelayPulseHalfCplt;
 2330              		.loc 1 928 7 view .LVU685
 928:Inc/STM32F3xx_HAL_Driver/Src/stm32f3xx_hal_tim_ex.c ****       htim->hdma[TIM_DMA_ID_CC2]->XferHalfCpltCallback = TIM_DMADelayPulseHalfCplt;
 2331              		.loc 1 928 17 is_stmt 0 view .LVU686
 2332 0162 A26A     		ldr	r2, [r4, #40]
 928:Inc/STM32F3xx_HAL_Driver/Src/stm32f3xx_hal_tim_ex.c ****       htim->hdma[TIM_DMA_ID_CC2]->XferHalfCpltCallback = TIM_DMADelayPulseHalfCplt;
 2333              		.loc 1 928 52 view .LVU687
 2334 0164 2749     		ldr	r1, .L189
 2335              	.LVL149:
 928:Inc/STM32F3xx_HAL_Driver/Src/stm32f3xx_hal_tim_ex.c ****       htim->hdma[TIM_DMA_ID_CC2]->XferHalfCpltCallback = TIM_DMADelayPulseHalfCplt;
 2336              		.loc 1 928 52 view .LVU688
 2337 0166 9162     		str	r1, [r2, #40]
 929:Inc/STM32F3xx_HAL_Driver/Src/stm32f3xx_hal_tim_ex.c **** 
 2338              		.loc 1 929 7 is_stmt 1 view .LVU689
 929:Inc/STM32F3xx_HAL_Driver/Src/stm32f3xx_hal_tim_ex.c **** 
 2339              		.loc 1 929 17 is_stmt 0 view .LVU690
 2340 0168 A26A     		ldr	r2, [r4, #40]
 929:Inc/STM32F3xx_HAL_Driver/Src/stm32f3xx_hal_tim_ex.c **** 
 2341              		.loc 1 929 56 view .LVU691
 2342 016a 2749     		ldr	r1, .L189+4
 2343 016c D162     		str	r1, [r2, #44]
 932:Inc/STM32F3xx_HAL_Driver/Src/stm32f3xx_hal_tim_ex.c **** 
 2344              		.loc 1 932 7 is_stmt 1 view .LVU692
 932:Inc/STM32F3xx_HAL_Driver/Src/stm32f3xx_hal_tim_ex.c **** 
 2345              		.loc 1 932 17 is_stmt 0 view .LVU693
 2346 016e A26A     		ldr	r2, [r4, #40]
 932:Inc/STM32F3xx_HAL_Driver/Src/stm32f3xx_hal_tim_ex.c **** 
 2347              		.loc 1 932 53 view .LVU694
 2348 0170 2649     		ldr	r1, .L189+8
 2349 0172 1163     		str	r1, [r2, #48]
 935:Inc/STM32F3xx_HAL_Driver/Src/stm32f3xx_hal_tim_ex.c ****                            Length) != HAL_OK)
 2350              		.loc 1 935 7 is_stmt 1 view .LVU695
 935:Inc/STM32F3xx_HAL_Driver/Src/stm32f3xx_hal_tim_ex.c ****                            Length) != HAL_OK)
 2351              		.loc 1 935 88 is_stmt 0 view .LVU696
 2352 0174 2268     		ldr	r2, [r4]
 935:Inc/STM32F3xx_HAL_Driver/Src/stm32f3xx_hal_tim_ex.c ****                            Length) != HAL_OK)
 2353              		.loc 1 935 11 view .LVU697
 2354 0176 3832     		adds	r2, r2, #56
 2355 0178 3146     		mov	r1, r6
ARM GAS  /tmp/ccfhaacA.s 			page 98


 2356 017a A06A     		ldr	r0, [r4, #40]
 2357 017c FFF7FEFF 		bl	HAL_DMA_Start_IT
 2358              	.LVL150:
 935:Inc/STM32F3xx_HAL_Driver/Src/stm32f3xx_hal_tim_ex.c ****                            Length) != HAL_OK)
 2359              		.loc 1 935 10 discriminator 1 view .LVU698
 2360 0180 0028     		cmp	r0, #0
 2361 0182 36D1     		bne	.L178
 942:Inc/STM32F3xx_HAL_Driver/Src/stm32f3xx_hal_tim_ex.c ****       break;
 2362              		.loc 1 942 7 is_stmt 1 view .LVU699
 2363 0184 2268     		ldr	r2, [r4]
 2364 0186 D368     		ldr	r3, [r2, #12]
 2365 0188 43F48063 		orr	r3, r3, #1024
 2366 018c D360     		str	r3, [r2, #12]
 943:Inc/STM32F3xx_HAL_Driver/Src/stm32f3xx_hal_tim_ex.c ****     }
 2367              		.loc 1 943 7 view .LVU700
 972:Inc/STM32F3xx_HAL_Driver/Src/stm32f3xx_hal_tim_ex.c ****   {
 2368              		.loc 1 972 3 view .LVU701
 2369 018e 73E7     		b	.L169
 2370              	.LVL151:
 2371              	.L188:
 894:Inc/STM32F3xx_HAL_Driver/Src/stm32f3xx_hal_tim_ex.c ****     }
 2372              		.loc 1 894 7 is_stmt 0 discriminator 6 view .LVU702
 2373 0190 0222     		movs	r2, #2
 2374 0192 84F84620 		strb	r2, [r4, #70]
 902:Inc/STM32F3xx_HAL_Driver/Src/stm32f3xx_hal_tim_ex.c ****   {
 2375              		.loc 1 902 3 is_stmt 1 view .LVU703
 2376              	.L168:
 949:Inc/STM32F3xx_HAL_Driver/Src/stm32f3xx_hal_tim_ex.c ****       htim->hdma[TIM_DMA_ID_CC3]->XferHalfCpltCallback = TIM_DMADelayPulseHalfCplt;
 2377              		.loc 1 949 7 view .LVU704
 949:Inc/STM32F3xx_HAL_Driver/Src/stm32f3xx_hal_tim_ex.c ****       htim->hdma[TIM_DMA_ID_CC3]->XferHalfCpltCallback = TIM_DMADelayPulseHalfCplt;
 2378              		.loc 1 949 17 is_stmt 0 view .LVU705
 2379 0196 E26A     		ldr	r2, [r4, #44]
 949:Inc/STM32F3xx_HAL_Driver/Src/stm32f3xx_hal_tim_ex.c ****       htim->hdma[TIM_DMA_ID_CC3]->XferHalfCpltCallback = TIM_DMADelayPulseHalfCplt;
 2380              		.loc 1 949 52 view .LVU706
 2381 0198 1A49     		ldr	r1, .L189
 2382              	.LVL152:
 949:Inc/STM32F3xx_HAL_Driver/Src/stm32f3xx_hal_tim_ex.c ****       htim->hdma[TIM_DMA_ID_CC3]->XferHalfCpltCallback = TIM_DMADelayPulseHalfCplt;
 2383              		.loc 1 949 52 view .LVU707
 2384 019a 9162     		str	r1, [r2, #40]
 950:Inc/STM32F3xx_HAL_Driver/Src/stm32f3xx_hal_tim_ex.c **** 
 2385              		.loc 1 950 7 is_stmt 1 view .LVU708
 950:Inc/STM32F3xx_HAL_Driver/Src/stm32f3xx_hal_tim_ex.c **** 
 2386              		.loc 1 950 17 is_stmt 0 view .LVU709
 2387 019c E26A     		ldr	r2, [r4, #44]
 950:Inc/STM32F3xx_HAL_Driver/Src/stm32f3xx_hal_tim_ex.c **** 
 2388              		.loc 1 950 56 view .LVU710
 2389 019e 1A49     		ldr	r1, .L189+4
 2390 01a0 D162     		str	r1, [r2, #44]
 953:Inc/STM32F3xx_HAL_Driver/Src/stm32f3xx_hal_tim_ex.c **** 
 2391              		.loc 1 953 7 is_stmt 1 view .LVU711
 953:Inc/STM32F3xx_HAL_Driver/Src/stm32f3xx_hal_tim_ex.c **** 
 2392              		.loc 1 953 17 is_stmt 0 view .LVU712
 2393 01a2 E26A     		ldr	r2, [r4, #44]
 953:Inc/STM32F3xx_HAL_Driver/Src/stm32f3xx_hal_tim_ex.c **** 
 2394              		.loc 1 953 53 view .LVU713
 2395 01a4 1949     		ldr	r1, .L189+8
 2396 01a6 1163     		str	r1, [r2, #48]
ARM GAS  /tmp/ccfhaacA.s 			page 99


 956:Inc/STM32F3xx_HAL_Driver/Src/stm32f3xx_hal_tim_ex.c ****                            Length) != HAL_OK)
 2397              		.loc 1 956 7 is_stmt 1 view .LVU714
 956:Inc/STM32F3xx_HAL_Driver/Src/stm32f3xx_hal_tim_ex.c ****                            Length) != HAL_OK)
 2398              		.loc 1 956 88 is_stmt 0 view .LVU715
 2399 01a8 2268     		ldr	r2, [r4]
 956:Inc/STM32F3xx_HAL_Driver/Src/stm32f3xx_hal_tim_ex.c ****                            Length) != HAL_OK)
 2400              		.loc 1 956 11 view .LVU716
 2401 01aa 3C32     		adds	r2, r2, #60
 2402 01ac 3146     		mov	r1, r6
 2403 01ae E06A     		ldr	r0, [r4, #44]
 2404 01b0 FFF7FEFF 		bl	HAL_DMA_Start_IT
 2405              	.LVL153:
 956:Inc/STM32F3xx_HAL_Driver/Src/stm32f3xx_hal_tim_ex.c ****                            Length) != HAL_OK)
 2406              		.loc 1 956 10 discriminator 1 view .LVU717
 2407 01b4 F8B9     		cbnz	r0, .L179
 963:Inc/STM32F3xx_HAL_Driver/Src/stm32f3xx_hal_tim_ex.c ****       break;
 2408              		.loc 1 963 7 is_stmt 1 view .LVU718
 2409 01b6 2268     		ldr	r2, [r4]
 2410 01b8 D368     		ldr	r3, [r2, #12]
 2411 01ba 43F40063 		orr	r3, r3, #2048
 2412 01be D360     		str	r3, [r2, #12]
 964:Inc/STM32F3xx_HAL_Driver/Src/stm32f3xx_hal_tim_ex.c ****     }
 2413              		.loc 1 964 7 view .LVU719
 972:Inc/STM32F3xx_HAL_Driver/Src/stm32f3xx_hal_tim_ex.c ****   {
 2414              		.loc 1 972 3 view .LVU720
 2415 01c0 5AE7     		b	.L169
 2416              	.L170:
 983:Inc/STM32F3xx_HAL_Driver/Src/stm32f3xx_hal_tim_ex.c ****       if (!IS_TIM_SLAVEMODE_TRIGGER_ENABLED(tmpsmcr))
 2417              		.loc 1 983 7 view .LVU721
 983:Inc/STM32F3xx_HAL_Driver/Src/stm32f3xx_hal_tim_ex.c ****       if (!IS_TIM_SLAVEMODE_TRIGGER_ENABLED(tmpsmcr))
 2418              		.loc 1 983 31 is_stmt 0 view .LVU722
 2419 01c2 9968     		ldr	r1, [r3, #8]
 983:Inc/STM32F3xx_HAL_Driver/Src/stm32f3xx_hal_tim_ex.c ****       if (!IS_TIM_SLAVEMODE_TRIGGER_ENABLED(tmpsmcr))
 2420              		.loc 1 983 15 view .LVU723
 2421 01c4 134A     		ldr	r2, .L189+16
 2422 01c6 0A40     		ands	r2, r2, r1
 2423              	.LVL154:
 984:Inc/STM32F3xx_HAL_Driver/Src/stm32f3xx_hal_tim_ex.c ****       {
 2424              		.loc 1 984 7 is_stmt 1 view .LVU724
 984:Inc/STM32F3xx_HAL_Driver/Src/stm32f3xx_hal_tim_ex.c ****       {
 2425              		.loc 1 984 10 is_stmt 0 view .LVU725
 2426 01c8 062A     		cmp	r2, #6
 2427 01ca 16D0     		beq	.L180
 984:Inc/STM32F3xx_HAL_Driver/Src/stm32f3xx_hal_tim_ex.c ****       {
 2428              		.loc 1 984 11 discriminator 1 view .LVU726
 2429 01cc B2F5803F 		cmp	r2, #65536
 2430 01d0 15D0     		beq	.L181
 986:Inc/STM32F3xx_HAL_Driver/Src/stm32f3xx_hal_tim_ex.c ****       }
 2431              		.loc 1 986 9 is_stmt 1 view .LVU727
 2432 01d2 1A68     		ldr	r2, [r3]
 2433              	.LVL155:
 986:Inc/STM32F3xx_HAL_Driver/Src/stm32f3xx_hal_tim_ex.c ****       }
 2434              		.loc 1 986 9 is_stmt 0 view .LVU728
 2435 01d4 42F00102 		orr	r2, r2, #1
 2436 01d8 1A60     		str	r2, [r3]
 2437 01da 0020     		movs	r0, #0
 2438 01dc 02E0     		b	.L158
ARM GAS  /tmp/ccfhaacA.s 			page 100


 2439              	.LVL156:
 2440              	.L172:
 884:Inc/STM32F3xx_HAL_Driver/Src/stm32f3xx_hal_tim_ex.c ****   }
 2441              		.loc 1 884 12 view .LVU729
 2442 01de 0220     		movs	r0, #2
 2443 01e0 00E0     		b	.L158
 2444              	.LVL157:
 2445              	.L173:
 899:Inc/STM32F3xx_HAL_Driver/Src/stm32f3xx_hal_tim_ex.c ****   }
 2446              		.loc 1 899 12 view .LVU730
 2447 01e2 0120     		movs	r0, #1
 2448              	.LVL158:
 2449              	.L158:
 997:Inc/STM32F3xx_HAL_Driver/Src/stm32f3xx_hal_tim_ex.c **** 
 2450              		.loc 1 997 1 view .LVU731
 2451 01e4 70BD     		pop	{r4, r5, r6, pc}
 2452              	.LVL159:
 2453              	.L174:
 890:Inc/STM32F3xx_HAL_Driver/Src/stm32f3xx_hal_tim_ex.c ****     }
 2454              		.loc 1 890 14 view .LVU732
 2455 01e6 0120     		movs	r0, #1
 2456 01e8 FCE7     		b	.L158
 2457              	.L175:
 2458 01ea 0120     		movs	r0, #1
 2459 01ec FAE7     		b	.L158
 2460              	.LVL160:
 2461              	.L177:
 918:Inc/STM32F3xx_HAL_Driver/Src/stm32f3xx_hal_tim_ex.c ****       }
 2462              		.loc 1 918 16 view .LVU733
 2463 01ee 0120     		movs	r0, #1
 2464 01f0 F8E7     		b	.L158
 2465              	.L178:
 939:Inc/STM32F3xx_HAL_Driver/Src/stm32f3xx_hal_tim_ex.c ****       }
 2466              		.loc 1 939 16 view .LVU734
 2467 01f2 0120     		movs	r0, #1
 2468 01f4 F6E7     		b	.L158
 2469              	.L179:
 960:Inc/STM32F3xx_HAL_Driver/Src/stm32f3xx_hal_tim_ex.c ****       }
 2470              		.loc 1 960 16 view .LVU735
 2471 01f6 0120     		movs	r0, #1
 2472 01f8 F4E7     		b	.L158
 2473              	.LVL161:
 2474              	.L180:
 960:Inc/STM32F3xx_HAL_Driver/Src/stm32f3xx_hal_tim_ex.c ****       }
 2475              		.loc 1 960 16 view .LVU736
 2476 01fa 0020     		movs	r0, #0
 2477 01fc F2E7     		b	.L158
 2478              	.L181:
 2479 01fe 0020     		movs	r0, #0
 2480 0200 F0E7     		b	.L158
 2481              	.L190:
 2482 0202 00BF     		.align	2
 2483              	.L189:
 2484 0204 00000000 		.word	TIM_DMADelayPulseNCplt
 2485 0208 00000000 		.word	TIM_DMADelayPulseHalfCplt
 2486 020c 00000000 		.word	TIM_DMAErrorCCxN
 2487 0210 002C0140 		.word	1073818624
ARM GAS  /tmp/ccfhaacA.s 			page 101


 2488 0214 07000100 		.word	65543
 2489              		.cfi_endproc
 2490              	.LFE144:
 2492              		.section	.text.HAL_TIMEx_OCN_Stop_DMA,"ax",%progbits
 2493              		.align	1
 2494              		.global	HAL_TIMEx_OCN_Stop_DMA
 2495              		.syntax unified
 2496              		.thumb
 2497              		.thumb_func
 2499              	HAL_TIMEx_OCN_Stop_DMA:
 2500              	.LVL162:
 2501              	.LFB145:
1011:Inc/STM32F3xx_HAL_Driver/Src/stm32f3xx_hal_tim_ex.c ****   HAL_StatusTypeDef status = HAL_OK;
 2502              		.loc 1 1011 1 is_stmt 1 view -0
 2503              		.cfi_startproc
 2504              		@ args = 0, pretend = 0, frame = 0
 2505              		@ frame_needed = 0, uses_anonymous_args = 0
1011:Inc/STM32F3xx_HAL_Driver/Src/stm32f3xx_hal_tim_ex.c ****   HAL_StatusTypeDef status = HAL_OK;
 2506              		.loc 1 1011 1 is_stmt 0 view .LVU738
 2507 0000 38B5     		push	{r3, r4, r5, lr}
 2508              		.cfi_def_cfa_offset 16
 2509              		.cfi_offset 3, -16
 2510              		.cfi_offset 4, -12
 2511              		.cfi_offset 5, -8
 2512              		.cfi_offset 14, -4
 2513 0002 0446     		mov	r4, r0
 2514 0004 0D46     		mov	r5, r1
1012:Inc/STM32F3xx_HAL_Driver/Src/stm32f3xx_hal_tim_ex.c **** 
 2515              		.loc 1 1012 3 is_stmt 1 view .LVU739
 2516              	.LVL163:
1015:Inc/STM32F3xx_HAL_Driver/Src/stm32f3xx_hal_tim_ex.c **** 
 2517              		.loc 1 1015 3 view .LVU740
1017:Inc/STM32F3xx_HAL_Driver/Src/stm32f3xx_hal_tim_ex.c ****   {
 2518              		.loc 1 1017 3 view .LVU741
 2519 0006 0429     		cmp	r1, #4
 2520 0008 34D0     		beq	.L192
 2521 000a 0829     		cmp	r1, #8
 2522 000c 3BD0     		beq	.L193
 2523 000e 0029     		cmp	r1, #0
 2524 0010 55D1     		bne	.L201
1022:Inc/STM32F3xx_HAL_Driver/Src/stm32f3xx_hal_tim_ex.c ****       (void)HAL_DMA_Abort_IT(htim->hdma[TIM_DMA_ID_CC1]);
 2525              		.loc 1 1022 7 view .LVU742
 2526 0012 0268     		ldr	r2, [r0]
 2527 0014 D368     		ldr	r3, [r2, #12]
 2528 0016 23F40073 		bic	r3, r3, #512
 2529 001a D360     		str	r3, [r2, #12]
1023:Inc/STM32F3xx_HAL_Driver/Src/stm32f3xx_hal_tim_ex.c ****       break;
 2530              		.loc 1 1023 7 view .LVU743
1023:Inc/STM32F3xx_HAL_Driver/Src/stm32f3xx_hal_tim_ex.c ****       break;
 2531              		.loc 1 1023 13 is_stmt 0 view .LVU744
 2532 001c 406A     		ldr	r0, [r0, #36]
 2533              	.LVL164:
1023:Inc/STM32F3xx_HAL_Driver/Src/stm32f3xx_hal_tim_ex.c ****       break;
 2534              		.loc 1 1023 13 view .LVU745
 2535 001e FFF7FEFF 		bl	HAL_DMA_Abort_IT
 2536              	.LVL165:
1024:Inc/STM32F3xx_HAL_Driver/Src/stm32f3xx_hal_tim_ex.c ****     }
ARM GAS  /tmp/ccfhaacA.s 			page 102


 2537              		.loc 1 1024 7 is_stmt 1 view .LVU746
1048:Inc/STM32F3xx_HAL_Driver/Src/stm32f3xx_hal_tim_ex.c ****   {
 2538              		.loc 1 1048 3 view .LVU747
 2539              	.L195:
1051:Inc/STM32F3xx_HAL_Driver/Src/stm32f3xx_hal_tim_ex.c **** 
 2540              		.loc 1 1051 5 view .LVU748
 2541 0022 0022     		movs	r2, #0
 2542 0024 2946     		mov	r1, r5
 2543 0026 2068     		ldr	r0, [r4]
 2544 0028 FFF7FEFF 		bl	TIM_CCxNChannelCmd
 2545              	.LVL166:
1054:Inc/STM32F3xx_HAL_Driver/Src/stm32f3xx_hal_tim_ex.c **** 
 2546              		.loc 1 1054 5 view .LVU749
1054:Inc/STM32F3xx_HAL_Driver/Src/stm32f3xx_hal_tim_ex.c **** 
 2547              		.loc 1 1054 5 view .LVU750
 2548 002c 2368     		ldr	r3, [r4]
 2549 002e 196A     		ldr	r1, [r3, #32]
 2550 0030 41F21112 		movw	r2, #4369
 2551 0034 1142     		tst	r1, r2
 2552 0036 08D1     		bne	.L196
1054:Inc/STM32F3xx_HAL_Driver/Src/stm32f3xx_hal_tim_ex.c **** 
 2553              		.loc 1 1054 5 discriminator 1 view .LVU751
 2554 0038 196A     		ldr	r1, [r3, #32]
 2555 003a 40F24442 		movw	r2, #1092
 2556 003e 1142     		tst	r1, r2
 2557 0040 03D1     		bne	.L196
1054:Inc/STM32F3xx_HAL_Driver/Src/stm32f3xx_hal_tim_ex.c **** 
 2558              		.loc 1 1054 5 discriminator 3 view .LVU752
 2559 0042 5A6C     		ldr	r2, [r3, #68]
 2560 0044 22F40042 		bic	r2, r2, #32768
 2561 0048 5A64     		str	r2, [r3, #68]
 2562              	.L196:
1054:Inc/STM32F3xx_HAL_Driver/Src/stm32f3xx_hal_tim_ex.c **** 
 2563              		.loc 1 1054 5 discriminator 5 view .LVU753
1057:Inc/STM32F3xx_HAL_Driver/Src/stm32f3xx_hal_tim_ex.c **** 
 2564              		.loc 1 1057 5 view .LVU754
1057:Inc/STM32F3xx_HAL_Driver/Src/stm32f3xx_hal_tim_ex.c **** 
 2565              		.loc 1 1057 5 view .LVU755
 2566 004a 2368     		ldr	r3, [r4]
 2567 004c 196A     		ldr	r1, [r3, #32]
 2568 004e 41F21112 		movw	r2, #4369
 2569 0052 1142     		tst	r1, r2
 2570 0054 08D1     		bne	.L197
1057:Inc/STM32F3xx_HAL_Driver/Src/stm32f3xx_hal_tim_ex.c **** 
 2571              		.loc 1 1057 5 discriminator 1 view .LVU756
 2572 0056 196A     		ldr	r1, [r3, #32]
 2573 0058 40F24442 		movw	r2, #1092
 2574 005c 1142     		tst	r1, r2
 2575 005e 03D1     		bne	.L197
1057:Inc/STM32F3xx_HAL_Driver/Src/stm32f3xx_hal_tim_ex.c **** 
 2576              		.loc 1 1057 5 discriminator 3 view .LVU757
 2577 0060 1A68     		ldr	r2, [r3]
 2578 0062 22F00102 		bic	r2, r2, #1
 2579 0066 1A60     		str	r2, [r3]
 2580              	.L197:
1057:Inc/STM32F3xx_HAL_Driver/Src/stm32f3xx_hal_tim_ex.c **** 
 2581              		.loc 1 1057 5 discriminator 5 view .LVU758
ARM GAS  /tmp/ccfhaacA.s 			page 103


1060:Inc/STM32F3xx_HAL_Driver/Src/stm32f3xx_hal_tim_ex.c ****   }
 2582              		.loc 1 1060 5 view .LVU759
 2583 0068 B5B9     		cbnz	r5, .L198
1060:Inc/STM32F3xx_HAL_Driver/Src/stm32f3xx_hal_tim_ex.c ****   }
 2584              		.loc 1 1060 5 is_stmt 0 discriminator 1 view .LVU760
 2585 006a 0123     		movs	r3, #1
 2586 006c 84F84430 		strb	r3, [r4, #68]
 2587 0070 0020     		movs	r0, #0
 2588              	.L194:
 2589              	.LVL167:
1064:Inc/STM32F3xx_HAL_Driver/Src/stm32f3xx_hal_tim_ex.c **** }
 2590              		.loc 1 1064 3 is_stmt 1 view .LVU761
1065:Inc/STM32F3xx_HAL_Driver/Src/stm32f3xx_hal_tim_ex.c **** 
 2591              		.loc 1 1065 1 is_stmt 0 view .LVU762
 2592 0072 38BD     		pop	{r3, r4, r5, pc}
 2593              	.LVL168:
 2594              	.L192:
1030:Inc/STM32F3xx_HAL_Driver/Src/stm32f3xx_hal_tim_ex.c ****       (void)HAL_DMA_Abort_IT(htim->hdma[TIM_DMA_ID_CC2]);
 2595              		.loc 1 1030 7 is_stmt 1 view .LVU763
 2596 0074 0268     		ldr	r2, [r0]
 2597 0076 D368     		ldr	r3, [r2, #12]
 2598 0078 23F48063 		bic	r3, r3, #1024
 2599 007c D360     		str	r3, [r2, #12]
1031:Inc/STM32F3xx_HAL_Driver/Src/stm32f3xx_hal_tim_ex.c ****       break;
 2600              		.loc 1 1031 7 view .LVU764
1031:Inc/STM32F3xx_HAL_Driver/Src/stm32f3xx_hal_tim_ex.c ****       break;
 2601              		.loc 1 1031 13 is_stmt 0 view .LVU765
 2602 007e 806A     		ldr	r0, [r0, #40]
 2603              	.LVL169:
1031:Inc/STM32F3xx_HAL_Driver/Src/stm32f3xx_hal_tim_ex.c ****       break;
 2604              		.loc 1 1031 13 view .LVU766
 2605 0080 FFF7FEFF 		bl	HAL_DMA_Abort_IT
 2606              	.LVL170:
1032:Inc/STM32F3xx_HAL_Driver/Src/stm32f3xx_hal_tim_ex.c ****     }
 2607              		.loc 1 1032 7 is_stmt 1 view .LVU767
1048:Inc/STM32F3xx_HAL_Driver/Src/stm32f3xx_hal_tim_ex.c ****   {
 2608              		.loc 1 1048 3 view .LVU768
 2609 0084 CDE7     		b	.L195
 2610              	.LVL171:
 2611              	.L193:
1038:Inc/STM32F3xx_HAL_Driver/Src/stm32f3xx_hal_tim_ex.c ****       (void)HAL_DMA_Abort_IT(htim->hdma[TIM_DMA_ID_CC3]);
 2612              		.loc 1 1038 7 view .LVU769
 2613 0086 0268     		ldr	r2, [r0]
 2614 0088 D368     		ldr	r3, [r2, #12]
 2615 008a 23F40063 		bic	r3, r3, #2048
 2616 008e D360     		str	r3, [r2, #12]
1039:Inc/STM32F3xx_HAL_Driver/Src/stm32f3xx_hal_tim_ex.c ****       break;
 2617              		.loc 1 1039 7 view .LVU770
1039:Inc/STM32F3xx_HAL_Driver/Src/stm32f3xx_hal_tim_ex.c ****       break;
 2618              		.loc 1 1039 13 is_stmt 0 view .LVU771
 2619 0090 C06A     		ldr	r0, [r0, #44]
 2620              	.LVL172:
1039:Inc/STM32F3xx_HAL_Driver/Src/stm32f3xx_hal_tim_ex.c ****       break;
 2621              		.loc 1 1039 13 view .LVU772
 2622 0092 FFF7FEFF 		bl	HAL_DMA_Abort_IT
 2623              	.LVL173:
1040:Inc/STM32F3xx_HAL_Driver/Src/stm32f3xx_hal_tim_ex.c ****     }
ARM GAS  /tmp/ccfhaacA.s 			page 104


 2624              		.loc 1 1040 7 is_stmt 1 view .LVU773
1048:Inc/STM32F3xx_HAL_Driver/Src/stm32f3xx_hal_tim_ex.c ****   {
 2625              		.loc 1 1048 3 view .LVU774
 2626 0096 C4E7     		b	.L195
 2627              	.L198:
1060:Inc/STM32F3xx_HAL_Driver/Src/stm32f3xx_hal_tim_ex.c ****   }
 2628              		.loc 1 1060 5 is_stmt 0 discriminator 2 view .LVU775
 2629 0098 042D     		cmp	r5, #4
 2630 009a 06D0     		beq	.L203
1060:Inc/STM32F3xx_HAL_Driver/Src/stm32f3xx_hal_tim_ex.c ****   }
 2631              		.loc 1 1060 5 discriminator 4 view .LVU776
 2632 009c 082D     		cmp	r5, #8
 2633 009e 09D0     		beq	.L204
1060:Inc/STM32F3xx_HAL_Driver/Src/stm32f3xx_hal_tim_ex.c ****   }
 2634              		.loc 1 1060 5 discriminator 7 view .LVU777
 2635 00a0 0123     		movs	r3, #1
 2636 00a2 84F84730 		strb	r3, [r4, #71]
 2637 00a6 0020     		movs	r0, #0
 2638 00a8 E3E7     		b	.L194
 2639              	.L203:
1060:Inc/STM32F3xx_HAL_Driver/Src/stm32f3xx_hal_tim_ex.c ****   }
 2640              		.loc 1 1060 5 discriminator 3 view .LVU778
 2641 00aa 0123     		movs	r3, #1
 2642 00ac 84F84530 		strb	r3, [r4, #69]
 2643 00b0 0020     		movs	r0, #0
 2644 00b2 DEE7     		b	.L194
 2645              	.L204:
1060:Inc/STM32F3xx_HAL_Driver/Src/stm32f3xx_hal_tim_ex.c ****   }
 2646              		.loc 1 1060 5 discriminator 6 view .LVU779
 2647 00b4 0123     		movs	r3, #1
 2648 00b6 84F84630 		strb	r3, [r4, #70]
 2649 00ba 0020     		movs	r0, #0
 2650 00bc D9E7     		b	.L194
 2651              	.LVL174:
 2652              	.L201:
1017:Inc/STM32F3xx_HAL_Driver/Src/stm32f3xx_hal_tim_ex.c ****   {
 2653              		.loc 1 1017 3 view .LVU780
 2654 00be 0120     		movs	r0, #1
 2655              	.LVL175:
1017:Inc/STM32F3xx_HAL_Driver/Src/stm32f3xx_hal_tim_ex.c ****   {
 2656              		.loc 1 1017 3 view .LVU781
 2657 00c0 D7E7     		b	.L194
 2658              		.cfi_endproc
 2659              	.LFE145:
 2661              		.section	.text.HAL_TIMEx_PWMN_Start,"ax",%progbits
 2662              		.align	1
 2663              		.global	HAL_TIMEx_PWMN_Start
 2664              		.syntax unified
 2665              		.thumb
 2666              		.thumb_func
 2668              	HAL_TIMEx_PWMN_Start:
 2669              	.LVL176:
 2670              	.LFB146:
1101:Inc/STM32F3xx_HAL_Driver/Src/stm32f3xx_hal_tim_ex.c ****   uint32_t tmpsmcr;
 2671              		.loc 1 1101 1 is_stmt 1 view -0
 2672              		.cfi_startproc
 2673              		@ args = 0, pretend = 0, frame = 0
ARM GAS  /tmp/ccfhaacA.s 			page 105


 2674              		@ frame_needed = 0, uses_anonymous_args = 0
1101:Inc/STM32F3xx_HAL_Driver/Src/stm32f3xx_hal_tim_ex.c ****   uint32_t tmpsmcr;
 2675              		.loc 1 1101 1 is_stmt 0 view .LVU783
 2676 0000 10B5     		push	{r4, lr}
 2677              		.cfi_def_cfa_offset 8
 2678              		.cfi_offset 4, -8
 2679              		.cfi_offset 14, -4
 2680 0002 0446     		mov	r4, r0
1102:Inc/STM32F3xx_HAL_Driver/Src/stm32f3xx_hal_tim_ex.c **** 
 2681              		.loc 1 1102 3 is_stmt 1 view .LVU784
1105:Inc/STM32F3xx_HAL_Driver/Src/stm32f3xx_hal_tim_ex.c **** 
 2682              		.loc 1 1105 3 view .LVU785
1108:Inc/STM32F3xx_HAL_Driver/Src/stm32f3xx_hal_tim_ex.c ****   {
 2683              		.loc 1 1108 3 view .LVU786
1108:Inc/STM32F3xx_HAL_Driver/Src/stm32f3xx_hal_tim_ex.c ****   {
 2684              		.loc 1 1108 46 is_stmt 0 view .LVU787
 2685 0004 0846     		mov	r0, r1
 2686              	.LVL177:
1108:Inc/STM32F3xx_HAL_Driver/Src/stm32f3xx_hal_tim_ex.c ****   {
 2687              		.loc 1 1108 46 view .LVU788
 2688 0006 0029     		cmp	r1, #0
 2689 0008 36D1     		bne	.L206
1108:Inc/STM32F3xx_HAL_Driver/Src/stm32f3xx_hal_tim_ex.c ****   {
 2690              		.loc 1 1108 7 discriminator 1 view .LVU789
 2691 000a 94F84430 		ldrb	r3, [r4, #68]	@ zero_extendqisi2
1108:Inc/STM32F3xx_HAL_Driver/Src/stm32f3xx_hal_tim_ex.c ****   {
 2692              		.loc 1 1108 46 discriminator 1 view .LVU790
 2693 000e 013B     		subs	r3, r3, #1
 2694 0010 18BF     		it	ne
 2695 0012 0123     		movne	r3, #1
 2696              	.L207:
1108:Inc/STM32F3xx_HAL_Driver/Src/stm32f3xx_hal_tim_ex.c ****   {
 2697              		.loc 1 1108 6 discriminator 12 view .LVU791
 2698 0014 002B     		cmp	r3, #0
 2699 0016 63D1     		bne	.L217
1114:Inc/STM32F3xx_HAL_Driver/Src/stm32f3xx_hal_tim_ex.c **** 
 2700              		.loc 1 1114 3 is_stmt 1 view .LVU792
 2701 0018 0028     		cmp	r0, #0
 2702 001a 43D1     		bne	.L211
1114:Inc/STM32F3xx_HAL_Driver/Src/stm32f3xx_hal_tim_ex.c **** 
 2703              		.loc 1 1114 3 is_stmt 0 discriminator 1 view .LVU793
 2704 001c 0223     		movs	r3, #2
 2705 001e 84F84430 		strb	r3, [r4, #68]
 2706              	.L212:
1117:Inc/STM32F3xx_HAL_Driver/Src/stm32f3xx_hal_tim_ex.c **** 
 2707              		.loc 1 1117 3 is_stmt 1 view .LVU794
 2708 0022 0422     		movs	r2, #4
 2709 0024 0146     		mov	r1, r0
 2710              	.LVL178:
1117:Inc/STM32F3xx_HAL_Driver/Src/stm32f3xx_hal_tim_ex.c **** 
 2711              		.loc 1 1117 3 is_stmt 0 view .LVU795
 2712 0026 2068     		ldr	r0, [r4]
 2713              	.LVL179:
1117:Inc/STM32F3xx_HAL_Driver/Src/stm32f3xx_hal_tim_ex.c **** 
 2714              		.loc 1 1117 3 view .LVU796
 2715 0028 FFF7FEFF 		bl	TIM_CCxNChannelCmd
 2716              	.LVL180:
ARM GAS  /tmp/ccfhaacA.s 			page 106


1120:Inc/STM32F3xx_HAL_Driver/Src/stm32f3xx_hal_tim_ex.c **** 
 2717              		.loc 1 1120 3 is_stmt 1 view .LVU797
 2718 002c 2268     		ldr	r2, [r4]
 2719 002e 536C     		ldr	r3, [r2, #68]
 2720 0030 43F40043 		orr	r3, r3, #32768
 2721 0034 5364     		str	r3, [r2, #68]
1123:Inc/STM32F3xx_HAL_Driver/Src/stm32f3xx_hal_tim_ex.c ****   {
 2722              		.loc 1 1123 3 view .LVU798
1123:Inc/STM32F3xx_HAL_Driver/Src/stm32f3xx_hal_tim_ex.c ****   {
 2723              		.loc 1 1123 7 is_stmt 0 view .LVU799
 2724 0036 2368     		ldr	r3, [r4]
1123:Inc/STM32F3xx_HAL_Driver/Src/stm32f3xx_hal_tim_ex.c ****   {
 2725              		.loc 1 1123 6 view .LVU800
 2726 0038 2C4A     		ldr	r2, .L225
 2727 003a 9342     		cmp	r3, r2
 2728 003c 42D0     		beq	.L215
1123:Inc/STM32F3xx_HAL_Driver/Src/stm32f3xx_hal_tim_ex.c ****   {
 2729              		.loc 1 1123 7 discriminator 1 view .LVU801
 2730 003e B3F1804F 		cmp	r3, #1073741824
 2731 0042 3FD0     		beq	.L215
1123:Inc/STM32F3xx_HAL_Driver/Src/stm32f3xx_hal_tim_ex.c ****   {
 2732              		.loc 1 1123 7 discriminator 2 view .LVU802
 2733 0044 A2F59432 		sub	r2, r2, #75776
 2734 0048 9342     		cmp	r3, r2
 2735 004a 3BD0     		beq	.L215
1123:Inc/STM32F3xx_HAL_Driver/Src/stm32f3xx_hal_tim_ex.c ****   {
 2736              		.loc 1 1123 7 discriminator 3 view .LVU803
 2737 004c 02F58062 		add	r2, r2, #1024
 2738 0050 9342     		cmp	r3, r2
 2739 0052 37D0     		beq	.L215
1123:Inc/STM32F3xx_HAL_Driver/Src/stm32f3xx_hal_tim_ex.c ****   {
 2740              		.loc 1 1123 7 discriminator 4 view .LVU804
 2741 0054 02F59632 		add	r2, r2, #76800
 2742 0058 9342     		cmp	r3, r2
 2743 005a 33D0     		beq	.L215
1123:Inc/STM32F3xx_HAL_Driver/Src/stm32f3xx_hal_tim_ex.c ****   {
 2744              		.loc 1 1123 7 discriminator 5 view .LVU805
 2745 005c 02F54062 		add	r2, r2, #3072
 2746 0060 9342     		cmp	r3, r2
 2747 0062 2FD0     		beq	.L215
1123:Inc/STM32F3xx_HAL_Driver/Src/stm32f3xx_hal_tim_ex.c ****   {
 2748              		.loc 1 1123 7 discriminator 6 view .LVU806
 2749 0064 02F58052 		add	r2, r2, #4096
 2750 0068 9342     		cmp	r3, r2
 2751 006a 2BD0     		beq	.L215
1133:Inc/STM32F3xx_HAL_Driver/Src/stm32f3xx_hal_tim_ex.c ****   }
 2752              		.loc 1 1133 5 is_stmt 1 view .LVU807
 2753 006c 1A68     		ldr	r2, [r3]
 2754 006e 42F00102 		orr	r2, r2, #1
 2755 0072 1A60     		str	r2, [r3]
1137:Inc/STM32F3xx_HAL_Driver/Src/stm32f3xx_hal_tim_ex.c **** }
 2756              		.loc 1 1137 10 is_stmt 0 view .LVU808
 2757 0074 0020     		movs	r0, #0
 2758 0076 34E0     		b	.L210
 2759              	.LVL181:
 2760              	.L206:
1108:Inc/STM32F3xx_HAL_Driver/Src/stm32f3xx_hal_tim_ex.c ****   {
ARM GAS  /tmp/ccfhaacA.s 			page 107


 2761              		.loc 1 1108 46 discriminator 2 view .LVU809
 2762 0078 0429     		cmp	r1, #4
 2763 007a 07D0     		beq	.L221
1108:Inc/STM32F3xx_HAL_Driver/Src/stm32f3xx_hal_tim_ex.c ****   {
 2764              		.loc 1 1108 46 discriminator 5 view .LVU810
 2765 007c 0829     		cmp	r1, #8
 2766 007e 0BD0     		beq	.L222
1108:Inc/STM32F3xx_HAL_Driver/Src/stm32f3xx_hal_tim_ex.c ****   {
 2767              		.loc 1 1108 7 discriminator 8 view .LVU811
 2768 0080 94F84730 		ldrb	r3, [r4, #71]	@ zero_extendqisi2
1108:Inc/STM32F3xx_HAL_Driver/Src/stm32f3xx_hal_tim_ex.c ****   {
 2769              		.loc 1 1108 46 discriminator 8 view .LVU812
 2770 0084 013B     		subs	r3, r3, #1
 2771 0086 18BF     		it	ne
 2772 0088 0123     		movne	r3, #1
 2773 008a C3E7     		b	.L207
 2774              	.L221:
1108:Inc/STM32F3xx_HAL_Driver/Src/stm32f3xx_hal_tim_ex.c ****   {
 2775              		.loc 1 1108 7 discriminator 4 view .LVU813
 2776 008c 94F84530 		ldrb	r3, [r4, #69]	@ zero_extendqisi2
1108:Inc/STM32F3xx_HAL_Driver/Src/stm32f3xx_hal_tim_ex.c ****   {
 2777              		.loc 1 1108 46 discriminator 4 view .LVU814
 2778 0090 013B     		subs	r3, r3, #1
 2779 0092 18BF     		it	ne
 2780 0094 0123     		movne	r3, #1
 2781 0096 BDE7     		b	.L207
 2782              	.L222:
1108:Inc/STM32F3xx_HAL_Driver/Src/stm32f3xx_hal_tim_ex.c ****   {
 2783              		.loc 1 1108 7 discriminator 7 view .LVU815
 2784 0098 94F84630 		ldrb	r3, [r4, #70]	@ zero_extendqisi2
1108:Inc/STM32F3xx_HAL_Driver/Src/stm32f3xx_hal_tim_ex.c ****   {
 2785              		.loc 1 1108 46 discriminator 7 view .LVU816
 2786 009c 013B     		subs	r3, r3, #1
 2787 009e 18BF     		it	ne
 2788 00a0 0123     		movne	r3, #1
 2789 00a2 B7E7     		b	.L207
 2790              	.L211:
1114:Inc/STM32F3xx_HAL_Driver/Src/stm32f3xx_hal_tim_ex.c **** 
 2791              		.loc 1 1114 3 discriminator 2 view .LVU817
 2792 00a4 0428     		cmp	r0, #4
 2793 00a6 05D0     		beq	.L223
1114:Inc/STM32F3xx_HAL_Driver/Src/stm32f3xx_hal_tim_ex.c **** 
 2794              		.loc 1 1114 3 discriminator 4 view .LVU818
 2795 00a8 0828     		cmp	r0, #8
 2796 00aa 07D0     		beq	.L224
1114:Inc/STM32F3xx_HAL_Driver/Src/stm32f3xx_hal_tim_ex.c **** 
 2797              		.loc 1 1114 3 discriminator 7 view .LVU819
 2798 00ac 0223     		movs	r3, #2
 2799 00ae 84F84730 		strb	r3, [r4, #71]
 2800 00b2 B6E7     		b	.L212
 2801              	.L223:
1114:Inc/STM32F3xx_HAL_Driver/Src/stm32f3xx_hal_tim_ex.c **** 
 2802              		.loc 1 1114 3 discriminator 3 view .LVU820
 2803 00b4 0223     		movs	r3, #2
 2804 00b6 84F84530 		strb	r3, [r4, #69]
 2805 00ba B2E7     		b	.L212
 2806              	.L224:
ARM GAS  /tmp/ccfhaacA.s 			page 108


1114:Inc/STM32F3xx_HAL_Driver/Src/stm32f3xx_hal_tim_ex.c **** 
 2807              		.loc 1 1114 3 discriminator 6 view .LVU821
 2808 00bc 0223     		movs	r3, #2
 2809 00be 84F84630 		strb	r3, [r4, #70]
 2810 00c2 AEE7     		b	.L212
 2811              	.LVL182:
 2812              	.L215:
1125:Inc/STM32F3xx_HAL_Driver/Src/stm32f3xx_hal_tim_ex.c ****     if (!IS_TIM_SLAVEMODE_TRIGGER_ENABLED(tmpsmcr))
 2813              		.loc 1 1125 5 is_stmt 1 view .LVU822
1125:Inc/STM32F3xx_HAL_Driver/Src/stm32f3xx_hal_tim_ex.c ****     if (!IS_TIM_SLAVEMODE_TRIGGER_ENABLED(tmpsmcr))
 2814              		.loc 1 1125 29 is_stmt 0 view .LVU823
 2815 00c4 9968     		ldr	r1, [r3, #8]
1125:Inc/STM32F3xx_HAL_Driver/Src/stm32f3xx_hal_tim_ex.c ****     if (!IS_TIM_SLAVEMODE_TRIGGER_ENABLED(tmpsmcr))
 2816              		.loc 1 1125 13 view .LVU824
 2817 00c6 0A4A     		ldr	r2, .L225+4
 2818 00c8 0A40     		ands	r2, r2, r1
 2819              	.LVL183:
1126:Inc/STM32F3xx_HAL_Driver/Src/stm32f3xx_hal_tim_ex.c ****     {
 2820              		.loc 1 1126 5 is_stmt 1 view .LVU825
1126:Inc/STM32F3xx_HAL_Driver/Src/stm32f3xx_hal_tim_ex.c ****     {
 2821              		.loc 1 1126 8 is_stmt 0 view .LVU826
 2822 00ca 062A     		cmp	r2, #6
 2823 00cc 0AD0     		beq	.L218
1126:Inc/STM32F3xx_HAL_Driver/Src/stm32f3xx_hal_tim_ex.c ****     {
 2824              		.loc 1 1126 9 discriminator 1 view .LVU827
 2825 00ce B2F5803F 		cmp	r2, #65536
 2826 00d2 09D0     		beq	.L219
1128:Inc/STM32F3xx_HAL_Driver/Src/stm32f3xx_hal_tim_ex.c ****     }
 2827              		.loc 1 1128 7 is_stmt 1 view .LVU828
 2828 00d4 1A68     		ldr	r2, [r3]
 2829              	.LVL184:
1128:Inc/STM32F3xx_HAL_Driver/Src/stm32f3xx_hal_tim_ex.c ****     }
 2830              		.loc 1 1128 7 is_stmt 0 view .LVU829
 2831 00d6 42F00102 		orr	r2, r2, #1
 2832 00da 1A60     		str	r2, [r3]
1137:Inc/STM32F3xx_HAL_Driver/Src/stm32f3xx_hal_tim_ex.c **** }
 2833              		.loc 1 1137 10 view .LVU830
 2834 00dc 0020     		movs	r0, #0
 2835 00de 00E0     		b	.L210
 2836              	.LVL185:
 2837              	.L217:
1110:Inc/STM32F3xx_HAL_Driver/Src/stm32f3xx_hal_tim_ex.c ****   }
 2838              		.loc 1 1110 12 view .LVU831
 2839 00e0 0120     		movs	r0, #1
 2840              	.LVL186:
 2841              	.L210:
1138:Inc/STM32F3xx_HAL_Driver/Src/stm32f3xx_hal_tim_ex.c **** 
 2842              		.loc 1 1138 1 view .LVU832
 2843 00e2 10BD     		pop	{r4, pc}
 2844              	.LVL187:
 2845              	.L218:
1137:Inc/STM32F3xx_HAL_Driver/Src/stm32f3xx_hal_tim_ex.c **** }
 2846              		.loc 1 1137 10 view .LVU833
 2847 00e4 0020     		movs	r0, #0
 2848 00e6 FCE7     		b	.L210
 2849              	.L219:
 2850 00e8 0020     		movs	r0, #0
ARM GAS  /tmp/ccfhaacA.s 			page 109


 2851 00ea FAE7     		b	.L210
 2852              	.L226:
 2853              		.align	2
 2854              	.L225:
 2855 00ec 002C0140 		.word	1073818624
 2856 00f0 07000100 		.word	65543
 2857              		.cfi_endproc
 2858              	.LFE146:
 2860              		.section	.text.HAL_TIMEx_PWMN_Stop,"ax",%progbits
 2861              		.align	1
 2862              		.global	HAL_TIMEx_PWMN_Stop
 2863              		.syntax unified
 2864              		.thumb
 2865              		.thumb_func
 2867              	HAL_TIMEx_PWMN_Stop:
 2868              	.LVL188:
 2869              	.LFB147:
1151:Inc/STM32F3xx_HAL_Driver/Src/stm32f3xx_hal_tim_ex.c ****   /* Check the parameters */
 2870              		.loc 1 1151 1 is_stmt 1 view -0
 2871              		.cfi_startproc
 2872              		@ args = 0, pretend = 0, frame = 0
 2873              		@ frame_needed = 0, uses_anonymous_args = 0
1151:Inc/STM32F3xx_HAL_Driver/Src/stm32f3xx_hal_tim_ex.c ****   /* Check the parameters */
 2874              		.loc 1 1151 1 is_stmt 0 view .LVU835
 2875 0000 38B5     		push	{r3, r4, r5, lr}
 2876              		.cfi_def_cfa_offset 16
 2877              		.cfi_offset 3, -16
 2878              		.cfi_offset 4, -12
 2879              		.cfi_offset 5, -8
 2880              		.cfi_offset 14, -4
 2881 0002 0446     		mov	r4, r0
 2882 0004 0D46     		mov	r5, r1
1153:Inc/STM32F3xx_HAL_Driver/Src/stm32f3xx_hal_tim_ex.c **** 
 2883              		.loc 1 1153 3 is_stmt 1 view .LVU836
1156:Inc/STM32F3xx_HAL_Driver/Src/stm32f3xx_hal_tim_ex.c **** 
 2884              		.loc 1 1156 3 view .LVU837
 2885 0006 0022     		movs	r2, #0
 2886 0008 0068     		ldr	r0, [r0]
 2887              	.LVL189:
1156:Inc/STM32F3xx_HAL_Driver/Src/stm32f3xx_hal_tim_ex.c **** 
 2888              		.loc 1 1156 3 is_stmt 0 view .LVU838
 2889 000a FFF7FEFF 		bl	TIM_CCxNChannelCmd
 2890              	.LVL190:
1159:Inc/STM32F3xx_HAL_Driver/Src/stm32f3xx_hal_tim_ex.c **** 
 2891              		.loc 1 1159 3 is_stmt 1 view .LVU839
1159:Inc/STM32F3xx_HAL_Driver/Src/stm32f3xx_hal_tim_ex.c **** 
 2892              		.loc 1 1159 3 view .LVU840
 2893 000e 2368     		ldr	r3, [r4]
 2894 0010 196A     		ldr	r1, [r3, #32]
 2895 0012 41F21112 		movw	r2, #4369
 2896 0016 1142     		tst	r1, r2
 2897 0018 08D1     		bne	.L228
1159:Inc/STM32F3xx_HAL_Driver/Src/stm32f3xx_hal_tim_ex.c **** 
 2898              		.loc 1 1159 3 discriminator 1 view .LVU841
 2899 001a 196A     		ldr	r1, [r3, #32]
 2900 001c 40F24442 		movw	r2, #1092
 2901 0020 1142     		tst	r1, r2
ARM GAS  /tmp/ccfhaacA.s 			page 110


 2902 0022 03D1     		bne	.L228
1159:Inc/STM32F3xx_HAL_Driver/Src/stm32f3xx_hal_tim_ex.c **** 
 2903              		.loc 1 1159 3 discriminator 3 view .LVU842
 2904 0024 5A6C     		ldr	r2, [r3, #68]
 2905 0026 22F40042 		bic	r2, r2, #32768
 2906 002a 5A64     		str	r2, [r3, #68]
 2907              	.L228:
1159:Inc/STM32F3xx_HAL_Driver/Src/stm32f3xx_hal_tim_ex.c **** 
 2908              		.loc 1 1159 3 discriminator 5 view .LVU843
1162:Inc/STM32F3xx_HAL_Driver/Src/stm32f3xx_hal_tim_ex.c **** 
 2909              		.loc 1 1162 3 view .LVU844
1162:Inc/STM32F3xx_HAL_Driver/Src/stm32f3xx_hal_tim_ex.c **** 
 2910              		.loc 1 1162 3 view .LVU845
 2911 002c 2368     		ldr	r3, [r4]
 2912 002e 196A     		ldr	r1, [r3, #32]
 2913 0030 41F21112 		movw	r2, #4369
 2914 0034 1142     		tst	r1, r2
 2915 0036 08D1     		bne	.L229
1162:Inc/STM32F3xx_HAL_Driver/Src/stm32f3xx_hal_tim_ex.c **** 
 2916              		.loc 1 1162 3 discriminator 1 view .LVU846
 2917 0038 196A     		ldr	r1, [r3, #32]
 2918 003a 40F24442 		movw	r2, #1092
 2919 003e 1142     		tst	r1, r2
 2920 0040 03D1     		bne	.L229
1162:Inc/STM32F3xx_HAL_Driver/Src/stm32f3xx_hal_tim_ex.c **** 
 2921              		.loc 1 1162 3 discriminator 3 view .LVU847
 2922 0042 1A68     		ldr	r2, [r3]
 2923 0044 22F00102 		bic	r2, r2, #1
 2924 0048 1A60     		str	r2, [r3]
 2925              	.L229:
1162:Inc/STM32F3xx_HAL_Driver/Src/stm32f3xx_hal_tim_ex.c **** 
 2926              		.loc 1 1162 3 discriminator 5 view .LVU848
1165:Inc/STM32F3xx_HAL_Driver/Src/stm32f3xx_hal_tim_ex.c **** 
 2927              		.loc 1 1165 3 view .LVU849
 2928 004a 25B9     		cbnz	r5, .L230
1165:Inc/STM32F3xx_HAL_Driver/Src/stm32f3xx_hal_tim_ex.c **** 
 2929              		.loc 1 1165 3 is_stmt 0 discriminator 1 view .LVU850
 2930 004c 0123     		movs	r3, #1
 2931 004e 84F84430 		strb	r3, [r4, #68]
 2932              	.L231:
1168:Inc/STM32F3xx_HAL_Driver/Src/stm32f3xx_hal_tim_ex.c **** }
 2933              		.loc 1 1168 3 is_stmt 1 view .LVU851
1169:Inc/STM32F3xx_HAL_Driver/Src/stm32f3xx_hal_tim_ex.c **** 
 2934              		.loc 1 1169 1 is_stmt 0 view .LVU852
 2935 0052 0020     		movs	r0, #0
 2936 0054 38BD     		pop	{r3, r4, r5, pc}
 2937              	.LVL191:
 2938              	.L230:
1165:Inc/STM32F3xx_HAL_Driver/Src/stm32f3xx_hal_tim_ex.c **** 
 2939              		.loc 1 1165 3 discriminator 2 view .LVU853
 2940 0056 042D     		cmp	r5, #4
 2941 0058 05D0     		beq	.L235
1165:Inc/STM32F3xx_HAL_Driver/Src/stm32f3xx_hal_tim_ex.c **** 
 2942              		.loc 1 1165 3 discriminator 4 view .LVU854
 2943 005a 082D     		cmp	r5, #8
 2944 005c 07D0     		beq	.L236
1165:Inc/STM32F3xx_HAL_Driver/Src/stm32f3xx_hal_tim_ex.c **** 
ARM GAS  /tmp/ccfhaacA.s 			page 111


 2945              		.loc 1 1165 3 discriminator 7 view .LVU855
 2946 005e 0123     		movs	r3, #1
 2947 0060 84F84730 		strb	r3, [r4, #71]
 2948 0064 F5E7     		b	.L231
 2949              	.L235:
1165:Inc/STM32F3xx_HAL_Driver/Src/stm32f3xx_hal_tim_ex.c **** 
 2950              		.loc 1 1165 3 discriminator 3 view .LVU856
 2951 0066 0123     		movs	r3, #1
 2952 0068 84F84530 		strb	r3, [r4, #69]
 2953 006c F1E7     		b	.L231
 2954              	.L236:
1165:Inc/STM32F3xx_HAL_Driver/Src/stm32f3xx_hal_tim_ex.c **** 
 2955              		.loc 1 1165 3 discriminator 6 view .LVU857
 2956 006e 0123     		movs	r3, #1
 2957 0070 84F84630 		strb	r3, [r4, #70]
 2958 0074 EDE7     		b	.L231
 2959              		.cfi_endproc
 2960              	.LFE147:
 2962              		.section	.text.HAL_TIMEx_PWMN_Start_IT,"ax",%progbits
 2963              		.align	1
 2964              		.global	HAL_TIMEx_PWMN_Start_IT
 2965              		.syntax unified
 2966              		.thumb
 2967              		.thumb_func
 2969              	HAL_TIMEx_PWMN_Start_IT:
 2970              	.LVL192:
 2971              	.LFB148:
1183:Inc/STM32F3xx_HAL_Driver/Src/stm32f3xx_hal_tim_ex.c ****   HAL_StatusTypeDef status = HAL_OK;
 2972              		.loc 1 1183 1 is_stmt 1 view -0
 2973              		.cfi_startproc
 2974              		@ args = 0, pretend = 0, frame = 0
 2975              		@ frame_needed = 0, uses_anonymous_args = 0
1183:Inc/STM32F3xx_HAL_Driver/Src/stm32f3xx_hal_tim_ex.c ****   HAL_StatusTypeDef status = HAL_OK;
 2976              		.loc 1 1183 1 is_stmt 0 view .LVU859
 2977 0000 10B5     		push	{r4, lr}
 2978              		.cfi_def_cfa_offset 8
 2979              		.cfi_offset 4, -8
 2980              		.cfi_offset 14, -4
 2981 0002 0446     		mov	r4, r0
1184:Inc/STM32F3xx_HAL_Driver/Src/stm32f3xx_hal_tim_ex.c ****   uint32_t tmpsmcr;
 2982              		.loc 1 1184 3 is_stmt 1 view .LVU860
 2983              	.LVL193:
1185:Inc/STM32F3xx_HAL_Driver/Src/stm32f3xx_hal_tim_ex.c **** 
 2984              		.loc 1 1185 3 view .LVU861
1188:Inc/STM32F3xx_HAL_Driver/Src/stm32f3xx_hal_tim_ex.c **** 
 2985              		.loc 1 1188 3 view .LVU862
1191:Inc/STM32F3xx_HAL_Driver/Src/stm32f3xx_hal_tim_ex.c ****   {
 2986              		.loc 1 1191 3 view .LVU863
1191:Inc/STM32F3xx_HAL_Driver/Src/stm32f3xx_hal_tim_ex.c ****   {
 2987              		.loc 1 1191 46 is_stmt 0 view .LVU864
 2988 0004 0846     		mov	r0, r1
 2989              	.LVL194:
1191:Inc/STM32F3xx_HAL_Driver/Src/stm32f3xx_hal_tim_ex.c ****   {
 2990              		.loc 1 1191 46 view .LVU865
 2991 0006 0029     		cmp	r1, #0
 2992 0008 40D1     		bne	.L238
1191:Inc/STM32F3xx_HAL_Driver/Src/stm32f3xx_hal_tim_ex.c ****   {
ARM GAS  /tmp/ccfhaacA.s 			page 112


 2993              		.loc 1 1191 7 discriminator 1 view .LVU866
 2994 000a 94F84430 		ldrb	r3, [r4, #68]	@ zero_extendqisi2
1191:Inc/STM32F3xx_HAL_Driver/Src/stm32f3xx_hal_tim_ex.c ****   {
 2995              		.loc 1 1191 46 discriminator 1 view .LVU867
 2996 000e 013B     		subs	r3, r3, #1
 2997 0010 18BF     		it	ne
 2998 0012 0123     		movne	r3, #1
 2999              	.L239:
1191:Inc/STM32F3xx_HAL_Driver/Src/stm32f3xx_hal_tim_ex.c ****   {
 3000              		.loc 1 1191 6 discriminator 12 view .LVU868
 3001 0014 002B     		cmp	r3, #0
 3002 0016 7ED1     		bne	.L252
1197:Inc/STM32F3xx_HAL_Driver/Src/stm32f3xx_hal_tim_ex.c **** 
 3003              		.loc 1 1197 3 is_stmt 1 view .LVU869
 3004 0018 0028     		cmp	r0, #0
 3005 001a 4DD1     		bne	.L243
1197:Inc/STM32F3xx_HAL_Driver/Src/stm32f3xx_hal_tim_ex.c **** 
 3006              		.loc 1 1197 3 is_stmt 0 discriminator 1 view .LVU870
 3007 001c 0223     		movs	r3, #2
 3008 001e 84F84430 		strb	r3, [r4, #68]
1199:Inc/STM32F3xx_HAL_Driver/Src/stm32f3xx_hal_tim_ex.c ****   {
 3009              		.loc 1 1199 3 is_stmt 1 view .LVU871
 3010              	.L244:
1204:Inc/STM32F3xx_HAL_Driver/Src/stm32f3xx_hal_tim_ex.c ****       break;
 3011              		.loc 1 1204 7 view .LVU872
 3012 0022 2268     		ldr	r2, [r4]
 3013 0024 D368     		ldr	r3, [r2, #12]
 3014 0026 43F00203 		orr	r3, r3, #2
 3015 002a D360     		str	r3, [r2, #12]
1205:Inc/STM32F3xx_HAL_Driver/Src/stm32f3xx_hal_tim_ex.c ****     }
 3016              		.loc 1 1205 7 view .LVU873
1227:Inc/STM32F3xx_HAL_Driver/Src/stm32f3xx_hal_tim_ex.c ****   {
 3017              		.loc 1 1227 3 view .LVU874
 3018              	.L249:
1230:Inc/STM32F3xx_HAL_Driver/Src/stm32f3xx_hal_tim_ex.c **** 
 3019              		.loc 1 1230 5 view .LVU875
 3020 002c 2268     		ldr	r2, [r4]
 3021 002e D368     		ldr	r3, [r2, #12]
 3022 0030 43F08003 		orr	r3, r3, #128
 3023 0034 D360     		str	r3, [r2, #12]
1233:Inc/STM32F3xx_HAL_Driver/Src/stm32f3xx_hal_tim_ex.c **** 
 3024              		.loc 1 1233 5 view .LVU876
 3025 0036 0422     		movs	r2, #4
 3026 0038 0146     		mov	r1, r0
 3027              	.LVL195:
1233:Inc/STM32F3xx_HAL_Driver/Src/stm32f3xx_hal_tim_ex.c **** 
 3028              		.loc 1 1233 5 is_stmt 0 view .LVU877
 3029 003a 2068     		ldr	r0, [r4]
 3030              	.LVL196:
1233:Inc/STM32F3xx_HAL_Driver/Src/stm32f3xx_hal_tim_ex.c **** 
 3031              		.loc 1 1233 5 view .LVU878
 3032 003c FFF7FEFF 		bl	TIM_CCxNChannelCmd
 3033              	.LVL197:
1236:Inc/STM32F3xx_HAL_Driver/Src/stm32f3xx_hal_tim_ex.c **** 
 3034              		.loc 1 1236 5 is_stmt 1 view .LVU879
 3035 0040 2268     		ldr	r2, [r4]
 3036 0042 536C     		ldr	r3, [r2, #68]
ARM GAS  /tmp/ccfhaacA.s 			page 113


 3037 0044 43F40043 		orr	r3, r3, #32768
 3038 0048 5364     		str	r3, [r2, #68]
1239:Inc/STM32F3xx_HAL_Driver/Src/stm32f3xx_hal_tim_ex.c ****     {
 3039              		.loc 1 1239 5 view .LVU880
1239:Inc/STM32F3xx_HAL_Driver/Src/stm32f3xx_hal_tim_ex.c ****     {
 3040              		.loc 1 1239 9 is_stmt 0 view .LVU881
 3041 004a 2368     		ldr	r3, [r4]
1239:Inc/STM32F3xx_HAL_Driver/Src/stm32f3xx_hal_tim_ex.c ****     {
 3042              		.loc 1 1239 8 view .LVU882
 3043 004c 354A     		ldr	r2, .L261
 3044 004e 9342     		cmp	r3, r2
 3045 0050 53D0     		beq	.L250
1239:Inc/STM32F3xx_HAL_Driver/Src/stm32f3xx_hal_tim_ex.c ****     {
 3046              		.loc 1 1239 9 discriminator 1 view .LVU883
 3047 0052 B3F1804F 		cmp	r3, #1073741824
 3048 0056 50D0     		beq	.L250
1239:Inc/STM32F3xx_HAL_Driver/Src/stm32f3xx_hal_tim_ex.c ****     {
 3049              		.loc 1 1239 9 discriminator 2 view .LVU884
 3050 0058 A2F59432 		sub	r2, r2, #75776
 3051 005c 9342     		cmp	r3, r2
 3052 005e 4CD0     		beq	.L250
1239:Inc/STM32F3xx_HAL_Driver/Src/stm32f3xx_hal_tim_ex.c ****     {
 3053              		.loc 1 1239 9 discriminator 3 view .LVU885
 3054 0060 02F58062 		add	r2, r2, #1024
 3055 0064 9342     		cmp	r3, r2
 3056 0066 48D0     		beq	.L250
1239:Inc/STM32F3xx_HAL_Driver/Src/stm32f3xx_hal_tim_ex.c ****     {
 3057              		.loc 1 1239 9 discriminator 4 view .LVU886
 3058 0068 02F59632 		add	r2, r2, #76800
 3059 006c 9342     		cmp	r3, r2
 3060 006e 44D0     		beq	.L250
1239:Inc/STM32F3xx_HAL_Driver/Src/stm32f3xx_hal_tim_ex.c ****     {
 3061              		.loc 1 1239 9 discriminator 5 view .LVU887
 3062 0070 02F54062 		add	r2, r2, #3072
 3063 0074 9342     		cmp	r3, r2
 3064 0076 40D0     		beq	.L250
1239:Inc/STM32F3xx_HAL_Driver/Src/stm32f3xx_hal_tim_ex.c ****     {
 3065              		.loc 1 1239 9 discriminator 6 view .LVU888
 3066 0078 02F58052 		add	r2, r2, #4096
 3067 007c 9342     		cmp	r3, r2
 3068 007e 3CD0     		beq	.L250
1249:Inc/STM32F3xx_HAL_Driver/Src/stm32f3xx_hal_tim_ex.c ****     }
 3069              		.loc 1 1249 7 is_stmt 1 view .LVU889
 3070 0080 1A68     		ldr	r2, [r3]
 3071 0082 42F00102 		orr	r2, r2, #1
 3072 0086 1A60     		str	r2, [r3]
 3073 0088 0020     		movs	r0, #0
 3074 008a 45E0     		b	.L242
 3075              	.LVL198:
 3076              	.L238:
1191:Inc/STM32F3xx_HAL_Driver/Src/stm32f3xx_hal_tim_ex.c ****   {
 3077              		.loc 1 1191 46 is_stmt 0 discriminator 2 view .LVU890
 3078 008c 0429     		cmp	r1, #4
 3079 008e 07D0     		beq	.L257
1191:Inc/STM32F3xx_HAL_Driver/Src/stm32f3xx_hal_tim_ex.c ****   {
 3080              		.loc 1 1191 46 discriminator 5 view .LVU891
 3081 0090 0829     		cmp	r1, #8
ARM GAS  /tmp/ccfhaacA.s 			page 114


 3082 0092 0BD0     		beq	.L258
1191:Inc/STM32F3xx_HAL_Driver/Src/stm32f3xx_hal_tim_ex.c ****   {
 3083              		.loc 1 1191 7 discriminator 8 view .LVU892
 3084 0094 94F84730 		ldrb	r3, [r4, #71]	@ zero_extendqisi2
1191:Inc/STM32F3xx_HAL_Driver/Src/stm32f3xx_hal_tim_ex.c ****   {
 3085              		.loc 1 1191 46 discriminator 8 view .LVU893
 3086 0098 013B     		subs	r3, r3, #1
 3087 009a 18BF     		it	ne
 3088 009c 0123     		movne	r3, #1
 3089 009e B9E7     		b	.L239
 3090              	.L257:
1191:Inc/STM32F3xx_HAL_Driver/Src/stm32f3xx_hal_tim_ex.c ****   {
 3091              		.loc 1 1191 7 discriminator 4 view .LVU894
 3092 00a0 94F84530 		ldrb	r3, [r4, #69]	@ zero_extendqisi2
1191:Inc/STM32F3xx_HAL_Driver/Src/stm32f3xx_hal_tim_ex.c ****   {
 3093              		.loc 1 1191 46 discriminator 4 view .LVU895
 3094 00a4 013B     		subs	r3, r3, #1
 3095 00a6 18BF     		it	ne
 3096 00a8 0123     		movne	r3, #1
 3097 00aa B3E7     		b	.L239
 3098              	.L258:
1191:Inc/STM32F3xx_HAL_Driver/Src/stm32f3xx_hal_tim_ex.c ****   {
 3099              		.loc 1 1191 7 discriminator 7 view .LVU896
 3100 00ac 94F84630 		ldrb	r3, [r4, #70]	@ zero_extendqisi2
1191:Inc/STM32F3xx_HAL_Driver/Src/stm32f3xx_hal_tim_ex.c ****   {
 3101              		.loc 1 1191 46 discriminator 7 view .LVU897
 3102 00b0 013B     		subs	r3, r3, #1
 3103 00b2 18BF     		it	ne
 3104 00b4 0123     		movne	r3, #1
 3105 00b6 ADE7     		b	.L239
 3106              	.L243:
1197:Inc/STM32F3xx_HAL_Driver/Src/stm32f3xx_hal_tim_ex.c **** 
 3107              		.loc 1 1197 3 discriminator 2 view .LVU898
 3108 00b8 0428     		cmp	r0, #4
 3109 00ba 0CD0     		beq	.L259
1197:Inc/STM32F3xx_HAL_Driver/Src/stm32f3xx_hal_tim_ex.c **** 
 3110              		.loc 1 1197 3 discriminator 4 view .LVU899
 3111 00bc 0828     		cmp	r0, #8
 3112 00be 13D0     		beq	.L260
1197:Inc/STM32F3xx_HAL_Driver/Src/stm32f3xx_hal_tim_ex.c **** 
 3113              		.loc 1 1197 3 discriminator 7 view .LVU900
 3114 00c0 0223     		movs	r3, #2
 3115 00c2 84F84730 		strb	r3, [r4, #71]
1199:Inc/STM32F3xx_HAL_Driver/Src/stm32f3xx_hal_tim_ex.c ****   {
 3116              		.loc 1 1199 3 is_stmt 1 view .LVU901
 3117 00c6 0428     		cmp	r0, #4
 3118 00c8 08D0     		beq	.L246
 3119 00ca 0828     		cmp	r0, #8
 3120 00cc 0FD0     		beq	.L248
 3121 00ce 0028     		cmp	r0, #0
 3122 00d0 A7D0     		beq	.L244
 3123 00d2 0120     		movs	r0, #1
 3124              	.LVL199:
1199:Inc/STM32F3xx_HAL_Driver/Src/stm32f3xx_hal_tim_ex.c ****   {
 3125              		.loc 1 1199 3 is_stmt 0 view .LVU902
 3126 00d4 20E0     		b	.L242
 3127              	.LVL200:
ARM GAS  /tmp/ccfhaacA.s 			page 115


 3128              	.L259:
1197:Inc/STM32F3xx_HAL_Driver/Src/stm32f3xx_hal_tim_ex.c **** 
 3129              		.loc 1 1197 3 discriminator 3 view .LVU903
 3130 00d6 0223     		movs	r3, #2
 3131 00d8 84F84530 		strb	r3, [r4, #69]
1199:Inc/STM32F3xx_HAL_Driver/Src/stm32f3xx_hal_tim_ex.c ****   {
 3132              		.loc 1 1199 3 is_stmt 1 view .LVU904
 3133              	.L246:
1211:Inc/STM32F3xx_HAL_Driver/Src/stm32f3xx_hal_tim_ex.c ****       break;
 3134              		.loc 1 1211 7 view .LVU905
 3135 00dc 2268     		ldr	r2, [r4]
 3136 00de D368     		ldr	r3, [r2, #12]
 3137 00e0 43F00403 		orr	r3, r3, #4
 3138 00e4 D360     		str	r3, [r2, #12]
1212:Inc/STM32F3xx_HAL_Driver/Src/stm32f3xx_hal_tim_ex.c ****     }
 3139              		.loc 1 1212 7 view .LVU906
1227:Inc/STM32F3xx_HAL_Driver/Src/stm32f3xx_hal_tim_ex.c ****   {
 3140              		.loc 1 1227 3 view .LVU907
 3141 00e6 A1E7     		b	.L249
 3142              	.L260:
1197:Inc/STM32F3xx_HAL_Driver/Src/stm32f3xx_hal_tim_ex.c **** 
 3143              		.loc 1 1197 3 is_stmt 0 discriminator 6 view .LVU908
 3144 00e8 0223     		movs	r3, #2
 3145 00ea 84F84630 		strb	r3, [r4, #70]
1199:Inc/STM32F3xx_HAL_Driver/Src/stm32f3xx_hal_tim_ex.c ****   {
 3146              		.loc 1 1199 3 is_stmt 1 view .LVU909
 3147              	.L248:
1218:Inc/STM32F3xx_HAL_Driver/Src/stm32f3xx_hal_tim_ex.c ****       break;
 3148              		.loc 1 1218 7 view .LVU910
 3149 00ee 2268     		ldr	r2, [r4]
 3150 00f0 D368     		ldr	r3, [r2, #12]
 3151 00f2 43F00803 		orr	r3, r3, #8
 3152 00f6 D360     		str	r3, [r2, #12]
1219:Inc/STM32F3xx_HAL_Driver/Src/stm32f3xx_hal_tim_ex.c ****     }
 3153              		.loc 1 1219 7 view .LVU911
1227:Inc/STM32F3xx_HAL_Driver/Src/stm32f3xx_hal_tim_ex.c ****   {
 3154              		.loc 1 1227 3 view .LVU912
 3155 00f8 98E7     		b	.L249
 3156              	.LVL201:
 3157              	.L250:
1241:Inc/STM32F3xx_HAL_Driver/Src/stm32f3xx_hal_tim_ex.c ****       if (!IS_TIM_SLAVEMODE_TRIGGER_ENABLED(tmpsmcr))
 3158              		.loc 1 1241 7 view .LVU913
1241:Inc/STM32F3xx_HAL_Driver/Src/stm32f3xx_hal_tim_ex.c ****       if (!IS_TIM_SLAVEMODE_TRIGGER_ENABLED(tmpsmcr))
 3159              		.loc 1 1241 31 is_stmt 0 view .LVU914
 3160 00fa 9968     		ldr	r1, [r3, #8]
1241:Inc/STM32F3xx_HAL_Driver/Src/stm32f3xx_hal_tim_ex.c ****       if (!IS_TIM_SLAVEMODE_TRIGGER_ENABLED(tmpsmcr))
 3161              		.loc 1 1241 15 view .LVU915
 3162 00fc 0A4A     		ldr	r2, .L261+4
 3163 00fe 0A40     		ands	r2, r2, r1
 3164              	.LVL202:
1242:Inc/STM32F3xx_HAL_Driver/Src/stm32f3xx_hal_tim_ex.c ****       {
 3165              		.loc 1 1242 7 is_stmt 1 view .LVU916
1242:Inc/STM32F3xx_HAL_Driver/Src/stm32f3xx_hal_tim_ex.c ****       {
 3166              		.loc 1 1242 10 is_stmt 0 view .LVU917
 3167 0100 062A     		cmp	r2, #6
 3168 0102 0AD0     		beq	.L254
1242:Inc/STM32F3xx_HAL_Driver/Src/stm32f3xx_hal_tim_ex.c ****       {
ARM GAS  /tmp/ccfhaacA.s 			page 116


 3169              		.loc 1 1242 11 discriminator 1 view .LVU918
 3170 0104 B2F5803F 		cmp	r2, #65536
 3171 0108 09D0     		beq	.L255
1244:Inc/STM32F3xx_HAL_Driver/Src/stm32f3xx_hal_tim_ex.c ****       }
 3172              		.loc 1 1244 9 is_stmt 1 view .LVU919
 3173 010a 1A68     		ldr	r2, [r3]
 3174              	.LVL203:
1244:Inc/STM32F3xx_HAL_Driver/Src/stm32f3xx_hal_tim_ex.c ****       }
 3175              		.loc 1 1244 9 is_stmt 0 view .LVU920
 3176 010c 42F00102 		orr	r2, r2, #1
 3177 0110 1A60     		str	r2, [r3]
 3178 0112 0020     		movs	r0, #0
 3179 0114 00E0     		b	.L242
 3180              	.LVL204:
 3181              	.L252:
1193:Inc/STM32F3xx_HAL_Driver/Src/stm32f3xx_hal_tim_ex.c ****   }
 3182              		.loc 1 1193 12 view .LVU921
 3183 0116 0120     		movs	r0, #1
 3184              	.LVL205:
 3185              	.L242:
1255:Inc/STM32F3xx_HAL_Driver/Src/stm32f3xx_hal_tim_ex.c **** 
 3186              		.loc 1 1255 1 view .LVU922
 3187 0118 10BD     		pop	{r4, pc}
 3188              	.LVL206:
 3189              	.L254:
1255:Inc/STM32F3xx_HAL_Driver/Src/stm32f3xx_hal_tim_ex.c **** 
 3190              		.loc 1 1255 1 view .LVU923
 3191 011a 0020     		movs	r0, #0
 3192 011c FCE7     		b	.L242
 3193              	.L255:
 3194 011e 0020     		movs	r0, #0
 3195 0120 FAE7     		b	.L242
 3196              	.L262:
 3197 0122 00BF     		.align	2
 3198              	.L261:
 3199 0124 002C0140 		.word	1073818624
 3200 0128 07000100 		.word	65543
 3201              		.cfi_endproc
 3202              	.LFE148:
 3204              		.section	.text.HAL_TIMEx_PWMN_Stop_IT,"ax",%progbits
 3205              		.align	1
 3206              		.global	HAL_TIMEx_PWMN_Stop_IT
 3207              		.syntax unified
 3208              		.thumb
 3209              		.thumb_func
 3211              	HAL_TIMEx_PWMN_Stop_IT:
 3212              	.LVL207:
 3213              	.LFB149:
1269:Inc/STM32F3xx_HAL_Driver/Src/stm32f3xx_hal_tim_ex.c ****   HAL_StatusTypeDef status = HAL_OK;
 3214              		.loc 1 1269 1 is_stmt 1 view -0
 3215              		.cfi_startproc
 3216              		@ args = 0, pretend = 0, frame = 0
 3217              		@ frame_needed = 0, uses_anonymous_args = 0
1269:Inc/STM32F3xx_HAL_Driver/Src/stm32f3xx_hal_tim_ex.c ****   HAL_StatusTypeDef status = HAL_OK;
 3218              		.loc 1 1269 1 is_stmt 0 view .LVU925
 3219 0000 38B5     		push	{r3, r4, r5, lr}
 3220              		.cfi_def_cfa_offset 16
ARM GAS  /tmp/ccfhaacA.s 			page 117


 3221              		.cfi_offset 3, -16
 3222              		.cfi_offset 4, -12
 3223              		.cfi_offset 5, -8
 3224              		.cfi_offset 14, -4
 3225 0002 0446     		mov	r4, r0
 3226 0004 0D46     		mov	r5, r1
1270:Inc/STM32F3xx_HAL_Driver/Src/stm32f3xx_hal_tim_ex.c ****   uint32_t tmpccer;
 3227              		.loc 1 1270 3 is_stmt 1 view .LVU926
 3228              	.LVL208:
1271:Inc/STM32F3xx_HAL_Driver/Src/stm32f3xx_hal_tim_ex.c **** 
 3229              		.loc 1 1271 3 view .LVU927
1274:Inc/STM32F3xx_HAL_Driver/Src/stm32f3xx_hal_tim_ex.c **** 
 3230              		.loc 1 1274 3 view .LVU928
1276:Inc/STM32F3xx_HAL_Driver/Src/stm32f3xx_hal_tim_ex.c ****   {
 3231              		.loc 1 1276 3 view .LVU929
 3232 0006 0429     		cmp	r1, #4
 3233 0008 3BD0     		beq	.L264
 3234 000a 0829     		cmp	r1, #8
 3235 000c 3FD0     		beq	.L265
 3236 000e 0029     		cmp	r1, #0
 3237 0010 56D1     		bne	.L274
1281:Inc/STM32F3xx_HAL_Driver/Src/stm32f3xx_hal_tim_ex.c ****       break;
 3238              		.loc 1 1281 7 view .LVU930
 3239 0012 0268     		ldr	r2, [r0]
 3240 0014 D368     		ldr	r3, [r2, #12]
 3241 0016 23F00203 		bic	r3, r3, #2
 3242 001a D360     		str	r3, [r2, #12]
1282:Inc/STM32F3xx_HAL_Driver/Src/stm32f3xx_hal_tim_ex.c ****     }
 3243              		.loc 1 1282 7 view .LVU931
1304:Inc/STM32F3xx_HAL_Driver/Src/stm32f3xx_hal_tim_ex.c ****   {
 3244              		.loc 1 1304 3 view .LVU932
 3245              	.L267:
1307:Inc/STM32F3xx_HAL_Driver/Src/stm32f3xx_hal_tim_ex.c **** 
 3246              		.loc 1 1307 5 view .LVU933
 3247 001c 0022     		movs	r2, #0
 3248 001e 2946     		mov	r1, r5
 3249              	.LVL209:
1307:Inc/STM32F3xx_HAL_Driver/Src/stm32f3xx_hal_tim_ex.c **** 
 3250              		.loc 1 1307 5 is_stmt 0 view .LVU934
 3251 0020 2068     		ldr	r0, [r4]
 3252              	.LVL210:
1307:Inc/STM32F3xx_HAL_Driver/Src/stm32f3xx_hal_tim_ex.c **** 
 3253              		.loc 1 1307 5 view .LVU935
 3254 0022 FFF7FEFF 		bl	TIM_CCxNChannelCmd
 3255              	.LVL211:
1310:Inc/STM32F3xx_HAL_Driver/Src/stm32f3xx_hal_tim_ex.c ****     if ((tmpccer & TIM_CCER_CCxNE_MASK) == (uint32_t)RESET)
 3256              		.loc 1 1310 5 is_stmt 1 view .LVU936
1310:Inc/STM32F3xx_HAL_Driver/Src/stm32f3xx_hal_tim_ex.c ****     if ((tmpccer & TIM_CCER_CCxNE_MASK) == (uint32_t)RESET)
 3257              		.loc 1 1310 19 is_stmt 0 view .LVU937
 3258 0026 2368     		ldr	r3, [r4]
1310:Inc/STM32F3xx_HAL_Driver/Src/stm32f3xx_hal_tim_ex.c ****     if ((tmpccer & TIM_CCER_CCxNE_MASK) == (uint32_t)RESET)
 3259              		.loc 1 1310 13 view .LVU938
 3260 0028 196A     		ldr	r1, [r3, #32]
 3261              	.LVL212:
1311:Inc/STM32F3xx_HAL_Driver/Src/stm32f3xx_hal_tim_ex.c ****     {
 3262              		.loc 1 1311 5 is_stmt 1 view .LVU939
1311:Inc/STM32F3xx_HAL_Driver/Src/stm32f3xx_hal_tim_ex.c ****     {
ARM GAS  /tmp/ccfhaacA.s 			page 118


 3263              		.loc 1 1311 8 is_stmt 0 view .LVU940
 3264 002a 40F24442 		movw	r2, #1092
 3265 002e 1142     		tst	r1, r2
 3266 0030 03D1     		bne	.L268
1313:Inc/STM32F3xx_HAL_Driver/Src/stm32f3xx_hal_tim_ex.c ****     }
 3267              		.loc 1 1313 7 is_stmt 1 view .LVU941
 3268 0032 DA68     		ldr	r2, [r3, #12]
 3269 0034 22F08002 		bic	r2, r2, #128
 3270 0038 DA60     		str	r2, [r3, #12]
 3271              	.L268:
1317:Inc/STM32F3xx_HAL_Driver/Src/stm32f3xx_hal_tim_ex.c **** 
 3272              		.loc 1 1317 5 view .LVU942
1317:Inc/STM32F3xx_HAL_Driver/Src/stm32f3xx_hal_tim_ex.c **** 
 3273              		.loc 1 1317 5 view .LVU943
 3274 003a 2368     		ldr	r3, [r4]
 3275 003c 196A     		ldr	r1, [r3, #32]
 3276              	.LVL213:
1317:Inc/STM32F3xx_HAL_Driver/Src/stm32f3xx_hal_tim_ex.c **** 
 3277              		.loc 1 1317 5 is_stmt 0 view .LVU944
 3278 003e 41F21112 		movw	r2, #4369
 3279 0042 1142     		tst	r1, r2
 3280 0044 08D1     		bne	.L269
1317:Inc/STM32F3xx_HAL_Driver/Src/stm32f3xx_hal_tim_ex.c **** 
 3281              		.loc 1 1317 5 is_stmt 1 discriminator 1 view .LVU945
 3282 0046 196A     		ldr	r1, [r3, #32]
 3283 0048 40F24442 		movw	r2, #1092
 3284 004c 1142     		tst	r1, r2
 3285 004e 03D1     		bne	.L269
1317:Inc/STM32F3xx_HAL_Driver/Src/stm32f3xx_hal_tim_ex.c **** 
 3286              		.loc 1 1317 5 discriminator 3 view .LVU946
 3287 0050 5A6C     		ldr	r2, [r3, #68]
 3288 0052 22F40042 		bic	r2, r2, #32768
 3289 0056 5A64     		str	r2, [r3, #68]
 3290              	.L269:
1317:Inc/STM32F3xx_HAL_Driver/Src/stm32f3xx_hal_tim_ex.c **** 
 3291              		.loc 1 1317 5 discriminator 5 view .LVU947
1320:Inc/STM32F3xx_HAL_Driver/Src/stm32f3xx_hal_tim_ex.c **** 
 3292              		.loc 1 1320 5 view .LVU948
1320:Inc/STM32F3xx_HAL_Driver/Src/stm32f3xx_hal_tim_ex.c **** 
 3293              		.loc 1 1320 5 view .LVU949
 3294 0058 2368     		ldr	r3, [r4]
 3295 005a 196A     		ldr	r1, [r3, #32]
 3296 005c 41F21112 		movw	r2, #4369
 3297 0060 1142     		tst	r1, r2
 3298 0062 08D1     		bne	.L270
1320:Inc/STM32F3xx_HAL_Driver/Src/stm32f3xx_hal_tim_ex.c **** 
 3299              		.loc 1 1320 5 discriminator 1 view .LVU950
 3300 0064 196A     		ldr	r1, [r3, #32]
 3301 0066 40F24442 		movw	r2, #1092
 3302 006a 1142     		tst	r1, r2
 3303 006c 03D1     		bne	.L270
1320:Inc/STM32F3xx_HAL_Driver/Src/stm32f3xx_hal_tim_ex.c **** 
 3304              		.loc 1 1320 5 discriminator 3 view .LVU951
 3305 006e 1A68     		ldr	r2, [r3]
 3306 0070 22F00102 		bic	r2, r2, #1
 3307 0074 1A60     		str	r2, [r3]
 3308              	.L270:
ARM GAS  /tmp/ccfhaacA.s 			page 119


1320:Inc/STM32F3xx_HAL_Driver/Src/stm32f3xx_hal_tim_ex.c **** 
 3309              		.loc 1 1320 5 discriminator 5 view .LVU952
1323:Inc/STM32F3xx_HAL_Driver/Src/stm32f3xx_hal_tim_ex.c ****   }
 3310              		.loc 1 1323 5 view .LVU953
 3311 0076 85B9     		cbnz	r5, .L271
1323:Inc/STM32F3xx_HAL_Driver/Src/stm32f3xx_hal_tim_ex.c ****   }
 3312              		.loc 1 1323 5 is_stmt 0 discriminator 1 view .LVU954
 3313 0078 0123     		movs	r3, #1
 3314 007a 84F84430 		strb	r3, [r4, #68]
 3315 007e 0020     		movs	r0, #0
 3316              	.LVL214:
 3317              	.L266:
1327:Inc/STM32F3xx_HAL_Driver/Src/stm32f3xx_hal_tim_ex.c **** }
 3318              		.loc 1 1327 3 is_stmt 1 view .LVU955
1328:Inc/STM32F3xx_HAL_Driver/Src/stm32f3xx_hal_tim_ex.c **** 
 3319              		.loc 1 1328 1 is_stmt 0 view .LVU956
 3320 0080 38BD     		pop	{r3, r4, r5, pc}
 3321              	.LVL215:
 3322              	.L264:
1288:Inc/STM32F3xx_HAL_Driver/Src/stm32f3xx_hal_tim_ex.c ****       break;
 3323              		.loc 1 1288 7 is_stmt 1 view .LVU957
 3324 0082 0268     		ldr	r2, [r0]
 3325 0084 D368     		ldr	r3, [r2, #12]
 3326 0086 23F00403 		bic	r3, r3, #4
 3327 008a D360     		str	r3, [r2, #12]
1289:Inc/STM32F3xx_HAL_Driver/Src/stm32f3xx_hal_tim_ex.c ****     }
 3328              		.loc 1 1289 7 view .LVU958
1304:Inc/STM32F3xx_HAL_Driver/Src/stm32f3xx_hal_tim_ex.c ****   {
 3329              		.loc 1 1304 3 view .LVU959
 3330 008c C6E7     		b	.L267
 3331              	.L265:
1295:Inc/STM32F3xx_HAL_Driver/Src/stm32f3xx_hal_tim_ex.c ****       break;
 3332              		.loc 1 1295 7 view .LVU960
 3333 008e 0268     		ldr	r2, [r0]
 3334 0090 D368     		ldr	r3, [r2, #12]
 3335 0092 23F00803 		bic	r3, r3, #8
 3336 0096 D360     		str	r3, [r2, #12]
1296:Inc/STM32F3xx_HAL_Driver/Src/stm32f3xx_hal_tim_ex.c ****     }
 3337              		.loc 1 1296 7 view .LVU961
1304:Inc/STM32F3xx_HAL_Driver/Src/stm32f3xx_hal_tim_ex.c ****   {
 3338              		.loc 1 1304 3 view .LVU962
 3339 0098 C0E7     		b	.L267
 3340              	.LVL216:
 3341              	.L271:
1323:Inc/STM32F3xx_HAL_Driver/Src/stm32f3xx_hal_tim_ex.c ****   }
 3342              		.loc 1 1323 5 is_stmt 0 discriminator 2 view .LVU963
 3343 009a 042D     		cmp	r5, #4
 3344 009c 06D0     		beq	.L276
1323:Inc/STM32F3xx_HAL_Driver/Src/stm32f3xx_hal_tim_ex.c ****   }
 3345              		.loc 1 1323 5 discriminator 4 view .LVU964
 3346 009e 082D     		cmp	r5, #8
 3347 00a0 09D0     		beq	.L277
1323:Inc/STM32F3xx_HAL_Driver/Src/stm32f3xx_hal_tim_ex.c ****   }
 3348              		.loc 1 1323 5 discriminator 7 view .LVU965
 3349 00a2 0123     		movs	r3, #1
 3350 00a4 84F84730 		strb	r3, [r4, #71]
 3351 00a8 0020     		movs	r0, #0
ARM GAS  /tmp/ccfhaacA.s 			page 120


 3352 00aa E9E7     		b	.L266
 3353              	.L276:
1323:Inc/STM32F3xx_HAL_Driver/Src/stm32f3xx_hal_tim_ex.c ****   }
 3354              		.loc 1 1323 5 discriminator 3 view .LVU966
 3355 00ac 0123     		movs	r3, #1
 3356 00ae 84F84530 		strb	r3, [r4, #69]
 3357 00b2 0020     		movs	r0, #0
 3358 00b4 E4E7     		b	.L266
 3359              	.L277:
1323:Inc/STM32F3xx_HAL_Driver/Src/stm32f3xx_hal_tim_ex.c ****   }
 3360              		.loc 1 1323 5 discriminator 6 view .LVU967
 3361 00b6 0123     		movs	r3, #1
 3362 00b8 84F84630 		strb	r3, [r4, #70]
 3363 00bc 0020     		movs	r0, #0
 3364 00be DFE7     		b	.L266
 3365              	.LVL217:
 3366              	.L274:
1276:Inc/STM32F3xx_HAL_Driver/Src/stm32f3xx_hal_tim_ex.c ****   {
 3367              		.loc 1 1276 3 view .LVU968
 3368 00c0 0120     		movs	r0, #1
 3369              	.LVL218:
1276:Inc/STM32F3xx_HAL_Driver/Src/stm32f3xx_hal_tim_ex.c ****   {
 3370              		.loc 1 1276 3 view .LVU969
 3371 00c2 DDE7     		b	.L266
 3372              		.cfi_endproc
 3373              	.LFE149:
 3375              		.section	.text.HAL_TIMEx_PWMN_Start_DMA,"ax",%progbits
 3376              		.align	1
 3377              		.global	HAL_TIMEx_PWMN_Start_DMA
 3378              		.syntax unified
 3379              		.thumb
 3380              		.thumb_func
 3382              	HAL_TIMEx_PWMN_Start_DMA:
 3383              	.LVL219:
 3384              	.LFB150:
1345:Inc/STM32F3xx_HAL_Driver/Src/stm32f3xx_hal_tim_ex.c ****   HAL_StatusTypeDef status = HAL_OK;
 3385              		.loc 1 1345 1 is_stmt 1 view -0
 3386              		.cfi_startproc
 3387              		@ args = 0, pretend = 0, frame = 0
 3388              		@ frame_needed = 0, uses_anonymous_args = 0
1345:Inc/STM32F3xx_HAL_Driver/Src/stm32f3xx_hal_tim_ex.c ****   HAL_StatusTypeDef status = HAL_OK;
 3389              		.loc 1 1345 1 is_stmt 0 view .LVU971
 3390 0000 70B5     		push	{r4, r5, r6, lr}
 3391              		.cfi_def_cfa_offset 16
 3392              		.cfi_offset 4, -16
 3393              		.cfi_offset 5, -12
 3394              		.cfi_offset 6, -8
 3395              		.cfi_offset 14, -4
 3396 0002 0446     		mov	r4, r0
 3397 0004 1646     		mov	r6, r2
1346:Inc/STM32F3xx_HAL_Driver/Src/stm32f3xx_hal_tim_ex.c ****   uint32_t tmpsmcr;
 3398              		.loc 1 1346 3 is_stmt 1 view .LVU972
 3399              	.LVL220:
1347:Inc/STM32F3xx_HAL_Driver/Src/stm32f3xx_hal_tim_ex.c **** 
 3400              		.loc 1 1347 3 view .LVU973
1350:Inc/STM32F3xx_HAL_Driver/Src/stm32f3xx_hal_tim_ex.c **** 
 3401              		.loc 1 1350 3 view .LVU974
ARM GAS  /tmp/ccfhaacA.s 			page 121


1353:Inc/STM32F3xx_HAL_Driver/Src/stm32f3xx_hal_tim_ex.c ****   {
 3402              		.loc 1 1353 3 view .LVU975
1353:Inc/STM32F3xx_HAL_Driver/Src/stm32f3xx_hal_tim_ex.c ****   {
 3403              		.loc 1 1353 46 is_stmt 0 view .LVU976
 3404 0006 0D46     		mov	r5, r1
 3405 0008 0029     		cmp	r1, #0
 3406 000a 65D1     		bne	.L279
1353:Inc/STM32F3xx_HAL_Driver/Src/stm32f3xx_hal_tim_ex.c ****   {
 3407              		.loc 1 1353 7 discriminator 1 view .LVU977
 3408 000c 90F84400 		ldrb	r0, [r0, #68]	@ zero_extendqisi2
 3409              	.LVL221:
1353:Inc/STM32F3xx_HAL_Driver/Src/stm32f3xx_hal_tim_ex.c ****   {
 3410              		.loc 1 1353 46 discriminator 1 view .LVU978
 3411 0010 0228     		cmp	r0, #2
 3412 0012 14BF     		ite	ne
 3413 0014 0020     		movne	r0, #0
 3414 0016 0120     		moveq	r0, #1
 3415              	.L280:
1353:Inc/STM32F3xx_HAL_Driver/Src/stm32f3xx_hal_tim_ex.c ****   {
 3416              		.loc 1 1353 6 discriminator 12 view .LVU979
 3417 0018 0028     		cmp	r0, #0
 3418 001a 40F0E080 		bne	.L297
1357:Inc/STM32F3xx_HAL_Driver/Src/stm32f3xx_hal_tim_ex.c ****   {
 3419              		.loc 1 1357 8 is_stmt 1 view .LVU980
1357:Inc/STM32F3xx_HAL_Driver/Src/stm32f3xx_hal_tim_ex.c ****   {
 3420              		.loc 1 1357 51 is_stmt 0 view .LVU981
 3421 001e 002D     		cmp	r5, #0
 3422 0020 73D1     		bne	.L284
1357:Inc/STM32F3xx_HAL_Driver/Src/stm32f3xx_hal_tim_ex.c ****   {
 3423              		.loc 1 1357 12 discriminator 1 view .LVU982
 3424 0022 94F84420 		ldrb	r2, [r4, #68]	@ zero_extendqisi2
 3425              	.LVL222:
1357:Inc/STM32F3xx_HAL_Driver/Src/stm32f3xx_hal_tim_ex.c ****   {
 3426              		.loc 1 1357 51 discriminator 1 view .LVU983
 3427 0026 012A     		cmp	r2, #1
 3428 0028 14BF     		ite	ne
 3429 002a 0022     		movne	r2, #0
 3430 002c 0122     		moveq	r2, #1
 3431              	.L285:
1357:Inc/STM32F3xx_HAL_Driver/Src/stm32f3xx_hal_tim_ex.c ****   {
 3432              		.loc 1 1357 11 discriminator 12 view .LVU984
 3433 002e 002A     		cmp	r2, #0
 3434 0030 00F0D780 		beq	.L298
1359:Inc/STM32F3xx_HAL_Driver/Src/stm32f3xx_hal_tim_ex.c ****     {
 3435              		.loc 1 1359 5 is_stmt 1 view .LVU985
1359:Inc/STM32F3xx_HAL_Driver/Src/stm32f3xx_hal_tim_ex.c ****     {
 3436              		.loc 1 1359 8 is_stmt 0 view .LVU986
 3437 0034 002E     		cmp	r6, #0
 3438 0036 00F0D680 		beq	.L299
1359:Inc/STM32F3xx_HAL_Driver/Src/stm32f3xx_hal_tim_ex.c ****     {
 3439              		.loc 1 1359 25 discriminator 1 view .LVU987
 3440 003a 002B     		cmp	r3, #0
 3441 003c 00F0D580 		beq	.L300
1365:Inc/STM32F3xx_HAL_Driver/Src/stm32f3xx_hal_tim_ex.c ****     }
 3442              		.loc 1 1365 7 is_stmt 1 view .LVU988
 3443 0040 002D     		cmp	r5, #0
 3444 0042 7BD1     		bne	.L288
ARM GAS  /tmp/ccfhaacA.s 			page 122


1365:Inc/STM32F3xx_HAL_Driver/Src/stm32f3xx_hal_tim_ex.c ****     }
 3445              		.loc 1 1365 7 is_stmt 0 discriminator 1 view .LVU989
 3446 0044 0222     		movs	r2, #2
 3447 0046 84F84420 		strb	r2, [r4, #68]
1373:Inc/STM32F3xx_HAL_Driver/Src/stm32f3xx_hal_tim_ex.c ****   {
 3448              		.loc 1 1373 3 is_stmt 1 view .LVU990
 3449              	.L289:
1378:Inc/STM32F3xx_HAL_Driver/Src/stm32f3xx_hal_tim_ex.c ****       htim->hdma[TIM_DMA_ID_CC1]->XferHalfCpltCallback = TIM_DMADelayPulseHalfCplt;
 3450              		.loc 1 1378 7 view .LVU991
1378:Inc/STM32F3xx_HAL_Driver/Src/stm32f3xx_hal_tim_ex.c ****       htim->hdma[TIM_DMA_ID_CC1]->XferHalfCpltCallback = TIM_DMADelayPulseHalfCplt;
 3451              		.loc 1 1378 17 is_stmt 0 view .LVU992
 3452 004a 626A     		ldr	r2, [r4, #36]
1378:Inc/STM32F3xx_HAL_Driver/Src/stm32f3xx_hal_tim_ex.c ****       htim->hdma[TIM_DMA_ID_CC1]->XferHalfCpltCallback = TIM_DMADelayPulseHalfCplt;
 3453              		.loc 1 1378 52 view .LVU993
 3454 004c 6D49     		ldr	r1, .L314
 3455              	.LVL223:
1378:Inc/STM32F3xx_HAL_Driver/Src/stm32f3xx_hal_tim_ex.c ****       htim->hdma[TIM_DMA_ID_CC1]->XferHalfCpltCallback = TIM_DMADelayPulseHalfCplt;
 3456              		.loc 1 1378 52 view .LVU994
 3457 004e 9162     		str	r1, [r2, #40]
1379:Inc/STM32F3xx_HAL_Driver/Src/stm32f3xx_hal_tim_ex.c **** 
 3458              		.loc 1 1379 7 is_stmt 1 view .LVU995
1379:Inc/STM32F3xx_HAL_Driver/Src/stm32f3xx_hal_tim_ex.c **** 
 3459              		.loc 1 1379 17 is_stmt 0 view .LVU996
 3460 0050 626A     		ldr	r2, [r4, #36]
1379:Inc/STM32F3xx_HAL_Driver/Src/stm32f3xx_hal_tim_ex.c **** 
 3461              		.loc 1 1379 56 view .LVU997
 3462 0052 6D49     		ldr	r1, .L314+4
 3463 0054 D162     		str	r1, [r2, #44]
1382:Inc/STM32F3xx_HAL_Driver/Src/stm32f3xx_hal_tim_ex.c **** 
 3464              		.loc 1 1382 7 is_stmt 1 view .LVU998
1382:Inc/STM32F3xx_HAL_Driver/Src/stm32f3xx_hal_tim_ex.c **** 
 3465              		.loc 1 1382 17 is_stmt 0 view .LVU999
 3466 0056 626A     		ldr	r2, [r4, #36]
1382:Inc/STM32F3xx_HAL_Driver/Src/stm32f3xx_hal_tim_ex.c **** 
 3467              		.loc 1 1382 53 view .LVU1000
 3468 0058 6C49     		ldr	r1, .L314+8
 3469 005a 1163     		str	r1, [r2, #48]
1385:Inc/STM32F3xx_HAL_Driver/Src/stm32f3xx_hal_tim_ex.c ****                            Length) != HAL_OK)
 3470              		.loc 1 1385 7 is_stmt 1 view .LVU1001
1385:Inc/STM32F3xx_HAL_Driver/Src/stm32f3xx_hal_tim_ex.c ****                            Length) != HAL_OK)
 3471              		.loc 1 1385 88 is_stmt 0 view .LVU1002
 3472 005c 2268     		ldr	r2, [r4]
1385:Inc/STM32F3xx_HAL_Driver/Src/stm32f3xx_hal_tim_ex.c ****                            Length) != HAL_OK)
 3473              		.loc 1 1385 11 view .LVU1003
 3474 005e 3432     		adds	r2, r2, #52
 3475 0060 3146     		mov	r1, r6
 3476 0062 606A     		ldr	r0, [r4, #36]
 3477 0064 FFF7FEFF 		bl	HAL_DMA_Start_IT
 3478              	.LVL224:
1385:Inc/STM32F3xx_HAL_Driver/Src/stm32f3xx_hal_tim_ex.c ****                            Length) != HAL_OK)
 3479              		.loc 1 1385 10 discriminator 1 view .LVU1004
 3480 0068 0028     		cmp	r0, #0
 3481 006a 40F0C080 		bne	.L302
1392:Inc/STM32F3xx_HAL_Driver/Src/stm32f3xx_hal_tim_ex.c ****       break;
 3482              		.loc 1 1392 7 is_stmt 1 view .LVU1005
 3483 006e 2268     		ldr	r2, [r4]
 3484 0070 D368     		ldr	r3, [r2, #12]
ARM GAS  /tmp/ccfhaacA.s 			page 123


 3485 0072 43F40073 		orr	r3, r3, #512
 3486 0076 D360     		str	r3, [r2, #12]
1393:Inc/STM32F3xx_HAL_Driver/Src/stm32f3xx_hal_tim_ex.c ****     }
 3487              		.loc 1 1393 7 view .LVU1006
1443:Inc/STM32F3xx_HAL_Driver/Src/stm32f3xx_hal_tim_ex.c ****   {
 3488              		.loc 1 1443 3 view .LVU1007
 3489              	.L294:
1446:Inc/STM32F3xx_HAL_Driver/Src/stm32f3xx_hal_tim_ex.c **** 
 3490              		.loc 1 1446 5 view .LVU1008
 3491 0078 0422     		movs	r2, #4
 3492 007a 2946     		mov	r1, r5
 3493 007c 2068     		ldr	r0, [r4]
 3494 007e FFF7FEFF 		bl	TIM_CCxNChannelCmd
 3495              	.LVL225:
1449:Inc/STM32F3xx_HAL_Driver/Src/stm32f3xx_hal_tim_ex.c **** 
 3496              		.loc 1 1449 5 view .LVU1009
 3497 0082 2268     		ldr	r2, [r4]
 3498 0084 536C     		ldr	r3, [r2, #68]
 3499 0086 43F40043 		orr	r3, r3, #32768
 3500 008a 5364     		str	r3, [r2, #68]
1452:Inc/STM32F3xx_HAL_Driver/Src/stm32f3xx_hal_tim_ex.c ****     {
 3501              		.loc 1 1452 5 view .LVU1010
1452:Inc/STM32F3xx_HAL_Driver/Src/stm32f3xx_hal_tim_ex.c ****     {
 3502              		.loc 1 1452 9 is_stmt 0 view .LVU1011
 3503 008c 2368     		ldr	r3, [r4]
1452:Inc/STM32F3xx_HAL_Driver/Src/stm32f3xx_hal_tim_ex.c ****     {
 3504              		.loc 1 1452 8 view .LVU1012
 3505 008e 604A     		ldr	r2, .L314+12
 3506 0090 9342     		cmp	r3, r2
 3507 0092 00F09680 		beq	.L295
1452:Inc/STM32F3xx_HAL_Driver/Src/stm32f3xx_hal_tim_ex.c ****     {
 3508              		.loc 1 1452 9 discriminator 1 view .LVU1013
 3509 0096 B3F1804F 		cmp	r3, #1073741824
 3510 009a 00F09280 		beq	.L295
1452:Inc/STM32F3xx_HAL_Driver/Src/stm32f3xx_hal_tim_ex.c ****     {
 3511              		.loc 1 1452 9 discriminator 2 view .LVU1014
 3512 009e A2F59432 		sub	r2, r2, #75776
 3513 00a2 9342     		cmp	r3, r2
 3514 00a4 00F08D80 		beq	.L295
1452:Inc/STM32F3xx_HAL_Driver/Src/stm32f3xx_hal_tim_ex.c ****     {
 3515              		.loc 1 1452 9 discriminator 3 view .LVU1015
 3516 00a8 02F58062 		add	r2, r2, #1024
 3517 00ac 9342     		cmp	r3, r2
 3518 00ae 00F08880 		beq	.L295
1452:Inc/STM32F3xx_HAL_Driver/Src/stm32f3xx_hal_tim_ex.c ****     {
 3519              		.loc 1 1452 9 discriminator 4 view .LVU1016
 3520 00b2 02F59632 		add	r2, r2, #76800
 3521 00b6 9342     		cmp	r3, r2
 3522 00b8 00F08380 		beq	.L295
1452:Inc/STM32F3xx_HAL_Driver/Src/stm32f3xx_hal_tim_ex.c ****     {
 3523              		.loc 1 1452 9 discriminator 5 view .LVU1017
 3524 00bc 02F54062 		add	r2, r2, #3072
 3525 00c0 9342     		cmp	r3, r2
 3526 00c2 7ED0     		beq	.L295
1452:Inc/STM32F3xx_HAL_Driver/Src/stm32f3xx_hal_tim_ex.c ****     {
 3527              		.loc 1 1452 9 discriminator 6 view .LVU1018
 3528 00c4 02F58052 		add	r2, r2, #4096
ARM GAS  /tmp/ccfhaacA.s 			page 124


 3529 00c8 9342     		cmp	r3, r2
 3530 00ca 7AD0     		beq	.L295
1462:Inc/STM32F3xx_HAL_Driver/Src/stm32f3xx_hal_tim_ex.c ****     }
 3531              		.loc 1 1462 7 is_stmt 1 view .LVU1019
 3532 00cc 1A68     		ldr	r2, [r3]
 3533 00ce 42F00102 		orr	r2, r2, #1
 3534 00d2 1A60     		str	r2, [r3]
 3535 00d4 0020     		movs	r0, #0
 3536 00d6 85E0     		b	.L283
 3537              	.LVL226:
 3538              	.L279:
1353:Inc/STM32F3xx_HAL_Driver/Src/stm32f3xx_hal_tim_ex.c ****   {
 3539              		.loc 1 1353 46 is_stmt 0 discriminator 2 view .LVU1020
 3540 00d8 0429     		cmp	r1, #4
 3541 00da 08D0     		beq	.L308
1353:Inc/STM32F3xx_HAL_Driver/Src/stm32f3xx_hal_tim_ex.c ****   {
 3542              		.loc 1 1353 46 discriminator 5 view .LVU1021
 3543 00dc 0829     		cmp	r1, #8
 3544 00de 0DD0     		beq	.L309
1353:Inc/STM32F3xx_HAL_Driver/Src/stm32f3xx_hal_tim_ex.c ****   {
 3545              		.loc 1 1353 7 discriminator 8 view .LVU1022
 3546 00e0 90F84700 		ldrb	r0, [r0, #71]	@ zero_extendqisi2
 3547              	.LVL227:
1353:Inc/STM32F3xx_HAL_Driver/Src/stm32f3xx_hal_tim_ex.c ****   {
 3548              		.loc 1 1353 46 discriminator 8 view .LVU1023
 3549 00e4 0228     		cmp	r0, #2
 3550 00e6 14BF     		ite	ne
 3551 00e8 0020     		movne	r0, #0
 3552 00ea 0120     		moveq	r0, #1
 3553 00ec 94E7     		b	.L280
 3554              	.LVL228:
 3555              	.L308:
1353:Inc/STM32F3xx_HAL_Driver/Src/stm32f3xx_hal_tim_ex.c ****   {
 3556              		.loc 1 1353 7 discriminator 4 view .LVU1024
 3557 00ee 90F84500 		ldrb	r0, [r0, #69]	@ zero_extendqisi2
 3558              	.LVL229:
1353:Inc/STM32F3xx_HAL_Driver/Src/stm32f3xx_hal_tim_ex.c ****   {
 3559              		.loc 1 1353 46 discriminator 4 view .LVU1025
 3560 00f2 0228     		cmp	r0, #2
 3561 00f4 14BF     		ite	ne
 3562 00f6 0020     		movne	r0, #0
 3563 00f8 0120     		moveq	r0, #1
 3564 00fa 8DE7     		b	.L280
 3565              	.LVL230:
 3566              	.L309:
1353:Inc/STM32F3xx_HAL_Driver/Src/stm32f3xx_hal_tim_ex.c ****   {
 3567              		.loc 1 1353 7 discriminator 7 view .LVU1026
 3568 00fc 90F84600 		ldrb	r0, [r0, #70]	@ zero_extendqisi2
 3569              	.LVL231:
1353:Inc/STM32F3xx_HAL_Driver/Src/stm32f3xx_hal_tim_ex.c ****   {
 3570              		.loc 1 1353 46 discriminator 7 view .LVU1027
 3571 0100 0228     		cmp	r0, #2
 3572 0102 14BF     		ite	ne
 3573 0104 0020     		movne	r0, #0
 3574 0106 0120     		moveq	r0, #1
 3575 0108 86E7     		b	.L280
 3576              	.L284:
ARM GAS  /tmp/ccfhaacA.s 			page 125


1357:Inc/STM32F3xx_HAL_Driver/Src/stm32f3xx_hal_tim_ex.c ****   {
 3577              		.loc 1 1357 51 discriminator 2 view .LVU1028
 3578 010a 042D     		cmp	r5, #4
 3579 010c 08D0     		beq	.L310
1357:Inc/STM32F3xx_HAL_Driver/Src/stm32f3xx_hal_tim_ex.c ****   {
 3580              		.loc 1 1357 51 discriminator 5 view .LVU1029
 3581 010e 082D     		cmp	r5, #8
 3582 0110 0DD0     		beq	.L311
1357:Inc/STM32F3xx_HAL_Driver/Src/stm32f3xx_hal_tim_ex.c ****   {
 3583              		.loc 1 1357 12 discriminator 8 view .LVU1030
 3584 0112 94F84720 		ldrb	r2, [r4, #71]	@ zero_extendqisi2
 3585              	.LVL232:
1357:Inc/STM32F3xx_HAL_Driver/Src/stm32f3xx_hal_tim_ex.c ****   {
 3586              		.loc 1 1357 51 discriminator 8 view .LVU1031
 3587 0116 012A     		cmp	r2, #1
 3588 0118 14BF     		ite	ne
 3589 011a 0022     		movne	r2, #0
 3590 011c 0122     		moveq	r2, #1
 3591 011e 86E7     		b	.L285
 3592              	.LVL233:
 3593              	.L310:
1357:Inc/STM32F3xx_HAL_Driver/Src/stm32f3xx_hal_tim_ex.c ****   {
 3594              		.loc 1 1357 12 discriminator 4 view .LVU1032
 3595 0120 94F84520 		ldrb	r2, [r4, #69]	@ zero_extendqisi2
 3596              	.LVL234:
1357:Inc/STM32F3xx_HAL_Driver/Src/stm32f3xx_hal_tim_ex.c ****   {
 3597              		.loc 1 1357 51 discriminator 4 view .LVU1033
 3598 0124 012A     		cmp	r2, #1
 3599 0126 14BF     		ite	ne
 3600 0128 0022     		movne	r2, #0
 3601 012a 0122     		moveq	r2, #1
 3602 012c 7FE7     		b	.L285
 3603              	.LVL235:
 3604              	.L311:
1357:Inc/STM32F3xx_HAL_Driver/Src/stm32f3xx_hal_tim_ex.c ****   {
 3605              		.loc 1 1357 12 discriminator 7 view .LVU1034
 3606 012e 94F84620 		ldrb	r2, [r4, #70]	@ zero_extendqisi2
 3607              	.LVL236:
1357:Inc/STM32F3xx_HAL_Driver/Src/stm32f3xx_hal_tim_ex.c ****   {
 3608              		.loc 1 1357 51 discriminator 7 view .LVU1035
 3609 0132 012A     		cmp	r2, #1
 3610 0134 14BF     		ite	ne
 3611 0136 0022     		movne	r2, #0
 3612 0138 0122     		moveq	r2, #1
 3613 013a 78E7     		b	.L285
 3614              	.L288:
1365:Inc/STM32F3xx_HAL_Driver/Src/stm32f3xx_hal_tim_ex.c ****     }
 3615              		.loc 1 1365 7 discriminator 2 view .LVU1036
 3616 013c 042D     		cmp	r5, #4
 3617 013e 0DD0     		beq	.L312
1365:Inc/STM32F3xx_HAL_Driver/Src/stm32f3xx_hal_tim_ex.c ****     }
 3618              		.loc 1 1365 7 discriminator 4 view .LVU1037
 3619 0140 082D     		cmp	r5, #8
 3620 0142 25D0     		beq	.L313
1365:Inc/STM32F3xx_HAL_Driver/Src/stm32f3xx_hal_tim_ex.c ****     }
 3621              		.loc 1 1365 7 discriminator 7 view .LVU1038
 3622 0144 0222     		movs	r2, #2
ARM GAS  /tmp/ccfhaacA.s 			page 126


 3623 0146 84F84720 		strb	r2, [r4, #71]
1373:Inc/STM32F3xx_HAL_Driver/Src/stm32f3xx_hal_tim_ex.c ****   {
 3624              		.loc 1 1373 3 is_stmt 1 view .LVU1039
 3625 014a 042D     		cmp	r5, #4
 3626 014c 09D0     		beq	.L291
 3627 014e 082D     		cmp	r5, #8
 3628 0150 21D0     		beq	.L293
 3629 0152 002D     		cmp	r5, #0
 3630 0154 3FF479AF 		beq	.L289
 3631 0158 0120     		movs	r0, #1
 3632 015a 43E0     		b	.L283
 3633              	.L312:
1365:Inc/STM32F3xx_HAL_Driver/Src/stm32f3xx_hal_tim_ex.c ****     }
 3634              		.loc 1 1365 7 is_stmt 0 discriminator 3 view .LVU1040
 3635 015c 0222     		movs	r2, #2
 3636 015e 84F84520 		strb	r2, [r4, #69]
1373:Inc/STM32F3xx_HAL_Driver/Src/stm32f3xx_hal_tim_ex.c ****   {
 3637              		.loc 1 1373 3 is_stmt 1 view .LVU1041
 3638              	.L291:
1399:Inc/STM32F3xx_HAL_Driver/Src/stm32f3xx_hal_tim_ex.c ****       htim->hdma[TIM_DMA_ID_CC2]->XferHalfCpltCallback = TIM_DMADelayPulseHalfCplt;
 3639              		.loc 1 1399 7 view .LVU1042
1399:Inc/STM32F3xx_HAL_Driver/Src/stm32f3xx_hal_tim_ex.c ****       htim->hdma[TIM_DMA_ID_CC2]->XferHalfCpltCallback = TIM_DMADelayPulseHalfCplt;
 3640              		.loc 1 1399 17 is_stmt 0 view .LVU1043
 3641 0162 A26A     		ldr	r2, [r4, #40]
1399:Inc/STM32F3xx_HAL_Driver/Src/stm32f3xx_hal_tim_ex.c ****       htim->hdma[TIM_DMA_ID_CC2]->XferHalfCpltCallback = TIM_DMADelayPulseHalfCplt;
 3642              		.loc 1 1399 52 view .LVU1044
 3643 0164 2749     		ldr	r1, .L314
 3644              	.LVL237:
1399:Inc/STM32F3xx_HAL_Driver/Src/stm32f3xx_hal_tim_ex.c ****       htim->hdma[TIM_DMA_ID_CC2]->XferHalfCpltCallback = TIM_DMADelayPulseHalfCplt;
 3645              		.loc 1 1399 52 view .LVU1045
 3646 0166 9162     		str	r1, [r2, #40]
1400:Inc/STM32F3xx_HAL_Driver/Src/stm32f3xx_hal_tim_ex.c **** 
 3647              		.loc 1 1400 7 is_stmt 1 view .LVU1046
1400:Inc/STM32F3xx_HAL_Driver/Src/stm32f3xx_hal_tim_ex.c **** 
 3648              		.loc 1 1400 17 is_stmt 0 view .LVU1047
 3649 0168 A26A     		ldr	r2, [r4, #40]
1400:Inc/STM32F3xx_HAL_Driver/Src/stm32f3xx_hal_tim_ex.c **** 
 3650              		.loc 1 1400 56 view .LVU1048
 3651 016a 2749     		ldr	r1, .L314+4
 3652 016c D162     		str	r1, [r2, #44]
1403:Inc/STM32F3xx_HAL_Driver/Src/stm32f3xx_hal_tim_ex.c **** 
 3653              		.loc 1 1403 7 is_stmt 1 view .LVU1049
1403:Inc/STM32F3xx_HAL_Driver/Src/stm32f3xx_hal_tim_ex.c **** 
 3654              		.loc 1 1403 17 is_stmt 0 view .LVU1050
 3655 016e A26A     		ldr	r2, [r4, #40]
1403:Inc/STM32F3xx_HAL_Driver/Src/stm32f3xx_hal_tim_ex.c **** 
 3656              		.loc 1 1403 53 view .LVU1051
 3657 0170 2649     		ldr	r1, .L314+8
 3658 0172 1163     		str	r1, [r2, #48]
1406:Inc/STM32F3xx_HAL_Driver/Src/stm32f3xx_hal_tim_ex.c ****                            Length) != HAL_OK)
 3659              		.loc 1 1406 7 is_stmt 1 view .LVU1052
1406:Inc/STM32F3xx_HAL_Driver/Src/stm32f3xx_hal_tim_ex.c ****                            Length) != HAL_OK)
 3660              		.loc 1 1406 88 is_stmt 0 view .LVU1053
 3661 0174 2268     		ldr	r2, [r4]
1406:Inc/STM32F3xx_HAL_Driver/Src/stm32f3xx_hal_tim_ex.c ****                            Length) != HAL_OK)
 3662              		.loc 1 1406 11 view .LVU1054
 3663 0176 3832     		adds	r2, r2, #56
ARM GAS  /tmp/ccfhaacA.s 			page 127


 3664 0178 3146     		mov	r1, r6
 3665 017a A06A     		ldr	r0, [r4, #40]
 3666 017c FFF7FEFF 		bl	HAL_DMA_Start_IT
 3667              	.LVL238:
1406:Inc/STM32F3xx_HAL_Driver/Src/stm32f3xx_hal_tim_ex.c ****                            Length) != HAL_OK)
 3668              		.loc 1 1406 10 discriminator 1 view .LVU1055
 3669 0180 0028     		cmp	r0, #0
 3670 0182 36D1     		bne	.L303
1413:Inc/STM32F3xx_HAL_Driver/Src/stm32f3xx_hal_tim_ex.c ****       break;
 3671              		.loc 1 1413 7 is_stmt 1 view .LVU1056
 3672 0184 2268     		ldr	r2, [r4]
 3673 0186 D368     		ldr	r3, [r2, #12]
 3674 0188 43F48063 		orr	r3, r3, #1024
 3675 018c D360     		str	r3, [r2, #12]
1414:Inc/STM32F3xx_HAL_Driver/Src/stm32f3xx_hal_tim_ex.c ****     }
 3676              		.loc 1 1414 7 view .LVU1057
1443:Inc/STM32F3xx_HAL_Driver/Src/stm32f3xx_hal_tim_ex.c ****   {
 3677              		.loc 1 1443 3 view .LVU1058
 3678 018e 73E7     		b	.L294
 3679              	.LVL239:
 3680              	.L313:
1365:Inc/STM32F3xx_HAL_Driver/Src/stm32f3xx_hal_tim_ex.c ****     }
 3681              		.loc 1 1365 7 is_stmt 0 discriminator 6 view .LVU1059
 3682 0190 0222     		movs	r2, #2
 3683 0192 84F84620 		strb	r2, [r4, #70]
1373:Inc/STM32F3xx_HAL_Driver/Src/stm32f3xx_hal_tim_ex.c ****   {
 3684              		.loc 1 1373 3 is_stmt 1 view .LVU1060
 3685              	.L293:
1420:Inc/STM32F3xx_HAL_Driver/Src/stm32f3xx_hal_tim_ex.c ****       htim->hdma[TIM_DMA_ID_CC3]->XferHalfCpltCallback = TIM_DMADelayPulseHalfCplt;
 3686              		.loc 1 1420 7 view .LVU1061
1420:Inc/STM32F3xx_HAL_Driver/Src/stm32f3xx_hal_tim_ex.c ****       htim->hdma[TIM_DMA_ID_CC3]->XferHalfCpltCallback = TIM_DMADelayPulseHalfCplt;
 3687              		.loc 1 1420 17 is_stmt 0 view .LVU1062
 3688 0196 E26A     		ldr	r2, [r4, #44]
1420:Inc/STM32F3xx_HAL_Driver/Src/stm32f3xx_hal_tim_ex.c ****       htim->hdma[TIM_DMA_ID_CC3]->XferHalfCpltCallback = TIM_DMADelayPulseHalfCplt;
 3689              		.loc 1 1420 52 view .LVU1063
 3690 0198 1A49     		ldr	r1, .L314
 3691              	.LVL240:
1420:Inc/STM32F3xx_HAL_Driver/Src/stm32f3xx_hal_tim_ex.c ****       htim->hdma[TIM_DMA_ID_CC3]->XferHalfCpltCallback = TIM_DMADelayPulseHalfCplt;
 3692              		.loc 1 1420 52 view .LVU1064
 3693 019a 9162     		str	r1, [r2, #40]
1421:Inc/STM32F3xx_HAL_Driver/Src/stm32f3xx_hal_tim_ex.c **** 
 3694              		.loc 1 1421 7 is_stmt 1 view .LVU1065
1421:Inc/STM32F3xx_HAL_Driver/Src/stm32f3xx_hal_tim_ex.c **** 
 3695              		.loc 1 1421 17 is_stmt 0 view .LVU1066
 3696 019c E26A     		ldr	r2, [r4, #44]
1421:Inc/STM32F3xx_HAL_Driver/Src/stm32f3xx_hal_tim_ex.c **** 
 3697              		.loc 1 1421 56 view .LVU1067
 3698 019e 1A49     		ldr	r1, .L314+4
 3699 01a0 D162     		str	r1, [r2, #44]
1424:Inc/STM32F3xx_HAL_Driver/Src/stm32f3xx_hal_tim_ex.c **** 
 3700              		.loc 1 1424 7 is_stmt 1 view .LVU1068
1424:Inc/STM32F3xx_HAL_Driver/Src/stm32f3xx_hal_tim_ex.c **** 
 3701              		.loc 1 1424 17 is_stmt 0 view .LVU1069
 3702 01a2 E26A     		ldr	r2, [r4, #44]
1424:Inc/STM32F3xx_HAL_Driver/Src/stm32f3xx_hal_tim_ex.c **** 
 3703              		.loc 1 1424 53 view .LVU1070
 3704 01a4 1949     		ldr	r1, .L314+8
ARM GAS  /tmp/ccfhaacA.s 			page 128


 3705 01a6 1163     		str	r1, [r2, #48]
1427:Inc/STM32F3xx_HAL_Driver/Src/stm32f3xx_hal_tim_ex.c ****                            Length) != HAL_OK)
 3706              		.loc 1 1427 7 is_stmt 1 view .LVU1071
1427:Inc/STM32F3xx_HAL_Driver/Src/stm32f3xx_hal_tim_ex.c ****                            Length) != HAL_OK)
 3707              		.loc 1 1427 88 is_stmt 0 view .LVU1072
 3708 01a8 2268     		ldr	r2, [r4]
1427:Inc/STM32F3xx_HAL_Driver/Src/stm32f3xx_hal_tim_ex.c ****                            Length) != HAL_OK)
 3709              		.loc 1 1427 11 view .LVU1073
 3710 01aa 3C32     		adds	r2, r2, #60
 3711 01ac 3146     		mov	r1, r6
 3712 01ae E06A     		ldr	r0, [r4, #44]
 3713 01b0 FFF7FEFF 		bl	HAL_DMA_Start_IT
 3714              	.LVL241:
1427:Inc/STM32F3xx_HAL_Driver/Src/stm32f3xx_hal_tim_ex.c ****                            Length) != HAL_OK)
 3715              		.loc 1 1427 10 discriminator 1 view .LVU1074
 3716 01b4 F8B9     		cbnz	r0, .L304
1434:Inc/STM32F3xx_HAL_Driver/Src/stm32f3xx_hal_tim_ex.c ****       break;
 3717              		.loc 1 1434 7 is_stmt 1 view .LVU1075
 3718 01b6 2268     		ldr	r2, [r4]
 3719 01b8 D368     		ldr	r3, [r2, #12]
 3720 01ba 43F40063 		orr	r3, r3, #2048
 3721 01be D360     		str	r3, [r2, #12]
1435:Inc/STM32F3xx_HAL_Driver/Src/stm32f3xx_hal_tim_ex.c ****     }
 3722              		.loc 1 1435 7 view .LVU1076
1443:Inc/STM32F3xx_HAL_Driver/Src/stm32f3xx_hal_tim_ex.c ****   {
 3723              		.loc 1 1443 3 view .LVU1077
 3724 01c0 5AE7     		b	.L294
 3725              	.L295:
1454:Inc/STM32F3xx_HAL_Driver/Src/stm32f3xx_hal_tim_ex.c ****       if (!IS_TIM_SLAVEMODE_TRIGGER_ENABLED(tmpsmcr))
 3726              		.loc 1 1454 7 view .LVU1078
1454:Inc/STM32F3xx_HAL_Driver/Src/stm32f3xx_hal_tim_ex.c ****       if (!IS_TIM_SLAVEMODE_TRIGGER_ENABLED(tmpsmcr))
 3727              		.loc 1 1454 31 is_stmt 0 view .LVU1079
 3728 01c2 9968     		ldr	r1, [r3, #8]
1454:Inc/STM32F3xx_HAL_Driver/Src/stm32f3xx_hal_tim_ex.c ****       if (!IS_TIM_SLAVEMODE_TRIGGER_ENABLED(tmpsmcr))
 3729              		.loc 1 1454 15 view .LVU1080
 3730 01c4 134A     		ldr	r2, .L314+16
 3731 01c6 0A40     		ands	r2, r2, r1
 3732              	.LVL242:
1455:Inc/STM32F3xx_HAL_Driver/Src/stm32f3xx_hal_tim_ex.c ****       {
 3733              		.loc 1 1455 7 is_stmt 1 view .LVU1081
1455:Inc/STM32F3xx_HAL_Driver/Src/stm32f3xx_hal_tim_ex.c ****       {
 3734              		.loc 1 1455 10 is_stmt 0 view .LVU1082
 3735 01c8 062A     		cmp	r2, #6
 3736 01ca 16D0     		beq	.L305
1455:Inc/STM32F3xx_HAL_Driver/Src/stm32f3xx_hal_tim_ex.c ****       {
 3737              		.loc 1 1455 11 discriminator 1 view .LVU1083
 3738 01cc B2F5803F 		cmp	r2, #65536
 3739 01d0 15D0     		beq	.L306
1457:Inc/STM32F3xx_HAL_Driver/Src/stm32f3xx_hal_tim_ex.c ****       }
 3740              		.loc 1 1457 9 is_stmt 1 view .LVU1084
 3741 01d2 1A68     		ldr	r2, [r3]
 3742              	.LVL243:
1457:Inc/STM32F3xx_HAL_Driver/Src/stm32f3xx_hal_tim_ex.c ****       }
 3743              		.loc 1 1457 9 is_stmt 0 view .LVU1085
 3744 01d4 42F00102 		orr	r2, r2, #1
 3745 01d8 1A60     		str	r2, [r3]
 3746 01da 0020     		movs	r0, #0
ARM GAS  /tmp/ccfhaacA.s 			page 129


 3747 01dc 02E0     		b	.L283
 3748              	.LVL244:
 3749              	.L297:
1355:Inc/STM32F3xx_HAL_Driver/Src/stm32f3xx_hal_tim_ex.c ****   }
 3750              		.loc 1 1355 12 view .LVU1086
 3751 01de 0220     		movs	r0, #2
 3752 01e0 00E0     		b	.L283
 3753              	.LVL245:
 3754              	.L298:
1370:Inc/STM32F3xx_HAL_Driver/Src/stm32f3xx_hal_tim_ex.c ****   }
 3755              		.loc 1 1370 12 view .LVU1087
 3756 01e2 0120     		movs	r0, #1
 3757              	.LVL246:
 3758              	.L283:
1468:Inc/STM32F3xx_HAL_Driver/Src/stm32f3xx_hal_tim_ex.c **** 
 3759              		.loc 1 1468 1 view .LVU1088
 3760 01e4 70BD     		pop	{r4, r5, r6, pc}
 3761              	.LVL247:
 3762              	.L299:
1361:Inc/STM32F3xx_HAL_Driver/Src/stm32f3xx_hal_tim_ex.c ****     }
 3763              		.loc 1 1361 14 view .LVU1089
 3764 01e6 0120     		movs	r0, #1
 3765 01e8 FCE7     		b	.L283
 3766              	.L300:
 3767 01ea 0120     		movs	r0, #1
 3768 01ec FAE7     		b	.L283
 3769              	.LVL248:
 3770              	.L302:
1389:Inc/STM32F3xx_HAL_Driver/Src/stm32f3xx_hal_tim_ex.c ****       }
 3771              		.loc 1 1389 16 view .LVU1090
 3772 01ee 0120     		movs	r0, #1
 3773 01f0 F8E7     		b	.L283
 3774              	.L303:
1410:Inc/STM32F3xx_HAL_Driver/Src/stm32f3xx_hal_tim_ex.c ****       }
 3775              		.loc 1 1410 16 view .LVU1091
 3776 01f2 0120     		movs	r0, #1
 3777 01f4 F6E7     		b	.L283
 3778              	.L304:
1431:Inc/STM32F3xx_HAL_Driver/Src/stm32f3xx_hal_tim_ex.c ****       }
 3779              		.loc 1 1431 16 view .LVU1092
 3780 01f6 0120     		movs	r0, #1
 3781 01f8 F4E7     		b	.L283
 3782              	.LVL249:
 3783              	.L305:
1431:Inc/STM32F3xx_HAL_Driver/Src/stm32f3xx_hal_tim_ex.c ****       }
 3784              		.loc 1 1431 16 view .LVU1093
 3785 01fa 0020     		movs	r0, #0
 3786 01fc F2E7     		b	.L283
 3787              	.L306:
 3788 01fe 0020     		movs	r0, #0
 3789 0200 F0E7     		b	.L283
 3790              	.L315:
 3791 0202 00BF     		.align	2
 3792              	.L314:
 3793 0204 00000000 		.word	TIM_DMADelayPulseNCplt
 3794 0208 00000000 		.word	TIM_DMADelayPulseHalfCplt
 3795 020c 00000000 		.word	TIM_DMAErrorCCxN
ARM GAS  /tmp/ccfhaacA.s 			page 130


 3796 0210 002C0140 		.word	1073818624
 3797 0214 07000100 		.word	65543
 3798              		.cfi_endproc
 3799              	.LFE150:
 3801              		.section	.text.HAL_TIMEx_PWMN_Stop_DMA,"ax",%progbits
 3802              		.align	1
 3803              		.global	HAL_TIMEx_PWMN_Stop_DMA
 3804              		.syntax unified
 3805              		.thumb
 3806              		.thumb_func
 3808              	HAL_TIMEx_PWMN_Stop_DMA:
 3809              	.LVL250:
 3810              	.LFB151:
1482:Inc/STM32F3xx_HAL_Driver/Src/stm32f3xx_hal_tim_ex.c ****   HAL_StatusTypeDef status = HAL_OK;
 3811              		.loc 1 1482 1 is_stmt 1 view -0
 3812              		.cfi_startproc
 3813              		@ args = 0, pretend = 0, frame = 0
 3814              		@ frame_needed = 0, uses_anonymous_args = 0
1482:Inc/STM32F3xx_HAL_Driver/Src/stm32f3xx_hal_tim_ex.c ****   HAL_StatusTypeDef status = HAL_OK;
 3815              		.loc 1 1482 1 is_stmt 0 view .LVU1095
 3816 0000 38B5     		push	{r3, r4, r5, lr}
 3817              		.cfi_def_cfa_offset 16
 3818              		.cfi_offset 3, -16
 3819              		.cfi_offset 4, -12
 3820              		.cfi_offset 5, -8
 3821              		.cfi_offset 14, -4
 3822 0002 0446     		mov	r4, r0
 3823 0004 0D46     		mov	r5, r1
1483:Inc/STM32F3xx_HAL_Driver/Src/stm32f3xx_hal_tim_ex.c **** 
 3824              		.loc 1 1483 3 is_stmt 1 view .LVU1096
 3825              	.LVL251:
1486:Inc/STM32F3xx_HAL_Driver/Src/stm32f3xx_hal_tim_ex.c **** 
 3826              		.loc 1 1486 3 view .LVU1097
1488:Inc/STM32F3xx_HAL_Driver/Src/stm32f3xx_hal_tim_ex.c ****   {
 3827              		.loc 1 1488 3 view .LVU1098
 3828 0006 0429     		cmp	r1, #4
 3829 0008 34D0     		beq	.L317
 3830 000a 0829     		cmp	r1, #8
 3831 000c 3BD0     		beq	.L318
 3832 000e 0029     		cmp	r1, #0
 3833 0010 55D1     		bne	.L326
1493:Inc/STM32F3xx_HAL_Driver/Src/stm32f3xx_hal_tim_ex.c ****       (void)HAL_DMA_Abort_IT(htim->hdma[TIM_DMA_ID_CC1]);
 3834              		.loc 1 1493 7 view .LVU1099
 3835 0012 0268     		ldr	r2, [r0]
 3836 0014 D368     		ldr	r3, [r2, #12]
 3837 0016 23F40073 		bic	r3, r3, #512
 3838 001a D360     		str	r3, [r2, #12]
1494:Inc/STM32F3xx_HAL_Driver/Src/stm32f3xx_hal_tim_ex.c ****       break;
 3839              		.loc 1 1494 7 view .LVU1100
1494:Inc/STM32F3xx_HAL_Driver/Src/stm32f3xx_hal_tim_ex.c ****       break;
 3840              		.loc 1 1494 13 is_stmt 0 view .LVU1101
 3841 001c 406A     		ldr	r0, [r0, #36]
 3842              	.LVL252:
1494:Inc/STM32F3xx_HAL_Driver/Src/stm32f3xx_hal_tim_ex.c ****       break;
 3843              		.loc 1 1494 13 view .LVU1102
 3844 001e FFF7FEFF 		bl	HAL_DMA_Abort_IT
 3845              	.LVL253:
ARM GAS  /tmp/ccfhaacA.s 			page 131


1495:Inc/STM32F3xx_HAL_Driver/Src/stm32f3xx_hal_tim_ex.c ****     }
 3846              		.loc 1 1495 7 is_stmt 1 view .LVU1103
1519:Inc/STM32F3xx_HAL_Driver/Src/stm32f3xx_hal_tim_ex.c ****   {
 3847              		.loc 1 1519 3 view .LVU1104
 3848              	.L320:
1522:Inc/STM32F3xx_HAL_Driver/Src/stm32f3xx_hal_tim_ex.c **** 
 3849              		.loc 1 1522 5 view .LVU1105
 3850 0022 0022     		movs	r2, #0
 3851 0024 2946     		mov	r1, r5
 3852 0026 2068     		ldr	r0, [r4]
 3853 0028 FFF7FEFF 		bl	TIM_CCxNChannelCmd
 3854              	.LVL254:
1525:Inc/STM32F3xx_HAL_Driver/Src/stm32f3xx_hal_tim_ex.c **** 
 3855              		.loc 1 1525 5 view .LVU1106
1525:Inc/STM32F3xx_HAL_Driver/Src/stm32f3xx_hal_tim_ex.c **** 
 3856              		.loc 1 1525 5 view .LVU1107
 3857 002c 2368     		ldr	r3, [r4]
 3858 002e 196A     		ldr	r1, [r3, #32]
 3859 0030 41F21112 		movw	r2, #4369
 3860 0034 1142     		tst	r1, r2
 3861 0036 08D1     		bne	.L321
1525:Inc/STM32F3xx_HAL_Driver/Src/stm32f3xx_hal_tim_ex.c **** 
 3862              		.loc 1 1525 5 discriminator 1 view .LVU1108
 3863 0038 196A     		ldr	r1, [r3, #32]
 3864 003a 40F24442 		movw	r2, #1092
 3865 003e 1142     		tst	r1, r2
 3866 0040 03D1     		bne	.L321
1525:Inc/STM32F3xx_HAL_Driver/Src/stm32f3xx_hal_tim_ex.c **** 
 3867              		.loc 1 1525 5 discriminator 3 view .LVU1109
 3868 0042 5A6C     		ldr	r2, [r3, #68]
 3869 0044 22F40042 		bic	r2, r2, #32768
 3870 0048 5A64     		str	r2, [r3, #68]
 3871              	.L321:
1525:Inc/STM32F3xx_HAL_Driver/Src/stm32f3xx_hal_tim_ex.c **** 
 3872              		.loc 1 1525 5 discriminator 5 view .LVU1110
1528:Inc/STM32F3xx_HAL_Driver/Src/stm32f3xx_hal_tim_ex.c **** 
 3873              		.loc 1 1528 5 view .LVU1111
1528:Inc/STM32F3xx_HAL_Driver/Src/stm32f3xx_hal_tim_ex.c **** 
 3874              		.loc 1 1528 5 view .LVU1112
 3875 004a 2368     		ldr	r3, [r4]
 3876 004c 196A     		ldr	r1, [r3, #32]
 3877 004e 41F21112 		movw	r2, #4369
 3878 0052 1142     		tst	r1, r2
 3879 0054 08D1     		bne	.L322
1528:Inc/STM32F3xx_HAL_Driver/Src/stm32f3xx_hal_tim_ex.c **** 
 3880              		.loc 1 1528 5 discriminator 1 view .LVU1113
 3881 0056 196A     		ldr	r1, [r3, #32]
 3882 0058 40F24442 		movw	r2, #1092
 3883 005c 1142     		tst	r1, r2
 3884 005e 03D1     		bne	.L322
1528:Inc/STM32F3xx_HAL_Driver/Src/stm32f3xx_hal_tim_ex.c **** 
 3885              		.loc 1 1528 5 discriminator 3 view .LVU1114
 3886 0060 1A68     		ldr	r2, [r3]
 3887 0062 22F00102 		bic	r2, r2, #1
 3888 0066 1A60     		str	r2, [r3]
 3889              	.L322:
1528:Inc/STM32F3xx_HAL_Driver/Src/stm32f3xx_hal_tim_ex.c **** 
ARM GAS  /tmp/ccfhaacA.s 			page 132


 3890              		.loc 1 1528 5 discriminator 5 view .LVU1115
1531:Inc/STM32F3xx_HAL_Driver/Src/stm32f3xx_hal_tim_ex.c ****   }
 3891              		.loc 1 1531 5 view .LVU1116
 3892 0068 B5B9     		cbnz	r5, .L323
1531:Inc/STM32F3xx_HAL_Driver/Src/stm32f3xx_hal_tim_ex.c ****   }
 3893              		.loc 1 1531 5 is_stmt 0 discriminator 1 view .LVU1117
 3894 006a 0123     		movs	r3, #1
 3895 006c 84F84430 		strb	r3, [r4, #68]
 3896 0070 0020     		movs	r0, #0
 3897              	.L319:
 3898              	.LVL255:
1535:Inc/STM32F3xx_HAL_Driver/Src/stm32f3xx_hal_tim_ex.c **** }
 3899              		.loc 1 1535 3 is_stmt 1 view .LVU1118
1536:Inc/STM32F3xx_HAL_Driver/Src/stm32f3xx_hal_tim_ex.c **** 
 3900              		.loc 1 1536 1 is_stmt 0 view .LVU1119
 3901 0072 38BD     		pop	{r3, r4, r5, pc}
 3902              	.LVL256:
 3903              	.L317:
1501:Inc/STM32F3xx_HAL_Driver/Src/stm32f3xx_hal_tim_ex.c ****       (void)HAL_DMA_Abort_IT(htim->hdma[TIM_DMA_ID_CC2]);
 3904              		.loc 1 1501 7 is_stmt 1 view .LVU1120
 3905 0074 0268     		ldr	r2, [r0]
 3906 0076 D368     		ldr	r3, [r2, #12]
 3907 0078 23F48063 		bic	r3, r3, #1024
 3908 007c D360     		str	r3, [r2, #12]
1502:Inc/STM32F3xx_HAL_Driver/Src/stm32f3xx_hal_tim_ex.c ****       break;
 3909              		.loc 1 1502 7 view .LVU1121
1502:Inc/STM32F3xx_HAL_Driver/Src/stm32f3xx_hal_tim_ex.c ****       break;
 3910              		.loc 1 1502 13 is_stmt 0 view .LVU1122
 3911 007e 806A     		ldr	r0, [r0, #40]
 3912              	.LVL257:
1502:Inc/STM32F3xx_HAL_Driver/Src/stm32f3xx_hal_tim_ex.c ****       break;
 3913              		.loc 1 1502 13 view .LVU1123
 3914 0080 FFF7FEFF 		bl	HAL_DMA_Abort_IT
 3915              	.LVL258:
1503:Inc/STM32F3xx_HAL_Driver/Src/stm32f3xx_hal_tim_ex.c ****     }
 3916              		.loc 1 1503 7 is_stmt 1 view .LVU1124
1519:Inc/STM32F3xx_HAL_Driver/Src/stm32f3xx_hal_tim_ex.c ****   {
 3917              		.loc 1 1519 3 view .LVU1125
 3918 0084 CDE7     		b	.L320
 3919              	.LVL259:
 3920              	.L318:
1509:Inc/STM32F3xx_HAL_Driver/Src/stm32f3xx_hal_tim_ex.c ****       (void)HAL_DMA_Abort_IT(htim->hdma[TIM_DMA_ID_CC3]);
 3921              		.loc 1 1509 7 view .LVU1126
 3922 0086 0268     		ldr	r2, [r0]
 3923 0088 D368     		ldr	r3, [r2, #12]
 3924 008a 23F40063 		bic	r3, r3, #2048
 3925 008e D360     		str	r3, [r2, #12]
1510:Inc/STM32F3xx_HAL_Driver/Src/stm32f3xx_hal_tim_ex.c ****       break;
 3926              		.loc 1 1510 7 view .LVU1127
1510:Inc/STM32F3xx_HAL_Driver/Src/stm32f3xx_hal_tim_ex.c ****       break;
 3927              		.loc 1 1510 13 is_stmt 0 view .LVU1128
 3928 0090 C06A     		ldr	r0, [r0, #44]
 3929              	.LVL260:
1510:Inc/STM32F3xx_HAL_Driver/Src/stm32f3xx_hal_tim_ex.c ****       break;
 3930              		.loc 1 1510 13 view .LVU1129
 3931 0092 FFF7FEFF 		bl	HAL_DMA_Abort_IT
 3932              	.LVL261:
ARM GAS  /tmp/ccfhaacA.s 			page 133


1511:Inc/STM32F3xx_HAL_Driver/Src/stm32f3xx_hal_tim_ex.c ****     }
 3933              		.loc 1 1511 7 is_stmt 1 view .LVU1130
1519:Inc/STM32F3xx_HAL_Driver/Src/stm32f3xx_hal_tim_ex.c ****   {
 3934              		.loc 1 1519 3 view .LVU1131
 3935 0096 C4E7     		b	.L320
 3936              	.L323:
1531:Inc/STM32F3xx_HAL_Driver/Src/stm32f3xx_hal_tim_ex.c ****   }
 3937              		.loc 1 1531 5 is_stmt 0 discriminator 2 view .LVU1132
 3938 0098 042D     		cmp	r5, #4
 3939 009a 06D0     		beq	.L328
1531:Inc/STM32F3xx_HAL_Driver/Src/stm32f3xx_hal_tim_ex.c ****   }
 3940              		.loc 1 1531 5 discriminator 4 view .LVU1133
 3941 009c 082D     		cmp	r5, #8
 3942 009e 09D0     		beq	.L329
1531:Inc/STM32F3xx_HAL_Driver/Src/stm32f3xx_hal_tim_ex.c ****   }
 3943              		.loc 1 1531 5 discriminator 7 view .LVU1134
 3944 00a0 0123     		movs	r3, #1
 3945 00a2 84F84730 		strb	r3, [r4, #71]
 3946 00a6 0020     		movs	r0, #0
 3947 00a8 E3E7     		b	.L319
 3948              	.L328:
1531:Inc/STM32F3xx_HAL_Driver/Src/stm32f3xx_hal_tim_ex.c ****   }
 3949              		.loc 1 1531 5 discriminator 3 view .LVU1135
 3950 00aa 0123     		movs	r3, #1
 3951 00ac 84F84530 		strb	r3, [r4, #69]
 3952 00b0 0020     		movs	r0, #0
 3953 00b2 DEE7     		b	.L319
 3954              	.L329:
1531:Inc/STM32F3xx_HAL_Driver/Src/stm32f3xx_hal_tim_ex.c ****   }
 3955              		.loc 1 1531 5 discriminator 6 view .LVU1136
 3956 00b4 0123     		movs	r3, #1
 3957 00b6 84F84630 		strb	r3, [r4, #70]
 3958 00ba 0020     		movs	r0, #0
 3959 00bc D9E7     		b	.L319
 3960              	.LVL262:
 3961              	.L326:
1488:Inc/STM32F3xx_HAL_Driver/Src/stm32f3xx_hal_tim_ex.c ****   {
 3962              		.loc 1 1488 3 view .LVU1137
 3963 00be 0120     		movs	r0, #1
 3964              	.LVL263:
1488:Inc/STM32F3xx_HAL_Driver/Src/stm32f3xx_hal_tim_ex.c ****   {
 3965              		.loc 1 1488 3 view .LVU1138
 3966 00c0 D7E7     		b	.L319
 3967              		.cfi_endproc
 3968              	.LFE151:
 3970              		.section	.text.HAL_TIMEx_OnePulseN_Start,"ax",%progbits
 3971              		.align	1
 3972              		.global	HAL_TIMEx_OnePulseN_Start
 3973              		.syntax unified
 3974              		.thumb
 3975              		.thumb_func
 3977              	HAL_TIMEx_OnePulseN_Start:
 3978              	.LVL264:
 3979              	.LFB152:
1573:Inc/STM32F3xx_HAL_Driver/Src/stm32f3xx_hal_tim_ex.c ****   uint32_t input_channel = (OutputChannel == TIM_CHANNEL_1) ? TIM_CHANNEL_2 : TIM_CHANNEL_1;
 3980              		.loc 1 1573 1 is_stmt 1 view -0
 3981              		.cfi_startproc
ARM GAS  /tmp/ccfhaacA.s 			page 134


 3982              		@ args = 0, pretend = 0, frame = 0
 3983              		@ frame_needed = 0, uses_anonymous_args = 0
1573:Inc/STM32F3xx_HAL_Driver/Src/stm32f3xx_hal_tim_ex.c ****   uint32_t input_channel = (OutputChannel == TIM_CHANNEL_1) ? TIM_CHANNEL_2 : TIM_CHANNEL_1;
 3984              		.loc 1 1573 1 is_stmt 0 view .LVU1140
 3985 0000 70B5     		push	{r4, r5, r6, lr}
 3986              		.cfi_def_cfa_offset 16
 3987              		.cfi_offset 4, -16
 3988              		.cfi_offset 5, -12
 3989              		.cfi_offset 6, -8
 3990              		.cfi_offset 14, -4
 3991 0002 0446     		mov	r4, r0
1574:Inc/STM32F3xx_HAL_Driver/Src/stm32f3xx_hal_tim_ex.c ****   HAL_TIM_ChannelStateTypeDef channel_1_state = TIM_CHANNEL_STATE_GET(htim, TIM_CHANNEL_1);
 3992              		.loc 1 1574 3 is_stmt 1 view .LVU1141
1574:Inc/STM32F3xx_HAL_Driver/Src/stm32f3xx_hal_tim_ex.c ****   HAL_TIM_ChannelStateTypeDef channel_1_state = TIM_CHANNEL_STATE_GET(htim, TIM_CHANNEL_1);
 3993              		.loc 1 1574 77 is_stmt 0 view .LVU1142
 3994 0004 0E46     		mov	r6, r1
 3995 0006 D1B9     		cbnz	r1, .L333
1574:Inc/STM32F3xx_HAL_Driver/Src/stm32f3xx_hal_tim_ex.c ****   HAL_TIM_ChannelStateTypeDef channel_1_state = TIM_CHANNEL_STATE_GET(htim, TIM_CHANNEL_1);
 3996              		.loc 1 1574 77 discriminator 1 view .LVU1143
 3997 0008 0425     		movs	r5, #4
 3998              	.L331:
 3999              	.LVL265:
1575:Inc/STM32F3xx_HAL_Driver/Src/stm32f3xx_hal_tim_ex.c ****   HAL_TIM_ChannelStateTypeDef channel_2_state = TIM_CHANNEL_STATE_GET(htim, TIM_CHANNEL_2);
 4000              		.loc 1 1575 3 is_stmt 1 view .LVU1144
1575:Inc/STM32F3xx_HAL_Driver/Src/stm32f3xx_hal_tim_ex.c ****   HAL_TIM_ChannelStateTypeDef channel_2_state = TIM_CHANNEL_STATE_GET(htim, TIM_CHANNEL_2);
 4001              		.loc 1 1575 31 is_stmt 0 view .LVU1145
 4002 000a 94F83EE0 		ldrb	lr, [r4, #62]	@ zero_extendqisi2
 4003 000e 5FFA8EF0 		uxtb	r0, lr
 4004              	.LVL266:
1576:Inc/STM32F3xx_HAL_Driver/Src/stm32f3xx_hal_tim_ex.c ****   HAL_TIM_ChannelStateTypeDef complementary_channel_1_state = TIM_CHANNEL_N_STATE_GET(htim, TIM_CHA
 4005              		.loc 1 1576 3 is_stmt 1 view .LVU1146
1576:Inc/STM32F3xx_HAL_Driver/Src/stm32f3xx_hal_tim_ex.c ****   HAL_TIM_ChannelStateTypeDef complementary_channel_1_state = TIM_CHANNEL_N_STATE_GET(htim, TIM_CHA
 4006              		.loc 1 1576 31 is_stmt 0 view .LVU1147
 4007 0012 94F83F30 		ldrb	r3, [r4, #63]	@ zero_extendqisi2
 4008 0016 DBB2     		uxtb	r3, r3
 4009              	.LVL267:
1577:Inc/STM32F3xx_HAL_Driver/Src/stm32f3xx_hal_tim_ex.c ****   HAL_TIM_ChannelStateTypeDef complementary_channel_2_state = TIM_CHANNEL_N_STATE_GET(htim, TIM_CHA
 4010              		.loc 1 1577 3 is_stmt 1 view .LVU1148
1577:Inc/STM32F3xx_HAL_Driver/Src/stm32f3xx_hal_tim_ex.c ****   HAL_TIM_ChannelStateTypeDef complementary_channel_2_state = TIM_CHANNEL_N_STATE_GET(htim, TIM_CHA
 4011              		.loc 1 1577 31 is_stmt 0 view .LVU1149
 4012 0018 94F84420 		ldrb	r2, [r4, #68]	@ zero_extendqisi2
 4013 001c D2B2     		uxtb	r2, r2
 4014              	.LVL268:
1578:Inc/STM32F3xx_HAL_Driver/Src/stm32f3xx_hal_tim_ex.c **** 
 4015              		.loc 1 1578 3 is_stmt 1 view .LVU1150
1578:Inc/STM32F3xx_HAL_Driver/Src/stm32f3xx_hal_tim_ex.c **** 
 4016              		.loc 1 1578 31 is_stmt 0 view .LVU1151
 4017 001e 94F845C0 		ldrb	ip, [r4, #69]	@ zero_extendqisi2
 4018 0022 5FFA8CFC 		uxtb	ip, ip
 4019              	.LVL269:
1581:Inc/STM32F3xx_HAL_Driver/Src/stm32f3xx_hal_tim_ex.c **** 
 4020              		.loc 1 1581 3 is_stmt 1 view .LVU1152
1584:Inc/STM32F3xx_HAL_Driver/Src/stm32f3xx_hal_tim_ex.c ****       || (channel_2_state != HAL_TIM_CHANNEL_STATE_READY)
 4021              		.loc 1 1584 3 view .LVU1153
1584:Inc/STM32F3xx_HAL_Driver/Src/stm32f3xx_hal_tim_ex.c ****       || (channel_2_state != HAL_TIM_CHANNEL_STATE_READY)
 4022              		.loc 1 1584 6 is_stmt 0 view .LVU1154
 4023 0026 BEF1010F 		cmp	lr, #1
ARM GAS  /tmp/ccfhaacA.s 			page 135


 4024 002a 24D1     		bne	.L334
1585:Inc/STM32F3xx_HAL_Driver/Src/stm32f3xx_hal_tim_ex.c ****       || (complementary_channel_1_state != HAL_TIM_CHANNEL_STATE_READY)
 4025              		.loc 1 1585 7 view .LVU1155
 4026 002c 012B     		cmp	r3, #1
 4027 002e 23D1     		bne	.L332
1586:Inc/STM32F3xx_HAL_Driver/Src/stm32f3xx_hal_tim_ex.c ****       || (complementary_channel_2_state != HAL_TIM_CHANNEL_STATE_READY))
 4028              		.loc 1 1586 7 view .LVU1156
 4029 0030 012A     		cmp	r2, #1
 4030 0032 22D1     		bne	.L335
1587:Inc/STM32F3xx_HAL_Driver/Src/stm32f3xx_hal_tim_ex.c ****   {
 4031              		.loc 1 1587 7 view .LVU1157
 4032 0034 BCF1010F 		cmp	ip, #1
 4033 0038 03D0     		beq	.L338
1589:Inc/STM32F3xx_HAL_Driver/Src/stm32f3xx_hal_tim_ex.c ****   }
 4034              		.loc 1 1589 12 view .LVU1158
 4035 003a 1046     		mov	r0, r2
 4036              	.LVL270:
1589:Inc/STM32F3xx_HAL_Driver/Src/stm32f3xx_hal_tim_ex.c ****   }
 4037              		.loc 1 1589 12 view .LVU1159
 4038 003c 1CE0     		b	.L332
 4039              	.LVL271:
 4040              	.L333:
1574:Inc/STM32F3xx_HAL_Driver/Src/stm32f3xx_hal_tim_ex.c ****   HAL_TIM_ChannelStateTypeDef channel_1_state = TIM_CHANNEL_STATE_GET(htim, TIM_CHANNEL_1);
 4041              		.loc 1 1574 77 discriminator 2 view .LVU1160
 4042 003e 0025     		movs	r5, #0
 4043 0040 E3E7     		b	.L331
 4044              	.LVL272:
 4045              	.L338:
1593:Inc/STM32F3xx_HAL_Driver/Src/stm32f3xx_hal_tim_ex.c ****   TIM_CHANNEL_STATE_SET(htim, TIM_CHANNEL_2, HAL_TIM_CHANNEL_STATE_BUSY);
 4046              		.loc 1 1593 3 is_stmt 1 view .LVU1161
 4047 0042 0223     		movs	r3, #2
 4048              	.LVL273:
1593:Inc/STM32F3xx_HAL_Driver/Src/stm32f3xx_hal_tim_ex.c ****   TIM_CHANNEL_STATE_SET(htim, TIM_CHANNEL_2, HAL_TIM_CHANNEL_STATE_BUSY);
 4049              		.loc 1 1593 3 is_stmt 0 view .LVU1162
 4050 0044 84F83E30 		strb	r3, [r4, #62]
1594:Inc/STM32F3xx_HAL_Driver/Src/stm32f3xx_hal_tim_ex.c ****   TIM_CHANNEL_N_STATE_SET(htim, TIM_CHANNEL_1, HAL_TIM_CHANNEL_STATE_BUSY);
 4051              		.loc 1 1594 3 is_stmt 1 view .LVU1163
 4052 0048 84F83F30 		strb	r3, [r4, #63]
1595:Inc/STM32F3xx_HAL_Driver/Src/stm32f3xx_hal_tim_ex.c ****   TIM_CHANNEL_N_STATE_SET(htim, TIM_CHANNEL_2, HAL_TIM_CHANNEL_STATE_BUSY);
 4053              		.loc 1 1595 3 view .LVU1164
 4054 004c 84F84430 		strb	r3, [r4, #68]
1596:Inc/STM32F3xx_HAL_Driver/Src/stm32f3xx_hal_tim_ex.c **** 
 4055              		.loc 1 1596 3 view .LVU1165
 4056 0050 84F84530 		strb	r3, [r4, #69]
1599:Inc/STM32F3xx_HAL_Driver/Src/stm32f3xx_hal_tim_ex.c ****   TIM_CCxChannelCmd(htim->Instance, input_channel, TIM_CCx_ENABLE);
 4057              		.loc 1 1599 3 view .LVU1166
 4058 0054 0422     		movs	r2, #4
 4059              	.LVL274:
1599:Inc/STM32F3xx_HAL_Driver/Src/stm32f3xx_hal_tim_ex.c ****   TIM_CCxChannelCmd(htim->Instance, input_channel, TIM_CCx_ENABLE);
 4060              		.loc 1 1599 3 is_stmt 0 view .LVU1167
 4061 0056 3146     		mov	r1, r6
 4062              	.LVL275:
1599:Inc/STM32F3xx_HAL_Driver/Src/stm32f3xx_hal_tim_ex.c ****   TIM_CCxChannelCmd(htim->Instance, input_channel, TIM_CCx_ENABLE);
 4063              		.loc 1 1599 3 view .LVU1168
 4064 0058 2068     		ldr	r0, [r4]
 4065              	.LVL276:
1599:Inc/STM32F3xx_HAL_Driver/Src/stm32f3xx_hal_tim_ex.c ****   TIM_CCxChannelCmd(htim->Instance, input_channel, TIM_CCx_ENABLE);
ARM GAS  /tmp/ccfhaacA.s 			page 136


 4066              		.loc 1 1599 3 view .LVU1169
 4067 005a FFF7FEFF 		bl	TIM_CCxNChannelCmd
 4068              	.LVL277:
1600:Inc/STM32F3xx_HAL_Driver/Src/stm32f3xx_hal_tim_ex.c **** 
 4069              		.loc 1 1600 3 is_stmt 1 view .LVU1170
 4070 005e 0122     		movs	r2, #1
 4071 0060 2946     		mov	r1, r5
 4072 0062 2068     		ldr	r0, [r4]
 4073 0064 FFF7FEFF 		bl	TIM_CCxChannelCmd
 4074              	.LVL278:
1603:Inc/STM32F3xx_HAL_Driver/Src/stm32f3xx_hal_tim_ex.c **** 
 4075              		.loc 1 1603 3 view .LVU1171
 4076 0068 2268     		ldr	r2, [r4]
 4077 006a 536C     		ldr	r3, [r2, #68]
 4078 006c 43F40043 		orr	r3, r3, #32768
 4079 0070 5364     		str	r3, [r2, #68]
1606:Inc/STM32F3xx_HAL_Driver/Src/stm32f3xx_hal_tim_ex.c **** }
 4080              		.loc 1 1606 3 view .LVU1172
1606:Inc/STM32F3xx_HAL_Driver/Src/stm32f3xx_hal_tim_ex.c **** }
 4081              		.loc 1 1606 10 is_stmt 0 view .LVU1173
 4082 0072 0020     		movs	r0, #0
 4083 0074 00E0     		b	.L332
 4084              	.LVL279:
 4085              	.L334:
1589:Inc/STM32F3xx_HAL_Driver/Src/stm32f3xx_hal_tim_ex.c ****   }
 4086              		.loc 1 1589 12 view .LVU1174
 4087 0076 0120     		movs	r0, #1
 4088              	.LVL280:
 4089              	.L332:
1607:Inc/STM32F3xx_HAL_Driver/Src/stm32f3xx_hal_tim_ex.c **** 
 4090              		.loc 1 1607 1 view .LVU1175
 4091 0078 70BD     		pop	{r4, r5, r6, pc}
 4092              	.LVL281:
 4093              	.L335:
1589:Inc/STM32F3xx_HAL_Driver/Src/stm32f3xx_hal_tim_ex.c ****   }
 4094              		.loc 1 1589 12 view .LVU1176
 4095 007a 1846     		mov	r0, r3
 4096              	.LVL282:
1589:Inc/STM32F3xx_HAL_Driver/Src/stm32f3xx_hal_tim_ex.c ****   }
 4097              		.loc 1 1589 12 view .LVU1177
 4098 007c FCE7     		b	.L332
 4099              		.cfi_endproc
 4100              	.LFE152:
 4102              		.section	.text.HAL_TIMEx_OnePulseN_Stop,"ax",%progbits
 4103              		.align	1
 4104              		.global	HAL_TIMEx_OnePulseN_Stop
 4105              		.syntax unified
 4106              		.thumb
 4107              		.thumb_func
 4109              	HAL_TIMEx_OnePulseN_Stop:
 4110              	.LVL283:
 4111              	.LFB153:
1622:Inc/STM32F3xx_HAL_Driver/Src/stm32f3xx_hal_tim_ex.c ****   uint32_t input_channel = (OutputChannel == TIM_CHANNEL_1) ? TIM_CHANNEL_2 : TIM_CHANNEL_1;
 4112              		.loc 1 1622 1 is_stmt 1 view -0
 4113              		.cfi_startproc
 4114              		@ args = 0, pretend = 0, frame = 0
 4115              		@ frame_needed = 0, uses_anonymous_args = 0
ARM GAS  /tmp/ccfhaacA.s 			page 137


1622:Inc/STM32F3xx_HAL_Driver/Src/stm32f3xx_hal_tim_ex.c ****   uint32_t input_channel = (OutputChannel == TIM_CHANNEL_1) ? TIM_CHANNEL_2 : TIM_CHANNEL_1;
 4116              		.loc 1 1622 1 is_stmt 0 view .LVU1179
 4117 0000 38B5     		push	{r3, r4, r5, lr}
 4118              		.cfi_def_cfa_offset 16
 4119              		.cfi_offset 3, -16
 4120              		.cfi_offset 4, -12
 4121              		.cfi_offset 5, -8
 4122              		.cfi_offset 14, -4
 4123 0002 0446     		mov	r4, r0
1623:Inc/STM32F3xx_HAL_Driver/Src/stm32f3xx_hal_tim_ex.c **** 
 4124              		.loc 1 1623 3 is_stmt 1 view .LVU1180
1623:Inc/STM32F3xx_HAL_Driver/Src/stm32f3xx_hal_tim_ex.c **** 
 4125              		.loc 1 1623 77 is_stmt 0 view .LVU1181
 4126 0004 0029     		cmp	r1, #0
 4127 0006 32D1     		bne	.L343
1623:Inc/STM32F3xx_HAL_Driver/Src/stm32f3xx_hal_tim_ex.c **** 
 4128              		.loc 1 1623 77 discriminator 1 view .LVU1182
 4129 0008 0425     		movs	r5, #4
 4130              	.L340:
 4131              	.LVL284:
1626:Inc/STM32F3xx_HAL_Driver/Src/stm32f3xx_hal_tim_ex.c **** 
 4132              		.loc 1 1626 3 is_stmt 1 view .LVU1183
1629:Inc/STM32F3xx_HAL_Driver/Src/stm32f3xx_hal_tim_ex.c ****   TIM_CCxChannelCmd(htim->Instance, input_channel, TIM_CCx_DISABLE);
 4133              		.loc 1 1629 3 view .LVU1184
 4134 000a 0022     		movs	r2, #0
 4135 000c 2068     		ldr	r0, [r4]
 4136              	.LVL285:
1629:Inc/STM32F3xx_HAL_Driver/Src/stm32f3xx_hal_tim_ex.c ****   TIM_CCxChannelCmd(htim->Instance, input_channel, TIM_CCx_DISABLE);
 4137              		.loc 1 1629 3 is_stmt 0 view .LVU1185
 4138 000e FFF7FEFF 		bl	TIM_CCxNChannelCmd
 4139              	.LVL286:
1630:Inc/STM32F3xx_HAL_Driver/Src/stm32f3xx_hal_tim_ex.c **** 
 4140              		.loc 1 1630 3 is_stmt 1 view .LVU1186
 4141 0012 0022     		movs	r2, #0
 4142 0014 2946     		mov	r1, r5
 4143 0016 2068     		ldr	r0, [r4]
 4144 0018 FFF7FEFF 		bl	TIM_CCxChannelCmd
 4145              	.LVL287:
1633:Inc/STM32F3xx_HAL_Driver/Src/stm32f3xx_hal_tim_ex.c **** 
 4146              		.loc 1 1633 3 view .LVU1187
1633:Inc/STM32F3xx_HAL_Driver/Src/stm32f3xx_hal_tim_ex.c **** 
 4147              		.loc 1 1633 3 view .LVU1188
 4148 001c 2368     		ldr	r3, [r4]
 4149 001e 196A     		ldr	r1, [r3, #32]
 4150 0020 41F21112 		movw	r2, #4369
 4151 0024 1142     		tst	r1, r2
 4152 0026 08D1     		bne	.L341
1633:Inc/STM32F3xx_HAL_Driver/Src/stm32f3xx_hal_tim_ex.c **** 
 4153              		.loc 1 1633 3 discriminator 1 view .LVU1189
 4154 0028 196A     		ldr	r1, [r3, #32]
 4155 002a 40F24442 		movw	r2, #1092
 4156 002e 1142     		tst	r1, r2
 4157 0030 03D1     		bne	.L341
1633:Inc/STM32F3xx_HAL_Driver/Src/stm32f3xx_hal_tim_ex.c **** 
 4158              		.loc 1 1633 3 discriminator 3 view .LVU1190
 4159 0032 5A6C     		ldr	r2, [r3, #68]
 4160 0034 22F40042 		bic	r2, r2, #32768
ARM GAS  /tmp/ccfhaacA.s 			page 138


 4161 0038 5A64     		str	r2, [r3, #68]
 4162              	.L341:
1633:Inc/STM32F3xx_HAL_Driver/Src/stm32f3xx_hal_tim_ex.c **** 
 4163              		.loc 1 1633 3 discriminator 5 view .LVU1191
1636:Inc/STM32F3xx_HAL_Driver/Src/stm32f3xx_hal_tim_ex.c **** 
 4164              		.loc 1 1636 3 view .LVU1192
1636:Inc/STM32F3xx_HAL_Driver/Src/stm32f3xx_hal_tim_ex.c **** 
 4165              		.loc 1 1636 3 view .LVU1193
 4166 003a 2368     		ldr	r3, [r4]
 4167 003c 196A     		ldr	r1, [r3, #32]
 4168 003e 41F21112 		movw	r2, #4369
 4169 0042 1142     		tst	r1, r2
 4170 0044 08D1     		bne	.L342
1636:Inc/STM32F3xx_HAL_Driver/Src/stm32f3xx_hal_tim_ex.c **** 
 4171              		.loc 1 1636 3 discriminator 1 view .LVU1194
 4172 0046 196A     		ldr	r1, [r3, #32]
 4173 0048 40F24442 		movw	r2, #1092
 4174 004c 1142     		tst	r1, r2
 4175 004e 03D1     		bne	.L342
1636:Inc/STM32F3xx_HAL_Driver/Src/stm32f3xx_hal_tim_ex.c **** 
 4176              		.loc 1 1636 3 discriminator 3 view .LVU1195
 4177 0050 1A68     		ldr	r2, [r3]
 4178 0052 22F00102 		bic	r2, r2, #1
 4179 0056 1A60     		str	r2, [r3]
 4180              	.L342:
1636:Inc/STM32F3xx_HAL_Driver/Src/stm32f3xx_hal_tim_ex.c **** 
 4181              		.loc 1 1636 3 discriminator 5 view .LVU1196
1639:Inc/STM32F3xx_HAL_Driver/Src/stm32f3xx_hal_tim_ex.c ****   TIM_CHANNEL_STATE_SET(htim, TIM_CHANNEL_2, HAL_TIM_CHANNEL_STATE_READY);
 4182              		.loc 1 1639 3 view .LVU1197
 4183 0058 0123     		movs	r3, #1
 4184 005a 84F83E30 		strb	r3, [r4, #62]
1640:Inc/STM32F3xx_HAL_Driver/Src/stm32f3xx_hal_tim_ex.c ****   TIM_CHANNEL_N_STATE_SET(htim, TIM_CHANNEL_1, HAL_TIM_CHANNEL_STATE_READY);
 4185              		.loc 1 1640 3 view .LVU1198
 4186 005e 84F83F30 		strb	r3, [r4, #63]
1641:Inc/STM32F3xx_HAL_Driver/Src/stm32f3xx_hal_tim_ex.c ****   TIM_CHANNEL_N_STATE_SET(htim, TIM_CHANNEL_2, HAL_TIM_CHANNEL_STATE_READY);
 4187              		.loc 1 1641 3 view .LVU1199
 4188 0062 84F84430 		strb	r3, [r4, #68]
1642:Inc/STM32F3xx_HAL_Driver/Src/stm32f3xx_hal_tim_ex.c **** 
 4189              		.loc 1 1642 3 view .LVU1200
 4190 0066 84F84530 		strb	r3, [r4, #69]
1645:Inc/STM32F3xx_HAL_Driver/Src/stm32f3xx_hal_tim_ex.c **** }
 4191              		.loc 1 1645 3 view .LVU1201
1646:Inc/STM32F3xx_HAL_Driver/Src/stm32f3xx_hal_tim_ex.c **** 
 4192              		.loc 1 1646 1 is_stmt 0 view .LVU1202
 4193 006a 0020     		movs	r0, #0
 4194 006c 38BD     		pop	{r3, r4, r5, pc}
 4195              	.LVL288:
 4196              	.L343:
1623:Inc/STM32F3xx_HAL_Driver/Src/stm32f3xx_hal_tim_ex.c **** 
 4197              		.loc 1 1623 77 discriminator 2 view .LVU1203
 4198 006e 0025     		movs	r5, #0
 4199 0070 CBE7     		b	.L340
 4200              		.cfi_endproc
 4201              	.LFE153:
 4203              		.section	.text.HAL_TIMEx_OnePulseN_Start_IT,"ax",%progbits
 4204              		.align	1
 4205              		.global	HAL_TIMEx_OnePulseN_Start_IT
ARM GAS  /tmp/ccfhaacA.s 			page 139


 4206              		.syntax unified
 4207              		.thumb
 4208              		.thumb_func
 4210              	HAL_TIMEx_OnePulseN_Start_IT:
 4211              	.LVL289:
 4212              	.LFB154:
1661:Inc/STM32F3xx_HAL_Driver/Src/stm32f3xx_hal_tim_ex.c ****   uint32_t input_channel = (OutputChannel == TIM_CHANNEL_1) ? TIM_CHANNEL_2 : TIM_CHANNEL_1;
 4213              		.loc 1 1661 1 is_stmt 1 view -0
 4214              		.cfi_startproc
 4215              		@ args = 0, pretend = 0, frame = 0
 4216              		@ frame_needed = 0, uses_anonymous_args = 0
1661:Inc/STM32F3xx_HAL_Driver/Src/stm32f3xx_hal_tim_ex.c ****   uint32_t input_channel = (OutputChannel == TIM_CHANNEL_1) ? TIM_CHANNEL_2 : TIM_CHANNEL_1;
 4217              		.loc 1 1661 1 is_stmt 0 view .LVU1205
 4218 0000 70B5     		push	{r4, r5, r6, lr}
 4219              		.cfi_def_cfa_offset 16
 4220              		.cfi_offset 4, -16
 4221              		.cfi_offset 5, -12
 4222              		.cfi_offset 6, -8
 4223              		.cfi_offset 14, -4
 4224 0002 0446     		mov	r4, r0
1662:Inc/STM32F3xx_HAL_Driver/Src/stm32f3xx_hal_tim_ex.c ****   HAL_TIM_ChannelStateTypeDef channel_1_state = TIM_CHANNEL_STATE_GET(htim, TIM_CHANNEL_1);
 4225              		.loc 1 1662 3 is_stmt 1 view .LVU1206
1662:Inc/STM32F3xx_HAL_Driver/Src/stm32f3xx_hal_tim_ex.c ****   HAL_TIM_ChannelStateTypeDef channel_1_state = TIM_CHANNEL_STATE_GET(htim, TIM_CHANNEL_1);
 4226              		.loc 1 1662 77 is_stmt 0 view .LVU1207
 4227 0004 0E46     		mov	r6, r1
 4228 0006 D1B9     		cbnz	r1, .L348
1662:Inc/STM32F3xx_HAL_Driver/Src/stm32f3xx_hal_tim_ex.c ****   HAL_TIM_ChannelStateTypeDef channel_1_state = TIM_CHANNEL_STATE_GET(htim, TIM_CHANNEL_1);
 4229              		.loc 1 1662 77 discriminator 1 view .LVU1208
 4230 0008 0425     		movs	r5, #4
 4231              	.L346:
 4232              	.LVL290:
1663:Inc/STM32F3xx_HAL_Driver/Src/stm32f3xx_hal_tim_ex.c ****   HAL_TIM_ChannelStateTypeDef channel_2_state = TIM_CHANNEL_STATE_GET(htim, TIM_CHANNEL_2);
 4233              		.loc 1 1663 3 is_stmt 1 view .LVU1209
1663:Inc/STM32F3xx_HAL_Driver/Src/stm32f3xx_hal_tim_ex.c ****   HAL_TIM_ChannelStateTypeDef channel_2_state = TIM_CHANNEL_STATE_GET(htim, TIM_CHANNEL_2);
 4234              		.loc 1 1663 31 is_stmt 0 view .LVU1210
 4235 000a 94F83EE0 		ldrb	lr, [r4, #62]	@ zero_extendqisi2
 4236 000e 5FFA8EF0 		uxtb	r0, lr
 4237              	.LVL291:
1664:Inc/STM32F3xx_HAL_Driver/Src/stm32f3xx_hal_tim_ex.c ****   HAL_TIM_ChannelStateTypeDef complementary_channel_1_state = TIM_CHANNEL_N_STATE_GET(htim, TIM_CHA
 4238              		.loc 1 1664 3 is_stmt 1 view .LVU1211
1664:Inc/STM32F3xx_HAL_Driver/Src/stm32f3xx_hal_tim_ex.c ****   HAL_TIM_ChannelStateTypeDef complementary_channel_1_state = TIM_CHANNEL_N_STATE_GET(htim, TIM_CHA
 4239              		.loc 1 1664 31 is_stmt 0 view .LVU1212
 4240 0012 94F83F30 		ldrb	r3, [r4, #63]	@ zero_extendqisi2
 4241 0016 DBB2     		uxtb	r3, r3
 4242              	.LVL292:
1665:Inc/STM32F3xx_HAL_Driver/Src/stm32f3xx_hal_tim_ex.c ****   HAL_TIM_ChannelStateTypeDef complementary_channel_2_state = TIM_CHANNEL_N_STATE_GET(htim, TIM_CHA
 4243              		.loc 1 1665 3 is_stmt 1 view .LVU1213
1665:Inc/STM32F3xx_HAL_Driver/Src/stm32f3xx_hal_tim_ex.c ****   HAL_TIM_ChannelStateTypeDef complementary_channel_2_state = TIM_CHANNEL_N_STATE_GET(htim, TIM_CHA
 4244              		.loc 1 1665 31 is_stmt 0 view .LVU1214
 4245 0018 94F84420 		ldrb	r2, [r4, #68]	@ zero_extendqisi2
 4246 001c D2B2     		uxtb	r2, r2
 4247              	.LVL293:
1666:Inc/STM32F3xx_HAL_Driver/Src/stm32f3xx_hal_tim_ex.c **** 
 4248              		.loc 1 1666 3 is_stmt 1 view .LVU1215
1666:Inc/STM32F3xx_HAL_Driver/Src/stm32f3xx_hal_tim_ex.c **** 
 4249              		.loc 1 1666 31 is_stmt 0 view .LVU1216
 4250 001e 94F845C0 		ldrb	ip, [r4, #69]	@ zero_extendqisi2
ARM GAS  /tmp/ccfhaacA.s 			page 140


 4251 0022 5FFA8CFC 		uxtb	ip, ip
 4252              	.LVL294:
1669:Inc/STM32F3xx_HAL_Driver/Src/stm32f3xx_hal_tim_ex.c **** 
 4253              		.loc 1 1669 3 is_stmt 1 view .LVU1217
1672:Inc/STM32F3xx_HAL_Driver/Src/stm32f3xx_hal_tim_ex.c ****       || (channel_2_state != HAL_TIM_CHANNEL_STATE_READY)
 4254              		.loc 1 1672 3 view .LVU1218
1672:Inc/STM32F3xx_HAL_Driver/Src/stm32f3xx_hal_tim_ex.c ****       || (channel_2_state != HAL_TIM_CHANNEL_STATE_READY)
 4255              		.loc 1 1672 6 is_stmt 0 view .LVU1219
 4256 0026 BEF1010F 		cmp	lr, #1
 4257 002a 2ED1     		bne	.L349
1673:Inc/STM32F3xx_HAL_Driver/Src/stm32f3xx_hal_tim_ex.c ****       || (complementary_channel_1_state != HAL_TIM_CHANNEL_STATE_READY)
 4258              		.loc 1 1673 7 view .LVU1220
 4259 002c 012B     		cmp	r3, #1
 4260 002e 2DD1     		bne	.L347
1674:Inc/STM32F3xx_HAL_Driver/Src/stm32f3xx_hal_tim_ex.c ****       || (complementary_channel_2_state != HAL_TIM_CHANNEL_STATE_READY))
 4261              		.loc 1 1674 7 view .LVU1221
 4262 0030 012A     		cmp	r2, #1
 4263 0032 2CD1     		bne	.L350
1675:Inc/STM32F3xx_HAL_Driver/Src/stm32f3xx_hal_tim_ex.c ****   {
 4264              		.loc 1 1675 7 view .LVU1222
 4265 0034 BCF1010F 		cmp	ip, #1
 4266 0038 03D0     		beq	.L353
1677:Inc/STM32F3xx_HAL_Driver/Src/stm32f3xx_hal_tim_ex.c ****   }
 4267              		.loc 1 1677 12 view .LVU1223
 4268 003a 1046     		mov	r0, r2
 4269              	.LVL295:
1677:Inc/STM32F3xx_HAL_Driver/Src/stm32f3xx_hal_tim_ex.c ****   }
 4270              		.loc 1 1677 12 view .LVU1224
 4271 003c 26E0     		b	.L347
 4272              	.LVL296:
 4273              	.L348:
1662:Inc/STM32F3xx_HAL_Driver/Src/stm32f3xx_hal_tim_ex.c ****   HAL_TIM_ChannelStateTypeDef channel_1_state = TIM_CHANNEL_STATE_GET(htim, TIM_CHANNEL_1);
 4274              		.loc 1 1662 77 discriminator 2 view .LVU1225
 4275 003e 0025     		movs	r5, #0
 4276 0040 E3E7     		b	.L346
 4277              	.LVL297:
 4278              	.L353:
1681:Inc/STM32F3xx_HAL_Driver/Src/stm32f3xx_hal_tim_ex.c ****   TIM_CHANNEL_STATE_SET(htim, TIM_CHANNEL_2, HAL_TIM_CHANNEL_STATE_BUSY);
 4279              		.loc 1 1681 3 is_stmt 1 view .LVU1226
 4280 0042 0223     		movs	r3, #2
 4281              	.LVL298:
1681:Inc/STM32F3xx_HAL_Driver/Src/stm32f3xx_hal_tim_ex.c ****   TIM_CHANNEL_STATE_SET(htim, TIM_CHANNEL_2, HAL_TIM_CHANNEL_STATE_BUSY);
 4282              		.loc 1 1681 3 is_stmt 0 view .LVU1227
 4283 0044 84F83E30 		strb	r3, [r4, #62]
1682:Inc/STM32F3xx_HAL_Driver/Src/stm32f3xx_hal_tim_ex.c ****   TIM_CHANNEL_N_STATE_SET(htim, TIM_CHANNEL_1, HAL_TIM_CHANNEL_STATE_BUSY);
 4284              		.loc 1 1682 3 is_stmt 1 view .LVU1228
 4285 0048 84F83F30 		strb	r3, [r4, #63]
1683:Inc/STM32F3xx_HAL_Driver/Src/stm32f3xx_hal_tim_ex.c ****   TIM_CHANNEL_N_STATE_SET(htim, TIM_CHANNEL_2, HAL_TIM_CHANNEL_STATE_BUSY);
 4286              		.loc 1 1683 3 view .LVU1229
 4287 004c 84F84430 		strb	r3, [r4, #68]
1684:Inc/STM32F3xx_HAL_Driver/Src/stm32f3xx_hal_tim_ex.c **** 
 4288              		.loc 1 1684 3 view .LVU1230
 4289 0050 84F84530 		strb	r3, [r4, #69]
1687:Inc/STM32F3xx_HAL_Driver/Src/stm32f3xx_hal_tim_ex.c **** 
 4290              		.loc 1 1687 3 view .LVU1231
 4291 0054 2268     		ldr	r2, [r4]
 4292              	.LVL299:
ARM GAS  /tmp/ccfhaacA.s 			page 141


1687:Inc/STM32F3xx_HAL_Driver/Src/stm32f3xx_hal_tim_ex.c **** 
 4293              		.loc 1 1687 3 is_stmt 0 view .LVU1232
 4294 0056 D368     		ldr	r3, [r2, #12]
 4295 0058 43F00203 		orr	r3, r3, #2
 4296 005c D360     		str	r3, [r2, #12]
1690:Inc/STM32F3xx_HAL_Driver/Src/stm32f3xx_hal_tim_ex.c **** 
 4297              		.loc 1 1690 3 is_stmt 1 view .LVU1233
 4298 005e 2268     		ldr	r2, [r4]
 4299 0060 D368     		ldr	r3, [r2, #12]
 4300 0062 43F00403 		orr	r3, r3, #4
 4301 0066 D360     		str	r3, [r2, #12]
1693:Inc/STM32F3xx_HAL_Driver/Src/stm32f3xx_hal_tim_ex.c ****   TIM_CCxChannelCmd(htim->Instance, input_channel, TIM_CCx_ENABLE);
 4302              		.loc 1 1693 3 view .LVU1234
 4303 0068 0422     		movs	r2, #4
 4304 006a 3146     		mov	r1, r6
 4305              	.LVL300:
1693:Inc/STM32F3xx_HAL_Driver/Src/stm32f3xx_hal_tim_ex.c ****   TIM_CCxChannelCmd(htim->Instance, input_channel, TIM_CCx_ENABLE);
 4306              		.loc 1 1693 3 is_stmt 0 view .LVU1235
 4307 006c 2068     		ldr	r0, [r4]
 4308              	.LVL301:
1693:Inc/STM32F3xx_HAL_Driver/Src/stm32f3xx_hal_tim_ex.c ****   TIM_CCxChannelCmd(htim->Instance, input_channel, TIM_CCx_ENABLE);
 4309              		.loc 1 1693 3 view .LVU1236
 4310 006e FFF7FEFF 		bl	TIM_CCxNChannelCmd
 4311              	.LVL302:
1694:Inc/STM32F3xx_HAL_Driver/Src/stm32f3xx_hal_tim_ex.c **** 
 4312              		.loc 1 1694 3 is_stmt 1 view .LVU1237
 4313 0072 0122     		movs	r2, #1
 4314 0074 2946     		mov	r1, r5
 4315 0076 2068     		ldr	r0, [r4]
 4316 0078 FFF7FEFF 		bl	TIM_CCxChannelCmd
 4317              	.LVL303:
1697:Inc/STM32F3xx_HAL_Driver/Src/stm32f3xx_hal_tim_ex.c **** 
 4318              		.loc 1 1697 3 view .LVU1238
 4319 007c 2268     		ldr	r2, [r4]
 4320 007e 536C     		ldr	r3, [r2, #68]
 4321 0080 43F40043 		orr	r3, r3, #32768
 4322 0084 5364     		str	r3, [r2, #68]
1700:Inc/STM32F3xx_HAL_Driver/Src/stm32f3xx_hal_tim_ex.c **** }
 4323              		.loc 1 1700 3 view .LVU1239
1700:Inc/STM32F3xx_HAL_Driver/Src/stm32f3xx_hal_tim_ex.c **** }
 4324              		.loc 1 1700 10 is_stmt 0 view .LVU1240
 4325 0086 0020     		movs	r0, #0
 4326 0088 00E0     		b	.L347
 4327              	.LVL304:
 4328              	.L349:
1677:Inc/STM32F3xx_HAL_Driver/Src/stm32f3xx_hal_tim_ex.c ****   }
 4329              		.loc 1 1677 12 view .LVU1241
 4330 008a 0120     		movs	r0, #1
 4331              	.LVL305:
 4332              	.L347:
1701:Inc/STM32F3xx_HAL_Driver/Src/stm32f3xx_hal_tim_ex.c **** 
 4333              		.loc 1 1701 1 view .LVU1242
 4334 008c 70BD     		pop	{r4, r5, r6, pc}
 4335              	.LVL306:
 4336              	.L350:
1677:Inc/STM32F3xx_HAL_Driver/Src/stm32f3xx_hal_tim_ex.c ****   }
 4337              		.loc 1 1677 12 view .LVU1243
ARM GAS  /tmp/ccfhaacA.s 			page 142


 4338 008e 1846     		mov	r0, r3
 4339              	.LVL307:
1677:Inc/STM32F3xx_HAL_Driver/Src/stm32f3xx_hal_tim_ex.c ****   }
 4340              		.loc 1 1677 12 view .LVU1244
 4341 0090 FCE7     		b	.L347
 4342              		.cfi_endproc
 4343              	.LFE154:
 4345              		.section	.text.HAL_TIMEx_OnePulseN_Stop_IT,"ax",%progbits
 4346              		.align	1
 4347              		.global	HAL_TIMEx_OnePulseN_Stop_IT
 4348              		.syntax unified
 4349              		.thumb
 4350              		.thumb_func
 4352              	HAL_TIMEx_OnePulseN_Stop_IT:
 4353              	.LVL308:
 4354              	.LFB155:
1716:Inc/STM32F3xx_HAL_Driver/Src/stm32f3xx_hal_tim_ex.c ****   uint32_t input_channel = (OutputChannel == TIM_CHANNEL_1) ? TIM_CHANNEL_2 : TIM_CHANNEL_1;
 4355              		.loc 1 1716 1 is_stmt 1 view -0
 4356              		.cfi_startproc
 4357              		@ args = 0, pretend = 0, frame = 0
 4358              		@ frame_needed = 0, uses_anonymous_args = 0
1716:Inc/STM32F3xx_HAL_Driver/Src/stm32f3xx_hal_tim_ex.c ****   uint32_t input_channel = (OutputChannel == TIM_CHANNEL_1) ? TIM_CHANNEL_2 : TIM_CHANNEL_1;
 4359              		.loc 1 1716 1 is_stmt 0 view .LVU1246
 4360 0000 38B5     		push	{r3, r4, r5, lr}
 4361              		.cfi_def_cfa_offset 16
 4362              		.cfi_offset 3, -16
 4363              		.cfi_offset 4, -12
 4364              		.cfi_offset 5, -8
 4365              		.cfi_offset 14, -4
 4366 0002 0446     		mov	r4, r0
1717:Inc/STM32F3xx_HAL_Driver/Src/stm32f3xx_hal_tim_ex.c **** 
 4367              		.loc 1 1717 3 is_stmt 1 view .LVU1247
1717:Inc/STM32F3xx_HAL_Driver/Src/stm32f3xx_hal_tim_ex.c **** 
 4368              		.loc 1 1717 77 is_stmt 0 view .LVU1248
 4369 0004 0029     		cmp	r1, #0
 4370 0006 3CD1     		bne	.L358
1717:Inc/STM32F3xx_HAL_Driver/Src/stm32f3xx_hal_tim_ex.c **** 
 4371              		.loc 1 1717 77 discriminator 1 view .LVU1249
 4372 0008 0425     		movs	r5, #4
 4373              	.L355:
 4374              	.LVL309:
1720:Inc/STM32F3xx_HAL_Driver/Src/stm32f3xx_hal_tim_ex.c **** 
 4375              		.loc 1 1720 3 is_stmt 1 view .LVU1250
1723:Inc/STM32F3xx_HAL_Driver/Src/stm32f3xx_hal_tim_ex.c **** 
 4376              		.loc 1 1723 3 view .LVU1251
 4377 000a 2268     		ldr	r2, [r4]
 4378 000c D368     		ldr	r3, [r2, #12]
 4379 000e 23F00203 		bic	r3, r3, #2
 4380 0012 D360     		str	r3, [r2, #12]
1726:Inc/STM32F3xx_HAL_Driver/Src/stm32f3xx_hal_tim_ex.c **** 
 4381              		.loc 1 1726 3 view .LVU1252
 4382 0014 2268     		ldr	r2, [r4]
 4383 0016 D368     		ldr	r3, [r2, #12]
 4384 0018 23F00403 		bic	r3, r3, #4
 4385 001c D360     		str	r3, [r2, #12]
1729:Inc/STM32F3xx_HAL_Driver/Src/stm32f3xx_hal_tim_ex.c ****   TIM_CCxChannelCmd(htim->Instance, input_channel, TIM_CCx_DISABLE);
 4386              		.loc 1 1729 3 view .LVU1253
ARM GAS  /tmp/ccfhaacA.s 			page 143


 4387 001e 0022     		movs	r2, #0
 4388 0020 2068     		ldr	r0, [r4]
 4389              	.LVL310:
1729:Inc/STM32F3xx_HAL_Driver/Src/stm32f3xx_hal_tim_ex.c ****   TIM_CCxChannelCmd(htim->Instance, input_channel, TIM_CCx_DISABLE);
 4390              		.loc 1 1729 3 is_stmt 0 view .LVU1254
 4391 0022 FFF7FEFF 		bl	TIM_CCxNChannelCmd
 4392              	.LVL311:
1730:Inc/STM32F3xx_HAL_Driver/Src/stm32f3xx_hal_tim_ex.c **** 
 4393              		.loc 1 1730 3 is_stmt 1 view .LVU1255
 4394 0026 0022     		movs	r2, #0
 4395 0028 2946     		mov	r1, r5
 4396 002a 2068     		ldr	r0, [r4]
 4397 002c FFF7FEFF 		bl	TIM_CCxChannelCmd
 4398              	.LVL312:
1733:Inc/STM32F3xx_HAL_Driver/Src/stm32f3xx_hal_tim_ex.c **** 
 4399              		.loc 1 1733 3 view .LVU1256
1733:Inc/STM32F3xx_HAL_Driver/Src/stm32f3xx_hal_tim_ex.c **** 
 4400              		.loc 1 1733 3 view .LVU1257
 4401 0030 2368     		ldr	r3, [r4]
 4402 0032 196A     		ldr	r1, [r3, #32]
 4403 0034 41F21112 		movw	r2, #4369
 4404 0038 1142     		tst	r1, r2
 4405 003a 08D1     		bne	.L356
1733:Inc/STM32F3xx_HAL_Driver/Src/stm32f3xx_hal_tim_ex.c **** 
 4406              		.loc 1 1733 3 discriminator 1 view .LVU1258
 4407 003c 196A     		ldr	r1, [r3, #32]
 4408 003e 40F24442 		movw	r2, #1092
 4409 0042 1142     		tst	r1, r2
 4410 0044 03D1     		bne	.L356
1733:Inc/STM32F3xx_HAL_Driver/Src/stm32f3xx_hal_tim_ex.c **** 
 4411              		.loc 1 1733 3 discriminator 3 view .LVU1259
 4412 0046 5A6C     		ldr	r2, [r3, #68]
 4413 0048 22F40042 		bic	r2, r2, #32768
 4414 004c 5A64     		str	r2, [r3, #68]
 4415              	.L356:
1733:Inc/STM32F3xx_HAL_Driver/Src/stm32f3xx_hal_tim_ex.c **** 
 4416              		.loc 1 1733 3 discriminator 5 view .LVU1260
1736:Inc/STM32F3xx_HAL_Driver/Src/stm32f3xx_hal_tim_ex.c **** 
 4417              		.loc 1 1736 3 view .LVU1261
1736:Inc/STM32F3xx_HAL_Driver/Src/stm32f3xx_hal_tim_ex.c **** 
 4418              		.loc 1 1736 3 view .LVU1262
 4419 004e 2368     		ldr	r3, [r4]
 4420 0050 196A     		ldr	r1, [r3, #32]
 4421 0052 41F21112 		movw	r2, #4369
 4422 0056 1142     		tst	r1, r2
 4423 0058 08D1     		bne	.L357
1736:Inc/STM32F3xx_HAL_Driver/Src/stm32f3xx_hal_tim_ex.c **** 
 4424              		.loc 1 1736 3 discriminator 1 view .LVU1263
 4425 005a 196A     		ldr	r1, [r3, #32]
 4426 005c 40F24442 		movw	r2, #1092
 4427 0060 1142     		tst	r1, r2
 4428 0062 03D1     		bne	.L357
1736:Inc/STM32F3xx_HAL_Driver/Src/stm32f3xx_hal_tim_ex.c **** 
 4429              		.loc 1 1736 3 discriminator 3 view .LVU1264
 4430 0064 1A68     		ldr	r2, [r3]
 4431 0066 22F00102 		bic	r2, r2, #1
 4432 006a 1A60     		str	r2, [r3]
ARM GAS  /tmp/ccfhaacA.s 			page 144


 4433              	.L357:
1736:Inc/STM32F3xx_HAL_Driver/Src/stm32f3xx_hal_tim_ex.c **** 
 4434              		.loc 1 1736 3 discriminator 5 view .LVU1265
1739:Inc/STM32F3xx_HAL_Driver/Src/stm32f3xx_hal_tim_ex.c ****   TIM_CHANNEL_STATE_SET(htim, TIM_CHANNEL_2, HAL_TIM_CHANNEL_STATE_READY);
 4435              		.loc 1 1739 3 view .LVU1266
 4436 006c 0123     		movs	r3, #1
 4437 006e 84F83E30 		strb	r3, [r4, #62]
1740:Inc/STM32F3xx_HAL_Driver/Src/stm32f3xx_hal_tim_ex.c ****   TIM_CHANNEL_N_STATE_SET(htim, TIM_CHANNEL_1, HAL_TIM_CHANNEL_STATE_READY);
 4438              		.loc 1 1740 3 view .LVU1267
 4439 0072 84F83F30 		strb	r3, [r4, #63]
1741:Inc/STM32F3xx_HAL_Driver/Src/stm32f3xx_hal_tim_ex.c ****   TIM_CHANNEL_N_STATE_SET(htim, TIM_CHANNEL_2, HAL_TIM_CHANNEL_STATE_READY);
 4440              		.loc 1 1741 3 view .LVU1268
 4441 0076 84F84430 		strb	r3, [r4, #68]
1742:Inc/STM32F3xx_HAL_Driver/Src/stm32f3xx_hal_tim_ex.c **** 
 4442              		.loc 1 1742 3 view .LVU1269
 4443 007a 84F84530 		strb	r3, [r4, #69]
1745:Inc/STM32F3xx_HAL_Driver/Src/stm32f3xx_hal_tim_ex.c **** }
 4444              		.loc 1 1745 3 view .LVU1270
1746:Inc/STM32F3xx_HAL_Driver/Src/stm32f3xx_hal_tim_ex.c **** 
 4445              		.loc 1 1746 1 is_stmt 0 view .LVU1271
 4446 007e 0020     		movs	r0, #0
 4447 0080 38BD     		pop	{r3, r4, r5, pc}
 4448              	.LVL313:
 4449              	.L358:
1717:Inc/STM32F3xx_HAL_Driver/Src/stm32f3xx_hal_tim_ex.c **** 
 4450              		.loc 1 1717 77 discriminator 2 view .LVU1272
 4451 0082 0025     		movs	r5, #0
 4452 0084 C1E7     		b	.L355
 4453              		.cfi_endproc
 4454              	.LFE155:
 4456              		.section	.text.HAL_TIMEx_ConfigCommutEvent,"ax",%progbits
 4457              		.align	1
 4458              		.global	HAL_TIMEx_ConfigCommutEvent
 4459              		.syntax unified
 4460              		.thumb
 4461              		.thumb_func
 4463              	HAL_TIMEx_ConfigCommutEvent:
 4464              	.LVL314:
 4465              	.LFB156:
1797:Inc/STM32F3xx_HAL_Driver/Src/stm32f3xx_hal_tim_ex.c ****   /* Check the parameters */
 4466              		.loc 1 1797 1 is_stmt 1 view -0
 4467              		.cfi_startproc
 4468              		@ args = 0, pretend = 0, frame = 0
 4469              		@ frame_needed = 0, uses_anonymous_args = 0
 4470              		@ link register save eliminated.
1797:Inc/STM32F3xx_HAL_Driver/Src/stm32f3xx_hal_tim_ex.c ****   /* Check the parameters */
 4471              		.loc 1 1797 1 is_stmt 0 view .LVU1274
 4472 0000 0346     		mov	r3, r0
1799:Inc/STM32F3xx_HAL_Driver/Src/stm32f3xx_hal_tim_ex.c ****   assert_param(IS_TIM_INTERNAL_TRIGGEREVENT_SELECTION(InputTrigger));
 4473              		.loc 1 1799 3 is_stmt 1 view .LVU1275
1800:Inc/STM32F3xx_HAL_Driver/Src/stm32f3xx_hal_tim_ex.c **** 
 4474              		.loc 1 1800 3 view .LVU1276
1802:Inc/STM32F3xx_HAL_Driver/Src/stm32f3xx_hal_tim_ex.c **** 
 4475              		.loc 1 1802 3 view .LVU1277
1802:Inc/STM32F3xx_HAL_Driver/Src/stm32f3xx_hal_tim_ex.c **** 
 4476              		.loc 1 1802 3 view .LVU1278
 4477 0002 90F83C00 		ldrb	r0, [r0, #60]	@ zero_extendqisi2
ARM GAS  /tmp/ccfhaacA.s 			page 145


 4478              	.LVL315:
1802:Inc/STM32F3xx_HAL_Driver/Src/stm32f3xx_hal_tim_ex.c **** 
 4479              		.loc 1 1802 3 is_stmt 0 view .LVU1279
 4480 0006 0128     		cmp	r0, #1
 4481 0008 33D0     		beq	.L365
1797:Inc/STM32F3xx_HAL_Driver/Src/stm32f3xx_hal_tim_ex.c ****   /* Check the parameters */
 4482              		.loc 1 1797 1 view .LVU1280
 4483 000a 10B4     		push	{r4}
 4484              		.cfi_def_cfa_offset 4
 4485              		.cfi_offset 4, -4
1802:Inc/STM32F3xx_HAL_Driver/Src/stm32f3xx_hal_tim_ex.c **** 
 4486              		.loc 1 1802 3 is_stmt 1 discriminator 2 view .LVU1281
 4487 000c 0120     		movs	r0, #1
 4488 000e 83F83C00 		strb	r0, [r3, #60]
1802:Inc/STM32F3xx_HAL_Driver/Src/stm32f3xx_hal_tim_ex.c **** 
 4489              		.loc 1 1802 3 view .LVU1282
1804:Inc/STM32F3xx_HAL_Driver/Src/stm32f3xx_hal_tim_ex.c ****       (InputTrigger == TIM_TS_ITR2) || (InputTrigger == TIM_TS_ITR3))
 4490              		.loc 1 1804 3 view .LVU1283
 4491 0012 2029     		cmp	r1, #32
 4492 0014 03D0     		beq	.L362
 4493 0016 29D8     		bhi	.L363
 4494 0018 09B1     		cbz	r1, .L362
 4495 001a 1029     		cmp	r1, #16
 4496 001c 08D1     		bne	.L364
 4497              	.L362:
1808:Inc/STM32F3xx_HAL_Driver/Src/stm32f3xx_hal_tim_ex.c ****     htim->Instance->SMCR |= InputTrigger;
 4498              		.loc 1 1808 5 view .LVU1284
1808:Inc/STM32F3xx_HAL_Driver/Src/stm32f3xx_hal_tim_ex.c ****     htim->Instance->SMCR |= InputTrigger;
 4499              		.loc 1 1808 9 is_stmt 0 view .LVU1285
 4500 001e 1C68     		ldr	r4, [r3]
1808:Inc/STM32F3xx_HAL_Driver/Src/stm32f3xx_hal_tim_ex.c ****     htim->Instance->SMCR |= InputTrigger;
 4501              		.loc 1 1808 19 view .LVU1286
 4502 0020 A068     		ldr	r0, [r4, #8]
1808:Inc/STM32F3xx_HAL_Driver/Src/stm32f3xx_hal_tim_ex.c ****     htim->Instance->SMCR |= InputTrigger;
 4503              		.loc 1 1808 26 view .LVU1287
 4504 0022 20F07000 		bic	r0, r0, #112
 4505 0026 A060     		str	r0, [r4, #8]
1809:Inc/STM32F3xx_HAL_Driver/Src/stm32f3xx_hal_tim_ex.c ****   }
 4506              		.loc 1 1809 5 is_stmt 1 view .LVU1288
1809:Inc/STM32F3xx_HAL_Driver/Src/stm32f3xx_hal_tim_ex.c ****   }
 4507              		.loc 1 1809 9 is_stmt 0 view .LVU1289
 4508 0028 1C68     		ldr	r4, [r3]
1809:Inc/STM32F3xx_HAL_Driver/Src/stm32f3xx_hal_tim_ex.c ****   }
 4509              		.loc 1 1809 19 view .LVU1290
 4510 002a A068     		ldr	r0, [r4, #8]
1809:Inc/STM32F3xx_HAL_Driver/Src/stm32f3xx_hal_tim_ex.c ****   }
 4511              		.loc 1 1809 26 view .LVU1291
 4512 002c 0143     		orrs	r1, r1, r0
 4513              	.LVL316:
1809:Inc/STM32F3xx_HAL_Driver/Src/stm32f3xx_hal_tim_ex.c ****   }
 4514              		.loc 1 1809 26 view .LVU1292
 4515 002e A160     		str	r1, [r4, #8]
 4516              	.L364:
1813:Inc/STM32F3xx_HAL_Driver/Src/stm32f3xx_hal_tim_ex.c ****   /* Select the Commutation event source */
 4517              		.loc 1 1813 3 is_stmt 1 view .LVU1293
1813:Inc/STM32F3xx_HAL_Driver/Src/stm32f3xx_hal_tim_ex.c ****   /* Select the Commutation event source */
 4518              		.loc 1 1813 7 is_stmt 0 view .LVU1294
ARM GAS  /tmp/ccfhaacA.s 			page 146


 4519 0030 1868     		ldr	r0, [r3]
1813:Inc/STM32F3xx_HAL_Driver/Src/stm32f3xx_hal_tim_ex.c ****   /* Select the Commutation event source */
 4520              		.loc 1 1813 17 view .LVU1295
 4521 0032 4168     		ldr	r1, [r0, #4]
1813:Inc/STM32F3xx_HAL_Driver/Src/stm32f3xx_hal_tim_ex.c ****   /* Select the Commutation event source */
 4522              		.loc 1 1813 23 view .LVU1296
 4523 0034 41F00101 		orr	r1, r1, #1
 4524 0038 4160     		str	r1, [r0, #4]
1815:Inc/STM32F3xx_HAL_Driver/Src/stm32f3xx_hal_tim_ex.c ****   htim->Instance->CR2 |= CommutationSource;
 4525              		.loc 1 1815 3 is_stmt 1 view .LVU1297
1815:Inc/STM32F3xx_HAL_Driver/Src/stm32f3xx_hal_tim_ex.c ****   htim->Instance->CR2 |= CommutationSource;
 4526              		.loc 1 1815 7 is_stmt 0 view .LVU1298
 4527 003a 1868     		ldr	r0, [r3]
1815:Inc/STM32F3xx_HAL_Driver/Src/stm32f3xx_hal_tim_ex.c ****   htim->Instance->CR2 |= CommutationSource;
 4528              		.loc 1 1815 17 view .LVU1299
 4529 003c 4168     		ldr	r1, [r0, #4]
1815:Inc/STM32F3xx_HAL_Driver/Src/stm32f3xx_hal_tim_ex.c ****   htim->Instance->CR2 |= CommutationSource;
 4530              		.loc 1 1815 23 view .LVU1300
 4531 003e 21F00401 		bic	r1, r1, #4
 4532 0042 4160     		str	r1, [r0, #4]
1816:Inc/STM32F3xx_HAL_Driver/Src/stm32f3xx_hal_tim_ex.c **** 
 4533              		.loc 1 1816 3 is_stmt 1 view .LVU1301
1816:Inc/STM32F3xx_HAL_Driver/Src/stm32f3xx_hal_tim_ex.c **** 
 4534              		.loc 1 1816 7 is_stmt 0 view .LVU1302
 4535 0044 1868     		ldr	r0, [r3]
1816:Inc/STM32F3xx_HAL_Driver/Src/stm32f3xx_hal_tim_ex.c **** 
 4536              		.loc 1 1816 17 view .LVU1303
 4537 0046 4168     		ldr	r1, [r0, #4]
1816:Inc/STM32F3xx_HAL_Driver/Src/stm32f3xx_hal_tim_ex.c **** 
 4538              		.loc 1 1816 23 view .LVU1304
 4539 0048 0A43     		orrs	r2, r2, r1
 4540              	.LVL317:
1816:Inc/STM32F3xx_HAL_Driver/Src/stm32f3xx_hal_tim_ex.c **** 
 4541              		.loc 1 1816 23 view .LVU1305
 4542 004a 4260     		str	r2, [r0, #4]
1819:Inc/STM32F3xx_HAL_Driver/Src/stm32f3xx_hal_tim_ex.c **** 
 4543              		.loc 1 1819 3 is_stmt 1 view .LVU1306
 4544 004c 1968     		ldr	r1, [r3]
 4545 004e CA68     		ldr	r2, [r1, #12]
 4546 0050 22F02002 		bic	r2, r2, #32
 4547 0054 CA60     		str	r2, [r1, #12]
1822:Inc/STM32F3xx_HAL_Driver/Src/stm32f3xx_hal_tim_ex.c **** 
 4548              		.loc 1 1822 3 view .LVU1307
 4549 0056 1968     		ldr	r1, [r3]
 4550 0058 CA68     		ldr	r2, [r1, #12]
 4551 005a 22F40052 		bic	r2, r2, #8192
 4552 005e CA60     		str	r2, [r1, #12]
1824:Inc/STM32F3xx_HAL_Driver/Src/stm32f3xx_hal_tim_ex.c **** 
 4553              		.loc 1 1824 3 view .LVU1308
1824:Inc/STM32F3xx_HAL_Driver/Src/stm32f3xx_hal_tim_ex.c **** 
 4554              		.loc 1 1824 3 view .LVU1309
 4555 0060 0020     		movs	r0, #0
 4556 0062 83F83C00 		strb	r0, [r3, #60]
1824:Inc/STM32F3xx_HAL_Driver/Src/stm32f3xx_hal_tim_ex.c **** 
 4557              		.loc 1 1824 3 view .LVU1310
1826:Inc/STM32F3xx_HAL_Driver/Src/stm32f3xx_hal_tim_ex.c **** }
 4558              		.loc 1 1826 3 view .LVU1311
ARM GAS  /tmp/ccfhaacA.s 			page 147


1827:Inc/STM32F3xx_HAL_Driver/Src/stm32f3xx_hal_tim_ex.c **** 
 4559              		.loc 1 1827 1 is_stmt 0 view .LVU1312
 4560 0066 5DF8044B 		ldr	r4, [sp], #4
 4561              		.cfi_remember_state
 4562              		.cfi_restore 4
 4563              		.cfi_def_cfa_offset 0
 4564 006a 7047     		bx	lr
 4565              	.LVL318:
 4566              	.L363:
 4567              		.cfi_restore_state
1827:Inc/STM32F3xx_HAL_Driver/Src/stm32f3xx_hal_tim_ex.c **** 
 4568              		.loc 1 1827 1 view .LVU1313
 4569 006c 3029     		cmp	r1, #48
 4570 006e DFD1     		bne	.L364
 4571 0070 D5E7     		b	.L362
 4572              	.L365:
 4573              		.cfi_def_cfa_offset 0
 4574              		.cfi_restore 4
1802:Inc/STM32F3xx_HAL_Driver/Src/stm32f3xx_hal_tim_ex.c **** 
 4575              		.loc 1 1802 3 discriminator 1 view .LVU1314
 4576 0072 0220     		movs	r0, #2
1827:Inc/STM32F3xx_HAL_Driver/Src/stm32f3xx_hal_tim_ex.c **** 
 4577              		.loc 1 1827 1 view .LVU1315
 4578 0074 7047     		bx	lr
 4579              		.cfi_endproc
 4580              	.LFE156:
 4582              		.section	.text.HAL_TIMEx_ConfigCommutEvent_IT,"ax",%progbits
 4583              		.align	1
 4584              		.global	HAL_TIMEx_ConfigCommutEvent_IT
 4585              		.syntax unified
 4586              		.thumb
 4587              		.thumb_func
 4589              	HAL_TIMEx_ConfigCommutEvent_IT:
 4590              	.LVL319:
 4591              	.LFB157:
1853:Inc/STM32F3xx_HAL_Driver/Src/stm32f3xx_hal_tim_ex.c ****   /* Check the parameters */
 4592              		.loc 1 1853 1 is_stmt 1 view -0
 4593              		.cfi_startproc
 4594              		@ args = 0, pretend = 0, frame = 0
 4595              		@ frame_needed = 0, uses_anonymous_args = 0
 4596              		@ link register save eliminated.
1853:Inc/STM32F3xx_HAL_Driver/Src/stm32f3xx_hal_tim_ex.c ****   /* Check the parameters */
 4597              		.loc 1 1853 1 is_stmt 0 view .LVU1317
 4598 0000 0346     		mov	r3, r0
1855:Inc/STM32F3xx_HAL_Driver/Src/stm32f3xx_hal_tim_ex.c ****   assert_param(IS_TIM_INTERNAL_TRIGGEREVENT_SELECTION(InputTrigger));
 4599              		.loc 1 1855 3 is_stmt 1 view .LVU1318
1856:Inc/STM32F3xx_HAL_Driver/Src/stm32f3xx_hal_tim_ex.c **** 
 4600              		.loc 1 1856 3 view .LVU1319
1858:Inc/STM32F3xx_HAL_Driver/Src/stm32f3xx_hal_tim_ex.c **** 
 4601              		.loc 1 1858 3 view .LVU1320
1858:Inc/STM32F3xx_HAL_Driver/Src/stm32f3xx_hal_tim_ex.c **** 
 4602              		.loc 1 1858 3 view .LVU1321
 4603 0002 90F83C00 		ldrb	r0, [r0, #60]	@ zero_extendqisi2
 4604              	.LVL320:
1858:Inc/STM32F3xx_HAL_Driver/Src/stm32f3xx_hal_tim_ex.c **** 
 4605              		.loc 1 1858 3 is_stmt 0 view .LVU1322
 4606 0006 0128     		cmp	r0, #1
ARM GAS  /tmp/ccfhaacA.s 			page 148


 4607 0008 33D0     		beq	.L375
1853:Inc/STM32F3xx_HAL_Driver/Src/stm32f3xx_hal_tim_ex.c ****   /* Check the parameters */
 4608              		.loc 1 1853 1 view .LVU1323
 4609 000a 10B4     		push	{r4}
 4610              		.cfi_def_cfa_offset 4
 4611              		.cfi_offset 4, -4
1858:Inc/STM32F3xx_HAL_Driver/Src/stm32f3xx_hal_tim_ex.c **** 
 4612              		.loc 1 1858 3 is_stmt 1 discriminator 2 view .LVU1324
 4613 000c 0120     		movs	r0, #1
 4614 000e 83F83C00 		strb	r0, [r3, #60]
1858:Inc/STM32F3xx_HAL_Driver/Src/stm32f3xx_hal_tim_ex.c **** 
 4615              		.loc 1 1858 3 view .LVU1325
1860:Inc/STM32F3xx_HAL_Driver/Src/stm32f3xx_hal_tim_ex.c ****       (InputTrigger == TIM_TS_ITR2) || (InputTrigger == TIM_TS_ITR3))
 4616              		.loc 1 1860 3 view .LVU1326
 4617 0012 2029     		cmp	r1, #32
 4618 0014 03D0     		beq	.L372
 4619 0016 29D8     		bhi	.L373
 4620 0018 09B1     		cbz	r1, .L372
 4621 001a 1029     		cmp	r1, #16
 4622 001c 08D1     		bne	.L374
 4623              	.L372:
1864:Inc/STM32F3xx_HAL_Driver/Src/stm32f3xx_hal_tim_ex.c ****     htim->Instance->SMCR |= InputTrigger;
 4624              		.loc 1 1864 5 view .LVU1327
1864:Inc/STM32F3xx_HAL_Driver/Src/stm32f3xx_hal_tim_ex.c ****     htim->Instance->SMCR |= InputTrigger;
 4625              		.loc 1 1864 9 is_stmt 0 view .LVU1328
 4626 001e 1C68     		ldr	r4, [r3]
1864:Inc/STM32F3xx_HAL_Driver/Src/stm32f3xx_hal_tim_ex.c ****     htim->Instance->SMCR |= InputTrigger;
 4627              		.loc 1 1864 19 view .LVU1329
 4628 0020 A068     		ldr	r0, [r4, #8]
1864:Inc/STM32F3xx_HAL_Driver/Src/stm32f3xx_hal_tim_ex.c ****     htim->Instance->SMCR |= InputTrigger;
 4629              		.loc 1 1864 26 view .LVU1330
 4630 0022 20F07000 		bic	r0, r0, #112
 4631 0026 A060     		str	r0, [r4, #8]
1865:Inc/STM32F3xx_HAL_Driver/Src/stm32f3xx_hal_tim_ex.c ****   }
 4632              		.loc 1 1865 5 is_stmt 1 view .LVU1331
1865:Inc/STM32F3xx_HAL_Driver/Src/stm32f3xx_hal_tim_ex.c ****   }
 4633              		.loc 1 1865 9 is_stmt 0 view .LVU1332
 4634 0028 1C68     		ldr	r4, [r3]
1865:Inc/STM32F3xx_HAL_Driver/Src/stm32f3xx_hal_tim_ex.c ****   }
 4635              		.loc 1 1865 19 view .LVU1333
 4636 002a A068     		ldr	r0, [r4, #8]
1865:Inc/STM32F3xx_HAL_Driver/Src/stm32f3xx_hal_tim_ex.c ****   }
 4637              		.loc 1 1865 26 view .LVU1334
 4638 002c 0143     		orrs	r1, r1, r0
 4639              	.LVL321:
1865:Inc/STM32F3xx_HAL_Driver/Src/stm32f3xx_hal_tim_ex.c ****   }
 4640              		.loc 1 1865 26 view .LVU1335
 4641 002e A160     		str	r1, [r4, #8]
 4642              	.L374:
1869:Inc/STM32F3xx_HAL_Driver/Src/stm32f3xx_hal_tim_ex.c ****   /* Select the Commutation event source */
 4643              		.loc 1 1869 3 is_stmt 1 view .LVU1336
1869:Inc/STM32F3xx_HAL_Driver/Src/stm32f3xx_hal_tim_ex.c ****   /* Select the Commutation event source */
 4644              		.loc 1 1869 7 is_stmt 0 view .LVU1337
 4645 0030 1868     		ldr	r0, [r3]
1869:Inc/STM32F3xx_HAL_Driver/Src/stm32f3xx_hal_tim_ex.c ****   /* Select the Commutation event source */
 4646              		.loc 1 1869 17 view .LVU1338
 4647 0032 4168     		ldr	r1, [r0, #4]
ARM GAS  /tmp/ccfhaacA.s 			page 149


1869:Inc/STM32F3xx_HAL_Driver/Src/stm32f3xx_hal_tim_ex.c ****   /* Select the Commutation event source */
 4648              		.loc 1 1869 23 view .LVU1339
 4649 0034 41F00101 		orr	r1, r1, #1
 4650 0038 4160     		str	r1, [r0, #4]
1871:Inc/STM32F3xx_HAL_Driver/Src/stm32f3xx_hal_tim_ex.c ****   htim->Instance->CR2 |= CommutationSource;
 4651              		.loc 1 1871 3 is_stmt 1 view .LVU1340
1871:Inc/STM32F3xx_HAL_Driver/Src/stm32f3xx_hal_tim_ex.c ****   htim->Instance->CR2 |= CommutationSource;
 4652              		.loc 1 1871 7 is_stmt 0 view .LVU1341
 4653 003a 1868     		ldr	r0, [r3]
1871:Inc/STM32F3xx_HAL_Driver/Src/stm32f3xx_hal_tim_ex.c ****   htim->Instance->CR2 |= CommutationSource;
 4654              		.loc 1 1871 17 view .LVU1342
 4655 003c 4168     		ldr	r1, [r0, #4]
1871:Inc/STM32F3xx_HAL_Driver/Src/stm32f3xx_hal_tim_ex.c ****   htim->Instance->CR2 |= CommutationSource;
 4656              		.loc 1 1871 23 view .LVU1343
 4657 003e 21F00401 		bic	r1, r1, #4
 4658 0042 4160     		str	r1, [r0, #4]
1872:Inc/STM32F3xx_HAL_Driver/Src/stm32f3xx_hal_tim_ex.c **** 
 4659              		.loc 1 1872 3 is_stmt 1 view .LVU1344
1872:Inc/STM32F3xx_HAL_Driver/Src/stm32f3xx_hal_tim_ex.c **** 
 4660              		.loc 1 1872 7 is_stmt 0 view .LVU1345
 4661 0044 1868     		ldr	r0, [r3]
1872:Inc/STM32F3xx_HAL_Driver/Src/stm32f3xx_hal_tim_ex.c **** 
 4662              		.loc 1 1872 17 view .LVU1346
 4663 0046 4168     		ldr	r1, [r0, #4]
1872:Inc/STM32F3xx_HAL_Driver/Src/stm32f3xx_hal_tim_ex.c **** 
 4664              		.loc 1 1872 23 view .LVU1347
 4665 0048 0A43     		orrs	r2, r2, r1
 4666              	.LVL322:
1872:Inc/STM32F3xx_HAL_Driver/Src/stm32f3xx_hal_tim_ex.c **** 
 4667              		.loc 1 1872 23 view .LVU1348
 4668 004a 4260     		str	r2, [r0, #4]
1875:Inc/STM32F3xx_HAL_Driver/Src/stm32f3xx_hal_tim_ex.c **** 
 4669              		.loc 1 1875 3 is_stmt 1 view .LVU1349
 4670 004c 1968     		ldr	r1, [r3]
 4671 004e CA68     		ldr	r2, [r1, #12]
 4672 0050 22F40052 		bic	r2, r2, #8192
 4673 0054 CA60     		str	r2, [r1, #12]
1878:Inc/STM32F3xx_HAL_Driver/Src/stm32f3xx_hal_tim_ex.c **** 
 4674              		.loc 1 1878 3 view .LVU1350
 4675 0056 1968     		ldr	r1, [r3]
 4676 0058 CA68     		ldr	r2, [r1, #12]
 4677 005a 42F02002 		orr	r2, r2, #32
 4678 005e CA60     		str	r2, [r1, #12]
1880:Inc/STM32F3xx_HAL_Driver/Src/stm32f3xx_hal_tim_ex.c **** 
 4679              		.loc 1 1880 3 view .LVU1351
1880:Inc/STM32F3xx_HAL_Driver/Src/stm32f3xx_hal_tim_ex.c **** 
 4680              		.loc 1 1880 3 view .LVU1352
 4681 0060 0020     		movs	r0, #0
 4682 0062 83F83C00 		strb	r0, [r3, #60]
1880:Inc/STM32F3xx_HAL_Driver/Src/stm32f3xx_hal_tim_ex.c **** 
 4683              		.loc 1 1880 3 view .LVU1353
1882:Inc/STM32F3xx_HAL_Driver/Src/stm32f3xx_hal_tim_ex.c **** }
 4684              		.loc 1 1882 3 view .LVU1354
1883:Inc/STM32F3xx_HAL_Driver/Src/stm32f3xx_hal_tim_ex.c **** 
 4685              		.loc 1 1883 1 is_stmt 0 view .LVU1355
 4686 0066 5DF8044B 		ldr	r4, [sp], #4
 4687              		.cfi_remember_state
ARM GAS  /tmp/ccfhaacA.s 			page 150


 4688              		.cfi_restore 4
 4689              		.cfi_def_cfa_offset 0
 4690 006a 7047     		bx	lr
 4691              	.LVL323:
 4692              	.L373:
 4693              		.cfi_restore_state
1883:Inc/STM32F3xx_HAL_Driver/Src/stm32f3xx_hal_tim_ex.c **** 
 4694              		.loc 1 1883 1 view .LVU1356
 4695 006c 3029     		cmp	r1, #48
 4696 006e DFD1     		bne	.L374
 4697 0070 D5E7     		b	.L372
 4698              	.L375:
 4699              		.cfi_def_cfa_offset 0
 4700              		.cfi_restore 4
1858:Inc/STM32F3xx_HAL_Driver/Src/stm32f3xx_hal_tim_ex.c **** 
 4701              		.loc 1 1858 3 discriminator 1 view .LVU1357
 4702 0072 0220     		movs	r0, #2
1883:Inc/STM32F3xx_HAL_Driver/Src/stm32f3xx_hal_tim_ex.c **** 
 4703              		.loc 1 1883 1 view .LVU1358
 4704 0074 7047     		bx	lr
 4705              		.cfi_endproc
 4706              	.LFE157:
 4708              		.section	.text.HAL_TIMEx_ConfigCommutEvent_DMA,"ax",%progbits
 4709              		.align	1
 4710              		.global	HAL_TIMEx_ConfigCommutEvent_DMA
 4711              		.syntax unified
 4712              		.thumb
 4713              		.thumb_func
 4715              	HAL_TIMEx_ConfigCommutEvent_DMA:
 4716              	.LVL324:
 4717              	.LFB158:
1910:Inc/STM32F3xx_HAL_Driver/Src/stm32f3xx_hal_tim_ex.c ****   /* Check the parameters */
 4718              		.loc 1 1910 1 is_stmt 1 view -0
 4719              		.cfi_startproc
 4720              		@ args = 0, pretend = 0, frame = 0
 4721              		@ frame_needed = 0, uses_anonymous_args = 0
 4722              		@ link register save eliminated.
1910:Inc/STM32F3xx_HAL_Driver/Src/stm32f3xx_hal_tim_ex.c ****   /* Check the parameters */
 4723              		.loc 1 1910 1 is_stmt 0 view .LVU1360
 4724 0000 0346     		mov	r3, r0
1912:Inc/STM32F3xx_HAL_Driver/Src/stm32f3xx_hal_tim_ex.c ****   assert_param(IS_TIM_INTERNAL_TRIGGEREVENT_SELECTION(InputTrigger));
 4725              		.loc 1 1912 3 is_stmt 1 view .LVU1361
1913:Inc/STM32F3xx_HAL_Driver/Src/stm32f3xx_hal_tim_ex.c **** 
 4726              		.loc 1 1913 3 view .LVU1362
1915:Inc/STM32F3xx_HAL_Driver/Src/stm32f3xx_hal_tim_ex.c **** 
 4727              		.loc 1 1915 3 view .LVU1363
1915:Inc/STM32F3xx_HAL_Driver/Src/stm32f3xx_hal_tim_ex.c **** 
 4728              		.loc 1 1915 3 view .LVU1364
 4729 0002 90F83C00 		ldrb	r0, [r0, #60]	@ zero_extendqisi2
 4730              	.LVL325:
1915:Inc/STM32F3xx_HAL_Driver/Src/stm32f3xx_hal_tim_ex.c **** 
 4731              		.loc 1 1915 3 is_stmt 0 view .LVU1365
 4732 0006 0128     		cmp	r0, #1
 4733 0008 3CD0     		beq	.L385
1910:Inc/STM32F3xx_HAL_Driver/Src/stm32f3xx_hal_tim_ex.c ****   /* Check the parameters */
 4734              		.loc 1 1910 1 view .LVU1366
 4735 000a 10B4     		push	{r4}
ARM GAS  /tmp/ccfhaacA.s 			page 151


 4736              		.cfi_def_cfa_offset 4
 4737              		.cfi_offset 4, -4
1915:Inc/STM32F3xx_HAL_Driver/Src/stm32f3xx_hal_tim_ex.c **** 
 4738              		.loc 1 1915 3 is_stmt 1 discriminator 2 view .LVU1367
 4739 000c 0120     		movs	r0, #1
 4740 000e 83F83C00 		strb	r0, [r3, #60]
1915:Inc/STM32F3xx_HAL_Driver/Src/stm32f3xx_hal_tim_ex.c **** 
 4741              		.loc 1 1915 3 view .LVU1368
1917:Inc/STM32F3xx_HAL_Driver/Src/stm32f3xx_hal_tim_ex.c ****       (InputTrigger == TIM_TS_ITR2) || (InputTrigger == TIM_TS_ITR3))
 4742              		.loc 1 1917 3 view .LVU1369
 4743 0012 2029     		cmp	r1, #32
 4744 0014 03D0     		beq	.L382
 4745 0016 32D8     		bhi	.L383
 4746 0018 09B1     		cbz	r1, .L382
 4747 001a 1029     		cmp	r1, #16
 4748 001c 08D1     		bne	.L384
 4749              	.L382:
1921:Inc/STM32F3xx_HAL_Driver/Src/stm32f3xx_hal_tim_ex.c ****     htim->Instance->SMCR |= InputTrigger;
 4750              		.loc 1 1921 5 view .LVU1370
1921:Inc/STM32F3xx_HAL_Driver/Src/stm32f3xx_hal_tim_ex.c ****     htim->Instance->SMCR |= InputTrigger;
 4751              		.loc 1 1921 9 is_stmt 0 view .LVU1371
 4752 001e 1C68     		ldr	r4, [r3]
1921:Inc/STM32F3xx_HAL_Driver/Src/stm32f3xx_hal_tim_ex.c ****     htim->Instance->SMCR |= InputTrigger;
 4753              		.loc 1 1921 19 view .LVU1372
 4754 0020 A068     		ldr	r0, [r4, #8]
1921:Inc/STM32F3xx_HAL_Driver/Src/stm32f3xx_hal_tim_ex.c ****     htim->Instance->SMCR |= InputTrigger;
 4755              		.loc 1 1921 26 view .LVU1373
 4756 0022 20F07000 		bic	r0, r0, #112
 4757 0026 A060     		str	r0, [r4, #8]
1922:Inc/STM32F3xx_HAL_Driver/Src/stm32f3xx_hal_tim_ex.c ****   }
 4758              		.loc 1 1922 5 is_stmt 1 view .LVU1374
1922:Inc/STM32F3xx_HAL_Driver/Src/stm32f3xx_hal_tim_ex.c ****   }
 4759              		.loc 1 1922 9 is_stmt 0 view .LVU1375
 4760 0028 1C68     		ldr	r4, [r3]
1922:Inc/STM32F3xx_HAL_Driver/Src/stm32f3xx_hal_tim_ex.c ****   }
 4761              		.loc 1 1922 19 view .LVU1376
 4762 002a A068     		ldr	r0, [r4, #8]
1922:Inc/STM32F3xx_HAL_Driver/Src/stm32f3xx_hal_tim_ex.c ****   }
 4763              		.loc 1 1922 26 view .LVU1377
 4764 002c 0143     		orrs	r1, r1, r0
 4765              	.LVL326:
1922:Inc/STM32F3xx_HAL_Driver/Src/stm32f3xx_hal_tim_ex.c ****   }
 4766              		.loc 1 1922 26 view .LVU1378
 4767 002e A160     		str	r1, [r4, #8]
 4768              	.L384:
1926:Inc/STM32F3xx_HAL_Driver/Src/stm32f3xx_hal_tim_ex.c ****   /* Select the Commutation event source */
 4769              		.loc 1 1926 3 is_stmt 1 view .LVU1379
1926:Inc/STM32F3xx_HAL_Driver/Src/stm32f3xx_hal_tim_ex.c ****   /* Select the Commutation event source */
 4770              		.loc 1 1926 7 is_stmt 0 view .LVU1380
 4771 0030 1868     		ldr	r0, [r3]
1926:Inc/STM32F3xx_HAL_Driver/Src/stm32f3xx_hal_tim_ex.c ****   /* Select the Commutation event source */
 4772              		.loc 1 1926 17 view .LVU1381
 4773 0032 4168     		ldr	r1, [r0, #4]
1926:Inc/STM32F3xx_HAL_Driver/Src/stm32f3xx_hal_tim_ex.c ****   /* Select the Commutation event source */
 4774              		.loc 1 1926 23 view .LVU1382
 4775 0034 41F00101 		orr	r1, r1, #1
 4776 0038 4160     		str	r1, [r0, #4]
ARM GAS  /tmp/ccfhaacA.s 			page 152


1928:Inc/STM32F3xx_HAL_Driver/Src/stm32f3xx_hal_tim_ex.c ****   htim->Instance->CR2 |= CommutationSource;
 4777              		.loc 1 1928 3 is_stmt 1 view .LVU1383
1928:Inc/STM32F3xx_HAL_Driver/Src/stm32f3xx_hal_tim_ex.c ****   htim->Instance->CR2 |= CommutationSource;
 4778              		.loc 1 1928 7 is_stmt 0 view .LVU1384
 4779 003a 1868     		ldr	r0, [r3]
1928:Inc/STM32F3xx_HAL_Driver/Src/stm32f3xx_hal_tim_ex.c ****   htim->Instance->CR2 |= CommutationSource;
 4780              		.loc 1 1928 17 view .LVU1385
 4781 003c 4168     		ldr	r1, [r0, #4]
1928:Inc/STM32F3xx_HAL_Driver/Src/stm32f3xx_hal_tim_ex.c ****   htim->Instance->CR2 |= CommutationSource;
 4782              		.loc 1 1928 23 view .LVU1386
 4783 003e 21F00401 		bic	r1, r1, #4
 4784 0042 4160     		str	r1, [r0, #4]
1929:Inc/STM32F3xx_HAL_Driver/Src/stm32f3xx_hal_tim_ex.c **** 
 4785              		.loc 1 1929 3 is_stmt 1 view .LVU1387
1929:Inc/STM32F3xx_HAL_Driver/Src/stm32f3xx_hal_tim_ex.c **** 
 4786              		.loc 1 1929 7 is_stmt 0 view .LVU1388
 4787 0044 1868     		ldr	r0, [r3]
1929:Inc/STM32F3xx_HAL_Driver/Src/stm32f3xx_hal_tim_ex.c **** 
 4788              		.loc 1 1929 17 view .LVU1389
 4789 0046 4168     		ldr	r1, [r0, #4]
1929:Inc/STM32F3xx_HAL_Driver/Src/stm32f3xx_hal_tim_ex.c **** 
 4790              		.loc 1 1929 23 view .LVU1390
 4791 0048 0A43     		orrs	r2, r2, r1
 4792              	.LVL327:
1929:Inc/STM32F3xx_HAL_Driver/Src/stm32f3xx_hal_tim_ex.c **** 
 4793              		.loc 1 1929 23 view .LVU1391
 4794 004a 4260     		str	r2, [r0, #4]
1933:Inc/STM32F3xx_HAL_Driver/Src/stm32f3xx_hal_tim_ex.c ****   htim->hdma[TIM_DMA_ID_COMMUTATION]->XferHalfCpltCallback = TIMEx_DMACommutationHalfCplt;
 4795              		.loc 1 1933 3 is_stmt 1 view .LVU1392
1933:Inc/STM32F3xx_HAL_Driver/Src/stm32f3xx_hal_tim_ex.c ****   htim->hdma[TIM_DMA_ID_COMMUTATION]->XferHalfCpltCallback = TIMEx_DMACommutationHalfCplt;
 4796              		.loc 1 1933 13 is_stmt 0 view .LVU1393
 4797 004c 5A6B     		ldr	r2, [r3, #52]
1933:Inc/STM32F3xx_HAL_Driver/Src/stm32f3xx_hal_tim_ex.c ****   htim->hdma[TIM_DMA_ID_COMMUTATION]->XferHalfCpltCallback = TIMEx_DMACommutationHalfCplt;
 4798              		.loc 1 1933 56 view .LVU1394
 4799 004e 0E49     		ldr	r1, .L390
 4800 0050 9162     		str	r1, [r2, #40]
1934:Inc/STM32F3xx_HAL_Driver/Src/stm32f3xx_hal_tim_ex.c ****   /* Set the DMA error callback */
 4801              		.loc 1 1934 3 is_stmt 1 view .LVU1395
1934:Inc/STM32F3xx_HAL_Driver/Src/stm32f3xx_hal_tim_ex.c ****   /* Set the DMA error callback */
 4802              		.loc 1 1934 13 is_stmt 0 view .LVU1396
 4803 0052 5A6B     		ldr	r2, [r3, #52]
1934:Inc/STM32F3xx_HAL_Driver/Src/stm32f3xx_hal_tim_ex.c ****   /* Set the DMA error callback */
 4804              		.loc 1 1934 60 view .LVU1397
 4805 0054 0D49     		ldr	r1, .L390+4
 4806 0056 D162     		str	r1, [r2, #44]
1936:Inc/STM32F3xx_HAL_Driver/Src/stm32f3xx_hal_tim_ex.c **** 
 4807              		.loc 1 1936 3 is_stmt 1 view .LVU1398
1936:Inc/STM32F3xx_HAL_Driver/Src/stm32f3xx_hal_tim_ex.c **** 
 4808              		.loc 1 1936 13 is_stmt 0 view .LVU1399
 4809 0058 5A6B     		ldr	r2, [r3, #52]
1936:Inc/STM32F3xx_HAL_Driver/Src/stm32f3xx_hal_tim_ex.c **** 
 4810              		.loc 1 1936 57 view .LVU1400
 4811 005a 0D49     		ldr	r1, .L390+8
 4812 005c 1163     		str	r1, [r2, #48]
1939:Inc/STM32F3xx_HAL_Driver/Src/stm32f3xx_hal_tim_ex.c **** 
 4813              		.loc 1 1939 3 is_stmt 1 view .LVU1401
 4814 005e 1968     		ldr	r1, [r3]
ARM GAS  /tmp/ccfhaacA.s 			page 153


 4815 0060 CA68     		ldr	r2, [r1, #12]
 4816 0062 22F02002 		bic	r2, r2, #32
 4817 0066 CA60     		str	r2, [r1, #12]
1942:Inc/STM32F3xx_HAL_Driver/Src/stm32f3xx_hal_tim_ex.c **** 
 4818              		.loc 1 1942 3 view .LVU1402
 4819 0068 1968     		ldr	r1, [r3]
 4820 006a CA68     		ldr	r2, [r1, #12]
 4821 006c 42F40052 		orr	r2, r2, #8192
 4822 0070 CA60     		str	r2, [r1, #12]
1944:Inc/STM32F3xx_HAL_Driver/Src/stm32f3xx_hal_tim_ex.c **** 
 4823              		.loc 1 1944 3 view .LVU1403
1944:Inc/STM32F3xx_HAL_Driver/Src/stm32f3xx_hal_tim_ex.c **** 
 4824              		.loc 1 1944 3 view .LVU1404
 4825 0072 0020     		movs	r0, #0
 4826 0074 83F83C00 		strb	r0, [r3, #60]
1944:Inc/STM32F3xx_HAL_Driver/Src/stm32f3xx_hal_tim_ex.c **** 
 4827              		.loc 1 1944 3 view .LVU1405
1946:Inc/STM32F3xx_HAL_Driver/Src/stm32f3xx_hal_tim_ex.c **** }
 4828              		.loc 1 1946 3 view .LVU1406
1947:Inc/STM32F3xx_HAL_Driver/Src/stm32f3xx_hal_tim_ex.c **** 
 4829              		.loc 1 1947 1 is_stmt 0 view .LVU1407
 4830 0078 5DF8044B 		ldr	r4, [sp], #4
 4831              		.cfi_remember_state
 4832              		.cfi_restore 4
 4833              		.cfi_def_cfa_offset 0
 4834 007c 7047     		bx	lr
 4835              	.LVL328:
 4836              	.L383:
 4837              		.cfi_restore_state
1947:Inc/STM32F3xx_HAL_Driver/Src/stm32f3xx_hal_tim_ex.c **** 
 4838              		.loc 1 1947 1 view .LVU1408
 4839 007e 3029     		cmp	r1, #48
 4840 0080 D6D1     		bne	.L384
 4841 0082 CCE7     		b	.L382
 4842              	.L385:
 4843              		.cfi_def_cfa_offset 0
 4844              		.cfi_restore 4
1915:Inc/STM32F3xx_HAL_Driver/Src/stm32f3xx_hal_tim_ex.c **** 
 4845              		.loc 1 1915 3 discriminator 1 view .LVU1409
 4846 0084 0220     		movs	r0, #2
1947:Inc/STM32F3xx_HAL_Driver/Src/stm32f3xx_hal_tim_ex.c **** 
 4847              		.loc 1 1947 1 view .LVU1410
 4848 0086 7047     		bx	lr
 4849              	.L391:
 4850              		.align	2
 4851              	.L390:
 4852 0088 00000000 		.word	TIMEx_DMACommutationCplt
 4853 008c 00000000 		.word	TIMEx_DMACommutationHalfCplt
 4854 0090 00000000 		.word	TIM_DMAError
 4855              		.cfi_endproc
 4856              	.LFE158:
 4858              		.section	.text.HAL_TIMEx_MasterConfigSynchronization,"ax",%progbits
 4859              		.align	1
 4860              		.global	HAL_TIMEx_MasterConfigSynchronization
 4861              		.syntax unified
 4862              		.thumb
 4863              		.thumb_func
ARM GAS  /tmp/ccfhaacA.s 			page 154


 4865              	HAL_TIMEx_MasterConfigSynchronization:
 4866              	.LVL329:
 4867              	.LFB159:
1959:Inc/STM32F3xx_HAL_Driver/Src/stm32f3xx_hal_tim_ex.c ****   uint32_t tmpcr2;
 4868              		.loc 1 1959 1 is_stmt 1 view -0
 4869              		.cfi_startproc
 4870              		@ args = 0, pretend = 0, frame = 0
 4871              		@ frame_needed = 0, uses_anonymous_args = 0
 4872              		@ link register save eliminated.
1960:Inc/STM32F3xx_HAL_Driver/Src/stm32f3xx_hal_tim_ex.c ****   uint32_t tmpsmcr;
 4873              		.loc 1 1960 3 view .LVU1412
1961:Inc/STM32F3xx_HAL_Driver/Src/stm32f3xx_hal_tim_ex.c **** 
 4874              		.loc 1 1961 3 view .LVU1413
1964:Inc/STM32F3xx_HAL_Driver/Src/stm32f3xx_hal_tim_ex.c ****   assert_param(IS_TIM_TRGO_SOURCE(sMasterConfig->MasterOutputTrigger));
 4875              		.loc 1 1964 3 view .LVU1414
1965:Inc/STM32F3xx_HAL_Driver/Src/stm32f3xx_hal_tim_ex.c ****   assert_param(IS_TIM_MSM_STATE(sMasterConfig->MasterSlaveMode));
 4876              		.loc 1 1965 3 view .LVU1415
1966:Inc/STM32F3xx_HAL_Driver/Src/stm32f3xx_hal_tim_ex.c **** 
 4877              		.loc 1 1966 3 view .LVU1416
1969:Inc/STM32F3xx_HAL_Driver/Src/stm32f3xx_hal_tim_ex.c **** 
 4878              		.loc 1 1969 3 view .LVU1417
1969:Inc/STM32F3xx_HAL_Driver/Src/stm32f3xx_hal_tim_ex.c **** 
 4879              		.loc 1 1969 3 view .LVU1418
 4880 0000 90F83C20 		ldrb	r2, [r0, #60]	@ zero_extendqisi2
 4881 0004 012A     		cmp	r2, #1
 4882 0006 46D0     		beq	.L398
1959:Inc/STM32F3xx_HAL_Driver/Src/stm32f3xx_hal_tim_ex.c ****   uint32_t tmpcr2;
 4883              		.loc 1 1959 1 is_stmt 0 view .LVU1419
 4884 0008 30B4     		push	{r4, r5}
 4885              		.cfi_def_cfa_offset 8
 4886              		.cfi_offset 4, -8
 4887              		.cfi_offset 5, -4
 4888 000a 0346     		mov	r3, r0
1969:Inc/STM32F3xx_HAL_Driver/Src/stm32f3xx_hal_tim_ex.c **** 
 4889              		.loc 1 1969 3 is_stmt 1 discriminator 2 view .LVU1420
 4890 000c 0122     		movs	r2, #1
 4891 000e 80F83C20 		strb	r2, [r0, #60]
1969:Inc/STM32F3xx_HAL_Driver/Src/stm32f3xx_hal_tim_ex.c **** 
 4892              		.loc 1 1969 3 view .LVU1421
1972:Inc/STM32F3xx_HAL_Driver/Src/stm32f3xx_hal_tim_ex.c **** 
 4893              		.loc 1 1972 3 view .LVU1422
1972:Inc/STM32F3xx_HAL_Driver/Src/stm32f3xx_hal_tim_ex.c **** 
 4894              		.loc 1 1972 15 is_stmt 0 view .LVU1423
 4895 0012 0222     		movs	r2, #2
 4896 0014 80F83D20 		strb	r2, [r0, #61]
1975:Inc/STM32F3xx_HAL_Driver/Src/stm32f3xx_hal_tim_ex.c **** 
 4897              		.loc 1 1975 3 is_stmt 1 view .LVU1424
1975:Inc/STM32F3xx_HAL_Driver/Src/stm32f3xx_hal_tim_ex.c **** 
 4898              		.loc 1 1975 16 is_stmt 0 view .LVU1425
 4899 0018 0068     		ldr	r0, [r0]
 4900              	.LVL330:
1975:Inc/STM32F3xx_HAL_Driver/Src/stm32f3xx_hal_tim_ex.c **** 
 4901              		.loc 1 1975 10 view .LVU1426
 4902 001a 4268     		ldr	r2, [r0, #4]
 4903              	.LVL331:
1978:Inc/STM32F3xx_HAL_Driver/Src/stm32f3xx_hal_tim_ex.c **** 
 4904              		.loc 1 1978 3 is_stmt 1 view .LVU1427
ARM GAS  /tmp/ccfhaacA.s 			page 155


1978:Inc/STM32F3xx_HAL_Driver/Src/stm32f3xx_hal_tim_ex.c **** 
 4905              		.loc 1 1978 11 is_stmt 0 view .LVU1428
 4906 001c 8468     		ldr	r4, [r0, #8]
 4907              	.LVL332:
1982:Inc/STM32F3xx_HAL_Driver/Src/stm32f3xx_hal_tim_ex.c ****   {
 4908              		.loc 1 1982 3 is_stmt 1 view .LVU1429
1982:Inc/STM32F3xx_HAL_Driver/Src/stm32f3xx_hal_tim_ex.c ****   {
 4909              		.loc 1 1982 6 is_stmt 0 view .LVU1430
 4910 001e 1F4D     		ldr	r5, .L403
 4911 0020 A842     		cmp	r0, r5
 4912 0022 07D0     		beq	.L394
1982:Inc/STM32F3xx_HAL_Driver/Src/stm32f3xx_hal_tim_ex.c ****   {
 4913              		.loc 1 1982 7 discriminator 1 view .LVU1431
 4914 0024 05F50065 		add	r5, r5, #2048
 4915 0028 A842     		cmp	r0, r5
 4916 002a 03D0     		beq	.L394
1982:Inc/STM32F3xx_HAL_Driver/Src/stm32f3xx_hal_tim_ex.c ****   {
 4917              		.loc 1 1982 7 discriminator 2 view .LVU1432
 4918 002c 05F5E055 		add	r5, r5, #7168
 4919 0030 A842     		cmp	r0, r5
 4920 0032 03D1     		bne	.L395
 4921              	.L394:
1985:Inc/STM32F3xx_HAL_Driver/Src/stm32f3xx_hal_tim_ex.c **** 
 4922              		.loc 1 1985 5 is_stmt 1 view .LVU1433
1988:Inc/STM32F3xx_HAL_Driver/Src/stm32f3xx_hal_tim_ex.c ****     /* Select the TRGO2 source*/
 4923              		.loc 1 1988 5 view .LVU1434
1988:Inc/STM32F3xx_HAL_Driver/Src/stm32f3xx_hal_tim_ex.c ****     /* Select the TRGO2 source*/
 4924              		.loc 1 1988 12 is_stmt 0 view .LVU1435
 4925 0034 22F47002 		bic	r2, r2, #15728640
 4926              	.LVL333:
1990:Inc/STM32F3xx_HAL_Driver/Src/stm32f3xx_hal_tim_ex.c ****   }
 4927              		.loc 1 1990 5 is_stmt 1 view .LVU1436
1990:Inc/STM32F3xx_HAL_Driver/Src/stm32f3xx_hal_tim_ex.c ****   }
 4928              		.loc 1 1990 28 is_stmt 0 view .LVU1437
 4929 0038 4D68     		ldr	r5, [r1, #4]
1990:Inc/STM32F3xx_HAL_Driver/Src/stm32f3xx_hal_tim_ex.c ****   }
 4930              		.loc 1 1990 12 view .LVU1438
 4931 003a 2A43     		orrs	r2, r2, r5
 4932              	.LVL334:
 4933              	.L395:
1995:Inc/STM32F3xx_HAL_Driver/Src/stm32f3xx_hal_tim_ex.c ****   /* Select the TRGO source */
 4934              		.loc 1 1995 3 is_stmt 1 view .LVU1439
1995:Inc/STM32F3xx_HAL_Driver/Src/stm32f3xx_hal_tim_ex.c ****   /* Select the TRGO source */
 4935              		.loc 1 1995 10 is_stmt 0 view .LVU1440
 4936 003c 22F07002 		bic	r2, r2, #112
 4937              	.LVL335:
1997:Inc/STM32F3xx_HAL_Driver/Src/stm32f3xx_hal_tim_ex.c **** 
 4938              		.loc 1 1997 3 is_stmt 1 view .LVU1441
1997:Inc/STM32F3xx_HAL_Driver/Src/stm32f3xx_hal_tim_ex.c **** 
 4939              		.loc 1 1997 10 is_stmt 0 view .LVU1442
 4940 0040 0D68     		ldr	r5, [r1]
 4941 0042 2A43     		orrs	r2, r2, r5
 4942              	.LVL336:
2000:Inc/STM32F3xx_HAL_Driver/Src/stm32f3xx_hal_tim_ex.c **** 
 4943              		.loc 1 2000 3 is_stmt 1 view .LVU1443
2000:Inc/STM32F3xx_HAL_Driver/Src/stm32f3xx_hal_tim_ex.c **** 
 4944              		.loc 1 2000 23 is_stmt 0 view .LVU1444
ARM GAS  /tmp/ccfhaacA.s 			page 156


 4945 0044 4260     		str	r2, [r0, #4]
2002:Inc/STM32F3xx_HAL_Driver/Src/stm32f3xx_hal_tim_ex.c ****   {
 4946              		.loc 1 2002 3 is_stmt 1 view .LVU1445
2002:Inc/STM32F3xx_HAL_Driver/Src/stm32f3xx_hal_tim_ex.c ****   {
 4947              		.loc 1 2002 7 is_stmt 0 view .LVU1446
 4948 0046 1A68     		ldr	r2, [r3]
 4949              	.LVL337:
2002:Inc/STM32F3xx_HAL_Driver/Src/stm32f3xx_hal_tim_ex.c ****   {
 4950              		.loc 1 2002 6 view .LVU1447
 4951 0048 1448     		ldr	r0, .L403
 4952              	.LVL338:
2002:Inc/STM32F3xx_HAL_Driver/Src/stm32f3xx_hal_tim_ex.c ****   {
 4953              		.loc 1 2002 6 view .LVU1448
 4954 004a 8242     		cmp	r2, r0
 4955 004c 16D0     		beq	.L396
2002:Inc/STM32F3xx_HAL_Driver/Src/stm32f3xx_hal_tim_ex.c ****   {
 4956              		.loc 1 2002 7 discriminator 1 view .LVU1449
 4957 004e B2F1804F 		cmp	r2, #1073741824
 4958 0052 13D0     		beq	.L396
2002:Inc/STM32F3xx_HAL_Driver/Src/stm32f3xx_hal_tim_ex.c ****   {
 4959              		.loc 1 2002 7 discriminator 2 view .LVU1450
 4960 0054 A0F59430 		sub	r0, r0, #75776
 4961 0058 8242     		cmp	r2, r0
 4962 005a 0FD0     		beq	.L396
2002:Inc/STM32F3xx_HAL_Driver/Src/stm32f3xx_hal_tim_ex.c ****   {
 4963              		.loc 1 2002 7 discriminator 3 view .LVU1451
 4964 005c 00F58060 		add	r0, r0, #1024
 4965 0060 8242     		cmp	r2, r0
 4966 0062 0BD0     		beq	.L396
2002:Inc/STM32F3xx_HAL_Driver/Src/stm32f3xx_hal_tim_ex.c ****   {
 4967              		.loc 1 2002 7 discriminator 4 view .LVU1452
 4968 0064 00F59630 		add	r0, r0, #76800
 4969 0068 8242     		cmp	r2, r0
 4970 006a 07D0     		beq	.L396
2002:Inc/STM32F3xx_HAL_Driver/Src/stm32f3xx_hal_tim_ex.c ****   {
 4971              		.loc 1 2002 7 discriminator 5 view .LVU1453
 4972 006c 00F54060 		add	r0, r0, #3072
 4973 0070 8242     		cmp	r2, r0
 4974 0072 03D0     		beq	.L396
2002:Inc/STM32F3xx_HAL_Driver/Src/stm32f3xx_hal_tim_ex.c ****   {
 4975              		.loc 1 2002 7 discriminator 6 view .LVU1454
 4976 0074 00F58050 		add	r0, r0, #4096
 4977 0078 8242     		cmp	r2, r0
 4978 007a 04D1     		bne	.L397
 4979              	.L396:
2005:Inc/STM32F3xx_HAL_Driver/Src/stm32f3xx_hal_tim_ex.c ****     /* Set master mode */
 4980              		.loc 1 2005 5 is_stmt 1 view .LVU1455
2005:Inc/STM32F3xx_HAL_Driver/Src/stm32f3xx_hal_tim_ex.c ****     /* Set master mode */
 4981              		.loc 1 2005 13 is_stmt 0 view .LVU1456
 4982 007c 24F08004 		bic	r4, r4, #128
 4983              	.LVL339:
2007:Inc/STM32F3xx_HAL_Driver/Src/stm32f3xx_hal_tim_ex.c **** 
 4984              		.loc 1 2007 5 is_stmt 1 view .LVU1457
2007:Inc/STM32F3xx_HAL_Driver/Src/stm32f3xx_hal_tim_ex.c **** 
 4985              		.loc 1 2007 29 is_stmt 0 view .LVU1458
 4986 0080 8968     		ldr	r1, [r1, #8]
 4987              	.LVL340:
ARM GAS  /tmp/ccfhaacA.s 			page 157


2007:Inc/STM32F3xx_HAL_Driver/Src/stm32f3xx_hal_tim_ex.c **** 
 4988              		.loc 1 2007 13 view .LVU1459
 4989 0082 2143     		orrs	r1, r1, r4
 4990              	.LVL341:
2010:Inc/STM32F3xx_HAL_Driver/Src/stm32f3xx_hal_tim_ex.c ****   }
 4991              		.loc 1 2010 5 is_stmt 1 view .LVU1460
2010:Inc/STM32F3xx_HAL_Driver/Src/stm32f3xx_hal_tim_ex.c ****   }
 4992              		.loc 1 2010 26 is_stmt 0 view .LVU1461
 4993 0084 9160     		str	r1, [r2, #8]
 4994              	.LVL342:
 4995              	.L397:
2014:Inc/STM32F3xx_HAL_Driver/Src/stm32f3xx_hal_tim_ex.c **** 
 4996              		.loc 1 2014 3 is_stmt 1 view .LVU1462
2014:Inc/STM32F3xx_HAL_Driver/Src/stm32f3xx_hal_tim_ex.c **** 
 4997              		.loc 1 2014 15 is_stmt 0 view .LVU1463
 4998 0086 0122     		movs	r2, #1
 4999 0088 83F83D20 		strb	r2, [r3, #61]
2016:Inc/STM32F3xx_HAL_Driver/Src/stm32f3xx_hal_tim_ex.c **** 
 5000              		.loc 1 2016 3 is_stmt 1 view .LVU1464
2016:Inc/STM32F3xx_HAL_Driver/Src/stm32f3xx_hal_tim_ex.c **** 
 5001              		.loc 1 2016 3 view .LVU1465
 5002 008c 0020     		movs	r0, #0
 5003 008e 83F83C00 		strb	r0, [r3, #60]
2016:Inc/STM32F3xx_HAL_Driver/Src/stm32f3xx_hal_tim_ex.c **** 
 5004              		.loc 1 2016 3 view .LVU1466
2018:Inc/STM32F3xx_HAL_Driver/Src/stm32f3xx_hal_tim_ex.c **** }
 5005              		.loc 1 2018 3 view .LVU1467
2019:Inc/STM32F3xx_HAL_Driver/Src/stm32f3xx_hal_tim_ex.c **** 
 5006              		.loc 1 2019 1 is_stmt 0 view .LVU1468
 5007 0092 30BC     		pop	{r4, r5}
 5008              		.cfi_restore 5
 5009              		.cfi_restore 4
 5010              		.cfi_def_cfa_offset 0
 5011 0094 7047     		bx	lr
 5012              	.LVL343:
 5013              	.L398:
1969:Inc/STM32F3xx_HAL_Driver/Src/stm32f3xx_hal_tim_ex.c **** 
 5014              		.loc 1 1969 3 discriminator 1 view .LVU1469
 5015 0096 0220     		movs	r0, #2
 5016              	.LVL344:
2019:Inc/STM32F3xx_HAL_Driver/Src/stm32f3xx_hal_tim_ex.c **** 
 5017              		.loc 1 2019 1 view .LVU1470
 5018 0098 7047     		bx	lr
 5019              	.L404:
 5020 009a 00BF     		.align	2
 5021              	.L403:
 5022 009c 002C0140 		.word	1073818624
 5023              		.cfi_endproc
 5024              	.LFE159:
 5026              		.section	.text.HAL_TIMEx_ConfigBreakDeadTime,"ax",%progbits
 5027              		.align	1
 5028              		.global	HAL_TIMEx_ConfigBreakDeadTime
 5029              		.syntax unified
 5030              		.thumb
 5031              		.thumb_func
 5033              	HAL_TIMEx_ConfigBreakDeadTime:
 5034              	.LVL345:
ARM GAS  /tmp/ccfhaacA.s 			page 158


 5035              	.LFB160:
2034:Inc/STM32F3xx_HAL_Driver/Src/stm32f3xx_hal_tim_ex.c ****   /* Keep this variable initialized to 0 as it is used to configure BDTR register */
 5036              		.loc 1 2034 1 is_stmt 1 view -0
 5037              		.cfi_startproc
 5038              		@ args = 0, pretend = 0, frame = 0
 5039              		@ frame_needed = 0, uses_anonymous_args = 0
 5040              		@ link register save eliminated.
2036:Inc/STM32F3xx_HAL_Driver/Src/stm32f3xx_hal_tim_ex.c **** 
 5041              		.loc 1 2036 3 view .LVU1472
2039:Inc/STM32F3xx_HAL_Driver/Src/stm32f3xx_hal_tim_ex.c ****   assert_param(IS_TIM_OSSR_STATE(sBreakDeadTimeConfig->OffStateRunMode));
 5042              		.loc 1 2039 3 view .LVU1473
2040:Inc/STM32F3xx_HAL_Driver/Src/stm32f3xx_hal_tim_ex.c ****   assert_param(IS_TIM_OSSI_STATE(sBreakDeadTimeConfig->OffStateIDLEMode));
 5043              		.loc 1 2040 3 view .LVU1474
2041:Inc/STM32F3xx_HAL_Driver/Src/stm32f3xx_hal_tim_ex.c ****   assert_param(IS_TIM_LOCK_LEVEL(sBreakDeadTimeConfig->LockLevel));
 5044              		.loc 1 2041 3 view .LVU1475
2042:Inc/STM32F3xx_HAL_Driver/Src/stm32f3xx_hal_tim_ex.c ****   assert_param(IS_TIM_DEADTIME(sBreakDeadTimeConfig->DeadTime));
 5045              		.loc 1 2042 3 view .LVU1476
2043:Inc/STM32F3xx_HAL_Driver/Src/stm32f3xx_hal_tim_ex.c ****   assert_param(IS_TIM_BREAK_STATE(sBreakDeadTimeConfig->BreakState));
 5046              		.loc 1 2043 3 view .LVU1477
2044:Inc/STM32F3xx_HAL_Driver/Src/stm32f3xx_hal_tim_ex.c ****   assert_param(IS_TIM_BREAK_POLARITY(sBreakDeadTimeConfig->BreakPolarity));
 5047              		.loc 1 2044 3 view .LVU1478
2045:Inc/STM32F3xx_HAL_Driver/Src/stm32f3xx_hal_tim_ex.c **** #if defined(TIM_BDTR_BKF)
 5048              		.loc 1 2045 3 view .LVU1479
2047:Inc/STM32F3xx_HAL_Driver/Src/stm32f3xx_hal_tim_ex.c **** #endif /* TIM_BDTR_BKF */
 5049              		.loc 1 2047 3 view .LVU1480
2049:Inc/STM32F3xx_HAL_Driver/Src/stm32f3xx_hal_tim_ex.c **** 
 5050              		.loc 1 2049 3 view .LVU1481
2052:Inc/STM32F3xx_HAL_Driver/Src/stm32f3xx_hal_tim_ex.c **** 
 5051              		.loc 1 2052 3 view .LVU1482
2052:Inc/STM32F3xx_HAL_Driver/Src/stm32f3xx_hal_tim_ex.c **** 
 5052              		.loc 1 2052 3 view .LVU1483
 5053 0000 90F83C30 		ldrb	r3, [r0, #60]	@ zero_extendqisi2
 5054 0004 012B     		cmp	r3, #1
 5055 0006 42D0     		beq	.L409
2034:Inc/STM32F3xx_HAL_Driver/Src/stm32f3xx_hal_tim_ex.c ****   /* Keep this variable initialized to 0 as it is used to configure BDTR register */
 5056              		.loc 1 2034 1 is_stmt 0 view .LVU1484
 5057 0008 10B4     		push	{r4}
 5058              		.cfi_def_cfa_offset 4
 5059              		.cfi_offset 4, -4
 5060 000a 0246     		mov	r2, r0
2052:Inc/STM32F3xx_HAL_Driver/Src/stm32f3xx_hal_tim_ex.c **** 
 5061              		.loc 1 2052 3 is_stmt 1 discriminator 2 view .LVU1485
 5062 000c 0123     		movs	r3, #1
 5063 000e 80F83C30 		strb	r3, [r0, #60]
2052:Inc/STM32F3xx_HAL_Driver/Src/stm32f3xx_hal_tim_ex.c **** 
 5064              		.loc 1 2052 3 view .LVU1486
2058:Inc/STM32F3xx_HAL_Driver/Src/stm32f3xx_hal_tim_ex.c ****   MODIFY_REG(tmpbdtr, TIM_BDTR_LOCK, sBreakDeadTimeConfig->LockLevel);
 5065              		.loc 1 2058 3 view .LVU1487
 5066 0012 CB68     		ldr	r3, [r1, #12]
 5067              	.LVL346:
2059:Inc/STM32F3xx_HAL_Driver/Src/stm32f3xx_hal_tim_ex.c ****   MODIFY_REG(tmpbdtr, TIM_BDTR_OSSI, sBreakDeadTimeConfig->OffStateIDLEMode);
 5068              		.loc 1 2059 3 view .LVU1488
 5069 0014 23F44073 		bic	r3, r3, #768
 5070              	.LVL347:
2059:Inc/STM32F3xx_HAL_Driver/Src/stm32f3xx_hal_tim_ex.c ****   MODIFY_REG(tmpbdtr, TIM_BDTR_OSSI, sBreakDeadTimeConfig->OffStateIDLEMode);
 5071              		.loc 1 2059 3 is_stmt 0 view .LVU1489
 5072 0018 8868     		ldr	r0, [r1, #8]
ARM GAS  /tmp/ccfhaacA.s 			page 159


 5073              	.LVL348:
2059:Inc/STM32F3xx_HAL_Driver/Src/stm32f3xx_hal_tim_ex.c ****   MODIFY_REG(tmpbdtr, TIM_BDTR_OSSI, sBreakDeadTimeConfig->OffStateIDLEMode);
 5074              		.loc 1 2059 3 view .LVU1490
 5075 001a 0343     		orrs	r3, r3, r0
 5076              	.LVL349:
2060:Inc/STM32F3xx_HAL_Driver/Src/stm32f3xx_hal_tim_ex.c ****   MODIFY_REG(tmpbdtr, TIM_BDTR_OSSR, sBreakDeadTimeConfig->OffStateRunMode);
 5077              		.loc 1 2060 3 is_stmt 1 view .LVU1491
 5078 001c 23F48063 		bic	r3, r3, #1024
 5079              	.LVL350:
2060:Inc/STM32F3xx_HAL_Driver/Src/stm32f3xx_hal_tim_ex.c ****   MODIFY_REG(tmpbdtr, TIM_BDTR_OSSR, sBreakDeadTimeConfig->OffStateRunMode);
 5080              		.loc 1 2060 3 is_stmt 0 view .LVU1492
 5081 0020 4868     		ldr	r0, [r1, #4]
 5082              	.LVL351:
2060:Inc/STM32F3xx_HAL_Driver/Src/stm32f3xx_hal_tim_ex.c ****   MODIFY_REG(tmpbdtr, TIM_BDTR_OSSR, sBreakDeadTimeConfig->OffStateRunMode);
 5083              		.loc 1 2060 3 view .LVU1493
 5084 0022 0343     		orrs	r3, r3, r0
 5085              	.LVL352:
2061:Inc/STM32F3xx_HAL_Driver/Src/stm32f3xx_hal_tim_ex.c ****   MODIFY_REG(tmpbdtr, TIM_BDTR_BKE, sBreakDeadTimeConfig->BreakState);
 5086              		.loc 1 2061 3 is_stmt 1 view .LVU1494
 5087 0024 23F40063 		bic	r3, r3, #2048
 5088              	.LVL353:
2061:Inc/STM32F3xx_HAL_Driver/Src/stm32f3xx_hal_tim_ex.c ****   MODIFY_REG(tmpbdtr, TIM_BDTR_BKE, sBreakDeadTimeConfig->BreakState);
 5089              		.loc 1 2061 3 is_stmt 0 view .LVU1495
 5090 0028 0868     		ldr	r0, [r1]
 5091              	.LVL354:
2061:Inc/STM32F3xx_HAL_Driver/Src/stm32f3xx_hal_tim_ex.c ****   MODIFY_REG(tmpbdtr, TIM_BDTR_BKE, sBreakDeadTimeConfig->BreakState);
 5092              		.loc 1 2061 3 view .LVU1496
 5093 002a 0343     		orrs	r3, r3, r0
 5094              	.LVL355:
2062:Inc/STM32F3xx_HAL_Driver/Src/stm32f3xx_hal_tim_ex.c ****   MODIFY_REG(tmpbdtr, TIM_BDTR_BKP, sBreakDeadTimeConfig->BreakPolarity);
 5095              		.loc 1 2062 3 is_stmt 1 view .LVU1497
 5096 002c 23F48053 		bic	r3, r3, #4096
 5097              	.LVL356:
2062:Inc/STM32F3xx_HAL_Driver/Src/stm32f3xx_hal_tim_ex.c ****   MODIFY_REG(tmpbdtr, TIM_BDTR_BKP, sBreakDeadTimeConfig->BreakPolarity);
 5098              		.loc 1 2062 3 is_stmt 0 view .LVU1498
 5099 0030 0869     		ldr	r0, [r1, #16]
 5100              	.LVL357:
2062:Inc/STM32F3xx_HAL_Driver/Src/stm32f3xx_hal_tim_ex.c ****   MODIFY_REG(tmpbdtr, TIM_BDTR_BKP, sBreakDeadTimeConfig->BreakPolarity);
 5101              		.loc 1 2062 3 view .LVU1499
 5102 0032 0343     		orrs	r3, r3, r0
 5103              	.LVL358:
2063:Inc/STM32F3xx_HAL_Driver/Src/stm32f3xx_hal_tim_ex.c ****   MODIFY_REG(tmpbdtr, TIM_BDTR_AOE, sBreakDeadTimeConfig->AutomaticOutput);
 5104              		.loc 1 2063 3 is_stmt 1 view .LVU1500
 5105 0034 23F40053 		bic	r3, r3, #8192
 5106              	.LVL359:
2063:Inc/STM32F3xx_HAL_Driver/Src/stm32f3xx_hal_tim_ex.c ****   MODIFY_REG(tmpbdtr, TIM_BDTR_AOE, sBreakDeadTimeConfig->AutomaticOutput);
 5107              		.loc 1 2063 3 is_stmt 0 view .LVU1501
 5108 0038 4869     		ldr	r0, [r1, #20]
 5109              	.LVL360:
2063:Inc/STM32F3xx_HAL_Driver/Src/stm32f3xx_hal_tim_ex.c ****   MODIFY_REG(tmpbdtr, TIM_BDTR_AOE, sBreakDeadTimeConfig->AutomaticOutput);
 5110              		.loc 1 2063 3 view .LVU1502
 5111 003a 0343     		orrs	r3, r3, r0
 5112              	.LVL361:
2064:Inc/STM32F3xx_HAL_Driver/Src/stm32f3xx_hal_tim_ex.c **** #if defined(TIM_BDTR_BKF)
 5113              		.loc 1 2064 3 is_stmt 1 view .LVU1503
 5114 003c 23F48043 		bic	r3, r3, #16384
 5115              	.LVL362:
ARM GAS  /tmp/ccfhaacA.s 			page 160


2064:Inc/STM32F3xx_HAL_Driver/Src/stm32f3xx_hal_tim_ex.c **** #if defined(TIM_BDTR_BKF)
 5116              		.loc 1 2064 3 is_stmt 0 view .LVU1504
 5117 0040 886A     		ldr	r0, [r1, #40]
 5118              	.LVL363:
2064:Inc/STM32F3xx_HAL_Driver/Src/stm32f3xx_hal_tim_ex.c **** #if defined(TIM_BDTR_BKF)
 5119              		.loc 1 2064 3 view .LVU1505
 5120 0042 0343     		orrs	r3, r3, r0
 5121              	.LVL364:
2066:Inc/STM32F3xx_HAL_Driver/Src/stm32f3xx_hal_tim_ex.c **** #endif /* TIM_BDTR_BKF */
 5122              		.loc 1 2066 3 is_stmt 1 view .LVU1506
 5123 0044 23F47023 		bic	r3, r3, #983040
 5124              	.LVL365:
2066:Inc/STM32F3xx_HAL_Driver/Src/stm32f3xx_hal_tim_ex.c **** #endif /* TIM_BDTR_BKF */
 5125              		.loc 1 2066 3 is_stmt 0 view .LVU1507
 5126 0048 8869     		ldr	r0, [r1, #24]
 5127              	.LVL366:
2066:Inc/STM32F3xx_HAL_Driver/Src/stm32f3xx_hal_tim_ex.c **** #endif /* TIM_BDTR_BKF */
 5128              		.loc 1 2066 3 view .LVU1508
 5129 004a 43EA0043 		orr	r3, r3, r0, lsl #16
 5130              	.LVL367:
2070:Inc/STM32F3xx_HAL_Driver/Src/stm32f3xx_hal_tim_ex.c ****   {
 5131              		.loc 1 2070 3 is_stmt 1 view .LVU1509
2070:Inc/STM32F3xx_HAL_Driver/Src/stm32f3xx_hal_tim_ex.c ****   {
 5132              		.loc 1 2070 7 is_stmt 0 view .LVU1510
 5133 004e 1068     		ldr	r0, [r2]
2070:Inc/STM32F3xx_HAL_Driver/Src/stm32f3xx_hal_tim_ex.c ****   {
 5134              		.loc 1 2070 6 view .LVU1511
 5135 0050 104C     		ldr	r4, .L414
 5136 0052 A042     		cmp	r0, r4
 5137 0054 07D0     		beq	.L407
2070:Inc/STM32F3xx_HAL_Driver/Src/stm32f3xx_hal_tim_ex.c ****   {
 5138              		.loc 1 2070 7 discriminator 1 view .LVU1512
 5139 0056 04F50064 		add	r4, r4, #2048
 5140 005a A042     		cmp	r0, r4
 5141 005c 03D0     		beq	.L407
2070:Inc/STM32F3xx_HAL_Driver/Src/stm32f3xx_hal_tim_ex.c ****   {
 5142              		.loc 1 2070 7 discriminator 2 view .LVU1513
 5143 005e 04F5E054 		add	r4, r4, #7168
 5144 0062 A042     		cmp	r0, r4
 5145 0064 0CD1     		bne	.L408
 5146              	.L407:
2073:Inc/STM32F3xx_HAL_Driver/Src/stm32f3xx_hal_tim_ex.c ****     assert_param(IS_TIM_BREAK2_POLARITY(sBreakDeadTimeConfig->Break2Polarity));
 5147              		.loc 1 2073 5 is_stmt 1 view .LVU1514
2074:Inc/STM32F3xx_HAL_Driver/Src/stm32f3xx_hal_tim_ex.c ****     assert_param(IS_TIM_BREAK_FILTER(sBreakDeadTimeConfig->Break2Filter));
 5148              		.loc 1 2074 5 view .LVU1515
2075:Inc/STM32F3xx_HAL_Driver/Src/stm32f3xx_hal_tim_ex.c **** 
 5149              		.loc 1 2075 5 view .LVU1516
2078:Inc/STM32F3xx_HAL_Driver/Src/stm32f3xx_hal_tim_ex.c ****     MODIFY_REG(tmpbdtr, TIM_BDTR_BK2E, sBreakDeadTimeConfig->Break2State);
 5150              		.loc 1 2078 5 view .LVU1517
 5151 0066 23F47003 		bic	r3, r3, #15728640
 5152              	.LVL368:
2078:Inc/STM32F3xx_HAL_Driver/Src/stm32f3xx_hal_tim_ex.c ****     MODIFY_REG(tmpbdtr, TIM_BDTR_BK2E, sBreakDeadTimeConfig->Break2State);
 5153              		.loc 1 2078 5 is_stmt 0 view .LVU1518
 5154 006a 4C6A     		ldr	r4, [r1, #36]
 5155 006c 43EA0453 		orr	r3, r3, r4, lsl #20
 5156              	.LVL369:
2079:Inc/STM32F3xx_HAL_Driver/Src/stm32f3xx_hal_tim_ex.c ****     MODIFY_REG(tmpbdtr, TIM_BDTR_BK2P, sBreakDeadTimeConfig->Break2Polarity);
ARM GAS  /tmp/ccfhaacA.s 			page 161


 5157              		.loc 1 2079 5 is_stmt 1 view .LVU1519
 5158 0070 23F08073 		bic	r3, r3, #16777216
 5159              	.LVL370:
2079:Inc/STM32F3xx_HAL_Driver/Src/stm32f3xx_hal_tim_ex.c ****     MODIFY_REG(tmpbdtr, TIM_BDTR_BK2P, sBreakDeadTimeConfig->Break2Polarity);
 5160              		.loc 1 2079 5 is_stmt 0 view .LVU1520
 5161 0074 CC69     		ldr	r4, [r1, #28]
 5162              	.LVL371:
2079:Inc/STM32F3xx_HAL_Driver/Src/stm32f3xx_hal_tim_ex.c ****     MODIFY_REG(tmpbdtr, TIM_BDTR_BK2P, sBreakDeadTimeConfig->Break2Polarity);
 5163              		.loc 1 2079 5 view .LVU1521
 5164 0076 2343     		orrs	r3, r3, r4
 5165              	.LVL372:
2080:Inc/STM32F3xx_HAL_Driver/Src/stm32f3xx_hal_tim_ex.c ****   }
 5166              		.loc 1 2080 5 is_stmt 1 view .LVU1522
 5167 0078 23F00073 		bic	r3, r3, #33554432
 5168              	.LVL373:
2080:Inc/STM32F3xx_HAL_Driver/Src/stm32f3xx_hal_tim_ex.c ****   }
 5169              		.loc 1 2080 5 is_stmt 0 view .LVU1523
 5170 007c 096A     		ldr	r1, [r1, #32]
 5171              	.LVL374:
2080:Inc/STM32F3xx_HAL_Driver/Src/stm32f3xx_hal_tim_ex.c ****   }
 5172              		.loc 1 2080 5 view .LVU1524
 5173 007e 0B43     		orrs	r3, r3, r1
 5174              	.LVL375:
 5175              	.L408:
2085:Inc/STM32F3xx_HAL_Driver/Src/stm32f3xx_hal_tim_ex.c **** 
 5176              		.loc 1 2085 3 is_stmt 1 view .LVU1525
2085:Inc/STM32F3xx_HAL_Driver/Src/stm32f3xx_hal_tim_ex.c **** 
 5177              		.loc 1 2085 24 is_stmt 0 view .LVU1526
 5178 0080 4364     		str	r3, [r0, #68]
2087:Inc/STM32F3xx_HAL_Driver/Src/stm32f3xx_hal_tim_ex.c **** 
 5179              		.loc 1 2087 3 is_stmt 1 view .LVU1527
2087:Inc/STM32F3xx_HAL_Driver/Src/stm32f3xx_hal_tim_ex.c **** 
 5180              		.loc 1 2087 3 view .LVU1528
 5181 0082 0020     		movs	r0, #0
 5182 0084 82F83C00 		strb	r0, [r2, #60]
2087:Inc/STM32F3xx_HAL_Driver/Src/stm32f3xx_hal_tim_ex.c **** 
 5183              		.loc 1 2087 3 view .LVU1529
2089:Inc/STM32F3xx_HAL_Driver/Src/stm32f3xx_hal_tim_ex.c **** }
 5184              		.loc 1 2089 3 view .LVU1530
2090:Inc/STM32F3xx_HAL_Driver/Src/stm32f3xx_hal_tim_ex.c **** 
 5185              		.loc 1 2090 1 is_stmt 0 view .LVU1531
 5186 0088 5DF8044B 		ldr	r4, [sp], #4
 5187              		.cfi_restore 4
 5188              		.cfi_def_cfa_offset 0
 5189 008c 7047     		bx	lr
 5190              	.LVL376:
 5191              	.L409:
2052:Inc/STM32F3xx_HAL_Driver/Src/stm32f3xx_hal_tim_ex.c **** 
 5192              		.loc 1 2052 3 discriminator 1 view .LVU1532
 5193 008e 0220     		movs	r0, #2
 5194              	.LVL377:
2090:Inc/STM32F3xx_HAL_Driver/Src/stm32f3xx_hal_tim_ex.c **** 
 5195              		.loc 1 2090 1 view .LVU1533
 5196 0090 7047     		bx	lr
 5197              	.L415:
 5198 0092 00BF     		.align	2
 5199              	.L414:
ARM GAS  /tmp/ccfhaacA.s 			page 162


 5200 0094 002C0140 		.word	1073818624
 5201              		.cfi_endproc
 5202              	.LFE160:
 5204              		.section	.text.HAL_TIMEx_RemapConfig,"ax",%progbits
 5205              		.align	1
 5206              		.global	HAL_TIMEx_RemapConfig
 5207              		.syntax unified
 5208              		.thumb
 5209              		.thumb_func
 5211              	HAL_TIMEx_RemapConfig:
 5212              	.LVL378:
 5213              	.LFB161:
2178:Inc/STM32F3xx_HAL_Driver/Src/stm32f3xx_hal_tim_ex.c **** 
 5214              		.loc 1 2178 1 is_stmt 1 view -0
 5215              		.cfi_startproc
 5216              		@ args = 0, pretend = 0, frame = 0
 5217              		@ frame_needed = 0, uses_anonymous_args = 0
 5218              		@ link register save eliminated.
2181:Inc/STM32F3xx_HAL_Driver/Src/stm32f3xx_hal_tim_ex.c **** 
 5219              		.loc 1 2181 3 view .LVU1535
2183:Inc/STM32F3xx_HAL_Driver/Src/stm32f3xx_hal_tim_ex.c **** 
 5220              		.loc 1 2183 3 view .LVU1536
2183:Inc/STM32F3xx_HAL_Driver/Src/stm32f3xx_hal_tim_ex.c **** 
 5221              		.loc 1 2183 3 view .LVU1537
 5222 0000 90F83C30 		ldrb	r3, [r0, #60]	@ zero_extendqisi2
 5223 0004 012B     		cmp	r3, #1
 5224 0006 09D0     		beq	.L418
2183:Inc/STM32F3xx_HAL_Driver/Src/stm32f3xx_hal_tim_ex.c **** 
 5225              		.loc 1 2183 3 discriminator 2 view .LVU1538
 5226 0008 0123     		movs	r3, #1
 5227 000a 80F83C30 		strb	r3, [r0, #60]
2183:Inc/STM32F3xx_HAL_Driver/Src/stm32f3xx_hal_tim_ex.c **** 
 5228              		.loc 1 2183 3 view .LVU1539
2186:Inc/STM32F3xx_HAL_Driver/Src/stm32f3xx_hal_tim_ex.c **** 
 5229              		.loc 1 2186 3 view .LVU1540
 5230 000e 0368     		ldr	r3, [r0]
 5231 0010 1965     		str	r1, [r3, #80]
2188:Inc/STM32F3xx_HAL_Driver/Src/stm32f3xx_hal_tim_ex.c **** 
 5232              		.loc 1 2188 3 view .LVU1541
2188:Inc/STM32F3xx_HAL_Driver/Src/stm32f3xx_hal_tim_ex.c **** 
 5233              		.loc 1 2188 3 view .LVU1542
 5234 0012 0023     		movs	r3, #0
 5235 0014 80F83C30 		strb	r3, [r0, #60]
2188:Inc/STM32F3xx_HAL_Driver/Src/stm32f3xx_hal_tim_ex.c **** 
 5236              		.loc 1 2188 3 view .LVU1543
2190:Inc/STM32F3xx_HAL_Driver/Src/stm32f3xx_hal_tim_ex.c **** }
 5237              		.loc 1 2190 3 view .LVU1544
2190:Inc/STM32F3xx_HAL_Driver/Src/stm32f3xx_hal_tim_ex.c **** }
 5238              		.loc 1 2190 10 is_stmt 0 view .LVU1545
 5239 0018 1846     		mov	r0, r3
 5240              	.LVL379:
2190:Inc/STM32F3xx_HAL_Driver/Src/stm32f3xx_hal_tim_ex.c **** }
 5241              		.loc 1 2190 10 view .LVU1546
 5242 001a 7047     		bx	lr
 5243              	.LVL380:
 5244              	.L418:
2183:Inc/STM32F3xx_HAL_Driver/Src/stm32f3xx_hal_tim_ex.c **** 
ARM GAS  /tmp/ccfhaacA.s 			page 163


 5245              		.loc 1 2183 3 discriminator 1 view .LVU1547
 5246 001c 0220     		movs	r0, #2
 5247              	.LVL381:
2191:Inc/STM32F3xx_HAL_Driver/Src/stm32f3xx_hal_tim_ex.c **** 
 5248              		.loc 1 2191 1 view .LVU1548
 5249 001e 7047     		bx	lr
 5250              		.cfi_endproc
 5251              	.LFE161:
 5253              		.section	.text.HAL_TIMEx_GroupChannel5,"ax",%progbits
 5254              		.align	1
 5255              		.global	HAL_TIMEx_GroupChannel5
 5256              		.syntax unified
 5257              		.thumb
 5258              		.thumb_func
 5260              	HAL_TIMEx_GroupChannel5:
 5261              	.LVL382:
 5262              	.LFB162:
2206:Inc/STM32F3xx_HAL_Driver/Src/stm32f3xx_hal_tim_ex.c ****   /* Check parameters */
 5263              		.loc 1 2206 1 is_stmt 1 view -0
 5264              		.cfi_startproc
 5265              		@ args = 0, pretend = 0, frame = 0
 5266              		@ frame_needed = 0, uses_anonymous_args = 0
 5267              		@ link register save eliminated.
2208:Inc/STM32F3xx_HAL_Driver/Src/stm32f3xx_hal_tim_ex.c ****   assert_param(IS_TIM_GROUPCH5(Channels));
 5268              		.loc 1 2208 3 view .LVU1550
2209:Inc/STM32F3xx_HAL_Driver/Src/stm32f3xx_hal_tim_ex.c **** 
 5269              		.loc 1 2209 3 view .LVU1551
2212:Inc/STM32F3xx_HAL_Driver/Src/stm32f3xx_hal_tim_ex.c **** 
 5270              		.loc 1 2212 3 view .LVU1552
2212:Inc/STM32F3xx_HAL_Driver/Src/stm32f3xx_hal_tim_ex.c **** 
 5271              		.loc 1 2212 3 view .LVU1553
 5272 0000 90F83C30 		ldrb	r3, [r0, #60]	@ zero_extendqisi2
 5273 0004 012B     		cmp	r3, #1
 5274 0006 18D0     		beq	.L421
2206:Inc/STM32F3xx_HAL_Driver/Src/stm32f3xx_hal_tim_ex.c ****   /* Check parameters */
 5275              		.loc 1 2206 1 is_stmt 0 view .LVU1554
 5276 0008 10B4     		push	{r4}
 5277              		.cfi_def_cfa_offset 4
 5278              		.cfi_offset 4, -4
2212:Inc/STM32F3xx_HAL_Driver/Src/stm32f3xx_hal_tim_ex.c **** 
 5279              		.loc 1 2212 3 is_stmt 1 discriminator 2 view .LVU1555
 5280 000a 0122     		movs	r2, #1
 5281 000c 80F83C20 		strb	r2, [r0, #60]
2212:Inc/STM32F3xx_HAL_Driver/Src/stm32f3xx_hal_tim_ex.c **** 
 5282              		.loc 1 2212 3 view .LVU1556
2214:Inc/STM32F3xx_HAL_Driver/Src/stm32f3xx_hal_tim_ex.c **** 
 5283              		.loc 1 2214 3 view .LVU1557
2214:Inc/STM32F3xx_HAL_Driver/Src/stm32f3xx_hal_tim_ex.c **** 
 5284              		.loc 1 2214 15 is_stmt 0 view .LVU1558
 5285 0010 0223     		movs	r3, #2
 5286 0012 80F83D30 		strb	r3, [r0, #61]
2217:Inc/STM32F3xx_HAL_Driver/Src/stm32f3xx_hal_tim_ex.c **** 
 5287              		.loc 1 2217 3 is_stmt 1 view .LVU1559
2217:Inc/STM32F3xx_HAL_Driver/Src/stm32f3xx_hal_tim_ex.c **** 
 5288              		.loc 1 2217 7 is_stmt 0 view .LVU1560
 5289 0016 0468     		ldr	r4, [r0]
2217:Inc/STM32F3xx_HAL_Driver/Src/stm32f3xx_hal_tim_ex.c **** 
ARM GAS  /tmp/ccfhaacA.s 			page 164


 5290              		.loc 1 2217 17 view .LVU1561
 5291 0018 A36D     		ldr	r3, [r4, #88]
2217:Inc/STM32F3xx_HAL_Driver/Src/stm32f3xx_hal_tim_ex.c **** 
 5292              		.loc 1 2217 24 view .LVU1562
 5293 001a 23F06043 		bic	r3, r3, #-536870912
 5294 001e A365     		str	r3, [r4, #88]
2220:Inc/STM32F3xx_HAL_Driver/Src/stm32f3xx_hal_tim_ex.c **** 
 5295              		.loc 1 2220 3 is_stmt 1 view .LVU1563
2220:Inc/STM32F3xx_HAL_Driver/Src/stm32f3xx_hal_tim_ex.c **** 
 5296              		.loc 1 2220 7 is_stmt 0 view .LVU1564
 5297 0020 0468     		ldr	r4, [r0]
2220:Inc/STM32F3xx_HAL_Driver/Src/stm32f3xx_hal_tim_ex.c **** 
 5298              		.loc 1 2220 17 view .LVU1565
 5299 0022 A36D     		ldr	r3, [r4, #88]
2220:Inc/STM32F3xx_HAL_Driver/Src/stm32f3xx_hal_tim_ex.c **** 
 5300              		.loc 1 2220 24 view .LVU1566
 5301 0024 0B43     		orrs	r3, r3, r1
 5302 0026 A365     		str	r3, [r4, #88]
2223:Inc/STM32F3xx_HAL_Driver/Src/stm32f3xx_hal_tim_ex.c **** 
 5303              		.loc 1 2223 3 is_stmt 1 view .LVU1567
2223:Inc/STM32F3xx_HAL_Driver/Src/stm32f3xx_hal_tim_ex.c **** 
 5304              		.loc 1 2223 15 is_stmt 0 view .LVU1568
 5305 0028 80F83D20 		strb	r2, [r0, #61]
2225:Inc/STM32F3xx_HAL_Driver/Src/stm32f3xx_hal_tim_ex.c **** 
 5306              		.loc 1 2225 3 is_stmt 1 view .LVU1569
2225:Inc/STM32F3xx_HAL_Driver/Src/stm32f3xx_hal_tim_ex.c **** 
 5307              		.loc 1 2225 3 view .LVU1570
 5308 002c 0023     		movs	r3, #0
 5309 002e 80F83C30 		strb	r3, [r0, #60]
2225:Inc/STM32F3xx_HAL_Driver/Src/stm32f3xx_hal_tim_ex.c **** 
 5310              		.loc 1 2225 3 view .LVU1571
2227:Inc/STM32F3xx_HAL_Driver/Src/stm32f3xx_hal_tim_ex.c **** }
 5311              		.loc 1 2227 3 view .LVU1572
2227:Inc/STM32F3xx_HAL_Driver/Src/stm32f3xx_hal_tim_ex.c **** }
 5312              		.loc 1 2227 10 is_stmt 0 view .LVU1573
 5313 0032 1846     		mov	r0, r3
 5314              	.LVL383:
2228:Inc/STM32F3xx_HAL_Driver/Src/stm32f3xx_hal_tim_ex.c **** #endif /* TIM_CCR5_CCR5 */
 5315              		.loc 1 2228 1 view .LVU1574
 5316 0034 5DF8044B 		ldr	r4, [sp], #4
 5317              		.cfi_restore 4
 5318              		.cfi_def_cfa_offset 0
 5319 0038 7047     		bx	lr
 5320              	.LVL384:
 5321              	.L421:
2212:Inc/STM32F3xx_HAL_Driver/Src/stm32f3xx_hal_tim_ex.c **** 
 5322              		.loc 1 2212 3 discriminator 1 view .LVU1575
 5323 003a 0220     		movs	r0, #2
 5324              	.LVL385:
2228:Inc/STM32F3xx_HAL_Driver/Src/stm32f3xx_hal_tim_ex.c **** #endif /* TIM_CCR5_CCR5 */
 5325              		.loc 1 2228 1 view .LVU1576
 5326 003c 7047     		bx	lr
 5327              		.cfi_endproc
 5328              	.LFE162:
 5330              		.section	.text.HAL_TIMEx_CommutCallback,"ax",%progbits
 5331              		.align	1
 5332              		.weak	HAL_TIMEx_CommutCallback
ARM GAS  /tmp/ccfhaacA.s 			page 165


 5333              		.syntax unified
 5334              		.thumb
 5335              		.thumb_func
 5337              	HAL_TIMEx_CommutCallback:
 5338              	.LVL386:
 5339              	.LFB163:
2257:Inc/STM32F3xx_HAL_Driver/Src/stm32f3xx_hal_tim_ex.c ****   /* Prevent unused argument(s) compilation warning */
 5340              		.loc 1 2257 1 is_stmt 1 view -0
 5341              		.cfi_startproc
 5342              		@ args = 0, pretend = 0, frame = 0
 5343              		@ frame_needed = 0, uses_anonymous_args = 0
 5344              		@ link register save eliminated.
2259:Inc/STM32F3xx_HAL_Driver/Src/stm32f3xx_hal_tim_ex.c **** 
 5345              		.loc 1 2259 3 view .LVU1578
2264:Inc/STM32F3xx_HAL_Driver/Src/stm32f3xx_hal_tim_ex.c **** /**
 5346              		.loc 1 2264 1 is_stmt 0 view .LVU1579
 5347 0000 7047     		bx	lr
 5348              		.cfi_endproc
 5349              	.LFE163:
 5351              		.section	.text.TIMEx_DMACommutationCplt,"ax",%progbits
 5352              		.align	1
 5353              		.global	TIMEx_DMACommutationCplt
 5354              		.syntax unified
 5355              		.thumb
 5356              		.thumb_func
 5358              	TIMEx_DMACommutationCplt:
 5359              	.LVL387:
 5360              	.LFB169:
2380:Inc/STM32F3xx_HAL_Driver/Src/stm32f3xx_hal_tim_ex.c ****   TIM_HandleTypeDef *htim = (TIM_HandleTypeDef *)((DMA_HandleTypeDef *)hdma)->Parent;
 5361              		.loc 1 2380 1 is_stmt 1 view -0
 5362              		.cfi_startproc
 5363              		@ args = 0, pretend = 0, frame = 0
 5364              		@ frame_needed = 0, uses_anonymous_args = 0
2380:Inc/STM32F3xx_HAL_Driver/Src/stm32f3xx_hal_tim_ex.c ****   TIM_HandleTypeDef *htim = (TIM_HandleTypeDef *)((DMA_HandleTypeDef *)hdma)->Parent;
 5365              		.loc 1 2380 1 is_stmt 0 view .LVU1581
 5366 0000 08B5     		push	{r3, lr}
 5367              		.cfi_def_cfa_offset 8
 5368              		.cfi_offset 3, -8
 5369              		.cfi_offset 14, -4
2381:Inc/STM32F3xx_HAL_Driver/Src/stm32f3xx_hal_tim_ex.c **** 
 5370              		.loc 1 2381 3 is_stmt 1 view .LVU1582
2381:Inc/STM32F3xx_HAL_Driver/Src/stm32f3xx_hal_tim_ex.c **** 
 5371              		.loc 1 2381 22 is_stmt 0 view .LVU1583
 5372 0002 406A     		ldr	r0, [r0, #36]
 5373              	.LVL388:
2384:Inc/STM32F3xx_HAL_Driver/Src/stm32f3xx_hal_tim_ex.c **** 
 5374              		.loc 1 2384 3 is_stmt 1 view .LVU1584
2384:Inc/STM32F3xx_HAL_Driver/Src/stm32f3xx_hal_tim_ex.c **** 
 5375              		.loc 1 2384 15 is_stmt 0 view .LVU1585
 5376 0004 0123     		movs	r3, #1
 5377 0006 80F83D30 		strb	r3, [r0, #61]
2389:Inc/STM32F3xx_HAL_Driver/Src/stm32f3xx_hal_tim_ex.c **** #endif /* USE_HAL_TIM_REGISTER_CALLBACKS */
 5378              		.loc 1 2389 3 is_stmt 1 view .LVU1586
 5379 000a FFF7FEFF 		bl	HAL_TIMEx_CommutCallback
 5380              	.LVL389:
2391:Inc/STM32F3xx_HAL_Driver/Src/stm32f3xx_hal_tim_ex.c **** 
 5381              		.loc 1 2391 1 is_stmt 0 view .LVU1587
ARM GAS  /tmp/ccfhaacA.s 			page 166


 5382 000e 08BD     		pop	{r3, pc}
 5383              		.cfi_endproc
 5384              	.LFE169:
 5386              		.section	.text.HAL_TIMEx_CommutHalfCpltCallback,"ax",%progbits
 5387              		.align	1
 5388              		.weak	HAL_TIMEx_CommutHalfCpltCallback
 5389              		.syntax unified
 5390              		.thumb
 5391              		.thumb_func
 5393              	HAL_TIMEx_CommutHalfCpltCallback:
 5394              	.LVL390:
 5395              	.LFB164:
2271:Inc/STM32F3xx_HAL_Driver/Src/stm32f3xx_hal_tim_ex.c ****   /* Prevent unused argument(s) compilation warning */
 5396              		.loc 1 2271 1 is_stmt 1 view -0
 5397              		.cfi_startproc
 5398              		@ args = 0, pretend = 0, frame = 0
 5399              		@ frame_needed = 0, uses_anonymous_args = 0
 5400              		@ link register save eliminated.
2273:Inc/STM32F3xx_HAL_Driver/Src/stm32f3xx_hal_tim_ex.c **** 
 5401              		.loc 1 2273 3 view .LVU1589
2278:Inc/STM32F3xx_HAL_Driver/Src/stm32f3xx_hal_tim_ex.c **** 
 5402              		.loc 1 2278 1 is_stmt 0 view .LVU1590
 5403 0000 7047     		bx	lr
 5404              		.cfi_endproc
 5405              	.LFE164:
 5407              		.section	.text.TIMEx_DMACommutationHalfCplt,"ax",%progbits
 5408              		.align	1
 5409              		.global	TIMEx_DMACommutationHalfCplt
 5410              		.syntax unified
 5411              		.thumb
 5412              		.thumb_func
 5414              	TIMEx_DMACommutationHalfCplt:
 5415              	.LVL391:
 5416              	.LFB170:
2399:Inc/STM32F3xx_HAL_Driver/Src/stm32f3xx_hal_tim_ex.c ****   TIM_HandleTypeDef *htim = (TIM_HandleTypeDef *)((DMA_HandleTypeDef *)hdma)->Parent;
 5417              		.loc 1 2399 1 is_stmt 1 view -0
 5418              		.cfi_startproc
 5419              		@ args = 0, pretend = 0, frame = 0
 5420              		@ frame_needed = 0, uses_anonymous_args = 0
2399:Inc/STM32F3xx_HAL_Driver/Src/stm32f3xx_hal_tim_ex.c ****   TIM_HandleTypeDef *htim = (TIM_HandleTypeDef *)((DMA_HandleTypeDef *)hdma)->Parent;
 5421              		.loc 1 2399 1 is_stmt 0 view .LVU1592
 5422 0000 08B5     		push	{r3, lr}
 5423              		.cfi_def_cfa_offset 8
 5424              		.cfi_offset 3, -8
 5425              		.cfi_offset 14, -4
2400:Inc/STM32F3xx_HAL_Driver/Src/stm32f3xx_hal_tim_ex.c **** 
 5426              		.loc 1 2400 3 is_stmt 1 view .LVU1593
2400:Inc/STM32F3xx_HAL_Driver/Src/stm32f3xx_hal_tim_ex.c **** 
 5427              		.loc 1 2400 22 is_stmt 0 view .LVU1594
 5428 0002 406A     		ldr	r0, [r0, #36]
 5429              	.LVL392:
2403:Inc/STM32F3xx_HAL_Driver/Src/stm32f3xx_hal_tim_ex.c **** 
 5430              		.loc 1 2403 3 is_stmt 1 view .LVU1595
2403:Inc/STM32F3xx_HAL_Driver/Src/stm32f3xx_hal_tim_ex.c **** 
 5431              		.loc 1 2403 15 is_stmt 0 view .LVU1596
 5432 0004 0123     		movs	r3, #1
 5433 0006 80F83D30 		strb	r3, [r0, #61]
ARM GAS  /tmp/ccfhaacA.s 			page 167


2408:Inc/STM32F3xx_HAL_Driver/Src/stm32f3xx_hal_tim_ex.c **** #endif /* USE_HAL_TIM_REGISTER_CALLBACKS */
 5434              		.loc 1 2408 3 is_stmt 1 view .LVU1597
 5435 000a FFF7FEFF 		bl	HAL_TIMEx_CommutHalfCpltCallback
 5436              	.LVL393:
2410:Inc/STM32F3xx_HAL_Driver/Src/stm32f3xx_hal_tim_ex.c **** 
 5437              		.loc 1 2410 1 is_stmt 0 view .LVU1598
 5438 000e 08BD     		pop	{r3, pc}
 5439              		.cfi_endproc
 5440              	.LFE170:
 5442              		.section	.text.HAL_TIMEx_BreakCallback,"ax",%progbits
 5443              		.align	1
 5444              		.weak	HAL_TIMEx_BreakCallback
 5445              		.syntax unified
 5446              		.thumb
 5447              		.thumb_func
 5449              	HAL_TIMEx_BreakCallback:
 5450              	.LVL394:
 5451              	.LFB165:
2286:Inc/STM32F3xx_HAL_Driver/Src/stm32f3xx_hal_tim_ex.c ****   /* Prevent unused argument(s) compilation warning */
 5452              		.loc 1 2286 1 is_stmt 1 view -0
 5453              		.cfi_startproc
 5454              		@ args = 0, pretend = 0, frame = 0
 5455              		@ frame_needed = 0, uses_anonymous_args = 0
 5456              		@ link register save eliminated.
2288:Inc/STM32F3xx_HAL_Driver/Src/stm32f3xx_hal_tim_ex.c **** 
 5457              		.loc 1 2288 3 view .LVU1600
2293:Inc/STM32F3xx_HAL_Driver/Src/stm32f3xx_hal_tim_ex.c **** 
 5458              		.loc 1 2293 1 is_stmt 0 view .LVU1601
 5459 0000 7047     		bx	lr
 5460              		.cfi_endproc
 5461              	.LFE165:
 5463              		.section	.text.HAL_TIMEx_Break2Callback,"ax",%progbits
 5464              		.align	1
 5465              		.weak	HAL_TIMEx_Break2Callback
 5466              		.syntax unified
 5467              		.thumb
 5468              		.thumb_func
 5470              	HAL_TIMEx_Break2Callback:
 5471              	.LVL395:
 5472              	.LFB166:
2302:Inc/STM32F3xx_HAL_Driver/Src/stm32f3xx_hal_tim_ex.c ****   /* Prevent unused argument(s) compilation warning */
 5473              		.loc 1 2302 1 is_stmt 1 view -0
 5474              		.cfi_startproc
 5475              		@ args = 0, pretend = 0, frame = 0
 5476              		@ frame_needed = 0, uses_anonymous_args = 0
 5477              		@ link register save eliminated.
2304:Inc/STM32F3xx_HAL_Driver/Src/stm32f3xx_hal_tim_ex.c **** 
 5478              		.loc 1 2304 3 view .LVU1603
2309:Inc/STM32F3xx_HAL_Driver/Src/stm32f3xx_hal_tim_ex.c **** #endif /* TIM_BDTR_BK2E */
 5479              		.loc 1 2309 1 is_stmt 0 view .LVU1604
 5480 0000 7047     		bx	lr
 5481              		.cfi_endproc
 5482              	.LFE166:
 5484              		.section	.text.HAL_TIMEx_HallSensor_GetState,"ax",%progbits
 5485              		.align	1
 5486              		.global	HAL_TIMEx_HallSensor_GetState
 5487              		.syntax unified
ARM GAS  /tmp/ccfhaacA.s 			page 168


 5488              		.thumb
 5489              		.thumb_func
 5491              	HAL_TIMEx_HallSensor_GetState:
 5492              	.LVL396:
 5493              	.LFB167:
2336:Inc/STM32F3xx_HAL_Driver/Src/stm32f3xx_hal_tim_ex.c ****   return htim->State;
 5494              		.loc 1 2336 1 is_stmt 1 view -0
 5495              		.cfi_startproc
 5496              		@ args = 0, pretend = 0, frame = 0
 5497              		@ frame_needed = 0, uses_anonymous_args = 0
 5498              		@ link register save eliminated.
2337:Inc/STM32F3xx_HAL_Driver/Src/stm32f3xx_hal_tim_ex.c **** }
 5499              		.loc 1 2337 3 view .LVU1606
2337:Inc/STM32F3xx_HAL_Driver/Src/stm32f3xx_hal_tim_ex.c **** }
 5500              		.loc 1 2337 14 is_stmt 0 view .LVU1607
 5501 0000 90F83D00 		ldrb	r0, [r0, #61]	@ zero_extendqisi2
 5502              	.LVL397:
2338:Inc/STM32F3xx_HAL_Driver/Src/stm32f3xx_hal_tim_ex.c **** 
 5503              		.loc 1 2338 1 view .LVU1608
 5504 0004 7047     		bx	lr
 5505              		.cfi_endproc
 5506              	.LFE167:
 5508              		.section	.text.HAL_TIMEx_GetChannelNState,"ax",%progbits
 5509              		.align	1
 5510              		.global	HAL_TIMEx_GetChannelNState
 5511              		.syntax unified
 5512              		.thumb
 5513              		.thumb_func
 5515              	HAL_TIMEx_GetChannelNState:
 5516              	.LVL398:
 5517              	.LFB168:
2351:Inc/STM32F3xx_HAL_Driver/Src/stm32f3xx_hal_tim_ex.c ****   HAL_TIM_ChannelStateTypeDef channel_state;
 5518              		.loc 1 2351 1 is_stmt 1 view -0
 5519              		.cfi_startproc
 5520              		@ args = 0, pretend = 0, frame = 0
 5521              		@ frame_needed = 0, uses_anonymous_args = 0
 5522              		@ link register save eliminated.
2352:Inc/STM32F3xx_HAL_Driver/Src/stm32f3xx_hal_tim_ex.c **** 
 5523              		.loc 1 2352 3 view .LVU1610
2355:Inc/STM32F3xx_HAL_Driver/Src/stm32f3xx_hal_tim_ex.c **** 
 5524              		.loc 1 2355 3 view .LVU1611
2357:Inc/STM32F3xx_HAL_Driver/Src/stm32f3xx_hal_tim_ex.c **** 
 5525              		.loc 1 2357 3 view .LVU1612
2357:Inc/STM32F3xx_HAL_Driver/Src/stm32f3xx_hal_tim_ex.c **** 
 5526              		.loc 1 2357 19 is_stmt 0 view .LVU1613
 5527 0000 19B9     		cbnz	r1, .L436
2357:Inc/STM32F3xx_HAL_Driver/Src/stm32f3xx_hal_tim_ex.c **** 
 5528              		.loc 1 2357 19 discriminator 1 view .LVU1614
 5529 0002 90F84400 		ldrb	r0, [r0, #68]	@ zero_extendqisi2
 5530              	.LVL399:
2357:Inc/STM32F3xx_HAL_Driver/Src/stm32f3xx_hal_tim_ex.c **** 
 5531              		.loc 1 2357 19 discriminator 1 view .LVU1615
 5532 0006 C0B2     		uxtb	r0, r0
 5533 0008 7047     		bx	lr
 5534              	.LVL400:
 5535              	.L436:
2357:Inc/STM32F3xx_HAL_Driver/Src/stm32f3xx_hal_tim_ex.c **** 
ARM GAS  /tmp/ccfhaacA.s 			page 169


 5536              		.loc 1 2357 19 discriminator 2 view .LVU1616
 5537 000a 0429     		cmp	r1, #4
 5538 000c 05D0     		beq	.L440
2357:Inc/STM32F3xx_HAL_Driver/Src/stm32f3xx_hal_tim_ex.c **** 
 5539              		.loc 1 2357 19 discriminator 5 view .LVU1617
 5540 000e 0829     		cmp	r1, #8
 5541 0010 07D0     		beq	.L441
2357:Inc/STM32F3xx_HAL_Driver/Src/stm32f3xx_hal_tim_ex.c **** 
 5542              		.loc 1 2357 19 discriminator 8 view .LVU1618
 5543 0012 90F84700 		ldrb	r0, [r0, #71]	@ zero_extendqisi2
 5544              	.LVL401:
2357:Inc/STM32F3xx_HAL_Driver/Src/stm32f3xx_hal_tim_ex.c **** 
 5545              		.loc 1 2357 19 discriminator 8 view .LVU1619
 5546 0016 C0B2     		uxtb	r0, r0
 5547              	.LVL402:
2359:Inc/STM32F3xx_HAL_Driver/Src/stm32f3xx_hal_tim_ex.c **** }
 5548              		.loc 1 2359 3 is_stmt 1 view .LVU1620
2360:Inc/STM32F3xx_HAL_Driver/Src/stm32f3xx_hal_tim_ex.c **** /**
 5549              		.loc 1 2360 1 is_stmt 0 view .LVU1621
 5550 0018 7047     		bx	lr
 5551              	.LVL403:
 5552              	.L440:
2357:Inc/STM32F3xx_HAL_Driver/Src/stm32f3xx_hal_tim_ex.c **** 
 5553              		.loc 1 2357 19 discriminator 4 view .LVU1622
 5554 001a 90F84500 		ldrb	r0, [r0, #69]	@ zero_extendqisi2
 5555              	.LVL404:
2357:Inc/STM32F3xx_HAL_Driver/Src/stm32f3xx_hal_tim_ex.c **** 
 5556              		.loc 1 2357 19 discriminator 4 view .LVU1623
 5557 001e C0B2     		uxtb	r0, r0
 5558 0020 7047     		bx	lr
 5559              	.LVL405:
 5560              	.L441:
2357:Inc/STM32F3xx_HAL_Driver/Src/stm32f3xx_hal_tim_ex.c **** 
 5561              		.loc 1 2357 19 discriminator 7 view .LVU1624
 5562 0022 90F84600 		ldrb	r0, [r0, #70]	@ zero_extendqisi2
 5563              	.LVL406:
2357:Inc/STM32F3xx_HAL_Driver/Src/stm32f3xx_hal_tim_ex.c **** 
 5564              		.loc 1 2357 19 discriminator 7 view .LVU1625
 5565 0026 C0B2     		uxtb	r0, r0
 5566 0028 7047     		bx	lr
 5567              		.cfi_endproc
 5568              	.LFE168:
 5570              		.text
 5571              	.Letext0:
 5572              		.file 2 "/usr/arm-none-eabi/include/machine/_default_types.h"
 5573              		.file 3 "/usr/arm-none-eabi/include/sys/_stdint.h"
 5574              		.file 4 "Inc/CMSIS/Device/ST/STM32F3xx/Include/stm32f303xe.h"
 5575              		.file 5 "Inc/CMSIS/Device/ST/STM32F3xx/Include/stm32f3xx.h"
 5576              		.file 6 "Inc/STM32F3xx_HAL_Driver/Inc/stm32f3xx_hal_def.h"
 5577              		.file 7 "Inc/STM32F3xx_HAL_Driver/Inc/stm32f3xx_hal_dma.h"
 5578              		.file 8 "Inc/STM32F3xx_HAL_Driver/Inc/stm32f3xx_hal_tim.h"
 5579              		.file 9 "Inc/STM32F3xx_HAL_Driver/Inc/stm32f3xx_hal_tim_ex.h"
ARM GAS  /tmp/ccfhaacA.s 			page 170


DEFINED SYMBOLS
                            *ABS*:00000000 stm32f3xx_hal_tim_ex.c
     /tmp/ccfhaacA.s:21     .text.TIM_CCxNChannelCmd:00000000 $t
     /tmp/ccfhaacA.s:26     .text.TIM_CCxNChannelCmd:00000000 TIM_CCxNChannelCmd
     /tmp/ccfhaacA.s:64     .text.TIM_DMAErrorCCxN:00000000 $t
     /tmp/ccfhaacA.s:69     .text.TIM_DMAErrorCCxN:00000000 TIM_DMAErrorCCxN
     /tmp/ccfhaacA.s:148    .text.TIM_DMADelayPulseNCplt:00000000 $t
     /tmp/ccfhaacA.s:153    .text.TIM_DMADelayPulseNCplt:00000000 TIM_DMADelayPulseNCplt
     /tmp/ccfhaacA.s:251    .text.HAL_TIMEx_HallSensor_MspInit:00000000 $t
     /tmp/ccfhaacA.s:257    .text.HAL_TIMEx_HallSensor_MspInit:00000000 HAL_TIMEx_HallSensor_MspInit
     /tmp/ccfhaacA.s:272    .text.HAL_TIMEx_HallSensor_Init:00000000 $t
     /tmp/ccfhaacA.s:278    .text.HAL_TIMEx_HallSensor_Init:00000000 HAL_TIMEx_HallSensor_Init
     /tmp/ccfhaacA.s:491    .text.HAL_TIMEx_HallSensor_MspDeInit:00000000 $t
     /tmp/ccfhaacA.s:497    .text.HAL_TIMEx_HallSensor_MspDeInit:00000000 HAL_TIMEx_HallSensor_MspDeInit
     /tmp/ccfhaacA.s:512    .text.HAL_TIMEx_HallSensor_DeInit:00000000 $t
     /tmp/ccfhaacA.s:518    .text.HAL_TIMEx_HallSensor_DeInit:00000000 HAL_TIMEx_HallSensor_DeInit
     /tmp/ccfhaacA.s:587    .text.HAL_TIMEx_HallSensor_Start:00000000 $t
     /tmp/ccfhaacA.s:593    .text.HAL_TIMEx_HallSensor_Start:00000000 HAL_TIMEx_HallSensor_Start
     /tmp/ccfhaacA.s:752    .text.HAL_TIMEx_HallSensor_Start:000000bc $d
     /tmp/ccfhaacA.s:758    .text.HAL_TIMEx_HallSensor_Stop:00000000 $t
     /tmp/ccfhaacA.s:764    .text.HAL_TIMEx_HallSensor_Stop:00000000 HAL_TIMEx_HallSensor_Stop
     /tmp/ccfhaacA.s:822    .text.HAL_TIMEx_HallSensor_Start_IT:00000000 $t
     /tmp/ccfhaacA.s:828    .text.HAL_TIMEx_HallSensor_Start_IT:00000000 HAL_TIMEx_HallSensor_Start_IT
     /tmp/ccfhaacA.s:995    .text.HAL_TIMEx_HallSensor_Start_IT:000000c8 $d
     /tmp/ccfhaacA.s:1001   .text.HAL_TIMEx_HallSensor_Stop_IT:00000000 $t
     /tmp/ccfhaacA.s:1007   .text.HAL_TIMEx_HallSensor_Stop_IT:00000000 HAL_TIMEx_HallSensor_Stop_IT
     /tmp/ccfhaacA.s:1070   .text.HAL_TIMEx_HallSensor_Start_DMA:00000000 $t
     /tmp/ccfhaacA.s:1076   .text.HAL_TIMEx_HallSensor_Start_DMA:00000000 HAL_TIMEx_HallSensor_Start_DMA
     /tmp/ccfhaacA.s:1274   .text.HAL_TIMEx_HallSensor_Start_DMA:000000e0 $d
     /tmp/ccfhaacA.s:1283   .text.HAL_TIMEx_HallSensor_Stop_DMA:00000000 $t
     /tmp/ccfhaacA.s:1289   .text.HAL_TIMEx_HallSensor_Stop_DMA:00000000 HAL_TIMEx_HallSensor_Stop_DMA
     /tmp/ccfhaacA.s:1353   .text.HAL_TIMEx_OCN_Start:00000000 $t
     /tmp/ccfhaacA.s:1359   .text.HAL_TIMEx_OCN_Start:00000000 HAL_TIMEx_OCN_Start
     /tmp/ccfhaacA.s:1546   .text.HAL_TIMEx_OCN_Start:000000ec $d
     /tmp/ccfhaacA.s:1552   .text.HAL_TIMEx_OCN_Stop:00000000 $t
     /tmp/ccfhaacA.s:1558   .text.HAL_TIMEx_OCN_Stop:00000000 HAL_TIMEx_OCN_Stop
     /tmp/ccfhaacA.s:1654   .text.HAL_TIMEx_OCN_Start_IT:00000000 $t
     /tmp/ccfhaacA.s:1660   .text.HAL_TIMEx_OCN_Start_IT:00000000 HAL_TIMEx_OCN_Start_IT
     /tmp/ccfhaacA.s:1890   .text.HAL_TIMEx_OCN_Start_IT:00000124 $d
     /tmp/ccfhaacA.s:1896   .text.HAL_TIMEx_OCN_Stop_IT:00000000 $t
     /tmp/ccfhaacA.s:1902   .text.HAL_TIMEx_OCN_Stop_IT:00000000 HAL_TIMEx_OCN_Stop_IT
     /tmp/ccfhaacA.s:2067   .text.HAL_TIMEx_OCN_Start_DMA:00000000 $t
     /tmp/ccfhaacA.s:2073   .text.HAL_TIMEx_OCN_Start_DMA:00000000 HAL_TIMEx_OCN_Start_DMA
     /tmp/ccfhaacA.s:2484   .text.HAL_TIMEx_OCN_Start_DMA:00000204 $d
     /tmp/ccfhaacA.s:2493   .text.HAL_TIMEx_OCN_Stop_DMA:00000000 $t
     /tmp/ccfhaacA.s:2499   .text.HAL_TIMEx_OCN_Stop_DMA:00000000 HAL_TIMEx_OCN_Stop_DMA
     /tmp/ccfhaacA.s:2662   .text.HAL_TIMEx_PWMN_Start:00000000 $t
     /tmp/ccfhaacA.s:2668   .text.HAL_TIMEx_PWMN_Start:00000000 HAL_TIMEx_PWMN_Start
     /tmp/ccfhaacA.s:2855   .text.HAL_TIMEx_PWMN_Start:000000ec $d
     /tmp/ccfhaacA.s:2861   .text.HAL_TIMEx_PWMN_Stop:00000000 $t
     /tmp/ccfhaacA.s:2867   .text.HAL_TIMEx_PWMN_Stop:00000000 HAL_TIMEx_PWMN_Stop
     /tmp/ccfhaacA.s:2963   .text.HAL_TIMEx_PWMN_Start_IT:00000000 $t
     /tmp/ccfhaacA.s:2969   .text.HAL_TIMEx_PWMN_Start_IT:00000000 HAL_TIMEx_PWMN_Start_IT
     /tmp/ccfhaacA.s:3199   .text.HAL_TIMEx_PWMN_Start_IT:00000124 $d
     /tmp/ccfhaacA.s:3205   .text.HAL_TIMEx_PWMN_Stop_IT:00000000 $t
     /tmp/ccfhaacA.s:3211   .text.HAL_TIMEx_PWMN_Stop_IT:00000000 HAL_TIMEx_PWMN_Stop_IT
     /tmp/ccfhaacA.s:3376   .text.HAL_TIMEx_PWMN_Start_DMA:00000000 $t
ARM GAS  /tmp/ccfhaacA.s 			page 171


     /tmp/ccfhaacA.s:3382   .text.HAL_TIMEx_PWMN_Start_DMA:00000000 HAL_TIMEx_PWMN_Start_DMA
     /tmp/ccfhaacA.s:3793   .text.HAL_TIMEx_PWMN_Start_DMA:00000204 $d
     /tmp/ccfhaacA.s:3802   .text.HAL_TIMEx_PWMN_Stop_DMA:00000000 $t
     /tmp/ccfhaacA.s:3808   .text.HAL_TIMEx_PWMN_Stop_DMA:00000000 HAL_TIMEx_PWMN_Stop_DMA
     /tmp/ccfhaacA.s:3971   .text.HAL_TIMEx_OnePulseN_Start:00000000 $t
     /tmp/ccfhaacA.s:3977   .text.HAL_TIMEx_OnePulseN_Start:00000000 HAL_TIMEx_OnePulseN_Start
     /tmp/ccfhaacA.s:4103   .text.HAL_TIMEx_OnePulseN_Stop:00000000 $t
     /tmp/ccfhaacA.s:4109   .text.HAL_TIMEx_OnePulseN_Stop:00000000 HAL_TIMEx_OnePulseN_Stop
     /tmp/ccfhaacA.s:4204   .text.HAL_TIMEx_OnePulseN_Start_IT:00000000 $t
     /tmp/ccfhaacA.s:4210   .text.HAL_TIMEx_OnePulseN_Start_IT:00000000 HAL_TIMEx_OnePulseN_Start_IT
     /tmp/ccfhaacA.s:4346   .text.HAL_TIMEx_OnePulseN_Stop_IT:00000000 $t
     /tmp/ccfhaacA.s:4352   .text.HAL_TIMEx_OnePulseN_Stop_IT:00000000 HAL_TIMEx_OnePulseN_Stop_IT
     /tmp/ccfhaacA.s:4457   .text.HAL_TIMEx_ConfigCommutEvent:00000000 $t
     /tmp/ccfhaacA.s:4463   .text.HAL_TIMEx_ConfigCommutEvent:00000000 HAL_TIMEx_ConfigCommutEvent
     /tmp/ccfhaacA.s:4583   .text.HAL_TIMEx_ConfigCommutEvent_IT:00000000 $t
     /tmp/ccfhaacA.s:4589   .text.HAL_TIMEx_ConfigCommutEvent_IT:00000000 HAL_TIMEx_ConfigCommutEvent_IT
     /tmp/ccfhaacA.s:4709   .text.HAL_TIMEx_ConfigCommutEvent_DMA:00000000 $t
     /tmp/ccfhaacA.s:4715   .text.HAL_TIMEx_ConfigCommutEvent_DMA:00000000 HAL_TIMEx_ConfigCommutEvent_DMA
     /tmp/ccfhaacA.s:4852   .text.HAL_TIMEx_ConfigCommutEvent_DMA:00000088 $d
     /tmp/ccfhaacA.s:5358   .text.TIMEx_DMACommutationCplt:00000000 TIMEx_DMACommutationCplt
     /tmp/ccfhaacA.s:5414   .text.TIMEx_DMACommutationHalfCplt:00000000 TIMEx_DMACommutationHalfCplt
     /tmp/ccfhaacA.s:4859   .text.HAL_TIMEx_MasterConfigSynchronization:00000000 $t
     /tmp/ccfhaacA.s:4865   .text.HAL_TIMEx_MasterConfigSynchronization:00000000 HAL_TIMEx_MasterConfigSynchronization
     /tmp/ccfhaacA.s:5022   .text.HAL_TIMEx_MasterConfigSynchronization:0000009c $d
     /tmp/ccfhaacA.s:5027   .text.HAL_TIMEx_ConfigBreakDeadTime:00000000 $t
     /tmp/ccfhaacA.s:5033   .text.HAL_TIMEx_ConfigBreakDeadTime:00000000 HAL_TIMEx_ConfigBreakDeadTime
     /tmp/ccfhaacA.s:5200   .text.HAL_TIMEx_ConfigBreakDeadTime:00000094 $d
     /tmp/ccfhaacA.s:5205   .text.HAL_TIMEx_RemapConfig:00000000 $t
     /tmp/ccfhaacA.s:5211   .text.HAL_TIMEx_RemapConfig:00000000 HAL_TIMEx_RemapConfig
     /tmp/ccfhaacA.s:5254   .text.HAL_TIMEx_GroupChannel5:00000000 $t
     /tmp/ccfhaacA.s:5260   .text.HAL_TIMEx_GroupChannel5:00000000 HAL_TIMEx_GroupChannel5
     /tmp/ccfhaacA.s:5331   .text.HAL_TIMEx_CommutCallback:00000000 $t
     /tmp/ccfhaacA.s:5337   .text.HAL_TIMEx_CommutCallback:00000000 HAL_TIMEx_CommutCallback
     /tmp/ccfhaacA.s:5352   .text.TIMEx_DMACommutationCplt:00000000 $t
     /tmp/ccfhaacA.s:5387   .text.HAL_TIMEx_CommutHalfCpltCallback:00000000 $t
     /tmp/ccfhaacA.s:5393   .text.HAL_TIMEx_CommutHalfCpltCallback:00000000 HAL_TIMEx_CommutHalfCpltCallback
     /tmp/ccfhaacA.s:5408   .text.TIMEx_DMACommutationHalfCplt:00000000 $t
     /tmp/ccfhaacA.s:5443   .text.HAL_TIMEx_BreakCallback:00000000 $t
     /tmp/ccfhaacA.s:5449   .text.HAL_TIMEx_BreakCallback:00000000 HAL_TIMEx_BreakCallback
     /tmp/ccfhaacA.s:5464   .text.HAL_TIMEx_Break2Callback:00000000 $t
     /tmp/ccfhaacA.s:5470   .text.HAL_TIMEx_Break2Callback:00000000 HAL_TIMEx_Break2Callback
     /tmp/ccfhaacA.s:5485   .text.HAL_TIMEx_HallSensor_GetState:00000000 $t
     /tmp/ccfhaacA.s:5491   .text.HAL_TIMEx_HallSensor_GetState:00000000 HAL_TIMEx_HallSensor_GetState
     /tmp/ccfhaacA.s:5509   .text.HAL_TIMEx_GetChannelNState:00000000 $t
     /tmp/ccfhaacA.s:5515   .text.HAL_TIMEx_GetChannelNState:00000000 HAL_TIMEx_GetChannelNState

UNDEFINED SYMBOLS
HAL_TIM_ErrorCallback
HAL_TIM_PWM_PulseFinishedCallback
TIM_Base_SetConfig
TIM_TI1_SetConfig
TIM_OC2_SetConfig
TIM_CCxChannelCmd
HAL_DMA_Start_IT
TIM_DMACaptureCplt
TIM_DMACaptureHalfCplt
TIM_DMAError
ARM GAS  /tmp/ccfhaacA.s 			page 172


HAL_DMA_Abort_IT
TIM_DMADelayPulseHalfCplt
