ARM GAS  /tmp/ccoHJQE2.s 			page 1


   1              		.cpu cortex-m4
   2              		.arch armv7e-m
   3              		.fpu fpv4-sp-d16
   4              		.eabi_attribute 27, 1
   5              		.eabi_attribute 28, 1
   6              		.eabi_attribute 20, 1
   7              		.eabi_attribute 21, 1
   8              		.eabi_attribute 23, 3
   9              		.eabi_attribute 24, 1
  10              		.eabi_attribute 25, 1
  11              		.eabi_attribute 26, 1
  12              		.eabi_attribute 30, 1
  13              		.eabi_attribute 34, 1
  14              		.eabi_attribute 18, 4
  15              		.file	"stm32f3xx_hal_dma.c"
  16              		.text
  17              	.Ltext0:
  18              		.cfi_sections	.debug_frame
  19              		.file 1 "Inc/STM32F3xx_HAL_Driver/Src/stm32f3xx_hal_dma.c"
  20              		.section	.text.DMA_SetConfig,"ax",%progbits
  21              		.align	1
  22              		.syntax unified
  23              		.thumb
  24              		.thumb_func
  26              	DMA_SetConfig:
  27              	.LVL0:
  28              	.LFB142:
   1:Inc/STM32F3xx_HAL_Driver/Src/stm32f3xx_hal_dma.c **** /**
   2:Inc/STM32F3xx_HAL_Driver/Src/stm32f3xx_hal_dma.c ****   ******************************************************************************
   3:Inc/STM32F3xx_HAL_Driver/Src/stm32f3xx_hal_dma.c ****   * @file    stm32f3xx_hal_dma.c
   4:Inc/STM32F3xx_HAL_Driver/Src/stm32f3xx_hal_dma.c ****   * @author  MCD Application Team
   5:Inc/STM32F3xx_HAL_Driver/Src/stm32f3xx_hal_dma.c ****   * @brief   DMA HAL module driver.
   6:Inc/STM32F3xx_HAL_Driver/Src/stm32f3xx_hal_dma.c ****   *
   7:Inc/STM32F3xx_HAL_Driver/Src/stm32f3xx_hal_dma.c ****   *         This file provides firmware functions to manage the following
   8:Inc/STM32F3xx_HAL_Driver/Src/stm32f3xx_hal_dma.c ****   *         functionalities of the Direct Memory Access (DMA) peripheral:
   9:Inc/STM32F3xx_HAL_Driver/Src/stm32f3xx_hal_dma.c ****   *           + Initialization and de-initialization functions
  10:Inc/STM32F3xx_HAL_Driver/Src/stm32f3xx_hal_dma.c ****   *           + IO operation functions
  11:Inc/STM32F3xx_HAL_Driver/Src/stm32f3xx_hal_dma.c ****   *           + Peripheral State and errors functions
  12:Inc/STM32F3xx_HAL_Driver/Src/stm32f3xx_hal_dma.c ****   @verbatim
  13:Inc/STM32F3xx_HAL_Driver/Src/stm32f3xx_hal_dma.c ****   ==============================================================================
  14:Inc/STM32F3xx_HAL_Driver/Src/stm32f3xx_hal_dma.c ****                         ##### How to use this driver #####
  15:Inc/STM32F3xx_HAL_Driver/Src/stm32f3xx_hal_dma.c ****   ==============================================================================
  16:Inc/STM32F3xx_HAL_Driver/Src/stm32f3xx_hal_dma.c ****   [..]
  17:Inc/STM32F3xx_HAL_Driver/Src/stm32f3xx_hal_dma.c ****    (#) Enable and configure the peripheral to be connected to the DMA Channel
  18:Inc/STM32F3xx_HAL_Driver/Src/stm32f3xx_hal_dma.c ****        (except for internal SRAM / FLASH memories: no initialization is
  19:Inc/STM32F3xx_HAL_Driver/Src/stm32f3xx_hal_dma.c ****        necessary). Please refer to Reference manual for connection between peripherals
  20:Inc/STM32F3xx_HAL_Driver/Src/stm32f3xx_hal_dma.c ****        and DMA requests .
  21:Inc/STM32F3xx_HAL_Driver/Src/stm32f3xx_hal_dma.c **** 
  22:Inc/STM32F3xx_HAL_Driver/Src/stm32f3xx_hal_dma.c ****    (#) For a given Channel, program the required configuration through the following parameters:
  23:Inc/STM32F3xx_HAL_Driver/Src/stm32f3xx_hal_dma.c ****        Transfer Direction, Source and Destination data formats,
  24:Inc/STM32F3xx_HAL_Driver/Src/stm32f3xx_hal_dma.c ****        Circular or Normal mode, Channel Priority level, Source and Destination Increment mode,
  25:Inc/STM32F3xx_HAL_Driver/Src/stm32f3xx_hal_dma.c ****        using HAL_DMA_Init() function.
  26:Inc/STM32F3xx_HAL_Driver/Src/stm32f3xx_hal_dma.c **** 
  27:Inc/STM32F3xx_HAL_Driver/Src/stm32f3xx_hal_dma.c ****    (#) Use HAL_DMA_GetState() function to return the DMA state and HAL_DMA_GetError() in case of er
  28:Inc/STM32F3xx_HAL_Driver/Src/stm32f3xx_hal_dma.c ****        detection.
  29:Inc/STM32F3xx_HAL_Driver/Src/stm32f3xx_hal_dma.c **** 
  30:Inc/STM32F3xx_HAL_Driver/Src/stm32f3xx_hal_dma.c ****    (#) Use HAL_DMA_Abort() function to abort the current transfer
ARM GAS  /tmp/ccoHJQE2.s 			page 2


  31:Inc/STM32F3xx_HAL_Driver/Src/stm32f3xx_hal_dma.c **** 
  32:Inc/STM32F3xx_HAL_Driver/Src/stm32f3xx_hal_dma.c ****      -@-   In Memory-to-Memory transfer mode, Circular mode is not allowed.
  33:Inc/STM32F3xx_HAL_Driver/Src/stm32f3xx_hal_dma.c ****      *** Polling mode IO operation ***
  34:Inc/STM32F3xx_HAL_Driver/Src/stm32f3xx_hal_dma.c ****      =================================
  35:Inc/STM32F3xx_HAL_Driver/Src/stm32f3xx_hal_dma.c ****     [..]
  36:Inc/STM32F3xx_HAL_Driver/Src/stm32f3xx_hal_dma.c ****       (+) Use HAL_DMA_Start() to start DMA transfer after the configuration of Source
  37:Inc/STM32F3xx_HAL_Driver/Src/stm32f3xx_hal_dma.c ****           address and destination address and the Length of data to be transferred
  38:Inc/STM32F3xx_HAL_Driver/Src/stm32f3xx_hal_dma.c ****       (+) Use HAL_DMA_PollForTransfer() to poll for the end of current transfer, in this
  39:Inc/STM32F3xx_HAL_Driver/Src/stm32f3xx_hal_dma.c ****           case a fixed Timeout can be configured by User depending from his application.
  40:Inc/STM32F3xx_HAL_Driver/Src/stm32f3xx_hal_dma.c **** 
  41:Inc/STM32F3xx_HAL_Driver/Src/stm32f3xx_hal_dma.c ****      *** Interrupt mode IO operation ***
  42:Inc/STM32F3xx_HAL_Driver/Src/stm32f3xx_hal_dma.c ****      ===================================
  43:Inc/STM32F3xx_HAL_Driver/Src/stm32f3xx_hal_dma.c ****     [..]
  44:Inc/STM32F3xx_HAL_Driver/Src/stm32f3xx_hal_dma.c ****       (+) Configure the DMA interrupt priority using HAL_NVIC_SetPriority()
  45:Inc/STM32F3xx_HAL_Driver/Src/stm32f3xx_hal_dma.c ****       (+) Enable the DMA IRQ handler using HAL_NVIC_EnableIRQ()
  46:Inc/STM32F3xx_HAL_Driver/Src/stm32f3xx_hal_dma.c ****       (+) Use HAL_DMA_Start_IT() to start DMA transfer after the configuration of
  47:Inc/STM32F3xx_HAL_Driver/Src/stm32f3xx_hal_dma.c ****           Source address and destination address and the Length of data to be transferred.
  48:Inc/STM32F3xx_HAL_Driver/Src/stm32f3xx_hal_dma.c ****           In this case the DMA interrupt is configured
  49:Inc/STM32F3xx_HAL_Driver/Src/stm32f3xx_hal_dma.c ****       (+) Use HAL_DMA_Channel_IRQHandler() called under DMA_IRQHandler() Interrupt subroutine
  50:Inc/STM32F3xx_HAL_Driver/Src/stm32f3xx_hal_dma.c ****       (+) At the end of data transfer HAL_DMA_IRQHandler() function is executed and user can
  51:Inc/STM32F3xx_HAL_Driver/Src/stm32f3xx_hal_dma.c ****           add his own function by customization of function pointer XferCpltCallback and
  52:Inc/STM32F3xx_HAL_Driver/Src/stm32f3xx_hal_dma.c ****           XferErrorCallback (i.e a member of DMA handle structure).
  53:Inc/STM32F3xx_HAL_Driver/Src/stm32f3xx_hal_dma.c **** 
  54:Inc/STM32F3xx_HAL_Driver/Src/stm32f3xx_hal_dma.c ****      *** DMA HAL driver macros list ***
  55:Inc/STM32F3xx_HAL_Driver/Src/stm32f3xx_hal_dma.c ****      =============================================
  56:Inc/STM32F3xx_HAL_Driver/Src/stm32f3xx_hal_dma.c ****      [..]
  57:Inc/STM32F3xx_HAL_Driver/Src/stm32f3xx_hal_dma.c ****        Below the list of most used macros in DMA HAL driver.
  58:Inc/STM32F3xx_HAL_Driver/Src/stm32f3xx_hal_dma.c **** 
  59:Inc/STM32F3xx_HAL_Driver/Src/stm32f3xx_hal_dma.c ****      [..]
  60:Inc/STM32F3xx_HAL_Driver/Src/stm32f3xx_hal_dma.c ****       (@) You can refer to the DMA HAL driver header file for more useful macros
  61:Inc/STM32F3xx_HAL_Driver/Src/stm32f3xx_hal_dma.c **** 
  62:Inc/STM32F3xx_HAL_Driver/Src/stm32f3xx_hal_dma.c ****   @endverbatim
  63:Inc/STM32F3xx_HAL_Driver/Src/stm32f3xx_hal_dma.c ****   ******************************************************************************
  64:Inc/STM32F3xx_HAL_Driver/Src/stm32f3xx_hal_dma.c ****   * @attention
  65:Inc/STM32F3xx_HAL_Driver/Src/stm32f3xx_hal_dma.c ****   *
  66:Inc/STM32F3xx_HAL_Driver/Src/stm32f3xx_hal_dma.c ****   * Copyright (c) 2016 STMicroelectronics.
  67:Inc/STM32F3xx_HAL_Driver/Src/stm32f3xx_hal_dma.c ****   * All rights reserved.
  68:Inc/STM32F3xx_HAL_Driver/Src/stm32f3xx_hal_dma.c ****   *
  69:Inc/STM32F3xx_HAL_Driver/Src/stm32f3xx_hal_dma.c ****   * This software is licensed under terms that can be found in the LICENSE file in
  70:Inc/STM32F3xx_HAL_Driver/Src/stm32f3xx_hal_dma.c ****   * the root directory of this software component.
  71:Inc/STM32F3xx_HAL_Driver/Src/stm32f3xx_hal_dma.c ****   * If no LICENSE file comes with this software, it is provided AS-IS.
  72:Inc/STM32F3xx_HAL_Driver/Src/stm32f3xx_hal_dma.c ****   *
  73:Inc/STM32F3xx_HAL_Driver/Src/stm32f3xx_hal_dma.c ****   ******************************************************************************
  74:Inc/STM32F3xx_HAL_Driver/Src/stm32f3xx_hal_dma.c ****   */
  75:Inc/STM32F3xx_HAL_Driver/Src/stm32f3xx_hal_dma.c **** 
  76:Inc/STM32F3xx_HAL_Driver/Src/stm32f3xx_hal_dma.c **** /* Includes ------------------------------------------------------------------*/
  77:Inc/STM32F3xx_HAL_Driver/Src/stm32f3xx_hal_dma.c **** #include "stm32f3xx_hal.h"
  78:Inc/STM32F3xx_HAL_Driver/Src/stm32f3xx_hal_dma.c **** 
  79:Inc/STM32F3xx_HAL_Driver/Src/stm32f3xx_hal_dma.c **** /** @addtogroup STM32F3xx_HAL_Driver
  80:Inc/STM32F3xx_HAL_Driver/Src/stm32f3xx_hal_dma.c ****   * @{
  81:Inc/STM32F3xx_HAL_Driver/Src/stm32f3xx_hal_dma.c ****   */
  82:Inc/STM32F3xx_HAL_Driver/Src/stm32f3xx_hal_dma.c **** 
  83:Inc/STM32F3xx_HAL_Driver/Src/stm32f3xx_hal_dma.c **** /** @defgroup DMA DMA
  84:Inc/STM32F3xx_HAL_Driver/Src/stm32f3xx_hal_dma.c ****   * @brief DMA HAL module driver
  85:Inc/STM32F3xx_HAL_Driver/Src/stm32f3xx_hal_dma.c ****   * @{
  86:Inc/STM32F3xx_HAL_Driver/Src/stm32f3xx_hal_dma.c ****   */
  87:Inc/STM32F3xx_HAL_Driver/Src/stm32f3xx_hal_dma.c **** 
ARM GAS  /tmp/ccoHJQE2.s 			page 3


  88:Inc/STM32F3xx_HAL_Driver/Src/stm32f3xx_hal_dma.c **** #ifdef HAL_DMA_MODULE_ENABLED
  89:Inc/STM32F3xx_HAL_Driver/Src/stm32f3xx_hal_dma.c **** 
  90:Inc/STM32F3xx_HAL_Driver/Src/stm32f3xx_hal_dma.c **** /* Private typedef -----------------------------------------------------------*/
  91:Inc/STM32F3xx_HAL_Driver/Src/stm32f3xx_hal_dma.c **** /* Private define ------------------------------------------------------------*/
  92:Inc/STM32F3xx_HAL_Driver/Src/stm32f3xx_hal_dma.c **** /* Private macro -------------------------------------------------------------*/
  93:Inc/STM32F3xx_HAL_Driver/Src/stm32f3xx_hal_dma.c **** /* Private variables ---------------------------------------------------------*/
  94:Inc/STM32F3xx_HAL_Driver/Src/stm32f3xx_hal_dma.c **** /* Private function prototypes -----------------------------------------------*/
  95:Inc/STM32F3xx_HAL_Driver/Src/stm32f3xx_hal_dma.c **** /** @defgroup DMA_Private_Functions DMA Private Functions
  96:Inc/STM32F3xx_HAL_Driver/Src/stm32f3xx_hal_dma.c ****   * @{
  97:Inc/STM32F3xx_HAL_Driver/Src/stm32f3xx_hal_dma.c ****   */
  98:Inc/STM32F3xx_HAL_Driver/Src/stm32f3xx_hal_dma.c **** static void DMA_SetConfig(DMA_HandleTypeDef *hdma, uint32_t SrcAddress, uint32_t DstAddress, uint32
  99:Inc/STM32F3xx_HAL_Driver/Src/stm32f3xx_hal_dma.c **** static void DMA_CalcBaseAndBitshift(DMA_HandleTypeDef *hdma);
 100:Inc/STM32F3xx_HAL_Driver/Src/stm32f3xx_hal_dma.c **** /**
 101:Inc/STM32F3xx_HAL_Driver/Src/stm32f3xx_hal_dma.c ****   * @}
 102:Inc/STM32F3xx_HAL_Driver/Src/stm32f3xx_hal_dma.c ****   */
 103:Inc/STM32F3xx_HAL_Driver/Src/stm32f3xx_hal_dma.c **** 
 104:Inc/STM32F3xx_HAL_Driver/Src/stm32f3xx_hal_dma.c **** /* Exported functions ---------------------------------------------------------*/
 105:Inc/STM32F3xx_HAL_Driver/Src/stm32f3xx_hal_dma.c **** 
 106:Inc/STM32F3xx_HAL_Driver/Src/stm32f3xx_hal_dma.c **** /** @defgroup DMA_Exported_Functions DMA Exported Functions
 107:Inc/STM32F3xx_HAL_Driver/Src/stm32f3xx_hal_dma.c ****   * @{
 108:Inc/STM32F3xx_HAL_Driver/Src/stm32f3xx_hal_dma.c ****   */
 109:Inc/STM32F3xx_HAL_Driver/Src/stm32f3xx_hal_dma.c **** 
 110:Inc/STM32F3xx_HAL_Driver/Src/stm32f3xx_hal_dma.c **** /** @defgroup DMA_Exported_Functions_Group1 Initialization and de-initialization functions
 111:Inc/STM32F3xx_HAL_Driver/Src/stm32f3xx_hal_dma.c ****  *  @brief   Initialization and de-initialization functions
 112:Inc/STM32F3xx_HAL_Driver/Src/stm32f3xx_hal_dma.c ****  *
 113:Inc/STM32F3xx_HAL_Driver/Src/stm32f3xx_hal_dma.c **** @verbatim
 114:Inc/STM32F3xx_HAL_Driver/Src/stm32f3xx_hal_dma.c ****  ===============================================================================
 115:Inc/STM32F3xx_HAL_Driver/Src/stm32f3xx_hal_dma.c ****              ##### Initialization and de-initialization functions  #####
 116:Inc/STM32F3xx_HAL_Driver/Src/stm32f3xx_hal_dma.c ****  ===============================================================================
 117:Inc/STM32F3xx_HAL_Driver/Src/stm32f3xx_hal_dma.c ****     [..]
 118:Inc/STM32F3xx_HAL_Driver/Src/stm32f3xx_hal_dma.c ****     This section provides functions allowing to initialize the DMA Channel source
 119:Inc/STM32F3xx_HAL_Driver/Src/stm32f3xx_hal_dma.c ****     and destination addresses, incrementation and data sizes, transfer direction,
 120:Inc/STM32F3xx_HAL_Driver/Src/stm32f3xx_hal_dma.c ****     circular/normal mode selection, memory-to-memory mode selection and Channel priority value.
 121:Inc/STM32F3xx_HAL_Driver/Src/stm32f3xx_hal_dma.c ****     [..]
 122:Inc/STM32F3xx_HAL_Driver/Src/stm32f3xx_hal_dma.c ****     The HAL_DMA_Init() function follows the DMA configuration procedures as described in
 123:Inc/STM32F3xx_HAL_Driver/Src/stm32f3xx_hal_dma.c ****     reference manual.
 124:Inc/STM32F3xx_HAL_Driver/Src/stm32f3xx_hal_dma.c **** 
 125:Inc/STM32F3xx_HAL_Driver/Src/stm32f3xx_hal_dma.c **** @endverbatim
 126:Inc/STM32F3xx_HAL_Driver/Src/stm32f3xx_hal_dma.c ****   * @{
 127:Inc/STM32F3xx_HAL_Driver/Src/stm32f3xx_hal_dma.c ****   */
 128:Inc/STM32F3xx_HAL_Driver/Src/stm32f3xx_hal_dma.c **** 
 129:Inc/STM32F3xx_HAL_Driver/Src/stm32f3xx_hal_dma.c **** /**
 130:Inc/STM32F3xx_HAL_Driver/Src/stm32f3xx_hal_dma.c ****   * @brief  Initialize the DMA according to the specified
 131:Inc/STM32F3xx_HAL_Driver/Src/stm32f3xx_hal_dma.c ****   *         parameters in the DMA_InitTypeDef and initialize the associated handle.
 132:Inc/STM32F3xx_HAL_Driver/Src/stm32f3xx_hal_dma.c ****   * @param  hdma Pointer to a DMA_HandleTypeDef structure that contains
 133:Inc/STM32F3xx_HAL_Driver/Src/stm32f3xx_hal_dma.c ****   *               the configuration information for the specified DMA Channel.
 134:Inc/STM32F3xx_HAL_Driver/Src/stm32f3xx_hal_dma.c ****   * @retval HAL status
 135:Inc/STM32F3xx_HAL_Driver/Src/stm32f3xx_hal_dma.c ****   */
 136:Inc/STM32F3xx_HAL_Driver/Src/stm32f3xx_hal_dma.c **** HAL_StatusTypeDef HAL_DMA_Init(DMA_HandleTypeDef *hdma)
 137:Inc/STM32F3xx_HAL_Driver/Src/stm32f3xx_hal_dma.c **** {
 138:Inc/STM32F3xx_HAL_Driver/Src/stm32f3xx_hal_dma.c ****   uint32_t tmp = 0U;
 139:Inc/STM32F3xx_HAL_Driver/Src/stm32f3xx_hal_dma.c **** 
 140:Inc/STM32F3xx_HAL_Driver/Src/stm32f3xx_hal_dma.c ****   /* Check the DMA handle allocation */
 141:Inc/STM32F3xx_HAL_Driver/Src/stm32f3xx_hal_dma.c ****   if(NULL == hdma)
 142:Inc/STM32F3xx_HAL_Driver/Src/stm32f3xx_hal_dma.c ****   {
 143:Inc/STM32F3xx_HAL_Driver/Src/stm32f3xx_hal_dma.c ****     return HAL_ERROR;
 144:Inc/STM32F3xx_HAL_Driver/Src/stm32f3xx_hal_dma.c ****   }
ARM GAS  /tmp/ccoHJQE2.s 			page 4


 145:Inc/STM32F3xx_HAL_Driver/Src/stm32f3xx_hal_dma.c **** 
 146:Inc/STM32F3xx_HAL_Driver/Src/stm32f3xx_hal_dma.c ****   /* Check the parameters */
 147:Inc/STM32F3xx_HAL_Driver/Src/stm32f3xx_hal_dma.c ****   assert_param(IS_DMA_ALL_INSTANCE(hdma->Instance));
 148:Inc/STM32F3xx_HAL_Driver/Src/stm32f3xx_hal_dma.c ****   assert_param(IS_DMA_DIRECTION(hdma->Init.Direction));
 149:Inc/STM32F3xx_HAL_Driver/Src/stm32f3xx_hal_dma.c ****   assert_param(IS_DMA_PERIPHERAL_INC_STATE(hdma->Init.PeriphInc));
 150:Inc/STM32F3xx_HAL_Driver/Src/stm32f3xx_hal_dma.c ****   assert_param(IS_DMA_MEMORY_INC_STATE(hdma->Init.MemInc));
 151:Inc/STM32F3xx_HAL_Driver/Src/stm32f3xx_hal_dma.c ****   assert_param(IS_DMA_PERIPHERAL_DATA_SIZE(hdma->Init.PeriphDataAlignment));
 152:Inc/STM32F3xx_HAL_Driver/Src/stm32f3xx_hal_dma.c ****   assert_param(IS_DMA_MEMORY_DATA_SIZE(hdma->Init.MemDataAlignment));
 153:Inc/STM32F3xx_HAL_Driver/Src/stm32f3xx_hal_dma.c ****   assert_param(IS_DMA_MODE(hdma->Init.Mode));
 154:Inc/STM32F3xx_HAL_Driver/Src/stm32f3xx_hal_dma.c ****   assert_param(IS_DMA_PRIORITY(hdma->Init.Priority));
 155:Inc/STM32F3xx_HAL_Driver/Src/stm32f3xx_hal_dma.c **** 
 156:Inc/STM32F3xx_HAL_Driver/Src/stm32f3xx_hal_dma.c ****   /* Change DMA peripheral state */
 157:Inc/STM32F3xx_HAL_Driver/Src/stm32f3xx_hal_dma.c ****   hdma->State = HAL_DMA_STATE_BUSY;
 158:Inc/STM32F3xx_HAL_Driver/Src/stm32f3xx_hal_dma.c **** 
 159:Inc/STM32F3xx_HAL_Driver/Src/stm32f3xx_hal_dma.c ****   /* Get the CR register value */
 160:Inc/STM32F3xx_HAL_Driver/Src/stm32f3xx_hal_dma.c ****   tmp = hdma->Instance->CCR;
 161:Inc/STM32F3xx_HAL_Driver/Src/stm32f3xx_hal_dma.c **** 
 162:Inc/STM32F3xx_HAL_Driver/Src/stm32f3xx_hal_dma.c ****   /* Clear PL, MSIZE, PSIZE, MINC, PINC, CIRC, DIR bits */
 163:Inc/STM32F3xx_HAL_Driver/Src/stm32f3xx_hal_dma.c ****   tmp &= ((uint32_t)~(DMA_CCR_PL    | DMA_CCR_MSIZE  | DMA_CCR_PSIZE  | \
 164:Inc/STM32F3xx_HAL_Driver/Src/stm32f3xx_hal_dma.c ****                       DMA_CCR_MINC  | DMA_CCR_PINC   | DMA_CCR_CIRC   | \
 165:Inc/STM32F3xx_HAL_Driver/Src/stm32f3xx_hal_dma.c ****                       DMA_CCR_DIR));
 166:Inc/STM32F3xx_HAL_Driver/Src/stm32f3xx_hal_dma.c **** 
 167:Inc/STM32F3xx_HAL_Driver/Src/stm32f3xx_hal_dma.c ****   /* Prepare the DMA Channel configuration */
 168:Inc/STM32F3xx_HAL_Driver/Src/stm32f3xx_hal_dma.c ****   tmp |=  hdma->Init.Direction        |
 169:Inc/STM32F3xx_HAL_Driver/Src/stm32f3xx_hal_dma.c ****           hdma->Init.PeriphInc           | hdma->Init.MemInc           |
 170:Inc/STM32F3xx_HAL_Driver/Src/stm32f3xx_hal_dma.c ****           hdma->Init.PeriphDataAlignment | hdma->Init.MemDataAlignment |
 171:Inc/STM32F3xx_HAL_Driver/Src/stm32f3xx_hal_dma.c ****           hdma->Init.Mode                | hdma->Init.Priority;
 172:Inc/STM32F3xx_HAL_Driver/Src/stm32f3xx_hal_dma.c **** 
 173:Inc/STM32F3xx_HAL_Driver/Src/stm32f3xx_hal_dma.c ****   /* Write to DMA Channel CR register */
 174:Inc/STM32F3xx_HAL_Driver/Src/stm32f3xx_hal_dma.c ****   hdma->Instance->CCR = tmp;
 175:Inc/STM32F3xx_HAL_Driver/Src/stm32f3xx_hal_dma.c **** 
 176:Inc/STM32F3xx_HAL_Driver/Src/stm32f3xx_hal_dma.c ****   /* Initialize DmaBaseAddress and ChannelIndex parameters used
 177:Inc/STM32F3xx_HAL_Driver/Src/stm32f3xx_hal_dma.c ****      by HAL_DMA_IRQHandler() and HAL_DMA_PollForTransfer() */
 178:Inc/STM32F3xx_HAL_Driver/Src/stm32f3xx_hal_dma.c ****   DMA_CalcBaseAndBitshift(hdma);
 179:Inc/STM32F3xx_HAL_Driver/Src/stm32f3xx_hal_dma.c **** 
 180:Inc/STM32F3xx_HAL_Driver/Src/stm32f3xx_hal_dma.c ****   /* Initialise the error code */
 181:Inc/STM32F3xx_HAL_Driver/Src/stm32f3xx_hal_dma.c ****   hdma->ErrorCode = HAL_DMA_ERROR_NONE;
 182:Inc/STM32F3xx_HAL_Driver/Src/stm32f3xx_hal_dma.c **** 
 183:Inc/STM32F3xx_HAL_Driver/Src/stm32f3xx_hal_dma.c ****   /* Initialize the DMA state*/
 184:Inc/STM32F3xx_HAL_Driver/Src/stm32f3xx_hal_dma.c ****   hdma->State = HAL_DMA_STATE_READY;
 185:Inc/STM32F3xx_HAL_Driver/Src/stm32f3xx_hal_dma.c **** 
 186:Inc/STM32F3xx_HAL_Driver/Src/stm32f3xx_hal_dma.c ****   /* Allocate lock resource and initialize it */
 187:Inc/STM32F3xx_HAL_Driver/Src/stm32f3xx_hal_dma.c ****   hdma->Lock = HAL_UNLOCKED;
 188:Inc/STM32F3xx_HAL_Driver/Src/stm32f3xx_hal_dma.c **** 
 189:Inc/STM32F3xx_HAL_Driver/Src/stm32f3xx_hal_dma.c ****   return HAL_OK;
 190:Inc/STM32F3xx_HAL_Driver/Src/stm32f3xx_hal_dma.c **** }
 191:Inc/STM32F3xx_HAL_Driver/Src/stm32f3xx_hal_dma.c **** 
 192:Inc/STM32F3xx_HAL_Driver/Src/stm32f3xx_hal_dma.c **** /**
 193:Inc/STM32F3xx_HAL_Driver/Src/stm32f3xx_hal_dma.c ****   * @brief  DeInitialize the DMA peripheral
 194:Inc/STM32F3xx_HAL_Driver/Src/stm32f3xx_hal_dma.c ****   * @param  hdma pointer to a DMA_HandleTypeDef structure that contains
 195:Inc/STM32F3xx_HAL_Driver/Src/stm32f3xx_hal_dma.c ****   *               the configuration information for the specified DMA Channel.
 196:Inc/STM32F3xx_HAL_Driver/Src/stm32f3xx_hal_dma.c ****   * @retval HAL status
 197:Inc/STM32F3xx_HAL_Driver/Src/stm32f3xx_hal_dma.c ****   */
 198:Inc/STM32F3xx_HAL_Driver/Src/stm32f3xx_hal_dma.c **** HAL_StatusTypeDef HAL_DMA_DeInit(DMA_HandleTypeDef *hdma)
 199:Inc/STM32F3xx_HAL_Driver/Src/stm32f3xx_hal_dma.c **** {
 200:Inc/STM32F3xx_HAL_Driver/Src/stm32f3xx_hal_dma.c ****   /* Check the DMA handle allocation */
 201:Inc/STM32F3xx_HAL_Driver/Src/stm32f3xx_hal_dma.c ****   if(NULL == hdma)
ARM GAS  /tmp/ccoHJQE2.s 			page 5


 202:Inc/STM32F3xx_HAL_Driver/Src/stm32f3xx_hal_dma.c ****   {
 203:Inc/STM32F3xx_HAL_Driver/Src/stm32f3xx_hal_dma.c ****     return HAL_ERROR;
 204:Inc/STM32F3xx_HAL_Driver/Src/stm32f3xx_hal_dma.c ****   }
 205:Inc/STM32F3xx_HAL_Driver/Src/stm32f3xx_hal_dma.c **** 
 206:Inc/STM32F3xx_HAL_Driver/Src/stm32f3xx_hal_dma.c ****   /* Check the parameters */
 207:Inc/STM32F3xx_HAL_Driver/Src/stm32f3xx_hal_dma.c ****   assert_param(IS_DMA_ALL_INSTANCE(hdma->Instance));
 208:Inc/STM32F3xx_HAL_Driver/Src/stm32f3xx_hal_dma.c **** 
 209:Inc/STM32F3xx_HAL_Driver/Src/stm32f3xx_hal_dma.c ****   /* Disable the selected DMA Channelx */
 210:Inc/STM32F3xx_HAL_Driver/Src/stm32f3xx_hal_dma.c ****   hdma->Instance->CCR &= ~DMA_CCR_EN;
 211:Inc/STM32F3xx_HAL_Driver/Src/stm32f3xx_hal_dma.c **** 
 212:Inc/STM32F3xx_HAL_Driver/Src/stm32f3xx_hal_dma.c ****   /* Reset DMA Channel control register */
 213:Inc/STM32F3xx_HAL_Driver/Src/stm32f3xx_hal_dma.c ****   hdma->Instance->CCR  = 0U;
 214:Inc/STM32F3xx_HAL_Driver/Src/stm32f3xx_hal_dma.c **** 
 215:Inc/STM32F3xx_HAL_Driver/Src/stm32f3xx_hal_dma.c ****   /* Reset DMA Channel Number of Data to Transfer register */
 216:Inc/STM32F3xx_HAL_Driver/Src/stm32f3xx_hal_dma.c ****   hdma->Instance->CNDTR = 0U;
 217:Inc/STM32F3xx_HAL_Driver/Src/stm32f3xx_hal_dma.c **** 
 218:Inc/STM32F3xx_HAL_Driver/Src/stm32f3xx_hal_dma.c ****   /* Reset DMA Channel peripheral address register */
 219:Inc/STM32F3xx_HAL_Driver/Src/stm32f3xx_hal_dma.c ****   hdma->Instance->CPAR  = 0U;
 220:Inc/STM32F3xx_HAL_Driver/Src/stm32f3xx_hal_dma.c **** 
 221:Inc/STM32F3xx_HAL_Driver/Src/stm32f3xx_hal_dma.c ****   /* Reset DMA Channel memory address register */
 222:Inc/STM32F3xx_HAL_Driver/Src/stm32f3xx_hal_dma.c ****   hdma->Instance->CMAR = 0U;
 223:Inc/STM32F3xx_HAL_Driver/Src/stm32f3xx_hal_dma.c **** 
 224:Inc/STM32F3xx_HAL_Driver/Src/stm32f3xx_hal_dma.c ****   /* Get DMA Base Address */
 225:Inc/STM32F3xx_HAL_Driver/Src/stm32f3xx_hal_dma.c ****   DMA_CalcBaseAndBitshift(hdma);
 226:Inc/STM32F3xx_HAL_Driver/Src/stm32f3xx_hal_dma.c **** 
 227:Inc/STM32F3xx_HAL_Driver/Src/stm32f3xx_hal_dma.c ****   /* Clear all flags */
 228:Inc/STM32F3xx_HAL_Driver/Src/stm32f3xx_hal_dma.c ****   hdma->DmaBaseAddress->IFCR = DMA_FLAG_GL1 << hdma->ChannelIndex;
 229:Inc/STM32F3xx_HAL_Driver/Src/stm32f3xx_hal_dma.c **** 
 230:Inc/STM32F3xx_HAL_Driver/Src/stm32f3xx_hal_dma.c ****   /* Clean callbacks */
 231:Inc/STM32F3xx_HAL_Driver/Src/stm32f3xx_hal_dma.c ****   hdma->XferCpltCallback = NULL;
 232:Inc/STM32F3xx_HAL_Driver/Src/stm32f3xx_hal_dma.c ****   hdma->XferHalfCpltCallback = NULL;
 233:Inc/STM32F3xx_HAL_Driver/Src/stm32f3xx_hal_dma.c ****   hdma->XferErrorCallback = NULL;
 234:Inc/STM32F3xx_HAL_Driver/Src/stm32f3xx_hal_dma.c ****   hdma->XferAbortCallback = NULL;
 235:Inc/STM32F3xx_HAL_Driver/Src/stm32f3xx_hal_dma.c **** 
 236:Inc/STM32F3xx_HAL_Driver/Src/stm32f3xx_hal_dma.c ****   /* Reset the error code */
 237:Inc/STM32F3xx_HAL_Driver/Src/stm32f3xx_hal_dma.c ****   hdma->ErrorCode = HAL_DMA_ERROR_NONE;
 238:Inc/STM32F3xx_HAL_Driver/Src/stm32f3xx_hal_dma.c **** 
 239:Inc/STM32F3xx_HAL_Driver/Src/stm32f3xx_hal_dma.c ****   /* Reset the DMA state */
 240:Inc/STM32F3xx_HAL_Driver/Src/stm32f3xx_hal_dma.c ****   hdma->State = HAL_DMA_STATE_RESET;
 241:Inc/STM32F3xx_HAL_Driver/Src/stm32f3xx_hal_dma.c **** 
 242:Inc/STM32F3xx_HAL_Driver/Src/stm32f3xx_hal_dma.c ****   /* Release Lock */
 243:Inc/STM32F3xx_HAL_Driver/Src/stm32f3xx_hal_dma.c ****   __HAL_UNLOCK(hdma);
 244:Inc/STM32F3xx_HAL_Driver/Src/stm32f3xx_hal_dma.c **** 
 245:Inc/STM32F3xx_HAL_Driver/Src/stm32f3xx_hal_dma.c ****   return HAL_OK;
 246:Inc/STM32F3xx_HAL_Driver/Src/stm32f3xx_hal_dma.c **** }
 247:Inc/STM32F3xx_HAL_Driver/Src/stm32f3xx_hal_dma.c **** 
 248:Inc/STM32F3xx_HAL_Driver/Src/stm32f3xx_hal_dma.c **** /**
 249:Inc/STM32F3xx_HAL_Driver/Src/stm32f3xx_hal_dma.c ****   * @}
 250:Inc/STM32F3xx_HAL_Driver/Src/stm32f3xx_hal_dma.c ****   */
 251:Inc/STM32F3xx_HAL_Driver/Src/stm32f3xx_hal_dma.c **** 
 252:Inc/STM32F3xx_HAL_Driver/Src/stm32f3xx_hal_dma.c **** /** @defgroup DMA_Exported_Functions_Group2 Input and Output operation functions
 253:Inc/STM32F3xx_HAL_Driver/Src/stm32f3xx_hal_dma.c ****  *  @brief   I/O operation functions
 254:Inc/STM32F3xx_HAL_Driver/Src/stm32f3xx_hal_dma.c ****  *
 255:Inc/STM32F3xx_HAL_Driver/Src/stm32f3xx_hal_dma.c **** @verbatim
 256:Inc/STM32F3xx_HAL_Driver/Src/stm32f3xx_hal_dma.c ****  ===============================================================================
 257:Inc/STM32F3xx_HAL_Driver/Src/stm32f3xx_hal_dma.c ****                       #####  IO operation functions  #####
 258:Inc/STM32F3xx_HAL_Driver/Src/stm32f3xx_hal_dma.c ****  ===============================================================================
ARM GAS  /tmp/ccoHJQE2.s 			page 6


 259:Inc/STM32F3xx_HAL_Driver/Src/stm32f3xx_hal_dma.c ****     [..]  This section provides functions allowing to:
 260:Inc/STM32F3xx_HAL_Driver/Src/stm32f3xx_hal_dma.c ****       (+) Configure the source, destination address and data length and Start DMA transfer
 261:Inc/STM32F3xx_HAL_Driver/Src/stm32f3xx_hal_dma.c ****       (+) Configure the source, destination address and data length and
 262:Inc/STM32F3xx_HAL_Driver/Src/stm32f3xx_hal_dma.c ****           Start DMA transfer with interrupt
 263:Inc/STM32F3xx_HAL_Driver/Src/stm32f3xx_hal_dma.c ****       (+) Abort DMA transfer
 264:Inc/STM32F3xx_HAL_Driver/Src/stm32f3xx_hal_dma.c ****       (+) Poll for transfer complete
 265:Inc/STM32F3xx_HAL_Driver/Src/stm32f3xx_hal_dma.c ****       (+) Handle DMA interrupt request
 266:Inc/STM32F3xx_HAL_Driver/Src/stm32f3xx_hal_dma.c **** 
 267:Inc/STM32F3xx_HAL_Driver/Src/stm32f3xx_hal_dma.c **** @endverbatim
 268:Inc/STM32F3xx_HAL_Driver/Src/stm32f3xx_hal_dma.c ****   * @{
 269:Inc/STM32F3xx_HAL_Driver/Src/stm32f3xx_hal_dma.c ****   */
 270:Inc/STM32F3xx_HAL_Driver/Src/stm32f3xx_hal_dma.c **** 
 271:Inc/STM32F3xx_HAL_Driver/Src/stm32f3xx_hal_dma.c **** /**
 272:Inc/STM32F3xx_HAL_Driver/Src/stm32f3xx_hal_dma.c ****   * @brief  Start the DMA Transfer.
 273:Inc/STM32F3xx_HAL_Driver/Src/stm32f3xx_hal_dma.c ****   * @param  hdma      : pointer to a DMA_HandleTypeDef structure that contains
 274:Inc/STM32F3xx_HAL_Driver/Src/stm32f3xx_hal_dma.c ****   *                     the configuration information for the specified DMA Channel.
 275:Inc/STM32F3xx_HAL_Driver/Src/stm32f3xx_hal_dma.c ****   * @param  SrcAddress The source memory Buffer address
 276:Inc/STM32F3xx_HAL_Driver/Src/stm32f3xx_hal_dma.c ****   * @param  DstAddress The destination memory Buffer address
 277:Inc/STM32F3xx_HAL_Driver/Src/stm32f3xx_hal_dma.c ****   * @param  DataLength The length of data to be transferred from source to destination
 278:Inc/STM32F3xx_HAL_Driver/Src/stm32f3xx_hal_dma.c ****   * @retval HAL status
 279:Inc/STM32F3xx_HAL_Driver/Src/stm32f3xx_hal_dma.c ****   */
 280:Inc/STM32F3xx_HAL_Driver/Src/stm32f3xx_hal_dma.c **** HAL_StatusTypeDef HAL_DMA_Start(DMA_HandleTypeDef *hdma, uint32_t SrcAddress, uint32_t DstAddress, 
 281:Inc/STM32F3xx_HAL_Driver/Src/stm32f3xx_hal_dma.c **** {
 282:Inc/STM32F3xx_HAL_Driver/Src/stm32f3xx_hal_dma.c ****   HAL_StatusTypeDef status = HAL_OK;
 283:Inc/STM32F3xx_HAL_Driver/Src/stm32f3xx_hal_dma.c **** 
 284:Inc/STM32F3xx_HAL_Driver/Src/stm32f3xx_hal_dma.c ****   /* Check the parameters */
 285:Inc/STM32F3xx_HAL_Driver/Src/stm32f3xx_hal_dma.c ****   assert_param(IS_DMA_BUFFER_SIZE(DataLength));
 286:Inc/STM32F3xx_HAL_Driver/Src/stm32f3xx_hal_dma.c **** 
 287:Inc/STM32F3xx_HAL_Driver/Src/stm32f3xx_hal_dma.c ****   /* Process locked */
 288:Inc/STM32F3xx_HAL_Driver/Src/stm32f3xx_hal_dma.c ****   __HAL_LOCK(hdma);
 289:Inc/STM32F3xx_HAL_Driver/Src/stm32f3xx_hal_dma.c **** 
 290:Inc/STM32F3xx_HAL_Driver/Src/stm32f3xx_hal_dma.c ****   if(HAL_DMA_STATE_READY == hdma->State)
 291:Inc/STM32F3xx_HAL_Driver/Src/stm32f3xx_hal_dma.c ****   {
 292:Inc/STM32F3xx_HAL_Driver/Src/stm32f3xx_hal_dma.c ****     /* Change DMA peripheral state */
 293:Inc/STM32F3xx_HAL_Driver/Src/stm32f3xx_hal_dma.c ****     hdma->State = HAL_DMA_STATE_BUSY;
 294:Inc/STM32F3xx_HAL_Driver/Src/stm32f3xx_hal_dma.c **** 
 295:Inc/STM32F3xx_HAL_Driver/Src/stm32f3xx_hal_dma.c ****     hdma->ErrorCode = HAL_DMA_ERROR_NONE;
 296:Inc/STM32F3xx_HAL_Driver/Src/stm32f3xx_hal_dma.c **** 
 297:Inc/STM32F3xx_HAL_Driver/Src/stm32f3xx_hal_dma.c ****     /* Disable the peripheral */
 298:Inc/STM32F3xx_HAL_Driver/Src/stm32f3xx_hal_dma.c ****     hdma->Instance->CCR &= ~DMA_CCR_EN;
 299:Inc/STM32F3xx_HAL_Driver/Src/stm32f3xx_hal_dma.c **** 
 300:Inc/STM32F3xx_HAL_Driver/Src/stm32f3xx_hal_dma.c ****     /* Configure the source, destination address and the data length */
 301:Inc/STM32F3xx_HAL_Driver/Src/stm32f3xx_hal_dma.c ****     DMA_SetConfig(hdma, SrcAddress, DstAddress, DataLength);
 302:Inc/STM32F3xx_HAL_Driver/Src/stm32f3xx_hal_dma.c **** 
 303:Inc/STM32F3xx_HAL_Driver/Src/stm32f3xx_hal_dma.c ****     /* Enable the Peripheral */
 304:Inc/STM32F3xx_HAL_Driver/Src/stm32f3xx_hal_dma.c ****     hdma->Instance->CCR |= DMA_CCR_EN;
 305:Inc/STM32F3xx_HAL_Driver/Src/stm32f3xx_hal_dma.c ****   }
 306:Inc/STM32F3xx_HAL_Driver/Src/stm32f3xx_hal_dma.c ****   else
 307:Inc/STM32F3xx_HAL_Driver/Src/stm32f3xx_hal_dma.c ****   {
 308:Inc/STM32F3xx_HAL_Driver/Src/stm32f3xx_hal_dma.c ****     /* Process Unlocked */
 309:Inc/STM32F3xx_HAL_Driver/Src/stm32f3xx_hal_dma.c ****     __HAL_UNLOCK(hdma);
 310:Inc/STM32F3xx_HAL_Driver/Src/stm32f3xx_hal_dma.c **** 
 311:Inc/STM32F3xx_HAL_Driver/Src/stm32f3xx_hal_dma.c ****     /* Remain BUSY */
 312:Inc/STM32F3xx_HAL_Driver/Src/stm32f3xx_hal_dma.c ****     status = HAL_BUSY;
 313:Inc/STM32F3xx_HAL_Driver/Src/stm32f3xx_hal_dma.c ****   }
 314:Inc/STM32F3xx_HAL_Driver/Src/stm32f3xx_hal_dma.c **** 
 315:Inc/STM32F3xx_HAL_Driver/Src/stm32f3xx_hal_dma.c ****   return status;
ARM GAS  /tmp/ccoHJQE2.s 			page 7


 316:Inc/STM32F3xx_HAL_Driver/Src/stm32f3xx_hal_dma.c **** }
 317:Inc/STM32F3xx_HAL_Driver/Src/stm32f3xx_hal_dma.c **** 
 318:Inc/STM32F3xx_HAL_Driver/Src/stm32f3xx_hal_dma.c **** /**
 319:Inc/STM32F3xx_HAL_Driver/Src/stm32f3xx_hal_dma.c ****   * @brief  Start the DMA Transfer with interrupt enabled.
 320:Inc/STM32F3xx_HAL_Driver/Src/stm32f3xx_hal_dma.c ****   * @param  hdma       pointer to a DMA_HandleTypeDef structure that contains
 321:Inc/STM32F3xx_HAL_Driver/Src/stm32f3xx_hal_dma.c ****   *                     the configuration information for the specified DMA Channel.
 322:Inc/STM32F3xx_HAL_Driver/Src/stm32f3xx_hal_dma.c ****   * @param  SrcAddress The source memory Buffer address
 323:Inc/STM32F3xx_HAL_Driver/Src/stm32f3xx_hal_dma.c ****   * @param  DstAddress The destination memory Buffer address
 324:Inc/STM32F3xx_HAL_Driver/Src/stm32f3xx_hal_dma.c ****   * @param  DataLength The length of data to be transferred from source to destination
 325:Inc/STM32F3xx_HAL_Driver/Src/stm32f3xx_hal_dma.c ****   * @retval HAL status
 326:Inc/STM32F3xx_HAL_Driver/Src/stm32f3xx_hal_dma.c ****   */
 327:Inc/STM32F3xx_HAL_Driver/Src/stm32f3xx_hal_dma.c **** HAL_StatusTypeDef HAL_DMA_Start_IT(DMA_HandleTypeDef *hdma, uint32_t SrcAddress, uint32_t DstAddres
 328:Inc/STM32F3xx_HAL_Driver/Src/stm32f3xx_hal_dma.c **** {
 329:Inc/STM32F3xx_HAL_Driver/Src/stm32f3xx_hal_dma.c ****   HAL_StatusTypeDef status = HAL_OK;
 330:Inc/STM32F3xx_HAL_Driver/Src/stm32f3xx_hal_dma.c **** 
 331:Inc/STM32F3xx_HAL_Driver/Src/stm32f3xx_hal_dma.c ****   /* Check the parameters */
 332:Inc/STM32F3xx_HAL_Driver/Src/stm32f3xx_hal_dma.c ****   assert_param(IS_DMA_BUFFER_SIZE(DataLength));
 333:Inc/STM32F3xx_HAL_Driver/Src/stm32f3xx_hal_dma.c **** 
 334:Inc/STM32F3xx_HAL_Driver/Src/stm32f3xx_hal_dma.c ****   /* Process locked */
 335:Inc/STM32F3xx_HAL_Driver/Src/stm32f3xx_hal_dma.c ****   __HAL_LOCK(hdma);
 336:Inc/STM32F3xx_HAL_Driver/Src/stm32f3xx_hal_dma.c **** 
 337:Inc/STM32F3xx_HAL_Driver/Src/stm32f3xx_hal_dma.c ****   if(HAL_DMA_STATE_READY == hdma->State)
 338:Inc/STM32F3xx_HAL_Driver/Src/stm32f3xx_hal_dma.c ****   {
 339:Inc/STM32F3xx_HAL_Driver/Src/stm32f3xx_hal_dma.c ****     /* Change DMA peripheral state */
 340:Inc/STM32F3xx_HAL_Driver/Src/stm32f3xx_hal_dma.c ****     hdma->State = HAL_DMA_STATE_BUSY;
 341:Inc/STM32F3xx_HAL_Driver/Src/stm32f3xx_hal_dma.c **** 
 342:Inc/STM32F3xx_HAL_Driver/Src/stm32f3xx_hal_dma.c ****     hdma->ErrorCode = HAL_DMA_ERROR_NONE;
 343:Inc/STM32F3xx_HAL_Driver/Src/stm32f3xx_hal_dma.c **** 
 344:Inc/STM32F3xx_HAL_Driver/Src/stm32f3xx_hal_dma.c ****     /* Disable the peripheral */
 345:Inc/STM32F3xx_HAL_Driver/Src/stm32f3xx_hal_dma.c ****     hdma->Instance->CCR &= ~DMA_CCR_EN;
 346:Inc/STM32F3xx_HAL_Driver/Src/stm32f3xx_hal_dma.c **** 
 347:Inc/STM32F3xx_HAL_Driver/Src/stm32f3xx_hal_dma.c ****     /* Configure the source, destination address and the data length */
 348:Inc/STM32F3xx_HAL_Driver/Src/stm32f3xx_hal_dma.c ****     DMA_SetConfig(hdma, SrcAddress, DstAddress, DataLength);
 349:Inc/STM32F3xx_HAL_Driver/Src/stm32f3xx_hal_dma.c **** 
 350:Inc/STM32F3xx_HAL_Driver/Src/stm32f3xx_hal_dma.c ****     /* Enable the transfer complete, & transfer error interrupts */
 351:Inc/STM32F3xx_HAL_Driver/Src/stm32f3xx_hal_dma.c ****     /* Half transfer interrupt is optional: enable it only if associated callback is available */
 352:Inc/STM32F3xx_HAL_Driver/Src/stm32f3xx_hal_dma.c ****     if(NULL != hdma->XferHalfCpltCallback )
 353:Inc/STM32F3xx_HAL_Driver/Src/stm32f3xx_hal_dma.c ****     {
 354:Inc/STM32F3xx_HAL_Driver/Src/stm32f3xx_hal_dma.c ****       hdma->Instance->CCR |= (DMA_IT_TC | DMA_IT_HT | DMA_IT_TE);
 355:Inc/STM32F3xx_HAL_Driver/Src/stm32f3xx_hal_dma.c ****     }
 356:Inc/STM32F3xx_HAL_Driver/Src/stm32f3xx_hal_dma.c ****     else
 357:Inc/STM32F3xx_HAL_Driver/Src/stm32f3xx_hal_dma.c ****     {
 358:Inc/STM32F3xx_HAL_Driver/Src/stm32f3xx_hal_dma.c ****       hdma->Instance->CCR |= (DMA_IT_TC | DMA_IT_TE);
 359:Inc/STM32F3xx_HAL_Driver/Src/stm32f3xx_hal_dma.c ****       hdma->Instance->CCR &= ~DMA_IT_HT;
 360:Inc/STM32F3xx_HAL_Driver/Src/stm32f3xx_hal_dma.c ****     }
 361:Inc/STM32F3xx_HAL_Driver/Src/stm32f3xx_hal_dma.c **** 
 362:Inc/STM32F3xx_HAL_Driver/Src/stm32f3xx_hal_dma.c ****     /* Enable the Peripheral */
 363:Inc/STM32F3xx_HAL_Driver/Src/stm32f3xx_hal_dma.c ****     hdma->Instance->CCR |= DMA_CCR_EN;
 364:Inc/STM32F3xx_HAL_Driver/Src/stm32f3xx_hal_dma.c ****   }
 365:Inc/STM32F3xx_HAL_Driver/Src/stm32f3xx_hal_dma.c ****   else
 366:Inc/STM32F3xx_HAL_Driver/Src/stm32f3xx_hal_dma.c ****   {
 367:Inc/STM32F3xx_HAL_Driver/Src/stm32f3xx_hal_dma.c ****     /* Process Unlocked */
 368:Inc/STM32F3xx_HAL_Driver/Src/stm32f3xx_hal_dma.c ****     __HAL_UNLOCK(hdma);
 369:Inc/STM32F3xx_HAL_Driver/Src/stm32f3xx_hal_dma.c **** 
 370:Inc/STM32F3xx_HAL_Driver/Src/stm32f3xx_hal_dma.c ****     /* Remain BUSY */
 371:Inc/STM32F3xx_HAL_Driver/Src/stm32f3xx_hal_dma.c ****     status = HAL_BUSY;
 372:Inc/STM32F3xx_HAL_Driver/Src/stm32f3xx_hal_dma.c ****   }
ARM GAS  /tmp/ccoHJQE2.s 			page 8


 373:Inc/STM32F3xx_HAL_Driver/Src/stm32f3xx_hal_dma.c **** 
 374:Inc/STM32F3xx_HAL_Driver/Src/stm32f3xx_hal_dma.c ****   return status;
 375:Inc/STM32F3xx_HAL_Driver/Src/stm32f3xx_hal_dma.c **** }
 376:Inc/STM32F3xx_HAL_Driver/Src/stm32f3xx_hal_dma.c **** 
 377:Inc/STM32F3xx_HAL_Driver/Src/stm32f3xx_hal_dma.c **** /**
 378:Inc/STM32F3xx_HAL_Driver/Src/stm32f3xx_hal_dma.c ****   * @brief  Abort the DMA Transfer.
 379:Inc/STM32F3xx_HAL_Driver/Src/stm32f3xx_hal_dma.c ****   * @param  hdma  : pointer to a DMA_HandleTypeDef structure that contains
 380:Inc/STM32F3xx_HAL_Driver/Src/stm32f3xx_hal_dma.c ****   *                 the configuration information for the specified DMA Channel.
 381:Inc/STM32F3xx_HAL_Driver/Src/stm32f3xx_hal_dma.c ****   * @retval HAL status
 382:Inc/STM32F3xx_HAL_Driver/Src/stm32f3xx_hal_dma.c ****   */
 383:Inc/STM32F3xx_HAL_Driver/Src/stm32f3xx_hal_dma.c **** HAL_StatusTypeDef HAL_DMA_Abort(DMA_HandleTypeDef *hdma)
 384:Inc/STM32F3xx_HAL_Driver/Src/stm32f3xx_hal_dma.c **** {
 385:Inc/STM32F3xx_HAL_Driver/Src/stm32f3xx_hal_dma.c ****   /* Check the DMA handle allocation */
 386:Inc/STM32F3xx_HAL_Driver/Src/stm32f3xx_hal_dma.c ****   if(NULL == hdma)
 387:Inc/STM32F3xx_HAL_Driver/Src/stm32f3xx_hal_dma.c ****   {
 388:Inc/STM32F3xx_HAL_Driver/Src/stm32f3xx_hal_dma.c ****     return HAL_ERROR;
 389:Inc/STM32F3xx_HAL_Driver/Src/stm32f3xx_hal_dma.c ****   }
 390:Inc/STM32F3xx_HAL_Driver/Src/stm32f3xx_hal_dma.c **** 
 391:Inc/STM32F3xx_HAL_Driver/Src/stm32f3xx_hal_dma.c ****   if(hdma->State != HAL_DMA_STATE_BUSY)
 392:Inc/STM32F3xx_HAL_Driver/Src/stm32f3xx_hal_dma.c ****   {
 393:Inc/STM32F3xx_HAL_Driver/Src/stm32f3xx_hal_dma.c ****     /* no transfer ongoing */
 394:Inc/STM32F3xx_HAL_Driver/Src/stm32f3xx_hal_dma.c ****     hdma->ErrorCode = HAL_DMA_ERROR_NO_XFER;
 395:Inc/STM32F3xx_HAL_Driver/Src/stm32f3xx_hal_dma.c **** 
 396:Inc/STM32F3xx_HAL_Driver/Src/stm32f3xx_hal_dma.c ****     /* Process Unlocked */
 397:Inc/STM32F3xx_HAL_Driver/Src/stm32f3xx_hal_dma.c ****     __HAL_UNLOCK(hdma);
 398:Inc/STM32F3xx_HAL_Driver/Src/stm32f3xx_hal_dma.c **** 
 399:Inc/STM32F3xx_HAL_Driver/Src/stm32f3xx_hal_dma.c ****     return HAL_ERROR;
 400:Inc/STM32F3xx_HAL_Driver/Src/stm32f3xx_hal_dma.c ****   }
 401:Inc/STM32F3xx_HAL_Driver/Src/stm32f3xx_hal_dma.c ****   else
 402:Inc/STM32F3xx_HAL_Driver/Src/stm32f3xx_hal_dma.c ****   {
 403:Inc/STM32F3xx_HAL_Driver/Src/stm32f3xx_hal_dma.c ****     /* Disable DMA IT */
 404:Inc/STM32F3xx_HAL_Driver/Src/stm32f3xx_hal_dma.c ****     hdma->Instance->CCR &= ~(DMA_IT_TC | DMA_IT_HT | DMA_IT_TE);
 405:Inc/STM32F3xx_HAL_Driver/Src/stm32f3xx_hal_dma.c **** 
 406:Inc/STM32F3xx_HAL_Driver/Src/stm32f3xx_hal_dma.c ****     /* Disable the channel */
 407:Inc/STM32F3xx_HAL_Driver/Src/stm32f3xx_hal_dma.c ****     hdma->Instance->CCR &= ~DMA_CCR_EN;
 408:Inc/STM32F3xx_HAL_Driver/Src/stm32f3xx_hal_dma.c **** 
 409:Inc/STM32F3xx_HAL_Driver/Src/stm32f3xx_hal_dma.c ****     /* Clear all flags */
 410:Inc/STM32F3xx_HAL_Driver/Src/stm32f3xx_hal_dma.c ****     hdma->DmaBaseAddress->IFCR = (DMA_FLAG_GL1 << hdma->ChannelIndex);
 411:Inc/STM32F3xx_HAL_Driver/Src/stm32f3xx_hal_dma.c ****   }
 412:Inc/STM32F3xx_HAL_Driver/Src/stm32f3xx_hal_dma.c ****   /* Change the DMA state*/
 413:Inc/STM32F3xx_HAL_Driver/Src/stm32f3xx_hal_dma.c ****   hdma->State = HAL_DMA_STATE_READY;
 414:Inc/STM32F3xx_HAL_Driver/Src/stm32f3xx_hal_dma.c **** 
 415:Inc/STM32F3xx_HAL_Driver/Src/stm32f3xx_hal_dma.c ****   /* Process Unlocked */
 416:Inc/STM32F3xx_HAL_Driver/Src/stm32f3xx_hal_dma.c ****   __HAL_UNLOCK(hdma);
 417:Inc/STM32F3xx_HAL_Driver/Src/stm32f3xx_hal_dma.c **** 
 418:Inc/STM32F3xx_HAL_Driver/Src/stm32f3xx_hal_dma.c ****   return HAL_OK;
 419:Inc/STM32F3xx_HAL_Driver/Src/stm32f3xx_hal_dma.c **** }
 420:Inc/STM32F3xx_HAL_Driver/Src/stm32f3xx_hal_dma.c **** 
 421:Inc/STM32F3xx_HAL_Driver/Src/stm32f3xx_hal_dma.c **** /**
 422:Inc/STM32F3xx_HAL_Driver/Src/stm32f3xx_hal_dma.c ****   * @brief  Abort the DMA Transfer in Interrupt mode.
 423:Inc/STM32F3xx_HAL_Driver/Src/stm32f3xx_hal_dma.c ****   * @param  hdma  : pointer to a DMA_HandleTypeDef structure that contains
 424:Inc/STM32F3xx_HAL_Driver/Src/stm32f3xx_hal_dma.c ****   *                 the configuration information for the specified DMA Stream.
 425:Inc/STM32F3xx_HAL_Driver/Src/stm32f3xx_hal_dma.c ****   * @retval HAL status
 426:Inc/STM32F3xx_HAL_Driver/Src/stm32f3xx_hal_dma.c ****   */
 427:Inc/STM32F3xx_HAL_Driver/Src/stm32f3xx_hal_dma.c **** HAL_StatusTypeDef HAL_DMA_Abort_IT(DMA_HandleTypeDef *hdma)
 428:Inc/STM32F3xx_HAL_Driver/Src/stm32f3xx_hal_dma.c **** {
 429:Inc/STM32F3xx_HAL_Driver/Src/stm32f3xx_hal_dma.c ****   HAL_StatusTypeDef status = HAL_OK;
ARM GAS  /tmp/ccoHJQE2.s 			page 9


 430:Inc/STM32F3xx_HAL_Driver/Src/stm32f3xx_hal_dma.c **** 
 431:Inc/STM32F3xx_HAL_Driver/Src/stm32f3xx_hal_dma.c ****   if(HAL_DMA_STATE_BUSY != hdma->State)
 432:Inc/STM32F3xx_HAL_Driver/Src/stm32f3xx_hal_dma.c ****   {
 433:Inc/STM32F3xx_HAL_Driver/Src/stm32f3xx_hal_dma.c ****     /* no transfer ongoing */
 434:Inc/STM32F3xx_HAL_Driver/Src/stm32f3xx_hal_dma.c ****     hdma->ErrorCode = HAL_DMA_ERROR_NO_XFER;
 435:Inc/STM32F3xx_HAL_Driver/Src/stm32f3xx_hal_dma.c **** 
 436:Inc/STM32F3xx_HAL_Driver/Src/stm32f3xx_hal_dma.c ****     status = HAL_ERROR;
 437:Inc/STM32F3xx_HAL_Driver/Src/stm32f3xx_hal_dma.c ****   }
 438:Inc/STM32F3xx_HAL_Driver/Src/stm32f3xx_hal_dma.c ****   else
 439:Inc/STM32F3xx_HAL_Driver/Src/stm32f3xx_hal_dma.c ****   {
 440:Inc/STM32F3xx_HAL_Driver/Src/stm32f3xx_hal_dma.c ****     /* Disable DMA IT */
 441:Inc/STM32F3xx_HAL_Driver/Src/stm32f3xx_hal_dma.c ****     hdma->Instance->CCR &= ~(DMA_IT_TC | DMA_IT_HT | DMA_IT_TE);
 442:Inc/STM32F3xx_HAL_Driver/Src/stm32f3xx_hal_dma.c **** 
 443:Inc/STM32F3xx_HAL_Driver/Src/stm32f3xx_hal_dma.c ****     /* Disable the channel */
 444:Inc/STM32F3xx_HAL_Driver/Src/stm32f3xx_hal_dma.c ****     hdma->Instance->CCR &= ~DMA_CCR_EN;
 445:Inc/STM32F3xx_HAL_Driver/Src/stm32f3xx_hal_dma.c **** 
 446:Inc/STM32F3xx_HAL_Driver/Src/stm32f3xx_hal_dma.c ****     /* Clear all flags */
 447:Inc/STM32F3xx_HAL_Driver/Src/stm32f3xx_hal_dma.c ****     hdma->DmaBaseAddress->IFCR = DMA_FLAG_GL1 << hdma->ChannelIndex;
 448:Inc/STM32F3xx_HAL_Driver/Src/stm32f3xx_hal_dma.c **** 
 449:Inc/STM32F3xx_HAL_Driver/Src/stm32f3xx_hal_dma.c ****     /* Change the DMA state */
 450:Inc/STM32F3xx_HAL_Driver/Src/stm32f3xx_hal_dma.c ****     hdma->State = HAL_DMA_STATE_READY;
 451:Inc/STM32F3xx_HAL_Driver/Src/stm32f3xx_hal_dma.c **** 
 452:Inc/STM32F3xx_HAL_Driver/Src/stm32f3xx_hal_dma.c ****     /* Process Unlocked */
 453:Inc/STM32F3xx_HAL_Driver/Src/stm32f3xx_hal_dma.c ****     __HAL_UNLOCK(hdma);
 454:Inc/STM32F3xx_HAL_Driver/Src/stm32f3xx_hal_dma.c **** 
 455:Inc/STM32F3xx_HAL_Driver/Src/stm32f3xx_hal_dma.c ****     /* Call User Abort callback */
 456:Inc/STM32F3xx_HAL_Driver/Src/stm32f3xx_hal_dma.c ****     if(hdma->XferAbortCallback != NULL)
 457:Inc/STM32F3xx_HAL_Driver/Src/stm32f3xx_hal_dma.c ****     {
 458:Inc/STM32F3xx_HAL_Driver/Src/stm32f3xx_hal_dma.c ****       hdma->XferAbortCallback(hdma);
 459:Inc/STM32F3xx_HAL_Driver/Src/stm32f3xx_hal_dma.c ****     }
 460:Inc/STM32F3xx_HAL_Driver/Src/stm32f3xx_hal_dma.c ****   }
 461:Inc/STM32F3xx_HAL_Driver/Src/stm32f3xx_hal_dma.c ****   return status;
 462:Inc/STM32F3xx_HAL_Driver/Src/stm32f3xx_hal_dma.c **** }
 463:Inc/STM32F3xx_HAL_Driver/Src/stm32f3xx_hal_dma.c **** 
 464:Inc/STM32F3xx_HAL_Driver/Src/stm32f3xx_hal_dma.c **** /**
 465:Inc/STM32F3xx_HAL_Driver/Src/stm32f3xx_hal_dma.c ****   * @brief  Polling for transfer complete.
 466:Inc/STM32F3xx_HAL_Driver/Src/stm32f3xx_hal_dma.c ****   * @param  hdma    pointer to a DMA_HandleTypeDef structure that contains
 467:Inc/STM32F3xx_HAL_Driver/Src/stm32f3xx_hal_dma.c ****   *                  the configuration information for the specified DMA Channel.
 468:Inc/STM32F3xx_HAL_Driver/Src/stm32f3xx_hal_dma.c ****   * @param  CompleteLevel Specifies the DMA level complete.
 469:Inc/STM32F3xx_HAL_Driver/Src/stm32f3xx_hal_dma.c ****   * @param  Timeout       Timeout duration.
 470:Inc/STM32F3xx_HAL_Driver/Src/stm32f3xx_hal_dma.c ****   * @retval HAL status
 471:Inc/STM32F3xx_HAL_Driver/Src/stm32f3xx_hal_dma.c ****   */
 472:Inc/STM32F3xx_HAL_Driver/Src/stm32f3xx_hal_dma.c **** HAL_StatusTypeDef HAL_DMA_PollForTransfer(DMA_HandleTypeDef *hdma, uint32_t CompleteLevel, uint32_t
 473:Inc/STM32F3xx_HAL_Driver/Src/stm32f3xx_hal_dma.c **** {
 474:Inc/STM32F3xx_HAL_Driver/Src/stm32f3xx_hal_dma.c ****   uint32_t temp;
 475:Inc/STM32F3xx_HAL_Driver/Src/stm32f3xx_hal_dma.c ****   uint32_t tickstart = 0U;
 476:Inc/STM32F3xx_HAL_Driver/Src/stm32f3xx_hal_dma.c **** 
 477:Inc/STM32F3xx_HAL_Driver/Src/stm32f3xx_hal_dma.c ****   if(HAL_DMA_STATE_BUSY != hdma->State)
 478:Inc/STM32F3xx_HAL_Driver/Src/stm32f3xx_hal_dma.c ****   {
 479:Inc/STM32F3xx_HAL_Driver/Src/stm32f3xx_hal_dma.c ****     /* no transfer ongoing */
 480:Inc/STM32F3xx_HAL_Driver/Src/stm32f3xx_hal_dma.c ****     hdma->ErrorCode = HAL_DMA_ERROR_NO_XFER;
 481:Inc/STM32F3xx_HAL_Driver/Src/stm32f3xx_hal_dma.c ****     __HAL_UNLOCK(hdma);
 482:Inc/STM32F3xx_HAL_Driver/Src/stm32f3xx_hal_dma.c ****     return HAL_ERROR;
 483:Inc/STM32F3xx_HAL_Driver/Src/stm32f3xx_hal_dma.c ****   }
 484:Inc/STM32F3xx_HAL_Driver/Src/stm32f3xx_hal_dma.c **** 
 485:Inc/STM32F3xx_HAL_Driver/Src/stm32f3xx_hal_dma.c ****   /* Polling mode not supported in circular mode */
 486:Inc/STM32F3xx_HAL_Driver/Src/stm32f3xx_hal_dma.c ****   if (RESET != (hdma->Instance->CCR & DMA_CCR_CIRC))
ARM GAS  /tmp/ccoHJQE2.s 			page 10


 487:Inc/STM32F3xx_HAL_Driver/Src/stm32f3xx_hal_dma.c ****   {
 488:Inc/STM32F3xx_HAL_Driver/Src/stm32f3xx_hal_dma.c ****     hdma->ErrorCode = HAL_DMA_ERROR_NOT_SUPPORTED;
 489:Inc/STM32F3xx_HAL_Driver/Src/stm32f3xx_hal_dma.c ****     return HAL_ERROR;
 490:Inc/STM32F3xx_HAL_Driver/Src/stm32f3xx_hal_dma.c ****   }
 491:Inc/STM32F3xx_HAL_Driver/Src/stm32f3xx_hal_dma.c **** 
 492:Inc/STM32F3xx_HAL_Driver/Src/stm32f3xx_hal_dma.c ****   /* Get the level transfer complete flag */
 493:Inc/STM32F3xx_HAL_Driver/Src/stm32f3xx_hal_dma.c ****   if(HAL_DMA_FULL_TRANSFER == CompleteLevel)
 494:Inc/STM32F3xx_HAL_Driver/Src/stm32f3xx_hal_dma.c ****   {
 495:Inc/STM32F3xx_HAL_Driver/Src/stm32f3xx_hal_dma.c ****     /* Transfer Complete flag */
 496:Inc/STM32F3xx_HAL_Driver/Src/stm32f3xx_hal_dma.c ****     temp = DMA_FLAG_TC1 << hdma->ChannelIndex;
 497:Inc/STM32F3xx_HAL_Driver/Src/stm32f3xx_hal_dma.c ****   }
 498:Inc/STM32F3xx_HAL_Driver/Src/stm32f3xx_hal_dma.c ****   else
 499:Inc/STM32F3xx_HAL_Driver/Src/stm32f3xx_hal_dma.c ****   {
 500:Inc/STM32F3xx_HAL_Driver/Src/stm32f3xx_hal_dma.c ****     /* Half Transfer Complete flag */
 501:Inc/STM32F3xx_HAL_Driver/Src/stm32f3xx_hal_dma.c ****     temp = DMA_FLAG_HT1 << hdma->ChannelIndex;
 502:Inc/STM32F3xx_HAL_Driver/Src/stm32f3xx_hal_dma.c ****   }
 503:Inc/STM32F3xx_HAL_Driver/Src/stm32f3xx_hal_dma.c **** 
 504:Inc/STM32F3xx_HAL_Driver/Src/stm32f3xx_hal_dma.c ****   /* Get tick */
 505:Inc/STM32F3xx_HAL_Driver/Src/stm32f3xx_hal_dma.c ****   tickstart = HAL_GetTick();
 506:Inc/STM32F3xx_HAL_Driver/Src/stm32f3xx_hal_dma.c **** 
 507:Inc/STM32F3xx_HAL_Driver/Src/stm32f3xx_hal_dma.c ****   while(RESET == (hdma->DmaBaseAddress->ISR & temp))
 508:Inc/STM32F3xx_HAL_Driver/Src/stm32f3xx_hal_dma.c ****   {
 509:Inc/STM32F3xx_HAL_Driver/Src/stm32f3xx_hal_dma.c ****     if(RESET != (hdma->DmaBaseAddress->ISR & (DMA_FLAG_TE1 << hdma->ChannelIndex)))
 510:Inc/STM32F3xx_HAL_Driver/Src/stm32f3xx_hal_dma.c ****     {
 511:Inc/STM32F3xx_HAL_Driver/Src/stm32f3xx_hal_dma.c ****       /* When a DMA transfer error occurs */
 512:Inc/STM32F3xx_HAL_Driver/Src/stm32f3xx_hal_dma.c ****       /* A hardware clear of its EN bits is performed */
 513:Inc/STM32F3xx_HAL_Driver/Src/stm32f3xx_hal_dma.c ****       /* Clear all flags */
 514:Inc/STM32F3xx_HAL_Driver/Src/stm32f3xx_hal_dma.c ****       hdma->DmaBaseAddress->IFCR = DMA_FLAG_GL1 << hdma->ChannelIndex;
 515:Inc/STM32F3xx_HAL_Driver/Src/stm32f3xx_hal_dma.c **** 
 516:Inc/STM32F3xx_HAL_Driver/Src/stm32f3xx_hal_dma.c ****       /* Update error code */
 517:Inc/STM32F3xx_HAL_Driver/Src/stm32f3xx_hal_dma.c ****       hdma->ErrorCode = HAL_DMA_ERROR_TE;
 518:Inc/STM32F3xx_HAL_Driver/Src/stm32f3xx_hal_dma.c **** 
 519:Inc/STM32F3xx_HAL_Driver/Src/stm32f3xx_hal_dma.c ****       /* Change the DMA state */
 520:Inc/STM32F3xx_HAL_Driver/Src/stm32f3xx_hal_dma.c ****       hdma->State= HAL_DMA_STATE_READY;
 521:Inc/STM32F3xx_HAL_Driver/Src/stm32f3xx_hal_dma.c **** 
 522:Inc/STM32F3xx_HAL_Driver/Src/stm32f3xx_hal_dma.c ****       /* Process Unlocked */
 523:Inc/STM32F3xx_HAL_Driver/Src/stm32f3xx_hal_dma.c ****       __HAL_UNLOCK(hdma);
 524:Inc/STM32F3xx_HAL_Driver/Src/stm32f3xx_hal_dma.c **** 
 525:Inc/STM32F3xx_HAL_Driver/Src/stm32f3xx_hal_dma.c ****       return HAL_ERROR;
 526:Inc/STM32F3xx_HAL_Driver/Src/stm32f3xx_hal_dma.c ****     }
 527:Inc/STM32F3xx_HAL_Driver/Src/stm32f3xx_hal_dma.c ****     /* Check for the Timeout */
 528:Inc/STM32F3xx_HAL_Driver/Src/stm32f3xx_hal_dma.c ****     if(Timeout != HAL_MAX_DELAY)
 529:Inc/STM32F3xx_HAL_Driver/Src/stm32f3xx_hal_dma.c ****     {
 530:Inc/STM32F3xx_HAL_Driver/Src/stm32f3xx_hal_dma.c ****       if((Timeout == 0U) || ((HAL_GetTick() - tickstart) > Timeout))
 531:Inc/STM32F3xx_HAL_Driver/Src/stm32f3xx_hal_dma.c ****       {
 532:Inc/STM32F3xx_HAL_Driver/Src/stm32f3xx_hal_dma.c ****         /* Update error code */
 533:Inc/STM32F3xx_HAL_Driver/Src/stm32f3xx_hal_dma.c ****         hdma->ErrorCode = HAL_DMA_ERROR_TIMEOUT;
 534:Inc/STM32F3xx_HAL_Driver/Src/stm32f3xx_hal_dma.c **** 
 535:Inc/STM32F3xx_HAL_Driver/Src/stm32f3xx_hal_dma.c ****         /* Change the DMA state */
 536:Inc/STM32F3xx_HAL_Driver/Src/stm32f3xx_hal_dma.c ****         hdma->State = HAL_DMA_STATE_READY;
 537:Inc/STM32F3xx_HAL_Driver/Src/stm32f3xx_hal_dma.c **** 
 538:Inc/STM32F3xx_HAL_Driver/Src/stm32f3xx_hal_dma.c ****         /* Process Unlocked */
 539:Inc/STM32F3xx_HAL_Driver/Src/stm32f3xx_hal_dma.c ****         __HAL_UNLOCK(hdma);
 540:Inc/STM32F3xx_HAL_Driver/Src/stm32f3xx_hal_dma.c **** 
 541:Inc/STM32F3xx_HAL_Driver/Src/stm32f3xx_hal_dma.c ****         return HAL_ERROR;
 542:Inc/STM32F3xx_HAL_Driver/Src/stm32f3xx_hal_dma.c ****       }
 543:Inc/STM32F3xx_HAL_Driver/Src/stm32f3xx_hal_dma.c ****     }
ARM GAS  /tmp/ccoHJQE2.s 			page 11


 544:Inc/STM32F3xx_HAL_Driver/Src/stm32f3xx_hal_dma.c ****   }
 545:Inc/STM32F3xx_HAL_Driver/Src/stm32f3xx_hal_dma.c **** 
 546:Inc/STM32F3xx_HAL_Driver/Src/stm32f3xx_hal_dma.c ****   if(HAL_DMA_FULL_TRANSFER == CompleteLevel)
 547:Inc/STM32F3xx_HAL_Driver/Src/stm32f3xx_hal_dma.c ****   {
 548:Inc/STM32F3xx_HAL_Driver/Src/stm32f3xx_hal_dma.c ****     /* Clear the transfer complete flag */
 549:Inc/STM32F3xx_HAL_Driver/Src/stm32f3xx_hal_dma.c ****     hdma->DmaBaseAddress->IFCR = DMA_FLAG_TC1 << hdma->ChannelIndex;
 550:Inc/STM32F3xx_HAL_Driver/Src/stm32f3xx_hal_dma.c **** 
 551:Inc/STM32F3xx_HAL_Driver/Src/stm32f3xx_hal_dma.c ****     /* The selected Channelx EN bit is cleared (DMA is disabled and
 552:Inc/STM32F3xx_HAL_Driver/Src/stm32f3xx_hal_dma.c ****     all transfers are complete) */
 553:Inc/STM32F3xx_HAL_Driver/Src/stm32f3xx_hal_dma.c ****     hdma->State = HAL_DMA_STATE_READY;
 554:Inc/STM32F3xx_HAL_Driver/Src/stm32f3xx_hal_dma.c ****   }
 555:Inc/STM32F3xx_HAL_Driver/Src/stm32f3xx_hal_dma.c ****   else
 556:Inc/STM32F3xx_HAL_Driver/Src/stm32f3xx_hal_dma.c ****   {
 557:Inc/STM32F3xx_HAL_Driver/Src/stm32f3xx_hal_dma.c ****     /* Clear the half transfer complete flag */
 558:Inc/STM32F3xx_HAL_Driver/Src/stm32f3xx_hal_dma.c ****     hdma->DmaBaseAddress->IFCR = DMA_FLAG_HT1 << hdma->ChannelIndex;
 559:Inc/STM32F3xx_HAL_Driver/Src/stm32f3xx_hal_dma.c ****   }
 560:Inc/STM32F3xx_HAL_Driver/Src/stm32f3xx_hal_dma.c **** 
 561:Inc/STM32F3xx_HAL_Driver/Src/stm32f3xx_hal_dma.c ****   /* Process unlocked */
 562:Inc/STM32F3xx_HAL_Driver/Src/stm32f3xx_hal_dma.c ****   __HAL_UNLOCK(hdma);
 563:Inc/STM32F3xx_HAL_Driver/Src/stm32f3xx_hal_dma.c **** 
 564:Inc/STM32F3xx_HAL_Driver/Src/stm32f3xx_hal_dma.c ****   return HAL_OK;
 565:Inc/STM32F3xx_HAL_Driver/Src/stm32f3xx_hal_dma.c **** }
 566:Inc/STM32F3xx_HAL_Driver/Src/stm32f3xx_hal_dma.c **** 
 567:Inc/STM32F3xx_HAL_Driver/Src/stm32f3xx_hal_dma.c **** /**
 568:Inc/STM32F3xx_HAL_Driver/Src/stm32f3xx_hal_dma.c ****   * @brief  Handle DMA interrupt request.
 569:Inc/STM32F3xx_HAL_Driver/Src/stm32f3xx_hal_dma.c ****   * @param  hdma pointer to a DMA_HandleTypeDef structure that contains
 570:Inc/STM32F3xx_HAL_Driver/Src/stm32f3xx_hal_dma.c ****   *               the configuration information for the specified DMA Channel.
 571:Inc/STM32F3xx_HAL_Driver/Src/stm32f3xx_hal_dma.c ****   * @retval None
 572:Inc/STM32F3xx_HAL_Driver/Src/stm32f3xx_hal_dma.c ****   */
 573:Inc/STM32F3xx_HAL_Driver/Src/stm32f3xx_hal_dma.c **** void HAL_DMA_IRQHandler(DMA_HandleTypeDef *hdma)
 574:Inc/STM32F3xx_HAL_Driver/Src/stm32f3xx_hal_dma.c **** {
 575:Inc/STM32F3xx_HAL_Driver/Src/stm32f3xx_hal_dma.c ****   uint32_t flag_it = hdma->DmaBaseAddress->ISR;
 576:Inc/STM32F3xx_HAL_Driver/Src/stm32f3xx_hal_dma.c ****   uint32_t source_it = hdma->Instance->CCR;
 577:Inc/STM32F3xx_HAL_Driver/Src/stm32f3xx_hal_dma.c **** 
 578:Inc/STM32F3xx_HAL_Driver/Src/stm32f3xx_hal_dma.c ****   /* Half Transfer Complete Interrupt management ******************************/
 579:Inc/STM32F3xx_HAL_Driver/Src/stm32f3xx_hal_dma.c ****   if ((RESET != (flag_it & (DMA_FLAG_HT1 << hdma->ChannelIndex))) && (RESET != (source_it & DMA_IT_
 580:Inc/STM32F3xx_HAL_Driver/Src/stm32f3xx_hal_dma.c ****   {
 581:Inc/STM32F3xx_HAL_Driver/Src/stm32f3xx_hal_dma.c ****     /* Disable the half transfer interrupt if the DMA mode is not CIRCULAR */
 582:Inc/STM32F3xx_HAL_Driver/Src/stm32f3xx_hal_dma.c ****     if((hdma->Instance->CCR & DMA_CCR_CIRC) == 0U)
 583:Inc/STM32F3xx_HAL_Driver/Src/stm32f3xx_hal_dma.c ****     {
 584:Inc/STM32F3xx_HAL_Driver/Src/stm32f3xx_hal_dma.c ****       /* Disable the half transfer interrupt */
 585:Inc/STM32F3xx_HAL_Driver/Src/stm32f3xx_hal_dma.c ****       hdma->Instance->CCR &= ~DMA_IT_HT;
 586:Inc/STM32F3xx_HAL_Driver/Src/stm32f3xx_hal_dma.c ****     }
 587:Inc/STM32F3xx_HAL_Driver/Src/stm32f3xx_hal_dma.c **** 
 588:Inc/STM32F3xx_HAL_Driver/Src/stm32f3xx_hal_dma.c ****     /* Clear the half transfer complete flag */
 589:Inc/STM32F3xx_HAL_Driver/Src/stm32f3xx_hal_dma.c ****     hdma->DmaBaseAddress->IFCR = DMA_FLAG_HT1 << hdma->ChannelIndex;
 590:Inc/STM32F3xx_HAL_Driver/Src/stm32f3xx_hal_dma.c **** 
 591:Inc/STM32F3xx_HAL_Driver/Src/stm32f3xx_hal_dma.c ****     /* DMA peripheral state is not updated in Half Transfer */
 592:Inc/STM32F3xx_HAL_Driver/Src/stm32f3xx_hal_dma.c ****     /* State is updated only in Transfer Complete case */
 593:Inc/STM32F3xx_HAL_Driver/Src/stm32f3xx_hal_dma.c **** 
 594:Inc/STM32F3xx_HAL_Driver/Src/stm32f3xx_hal_dma.c ****     if(hdma->XferHalfCpltCallback != NULL)
 595:Inc/STM32F3xx_HAL_Driver/Src/stm32f3xx_hal_dma.c ****     {
 596:Inc/STM32F3xx_HAL_Driver/Src/stm32f3xx_hal_dma.c ****       /* Half transfer callback */
 597:Inc/STM32F3xx_HAL_Driver/Src/stm32f3xx_hal_dma.c ****       hdma->XferHalfCpltCallback(hdma);
 598:Inc/STM32F3xx_HAL_Driver/Src/stm32f3xx_hal_dma.c ****     }
 599:Inc/STM32F3xx_HAL_Driver/Src/stm32f3xx_hal_dma.c ****   }
 600:Inc/STM32F3xx_HAL_Driver/Src/stm32f3xx_hal_dma.c **** 
ARM GAS  /tmp/ccoHJQE2.s 			page 12


 601:Inc/STM32F3xx_HAL_Driver/Src/stm32f3xx_hal_dma.c ****   /* Transfer Complete Interrupt management ***********************************/
 602:Inc/STM32F3xx_HAL_Driver/Src/stm32f3xx_hal_dma.c ****   else if ((RESET != (flag_it & (DMA_FLAG_TC1 << hdma->ChannelIndex))) && (RESET != (source_it & DM
 603:Inc/STM32F3xx_HAL_Driver/Src/stm32f3xx_hal_dma.c ****   {
 604:Inc/STM32F3xx_HAL_Driver/Src/stm32f3xx_hal_dma.c ****     if((hdma->Instance->CCR & DMA_CCR_CIRC) == 0U)
 605:Inc/STM32F3xx_HAL_Driver/Src/stm32f3xx_hal_dma.c ****     {
 606:Inc/STM32F3xx_HAL_Driver/Src/stm32f3xx_hal_dma.c ****       /* Disable the transfer complete  & transfer error interrupts */
 607:Inc/STM32F3xx_HAL_Driver/Src/stm32f3xx_hal_dma.c ****       /* if the DMA mode is not CIRCULAR */
 608:Inc/STM32F3xx_HAL_Driver/Src/stm32f3xx_hal_dma.c ****       hdma->Instance->CCR &= ~(DMA_IT_TC | DMA_IT_TE);
 609:Inc/STM32F3xx_HAL_Driver/Src/stm32f3xx_hal_dma.c **** 
 610:Inc/STM32F3xx_HAL_Driver/Src/stm32f3xx_hal_dma.c ****       /* Change the DMA state */
 611:Inc/STM32F3xx_HAL_Driver/Src/stm32f3xx_hal_dma.c ****       hdma->State = HAL_DMA_STATE_READY;
 612:Inc/STM32F3xx_HAL_Driver/Src/stm32f3xx_hal_dma.c ****     }
 613:Inc/STM32F3xx_HAL_Driver/Src/stm32f3xx_hal_dma.c **** 
 614:Inc/STM32F3xx_HAL_Driver/Src/stm32f3xx_hal_dma.c ****     /* Clear the transfer complete flag */
 615:Inc/STM32F3xx_HAL_Driver/Src/stm32f3xx_hal_dma.c ****     hdma->DmaBaseAddress->IFCR = DMA_FLAG_TC1 << hdma->ChannelIndex;
 616:Inc/STM32F3xx_HAL_Driver/Src/stm32f3xx_hal_dma.c **** 
 617:Inc/STM32F3xx_HAL_Driver/Src/stm32f3xx_hal_dma.c ****     /* Process Unlocked */
 618:Inc/STM32F3xx_HAL_Driver/Src/stm32f3xx_hal_dma.c ****     __HAL_UNLOCK(hdma);
 619:Inc/STM32F3xx_HAL_Driver/Src/stm32f3xx_hal_dma.c **** 
 620:Inc/STM32F3xx_HAL_Driver/Src/stm32f3xx_hal_dma.c ****     if(hdma->XferCpltCallback != NULL)
 621:Inc/STM32F3xx_HAL_Driver/Src/stm32f3xx_hal_dma.c ****     {
 622:Inc/STM32F3xx_HAL_Driver/Src/stm32f3xx_hal_dma.c ****       /* Transfer complete callback */
 623:Inc/STM32F3xx_HAL_Driver/Src/stm32f3xx_hal_dma.c ****       hdma->XferCpltCallback(hdma);
 624:Inc/STM32F3xx_HAL_Driver/Src/stm32f3xx_hal_dma.c ****     }
 625:Inc/STM32F3xx_HAL_Driver/Src/stm32f3xx_hal_dma.c ****   }
 626:Inc/STM32F3xx_HAL_Driver/Src/stm32f3xx_hal_dma.c **** 
 627:Inc/STM32F3xx_HAL_Driver/Src/stm32f3xx_hal_dma.c ****   /* Transfer Error Interrupt management ***************************************/
 628:Inc/STM32F3xx_HAL_Driver/Src/stm32f3xx_hal_dma.c ****   else if (( RESET != (flag_it & (DMA_FLAG_TE1 << hdma->ChannelIndex))) && (RESET != (source_it & D
 629:Inc/STM32F3xx_HAL_Driver/Src/stm32f3xx_hal_dma.c ****   {
 630:Inc/STM32F3xx_HAL_Driver/Src/stm32f3xx_hal_dma.c ****     /* When a DMA transfer error occurs */
 631:Inc/STM32F3xx_HAL_Driver/Src/stm32f3xx_hal_dma.c ****     /* A hardware clear of its EN bits is performed */
 632:Inc/STM32F3xx_HAL_Driver/Src/stm32f3xx_hal_dma.c ****     /* Then, disable all DMA interrupts */
 633:Inc/STM32F3xx_HAL_Driver/Src/stm32f3xx_hal_dma.c ****     hdma->Instance->CCR &= ~(DMA_IT_TC | DMA_IT_HT | DMA_IT_TE);
 634:Inc/STM32F3xx_HAL_Driver/Src/stm32f3xx_hal_dma.c **** 
 635:Inc/STM32F3xx_HAL_Driver/Src/stm32f3xx_hal_dma.c ****     /* Clear all flags */
 636:Inc/STM32F3xx_HAL_Driver/Src/stm32f3xx_hal_dma.c ****     hdma->DmaBaseAddress->IFCR = DMA_FLAG_GL1 << hdma->ChannelIndex;
 637:Inc/STM32F3xx_HAL_Driver/Src/stm32f3xx_hal_dma.c **** 
 638:Inc/STM32F3xx_HAL_Driver/Src/stm32f3xx_hal_dma.c ****     /* Update error code */
 639:Inc/STM32F3xx_HAL_Driver/Src/stm32f3xx_hal_dma.c ****     hdma->ErrorCode = HAL_DMA_ERROR_TE;
 640:Inc/STM32F3xx_HAL_Driver/Src/stm32f3xx_hal_dma.c **** 
 641:Inc/STM32F3xx_HAL_Driver/Src/stm32f3xx_hal_dma.c ****     /* Change the DMA state */
 642:Inc/STM32F3xx_HAL_Driver/Src/stm32f3xx_hal_dma.c ****     hdma->State = HAL_DMA_STATE_READY;
 643:Inc/STM32F3xx_HAL_Driver/Src/stm32f3xx_hal_dma.c **** 
 644:Inc/STM32F3xx_HAL_Driver/Src/stm32f3xx_hal_dma.c ****     /* Process Unlocked */
 645:Inc/STM32F3xx_HAL_Driver/Src/stm32f3xx_hal_dma.c ****     __HAL_UNLOCK(hdma);
 646:Inc/STM32F3xx_HAL_Driver/Src/stm32f3xx_hal_dma.c **** 
 647:Inc/STM32F3xx_HAL_Driver/Src/stm32f3xx_hal_dma.c ****     if(hdma->XferErrorCallback != NULL)
 648:Inc/STM32F3xx_HAL_Driver/Src/stm32f3xx_hal_dma.c ****     {
 649:Inc/STM32F3xx_HAL_Driver/Src/stm32f3xx_hal_dma.c ****       /* Transfer error callback */
 650:Inc/STM32F3xx_HAL_Driver/Src/stm32f3xx_hal_dma.c ****       hdma->XferErrorCallback(hdma);
 651:Inc/STM32F3xx_HAL_Driver/Src/stm32f3xx_hal_dma.c ****     }
 652:Inc/STM32F3xx_HAL_Driver/Src/stm32f3xx_hal_dma.c ****   }
 653:Inc/STM32F3xx_HAL_Driver/Src/stm32f3xx_hal_dma.c **** }
 654:Inc/STM32F3xx_HAL_Driver/Src/stm32f3xx_hal_dma.c **** 
 655:Inc/STM32F3xx_HAL_Driver/Src/stm32f3xx_hal_dma.c **** /**
 656:Inc/STM32F3xx_HAL_Driver/Src/stm32f3xx_hal_dma.c ****   * @brief  Register callbacks
 657:Inc/STM32F3xx_HAL_Driver/Src/stm32f3xx_hal_dma.c ****   * @param  hdma                 pointer to a DMA_HandleTypeDef structure that contains
ARM GAS  /tmp/ccoHJQE2.s 			page 13


 658:Inc/STM32F3xx_HAL_Driver/Src/stm32f3xx_hal_dma.c ****   *                               the configuration information for the specified DMA Stream.
 659:Inc/STM32F3xx_HAL_Driver/Src/stm32f3xx_hal_dma.c ****   * @param  CallbackID           User Callback identifier
 660:Inc/STM32F3xx_HAL_Driver/Src/stm32f3xx_hal_dma.c ****   *                               a HAL_DMA_CallbackIDTypeDef ENUM as parameter.
 661:Inc/STM32F3xx_HAL_Driver/Src/stm32f3xx_hal_dma.c ****   * @param  pCallback            pointer to private callback function which has pointer to
 662:Inc/STM32F3xx_HAL_Driver/Src/stm32f3xx_hal_dma.c ****   *                               a DMA_HandleTypeDef structure as parameter.
 663:Inc/STM32F3xx_HAL_Driver/Src/stm32f3xx_hal_dma.c ****   * @retval HAL status
 664:Inc/STM32F3xx_HAL_Driver/Src/stm32f3xx_hal_dma.c ****   */
 665:Inc/STM32F3xx_HAL_Driver/Src/stm32f3xx_hal_dma.c **** HAL_StatusTypeDef HAL_DMA_RegisterCallback(DMA_HandleTypeDef *hdma, HAL_DMA_CallbackIDTypeDef Callb
 666:Inc/STM32F3xx_HAL_Driver/Src/stm32f3xx_hal_dma.c **** {
 667:Inc/STM32F3xx_HAL_Driver/Src/stm32f3xx_hal_dma.c ****   HAL_StatusTypeDef status = HAL_OK;
 668:Inc/STM32F3xx_HAL_Driver/Src/stm32f3xx_hal_dma.c **** 
 669:Inc/STM32F3xx_HAL_Driver/Src/stm32f3xx_hal_dma.c ****   /* Process locked */
 670:Inc/STM32F3xx_HAL_Driver/Src/stm32f3xx_hal_dma.c ****   __HAL_LOCK(hdma);
 671:Inc/STM32F3xx_HAL_Driver/Src/stm32f3xx_hal_dma.c **** 
 672:Inc/STM32F3xx_HAL_Driver/Src/stm32f3xx_hal_dma.c ****   if(HAL_DMA_STATE_READY == hdma->State)
 673:Inc/STM32F3xx_HAL_Driver/Src/stm32f3xx_hal_dma.c ****   {
 674:Inc/STM32F3xx_HAL_Driver/Src/stm32f3xx_hal_dma.c ****     switch (CallbackID)
 675:Inc/STM32F3xx_HAL_Driver/Src/stm32f3xx_hal_dma.c ****     {
 676:Inc/STM32F3xx_HAL_Driver/Src/stm32f3xx_hal_dma.c ****      case  HAL_DMA_XFER_CPLT_CB_ID:
 677:Inc/STM32F3xx_HAL_Driver/Src/stm32f3xx_hal_dma.c ****            hdma->XferCpltCallback = pCallback;
 678:Inc/STM32F3xx_HAL_Driver/Src/stm32f3xx_hal_dma.c ****            break;
 679:Inc/STM32F3xx_HAL_Driver/Src/stm32f3xx_hal_dma.c **** 
 680:Inc/STM32F3xx_HAL_Driver/Src/stm32f3xx_hal_dma.c ****      case  HAL_DMA_XFER_HALFCPLT_CB_ID:
 681:Inc/STM32F3xx_HAL_Driver/Src/stm32f3xx_hal_dma.c ****            hdma->XferHalfCpltCallback = pCallback;
 682:Inc/STM32F3xx_HAL_Driver/Src/stm32f3xx_hal_dma.c ****            break;
 683:Inc/STM32F3xx_HAL_Driver/Src/stm32f3xx_hal_dma.c **** 
 684:Inc/STM32F3xx_HAL_Driver/Src/stm32f3xx_hal_dma.c ****      case  HAL_DMA_XFER_ERROR_CB_ID:
 685:Inc/STM32F3xx_HAL_Driver/Src/stm32f3xx_hal_dma.c ****            hdma->XferErrorCallback = pCallback;
 686:Inc/STM32F3xx_HAL_Driver/Src/stm32f3xx_hal_dma.c ****            break;
 687:Inc/STM32F3xx_HAL_Driver/Src/stm32f3xx_hal_dma.c **** 
 688:Inc/STM32F3xx_HAL_Driver/Src/stm32f3xx_hal_dma.c ****      case  HAL_DMA_XFER_ABORT_CB_ID:
 689:Inc/STM32F3xx_HAL_Driver/Src/stm32f3xx_hal_dma.c ****            hdma->XferAbortCallback = pCallback;
 690:Inc/STM32F3xx_HAL_Driver/Src/stm32f3xx_hal_dma.c ****            break;
 691:Inc/STM32F3xx_HAL_Driver/Src/stm32f3xx_hal_dma.c **** 
 692:Inc/STM32F3xx_HAL_Driver/Src/stm32f3xx_hal_dma.c ****      default:
 693:Inc/STM32F3xx_HAL_Driver/Src/stm32f3xx_hal_dma.c ****            status = HAL_ERROR;
 694:Inc/STM32F3xx_HAL_Driver/Src/stm32f3xx_hal_dma.c ****            break;
 695:Inc/STM32F3xx_HAL_Driver/Src/stm32f3xx_hal_dma.c ****     }
 696:Inc/STM32F3xx_HAL_Driver/Src/stm32f3xx_hal_dma.c ****   }
 697:Inc/STM32F3xx_HAL_Driver/Src/stm32f3xx_hal_dma.c ****   else
 698:Inc/STM32F3xx_HAL_Driver/Src/stm32f3xx_hal_dma.c ****   {
 699:Inc/STM32F3xx_HAL_Driver/Src/stm32f3xx_hal_dma.c ****     status = HAL_ERROR;
 700:Inc/STM32F3xx_HAL_Driver/Src/stm32f3xx_hal_dma.c ****   }
 701:Inc/STM32F3xx_HAL_Driver/Src/stm32f3xx_hal_dma.c **** 
 702:Inc/STM32F3xx_HAL_Driver/Src/stm32f3xx_hal_dma.c ****   /* Release Lock */
 703:Inc/STM32F3xx_HAL_Driver/Src/stm32f3xx_hal_dma.c ****   __HAL_UNLOCK(hdma);
 704:Inc/STM32F3xx_HAL_Driver/Src/stm32f3xx_hal_dma.c **** 
 705:Inc/STM32F3xx_HAL_Driver/Src/stm32f3xx_hal_dma.c ****   return status;
 706:Inc/STM32F3xx_HAL_Driver/Src/stm32f3xx_hal_dma.c **** }
 707:Inc/STM32F3xx_HAL_Driver/Src/stm32f3xx_hal_dma.c **** 
 708:Inc/STM32F3xx_HAL_Driver/Src/stm32f3xx_hal_dma.c **** /**
 709:Inc/STM32F3xx_HAL_Driver/Src/stm32f3xx_hal_dma.c ****   * @brief  UnRegister callbacks
 710:Inc/STM32F3xx_HAL_Driver/Src/stm32f3xx_hal_dma.c ****   * @param  hdma                 pointer to a DMA_HandleTypeDef structure that contains
 711:Inc/STM32F3xx_HAL_Driver/Src/stm32f3xx_hal_dma.c ****   *                               the configuration information for the specified DMA Stream.
 712:Inc/STM32F3xx_HAL_Driver/Src/stm32f3xx_hal_dma.c ****   * @param  CallbackID           User Callback identifier
 713:Inc/STM32F3xx_HAL_Driver/Src/stm32f3xx_hal_dma.c ****   *                               a HAL_DMA_CallbackIDTypeDef ENUM as parameter.
 714:Inc/STM32F3xx_HAL_Driver/Src/stm32f3xx_hal_dma.c ****   * @retval HAL status
ARM GAS  /tmp/ccoHJQE2.s 			page 14


 715:Inc/STM32F3xx_HAL_Driver/Src/stm32f3xx_hal_dma.c ****   */
 716:Inc/STM32F3xx_HAL_Driver/Src/stm32f3xx_hal_dma.c **** HAL_StatusTypeDef HAL_DMA_UnRegisterCallback(DMA_HandleTypeDef *hdma, HAL_DMA_CallbackIDTypeDef Cal
 717:Inc/STM32F3xx_HAL_Driver/Src/stm32f3xx_hal_dma.c **** {
 718:Inc/STM32F3xx_HAL_Driver/Src/stm32f3xx_hal_dma.c ****   HAL_StatusTypeDef status = HAL_OK;
 719:Inc/STM32F3xx_HAL_Driver/Src/stm32f3xx_hal_dma.c **** 
 720:Inc/STM32F3xx_HAL_Driver/Src/stm32f3xx_hal_dma.c ****   /* Process locked */
 721:Inc/STM32F3xx_HAL_Driver/Src/stm32f3xx_hal_dma.c ****   __HAL_LOCK(hdma);
 722:Inc/STM32F3xx_HAL_Driver/Src/stm32f3xx_hal_dma.c **** 
 723:Inc/STM32F3xx_HAL_Driver/Src/stm32f3xx_hal_dma.c ****   if(HAL_DMA_STATE_READY == hdma->State)
 724:Inc/STM32F3xx_HAL_Driver/Src/stm32f3xx_hal_dma.c ****   {
 725:Inc/STM32F3xx_HAL_Driver/Src/stm32f3xx_hal_dma.c ****     switch (CallbackID)
 726:Inc/STM32F3xx_HAL_Driver/Src/stm32f3xx_hal_dma.c ****     {
 727:Inc/STM32F3xx_HAL_Driver/Src/stm32f3xx_hal_dma.c ****      case  HAL_DMA_XFER_CPLT_CB_ID:
 728:Inc/STM32F3xx_HAL_Driver/Src/stm32f3xx_hal_dma.c ****            hdma->XferCpltCallback = NULL;
 729:Inc/STM32F3xx_HAL_Driver/Src/stm32f3xx_hal_dma.c ****            break;
 730:Inc/STM32F3xx_HAL_Driver/Src/stm32f3xx_hal_dma.c **** 
 731:Inc/STM32F3xx_HAL_Driver/Src/stm32f3xx_hal_dma.c ****      case  HAL_DMA_XFER_HALFCPLT_CB_ID:
 732:Inc/STM32F3xx_HAL_Driver/Src/stm32f3xx_hal_dma.c ****            hdma->XferHalfCpltCallback = NULL;
 733:Inc/STM32F3xx_HAL_Driver/Src/stm32f3xx_hal_dma.c ****            break;
 734:Inc/STM32F3xx_HAL_Driver/Src/stm32f3xx_hal_dma.c **** 
 735:Inc/STM32F3xx_HAL_Driver/Src/stm32f3xx_hal_dma.c ****      case  HAL_DMA_XFER_ERROR_CB_ID:
 736:Inc/STM32F3xx_HAL_Driver/Src/stm32f3xx_hal_dma.c ****            hdma->XferErrorCallback = NULL;
 737:Inc/STM32F3xx_HAL_Driver/Src/stm32f3xx_hal_dma.c ****            break;
 738:Inc/STM32F3xx_HAL_Driver/Src/stm32f3xx_hal_dma.c **** 
 739:Inc/STM32F3xx_HAL_Driver/Src/stm32f3xx_hal_dma.c ****      case  HAL_DMA_XFER_ABORT_CB_ID:
 740:Inc/STM32F3xx_HAL_Driver/Src/stm32f3xx_hal_dma.c ****            hdma->XferAbortCallback = NULL;
 741:Inc/STM32F3xx_HAL_Driver/Src/stm32f3xx_hal_dma.c ****            break;
 742:Inc/STM32F3xx_HAL_Driver/Src/stm32f3xx_hal_dma.c **** 
 743:Inc/STM32F3xx_HAL_Driver/Src/stm32f3xx_hal_dma.c ****     case   HAL_DMA_XFER_ALL_CB_ID:
 744:Inc/STM32F3xx_HAL_Driver/Src/stm32f3xx_hal_dma.c ****            hdma->XferCpltCallback = NULL;
 745:Inc/STM32F3xx_HAL_Driver/Src/stm32f3xx_hal_dma.c ****            hdma->XferHalfCpltCallback = NULL;
 746:Inc/STM32F3xx_HAL_Driver/Src/stm32f3xx_hal_dma.c ****            hdma->XferErrorCallback = NULL;
 747:Inc/STM32F3xx_HAL_Driver/Src/stm32f3xx_hal_dma.c ****            hdma->XferAbortCallback = NULL;
 748:Inc/STM32F3xx_HAL_Driver/Src/stm32f3xx_hal_dma.c ****            break;
 749:Inc/STM32F3xx_HAL_Driver/Src/stm32f3xx_hal_dma.c **** 
 750:Inc/STM32F3xx_HAL_Driver/Src/stm32f3xx_hal_dma.c ****     default:
 751:Inc/STM32F3xx_HAL_Driver/Src/stm32f3xx_hal_dma.c ****            status = HAL_ERROR;
 752:Inc/STM32F3xx_HAL_Driver/Src/stm32f3xx_hal_dma.c ****            break;
 753:Inc/STM32F3xx_HAL_Driver/Src/stm32f3xx_hal_dma.c ****     }
 754:Inc/STM32F3xx_HAL_Driver/Src/stm32f3xx_hal_dma.c ****   }
 755:Inc/STM32F3xx_HAL_Driver/Src/stm32f3xx_hal_dma.c ****   else
 756:Inc/STM32F3xx_HAL_Driver/Src/stm32f3xx_hal_dma.c ****   {
 757:Inc/STM32F3xx_HAL_Driver/Src/stm32f3xx_hal_dma.c ****     status = HAL_ERROR;
 758:Inc/STM32F3xx_HAL_Driver/Src/stm32f3xx_hal_dma.c ****   }
 759:Inc/STM32F3xx_HAL_Driver/Src/stm32f3xx_hal_dma.c **** 
 760:Inc/STM32F3xx_HAL_Driver/Src/stm32f3xx_hal_dma.c ****   /* Release Lock */
 761:Inc/STM32F3xx_HAL_Driver/Src/stm32f3xx_hal_dma.c ****   __HAL_UNLOCK(hdma);
 762:Inc/STM32F3xx_HAL_Driver/Src/stm32f3xx_hal_dma.c **** 
 763:Inc/STM32F3xx_HAL_Driver/Src/stm32f3xx_hal_dma.c ****   return status;
 764:Inc/STM32F3xx_HAL_Driver/Src/stm32f3xx_hal_dma.c **** }
 765:Inc/STM32F3xx_HAL_Driver/Src/stm32f3xx_hal_dma.c **** 
 766:Inc/STM32F3xx_HAL_Driver/Src/stm32f3xx_hal_dma.c **** /**
 767:Inc/STM32F3xx_HAL_Driver/Src/stm32f3xx_hal_dma.c ****   * @}
 768:Inc/STM32F3xx_HAL_Driver/Src/stm32f3xx_hal_dma.c ****   */
 769:Inc/STM32F3xx_HAL_Driver/Src/stm32f3xx_hal_dma.c **** 
 770:Inc/STM32F3xx_HAL_Driver/Src/stm32f3xx_hal_dma.c **** /** @defgroup DMA_Exported_Functions_Group3 Peripheral State functions
 771:Inc/STM32F3xx_HAL_Driver/Src/stm32f3xx_hal_dma.c ****  *  @brief    Peripheral State functions
ARM GAS  /tmp/ccoHJQE2.s 			page 15


 772:Inc/STM32F3xx_HAL_Driver/Src/stm32f3xx_hal_dma.c ****  *
 773:Inc/STM32F3xx_HAL_Driver/Src/stm32f3xx_hal_dma.c **** @verbatim
 774:Inc/STM32F3xx_HAL_Driver/Src/stm32f3xx_hal_dma.c ****  ===============================================================================
 775:Inc/STM32F3xx_HAL_Driver/Src/stm32f3xx_hal_dma.c ****                     ##### State and Errors functions #####
 776:Inc/STM32F3xx_HAL_Driver/Src/stm32f3xx_hal_dma.c ****  ===============================================================================
 777:Inc/STM32F3xx_HAL_Driver/Src/stm32f3xx_hal_dma.c ****     [..]
 778:Inc/STM32F3xx_HAL_Driver/Src/stm32f3xx_hal_dma.c ****     This subsection provides functions allowing to
 779:Inc/STM32F3xx_HAL_Driver/Src/stm32f3xx_hal_dma.c ****       (+) Check the DMA state
 780:Inc/STM32F3xx_HAL_Driver/Src/stm32f3xx_hal_dma.c ****       (+) Get error code
 781:Inc/STM32F3xx_HAL_Driver/Src/stm32f3xx_hal_dma.c **** 
 782:Inc/STM32F3xx_HAL_Driver/Src/stm32f3xx_hal_dma.c **** @endverbatim
 783:Inc/STM32F3xx_HAL_Driver/Src/stm32f3xx_hal_dma.c ****   * @{
 784:Inc/STM32F3xx_HAL_Driver/Src/stm32f3xx_hal_dma.c ****   */
 785:Inc/STM32F3xx_HAL_Driver/Src/stm32f3xx_hal_dma.c **** 
 786:Inc/STM32F3xx_HAL_Driver/Src/stm32f3xx_hal_dma.c **** /**
 787:Inc/STM32F3xx_HAL_Driver/Src/stm32f3xx_hal_dma.c ****   * @brief  Returns the DMA state.
 788:Inc/STM32F3xx_HAL_Driver/Src/stm32f3xx_hal_dma.c ****   * @param  hdma pointer to a DMA_HandleTypeDef structure that contains
 789:Inc/STM32F3xx_HAL_Driver/Src/stm32f3xx_hal_dma.c ****   *               the configuration information for the specified DMA Channel.
 790:Inc/STM32F3xx_HAL_Driver/Src/stm32f3xx_hal_dma.c ****   * @retval HAL state
 791:Inc/STM32F3xx_HAL_Driver/Src/stm32f3xx_hal_dma.c ****   */
 792:Inc/STM32F3xx_HAL_Driver/Src/stm32f3xx_hal_dma.c **** HAL_DMA_StateTypeDef HAL_DMA_GetState(DMA_HandleTypeDef *hdma)
 793:Inc/STM32F3xx_HAL_Driver/Src/stm32f3xx_hal_dma.c **** {
 794:Inc/STM32F3xx_HAL_Driver/Src/stm32f3xx_hal_dma.c ****   return hdma->State;
 795:Inc/STM32F3xx_HAL_Driver/Src/stm32f3xx_hal_dma.c **** }
 796:Inc/STM32F3xx_HAL_Driver/Src/stm32f3xx_hal_dma.c **** 
 797:Inc/STM32F3xx_HAL_Driver/Src/stm32f3xx_hal_dma.c **** /**
 798:Inc/STM32F3xx_HAL_Driver/Src/stm32f3xx_hal_dma.c ****   * @brief  Return the DMA error code
 799:Inc/STM32F3xx_HAL_Driver/Src/stm32f3xx_hal_dma.c ****   * @param  hdma pointer to a DMA_HandleTypeDef structure that contains
 800:Inc/STM32F3xx_HAL_Driver/Src/stm32f3xx_hal_dma.c ****   *              the configuration information for the specified DMA Channel.
 801:Inc/STM32F3xx_HAL_Driver/Src/stm32f3xx_hal_dma.c ****   * @retval DMA Error Code
 802:Inc/STM32F3xx_HAL_Driver/Src/stm32f3xx_hal_dma.c ****   */
 803:Inc/STM32F3xx_HAL_Driver/Src/stm32f3xx_hal_dma.c **** uint32_t HAL_DMA_GetError(DMA_HandleTypeDef *hdma)
 804:Inc/STM32F3xx_HAL_Driver/Src/stm32f3xx_hal_dma.c **** {
 805:Inc/STM32F3xx_HAL_Driver/Src/stm32f3xx_hal_dma.c ****   return hdma->ErrorCode;
 806:Inc/STM32F3xx_HAL_Driver/Src/stm32f3xx_hal_dma.c **** }
 807:Inc/STM32F3xx_HAL_Driver/Src/stm32f3xx_hal_dma.c **** 
 808:Inc/STM32F3xx_HAL_Driver/Src/stm32f3xx_hal_dma.c **** /**
 809:Inc/STM32F3xx_HAL_Driver/Src/stm32f3xx_hal_dma.c ****   * @}
 810:Inc/STM32F3xx_HAL_Driver/Src/stm32f3xx_hal_dma.c ****   */
 811:Inc/STM32F3xx_HAL_Driver/Src/stm32f3xx_hal_dma.c **** 
 812:Inc/STM32F3xx_HAL_Driver/Src/stm32f3xx_hal_dma.c **** /**
 813:Inc/STM32F3xx_HAL_Driver/Src/stm32f3xx_hal_dma.c ****   * @}
 814:Inc/STM32F3xx_HAL_Driver/Src/stm32f3xx_hal_dma.c ****   */
 815:Inc/STM32F3xx_HAL_Driver/Src/stm32f3xx_hal_dma.c **** 
 816:Inc/STM32F3xx_HAL_Driver/Src/stm32f3xx_hal_dma.c **** /** @addtogroup DMA_Private_Functions
 817:Inc/STM32F3xx_HAL_Driver/Src/stm32f3xx_hal_dma.c ****   * @{
 818:Inc/STM32F3xx_HAL_Driver/Src/stm32f3xx_hal_dma.c ****   */
 819:Inc/STM32F3xx_HAL_Driver/Src/stm32f3xx_hal_dma.c **** 
 820:Inc/STM32F3xx_HAL_Driver/Src/stm32f3xx_hal_dma.c **** /**
 821:Inc/STM32F3xx_HAL_Driver/Src/stm32f3xx_hal_dma.c ****   * @brief  Set the DMA Transfer parameters.
 822:Inc/STM32F3xx_HAL_Driver/Src/stm32f3xx_hal_dma.c ****   * @param  hdma       pointer to a DMA_HandleTypeDef structure that contains
 823:Inc/STM32F3xx_HAL_Driver/Src/stm32f3xx_hal_dma.c ****   *                     the configuration information for the specified DMA Channel.
 824:Inc/STM32F3xx_HAL_Driver/Src/stm32f3xx_hal_dma.c ****   * @param  SrcAddress The source memory Buffer address
 825:Inc/STM32F3xx_HAL_Driver/Src/stm32f3xx_hal_dma.c ****   * @param  DstAddress The destination memory Buffer address
 826:Inc/STM32F3xx_HAL_Driver/Src/stm32f3xx_hal_dma.c ****   * @param  DataLength The length of data to be transferred from source to destination
 827:Inc/STM32F3xx_HAL_Driver/Src/stm32f3xx_hal_dma.c ****   * @retval HAL status
 828:Inc/STM32F3xx_HAL_Driver/Src/stm32f3xx_hal_dma.c ****   */
ARM GAS  /tmp/ccoHJQE2.s 			page 16


 829:Inc/STM32F3xx_HAL_Driver/Src/stm32f3xx_hal_dma.c **** static void DMA_SetConfig(DMA_HandleTypeDef *hdma, uint32_t SrcAddress, uint32_t DstAddress, uint32
 830:Inc/STM32F3xx_HAL_Driver/Src/stm32f3xx_hal_dma.c **** {
  29              		.loc 1 830 1 view -0
  30              		.cfi_startproc
  31              		@ args = 0, pretend = 0, frame = 0
  32              		@ frame_needed = 0, uses_anonymous_args = 0
  33              		@ link register save eliminated.
  34              		.loc 1 830 1 is_stmt 0 view .LVU1
  35 0000 30B4     		push	{r4, r5}
  36              		.cfi_def_cfa_offset 8
  37              		.cfi_offset 4, -8
  38              		.cfi_offset 5, -4
 831:Inc/STM32F3xx_HAL_Driver/Src/stm32f3xx_hal_dma.c ****   /* Clear all flags */
 832:Inc/STM32F3xx_HAL_Driver/Src/stm32f3xx_hal_dma.c ****   hdma->DmaBaseAddress->IFCR  = (DMA_FLAG_GL1 << hdma->ChannelIndex);
  39              		.loc 1 832 3 is_stmt 1 view .LVU2
  40              		.loc 1 832 47 is_stmt 0 view .LVU3
  41 0002 0124     		movs	r4, #1
  42 0004 056C     		ldr	r5, [r0, #64]
  43 0006 AC40     		lsls	r4, r4, r5
  44              		.loc 1 832 31 view .LVU4
  45 0008 C56B     		ldr	r5, [r0, #60]
  46 000a 6C60     		str	r4, [r5, #4]
 833:Inc/STM32F3xx_HAL_Driver/Src/stm32f3xx_hal_dma.c **** 
 834:Inc/STM32F3xx_HAL_Driver/Src/stm32f3xx_hal_dma.c ****   /* Configure DMA Channel data length */
 835:Inc/STM32F3xx_HAL_Driver/Src/stm32f3xx_hal_dma.c ****   hdma->Instance->CNDTR = DataLength;
  47              		.loc 1 835 3 is_stmt 1 view .LVU5
  48              		.loc 1 835 7 is_stmt 0 view .LVU6
  49 000c 0468     		ldr	r4, [r0]
  50              		.loc 1 835 25 view .LVU7
  51 000e 6360     		str	r3, [r4, #4]
 836:Inc/STM32F3xx_HAL_Driver/Src/stm32f3xx_hal_dma.c **** 
 837:Inc/STM32F3xx_HAL_Driver/Src/stm32f3xx_hal_dma.c ****   /* Peripheral to Memory */
 838:Inc/STM32F3xx_HAL_Driver/Src/stm32f3xx_hal_dma.c ****   if((hdma->Init.Direction) == DMA_MEMORY_TO_PERIPH)
  52              		.loc 1 838 3 is_stmt 1 view .LVU8
  53              		.loc 1 838 17 is_stmt 0 view .LVU9
  54 0010 4368     		ldr	r3, [r0, #4]
  55              	.LVL1:
  56              		.loc 1 838 5 view .LVU10
  57 0012 102B     		cmp	r3, #16
  58 0014 05D0     		beq	.L5
 839:Inc/STM32F3xx_HAL_Driver/Src/stm32f3xx_hal_dma.c ****   {
 840:Inc/STM32F3xx_HAL_Driver/Src/stm32f3xx_hal_dma.c ****     /* Configure DMA Channel destination address */
 841:Inc/STM32F3xx_HAL_Driver/Src/stm32f3xx_hal_dma.c ****     hdma->Instance->CPAR = DstAddress;
 842:Inc/STM32F3xx_HAL_Driver/Src/stm32f3xx_hal_dma.c **** 
 843:Inc/STM32F3xx_HAL_Driver/Src/stm32f3xx_hal_dma.c ****     /* Configure DMA Channel source address */
 844:Inc/STM32F3xx_HAL_Driver/Src/stm32f3xx_hal_dma.c ****     hdma->Instance->CMAR = SrcAddress;
 845:Inc/STM32F3xx_HAL_Driver/Src/stm32f3xx_hal_dma.c ****   }
 846:Inc/STM32F3xx_HAL_Driver/Src/stm32f3xx_hal_dma.c ****   /* Memory to Peripheral */
 847:Inc/STM32F3xx_HAL_Driver/Src/stm32f3xx_hal_dma.c ****   else
 848:Inc/STM32F3xx_HAL_Driver/Src/stm32f3xx_hal_dma.c ****   {
 849:Inc/STM32F3xx_HAL_Driver/Src/stm32f3xx_hal_dma.c ****     /* Configure DMA Channel source address */
 850:Inc/STM32F3xx_HAL_Driver/Src/stm32f3xx_hal_dma.c ****     hdma->Instance->CPAR = SrcAddress;
  59              		.loc 1 850 5 is_stmt 1 view .LVU11
  60              		.loc 1 850 9 is_stmt 0 view .LVU12
  61 0016 0368     		ldr	r3, [r0]
  62              		.loc 1 850 26 view .LVU13
  63 0018 9960     		str	r1, [r3, #8]
ARM GAS  /tmp/ccoHJQE2.s 			page 17


  64              	.LVL2:
 851:Inc/STM32F3xx_HAL_Driver/Src/stm32f3xx_hal_dma.c **** 
 852:Inc/STM32F3xx_HAL_Driver/Src/stm32f3xx_hal_dma.c ****     /* Configure DMA Channel destination address */
 853:Inc/STM32F3xx_HAL_Driver/Src/stm32f3xx_hal_dma.c ****     hdma->Instance->CMAR = DstAddress;
  65              		.loc 1 853 5 is_stmt 1 view .LVU14
  66              		.loc 1 853 9 is_stmt 0 view .LVU15
  67 001a 0368     		ldr	r3, [r0]
  68              		.loc 1 853 26 view .LVU16
  69 001c DA60     		str	r2, [r3, #12]
  70              	.L1:
 854:Inc/STM32F3xx_HAL_Driver/Src/stm32f3xx_hal_dma.c ****   }
 855:Inc/STM32F3xx_HAL_Driver/Src/stm32f3xx_hal_dma.c **** }
  71              		.loc 1 855 1 view .LVU17
  72 001e 30BC     		pop	{r4, r5}
  73              		.cfi_remember_state
  74              		.cfi_restore 5
  75              		.cfi_restore 4
  76              		.cfi_def_cfa_offset 0
  77 0020 7047     		bx	lr
  78              	.LVL3:
  79              	.L5:
  80              		.cfi_restore_state
 841:Inc/STM32F3xx_HAL_Driver/Src/stm32f3xx_hal_dma.c **** 
  81              		.loc 1 841 5 is_stmt 1 view .LVU18
 841:Inc/STM32F3xx_HAL_Driver/Src/stm32f3xx_hal_dma.c **** 
  82              		.loc 1 841 9 is_stmt 0 view .LVU19
  83 0022 0368     		ldr	r3, [r0]
 841:Inc/STM32F3xx_HAL_Driver/Src/stm32f3xx_hal_dma.c **** 
  84              		.loc 1 841 26 view .LVU20
  85 0024 9A60     		str	r2, [r3, #8]
  86              	.LVL4:
 844:Inc/STM32F3xx_HAL_Driver/Src/stm32f3xx_hal_dma.c ****   }
  87              		.loc 1 844 5 is_stmt 1 view .LVU21
 844:Inc/STM32F3xx_HAL_Driver/Src/stm32f3xx_hal_dma.c ****   }
  88              		.loc 1 844 9 is_stmt 0 view .LVU22
  89 0026 0368     		ldr	r3, [r0]
 844:Inc/STM32F3xx_HAL_Driver/Src/stm32f3xx_hal_dma.c ****   }
  90              		.loc 1 844 26 view .LVU23
  91 0028 D960     		str	r1, [r3, #12]
  92 002a F8E7     		b	.L1
  93              		.cfi_endproc
  94              	.LFE142:
  96              		.section	.text.DMA_CalcBaseAndBitshift,"ax",%progbits
  97              		.align	1
  98              		.syntax unified
  99              		.thumb
 100              		.thumb_func
 102              	DMA_CalcBaseAndBitshift:
 103              	.LVL5:
 104              	.LFB143:
 856:Inc/STM32F3xx_HAL_Driver/Src/stm32f3xx_hal_dma.c **** 
 857:Inc/STM32F3xx_HAL_Driver/Src/stm32f3xx_hal_dma.c **** /**
 858:Inc/STM32F3xx_HAL_Driver/Src/stm32f3xx_hal_dma.c ****   * @brief  Set the DMA base address and channel index depending on DMA instance
 859:Inc/STM32F3xx_HAL_Driver/Src/stm32f3xx_hal_dma.c ****   * @param  hdma       pointer to a DMA_HandleTypeDef structure that contains
 860:Inc/STM32F3xx_HAL_Driver/Src/stm32f3xx_hal_dma.c ****   *                     the configuration information for the specified DMA Stream.
 861:Inc/STM32F3xx_HAL_Driver/Src/stm32f3xx_hal_dma.c ****   * @retval None
 862:Inc/STM32F3xx_HAL_Driver/Src/stm32f3xx_hal_dma.c ****   */
ARM GAS  /tmp/ccoHJQE2.s 			page 18


 863:Inc/STM32F3xx_HAL_Driver/Src/stm32f3xx_hal_dma.c **** static void DMA_CalcBaseAndBitshift(DMA_HandleTypeDef *hdma)
 864:Inc/STM32F3xx_HAL_Driver/Src/stm32f3xx_hal_dma.c **** {
 105              		.loc 1 864 1 is_stmt 1 view -0
 106              		.cfi_startproc
 107              		@ args = 0, pretend = 0, frame = 0
 108              		@ frame_needed = 0, uses_anonymous_args = 0
 109              		@ link register save eliminated.
 865:Inc/STM32F3xx_HAL_Driver/Src/stm32f3xx_hal_dma.c **** #if defined (DMA2)
 866:Inc/STM32F3xx_HAL_Driver/Src/stm32f3xx_hal_dma.c ****   /* calculation of the channel index */
 867:Inc/STM32F3xx_HAL_Driver/Src/stm32f3xx_hal_dma.c ****   if ((uint32_t)(hdma->Instance) < (uint32_t)(DMA2_Channel1))
 110              		.loc 1 867 3 view .LVU25
 111              		.loc 1 867 22 is_stmt 0 view .LVU26
 112 0000 0268     		ldr	r2, [r0]
 113              		.loc 1 867 6 view .LVU27
 114 0002 0C4B     		ldr	r3, .L9
 115 0004 9A42     		cmp	r2, r3
 116 0006 0AD8     		bhi	.L7
 868:Inc/STM32F3xx_HAL_Driver/Src/stm32f3xx_hal_dma.c ****   {
 869:Inc/STM32F3xx_HAL_Driver/Src/stm32f3xx_hal_dma.c ****     /* DMA1 */
 870:Inc/STM32F3xx_HAL_Driver/Src/stm32f3xx_hal_dma.c ****     hdma->ChannelIndex = (((uint32_t)hdma->Instance - (uint32_t)DMA1_Channel1) / ((uint32_t)DMA1_Ch
 117              		.loc 1 870 5 is_stmt 1 view .LVU28
 118              		.loc 1 870 53 is_stmt 0 view .LVU29
 119 0008 0B4B     		ldr	r3, .L9+4
 120 000a 1344     		add	r3, r3, r2
 121              		.loc 1 870 80 view .LVU30
 122 000c 0B4A     		ldr	r2, .L9+8
 123 000e A2FB0323 		umull	r2, r3, r2, r3
 124 0012 1B09     		lsrs	r3, r3, #4
 125              		.loc 1 870 135 view .LVU31
 126 0014 9B00     		lsls	r3, r3, #2
 127              		.loc 1 870 24 view .LVU32
 128 0016 0364     		str	r3, [r0, #64]
 871:Inc/STM32F3xx_HAL_Driver/Src/stm32f3xx_hal_dma.c ****     hdma->DmaBaseAddress = DMA1;
 129              		.loc 1 871 5 is_stmt 1 view .LVU33
 130              		.loc 1 871 26 is_stmt 0 view .LVU34
 131 0018 094B     		ldr	r3, .L9+12
 132 001a C363     		str	r3, [r0, #60]
 133 001c 7047     		bx	lr
 134              	.L7:
 872:Inc/STM32F3xx_HAL_Driver/Src/stm32f3xx_hal_dma.c ****   }
 873:Inc/STM32F3xx_HAL_Driver/Src/stm32f3xx_hal_dma.c ****   else
 874:Inc/STM32F3xx_HAL_Driver/Src/stm32f3xx_hal_dma.c ****   {
 875:Inc/STM32F3xx_HAL_Driver/Src/stm32f3xx_hal_dma.c ****     /* DMA2 */
 876:Inc/STM32F3xx_HAL_Driver/Src/stm32f3xx_hal_dma.c ****     hdma->ChannelIndex = (((uint32_t)hdma->Instance - (uint32_t)DMA2_Channel1) / ((uint32_t)DMA2_Ch
 135              		.loc 1 876 5 is_stmt 1 view .LVU35
 136              		.loc 1 876 53 is_stmt 0 view .LVU36
 137 001e 094B     		ldr	r3, .L9+16
 138 0020 1344     		add	r3, r3, r2
 139              		.loc 1 876 80 view .LVU37
 140 0022 064A     		ldr	r2, .L9+8
 141 0024 A2FB0323 		umull	r2, r3, r2, r3
 142 0028 1B09     		lsrs	r3, r3, #4
 143              		.loc 1 876 135 view .LVU38
 144 002a 9B00     		lsls	r3, r3, #2
 145              		.loc 1 876 24 view .LVU39
 146 002c 0364     		str	r3, [r0, #64]
 877:Inc/STM32F3xx_HAL_Driver/Src/stm32f3xx_hal_dma.c ****     hdma->DmaBaseAddress = DMA2;
ARM GAS  /tmp/ccoHJQE2.s 			page 19


 147              		.loc 1 877 5 is_stmt 1 view .LVU40
 148              		.loc 1 877 26 is_stmt 0 view .LVU41
 149 002e 064B     		ldr	r3, .L9+20
 150 0030 C363     		str	r3, [r0, #60]
 878:Inc/STM32F3xx_HAL_Driver/Src/stm32f3xx_hal_dma.c ****   }
 879:Inc/STM32F3xx_HAL_Driver/Src/stm32f3xx_hal_dma.c **** #else
 880:Inc/STM32F3xx_HAL_Driver/Src/stm32f3xx_hal_dma.c ****   /* calculation of the channel index */
 881:Inc/STM32F3xx_HAL_Driver/Src/stm32f3xx_hal_dma.c ****   /* DMA1 */
 882:Inc/STM32F3xx_HAL_Driver/Src/stm32f3xx_hal_dma.c ****   hdma->ChannelIndex = (((uint32_t)hdma->Instance - (uint32_t)DMA1_Channel1) / ((uint32_t)DMA1_Chan
 883:Inc/STM32F3xx_HAL_Driver/Src/stm32f3xx_hal_dma.c ****   hdma->DmaBaseAddress = DMA1;
 884:Inc/STM32F3xx_HAL_Driver/Src/stm32f3xx_hal_dma.c **** #endif
 885:Inc/STM32F3xx_HAL_Driver/Src/stm32f3xx_hal_dma.c **** }
 151              		.loc 1 885 1 view .LVU42
 152 0032 7047     		bx	lr
 153              	.L10:
 154              		.align	2
 155              	.L9:
 156 0034 07040240 		.word	1073873927
 157 0038 F8FFFDBF 		.word	-1073872904
 158 003c CDCCCCCC 		.word	-858993459
 159 0040 00000240 		.word	1073872896
 160 0044 F8FBFDBF 		.word	-1073873928
 161 0048 00040240 		.word	1073873920
 162              		.cfi_endproc
 163              	.LFE143:
 165              		.section	.text.HAL_DMA_Init,"ax",%progbits
 166              		.align	1
 167              		.global	HAL_DMA_Init
 168              		.syntax unified
 169              		.thumb
 170              		.thumb_func
 172              	HAL_DMA_Init:
 173              	.LVL6:
 174              	.LFB130:
 137:Inc/STM32F3xx_HAL_Driver/Src/stm32f3xx_hal_dma.c ****   uint32_t tmp = 0U;
 175              		.loc 1 137 1 is_stmt 1 view -0
 176              		.cfi_startproc
 177              		@ args = 0, pretend = 0, frame = 0
 178              		@ frame_needed = 0, uses_anonymous_args = 0
 138:Inc/STM32F3xx_HAL_Driver/Src/stm32f3xx_hal_dma.c **** 
 179              		.loc 1 138 3 view .LVU44
 141:Inc/STM32F3xx_HAL_Driver/Src/stm32f3xx_hal_dma.c ****   {
 180              		.loc 1 141 3 view .LVU45
 141:Inc/STM32F3xx_HAL_Driver/Src/stm32f3xx_hal_dma.c ****   {
 181              		.loc 1 141 5 is_stmt 0 view .LVU46
 182 0000 10B3     		cbz	r0, .L13
 137:Inc/STM32F3xx_HAL_Driver/Src/stm32f3xx_hal_dma.c ****   uint32_t tmp = 0U;
 183              		.loc 1 137 1 view .LVU47
 184 0002 10B5     		push	{r4, lr}
 185              		.cfi_def_cfa_offset 8
 186              		.cfi_offset 4, -8
 187              		.cfi_offset 14, -4
 188 0004 0446     		mov	r4, r0
 147:Inc/STM32F3xx_HAL_Driver/Src/stm32f3xx_hal_dma.c ****   assert_param(IS_DMA_DIRECTION(hdma->Init.Direction));
 189              		.loc 1 147 3 is_stmt 1 view .LVU48
 148:Inc/STM32F3xx_HAL_Driver/Src/stm32f3xx_hal_dma.c ****   assert_param(IS_DMA_PERIPHERAL_INC_STATE(hdma->Init.PeriphInc));
 190              		.loc 1 148 3 view .LVU49
ARM GAS  /tmp/ccoHJQE2.s 			page 20


 149:Inc/STM32F3xx_HAL_Driver/Src/stm32f3xx_hal_dma.c ****   assert_param(IS_DMA_MEMORY_INC_STATE(hdma->Init.MemInc));
 191              		.loc 1 149 3 view .LVU50
 150:Inc/STM32F3xx_HAL_Driver/Src/stm32f3xx_hal_dma.c ****   assert_param(IS_DMA_PERIPHERAL_DATA_SIZE(hdma->Init.PeriphDataAlignment));
 192              		.loc 1 150 3 view .LVU51
 151:Inc/STM32F3xx_HAL_Driver/Src/stm32f3xx_hal_dma.c ****   assert_param(IS_DMA_MEMORY_DATA_SIZE(hdma->Init.MemDataAlignment));
 193              		.loc 1 151 3 view .LVU52
 152:Inc/STM32F3xx_HAL_Driver/Src/stm32f3xx_hal_dma.c ****   assert_param(IS_DMA_MODE(hdma->Init.Mode));
 194              		.loc 1 152 3 view .LVU53
 153:Inc/STM32F3xx_HAL_Driver/Src/stm32f3xx_hal_dma.c ****   assert_param(IS_DMA_PRIORITY(hdma->Init.Priority));
 195              		.loc 1 153 3 view .LVU54
 154:Inc/STM32F3xx_HAL_Driver/Src/stm32f3xx_hal_dma.c **** 
 196              		.loc 1 154 3 view .LVU55
 157:Inc/STM32F3xx_HAL_Driver/Src/stm32f3xx_hal_dma.c **** 
 197              		.loc 1 157 3 view .LVU56
 157:Inc/STM32F3xx_HAL_Driver/Src/stm32f3xx_hal_dma.c **** 
 198              		.loc 1 157 15 is_stmt 0 view .LVU57
 199 0006 0223     		movs	r3, #2
 200 0008 80F82130 		strb	r3, [r0, #33]
 160:Inc/STM32F3xx_HAL_Driver/Src/stm32f3xx_hal_dma.c **** 
 201              		.loc 1 160 3 is_stmt 1 view .LVU58
 160:Inc/STM32F3xx_HAL_Driver/Src/stm32f3xx_hal_dma.c **** 
 202              		.loc 1 160 13 is_stmt 0 view .LVU59
 203 000c 0168     		ldr	r1, [r0]
 160:Inc/STM32F3xx_HAL_Driver/Src/stm32f3xx_hal_dma.c **** 
 204              		.loc 1 160 7 view .LVU60
 205 000e 0A68     		ldr	r2, [r1]
 206              	.LVL7:
 163:Inc/STM32F3xx_HAL_Driver/Src/stm32f3xx_hal_dma.c ****                       DMA_CCR_MINC  | DMA_CCR_PINC   | DMA_CCR_CIRC   | \
 207              		.loc 1 163 3 is_stmt 1 view .LVU61
 163:Inc/STM32F3xx_HAL_Driver/Src/stm32f3xx_hal_dma.c ****                       DMA_CCR_MINC  | DMA_CCR_PINC   | DMA_CCR_CIRC   | \
 208              		.loc 1 163 7 is_stmt 0 view .LVU62
 209 0010 6FF30D12 		bfc	r2, #4, #10
 210              	.LVL8:
 168:Inc/STM32F3xx_HAL_Driver/Src/stm32f3xx_hal_dma.c ****           hdma->Init.PeriphInc           | hdma->Init.MemInc           |
 211              		.loc 1 168 3 is_stmt 1 view .LVU63
 168:Inc/STM32F3xx_HAL_Driver/Src/stm32f3xx_hal_dma.c ****           hdma->Init.PeriphInc           | hdma->Init.MemInc           |
 212              		.loc 1 168 21 is_stmt 0 view .LVU64
 213 0014 4368     		ldr	r3, [r0, #4]
 169:Inc/STM32F3xx_HAL_Driver/Src/stm32f3xx_hal_dma.c ****           hdma->Init.PeriphDataAlignment | hdma->Init.MemDataAlignment |
 214              		.loc 1 169 21 view .LVU65
 215 0016 8068     		ldr	r0, [r0, #8]
 216              	.LVL9:
 168:Inc/STM32F3xx_HAL_Driver/Src/stm32f3xx_hal_dma.c ****           hdma->Init.PeriphInc           | hdma->Init.MemInc           |
 217              		.loc 1 168 39 view .LVU66
 218 0018 0343     		orrs	r3, r3, r0
 169:Inc/STM32F3xx_HAL_Driver/Src/stm32f3xx_hal_dma.c ****           hdma->Init.PeriphDataAlignment | hdma->Init.MemDataAlignment |
 219              		.loc 1 169 54 view .LVU67
 220 001a E068     		ldr	r0, [r4, #12]
 169:Inc/STM32F3xx_HAL_Driver/Src/stm32f3xx_hal_dma.c ****           hdma->Init.PeriphDataAlignment | hdma->Init.MemDataAlignment |
 221              		.loc 1 169 42 view .LVU68
 222 001c 0343     		orrs	r3, r3, r0
 170:Inc/STM32F3xx_HAL_Driver/Src/stm32f3xx_hal_dma.c ****           hdma->Init.Mode                | hdma->Init.Priority;
 223              		.loc 1 170 21 view .LVU69
 224 001e 2069     		ldr	r0, [r4, #16]
 169:Inc/STM32F3xx_HAL_Driver/Src/stm32f3xx_hal_dma.c ****           hdma->Init.PeriphDataAlignment | hdma->Init.MemDataAlignment |
 225              		.loc 1 169 72 view .LVU70
 226 0020 0343     		orrs	r3, r3, r0
ARM GAS  /tmp/ccoHJQE2.s 			page 21


 170:Inc/STM32F3xx_HAL_Driver/Src/stm32f3xx_hal_dma.c ****           hdma->Init.Mode                | hdma->Init.Priority;
 227              		.loc 1 170 54 view .LVU71
 228 0022 6069     		ldr	r0, [r4, #20]
 170:Inc/STM32F3xx_HAL_Driver/Src/stm32f3xx_hal_dma.c ****           hdma->Init.Mode                | hdma->Init.Priority;
 229              		.loc 1 170 42 view .LVU72
 230 0024 0343     		orrs	r3, r3, r0
 171:Inc/STM32F3xx_HAL_Driver/Src/stm32f3xx_hal_dma.c **** 
 231              		.loc 1 171 21 view .LVU73
 232 0026 A069     		ldr	r0, [r4, #24]
 170:Inc/STM32F3xx_HAL_Driver/Src/stm32f3xx_hal_dma.c ****           hdma->Init.Mode                | hdma->Init.Priority;
 233              		.loc 1 170 72 view .LVU74
 234 0028 0343     		orrs	r3, r3, r0
 171:Inc/STM32F3xx_HAL_Driver/Src/stm32f3xx_hal_dma.c **** 
 235              		.loc 1 171 54 view .LVU75
 236 002a E069     		ldr	r0, [r4, #28]
 171:Inc/STM32F3xx_HAL_Driver/Src/stm32f3xx_hal_dma.c **** 
 237              		.loc 1 171 42 view .LVU76
 238 002c 0343     		orrs	r3, r3, r0
 168:Inc/STM32F3xx_HAL_Driver/Src/stm32f3xx_hal_dma.c ****           hdma->Init.PeriphInc           | hdma->Init.MemInc           |
 239              		.loc 1 168 7 view .LVU77
 240 002e 1343     		orrs	r3, r3, r2
 241              	.LVL10:
 174:Inc/STM32F3xx_HAL_Driver/Src/stm32f3xx_hal_dma.c **** 
 242              		.loc 1 174 3 is_stmt 1 view .LVU78
 174:Inc/STM32F3xx_HAL_Driver/Src/stm32f3xx_hal_dma.c **** 
 243              		.loc 1 174 23 is_stmt 0 view .LVU79
 244 0030 0B60     		str	r3, [r1]
 178:Inc/STM32F3xx_HAL_Driver/Src/stm32f3xx_hal_dma.c **** 
 245              		.loc 1 178 3 is_stmt 1 view .LVU80
 246 0032 2046     		mov	r0, r4
 247 0034 FFF7FEFF 		bl	DMA_CalcBaseAndBitshift
 248              	.LVL11:
 181:Inc/STM32F3xx_HAL_Driver/Src/stm32f3xx_hal_dma.c **** 
 249              		.loc 1 181 3 view .LVU81
 181:Inc/STM32F3xx_HAL_Driver/Src/stm32f3xx_hal_dma.c **** 
 250              		.loc 1 181 19 is_stmt 0 view .LVU82
 251 0038 0020     		movs	r0, #0
 252 003a A063     		str	r0, [r4, #56]
 184:Inc/STM32F3xx_HAL_Driver/Src/stm32f3xx_hal_dma.c **** 
 253              		.loc 1 184 3 is_stmt 1 view .LVU83
 184:Inc/STM32F3xx_HAL_Driver/Src/stm32f3xx_hal_dma.c **** 
 254              		.loc 1 184 15 is_stmt 0 view .LVU84
 255 003c 0123     		movs	r3, #1
 256 003e 84F82130 		strb	r3, [r4, #33]
 187:Inc/STM32F3xx_HAL_Driver/Src/stm32f3xx_hal_dma.c **** 
 257              		.loc 1 187 3 is_stmt 1 view .LVU85
 187:Inc/STM32F3xx_HAL_Driver/Src/stm32f3xx_hal_dma.c **** 
 258              		.loc 1 187 14 is_stmt 0 view .LVU86
 259 0042 84F82000 		strb	r0, [r4, #32]
 189:Inc/STM32F3xx_HAL_Driver/Src/stm32f3xx_hal_dma.c **** }
 260              		.loc 1 189 3 is_stmt 1 view .LVU87
 190:Inc/STM32F3xx_HAL_Driver/Src/stm32f3xx_hal_dma.c **** 
 261              		.loc 1 190 1 is_stmt 0 view .LVU88
 262 0046 10BD     		pop	{r4, pc}
 263              	.LVL12:
 264              	.L13:
 265              		.cfi_def_cfa_offset 0
ARM GAS  /tmp/ccoHJQE2.s 			page 22


 266              		.cfi_restore 4
 267              		.cfi_restore 14
 143:Inc/STM32F3xx_HAL_Driver/Src/stm32f3xx_hal_dma.c ****   }
 268              		.loc 1 143 12 view .LVU89
 269 0048 0120     		movs	r0, #1
 270              	.LVL13:
 190:Inc/STM32F3xx_HAL_Driver/Src/stm32f3xx_hal_dma.c **** 
 271              		.loc 1 190 1 view .LVU90
 272 004a 7047     		bx	lr
 273              		.cfi_endproc
 274              	.LFE130:
 276              		.section	.text.HAL_DMA_DeInit,"ax",%progbits
 277              		.align	1
 278              		.global	HAL_DMA_DeInit
 279              		.syntax unified
 280              		.thumb
 281              		.thumb_func
 283              	HAL_DMA_DeInit:
 284              	.LVL14:
 285              	.LFB131:
 199:Inc/STM32F3xx_HAL_Driver/Src/stm32f3xx_hal_dma.c ****   /* Check the DMA handle allocation */
 286              		.loc 1 199 1 is_stmt 1 view -0
 287              		.cfi_startproc
 288              		@ args = 0, pretend = 0, frame = 0
 289              		@ frame_needed = 0, uses_anonymous_args = 0
 201:Inc/STM32F3xx_HAL_Driver/Src/stm32f3xx_hal_dma.c ****   {
 290              		.loc 1 201 3 view .LVU92
 201:Inc/STM32F3xx_HAL_Driver/Src/stm32f3xx_hal_dma.c ****   {
 291              		.loc 1 201 5 is_stmt 0 view .LVU93
 292 0000 08B3     		cbz	r0, .L20
 199:Inc/STM32F3xx_HAL_Driver/Src/stm32f3xx_hal_dma.c ****   /* Check the DMA handle allocation */
 293              		.loc 1 199 1 view .LVU94
 294 0002 38B5     		push	{r3, r4, r5, lr}
 295              		.cfi_def_cfa_offset 16
 296              		.cfi_offset 3, -16
 297              		.cfi_offset 4, -12
 298              		.cfi_offset 5, -8
 299              		.cfi_offset 14, -4
 300 0004 0446     		mov	r4, r0
 207:Inc/STM32F3xx_HAL_Driver/Src/stm32f3xx_hal_dma.c **** 
 301              		.loc 1 207 3 is_stmt 1 view .LVU95
 210:Inc/STM32F3xx_HAL_Driver/Src/stm32f3xx_hal_dma.c **** 
 302              		.loc 1 210 3 view .LVU96
 210:Inc/STM32F3xx_HAL_Driver/Src/stm32f3xx_hal_dma.c **** 
 303              		.loc 1 210 7 is_stmt 0 view .LVU97
 304 0006 0268     		ldr	r2, [r0]
 210:Inc/STM32F3xx_HAL_Driver/Src/stm32f3xx_hal_dma.c **** 
 305              		.loc 1 210 17 view .LVU98
 306 0008 1368     		ldr	r3, [r2]
 210:Inc/STM32F3xx_HAL_Driver/Src/stm32f3xx_hal_dma.c **** 
 307              		.loc 1 210 23 view .LVU99
 308 000a 23F00103 		bic	r3, r3, #1
 309 000e 1360     		str	r3, [r2]
 213:Inc/STM32F3xx_HAL_Driver/Src/stm32f3xx_hal_dma.c **** 
 310              		.loc 1 213 3 is_stmt 1 view .LVU100
 213:Inc/STM32F3xx_HAL_Driver/Src/stm32f3xx_hal_dma.c **** 
 311              		.loc 1 213 7 is_stmt 0 view .LVU101
ARM GAS  /tmp/ccoHJQE2.s 			page 23


 312 0010 0368     		ldr	r3, [r0]
 213:Inc/STM32F3xx_HAL_Driver/Src/stm32f3xx_hal_dma.c **** 
 313              		.loc 1 213 24 view .LVU102
 314 0012 0025     		movs	r5, #0
 315 0014 1D60     		str	r5, [r3]
 216:Inc/STM32F3xx_HAL_Driver/Src/stm32f3xx_hal_dma.c **** 
 316              		.loc 1 216 3 is_stmt 1 view .LVU103
 216:Inc/STM32F3xx_HAL_Driver/Src/stm32f3xx_hal_dma.c **** 
 317              		.loc 1 216 7 is_stmt 0 view .LVU104
 318 0016 0368     		ldr	r3, [r0]
 216:Inc/STM32F3xx_HAL_Driver/Src/stm32f3xx_hal_dma.c **** 
 319              		.loc 1 216 25 view .LVU105
 320 0018 5D60     		str	r5, [r3, #4]
 219:Inc/STM32F3xx_HAL_Driver/Src/stm32f3xx_hal_dma.c **** 
 321              		.loc 1 219 3 is_stmt 1 view .LVU106
 219:Inc/STM32F3xx_HAL_Driver/Src/stm32f3xx_hal_dma.c **** 
 322              		.loc 1 219 7 is_stmt 0 view .LVU107
 323 001a 0368     		ldr	r3, [r0]
 219:Inc/STM32F3xx_HAL_Driver/Src/stm32f3xx_hal_dma.c **** 
 324              		.loc 1 219 25 view .LVU108
 325 001c 9D60     		str	r5, [r3, #8]
 222:Inc/STM32F3xx_HAL_Driver/Src/stm32f3xx_hal_dma.c **** 
 326              		.loc 1 222 3 is_stmt 1 view .LVU109
 222:Inc/STM32F3xx_HAL_Driver/Src/stm32f3xx_hal_dma.c **** 
 327              		.loc 1 222 7 is_stmt 0 view .LVU110
 328 001e 0368     		ldr	r3, [r0]
 222:Inc/STM32F3xx_HAL_Driver/Src/stm32f3xx_hal_dma.c **** 
 329              		.loc 1 222 24 view .LVU111
 330 0020 DD60     		str	r5, [r3, #12]
 225:Inc/STM32F3xx_HAL_Driver/Src/stm32f3xx_hal_dma.c **** 
 331              		.loc 1 225 3 is_stmt 1 view .LVU112
 332 0022 FFF7FEFF 		bl	DMA_CalcBaseAndBitshift
 333              	.LVL15:
 228:Inc/STM32F3xx_HAL_Driver/Src/stm32f3xx_hal_dma.c **** 
 334              		.loc 1 228 3 view .LVU113
 228:Inc/STM32F3xx_HAL_Driver/Src/stm32f3xx_hal_dma.c **** 
 335              		.loc 1 228 52 is_stmt 0 view .LVU114
 336 0026 216C     		ldr	r1, [r4, #64]
 228:Inc/STM32F3xx_HAL_Driver/Src/stm32f3xx_hal_dma.c **** 
 337              		.loc 1 228 7 view .LVU115
 338 0028 E26B     		ldr	r2, [r4, #60]
 228:Inc/STM32F3xx_HAL_Driver/Src/stm32f3xx_hal_dma.c **** 
 339              		.loc 1 228 45 view .LVU116
 340 002a 0123     		movs	r3, #1
 341 002c 8B40     		lsls	r3, r3, r1
 228:Inc/STM32F3xx_HAL_Driver/Src/stm32f3xx_hal_dma.c **** 
 342              		.loc 1 228 30 view .LVU117
 343 002e 5360     		str	r3, [r2, #4]
 231:Inc/STM32F3xx_HAL_Driver/Src/stm32f3xx_hal_dma.c ****   hdma->XferHalfCpltCallback = NULL;
 344              		.loc 1 231 3 is_stmt 1 view .LVU118
 231:Inc/STM32F3xx_HAL_Driver/Src/stm32f3xx_hal_dma.c ****   hdma->XferHalfCpltCallback = NULL;
 345              		.loc 1 231 26 is_stmt 0 view .LVU119
 346 0030 A562     		str	r5, [r4, #40]
 232:Inc/STM32F3xx_HAL_Driver/Src/stm32f3xx_hal_dma.c ****   hdma->XferErrorCallback = NULL;
 347              		.loc 1 232 3 is_stmt 1 view .LVU120
 232:Inc/STM32F3xx_HAL_Driver/Src/stm32f3xx_hal_dma.c ****   hdma->XferErrorCallback = NULL;
 348              		.loc 1 232 30 is_stmt 0 view .LVU121
ARM GAS  /tmp/ccoHJQE2.s 			page 24


 349 0032 E562     		str	r5, [r4, #44]
 233:Inc/STM32F3xx_HAL_Driver/Src/stm32f3xx_hal_dma.c ****   hdma->XferAbortCallback = NULL;
 350              		.loc 1 233 3 is_stmt 1 view .LVU122
 233:Inc/STM32F3xx_HAL_Driver/Src/stm32f3xx_hal_dma.c ****   hdma->XferAbortCallback = NULL;
 351              		.loc 1 233 27 is_stmt 0 view .LVU123
 352 0034 2563     		str	r5, [r4, #48]
 234:Inc/STM32F3xx_HAL_Driver/Src/stm32f3xx_hal_dma.c **** 
 353              		.loc 1 234 3 is_stmt 1 view .LVU124
 234:Inc/STM32F3xx_HAL_Driver/Src/stm32f3xx_hal_dma.c **** 
 354              		.loc 1 234 27 is_stmt 0 view .LVU125
 355 0036 6563     		str	r5, [r4, #52]
 237:Inc/STM32F3xx_HAL_Driver/Src/stm32f3xx_hal_dma.c **** 
 356              		.loc 1 237 3 is_stmt 1 view .LVU126
 237:Inc/STM32F3xx_HAL_Driver/Src/stm32f3xx_hal_dma.c **** 
 357              		.loc 1 237 19 is_stmt 0 view .LVU127
 358 0038 A563     		str	r5, [r4, #56]
 240:Inc/STM32F3xx_HAL_Driver/Src/stm32f3xx_hal_dma.c **** 
 359              		.loc 1 240 3 is_stmt 1 view .LVU128
 240:Inc/STM32F3xx_HAL_Driver/Src/stm32f3xx_hal_dma.c **** 
 360              		.loc 1 240 15 is_stmt 0 view .LVU129
 361 003a 84F82150 		strb	r5, [r4, #33]
 243:Inc/STM32F3xx_HAL_Driver/Src/stm32f3xx_hal_dma.c **** 
 362              		.loc 1 243 3 is_stmt 1 view .LVU130
 243:Inc/STM32F3xx_HAL_Driver/Src/stm32f3xx_hal_dma.c **** 
 363              		.loc 1 243 3 view .LVU131
 364 003e 84F82050 		strb	r5, [r4, #32]
 243:Inc/STM32F3xx_HAL_Driver/Src/stm32f3xx_hal_dma.c **** 
 365              		.loc 1 243 3 view .LVU132
 245:Inc/STM32F3xx_HAL_Driver/Src/stm32f3xx_hal_dma.c **** }
 366              		.loc 1 245 3 view .LVU133
 245:Inc/STM32F3xx_HAL_Driver/Src/stm32f3xx_hal_dma.c **** }
 367              		.loc 1 245 10 is_stmt 0 view .LVU134
 368 0042 2846     		mov	r0, r5
 246:Inc/STM32F3xx_HAL_Driver/Src/stm32f3xx_hal_dma.c **** 
 369              		.loc 1 246 1 view .LVU135
 370 0044 38BD     		pop	{r3, r4, r5, pc}
 371              	.LVL16:
 372              	.L20:
 373              		.cfi_def_cfa_offset 0
 374              		.cfi_restore 3
 375              		.cfi_restore 4
 376              		.cfi_restore 5
 377              		.cfi_restore 14
 203:Inc/STM32F3xx_HAL_Driver/Src/stm32f3xx_hal_dma.c ****   }
 378              		.loc 1 203 12 view .LVU136
 379 0046 0120     		movs	r0, #1
 380              	.LVL17:
 246:Inc/STM32F3xx_HAL_Driver/Src/stm32f3xx_hal_dma.c **** 
 381              		.loc 1 246 1 view .LVU137
 382 0048 7047     		bx	lr
 383              		.cfi_endproc
 384              	.LFE131:
 386              		.section	.text.HAL_DMA_Start,"ax",%progbits
 387              		.align	1
 388              		.global	HAL_DMA_Start
 389              		.syntax unified
 390              		.thumb
ARM GAS  /tmp/ccoHJQE2.s 			page 25


 391              		.thumb_func
 393              	HAL_DMA_Start:
 394              	.LVL18:
 395              	.LFB132:
 281:Inc/STM32F3xx_HAL_Driver/Src/stm32f3xx_hal_dma.c ****   HAL_StatusTypeDef status = HAL_OK;
 396              		.loc 1 281 1 is_stmt 1 view -0
 397              		.cfi_startproc
 398              		@ args = 0, pretend = 0, frame = 0
 399              		@ frame_needed = 0, uses_anonymous_args = 0
 281:Inc/STM32F3xx_HAL_Driver/Src/stm32f3xx_hal_dma.c ****   HAL_StatusTypeDef status = HAL_OK;
 400              		.loc 1 281 1 is_stmt 0 view .LVU139
 401 0000 70B5     		push	{r4, r5, r6, lr}
 402              		.cfi_def_cfa_offset 16
 403              		.cfi_offset 4, -16
 404              		.cfi_offset 5, -12
 405              		.cfi_offset 6, -8
 406              		.cfi_offset 14, -4
 407 0002 0446     		mov	r4, r0
 282:Inc/STM32F3xx_HAL_Driver/Src/stm32f3xx_hal_dma.c **** 
 408              		.loc 1 282 3 is_stmt 1 view .LVU140
 409              	.LVL19:
 285:Inc/STM32F3xx_HAL_Driver/Src/stm32f3xx_hal_dma.c **** 
 410              		.loc 1 285 3 view .LVU141
 288:Inc/STM32F3xx_HAL_Driver/Src/stm32f3xx_hal_dma.c **** 
 411              		.loc 1 288 3 view .LVU142
 288:Inc/STM32F3xx_HAL_Driver/Src/stm32f3xx_hal_dma.c **** 
 412              		.loc 1 288 3 view .LVU143
 413 0004 90F82000 		ldrb	r0, [r0, #32]	@ zero_extendqisi2
 414              	.LVL20:
 288:Inc/STM32F3xx_HAL_Driver/Src/stm32f3xx_hal_dma.c **** 
 415              		.loc 1 288 3 is_stmt 0 view .LVU144
 416 0008 0128     		cmp	r0, #1
 417 000a 1FD0     		beq	.L28
 288:Inc/STM32F3xx_HAL_Driver/Src/stm32f3xx_hal_dma.c **** 
 418              		.loc 1 288 3 is_stmt 1 discriminator 2 view .LVU145
 419 000c 0120     		movs	r0, #1
 420 000e 84F82000 		strb	r0, [r4, #32]
 288:Inc/STM32F3xx_HAL_Driver/Src/stm32f3xx_hal_dma.c **** 
 421              		.loc 1 288 3 view .LVU146
 290:Inc/STM32F3xx_HAL_Driver/Src/stm32f3xx_hal_dma.c ****   {
 422              		.loc 1 290 3 view .LVU147
 290:Inc/STM32F3xx_HAL_Driver/Src/stm32f3xx_hal_dma.c ****   {
 423              		.loc 1 290 33 is_stmt 0 view .LVU148
 424 0012 94F82100 		ldrb	r0, [r4, #33]	@ zero_extendqisi2
 290:Inc/STM32F3xx_HAL_Driver/Src/stm32f3xx_hal_dma.c ****   {
 425              		.loc 1 290 5 view .LVU149
 426 0016 0128     		cmp	r0, #1
 427 0018 04D0     		beq	.L30
 309:Inc/STM32F3xx_HAL_Driver/Src/stm32f3xx_hal_dma.c **** 
 428              		.loc 1 309 5 is_stmt 1 view .LVU150
 309:Inc/STM32F3xx_HAL_Driver/Src/stm32f3xx_hal_dma.c **** 
 429              		.loc 1 309 5 view .LVU151
 430 001a 0023     		movs	r3, #0
 431              	.LVL21:
 309:Inc/STM32F3xx_HAL_Driver/Src/stm32f3xx_hal_dma.c **** 
 432              		.loc 1 309 5 is_stmt 0 view .LVU152
 433 001c 84F82030 		strb	r3, [r4, #32]
ARM GAS  /tmp/ccoHJQE2.s 			page 26


 309:Inc/STM32F3xx_HAL_Driver/Src/stm32f3xx_hal_dma.c **** 
 434              		.loc 1 309 5 is_stmt 1 view .LVU153
 312:Inc/STM32F3xx_HAL_Driver/Src/stm32f3xx_hal_dma.c ****   }
 435              		.loc 1 312 5 view .LVU154
 436              	.LVL22:
 312:Inc/STM32F3xx_HAL_Driver/Src/stm32f3xx_hal_dma.c ****   }
 437              		.loc 1 312 12 is_stmt 0 view .LVU155
 438 0020 0220     		movs	r0, #2
 439              	.LVL23:
 440              	.L26:
 316:Inc/STM32F3xx_HAL_Driver/Src/stm32f3xx_hal_dma.c **** 
 441              		.loc 1 316 1 view .LVU156
 442 0022 70BD     		pop	{r4, r5, r6, pc}
 443              	.LVL24:
 444              	.L30:
 293:Inc/STM32F3xx_HAL_Driver/Src/stm32f3xx_hal_dma.c **** 
 445              		.loc 1 293 5 is_stmt 1 view .LVU157
 293:Inc/STM32F3xx_HAL_Driver/Src/stm32f3xx_hal_dma.c **** 
 446              		.loc 1 293 17 is_stmt 0 view .LVU158
 447 0024 0220     		movs	r0, #2
 448 0026 84F82100 		strb	r0, [r4, #33]
 295:Inc/STM32F3xx_HAL_Driver/Src/stm32f3xx_hal_dma.c **** 
 449              		.loc 1 295 5 is_stmt 1 view .LVU159
 295:Inc/STM32F3xx_HAL_Driver/Src/stm32f3xx_hal_dma.c **** 
 450              		.loc 1 295 21 is_stmt 0 view .LVU160
 451 002a 0025     		movs	r5, #0
 452 002c A563     		str	r5, [r4, #56]
 298:Inc/STM32F3xx_HAL_Driver/Src/stm32f3xx_hal_dma.c **** 
 453              		.loc 1 298 5 is_stmt 1 view .LVU161
 298:Inc/STM32F3xx_HAL_Driver/Src/stm32f3xx_hal_dma.c **** 
 454              		.loc 1 298 9 is_stmt 0 view .LVU162
 455 002e 2668     		ldr	r6, [r4]
 298:Inc/STM32F3xx_HAL_Driver/Src/stm32f3xx_hal_dma.c **** 
 456              		.loc 1 298 19 view .LVU163
 457 0030 3068     		ldr	r0, [r6]
 298:Inc/STM32F3xx_HAL_Driver/Src/stm32f3xx_hal_dma.c **** 
 458              		.loc 1 298 25 view .LVU164
 459 0032 20F00100 		bic	r0, r0, #1
 460 0036 3060     		str	r0, [r6]
 301:Inc/STM32F3xx_HAL_Driver/Src/stm32f3xx_hal_dma.c **** 
 461              		.loc 1 301 5 is_stmt 1 view .LVU165
 462 0038 2046     		mov	r0, r4
 463 003a FFF7FEFF 		bl	DMA_SetConfig
 464              	.LVL25:
 304:Inc/STM32F3xx_HAL_Driver/Src/stm32f3xx_hal_dma.c ****   }
 465              		.loc 1 304 5 view .LVU166
 304:Inc/STM32F3xx_HAL_Driver/Src/stm32f3xx_hal_dma.c ****   }
 466              		.loc 1 304 9 is_stmt 0 view .LVU167
 467 003e 2268     		ldr	r2, [r4]
 304:Inc/STM32F3xx_HAL_Driver/Src/stm32f3xx_hal_dma.c ****   }
 468              		.loc 1 304 19 view .LVU168
 469 0040 1368     		ldr	r3, [r2]
 304:Inc/STM32F3xx_HAL_Driver/Src/stm32f3xx_hal_dma.c ****   }
 470              		.loc 1 304 25 view .LVU169
 471 0042 43F00103 		orr	r3, r3, #1
 472 0046 1360     		str	r3, [r2]
 282:Inc/STM32F3xx_HAL_Driver/Src/stm32f3xx_hal_dma.c **** 
ARM GAS  /tmp/ccoHJQE2.s 			page 27


 473              		.loc 1 282 21 view .LVU170
 474 0048 2846     		mov	r0, r5
 475 004a EAE7     		b	.L26
 476              	.LVL26:
 477              	.L28:
 288:Inc/STM32F3xx_HAL_Driver/Src/stm32f3xx_hal_dma.c **** 
 478              		.loc 1 288 3 discriminator 1 view .LVU171
 479 004c 0220     		movs	r0, #2
 480 004e E8E7     		b	.L26
 481              		.cfi_endproc
 482              	.LFE132:
 484              		.section	.text.HAL_DMA_Start_IT,"ax",%progbits
 485              		.align	1
 486              		.global	HAL_DMA_Start_IT
 487              		.syntax unified
 488              		.thumb
 489              		.thumb_func
 491              	HAL_DMA_Start_IT:
 492              	.LVL27:
 493              	.LFB133:
 328:Inc/STM32F3xx_HAL_Driver/Src/stm32f3xx_hal_dma.c ****   HAL_StatusTypeDef status = HAL_OK;
 494              		.loc 1 328 1 is_stmt 1 view -0
 495              		.cfi_startproc
 496              		@ args = 0, pretend = 0, frame = 0
 497              		@ frame_needed = 0, uses_anonymous_args = 0
 328:Inc/STM32F3xx_HAL_Driver/Src/stm32f3xx_hal_dma.c ****   HAL_StatusTypeDef status = HAL_OK;
 498              		.loc 1 328 1 is_stmt 0 view .LVU173
 499 0000 38B5     		push	{r3, r4, r5, lr}
 500              		.cfi_def_cfa_offset 16
 501              		.cfi_offset 3, -16
 502              		.cfi_offset 4, -12
 503              		.cfi_offset 5, -8
 504              		.cfi_offset 14, -4
 505 0002 0446     		mov	r4, r0
 329:Inc/STM32F3xx_HAL_Driver/Src/stm32f3xx_hal_dma.c **** 
 506              		.loc 1 329 3 is_stmt 1 view .LVU174
 507              	.LVL28:
 332:Inc/STM32F3xx_HAL_Driver/Src/stm32f3xx_hal_dma.c **** 
 508              		.loc 1 332 3 view .LVU175
 335:Inc/STM32F3xx_HAL_Driver/Src/stm32f3xx_hal_dma.c **** 
 509              		.loc 1 335 3 view .LVU176
 335:Inc/STM32F3xx_HAL_Driver/Src/stm32f3xx_hal_dma.c **** 
 510              		.loc 1 335 3 view .LVU177
 511 0004 90F82000 		ldrb	r0, [r0, #32]	@ zero_extendqisi2
 512              	.LVL29:
 335:Inc/STM32F3xx_HAL_Driver/Src/stm32f3xx_hal_dma.c **** 
 513              		.loc 1 335 3 is_stmt 0 view .LVU178
 514 0008 0128     		cmp	r0, #1
 515 000a 31D0     		beq	.L36
 335:Inc/STM32F3xx_HAL_Driver/Src/stm32f3xx_hal_dma.c **** 
 516              		.loc 1 335 3 is_stmt 1 discriminator 2 view .LVU179
 517 000c 0120     		movs	r0, #1
 518 000e 84F82000 		strb	r0, [r4, #32]
 335:Inc/STM32F3xx_HAL_Driver/Src/stm32f3xx_hal_dma.c **** 
 519              		.loc 1 335 3 view .LVU180
 337:Inc/STM32F3xx_HAL_Driver/Src/stm32f3xx_hal_dma.c ****   {
 520              		.loc 1 337 3 view .LVU181
ARM GAS  /tmp/ccoHJQE2.s 			page 28


 337:Inc/STM32F3xx_HAL_Driver/Src/stm32f3xx_hal_dma.c ****   {
 521              		.loc 1 337 33 is_stmt 0 view .LVU182
 522 0012 94F82100 		ldrb	r0, [r4, #33]	@ zero_extendqisi2
 337:Inc/STM32F3xx_HAL_Driver/Src/stm32f3xx_hal_dma.c ****   {
 523              		.loc 1 337 5 view .LVU183
 524 0016 0128     		cmp	r0, #1
 525 0018 04D0     		beq	.L38
 368:Inc/STM32F3xx_HAL_Driver/Src/stm32f3xx_hal_dma.c **** 
 526              		.loc 1 368 5 is_stmt 1 view .LVU184
 368:Inc/STM32F3xx_HAL_Driver/Src/stm32f3xx_hal_dma.c **** 
 527              		.loc 1 368 5 view .LVU185
 528 001a 0023     		movs	r3, #0
 529              	.LVL30:
 368:Inc/STM32F3xx_HAL_Driver/Src/stm32f3xx_hal_dma.c **** 
 530              		.loc 1 368 5 is_stmt 0 view .LVU186
 531 001c 84F82030 		strb	r3, [r4, #32]
 368:Inc/STM32F3xx_HAL_Driver/Src/stm32f3xx_hal_dma.c **** 
 532              		.loc 1 368 5 is_stmt 1 view .LVU187
 371:Inc/STM32F3xx_HAL_Driver/Src/stm32f3xx_hal_dma.c ****   }
 533              		.loc 1 371 5 view .LVU188
 534              	.LVL31:
 371:Inc/STM32F3xx_HAL_Driver/Src/stm32f3xx_hal_dma.c ****   }
 535              		.loc 1 371 12 is_stmt 0 view .LVU189
 536 0020 0220     		movs	r0, #2
 537              	.LVL32:
 538              	.L32:
 375:Inc/STM32F3xx_HAL_Driver/Src/stm32f3xx_hal_dma.c **** 
 539              		.loc 1 375 1 view .LVU190
 540 0022 38BD     		pop	{r3, r4, r5, pc}
 541              	.LVL33:
 542              	.L38:
 340:Inc/STM32F3xx_HAL_Driver/Src/stm32f3xx_hal_dma.c **** 
 543              		.loc 1 340 5 is_stmt 1 view .LVU191
 340:Inc/STM32F3xx_HAL_Driver/Src/stm32f3xx_hal_dma.c **** 
 544              		.loc 1 340 17 is_stmt 0 view .LVU192
 545 0024 0220     		movs	r0, #2
 546 0026 84F82100 		strb	r0, [r4, #33]
 342:Inc/STM32F3xx_HAL_Driver/Src/stm32f3xx_hal_dma.c **** 
 547              		.loc 1 342 5 is_stmt 1 view .LVU193
 342:Inc/STM32F3xx_HAL_Driver/Src/stm32f3xx_hal_dma.c **** 
 548              		.loc 1 342 21 is_stmt 0 view .LVU194
 549 002a 0020     		movs	r0, #0
 550 002c A063     		str	r0, [r4, #56]
 345:Inc/STM32F3xx_HAL_Driver/Src/stm32f3xx_hal_dma.c **** 
 551              		.loc 1 345 5 is_stmt 1 view .LVU195
 345:Inc/STM32F3xx_HAL_Driver/Src/stm32f3xx_hal_dma.c **** 
 552              		.loc 1 345 9 is_stmt 0 view .LVU196
 553 002e 2568     		ldr	r5, [r4]
 345:Inc/STM32F3xx_HAL_Driver/Src/stm32f3xx_hal_dma.c **** 
 554              		.loc 1 345 19 view .LVU197
 555 0030 2868     		ldr	r0, [r5]
 345:Inc/STM32F3xx_HAL_Driver/Src/stm32f3xx_hal_dma.c **** 
 556              		.loc 1 345 25 view .LVU198
 557 0032 20F00100 		bic	r0, r0, #1
 558 0036 2860     		str	r0, [r5]
 348:Inc/STM32F3xx_HAL_Driver/Src/stm32f3xx_hal_dma.c **** 
 559              		.loc 1 348 5 is_stmt 1 view .LVU199
ARM GAS  /tmp/ccoHJQE2.s 			page 29


 560 0038 2046     		mov	r0, r4
 561 003a FFF7FEFF 		bl	DMA_SetConfig
 562              	.LVL34:
 352:Inc/STM32F3xx_HAL_Driver/Src/stm32f3xx_hal_dma.c ****     {
 563              		.loc 1 352 5 view .LVU200
 352:Inc/STM32F3xx_HAL_Driver/Src/stm32f3xx_hal_dma.c ****     {
 564              		.loc 1 352 20 is_stmt 0 view .LVU201
 565 003e E36A     		ldr	r3, [r4, #44]
 352:Inc/STM32F3xx_HAL_Driver/Src/stm32f3xx_hal_dma.c ****     {
 566              		.loc 1 352 7 view .LVU202
 567 0040 5BB1     		cbz	r3, .L34
 354:Inc/STM32F3xx_HAL_Driver/Src/stm32f3xx_hal_dma.c ****     }
 568              		.loc 1 354 7 is_stmt 1 view .LVU203
 354:Inc/STM32F3xx_HAL_Driver/Src/stm32f3xx_hal_dma.c ****     }
 569              		.loc 1 354 11 is_stmt 0 view .LVU204
 570 0042 2268     		ldr	r2, [r4]
 354:Inc/STM32F3xx_HAL_Driver/Src/stm32f3xx_hal_dma.c ****     }
 571              		.loc 1 354 21 view .LVU205
 572 0044 1368     		ldr	r3, [r2]
 354:Inc/STM32F3xx_HAL_Driver/Src/stm32f3xx_hal_dma.c ****     }
 573              		.loc 1 354 27 view .LVU206
 574 0046 43F00E03 		orr	r3, r3, #14
 575 004a 1360     		str	r3, [r2]
 576              	.L35:
 363:Inc/STM32F3xx_HAL_Driver/Src/stm32f3xx_hal_dma.c ****   }
 577              		.loc 1 363 5 is_stmt 1 view .LVU207
 363:Inc/STM32F3xx_HAL_Driver/Src/stm32f3xx_hal_dma.c ****   }
 578              		.loc 1 363 9 is_stmt 0 view .LVU208
 579 004c 2268     		ldr	r2, [r4]
 363:Inc/STM32F3xx_HAL_Driver/Src/stm32f3xx_hal_dma.c ****   }
 580              		.loc 1 363 19 view .LVU209
 581 004e 1368     		ldr	r3, [r2]
 363:Inc/STM32F3xx_HAL_Driver/Src/stm32f3xx_hal_dma.c ****   }
 582              		.loc 1 363 25 view .LVU210
 583 0050 43F00103 		orr	r3, r3, #1
 584 0054 1360     		str	r3, [r2]
 329:Inc/STM32F3xx_HAL_Driver/Src/stm32f3xx_hal_dma.c **** 
 585              		.loc 1 329 21 view .LVU211
 586 0056 0020     		movs	r0, #0
 587 0058 E3E7     		b	.L32
 588              	.L34:
 358:Inc/STM32F3xx_HAL_Driver/Src/stm32f3xx_hal_dma.c ****       hdma->Instance->CCR &= ~DMA_IT_HT;
 589              		.loc 1 358 7 is_stmt 1 view .LVU212
 358:Inc/STM32F3xx_HAL_Driver/Src/stm32f3xx_hal_dma.c ****       hdma->Instance->CCR &= ~DMA_IT_HT;
 590              		.loc 1 358 11 is_stmt 0 view .LVU213
 591 005a 2268     		ldr	r2, [r4]
 358:Inc/STM32F3xx_HAL_Driver/Src/stm32f3xx_hal_dma.c ****       hdma->Instance->CCR &= ~DMA_IT_HT;
 592              		.loc 1 358 21 view .LVU214
 593 005c 1368     		ldr	r3, [r2]
 358:Inc/STM32F3xx_HAL_Driver/Src/stm32f3xx_hal_dma.c ****       hdma->Instance->CCR &= ~DMA_IT_HT;
 594              		.loc 1 358 27 view .LVU215
 595 005e 43F00A03 		orr	r3, r3, #10
 596 0062 1360     		str	r3, [r2]
 359:Inc/STM32F3xx_HAL_Driver/Src/stm32f3xx_hal_dma.c ****     }
 597              		.loc 1 359 7 is_stmt 1 view .LVU216
 359:Inc/STM32F3xx_HAL_Driver/Src/stm32f3xx_hal_dma.c ****     }
 598              		.loc 1 359 11 is_stmt 0 view .LVU217
ARM GAS  /tmp/ccoHJQE2.s 			page 30


 599 0064 2268     		ldr	r2, [r4]
 359:Inc/STM32F3xx_HAL_Driver/Src/stm32f3xx_hal_dma.c ****     }
 600              		.loc 1 359 21 view .LVU218
 601 0066 1368     		ldr	r3, [r2]
 359:Inc/STM32F3xx_HAL_Driver/Src/stm32f3xx_hal_dma.c ****     }
 602              		.loc 1 359 27 view .LVU219
 603 0068 23F00403 		bic	r3, r3, #4
 604 006c 1360     		str	r3, [r2]
 605 006e EDE7     		b	.L35
 606              	.LVL35:
 607              	.L36:
 335:Inc/STM32F3xx_HAL_Driver/Src/stm32f3xx_hal_dma.c **** 
 608              		.loc 1 335 3 discriminator 1 view .LVU220
 609 0070 0220     		movs	r0, #2
 610 0072 D6E7     		b	.L32
 611              		.cfi_endproc
 612              	.LFE133:
 614              		.section	.text.HAL_DMA_Abort,"ax",%progbits
 615              		.align	1
 616              		.global	HAL_DMA_Abort
 617              		.syntax unified
 618              		.thumb
 619              		.thumb_func
 621              	HAL_DMA_Abort:
 622              	.LVL36:
 623              	.LFB134:
 384:Inc/STM32F3xx_HAL_Driver/Src/stm32f3xx_hal_dma.c ****   /* Check the DMA handle allocation */
 624              		.loc 1 384 1 is_stmt 1 view -0
 625              		.cfi_startproc
 626              		@ args = 0, pretend = 0, frame = 0
 627              		@ frame_needed = 0, uses_anonymous_args = 0
 628              		@ link register save eliminated.
 386:Inc/STM32F3xx_HAL_Driver/Src/stm32f3xx_hal_dma.c ****   {
 629              		.loc 1 386 3 view .LVU222
 386:Inc/STM32F3xx_HAL_Driver/Src/stm32f3xx_hal_dma.c ****   {
 630              		.loc 1 386 5 is_stmt 0 view .LVU223
 631 0000 0346     		mov	r3, r0
 632 0002 00B3     		cbz	r0, .L42
 391:Inc/STM32F3xx_HAL_Driver/Src/stm32f3xx_hal_dma.c ****   {
 633              		.loc 1 391 3 is_stmt 1 view .LVU224
 391:Inc/STM32F3xx_HAL_Driver/Src/stm32f3xx_hal_dma.c ****   {
 634              		.loc 1 391 10 is_stmt 0 view .LVU225
 635 0004 90F82120 		ldrb	r2, [r0, #33]	@ zero_extendqisi2
 391:Inc/STM32F3xx_HAL_Driver/Src/stm32f3xx_hal_dma.c ****   {
 636              		.loc 1 391 5 view .LVU226
 637 0008 022A     		cmp	r2, #2
 638 000a 06D0     		beq	.L41
 394:Inc/STM32F3xx_HAL_Driver/Src/stm32f3xx_hal_dma.c **** 
 639              		.loc 1 394 5 is_stmt 1 view .LVU227
 394:Inc/STM32F3xx_HAL_Driver/Src/stm32f3xx_hal_dma.c **** 
 640              		.loc 1 394 21 is_stmt 0 view .LVU228
 641 000c 0422     		movs	r2, #4
 642 000e 8263     		str	r2, [r0, #56]
 397:Inc/STM32F3xx_HAL_Driver/Src/stm32f3xx_hal_dma.c **** 
 643              		.loc 1 397 5 is_stmt 1 view .LVU229
 397:Inc/STM32F3xx_HAL_Driver/Src/stm32f3xx_hal_dma.c **** 
 644              		.loc 1 397 5 view .LVU230
ARM GAS  /tmp/ccoHJQE2.s 			page 31


 645 0010 0022     		movs	r2, #0
 646 0012 80F82020 		strb	r2, [r0, #32]
 397:Inc/STM32F3xx_HAL_Driver/Src/stm32f3xx_hal_dma.c **** 
 647              		.loc 1 397 5 view .LVU231
 399:Inc/STM32F3xx_HAL_Driver/Src/stm32f3xx_hal_dma.c ****   }
 648              		.loc 1 399 5 view .LVU232
 399:Inc/STM32F3xx_HAL_Driver/Src/stm32f3xx_hal_dma.c ****   }
 649              		.loc 1 399 12 is_stmt 0 view .LVU233
 650 0016 0120     		movs	r0, #1
 651              	.LVL37:
 399:Inc/STM32F3xx_HAL_Driver/Src/stm32f3xx_hal_dma.c ****   }
 652              		.loc 1 399 12 view .LVU234
 653 0018 7047     		bx	lr
 654              	.LVL38:
 655              	.L41:
 404:Inc/STM32F3xx_HAL_Driver/Src/stm32f3xx_hal_dma.c **** 
 656              		.loc 1 404 5 is_stmt 1 view .LVU235
 404:Inc/STM32F3xx_HAL_Driver/Src/stm32f3xx_hal_dma.c **** 
 657              		.loc 1 404 9 is_stmt 0 view .LVU236
 658 001a 0168     		ldr	r1, [r0]
 404:Inc/STM32F3xx_HAL_Driver/Src/stm32f3xx_hal_dma.c **** 
 659              		.loc 1 404 19 view .LVU237
 660 001c 0A68     		ldr	r2, [r1]
 404:Inc/STM32F3xx_HAL_Driver/Src/stm32f3xx_hal_dma.c **** 
 661              		.loc 1 404 25 view .LVU238
 662 001e 22F00E02 		bic	r2, r2, #14
 663 0022 0A60     		str	r2, [r1]
 407:Inc/STM32F3xx_HAL_Driver/Src/stm32f3xx_hal_dma.c **** 
 664              		.loc 1 407 5 is_stmt 1 view .LVU239
 407:Inc/STM32F3xx_HAL_Driver/Src/stm32f3xx_hal_dma.c **** 
 665              		.loc 1 407 9 is_stmt 0 view .LVU240
 666 0024 0168     		ldr	r1, [r0]
 407:Inc/STM32F3xx_HAL_Driver/Src/stm32f3xx_hal_dma.c **** 
 667              		.loc 1 407 19 view .LVU241
 668 0026 0A68     		ldr	r2, [r1]
 407:Inc/STM32F3xx_HAL_Driver/Src/stm32f3xx_hal_dma.c **** 
 669              		.loc 1 407 25 view .LVU242
 670 0028 22F00102 		bic	r2, r2, #1
 671 002c 0A60     		str	r2, [r1]
 410:Inc/STM32F3xx_HAL_Driver/Src/stm32f3xx_hal_dma.c ****   }
 672              		.loc 1 410 5 is_stmt 1 view .LVU243
 410:Inc/STM32F3xx_HAL_Driver/Src/stm32f3xx_hal_dma.c ****   }
 673              		.loc 1 410 55 is_stmt 0 view .LVU244
 674 002e 026C     		ldr	r2, [r0, #64]
 410:Inc/STM32F3xx_HAL_Driver/Src/stm32f3xx_hal_dma.c ****   }
 675              		.loc 1 410 9 view .LVU245
 676 0030 C06B     		ldr	r0, [r0, #60]
 677              	.LVL39:
 410:Inc/STM32F3xx_HAL_Driver/Src/stm32f3xx_hal_dma.c ****   }
 678              		.loc 1 410 48 view .LVU246
 679 0032 0121     		movs	r1, #1
 680 0034 01FA02F2 		lsl	r2, r1, r2
 410:Inc/STM32F3xx_HAL_Driver/Src/stm32f3xx_hal_dma.c ****   }
 681              		.loc 1 410 32 view .LVU247
 682 0038 4260     		str	r2, [r0, #4]
 413:Inc/STM32F3xx_HAL_Driver/Src/stm32f3xx_hal_dma.c **** 
 683              		.loc 1 413 3 is_stmt 1 view .LVU248
ARM GAS  /tmp/ccoHJQE2.s 			page 32


 413:Inc/STM32F3xx_HAL_Driver/Src/stm32f3xx_hal_dma.c **** 
 684              		.loc 1 413 15 is_stmt 0 view .LVU249
 685 003a 83F82110 		strb	r1, [r3, #33]
 416:Inc/STM32F3xx_HAL_Driver/Src/stm32f3xx_hal_dma.c **** 
 686              		.loc 1 416 3 is_stmt 1 view .LVU250
 416:Inc/STM32F3xx_HAL_Driver/Src/stm32f3xx_hal_dma.c **** 
 687              		.loc 1 416 3 view .LVU251
 688 003e 0020     		movs	r0, #0
 689 0040 83F82000 		strb	r0, [r3, #32]
 416:Inc/STM32F3xx_HAL_Driver/Src/stm32f3xx_hal_dma.c **** 
 690              		.loc 1 416 3 view .LVU252
 418:Inc/STM32F3xx_HAL_Driver/Src/stm32f3xx_hal_dma.c **** }
 691              		.loc 1 418 3 view .LVU253
 418:Inc/STM32F3xx_HAL_Driver/Src/stm32f3xx_hal_dma.c **** }
 692              		.loc 1 418 10 is_stmt 0 view .LVU254
 693 0044 7047     		bx	lr
 694              	.LVL40:
 695              	.L42:
 388:Inc/STM32F3xx_HAL_Driver/Src/stm32f3xx_hal_dma.c ****   }
 696              		.loc 1 388 12 view .LVU255
 697 0046 0120     		movs	r0, #1
 698              	.LVL41:
 419:Inc/STM32F3xx_HAL_Driver/Src/stm32f3xx_hal_dma.c **** 
 699              		.loc 1 419 1 view .LVU256
 700 0048 7047     		bx	lr
 701              		.cfi_endproc
 702              	.LFE134:
 704              		.section	.text.HAL_DMA_Abort_IT,"ax",%progbits
 705              		.align	1
 706              		.global	HAL_DMA_Abort_IT
 707              		.syntax unified
 708              		.thumb
 709              		.thumb_func
 711              	HAL_DMA_Abort_IT:
 712              	.LVL42:
 713              	.LFB135:
 428:Inc/STM32F3xx_HAL_Driver/Src/stm32f3xx_hal_dma.c ****   HAL_StatusTypeDef status = HAL_OK;
 714              		.loc 1 428 1 is_stmt 1 view -0
 715              		.cfi_startproc
 716              		@ args = 0, pretend = 0, frame = 0
 717              		@ frame_needed = 0, uses_anonymous_args = 0
 428:Inc/STM32F3xx_HAL_Driver/Src/stm32f3xx_hal_dma.c ****   HAL_StatusTypeDef status = HAL_OK;
 718              		.loc 1 428 1 is_stmt 0 view .LVU258
 719 0000 08B5     		push	{r3, lr}
 720              		.cfi_def_cfa_offset 8
 721              		.cfi_offset 3, -8
 722              		.cfi_offset 14, -4
 429:Inc/STM32F3xx_HAL_Driver/Src/stm32f3xx_hal_dma.c **** 
 723              		.loc 1 429 3 is_stmt 1 view .LVU259
 724              	.LVL43:
 431:Inc/STM32F3xx_HAL_Driver/Src/stm32f3xx_hal_dma.c ****   {
 725              		.loc 1 431 3 view .LVU260
 431:Inc/STM32F3xx_HAL_Driver/Src/stm32f3xx_hal_dma.c ****   {
 726              		.loc 1 431 32 is_stmt 0 view .LVU261
 727 0002 90F82130 		ldrb	r3, [r0, #33]	@ zero_extendqisi2
 431:Inc/STM32F3xx_HAL_Driver/Src/stm32f3xx_hal_dma.c ****   {
 728              		.loc 1 431 5 view .LVU262
ARM GAS  /tmp/ccoHJQE2.s 			page 33


 729 0006 022B     		cmp	r3, #2
 730 0008 03D0     		beq	.L44
 434:Inc/STM32F3xx_HAL_Driver/Src/stm32f3xx_hal_dma.c **** 
 731              		.loc 1 434 5 is_stmt 1 view .LVU263
 434:Inc/STM32F3xx_HAL_Driver/Src/stm32f3xx_hal_dma.c **** 
 732              		.loc 1 434 21 is_stmt 0 view .LVU264
 733 000a 0423     		movs	r3, #4
 734 000c 8363     		str	r3, [r0, #56]
 436:Inc/STM32F3xx_HAL_Driver/Src/stm32f3xx_hal_dma.c ****   }
 735              		.loc 1 436 5 is_stmt 1 view .LVU265
 736              	.LVL44:
 436:Inc/STM32F3xx_HAL_Driver/Src/stm32f3xx_hal_dma.c ****   }
 737              		.loc 1 436 12 is_stmt 0 view .LVU266
 738 000e 0120     		movs	r0, #1
 739              	.LVL45:
 740              	.L45:
 461:Inc/STM32F3xx_HAL_Driver/Src/stm32f3xx_hal_dma.c **** }
 741              		.loc 1 461 3 is_stmt 1 view .LVU267
 462:Inc/STM32F3xx_HAL_Driver/Src/stm32f3xx_hal_dma.c **** 
 742              		.loc 1 462 1 is_stmt 0 view .LVU268
 743 0010 08BD     		pop	{r3, pc}
 744              	.LVL46:
 745              	.L44:
 441:Inc/STM32F3xx_HAL_Driver/Src/stm32f3xx_hal_dma.c **** 
 746              		.loc 1 441 5 is_stmt 1 view .LVU269
 441:Inc/STM32F3xx_HAL_Driver/Src/stm32f3xx_hal_dma.c **** 
 747              		.loc 1 441 9 is_stmt 0 view .LVU270
 748 0012 0268     		ldr	r2, [r0]
 441:Inc/STM32F3xx_HAL_Driver/Src/stm32f3xx_hal_dma.c **** 
 749              		.loc 1 441 19 view .LVU271
 750 0014 1368     		ldr	r3, [r2]
 441:Inc/STM32F3xx_HAL_Driver/Src/stm32f3xx_hal_dma.c **** 
 751              		.loc 1 441 25 view .LVU272
 752 0016 23F00E03 		bic	r3, r3, #14
 753 001a 1360     		str	r3, [r2]
 444:Inc/STM32F3xx_HAL_Driver/Src/stm32f3xx_hal_dma.c **** 
 754              		.loc 1 444 5 is_stmt 1 view .LVU273
 444:Inc/STM32F3xx_HAL_Driver/Src/stm32f3xx_hal_dma.c **** 
 755              		.loc 1 444 9 is_stmt 0 view .LVU274
 756 001c 0268     		ldr	r2, [r0]
 444:Inc/STM32F3xx_HAL_Driver/Src/stm32f3xx_hal_dma.c **** 
 757              		.loc 1 444 19 view .LVU275
 758 001e 1368     		ldr	r3, [r2]
 444:Inc/STM32F3xx_HAL_Driver/Src/stm32f3xx_hal_dma.c **** 
 759              		.loc 1 444 25 view .LVU276
 760 0020 23F00103 		bic	r3, r3, #1
 761 0024 1360     		str	r3, [r2]
 447:Inc/STM32F3xx_HAL_Driver/Src/stm32f3xx_hal_dma.c **** 
 762              		.loc 1 447 5 is_stmt 1 view .LVU277
 447:Inc/STM32F3xx_HAL_Driver/Src/stm32f3xx_hal_dma.c **** 
 763              		.loc 1 447 54 is_stmt 0 view .LVU278
 764 0026 036C     		ldr	r3, [r0, #64]
 447:Inc/STM32F3xx_HAL_Driver/Src/stm32f3xx_hal_dma.c **** 
 765              		.loc 1 447 9 view .LVU279
 766 0028 C16B     		ldr	r1, [r0, #60]
 447:Inc/STM32F3xx_HAL_Driver/Src/stm32f3xx_hal_dma.c **** 
 767              		.loc 1 447 47 view .LVU280
ARM GAS  /tmp/ccoHJQE2.s 			page 34


 768 002a 0122     		movs	r2, #1
 769 002c 02FA03F3 		lsl	r3, r2, r3
 447:Inc/STM32F3xx_HAL_Driver/Src/stm32f3xx_hal_dma.c **** 
 770              		.loc 1 447 32 view .LVU281
 771 0030 4B60     		str	r3, [r1, #4]
 450:Inc/STM32F3xx_HAL_Driver/Src/stm32f3xx_hal_dma.c **** 
 772              		.loc 1 450 5 is_stmt 1 view .LVU282
 450:Inc/STM32F3xx_HAL_Driver/Src/stm32f3xx_hal_dma.c **** 
 773              		.loc 1 450 17 is_stmt 0 view .LVU283
 774 0032 80F82120 		strb	r2, [r0, #33]
 453:Inc/STM32F3xx_HAL_Driver/Src/stm32f3xx_hal_dma.c **** 
 775              		.loc 1 453 5 is_stmt 1 view .LVU284
 453:Inc/STM32F3xx_HAL_Driver/Src/stm32f3xx_hal_dma.c **** 
 776              		.loc 1 453 5 view .LVU285
 777 0036 0023     		movs	r3, #0
 778 0038 80F82030 		strb	r3, [r0, #32]
 453:Inc/STM32F3xx_HAL_Driver/Src/stm32f3xx_hal_dma.c **** 
 779              		.loc 1 453 5 view .LVU286
 456:Inc/STM32F3xx_HAL_Driver/Src/stm32f3xx_hal_dma.c ****     {
 780              		.loc 1 456 5 view .LVU287
 456:Inc/STM32F3xx_HAL_Driver/Src/stm32f3xx_hal_dma.c ****     {
 781              		.loc 1 456 12 is_stmt 0 view .LVU288
 782 003c 436B     		ldr	r3, [r0, #52]
 456:Inc/STM32F3xx_HAL_Driver/Src/stm32f3xx_hal_dma.c ****     {
 783              		.loc 1 456 7 view .LVU289
 784 003e 13B1     		cbz	r3, .L46
 458:Inc/STM32F3xx_HAL_Driver/Src/stm32f3xx_hal_dma.c ****     }
 785              		.loc 1 458 7 is_stmt 1 view .LVU290
 786 0040 9847     		blx	r3
 787              	.LVL47:
 429:Inc/STM32F3xx_HAL_Driver/Src/stm32f3xx_hal_dma.c **** 
 788              		.loc 1 429 21 is_stmt 0 view .LVU291
 789 0042 0020     		movs	r0, #0
 790 0044 E4E7     		b	.L45
 791              	.LVL48:
 792              	.L46:
 429:Inc/STM32F3xx_HAL_Driver/Src/stm32f3xx_hal_dma.c **** 
 793              		.loc 1 429 21 view .LVU292
 794 0046 0020     		movs	r0, #0
 795              	.LVL49:
 429:Inc/STM32F3xx_HAL_Driver/Src/stm32f3xx_hal_dma.c **** 
 796              		.loc 1 429 21 view .LVU293
 797 0048 E2E7     		b	.L45
 798              		.cfi_endproc
 799              	.LFE135:
 801              		.section	.text.HAL_DMA_PollForTransfer,"ax",%progbits
 802              		.align	1
 803              		.global	HAL_DMA_PollForTransfer
 804              		.syntax unified
 805              		.thumb
 806              		.thumb_func
 808              	HAL_DMA_PollForTransfer:
 809              	.LVL50:
 810              	.LFB136:
 473:Inc/STM32F3xx_HAL_Driver/Src/stm32f3xx_hal_dma.c ****   uint32_t temp;
 811              		.loc 1 473 1 is_stmt 1 view -0
 812              		.cfi_startproc
ARM GAS  /tmp/ccoHJQE2.s 			page 35


 813              		@ args = 0, pretend = 0, frame = 0
 814              		@ frame_needed = 0, uses_anonymous_args = 0
 473:Inc/STM32F3xx_HAL_Driver/Src/stm32f3xx_hal_dma.c ****   uint32_t temp;
 815              		.loc 1 473 1 is_stmt 0 view .LVU295
 816 0000 2DE9F843 		push	{r3, r4, r5, r6, r7, r8, r9, lr}
 817              		.cfi_def_cfa_offset 32
 818              		.cfi_offset 3, -32
 819              		.cfi_offset 4, -28
 820              		.cfi_offset 5, -24
 821              		.cfi_offset 6, -20
 822              		.cfi_offset 7, -16
 823              		.cfi_offset 8, -12
 824              		.cfi_offset 9, -8
 825              		.cfi_offset 14, -4
 826 0004 0446     		mov	r4, r0
 474:Inc/STM32F3xx_HAL_Driver/Src/stm32f3xx_hal_dma.c ****   uint32_t tickstart = 0U;
 827              		.loc 1 474 3 is_stmt 1 view .LVU296
 475:Inc/STM32F3xx_HAL_Driver/Src/stm32f3xx_hal_dma.c **** 
 828              		.loc 1 475 3 view .LVU297
 829              	.LVL51:
 477:Inc/STM32F3xx_HAL_Driver/Src/stm32f3xx_hal_dma.c ****   {
 830              		.loc 1 477 3 view .LVU298
 477:Inc/STM32F3xx_HAL_Driver/Src/stm32f3xx_hal_dma.c ****   {
 831              		.loc 1 477 32 is_stmt 0 view .LVU299
 832 0006 90F82130 		ldrb	r3, [r0, #33]	@ zero_extendqisi2
 477:Inc/STM32F3xx_HAL_Driver/Src/stm32f3xx_hal_dma.c ****   {
 833              		.loc 1 477 5 view .LVU300
 834 000a 022B     		cmp	r3, #2
 835 000c 07D0     		beq	.L49
 480:Inc/STM32F3xx_HAL_Driver/Src/stm32f3xx_hal_dma.c ****     __HAL_UNLOCK(hdma);
 836              		.loc 1 480 5 is_stmt 1 view .LVU301
 480:Inc/STM32F3xx_HAL_Driver/Src/stm32f3xx_hal_dma.c ****     __HAL_UNLOCK(hdma);
 837              		.loc 1 480 21 is_stmt 0 view .LVU302
 838 000e 0423     		movs	r3, #4
 839 0010 8363     		str	r3, [r0, #56]
 481:Inc/STM32F3xx_HAL_Driver/Src/stm32f3xx_hal_dma.c ****     return HAL_ERROR;
 840              		.loc 1 481 5 is_stmt 1 view .LVU303
 481:Inc/STM32F3xx_HAL_Driver/Src/stm32f3xx_hal_dma.c ****     return HAL_ERROR;
 841              		.loc 1 481 5 view .LVU304
 842 0012 0023     		movs	r3, #0
 843 0014 80F82030 		strb	r3, [r0, #32]
 481:Inc/STM32F3xx_HAL_Driver/Src/stm32f3xx_hal_dma.c ****     return HAL_ERROR;
 844              		.loc 1 481 5 view .LVU305
 482:Inc/STM32F3xx_HAL_Driver/Src/stm32f3xx_hal_dma.c ****   }
 845              		.loc 1 482 5 view .LVU306
 482:Inc/STM32F3xx_HAL_Driver/Src/stm32f3xx_hal_dma.c ****   }
 846              		.loc 1 482 12 is_stmt 0 view .LVU307
 847 0018 0120     		movs	r0, #1
 848              	.LVL52:
 849              	.L50:
 565:Inc/STM32F3xx_HAL_Driver/Src/stm32f3xx_hal_dma.c **** 
 850              		.loc 1 565 1 view .LVU308
 851 001a BDE8F883 		pop	{r3, r4, r5, r6, r7, r8, r9, pc}
 852              	.LVL53:
 853              	.L49:
 565:Inc/STM32F3xx_HAL_Driver/Src/stm32f3xx_hal_dma.c **** 
 854              		.loc 1 565 1 view .LVU309
ARM GAS  /tmp/ccoHJQE2.s 			page 36


 855 001e 8846     		mov	r8, r1
 856 0020 1646     		mov	r6, r2
 486:Inc/STM32F3xx_HAL_Driver/Src/stm32f3xx_hal_dma.c ****   {
 857              		.loc 1 486 3 is_stmt 1 view .LVU310
 486:Inc/STM32F3xx_HAL_Driver/Src/stm32f3xx_hal_dma.c ****   {
 858              		.loc 1 486 21 is_stmt 0 view .LVU311
 859 0022 0368     		ldr	r3, [r0]
 486:Inc/STM32F3xx_HAL_Driver/Src/stm32f3xx_hal_dma.c ****   {
 860              		.loc 1 486 31 view .LVU312
 861 0024 1B68     		ldr	r3, [r3]
 486:Inc/STM32F3xx_HAL_Driver/Src/stm32f3xx_hal_dma.c ****   {
 862              		.loc 1 486 6 view .LVU313
 863 0026 13F0200F 		tst	r3, #32
 864 002a 23D1     		bne	.L62
 493:Inc/STM32F3xx_HAL_Driver/Src/stm32f3xx_hal_dma.c ****   {
 865              		.loc 1 493 3 is_stmt 1 view .LVU314
 493:Inc/STM32F3xx_HAL_Driver/Src/stm32f3xx_hal_dma.c ****   {
 866              		.loc 1 493 5 is_stmt 0 view .LVU315
 867 002c 39BB     		cbnz	r1, .L52
 496:Inc/STM32F3xx_HAL_Driver/Src/stm32f3xx_hal_dma.c ****   }
 868              		.loc 1 496 5 is_stmt 1 view .LVU316
 496:Inc/STM32F3xx_HAL_Driver/Src/stm32f3xx_hal_dma.c ****   }
 869              		.loc 1 496 32 is_stmt 0 view .LVU317
 870 002e 036C     		ldr	r3, [r0, #64]
 496:Inc/STM32F3xx_HAL_Driver/Src/stm32f3xx_hal_dma.c ****   }
 871              		.loc 1 496 10 view .LVU318
 872 0030 0227     		movs	r7, #2
 873 0032 9F40     		lsls	r7, r7, r3
 874              	.LVL54:
 875              	.L53:
 505:Inc/STM32F3xx_HAL_Driver/Src/stm32f3xx_hal_dma.c **** 
 876              		.loc 1 505 3 is_stmt 1 view .LVU319
 505:Inc/STM32F3xx_HAL_Driver/Src/stm32f3xx_hal_dma.c **** 
 877              		.loc 1 505 15 is_stmt 0 view .LVU320
 878 0034 FFF7FEFF 		bl	HAL_GetTick
 879              	.LVL55:
 505:Inc/STM32F3xx_HAL_Driver/Src/stm32f3xx_hal_dma.c **** 
 880              		.loc 1 505 15 view .LVU321
 881 0038 8146     		mov	r9, r0
 882              	.LVL56:
 507:Inc/STM32F3xx_HAL_Driver/Src/stm32f3xx_hal_dma.c ****   {
 883              		.loc 1 507 3 is_stmt 1 view .LVU322
 884              	.L56:
 507:Inc/STM32F3xx_HAL_Driver/Src/stm32f3xx_hal_dma.c ****   {
 885              		.loc 1 507 15 view .LVU323
 507:Inc/STM32F3xx_HAL_Driver/Src/stm32f3xx_hal_dma.c ****   {
 886              		.loc 1 507 23 is_stmt 0 view .LVU324
 887 003a E56B     		ldr	r5, [r4, #60]
 507:Inc/STM32F3xx_HAL_Driver/Src/stm32f3xx_hal_dma.c ****   {
 888              		.loc 1 507 39 view .LVU325
 889 003c 2B68     		ldr	r3, [r5]
 507:Inc/STM32F3xx_HAL_Driver/Src/stm32f3xx_hal_dma.c ****   {
 890              		.loc 1 507 15 view .LVU326
 891 003e 3B42     		tst	r3, r7
 892 0040 2CD1     		bne	.L63
 509:Inc/STM32F3xx_HAL_Driver/Src/stm32f3xx_hal_dma.c ****     {
 893              		.loc 1 509 5 is_stmt 1 view .LVU327
ARM GAS  /tmp/ccoHJQE2.s 			page 37


 509:Inc/STM32F3xx_HAL_Driver/Src/stm32f3xx_hal_dma.c ****     {
 894              		.loc 1 509 38 is_stmt 0 view .LVU328
 895 0042 2968     		ldr	r1, [r5]
 509:Inc/STM32F3xx_HAL_Driver/Src/stm32f3xx_hal_dma.c ****     {
 896              		.loc 1 509 67 view .LVU329
 897 0044 226C     		ldr	r2, [r4, #64]
 509:Inc/STM32F3xx_HAL_Driver/Src/stm32f3xx_hal_dma.c ****     {
 898              		.loc 1 509 60 view .LVU330
 899 0046 0823     		movs	r3, #8
 900 0048 9340     		lsls	r3, r3, r2
 509:Inc/STM32F3xx_HAL_Driver/Src/stm32f3xx_hal_dma.c ****     {
 901              		.loc 1 509 7 view .LVU331
 902 004a 1942     		tst	r1, r3
 903 004c 1BD1     		bne	.L64
 528:Inc/STM32F3xx_HAL_Driver/Src/stm32f3xx_hal_dma.c ****     {
 904              		.loc 1 528 5 is_stmt 1 view .LVU332
 528:Inc/STM32F3xx_HAL_Driver/Src/stm32f3xx_hal_dma.c ****     {
 905              		.loc 1 528 7 is_stmt 0 view .LVU333
 906 004e B6F1FF3F 		cmp	r6, #-1
 907 0052 F2D0     		beq	.L56
 530:Inc/STM32F3xx_HAL_Driver/Src/stm32f3xx_hal_dma.c ****       {
 908              		.loc 1 530 7 is_stmt 1 view .LVU334
 530:Inc/STM32F3xx_HAL_Driver/Src/stm32f3xx_hal_dma.c ****       {
 909              		.loc 1 530 9 is_stmt 0 view .LVU335
 910 0054 2EB1     		cbz	r6, .L57
 530:Inc/STM32F3xx_HAL_Driver/Src/stm32f3xx_hal_dma.c ****       {
 911              		.loc 1 530 31 discriminator 1 view .LVU336
 912 0056 FFF7FEFF 		bl	HAL_GetTick
 913              	.LVL57:
 530:Inc/STM32F3xx_HAL_Driver/Src/stm32f3xx_hal_dma.c ****       {
 914              		.loc 1 530 45 discriminator 1 view .LVU337
 915 005a A0EB0900 		sub	r0, r0, r9
 530:Inc/STM32F3xx_HAL_Driver/Src/stm32f3xx_hal_dma.c ****       {
 916              		.loc 1 530 26 discriminator 1 view .LVU338
 917 005e B042     		cmp	r0, r6
 918 0060 EBD9     		bls	.L56
 919              	.L57:
 533:Inc/STM32F3xx_HAL_Driver/Src/stm32f3xx_hal_dma.c **** 
 920              		.loc 1 533 9 is_stmt 1 view .LVU339
 533:Inc/STM32F3xx_HAL_Driver/Src/stm32f3xx_hal_dma.c **** 
 921              		.loc 1 533 25 is_stmt 0 view .LVU340
 922 0062 2023     		movs	r3, #32
 923 0064 A363     		str	r3, [r4, #56]
 536:Inc/STM32F3xx_HAL_Driver/Src/stm32f3xx_hal_dma.c **** 
 924              		.loc 1 536 9 is_stmt 1 view .LVU341
 536:Inc/STM32F3xx_HAL_Driver/Src/stm32f3xx_hal_dma.c **** 
 925              		.loc 1 536 21 is_stmt 0 view .LVU342
 926 0066 0120     		movs	r0, #1
 927 0068 84F82100 		strb	r0, [r4, #33]
 539:Inc/STM32F3xx_HAL_Driver/Src/stm32f3xx_hal_dma.c **** 
 928              		.loc 1 539 9 is_stmt 1 view .LVU343
 539:Inc/STM32F3xx_HAL_Driver/Src/stm32f3xx_hal_dma.c **** 
 929              		.loc 1 539 9 view .LVU344
 930 006c 0023     		movs	r3, #0
 931 006e 84F82030 		strb	r3, [r4, #32]
 539:Inc/STM32F3xx_HAL_Driver/Src/stm32f3xx_hal_dma.c **** 
 932              		.loc 1 539 9 view .LVU345
ARM GAS  /tmp/ccoHJQE2.s 			page 38


 541:Inc/STM32F3xx_HAL_Driver/Src/stm32f3xx_hal_dma.c ****       }
 933              		.loc 1 541 9 view .LVU346
 541:Inc/STM32F3xx_HAL_Driver/Src/stm32f3xx_hal_dma.c ****       }
 934              		.loc 1 541 16 is_stmt 0 view .LVU347
 935 0072 D2E7     		b	.L50
 936              	.LVL58:
 937              	.L62:
 488:Inc/STM32F3xx_HAL_Driver/Src/stm32f3xx_hal_dma.c ****     return HAL_ERROR;
 938              		.loc 1 488 5 is_stmt 1 view .LVU348
 488:Inc/STM32F3xx_HAL_Driver/Src/stm32f3xx_hal_dma.c ****     return HAL_ERROR;
 939              		.loc 1 488 21 is_stmt 0 view .LVU349
 940 0074 4FF48073 		mov	r3, #256
 941 0078 8363     		str	r3, [r0, #56]
 489:Inc/STM32F3xx_HAL_Driver/Src/stm32f3xx_hal_dma.c ****   }
 942              		.loc 1 489 5 is_stmt 1 view .LVU350
 489:Inc/STM32F3xx_HAL_Driver/Src/stm32f3xx_hal_dma.c ****   }
 943              		.loc 1 489 12 is_stmt 0 view .LVU351
 944 007a 0120     		movs	r0, #1
 945              	.LVL59:
 489:Inc/STM32F3xx_HAL_Driver/Src/stm32f3xx_hal_dma.c ****   }
 946              		.loc 1 489 12 view .LVU352
 947 007c CDE7     		b	.L50
 948              	.LVL60:
 949              	.L52:
 501:Inc/STM32F3xx_HAL_Driver/Src/stm32f3xx_hal_dma.c ****   }
 950              		.loc 1 501 5 is_stmt 1 view .LVU353
 501:Inc/STM32F3xx_HAL_Driver/Src/stm32f3xx_hal_dma.c ****   }
 951              		.loc 1 501 32 is_stmt 0 view .LVU354
 952 007e 036C     		ldr	r3, [r0, #64]
 501:Inc/STM32F3xx_HAL_Driver/Src/stm32f3xx_hal_dma.c ****   }
 953              		.loc 1 501 10 view .LVU355
 954 0080 0427     		movs	r7, #4
 955 0082 9F40     		lsls	r7, r7, r3
 956 0084 D6E7     		b	.L53
 957              	.LVL61:
 958              	.L64:
 514:Inc/STM32F3xx_HAL_Driver/Src/stm32f3xx_hal_dma.c **** 
 959              		.loc 1 514 7 is_stmt 1 view .LVU356
 514:Inc/STM32F3xx_HAL_Driver/Src/stm32f3xx_hal_dma.c **** 
 960              		.loc 1 514 49 is_stmt 0 view .LVU357
 961 0086 0120     		movs	r0, #1
 962 0088 00FA02F2 		lsl	r2, r0, r2
 514:Inc/STM32F3xx_HAL_Driver/Src/stm32f3xx_hal_dma.c **** 
 963              		.loc 1 514 34 view .LVU358
 964 008c 6A60     		str	r2, [r5, #4]
 517:Inc/STM32F3xx_HAL_Driver/Src/stm32f3xx_hal_dma.c **** 
 965              		.loc 1 517 7 is_stmt 1 view .LVU359
 517:Inc/STM32F3xx_HAL_Driver/Src/stm32f3xx_hal_dma.c **** 
 966              		.loc 1 517 23 is_stmt 0 view .LVU360
 967 008e A063     		str	r0, [r4, #56]
 520:Inc/STM32F3xx_HAL_Driver/Src/stm32f3xx_hal_dma.c **** 
 968              		.loc 1 520 7 is_stmt 1 view .LVU361
 520:Inc/STM32F3xx_HAL_Driver/Src/stm32f3xx_hal_dma.c **** 
 969              		.loc 1 520 18 is_stmt 0 view .LVU362
 970 0090 84F82100 		strb	r0, [r4, #33]
 523:Inc/STM32F3xx_HAL_Driver/Src/stm32f3xx_hal_dma.c **** 
 971              		.loc 1 523 7 is_stmt 1 view .LVU363
ARM GAS  /tmp/ccoHJQE2.s 			page 39


 523:Inc/STM32F3xx_HAL_Driver/Src/stm32f3xx_hal_dma.c **** 
 972              		.loc 1 523 7 view .LVU364
 973 0094 0023     		movs	r3, #0
 974 0096 84F82030 		strb	r3, [r4, #32]
 523:Inc/STM32F3xx_HAL_Driver/Src/stm32f3xx_hal_dma.c **** 
 975              		.loc 1 523 7 view .LVU365
 525:Inc/STM32F3xx_HAL_Driver/Src/stm32f3xx_hal_dma.c ****     }
 976              		.loc 1 525 7 view .LVU366
 525:Inc/STM32F3xx_HAL_Driver/Src/stm32f3xx_hal_dma.c ****     }
 977              		.loc 1 525 14 is_stmt 0 view .LVU367
 978 009a BEE7     		b	.L50
 979              	.L63:
 546:Inc/STM32F3xx_HAL_Driver/Src/stm32f3xx_hal_dma.c ****   {
 980              		.loc 1 546 3 is_stmt 1 view .LVU368
 546:Inc/STM32F3xx_HAL_Driver/Src/stm32f3xx_hal_dma.c ****   {
 981              		.loc 1 546 5 is_stmt 0 view .LVU369
 982 009c B8F1000F 		cmp	r8, #0
 983 00a0 0AD1     		bne	.L59
 549:Inc/STM32F3xx_HAL_Driver/Src/stm32f3xx_hal_dma.c **** 
 984              		.loc 1 549 5 is_stmt 1 view .LVU370
 549:Inc/STM32F3xx_HAL_Driver/Src/stm32f3xx_hal_dma.c **** 
 985              		.loc 1 549 54 is_stmt 0 view .LVU371
 986 00a2 226C     		ldr	r2, [r4, #64]
 549:Inc/STM32F3xx_HAL_Driver/Src/stm32f3xx_hal_dma.c **** 
 987              		.loc 1 549 47 view .LVU372
 988 00a4 0223     		movs	r3, #2
 989 00a6 9340     		lsls	r3, r3, r2
 549:Inc/STM32F3xx_HAL_Driver/Src/stm32f3xx_hal_dma.c **** 
 990              		.loc 1 549 32 view .LVU373
 991 00a8 6B60     		str	r3, [r5, #4]
 553:Inc/STM32F3xx_HAL_Driver/Src/stm32f3xx_hal_dma.c ****   }
 992              		.loc 1 553 5 is_stmt 1 view .LVU374
 553:Inc/STM32F3xx_HAL_Driver/Src/stm32f3xx_hal_dma.c ****   }
 993              		.loc 1 553 17 is_stmt 0 view .LVU375
 994 00aa 0123     		movs	r3, #1
 995 00ac 84F82130 		strb	r3, [r4, #33]
 996              	.L60:
 562:Inc/STM32F3xx_HAL_Driver/Src/stm32f3xx_hal_dma.c **** 
 997              		.loc 1 562 3 is_stmt 1 view .LVU376
 562:Inc/STM32F3xx_HAL_Driver/Src/stm32f3xx_hal_dma.c **** 
 998              		.loc 1 562 3 view .LVU377
 999 00b0 0020     		movs	r0, #0
 1000 00b2 84F82000 		strb	r0, [r4, #32]
 562:Inc/STM32F3xx_HAL_Driver/Src/stm32f3xx_hal_dma.c **** 
 1001              		.loc 1 562 3 view .LVU378
 564:Inc/STM32F3xx_HAL_Driver/Src/stm32f3xx_hal_dma.c **** }
 1002              		.loc 1 564 3 view .LVU379
 564:Inc/STM32F3xx_HAL_Driver/Src/stm32f3xx_hal_dma.c **** }
 1003              		.loc 1 564 10 is_stmt 0 view .LVU380
 1004 00b6 B0E7     		b	.L50
 1005              	.L59:
 558:Inc/STM32F3xx_HAL_Driver/Src/stm32f3xx_hal_dma.c ****   }
 1006              		.loc 1 558 5 is_stmt 1 view .LVU381
 558:Inc/STM32F3xx_HAL_Driver/Src/stm32f3xx_hal_dma.c ****   }
 1007              		.loc 1 558 54 is_stmt 0 view .LVU382
 1008 00b8 226C     		ldr	r2, [r4, #64]
 558:Inc/STM32F3xx_HAL_Driver/Src/stm32f3xx_hal_dma.c ****   }
ARM GAS  /tmp/ccoHJQE2.s 			page 40


 1009              		.loc 1 558 47 view .LVU383
 1010 00ba 0423     		movs	r3, #4
 1011 00bc 9340     		lsls	r3, r3, r2
 558:Inc/STM32F3xx_HAL_Driver/Src/stm32f3xx_hal_dma.c ****   }
 1012              		.loc 1 558 32 view .LVU384
 1013 00be 6B60     		str	r3, [r5, #4]
 1014 00c0 F6E7     		b	.L60
 1015              		.cfi_endproc
 1016              	.LFE136:
 1018              		.section	.text.HAL_DMA_IRQHandler,"ax",%progbits
 1019              		.align	1
 1020              		.global	HAL_DMA_IRQHandler
 1021              		.syntax unified
 1022              		.thumb
 1023              		.thumb_func
 1025              	HAL_DMA_IRQHandler:
 1026              	.LVL62:
 1027              	.LFB137:
 574:Inc/STM32F3xx_HAL_Driver/Src/stm32f3xx_hal_dma.c ****   uint32_t flag_it = hdma->DmaBaseAddress->ISR;
 1028              		.loc 1 574 1 is_stmt 1 view -0
 1029              		.cfi_startproc
 1030              		@ args = 0, pretend = 0, frame = 0
 1031              		@ frame_needed = 0, uses_anonymous_args = 0
 574:Inc/STM32F3xx_HAL_Driver/Src/stm32f3xx_hal_dma.c ****   uint32_t flag_it = hdma->DmaBaseAddress->ISR;
 1032              		.loc 1 574 1 is_stmt 0 view .LVU386
 1033 0000 38B5     		push	{r3, r4, r5, lr}
 1034              		.cfi_def_cfa_offset 16
 1035              		.cfi_offset 3, -16
 1036              		.cfi_offset 4, -12
 1037              		.cfi_offset 5, -8
 1038              		.cfi_offset 14, -4
 575:Inc/STM32F3xx_HAL_Driver/Src/stm32f3xx_hal_dma.c ****   uint32_t source_it = hdma->Instance->CCR;
 1039              		.loc 1 575 3 is_stmt 1 view .LVU387
 575:Inc/STM32F3xx_HAL_Driver/Src/stm32f3xx_hal_dma.c ****   uint32_t source_it = hdma->Instance->CCR;
 1040              		.loc 1 575 26 is_stmt 0 view .LVU388
 1041 0002 C36B     		ldr	r3, [r0, #60]
 575:Inc/STM32F3xx_HAL_Driver/Src/stm32f3xx_hal_dma.c ****   uint32_t source_it = hdma->Instance->CCR;
 1042              		.loc 1 575 12 view .LVU389
 1043 0004 1A68     		ldr	r2, [r3]
 1044              	.LVL63:
 576:Inc/STM32F3xx_HAL_Driver/Src/stm32f3xx_hal_dma.c **** 
 1045              		.loc 1 576 3 is_stmt 1 view .LVU390
 576:Inc/STM32F3xx_HAL_Driver/Src/stm32f3xx_hal_dma.c **** 
 1046              		.loc 1 576 28 is_stmt 0 view .LVU391
 1047 0006 0468     		ldr	r4, [r0]
 576:Inc/STM32F3xx_HAL_Driver/Src/stm32f3xx_hal_dma.c **** 
 1048              		.loc 1 576 12 view .LVU392
 1049 0008 2568     		ldr	r5, [r4]
 1050              	.LVL64:
 579:Inc/STM32F3xx_HAL_Driver/Src/stm32f3xx_hal_dma.c ****   {
 1051              		.loc 1 579 3 is_stmt 1 view .LVU393
 579:Inc/STM32F3xx_HAL_Driver/Src/stm32f3xx_hal_dma.c ****   {
 1052              		.loc 1 579 49 is_stmt 0 view .LVU394
 1053 000a 016C     		ldr	r1, [r0, #64]
 579:Inc/STM32F3xx_HAL_Driver/Src/stm32f3xx_hal_dma.c ****   {
 1054              		.loc 1 579 42 view .LVU395
 1055 000c 0423     		movs	r3, #4
ARM GAS  /tmp/ccoHJQE2.s 			page 41


 1056 000e 8B40     		lsls	r3, r3, r1
 579:Inc/STM32F3xx_HAL_Driver/Src/stm32f3xx_hal_dma.c ****   {
 1057              		.loc 1 579 6 view .LVU396
 1058 0010 1342     		tst	r3, r2
 1059 0012 13D0     		beq	.L66
 579:Inc/STM32F3xx_HAL_Driver/Src/stm32f3xx_hal_dma.c ****   {
 1060              		.loc 1 579 67 discriminator 1 view .LVU397
 1061 0014 15F0040F 		tst	r5, #4
 1062 0018 10D0     		beq	.L66
 582:Inc/STM32F3xx_HAL_Driver/Src/stm32f3xx_hal_dma.c ****     {
 1063              		.loc 1 582 5 is_stmt 1 view .LVU398
 582:Inc/STM32F3xx_HAL_Driver/Src/stm32f3xx_hal_dma.c ****     {
 1064              		.loc 1 582 23 is_stmt 0 view .LVU399
 1065 001a 2368     		ldr	r3, [r4]
 582:Inc/STM32F3xx_HAL_Driver/Src/stm32f3xx_hal_dma.c ****     {
 1066              		.loc 1 582 7 view .LVU400
 1067 001c 13F0200F 		tst	r3, #32
 1068 0020 03D1     		bne	.L67
 585:Inc/STM32F3xx_HAL_Driver/Src/stm32f3xx_hal_dma.c ****     }
 1069              		.loc 1 585 7 is_stmt 1 view .LVU401
 585:Inc/STM32F3xx_HAL_Driver/Src/stm32f3xx_hal_dma.c ****     }
 1070              		.loc 1 585 21 is_stmt 0 view .LVU402
 1071 0022 2368     		ldr	r3, [r4]
 585:Inc/STM32F3xx_HAL_Driver/Src/stm32f3xx_hal_dma.c ****     }
 1072              		.loc 1 585 27 view .LVU403
 1073 0024 23F00403 		bic	r3, r3, #4
 1074 0028 2360     		str	r3, [r4]
 1075              	.L67:
 589:Inc/STM32F3xx_HAL_Driver/Src/stm32f3xx_hal_dma.c **** 
 1076              		.loc 1 589 5 is_stmt 1 view .LVU404
 589:Inc/STM32F3xx_HAL_Driver/Src/stm32f3xx_hal_dma.c **** 
 1077              		.loc 1 589 54 is_stmt 0 view .LVU405
 1078 002a 016C     		ldr	r1, [r0, #64]
 589:Inc/STM32F3xx_HAL_Driver/Src/stm32f3xx_hal_dma.c **** 
 1079              		.loc 1 589 9 view .LVU406
 1080 002c C26B     		ldr	r2, [r0, #60]
 1081              	.LVL65:
 589:Inc/STM32F3xx_HAL_Driver/Src/stm32f3xx_hal_dma.c **** 
 1082              		.loc 1 589 47 view .LVU407
 1083 002e 0423     		movs	r3, #4
 1084 0030 8B40     		lsls	r3, r3, r1
 589:Inc/STM32F3xx_HAL_Driver/Src/stm32f3xx_hal_dma.c **** 
 1085              		.loc 1 589 32 view .LVU408
 1086 0032 5360     		str	r3, [r2, #4]
 594:Inc/STM32F3xx_HAL_Driver/Src/stm32f3xx_hal_dma.c ****     {
 1087              		.loc 1 594 5 is_stmt 1 view .LVU409
 594:Inc/STM32F3xx_HAL_Driver/Src/stm32f3xx_hal_dma.c ****     {
 1088              		.loc 1 594 12 is_stmt 0 view .LVU410
 1089 0034 C36A     		ldr	r3, [r0, #44]
 594:Inc/STM32F3xx_HAL_Driver/Src/stm32f3xx_hal_dma.c ****     {
 1090              		.loc 1 594 7 view .LVU411
 1091 0036 03B1     		cbz	r3, .L65
 597:Inc/STM32F3xx_HAL_Driver/Src/stm32f3xx_hal_dma.c ****     }
 1092              		.loc 1 597 7 is_stmt 1 view .LVU412
 1093 0038 9847     		blx	r3
 1094              	.LVL66:
 1095              	.L65:
ARM GAS  /tmp/ccoHJQE2.s 			page 42


 653:Inc/STM32F3xx_HAL_Driver/Src/stm32f3xx_hal_dma.c **** 
 1096              		.loc 1 653 1 is_stmt 0 view .LVU413
 1097 003a 38BD     		pop	{r3, r4, r5, pc}
 1098              	.LVL67:
 1099              	.L66:
 602:Inc/STM32F3xx_HAL_Driver/Src/stm32f3xx_hal_dma.c ****   {
 1100              		.loc 1 602 8 is_stmt 1 view .LVU414
 602:Inc/STM32F3xx_HAL_Driver/Src/stm32f3xx_hal_dma.c ****   {
 1101              		.loc 1 602 47 is_stmt 0 view .LVU415
 1102 003c 0223     		movs	r3, #2
 1103 003e 8B40     		lsls	r3, r3, r1
 602:Inc/STM32F3xx_HAL_Driver/Src/stm32f3xx_hal_dma.c ****   {
 1104              		.loc 1 602 11 view .LVU416
 1105 0040 1342     		tst	r3, r2
 1106 0042 1AD0     		beq	.L69
 602:Inc/STM32F3xx_HAL_Driver/Src/stm32f3xx_hal_dma.c ****   {
 1107              		.loc 1 602 72 discriminator 1 view .LVU417
 1108 0044 15F0020F 		tst	r5, #2
 1109 0048 17D0     		beq	.L69
 604:Inc/STM32F3xx_HAL_Driver/Src/stm32f3xx_hal_dma.c ****     {
 1110              		.loc 1 604 5 is_stmt 1 view .LVU418
 604:Inc/STM32F3xx_HAL_Driver/Src/stm32f3xx_hal_dma.c ****     {
 1111              		.loc 1 604 23 is_stmt 0 view .LVU419
 1112 004a 2368     		ldr	r3, [r4]
 604:Inc/STM32F3xx_HAL_Driver/Src/stm32f3xx_hal_dma.c ****     {
 1113              		.loc 1 604 7 view .LVU420
 1114 004c 13F0200F 		tst	r3, #32
 1115 0050 06D1     		bne	.L70
 608:Inc/STM32F3xx_HAL_Driver/Src/stm32f3xx_hal_dma.c **** 
 1116              		.loc 1 608 7 is_stmt 1 view .LVU421
 608:Inc/STM32F3xx_HAL_Driver/Src/stm32f3xx_hal_dma.c **** 
 1117              		.loc 1 608 21 is_stmt 0 view .LVU422
 1118 0052 2368     		ldr	r3, [r4]
 608:Inc/STM32F3xx_HAL_Driver/Src/stm32f3xx_hal_dma.c **** 
 1119              		.loc 1 608 27 view .LVU423
 1120 0054 23F00A03 		bic	r3, r3, #10
 1121 0058 2360     		str	r3, [r4]
 611:Inc/STM32F3xx_HAL_Driver/Src/stm32f3xx_hal_dma.c ****     }
 1122              		.loc 1 611 7 is_stmt 1 view .LVU424
 611:Inc/STM32F3xx_HAL_Driver/Src/stm32f3xx_hal_dma.c ****     }
 1123              		.loc 1 611 19 is_stmt 0 view .LVU425
 1124 005a 0123     		movs	r3, #1
 1125 005c 80F82130 		strb	r3, [r0, #33]
 1126              	.L70:
 615:Inc/STM32F3xx_HAL_Driver/Src/stm32f3xx_hal_dma.c **** 
 1127              		.loc 1 615 5 is_stmt 1 view .LVU426
 615:Inc/STM32F3xx_HAL_Driver/Src/stm32f3xx_hal_dma.c **** 
 1128              		.loc 1 615 54 is_stmt 0 view .LVU427
 1129 0060 016C     		ldr	r1, [r0, #64]
 615:Inc/STM32F3xx_HAL_Driver/Src/stm32f3xx_hal_dma.c **** 
 1130              		.loc 1 615 9 view .LVU428
 1131 0062 C26B     		ldr	r2, [r0, #60]
 1132              	.LVL68:
 615:Inc/STM32F3xx_HAL_Driver/Src/stm32f3xx_hal_dma.c **** 
 1133              		.loc 1 615 47 view .LVU429
 1134 0064 0223     		movs	r3, #2
 1135 0066 8B40     		lsls	r3, r3, r1
ARM GAS  /tmp/ccoHJQE2.s 			page 43


 615:Inc/STM32F3xx_HAL_Driver/Src/stm32f3xx_hal_dma.c **** 
 1136              		.loc 1 615 32 view .LVU430
 1137 0068 5360     		str	r3, [r2, #4]
 618:Inc/STM32F3xx_HAL_Driver/Src/stm32f3xx_hal_dma.c **** 
 1138              		.loc 1 618 5 is_stmt 1 view .LVU431
 618:Inc/STM32F3xx_HAL_Driver/Src/stm32f3xx_hal_dma.c **** 
 1139              		.loc 1 618 5 view .LVU432
 1140 006a 0023     		movs	r3, #0
 1141 006c 80F82030 		strb	r3, [r0, #32]
 618:Inc/STM32F3xx_HAL_Driver/Src/stm32f3xx_hal_dma.c **** 
 1142              		.loc 1 618 5 view .LVU433
 620:Inc/STM32F3xx_HAL_Driver/Src/stm32f3xx_hal_dma.c ****     {
 1143              		.loc 1 620 5 view .LVU434
 620:Inc/STM32F3xx_HAL_Driver/Src/stm32f3xx_hal_dma.c ****     {
 1144              		.loc 1 620 12 is_stmt 0 view .LVU435
 1145 0070 836A     		ldr	r3, [r0, #40]
 620:Inc/STM32F3xx_HAL_Driver/Src/stm32f3xx_hal_dma.c ****     {
 1146              		.loc 1 620 7 view .LVU436
 1147 0072 002B     		cmp	r3, #0
 1148 0074 E1D0     		beq	.L65
 623:Inc/STM32F3xx_HAL_Driver/Src/stm32f3xx_hal_dma.c ****     }
 1149              		.loc 1 623 7 is_stmt 1 view .LVU437
 1150 0076 9847     		blx	r3
 1151              	.LVL69:
 623:Inc/STM32F3xx_HAL_Driver/Src/stm32f3xx_hal_dma.c ****     }
 1152              		.loc 1 623 7 is_stmt 0 view .LVU438
 1153 0078 DFE7     		b	.L65
 1154              	.LVL70:
 1155              	.L69:
 628:Inc/STM32F3xx_HAL_Driver/Src/stm32f3xx_hal_dma.c ****   {
 1156              		.loc 1 628 8 is_stmt 1 view .LVU439
 628:Inc/STM32F3xx_HAL_Driver/Src/stm32f3xx_hal_dma.c ****   {
 1157              		.loc 1 628 48 is_stmt 0 view .LVU440
 1158 007a 0823     		movs	r3, #8
 1159 007c 8B40     		lsls	r3, r3, r1
 628:Inc/STM32F3xx_HAL_Driver/Src/stm32f3xx_hal_dma.c ****   {
 1160              		.loc 1 628 11 view .LVU441
 1161 007e 1342     		tst	r3, r2
 1162 0080 DBD0     		beq	.L65
 628:Inc/STM32F3xx_HAL_Driver/Src/stm32f3xx_hal_dma.c ****   {
 1163              		.loc 1 628 73 discriminator 1 view .LVU442
 1164 0082 15F0080F 		tst	r5, #8
 1165 0086 D8D0     		beq	.L65
 633:Inc/STM32F3xx_HAL_Driver/Src/stm32f3xx_hal_dma.c **** 
 1166              		.loc 1 633 5 is_stmt 1 view .LVU443
 633:Inc/STM32F3xx_HAL_Driver/Src/stm32f3xx_hal_dma.c **** 
 1167              		.loc 1 633 19 is_stmt 0 view .LVU444
 1168 0088 2368     		ldr	r3, [r4]
 633:Inc/STM32F3xx_HAL_Driver/Src/stm32f3xx_hal_dma.c **** 
 1169              		.loc 1 633 25 view .LVU445
 1170 008a 23F00E03 		bic	r3, r3, #14
 1171 008e 2360     		str	r3, [r4]
 636:Inc/STM32F3xx_HAL_Driver/Src/stm32f3xx_hal_dma.c **** 
 1172              		.loc 1 636 5 is_stmt 1 view .LVU446
 636:Inc/STM32F3xx_HAL_Driver/Src/stm32f3xx_hal_dma.c **** 
 1173              		.loc 1 636 54 is_stmt 0 view .LVU447
 1174 0090 026C     		ldr	r2, [r0, #64]
ARM GAS  /tmp/ccoHJQE2.s 			page 44


 1175              	.LVL71:
 636:Inc/STM32F3xx_HAL_Driver/Src/stm32f3xx_hal_dma.c **** 
 1176              		.loc 1 636 9 view .LVU448
 1177 0092 C16B     		ldr	r1, [r0, #60]
 636:Inc/STM32F3xx_HAL_Driver/Src/stm32f3xx_hal_dma.c **** 
 1178              		.loc 1 636 47 view .LVU449
 1179 0094 0123     		movs	r3, #1
 1180 0096 03FA02F2 		lsl	r2, r3, r2
 636:Inc/STM32F3xx_HAL_Driver/Src/stm32f3xx_hal_dma.c **** 
 1181              		.loc 1 636 32 view .LVU450
 1182 009a 4A60     		str	r2, [r1, #4]
 639:Inc/STM32F3xx_HAL_Driver/Src/stm32f3xx_hal_dma.c **** 
 1183              		.loc 1 639 5 is_stmt 1 view .LVU451
 639:Inc/STM32F3xx_HAL_Driver/Src/stm32f3xx_hal_dma.c **** 
 1184              		.loc 1 639 21 is_stmt 0 view .LVU452
 1185 009c 8363     		str	r3, [r0, #56]
 642:Inc/STM32F3xx_HAL_Driver/Src/stm32f3xx_hal_dma.c **** 
 1186              		.loc 1 642 5 is_stmt 1 view .LVU453
 642:Inc/STM32F3xx_HAL_Driver/Src/stm32f3xx_hal_dma.c **** 
 1187              		.loc 1 642 17 is_stmt 0 view .LVU454
 1188 009e 80F82130 		strb	r3, [r0, #33]
 645:Inc/STM32F3xx_HAL_Driver/Src/stm32f3xx_hal_dma.c **** 
 1189              		.loc 1 645 5 is_stmt 1 view .LVU455
 645:Inc/STM32F3xx_HAL_Driver/Src/stm32f3xx_hal_dma.c **** 
 1190              		.loc 1 645 5 view .LVU456
 1191 00a2 0023     		movs	r3, #0
 1192 00a4 80F82030 		strb	r3, [r0, #32]
 645:Inc/STM32F3xx_HAL_Driver/Src/stm32f3xx_hal_dma.c **** 
 1193              		.loc 1 645 5 view .LVU457
 647:Inc/STM32F3xx_HAL_Driver/Src/stm32f3xx_hal_dma.c ****     {
 1194              		.loc 1 647 5 view .LVU458
 647:Inc/STM32F3xx_HAL_Driver/Src/stm32f3xx_hal_dma.c ****     {
 1195              		.loc 1 647 12 is_stmt 0 view .LVU459
 1196 00a8 036B     		ldr	r3, [r0, #48]
 647:Inc/STM32F3xx_HAL_Driver/Src/stm32f3xx_hal_dma.c ****     {
 1197              		.loc 1 647 7 view .LVU460
 1198 00aa 002B     		cmp	r3, #0
 1199 00ac C5D0     		beq	.L65
 650:Inc/STM32F3xx_HAL_Driver/Src/stm32f3xx_hal_dma.c ****     }
 1200              		.loc 1 650 7 is_stmt 1 view .LVU461
 1201 00ae 9847     		blx	r3
 1202              	.LVL72:
 653:Inc/STM32F3xx_HAL_Driver/Src/stm32f3xx_hal_dma.c **** 
 1203              		.loc 1 653 1 is_stmt 0 view .LVU462
 1204 00b0 C3E7     		b	.L65
 1205              		.cfi_endproc
 1206              	.LFE137:
 1208              		.section	.text.HAL_DMA_RegisterCallback,"ax",%progbits
 1209              		.align	1
 1210              		.global	HAL_DMA_RegisterCallback
 1211              		.syntax unified
 1212              		.thumb
 1213              		.thumb_func
 1215              	HAL_DMA_RegisterCallback:
 1216              	.LVL73:
 1217              	.LFB138:
 666:Inc/STM32F3xx_HAL_Driver/Src/stm32f3xx_hal_dma.c ****   HAL_StatusTypeDef status = HAL_OK;
ARM GAS  /tmp/ccoHJQE2.s 			page 45


 1218              		.loc 1 666 1 is_stmt 1 view -0
 1219              		.cfi_startproc
 1220              		@ args = 0, pretend = 0, frame = 0
 1221              		@ frame_needed = 0, uses_anonymous_args = 0
 1222              		@ link register save eliminated.
 666:Inc/STM32F3xx_HAL_Driver/Src/stm32f3xx_hal_dma.c ****   HAL_StatusTypeDef status = HAL_OK;
 1223              		.loc 1 666 1 is_stmt 0 view .LVU464
 1224 0000 0346     		mov	r3, r0
 667:Inc/STM32F3xx_HAL_Driver/Src/stm32f3xx_hal_dma.c **** 
 1225              		.loc 1 667 3 is_stmt 1 view .LVU465
 1226              	.LVL74:
 670:Inc/STM32F3xx_HAL_Driver/Src/stm32f3xx_hal_dma.c **** 
 1227              		.loc 1 670 3 view .LVU466
 670:Inc/STM32F3xx_HAL_Driver/Src/stm32f3xx_hal_dma.c **** 
 1228              		.loc 1 670 3 view .LVU467
 1229 0002 90F82000 		ldrb	r0, [r0, #32]	@ zero_extendqisi2
 1230              	.LVL75:
 670:Inc/STM32F3xx_HAL_Driver/Src/stm32f3xx_hal_dma.c **** 
 1231              		.loc 1 670 3 is_stmt 0 view .LVU468
 1232 0006 0128     		cmp	r0, #1
 1233 0008 1DD0     		beq	.L80
 670:Inc/STM32F3xx_HAL_Driver/Src/stm32f3xx_hal_dma.c **** 
 1234              		.loc 1 670 3 is_stmt 1 discriminator 2 view .LVU469
 1235 000a 0120     		movs	r0, #1
 1236 000c 83F82000 		strb	r0, [r3, #32]
 670:Inc/STM32F3xx_HAL_Driver/Src/stm32f3xx_hal_dma.c **** 
 1237              		.loc 1 670 3 view .LVU470
 672:Inc/STM32F3xx_HAL_Driver/Src/stm32f3xx_hal_dma.c ****   {
 1238              		.loc 1 672 3 view .LVU471
 672:Inc/STM32F3xx_HAL_Driver/Src/stm32f3xx_hal_dma.c ****   {
 1239              		.loc 1 672 33 is_stmt 0 view .LVU472
 1240 0010 93F82100 		ldrb	r0, [r3, #33]	@ zero_extendqisi2
 672:Inc/STM32F3xx_HAL_Driver/Src/stm32f3xx_hal_dma.c ****   {
 1241              		.loc 1 672 5 view .LVU473
 1242 0014 0128     		cmp	r0, #1
 1243 0016 04D0     		beq	.L83
 699:Inc/STM32F3xx_HAL_Driver/Src/stm32f3xx_hal_dma.c ****   }
 1244              		.loc 1 699 12 view .LVU474
 1245 0018 0120     		movs	r0, #1
 1246              	.L74:
 1247              	.LVL76:
 703:Inc/STM32F3xx_HAL_Driver/Src/stm32f3xx_hal_dma.c **** 
 1248              		.loc 1 703 3 is_stmt 1 view .LVU475
 703:Inc/STM32F3xx_HAL_Driver/Src/stm32f3xx_hal_dma.c **** 
 1249              		.loc 1 703 3 view .LVU476
 1250 001a 0022     		movs	r2, #0
 1251              	.LVL77:
 703:Inc/STM32F3xx_HAL_Driver/Src/stm32f3xx_hal_dma.c **** 
 1252              		.loc 1 703 3 is_stmt 0 view .LVU477
 1253 001c 83F82020 		strb	r2, [r3, #32]
 703:Inc/STM32F3xx_HAL_Driver/Src/stm32f3xx_hal_dma.c **** 
 1254              		.loc 1 703 3 is_stmt 1 view .LVU478
 705:Inc/STM32F3xx_HAL_Driver/Src/stm32f3xx_hal_dma.c **** }
 1255              		.loc 1 705 3 view .LVU479
 705:Inc/STM32F3xx_HAL_Driver/Src/stm32f3xx_hal_dma.c **** }
 1256              		.loc 1 705 10 is_stmt 0 view .LVU480
 1257 0020 7047     		bx	lr
ARM GAS  /tmp/ccoHJQE2.s 			page 46


 1258              	.LVL78:
 1259              	.L83:
 674:Inc/STM32F3xx_HAL_Driver/Src/stm32f3xx_hal_dma.c ****     {
 1260              		.loc 1 674 5 is_stmt 1 view .LVU481
 1261 0022 0329     		cmp	r1, #3
 1262 0024 F9D8     		bhi	.L74
 1263 0026 DFE801F0 		tbb	[pc, r1]
 1264              	.L76:
 1265 002a 02       		.byte	(.L79-.L76)/2
 1266 002b 05       		.byte	(.L78-.L76)/2
 1267 002c 08       		.byte	(.L77-.L76)/2
 1268 002d 0B       		.byte	(.L75-.L76)/2
 1269              		.p2align 1
 1270              	.L79:
 677:Inc/STM32F3xx_HAL_Driver/Src/stm32f3xx_hal_dma.c ****            break;
 1271              		.loc 1 677 12 view .LVU482
 677:Inc/STM32F3xx_HAL_Driver/Src/stm32f3xx_hal_dma.c ****            break;
 1272              		.loc 1 677 35 is_stmt 0 view .LVU483
 1273 002e 9A62     		str	r2, [r3, #40]
 678:Inc/STM32F3xx_HAL_Driver/Src/stm32f3xx_hal_dma.c **** 
 1274              		.loc 1 678 12 is_stmt 1 view .LVU484
 667:Inc/STM32F3xx_HAL_Driver/Src/stm32f3xx_hal_dma.c **** 
 1275              		.loc 1 667 21 is_stmt 0 view .LVU485
 1276 0030 0846     		mov	r0, r1
 678:Inc/STM32F3xx_HAL_Driver/Src/stm32f3xx_hal_dma.c **** 
 1277              		.loc 1 678 12 view .LVU486
 1278 0032 F2E7     		b	.L74
 1279              	.L78:
 681:Inc/STM32F3xx_HAL_Driver/Src/stm32f3xx_hal_dma.c ****            break;
 1280              		.loc 1 681 12 is_stmt 1 view .LVU487
 681:Inc/STM32F3xx_HAL_Driver/Src/stm32f3xx_hal_dma.c ****            break;
 1281              		.loc 1 681 39 is_stmt 0 view .LVU488
 1282 0034 DA62     		str	r2, [r3, #44]
 682:Inc/STM32F3xx_HAL_Driver/Src/stm32f3xx_hal_dma.c **** 
 1283              		.loc 1 682 12 is_stmt 1 view .LVU489
 667:Inc/STM32F3xx_HAL_Driver/Src/stm32f3xx_hal_dma.c **** 
 1284              		.loc 1 667 21 is_stmt 0 view .LVU490
 1285 0036 0020     		movs	r0, #0
 682:Inc/STM32F3xx_HAL_Driver/Src/stm32f3xx_hal_dma.c **** 
 1286              		.loc 1 682 12 view .LVU491
 1287 0038 EFE7     		b	.L74
 1288              	.L77:
 685:Inc/STM32F3xx_HAL_Driver/Src/stm32f3xx_hal_dma.c ****            break;
 1289              		.loc 1 685 12 is_stmt 1 view .LVU492
 685:Inc/STM32F3xx_HAL_Driver/Src/stm32f3xx_hal_dma.c ****            break;
 1290              		.loc 1 685 36 is_stmt 0 view .LVU493
 1291 003a 1A63     		str	r2, [r3, #48]
 686:Inc/STM32F3xx_HAL_Driver/Src/stm32f3xx_hal_dma.c **** 
 1292              		.loc 1 686 12 is_stmt 1 view .LVU494
 667:Inc/STM32F3xx_HAL_Driver/Src/stm32f3xx_hal_dma.c **** 
 1293              		.loc 1 667 21 is_stmt 0 view .LVU495
 1294 003c 0020     		movs	r0, #0
 686:Inc/STM32F3xx_HAL_Driver/Src/stm32f3xx_hal_dma.c **** 
 1295              		.loc 1 686 12 view .LVU496
 1296 003e ECE7     		b	.L74
 1297              	.L75:
 689:Inc/STM32F3xx_HAL_Driver/Src/stm32f3xx_hal_dma.c ****            break;
ARM GAS  /tmp/ccoHJQE2.s 			page 47


 1298              		.loc 1 689 12 is_stmt 1 view .LVU497
 689:Inc/STM32F3xx_HAL_Driver/Src/stm32f3xx_hal_dma.c ****            break;
 1299              		.loc 1 689 36 is_stmt 0 view .LVU498
 1300 0040 5A63     		str	r2, [r3, #52]
 690:Inc/STM32F3xx_HAL_Driver/Src/stm32f3xx_hal_dma.c **** 
 1301              		.loc 1 690 12 is_stmt 1 view .LVU499
 667:Inc/STM32F3xx_HAL_Driver/Src/stm32f3xx_hal_dma.c **** 
 1302              		.loc 1 667 21 is_stmt 0 view .LVU500
 1303 0042 0020     		movs	r0, #0
 690:Inc/STM32F3xx_HAL_Driver/Src/stm32f3xx_hal_dma.c **** 
 1304              		.loc 1 690 12 view .LVU501
 1305 0044 E9E7     		b	.L74
 1306              	.L80:
 670:Inc/STM32F3xx_HAL_Driver/Src/stm32f3xx_hal_dma.c **** 
 1307              		.loc 1 670 3 discriminator 1 view .LVU502
 1308 0046 0220     		movs	r0, #2
 706:Inc/STM32F3xx_HAL_Driver/Src/stm32f3xx_hal_dma.c **** 
 1309              		.loc 1 706 1 view .LVU503
 1310 0048 7047     		bx	lr
 1311              		.cfi_endproc
 1312              	.LFE138:
 1314              		.section	.text.HAL_DMA_UnRegisterCallback,"ax",%progbits
 1315              		.align	1
 1316              		.global	HAL_DMA_UnRegisterCallback
 1317              		.syntax unified
 1318              		.thumb
 1319              		.thumb_func
 1321              	HAL_DMA_UnRegisterCallback:
 1322              	.LVL79:
 1323              	.LFB139:
 717:Inc/STM32F3xx_HAL_Driver/Src/stm32f3xx_hal_dma.c ****   HAL_StatusTypeDef status = HAL_OK;
 1324              		.loc 1 717 1 is_stmt 1 view -0
 1325              		.cfi_startproc
 1326              		@ args = 0, pretend = 0, frame = 0
 1327              		@ frame_needed = 0, uses_anonymous_args = 0
 1328              		@ link register save eliminated.
 717:Inc/STM32F3xx_HAL_Driver/Src/stm32f3xx_hal_dma.c ****   HAL_StatusTypeDef status = HAL_OK;
 1329              		.loc 1 717 1 is_stmt 0 view .LVU505
 1330 0000 0346     		mov	r3, r0
 718:Inc/STM32F3xx_HAL_Driver/Src/stm32f3xx_hal_dma.c **** 
 1331              		.loc 1 718 3 is_stmt 1 view .LVU506
 1332              	.LVL80:
 721:Inc/STM32F3xx_HAL_Driver/Src/stm32f3xx_hal_dma.c **** 
 1333              		.loc 1 721 3 view .LVU507
 721:Inc/STM32F3xx_HAL_Driver/Src/stm32f3xx_hal_dma.c **** 
 1334              		.loc 1 721 3 view .LVU508
 1335 0002 90F82020 		ldrb	r2, [r0, #32]	@ zero_extendqisi2
 1336 0006 012A     		cmp	r2, #1
 1337 0008 25D0     		beq	.L93
 721:Inc/STM32F3xx_HAL_Driver/Src/stm32f3xx_hal_dma.c **** 
 1338              		.loc 1 721 3 discriminator 2 view .LVU509
 1339 000a 0122     		movs	r2, #1
 1340 000c 80F82020 		strb	r2, [r0, #32]
 721:Inc/STM32F3xx_HAL_Driver/Src/stm32f3xx_hal_dma.c **** 
 1341              		.loc 1 721 3 view .LVU510
 723:Inc/STM32F3xx_HAL_Driver/Src/stm32f3xx_hal_dma.c ****   {
 1342              		.loc 1 723 3 view .LVU511
ARM GAS  /tmp/ccoHJQE2.s 			page 48


 723:Inc/STM32F3xx_HAL_Driver/Src/stm32f3xx_hal_dma.c ****   {
 1343              		.loc 1 723 33 is_stmt 0 view .LVU512
 1344 0010 90F82100 		ldrb	r0, [r0, #33]	@ zero_extendqisi2
 1345              	.LVL81:
 723:Inc/STM32F3xx_HAL_Driver/Src/stm32f3xx_hal_dma.c ****   {
 1346              		.loc 1 723 5 view .LVU513
 1347 0014 9042     		cmp	r0, r2
 1348 0016 04D0     		beq	.L96
 757:Inc/STM32F3xx_HAL_Driver/Src/stm32f3xx_hal_dma.c ****   }
 1349              		.loc 1 757 12 view .LVU514
 1350 0018 0120     		movs	r0, #1
 1351              	.L86:
 1352              	.LVL82:
 761:Inc/STM32F3xx_HAL_Driver/Src/stm32f3xx_hal_dma.c **** 
 1353              		.loc 1 761 3 is_stmt 1 view .LVU515
 761:Inc/STM32F3xx_HAL_Driver/Src/stm32f3xx_hal_dma.c **** 
 1354              		.loc 1 761 3 view .LVU516
 1355 001a 0022     		movs	r2, #0
 1356 001c 83F82020 		strb	r2, [r3, #32]
 761:Inc/STM32F3xx_HAL_Driver/Src/stm32f3xx_hal_dma.c **** 
 1357              		.loc 1 761 3 view .LVU517
 763:Inc/STM32F3xx_HAL_Driver/Src/stm32f3xx_hal_dma.c **** }
 1358              		.loc 1 763 3 view .LVU518
 763:Inc/STM32F3xx_HAL_Driver/Src/stm32f3xx_hal_dma.c **** }
 1359              		.loc 1 763 10 is_stmt 0 view .LVU519
 1360 0020 7047     		bx	lr
 1361              	.LVL83:
 1362              	.L96:
 725:Inc/STM32F3xx_HAL_Driver/Src/stm32f3xx_hal_dma.c ****     {
 1363              		.loc 1 725 5 is_stmt 1 view .LVU520
 1364 0022 0429     		cmp	r1, #4
 1365 0024 F9D8     		bhi	.L86
 1366 0026 DFE801F0 		tbb	[pc, r1]
 1367              	.L88:
 1368 002a 03       		.byte	(.L92-.L88)/2
 1369 002b 07       		.byte	(.L91-.L88)/2
 1370 002c 0A       		.byte	(.L90-.L88)/2
 1371 002d 0D       		.byte	(.L89-.L88)/2
 1372 002e 10       		.byte	(.L87-.L88)/2
 1373 002f 00       		.p2align 1
 1374              	.L92:
 728:Inc/STM32F3xx_HAL_Driver/Src/stm32f3xx_hal_dma.c ****            break;
 1375              		.loc 1 728 12 view .LVU521
 728:Inc/STM32F3xx_HAL_Driver/Src/stm32f3xx_hal_dma.c ****            break;
 1376              		.loc 1 728 35 is_stmt 0 view .LVU522
 1377 0030 0022     		movs	r2, #0
 1378 0032 9A62     		str	r2, [r3, #40]
 729:Inc/STM32F3xx_HAL_Driver/Src/stm32f3xx_hal_dma.c **** 
 1379              		.loc 1 729 12 is_stmt 1 view .LVU523
 718:Inc/STM32F3xx_HAL_Driver/Src/stm32f3xx_hal_dma.c **** 
 1380              		.loc 1 718 21 is_stmt 0 view .LVU524
 1381 0034 0846     		mov	r0, r1
 729:Inc/STM32F3xx_HAL_Driver/Src/stm32f3xx_hal_dma.c **** 
 1382              		.loc 1 729 12 view .LVU525
 1383 0036 F0E7     		b	.L86
 1384              	.L91:
 732:Inc/STM32F3xx_HAL_Driver/Src/stm32f3xx_hal_dma.c ****            break;
ARM GAS  /tmp/ccoHJQE2.s 			page 49


 1385              		.loc 1 732 12 is_stmt 1 view .LVU526
 732:Inc/STM32F3xx_HAL_Driver/Src/stm32f3xx_hal_dma.c ****            break;
 1386              		.loc 1 732 39 is_stmt 0 view .LVU527
 1387 0038 0020     		movs	r0, #0
 1388 003a D862     		str	r0, [r3, #44]
 733:Inc/STM32F3xx_HAL_Driver/Src/stm32f3xx_hal_dma.c **** 
 1389              		.loc 1 733 12 is_stmt 1 view .LVU528
 1390 003c EDE7     		b	.L86
 1391              	.L90:
 736:Inc/STM32F3xx_HAL_Driver/Src/stm32f3xx_hal_dma.c ****            break;
 1392              		.loc 1 736 12 view .LVU529
 736:Inc/STM32F3xx_HAL_Driver/Src/stm32f3xx_hal_dma.c ****            break;
 1393              		.loc 1 736 36 is_stmt 0 view .LVU530
 1394 003e 0020     		movs	r0, #0
 1395 0040 1863     		str	r0, [r3, #48]
 737:Inc/STM32F3xx_HAL_Driver/Src/stm32f3xx_hal_dma.c **** 
 1396              		.loc 1 737 12 is_stmt 1 view .LVU531
 1397 0042 EAE7     		b	.L86
 1398              	.L89:
 740:Inc/STM32F3xx_HAL_Driver/Src/stm32f3xx_hal_dma.c ****            break;
 1399              		.loc 1 740 12 view .LVU532
 740:Inc/STM32F3xx_HAL_Driver/Src/stm32f3xx_hal_dma.c ****            break;
 1400              		.loc 1 740 36 is_stmt 0 view .LVU533
 1401 0044 0020     		movs	r0, #0
 1402 0046 5863     		str	r0, [r3, #52]
 741:Inc/STM32F3xx_HAL_Driver/Src/stm32f3xx_hal_dma.c **** 
 1403              		.loc 1 741 12 is_stmt 1 view .LVU534
 1404 0048 E7E7     		b	.L86
 1405              	.L87:
 744:Inc/STM32F3xx_HAL_Driver/Src/stm32f3xx_hal_dma.c ****            hdma->XferHalfCpltCallback = NULL;
 1406              		.loc 1 744 12 view .LVU535
 744:Inc/STM32F3xx_HAL_Driver/Src/stm32f3xx_hal_dma.c ****            hdma->XferHalfCpltCallback = NULL;
 1407              		.loc 1 744 35 is_stmt 0 view .LVU536
 1408 004a 0020     		movs	r0, #0
 1409 004c 9862     		str	r0, [r3, #40]
 745:Inc/STM32F3xx_HAL_Driver/Src/stm32f3xx_hal_dma.c ****            hdma->XferErrorCallback = NULL;
 1410              		.loc 1 745 12 is_stmt 1 view .LVU537
 745:Inc/STM32F3xx_HAL_Driver/Src/stm32f3xx_hal_dma.c ****            hdma->XferErrorCallback = NULL;
 1411              		.loc 1 745 39 is_stmt 0 view .LVU538
 1412 004e D862     		str	r0, [r3, #44]
 746:Inc/STM32F3xx_HAL_Driver/Src/stm32f3xx_hal_dma.c ****            hdma->XferAbortCallback = NULL;
 1413              		.loc 1 746 12 is_stmt 1 view .LVU539
 746:Inc/STM32F3xx_HAL_Driver/Src/stm32f3xx_hal_dma.c ****            hdma->XferAbortCallback = NULL;
 1414              		.loc 1 746 36 is_stmt 0 view .LVU540
 1415 0050 1863     		str	r0, [r3, #48]
 747:Inc/STM32F3xx_HAL_Driver/Src/stm32f3xx_hal_dma.c ****            break;
 1416              		.loc 1 747 12 is_stmt 1 view .LVU541
 747:Inc/STM32F3xx_HAL_Driver/Src/stm32f3xx_hal_dma.c ****            break;
 1417              		.loc 1 747 36 is_stmt 0 view .LVU542
 1418 0052 5863     		str	r0, [r3, #52]
 748:Inc/STM32F3xx_HAL_Driver/Src/stm32f3xx_hal_dma.c **** 
 1419              		.loc 1 748 12 is_stmt 1 view .LVU543
 1420 0054 E1E7     		b	.L86
 1421              	.LVL84:
 1422              	.L93:
 721:Inc/STM32F3xx_HAL_Driver/Src/stm32f3xx_hal_dma.c **** 
 1423              		.loc 1 721 3 is_stmt 0 discriminator 1 view .LVU544
ARM GAS  /tmp/ccoHJQE2.s 			page 50


 1424 0056 0220     		movs	r0, #2
 1425              	.LVL85:
 764:Inc/STM32F3xx_HAL_Driver/Src/stm32f3xx_hal_dma.c **** 
 1426              		.loc 1 764 1 view .LVU545
 1427 0058 7047     		bx	lr
 1428              		.cfi_endproc
 1429              	.LFE139:
 1431              		.section	.text.HAL_DMA_GetState,"ax",%progbits
 1432              		.align	1
 1433              		.global	HAL_DMA_GetState
 1434              		.syntax unified
 1435              		.thumb
 1436              		.thumb_func
 1438              	HAL_DMA_GetState:
 1439              	.LVL86:
 1440              	.LFB140:
 793:Inc/STM32F3xx_HAL_Driver/Src/stm32f3xx_hal_dma.c ****   return hdma->State;
 1441              		.loc 1 793 1 is_stmt 1 view -0
 1442              		.cfi_startproc
 1443              		@ args = 0, pretend = 0, frame = 0
 1444              		@ frame_needed = 0, uses_anonymous_args = 0
 1445              		@ link register save eliminated.
 794:Inc/STM32F3xx_HAL_Driver/Src/stm32f3xx_hal_dma.c **** }
 1446              		.loc 1 794 3 view .LVU547
 795:Inc/STM32F3xx_HAL_Driver/Src/stm32f3xx_hal_dma.c **** 
 1447              		.loc 1 795 1 is_stmt 0 view .LVU548
 1448 0000 90F82100 		ldrb	r0, [r0, #33]	@ zero_extendqisi2
 1449              	.LVL87:
 795:Inc/STM32F3xx_HAL_Driver/Src/stm32f3xx_hal_dma.c **** 
 1450              		.loc 1 795 1 view .LVU549
 1451 0004 7047     		bx	lr
 1452              		.cfi_endproc
 1453              	.LFE140:
 1455              		.section	.text.HAL_DMA_GetError,"ax",%progbits
 1456              		.align	1
 1457              		.global	HAL_DMA_GetError
 1458              		.syntax unified
 1459              		.thumb
 1460              		.thumb_func
 1462              	HAL_DMA_GetError:
 1463              	.LVL88:
 1464              	.LFB141:
 804:Inc/STM32F3xx_HAL_Driver/Src/stm32f3xx_hal_dma.c ****   return hdma->ErrorCode;
 1465              		.loc 1 804 1 is_stmt 1 view -0
 1466              		.cfi_startproc
 1467              		@ args = 0, pretend = 0, frame = 0
 1468              		@ frame_needed = 0, uses_anonymous_args = 0
 1469              		@ link register save eliminated.
 805:Inc/STM32F3xx_HAL_Driver/Src/stm32f3xx_hal_dma.c **** }
 1470              		.loc 1 805 3 view .LVU551
 805:Inc/STM32F3xx_HAL_Driver/Src/stm32f3xx_hal_dma.c **** }
 1471              		.loc 1 805 14 is_stmt 0 view .LVU552
 1472 0000 806B     		ldr	r0, [r0, #56]
 1473              	.LVL89:
 806:Inc/STM32F3xx_HAL_Driver/Src/stm32f3xx_hal_dma.c **** 
 1474              		.loc 1 806 1 view .LVU553
 1475 0002 7047     		bx	lr
ARM GAS  /tmp/ccoHJQE2.s 			page 51


 1476              		.cfi_endproc
 1477              	.LFE141:
 1479              		.text
 1480              	.Letext0:
 1481              		.file 2 "/usr/arm-none-eabi/include/machine/_default_types.h"
 1482              		.file 3 "/usr/arm-none-eabi/include/sys/_stdint.h"
 1483              		.file 4 "Inc/CMSIS/Device/ST/STM32F3xx/Include/stm32f303xe.h"
 1484              		.file 5 "Inc/CMSIS/Device/ST/STM32F3xx/Include/stm32f3xx.h"
 1485              		.file 6 "Inc/STM32F3xx_HAL_Driver/Inc/stm32f3xx_hal_def.h"
 1486              		.file 7 "Inc/STM32F3xx_HAL_Driver/Inc/stm32f3xx_hal_dma.h"
 1487              		.file 8 "Inc/STM32F3xx_HAL_Driver/Inc/stm32f3xx_hal.h"
ARM GAS  /tmp/ccoHJQE2.s 			page 52


DEFINED SYMBOLS
                            *ABS*:00000000 stm32f3xx_hal_dma.c
     /tmp/ccoHJQE2.s:21     .text.DMA_SetConfig:00000000 $t
     /tmp/ccoHJQE2.s:26     .text.DMA_SetConfig:00000000 DMA_SetConfig
     /tmp/ccoHJQE2.s:97     .text.DMA_CalcBaseAndBitshift:00000000 $t
     /tmp/ccoHJQE2.s:102    .text.DMA_CalcBaseAndBitshift:00000000 DMA_CalcBaseAndBitshift
     /tmp/ccoHJQE2.s:156    .text.DMA_CalcBaseAndBitshift:00000034 $d
     /tmp/ccoHJQE2.s:166    .text.HAL_DMA_Init:00000000 $t
     /tmp/ccoHJQE2.s:172    .text.HAL_DMA_Init:00000000 HAL_DMA_Init
     /tmp/ccoHJQE2.s:277    .text.HAL_DMA_DeInit:00000000 $t
     /tmp/ccoHJQE2.s:283    .text.HAL_DMA_DeInit:00000000 HAL_DMA_DeInit
     /tmp/ccoHJQE2.s:387    .text.HAL_DMA_Start:00000000 $t
     /tmp/ccoHJQE2.s:393    .text.HAL_DMA_Start:00000000 HAL_DMA_Start
     /tmp/ccoHJQE2.s:485    .text.HAL_DMA_Start_IT:00000000 $t
     /tmp/ccoHJQE2.s:491    .text.HAL_DMA_Start_IT:00000000 HAL_DMA_Start_IT
     /tmp/ccoHJQE2.s:615    .text.HAL_DMA_Abort:00000000 $t
     /tmp/ccoHJQE2.s:621    .text.HAL_DMA_Abort:00000000 HAL_DMA_Abort
     /tmp/ccoHJQE2.s:705    .text.HAL_DMA_Abort_IT:00000000 $t
     /tmp/ccoHJQE2.s:711    .text.HAL_DMA_Abort_IT:00000000 HAL_DMA_Abort_IT
     /tmp/ccoHJQE2.s:802    .text.HAL_DMA_PollForTransfer:00000000 $t
     /tmp/ccoHJQE2.s:808    .text.HAL_DMA_PollForTransfer:00000000 HAL_DMA_PollForTransfer
     /tmp/ccoHJQE2.s:1019   .text.HAL_DMA_IRQHandler:00000000 $t
     /tmp/ccoHJQE2.s:1025   .text.HAL_DMA_IRQHandler:00000000 HAL_DMA_IRQHandler
     /tmp/ccoHJQE2.s:1209   .text.HAL_DMA_RegisterCallback:00000000 $t
     /tmp/ccoHJQE2.s:1215   .text.HAL_DMA_RegisterCallback:00000000 HAL_DMA_RegisterCallback
     /tmp/ccoHJQE2.s:1265   .text.HAL_DMA_RegisterCallback:0000002a $d
     /tmp/ccoHJQE2.s:1269   .text.HAL_DMA_RegisterCallback:0000002e $t
     /tmp/ccoHJQE2.s:1315   .text.HAL_DMA_UnRegisterCallback:00000000 $t
     /tmp/ccoHJQE2.s:1321   .text.HAL_DMA_UnRegisterCallback:00000000 HAL_DMA_UnRegisterCallback
     /tmp/ccoHJQE2.s:1368   .text.HAL_DMA_UnRegisterCallback:0000002a $d
     /tmp/ccoHJQE2.s:1432   .text.HAL_DMA_GetState:00000000 $t
     /tmp/ccoHJQE2.s:1438   .text.HAL_DMA_GetState:00000000 HAL_DMA_GetState
     /tmp/ccoHJQE2.s:1456   .text.HAL_DMA_GetError:00000000 $t
     /tmp/ccoHJQE2.s:1462   .text.HAL_DMA_GetError:00000000 HAL_DMA_GetError
     /tmp/ccoHJQE2.s:1373   .text.HAL_DMA_UnRegisterCallback:0000002f $d
     /tmp/ccoHJQE2.s:1373   .text.HAL_DMA_UnRegisterCallback:00000030 $t

UNDEFINED SYMBOLS
HAL_GetTick
