ARM GAS  /tmp/ccTvL2QU.s 			page 1


   1              		.cpu cortex-m4
   2              		.arch armv7e-m
   3              		.fpu fpv4-sp-d16
   4              		.eabi_attribute 27, 1
   5              		.eabi_attribute 28, 1
   6              		.eabi_attribute 20, 1
   7              		.eabi_attribute 21, 1
   8              		.eabi_attribute 23, 3
   9              		.eabi_attribute 24, 1
  10              		.eabi_attribute 25, 1
  11              		.eabi_attribute 26, 1
  12              		.eabi_attribute 30, 1
  13              		.eabi_attribute 34, 1
  14              		.eabi_attribute 18, 4
  15              		.file	"stm32f3xx_hal_rcc_ex.c"
  16              		.text
  17              	.Ltext0:
  18              		.cfi_sections	.debug_frame
  19              		.file 1 "Inc/STM32F3xx_HAL_Driver/Src/stm32f3xx_hal_rcc_ex.c"
  20              		.section	.text.RCC_GetPLLCLKFreq,"ax",%progbits
  21              		.align	1
  22              		.syntax unified
  23              		.thumb
  24              		.thumb_func
  26              	RCC_GetPLLCLKFreq:
  27              	.LFB133:
   1:Inc/STM32F3xx_HAL_Driver/Src/stm32f3xx_hal_rcc_ex.c **** /**
   2:Inc/STM32F3xx_HAL_Driver/Src/stm32f3xx_hal_rcc_ex.c ****   ******************************************************************************
   3:Inc/STM32F3xx_HAL_Driver/Src/stm32f3xx_hal_rcc_ex.c ****   * @file    stm32f3xx_hal_rcc_ex.c
   4:Inc/STM32F3xx_HAL_Driver/Src/stm32f3xx_hal_rcc_ex.c ****   * @author  MCD Application Team
   5:Inc/STM32F3xx_HAL_Driver/Src/stm32f3xx_hal_rcc_ex.c ****   * @brief   Extended RCC HAL module driver.
   6:Inc/STM32F3xx_HAL_Driver/Src/stm32f3xx_hal_rcc_ex.c ****   *          This file provides firmware functions to manage the following 
   7:Inc/STM32F3xx_HAL_Driver/Src/stm32f3xx_hal_rcc_ex.c ****   *          functionalities RCC extension peripheral:
   8:Inc/STM32F3xx_HAL_Driver/Src/stm32f3xx_hal_rcc_ex.c ****   *           + Extended Peripheral Control functions
   9:Inc/STM32F3xx_HAL_Driver/Src/stm32f3xx_hal_rcc_ex.c ****   *  
  10:Inc/STM32F3xx_HAL_Driver/Src/stm32f3xx_hal_rcc_ex.c ****   ******************************************************************************
  11:Inc/STM32F3xx_HAL_Driver/Src/stm32f3xx_hal_rcc_ex.c ****   * @attention
  12:Inc/STM32F3xx_HAL_Driver/Src/stm32f3xx_hal_rcc_ex.c ****   *
  13:Inc/STM32F3xx_HAL_Driver/Src/stm32f3xx_hal_rcc_ex.c ****   * Copyright (c) 2016 STMicroelectronics.
  14:Inc/STM32F3xx_HAL_Driver/Src/stm32f3xx_hal_rcc_ex.c ****   * All rights reserved.
  15:Inc/STM32F3xx_HAL_Driver/Src/stm32f3xx_hal_rcc_ex.c ****   *
  16:Inc/STM32F3xx_HAL_Driver/Src/stm32f3xx_hal_rcc_ex.c ****   * This software is licensed under terms that can be found in the LICENSE file in
  17:Inc/STM32F3xx_HAL_Driver/Src/stm32f3xx_hal_rcc_ex.c ****   * the root directory of this software component.
  18:Inc/STM32F3xx_HAL_Driver/Src/stm32f3xx_hal_rcc_ex.c ****   * If no LICENSE file comes with this software, it is provided AS-IS.
  19:Inc/STM32F3xx_HAL_Driver/Src/stm32f3xx_hal_rcc_ex.c ****   ******************************************************************************
  20:Inc/STM32F3xx_HAL_Driver/Src/stm32f3xx_hal_rcc_ex.c ****   */ 
  21:Inc/STM32F3xx_HAL_Driver/Src/stm32f3xx_hal_rcc_ex.c **** 
  22:Inc/STM32F3xx_HAL_Driver/Src/stm32f3xx_hal_rcc_ex.c **** /* Includes ------------------------------------------------------------------*/
  23:Inc/STM32F3xx_HAL_Driver/Src/stm32f3xx_hal_rcc_ex.c **** #include "stm32f3xx_hal.h"
  24:Inc/STM32F3xx_HAL_Driver/Src/stm32f3xx_hal_rcc_ex.c **** 
  25:Inc/STM32F3xx_HAL_Driver/Src/stm32f3xx_hal_rcc_ex.c **** /** @addtogroup STM32F3xx_HAL_Driver
  26:Inc/STM32F3xx_HAL_Driver/Src/stm32f3xx_hal_rcc_ex.c ****   * @{
  27:Inc/STM32F3xx_HAL_Driver/Src/stm32f3xx_hal_rcc_ex.c ****   */
  28:Inc/STM32F3xx_HAL_Driver/Src/stm32f3xx_hal_rcc_ex.c **** 
  29:Inc/STM32F3xx_HAL_Driver/Src/stm32f3xx_hal_rcc_ex.c **** #ifdef HAL_RCC_MODULE_ENABLED
  30:Inc/STM32F3xx_HAL_Driver/Src/stm32f3xx_hal_rcc_ex.c **** 
  31:Inc/STM32F3xx_HAL_Driver/Src/stm32f3xx_hal_rcc_ex.c **** /** @defgroup RCCEx RCCEx
ARM GAS  /tmp/ccTvL2QU.s 			page 2


  32:Inc/STM32F3xx_HAL_Driver/Src/stm32f3xx_hal_rcc_ex.c ****   * @brief RCC Extension HAL module driver.
  33:Inc/STM32F3xx_HAL_Driver/Src/stm32f3xx_hal_rcc_ex.c ****   * @{
  34:Inc/STM32F3xx_HAL_Driver/Src/stm32f3xx_hal_rcc_ex.c ****   */
  35:Inc/STM32F3xx_HAL_Driver/Src/stm32f3xx_hal_rcc_ex.c **** 
  36:Inc/STM32F3xx_HAL_Driver/Src/stm32f3xx_hal_rcc_ex.c **** /* Private typedef -----------------------------------------------------------*/
  37:Inc/STM32F3xx_HAL_Driver/Src/stm32f3xx_hal_rcc_ex.c **** /* Private define ------------------------------------------------------------*/
  38:Inc/STM32F3xx_HAL_Driver/Src/stm32f3xx_hal_rcc_ex.c **** /* Private macro -------------------------------------------------------------*/
  39:Inc/STM32F3xx_HAL_Driver/Src/stm32f3xx_hal_rcc_ex.c **** /** @defgroup RCCEx_Private_Macros RCCEx Private Macros
  40:Inc/STM32F3xx_HAL_Driver/Src/stm32f3xx_hal_rcc_ex.c ****  * @{
  41:Inc/STM32F3xx_HAL_Driver/Src/stm32f3xx_hal_rcc_ex.c ****  */
  42:Inc/STM32F3xx_HAL_Driver/Src/stm32f3xx_hal_rcc_ex.c **** /**
  43:Inc/STM32F3xx_HAL_Driver/Src/stm32f3xx_hal_rcc_ex.c ****   * @}
  44:Inc/STM32F3xx_HAL_Driver/Src/stm32f3xx_hal_rcc_ex.c ****   */
  45:Inc/STM32F3xx_HAL_Driver/Src/stm32f3xx_hal_rcc_ex.c **** 
  46:Inc/STM32F3xx_HAL_Driver/Src/stm32f3xx_hal_rcc_ex.c **** /* Private variables ---------------------------------------------------------*/
  47:Inc/STM32F3xx_HAL_Driver/Src/stm32f3xx_hal_rcc_ex.c **** /* Private function prototypes -----------------------------------------------*/
  48:Inc/STM32F3xx_HAL_Driver/Src/stm32f3xx_hal_rcc_ex.c **** /* Private functions ---------------------------------------------------------*/
  49:Inc/STM32F3xx_HAL_Driver/Src/stm32f3xx_hal_rcc_ex.c **** #if defined(RCC_CFGR2_ADC1PRES) || defined(RCC_CFGR2_ADCPRE12) || defined(RCC_CFGR2_ADCPRE34) || de
  50:Inc/STM32F3xx_HAL_Driver/Src/stm32f3xx_hal_rcc_ex.c ****  || defined(RCC_CFGR3_TIM1SW) || defined(RCC_CFGR3_TIM2SW) || defined(RCC_CFGR3_TIM8SW) || defined(
  51:Inc/STM32F3xx_HAL_Driver/Src/stm32f3xx_hal_rcc_ex.c ****  || defined(RCC_CFGR3_TIM16SW) || defined(RCC_CFGR3_TIM17SW) || defined(RCC_CFGR3_TIM20SW) || defin
  52:Inc/STM32F3xx_HAL_Driver/Src/stm32f3xx_hal_rcc_ex.c ****  || defined(RCC_CFGR3_HRTIM1SW)
  53:Inc/STM32F3xx_HAL_Driver/Src/stm32f3xx_hal_rcc_ex.c **** /** @defgroup RCCEx_Private_Functions RCCEx Private Functions
  54:Inc/STM32F3xx_HAL_Driver/Src/stm32f3xx_hal_rcc_ex.c ****   * @{
  55:Inc/STM32F3xx_HAL_Driver/Src/stm32f3xx_hal_rcc_ex.c ****   */
  56:Inc/STM32F3xx_HAL_Driver/Src/stm32f3xx_hal_rcc_ex.c **** static uint32_t RCC_GetPLLCLKFreq(void);
  57:Inc/STM32F3xx_HAL_Driver/Src/stm32f3xx_hal_rcc_ex.c **** 
  58:Inc/STM32F3xx_HAL_Driver/Src/stm32f3xx_hal_rcc_ex.c **** /**
  59:Inc/STM32F3xx_HAL_Driver/Src/stm32f3xx_hal_rcc_ex.c ****   * @}
  60:Inc/STM32F3xx_HAL_Driver/Src/stm32f3xx_hal_rcc_ex.c ****   */
  61:Inc/STM32F3xx_HAL_Driver/Src/stm32f3xx_hal_rcc_ex.c **** #endif /* RCC_CFGR2_ADC1PRES || RCC_CFGR2_ADCPRExx || RCC_CFGR3_TIMxSW || RCC_CFGR3_HRTIM1SW || RCC
  62:Inc/STM32F3xx_HAL_Driver/Src/stm32f3xx_hal_rcc_ex.c **** 
  63:Inc/STM32F3xx_HAL_Driver/Src/stm32f3xx_hal_rcc_ex.c **** /** @defgroup RCCEx_Exported_Functions RCCEx Exported Functions
  64:Inc/STM32F3xx_HAL_Driver/Src/stm32f3xx_hal_rcc_ex.c ****   * @{
  65:Inc/STM32F3xx_HAL_Driver/Src/stm32f3xx_hal_rcc_ex.c ****   */
  66:Inc/STM32F3xx_HAL_Driver/Src/stm32f3xx_hal_rcc_ex.c **** 
  67:Inc/STM32F3xx_HAL_Driver/Src/stm32f3xx_hal_rcc_ex.c **** /** @defgroup RCCEx_Exported_Functions_Group1 Extended Peripheral Control functions 
  68:Inc/STM32F3xx_HAL_Driver/Src/stm32f3xx_hal_rcc_ex.c ****   * @brief    Extended Peripheral Control functions
  69:Inc/STM32F3xx_HAL_Driver/Src/stm32f3xx_hal_rcc_ex.c ****   *
  70:Inc/STM32F3xx_HAL_Driver/Src/stm32f3xx_hal_rcc_ex.c **** @verbatim   
  71:Inc/STM32F3xx_HAL_Driver/Src/stm32f3xx_hal_rcc_ex.c ****  ===============================================================================
  72:Inc/STM32F3xx_HAL_Driver/Src/stm32f3xx_hal_rcc_ex.c ****                 ##### Extended Peripheral Control functions  #####
  73:Inc/STM32F3xx_HAL_Driver/Src/stm32f3xx_hal_rcc_ex.c ****  ===============================================================================  
  74:Inc/STM32F3xx_HAL_Driver/Src/stm32f3xx_hal_rcc_ex.c ****     [..]
  75:Inc/STM32F3xx_HAL_Driver/Src/stm32f3xx_hal_rcc_ex.c ****     This subsection provides a set of functions allowing to control the RCC Clocks 
  76:Inc/STM32F3xx_HAL_Driver/Src/stm32f3xx_hal_rcc_ex.c ****     frequencies.
  77:Inc/STM32F3xx_HAL_Driver/Src/stm32f3xx_hal_rcc_ex.c ****     [..] 
  78:Inc/STM32F3xx_HAL_Driver/Src/stm32f3xx_hal_rcc_ex.c ****     (@) Important note: Care must be taken when HAL_RCCEx_PeriphCLKConfig() is used to
  79:Inc/STM32F3xx_HAL_Driver/Src/stm32f3xx_hal_rcc_ex.c ****         select the RTC clock source; in this case the Backup domain will be reset in  
  80:Inc/STM32F3xx_HAL_Driver/Src/stm32f3xx_hal_rcc_ex.c ****         order to modify the RTC Clock source, as consequence RTC registers (including 
  81:Inc/STM32F3xx_HAL_Driver/Src/stm32f3xx_hal_rcc_ex.c ****         the backup registers) are set to their reset values.
  82:Inc/STM32F3xx_HAL_Driver/Src/stm32f3xx_hal_rcc_ex.c ****       
  83:Inc/STM32F3xx_HAL_Driver/Src/stm32f3xx_hal_rcc_ex.c **** @endverbatim
  84:Inc/STM32F3xx_HAL_Driver/Src/stm32f3xx_hal_rcc_ex.c ****   * @{
  85:Inc/STM32F3xx_HAL_Driver/Src/stm32f3xx_hal_rcc_ex.c ****   */
  86:Inc/STM32F3xx_HAL_Driver/Src/stm32f3xx_hal_rcc_ex.c **** 
  87:Inc/STM32F3xx_HAL_Driver/Src/stm32f3xx_hal_rcc_ex.c **** /**
  88:Inc/STM32F3xx_HAL_Driver/Src/stm32f3xx_hal_rcc_ex.c ****   * @brief  Initializes the RCC extended peripherals clocks according to the specified
ARM GAS  /tmp/ccTvL2QU.s 			page 3


  89:Inc/STM32F3xx_HAL_Driver/Src/stm32f3xx_hal_rcc_ex.c ****   *         parameters in the RCC_PeriphCLKInitTypeDef.
  90:Inc/STM32F3xx_HAL_Driver/Src/stm32f3xx_hal_rcc_ex.c ****   * @param  PeriphClkInit pointer to an RCC_PeriphCLKInitTypeDef structure that
  91:Inc/STM32F3xx_HAL_Driver/Src/stm32f3xx_hal_rcc_ex.c ****   *         contains the configuration information for the Extended Peripherals clocks
  92:Inc/STM32F3xx_HAL_Driver/Src/stm32f3xx_hal_rcc_ex.c ****   *         (ADC, CEC, I2C, I2S, SDADC, HRTIM, TIM, USART, RTC and USB).
  93:Inc/STM32F3xx_HAL_Driver/Src/stm32f3xx_hal_rcc_ex.c ****   *
  94:Inc/STM32F3xx_HAL_Driver/Src/stm32f3xx_hal_rcc_ex.c ****   * @note   Care must be taken when HAL_RCCEx_PeriphCLKConfig() is used to select 
  95:Inc/STM32F3xx_HAL_Driver/Src/stm32f3xx_hal_rcc_ex.c ****   *         the RTC clock source; in this case the Backup domain will be reset in  
  96:Inc/STM32F3xx_HAL_Driver/Src/stm32f3xx_hal_rcc_ex.c ****   *         order to modify the RTC Clock source, as consequence RTC registers (including 
  97:Inc/STM32F3xx_HAL_Driver/Src/stm32f3xx_hal_rcc_ex.c ****   *         the backup registers) and RCC_BDCR register are set to their reset values.
  98:Inc/STM32F3xx_HAL_Driver/Src/stm32f3xx_hal_rcc_ex.c ****   *
  99:Inc/STM32F3xx_HAL_Driver/Src/stm32f3xx_hal_rcc_ex.c ****   * @note   When the TIMx clock source is APB clock, so the TIMx clock is APB clock or 
 100:Inc/STM32F3xx_HAL_Driver/Src/stm32f3xx_hal_rcc_ex.c ****   *         APB clock x 2 depending on the APB prescaler.
 101:Inc/STM32F3xx_HAL_Driver/Src/stm32f3xx_hal_rcc_ex.c ****   *         When the TIMx clock source is PLL clock, so the TIMx clock is PLL clock x 2.
 102:Inc/STM32F3xx_HAL_Driver/Src/stm32f3xx_hal_rcc_ex.c ****   *
 103:Inc/STM32F3xx_HAL_Driver/Src/stm32f3xx_hal_rcc_ex.c ****   * @retval HAL status
 104:Inc/STM32F3xx_HAL_Driver/Src/stm32f3xx_hal_rcc_ex.c ****   */
 105:Inc/STM32F3xx_HAL_Driver/Src/stm32f3xx_hal_rcc_ex.c **** HAL_StatusTypeDef HAL_RCCEx_PeriphCLKConfig(RCC_PeriphCLKInitTypeDef  *PeriphClkInit)
 106:Inc/STM32F3xx_HAL_Driver/Src/stm32f3xx_hal_rcc_ex.c **** {
 107:Inc/STM32F3xx_HAL_Driver/Src/stm32f3xx_hal_rcc_ex.c ****   uint32_t tickstart = 0U;
 108:Inc/STM32F3xx_HAL_Driver/Src/stm32f3xx_hal_rcc_ex.c ****   uint32_t temp_reg = 0U;
 109:Inc/STM32F3xx_HAL_Driver/Src/stm32f3xx_hal_rcc_ex.c ****   FlagStatus       pwrclkchanged = RESET;
 110:Inc/STM32F3xx_HAL_Driver/Src/stm32f3xx_hal_rcc_ex.c ****     
 111:Inc/STM32F3xx_HAL_Driver/Src/stm32f3xx_hal_rcc_ex.c ****   /* Check the parameters */
 112:Inc/STM32F3xx_HAL_Driver/Src/stm32f3xx_hal_rcc_ex.c ****   assert_param(IS_RCC_PERIPHCLOCK(PeriphClkInit->PeriphClockSelection));
 113:Inc/STM32F3xx_HAL_Driver/Src/stm32f3xx_hal_rcc_ex.c ****   
 114:Inc/STM32F3xx_HAL_Driver/Src/stm32f3xx_hal_rcc_ex.c ****   /*---------------------------- RTC configuration -------------------------------*/
 115:Inc/STM32F3xx_HAL_Driver/Src/stm32f3xx_hal_rcc_ex.c ****   if(((PeriphClkInit->PeriphClockSelection) & RCC_PERIPHCLK_RTC) == (RCC_PERIPHCLK_RTC))
 116:Inc/STM32F3xx_HAL_Driver/Src/stm32f3xx_hal_rcc_ex.c ****   {
 117:Inc/STM32F3xx_HAL_Driver/Src/stm32f3xx_hal_rcc_ex.c ****     /* check for RTC Parameters used to output RTCCLK */
 118:Inc/STM32F3xx_HAL_Driver/Src/stm32f3xx_hal_rcc_ex.c ****     assert_param(IS_RCC_RTCCLKSOURCE(PeriphClkInit->RTCClockSelection));
 119:Inc/STM32F3xx_HAL_Driver/Src/stm32f3xx_hal_rcc_ex.c **** 
 120:Inc/STM32F3xx_HAL_Driver/Src/stm32f3xx_hal_rcc_ex.c **** 
 121:Inc/STM32F3xx_HAL_Driver/Src/stm32f3xx_hal_rcc_ex.c ****     /* As soon as function is called to change RTC clock source, activation of the 
 122:Inc/STM32F3xx_HAL_Driver/Src/stm32f3xx_hal_rcc_ex.c ****        power domain is done. */
 123:Inc/STM32F3xx_HAL_Driver/Src/stm32f3xx_hal_rcc_ex.c ****     /* Requires to enable write access to Backup Domain of necessary */
 124:Inc/STM32F3xx_HAL_Driver/Src/stm32f3xx_hal_rcc_ex.c ****     if(__HAL_RCC_PWR_IS_CLK_DISABLED())
 125:Inc/STM32F3xx_HAL_Driver/Src/stm32f3xx_hal_rcc_ex.c ****     {
 126:Inc/STM32F3xx_HAL_Driver/Src/stm32f3xx_hal_rcc_ex.c ****       __HAL_RCC_PWR_CLK_ENABLE();
 127:Inc/STM32F3xx_HAL_Driver/Src/stm32f3xx_hal_rcc_ex.c ****       pwrclkchanged = SET;
 128:Inc/STM32F3xx_HAL_Driver/Src/stm32f3xx_hal_rcc_ex.c ****     }
 129:Inc/STM32F3xx_HAL_Driver/Src/stm32f3xx_hal_rcc_ex.c ****     
 130:Inc/STM32F3xx_HAL_Driver/Src/stm32f3xx_hal_rcc_ex.c ****     if(HAL_IS_BIT_CLR(PWR->CR, PWR_CR_DBP))
 131:Inc/STM32F3xx_HAL_Driver/Src/stm32f3xx_hal_rcc_ex.c ****     {
 132:Inc/STM32F3xx_HAL_Driver/Src/stm32f3xx_hal_rcc_ex.c ****       /* Enable write access to Backup domain */
 133:Inc/STM32F3xx_HAL_Driver/Src/stm32f3xx_hal_rcc_ex.c ****       SET_BIT(PWR->CR, PWR_CR_DBP);
 134:Inc/STM32F3xx_HAL_Driver/Src/stm32f3xx_hal_rcc_ex.c ****       
 135:Inc/STM32F3xx_HAL_Driver/Src/stm32f3xx_hal_rcc_ex.c ****       /* Wait for Backup domain Write protection disable */
 136:Inc/STM32F3xx_HAL_Driver/Src/stm32f3xx_hal_rcc_ex.c ****       tickstart = HAL_GetTick();
 137:Inc/STM32F3xx_HAL_Driver/Src/stm32f3xx_hal_rcc_ex.c ****       
 138:Inc/STM32F3xx_HAL_Driver/Src/stm32f3xx_hal_rcc_ex.c ****       while(HAL_IS_BIT_CLR(PWR->CR, PWR_CR_DBP))
 139:Inc/STM32F3xx_HAL_Driver/Src/stm32f3xx_hal_rcc_ex.c ****       {
 140:Inc/STM32F3xx_HAL_Driver/Src/stm32f3xx_hal_rcc_ex.c ****           if((HAL_GetTick() - tickstart) > RCC_DBP_TIMEOUT_VALUE)
 141:Inc/STM32F3xx_HAL_Driver/Src/stm32f3xx_hal_rcc_ex.c ****         {
 142:Inc/STM32F3xx_HAL_Driver/Src/stm32f3xx_hal_rcc_ex.c ****           return HAL_TIMEOUT;
 143:Inc/STM32F3xx_HAL_Driver/Src/stm32f3xx_hal_rcc_ex.c ****         }
 144:Inc/STM32F3xx_HAL_Driver/Src/stm32f3xx_hal_rcc_ex.c ****       }
 145:Inc/STM32F3xx_HAL_Driver/Src/stm32f3xx_hal_rcc_ex.c ****     }
ARM GAS  /tmp/ccTvL2QU.s 			page 4


 146:Inc/STM32F3xx_HAL_Driver/Src/stm32f3xx_hal_rcc_ex.c ****     
 147:Inc/STM32F3xx_HAL_Driver/Src/stm32f3xx_hal_rcc_ex.c ****     /* Reset the Backup domain only if the RTC Clock source selection is modified from reset value 
 148:Inc/STM32F3xx_HAL_Driver/Src/stm32f3xx_hal_rcc_ex.c ****     temp_reg = (RCC->BDCR & RCC_BDCR_RTCSEL);
 149:Inc/STM32F3xx_HAL_Driver/Src/stm32f3xx_hal_rcc_ex.c ****     if((temp_reg != 0x00000000U) && (temp_reg != (PeriphClkInit->RTCClockSelection & RCC_BDCR_RTCSE
 150:Inc/STM32F3xx_HAL_Driver/Src/stm32f3xx_hal_rcc_ex.c ****     {
 151:Inc/STM32F3xx_HAL_Driver/Src/stm32f3xx_hal_rcc_ex.c ****       /* Store the content of BDCR register before the reset of Backup Domain */
 152:Inc/STM32F3xx_HAL_Driver/Src/stm32f3xx_hal_rcc_ex.c ****       temp_reg = (RCC->BDCR & ~(RCC_BDCR_RTCSEL));
 153:Inc/STM32F3xx_HAL_Driver/Src/stm32f3xx_hal_rcc_ex.c ****       /* RTC Clock selection can be changed only if the Backup Domain is reset */
 154:Inc/STM32F3xx_HAL_Driver/Src/stm32f3xx_hal_rcc_ex.c ****       __HAL_RCC_BACKUPRESET_FORCE();
 155:Inc/STM32F3xx_HAL_Driver/Src/stm32f3xx_hal_rcc_ex.c ****       __HAL_RCC_BACKUPRESET_RELEASE();
 156:Inc/STM32F3xx_HAL_Driver/Src/stm32f3xx_hal_rcc_ex.c ****       /* Restore the Content of BDCR register */
 157:Inc/STM32F3xx_HAL_Driver/Src/stm32f3xx_hal_rcc_ex.c ****       RCC->BDCR = temp_reg;
 158:Inc/STM32F3xx_HAL_Driver/Src/stm32f3xx_hal_rcc_ex.c ****     
 159:Inc/STM32F3xx_HAL_Driver/Src/stm32f3xx_hal_rcc_ex.c ****       /* Wait for LSERDY if LSE was enabled */
 160:Inc/STM32F3xx_HAL_Driver/Src/stm32f3xx_hal_rcc_ex.c ****       if (HAL_IS_BIT_SET(temp_reg, RCC_BDCR_LSEON))
 161:Inc/STM32F3xx_HAL_Driver/Src/stm32f3xx_hal_rcc_ex.c ****       {
 162:Inc/STM32F3xx_HAL_Driver/Src/stm32f3xx_hal_rcc_ex.c ****         /* Get Start Tick */
 163:Inc/STM32F3xx_HAL_Driver/Src/stm32f3xx_hal_rcc_ex.c ****         tickstart = HAL_GetTick();
 164:Inc/STM32F3xx_HAL_Driver/Src/stm32f3xx_hal_rcc_ex.c ****         
 165:Inc/STM32F3xx_HAL_Driver/Src/stm32f3xx_hal_rcc_ex.c ****         /* Wait till LSE is ready */  
 166:Inc/STM32F3xx_HAL_Driver/Src/stm32f3xx_hal_rcc_ex.c ****         while(__HAL_RCC_GET_FLAG(RCC_FLAG_LSERDY) == RESET)
 167:Inc/STM32F3xx_HAL_Driver/Src/stm32f3xx_hal_rcc_ex.c ****         {
 168:Inc/STM32F3xx_HAL_Driver/Src/stm32f3xx_hal_rcc_ex.c ****             if((HAL_GetTick() - tickstart) > RCC_LSE_TIMEOUT_VALUE)
 169:Inc/STM32F3xx_HAL_Driver/Src/stm32f3xx_hal_rcc_ex.c ****           {
 170:Inc/STM32F3xx_HAL_Driver/Src/stm32f3xx_hal_rcc_ex.c ****             return HAL_TIMEOUT;
 171:Inc/STM32F3xx_HAL_Driver/Src/stm32f3xx_hal_rcc_ex.c ****           }      
 172:Inc/STM32F3xx_HAL_Driver/Src/stm32f3xx_hal_rcc_ex.c ****         }  
 173:Inc/STM32F3xx_HAL_Driver/Src/stm32f3xx_hal_rcc_ex.c ****       }
 174:Inc/STM32F3xx_HAL_Driver/Src/stm32f3xx_hal_rcc_ex.c ****     }
 175:Inc/STM32F3xx_HAL_Driver/Src/stm32f3xx_hal_rcc_ex.c ****     __HAL_RCC_RTC_CONFIG(PeriphClkInit->RTCClockSelection); 
 176:Inc/STM32F3xx_HAL_Driver/Src/stm32f3xx_hal_rcc_ex.c **** 
 177:Inc/STM32F3xx_HAL_Driver/Src/stm32f3xx_hal_rcc_ex.c ****     /* Require to disable power clock if necessary */
 178:Inc/STM32F3xx_HAL_Driver/Src/stm32f3xx_hal_rcc_ex.c ****     if(pwrclkchanged == SET)
 179:Inc/STM32F3xx_HAL_Driver/Src/stm32f3xx_hal_rcc_ex.c ****     {
 180:Inc/STM32F3xx_HAL_Driver/Src/stm32f3xx_hal_rcc_ex.c ****       __HAL_RCC_PWR_CLK_DISABLE();
 181:Inc/STM32F3xx_HAL_Driver/Src/stm32f3xx_hal_rcc_ex.c ****     }
 182:Inc/STM32F3xx_HAL_Driver/Src/stm32f3xx_hal_rcc_ex.c ****   }
 183:Inc/STM32F3xx_HAL_Driver/Src/stm32f3xx_hal_rcc_ex.c **** 
 184:Inc/STM32F3xx_HAL_Driver/Src/stm32f3xx_hal_rcc_ex.c ****   /*------------------------------- USART1 Configuration ------------------------*/
 185:Inc/STM32F3xx_HAL_Driver/Src/stm32f3xx_hal_rcc_ex.c ****   if(((PeriphClkInit->PeriphClockSelection) & RCC_PERIPHCLK_USART1) == RCC_PERIPHCLK_USART1)
 186:Inc/STM32F3xx_HAL_Driver/Src/stm32f3xx_hal_rcc_ex.c ****   {
 187:Inc/STM32F3xx_HAL_Driver/Src/stm32f3xx_hal_rcc_ex.c ****     /* Check the parameters */
 188:Inc/STM32F3xx_HAL_Driver/Src/stm32f3xx_hal_rcc_ex.c ****     assert_param(IS_RCC_USART1CLKSOURCE(PeriphClkInit->Usart1ClockSelection));
 189:Inc/STM32F3xx_HAL_Driver/Src/stm32f3xx_hal_rcc_ex.c ****     
 190:Inc/STM32F3xx_HAL_Driver/Src/stm32f3xx_hal_rcc_ex.c ****     /* Configure the USART1 clock source */
 191:Inc/STM32F3xx_HAL_Driver/Src/stm32f3xx_hal_rcc_ex.c ****     __HAL_RCC_USART1_CONFIG(PeriphClkInit->Usart1ClockSelection);
 192:Inc/STM32F3xx_HAL_Driver/Src/stm32f3xx_hal_rcc_ex.c ****   }
 193:Inc/STM32F3xx_HAL_Driver/Src/stm32f3xx_hal_rcc_ex.c **** 
 194:Inc/STM32F3xx_HAL_Driver/Src/stm32f3xx_hal_rcc_ex.c **** #if defined(RCC_CFGR3_USART2SW)
 195:Inc/STM32F3xx_HAL_Driver/Src/stm32f3xx_hal_rcc_ex.c ****   /*----------------------------- USART2 Configuration --------------------------*/ 
 196:Inc/STM32F3xx_HAL_Driver/Src/stm32f3xx_hal_rcc_ex.c ****   if(((PeriphClkInit->PeriphClockSelection) & RCC_PERIPHCLK_USART2) == RCC_PERIPHCLK_USART2)
 197:Inc/STM32F3xx_HAL_Driver/Src/stm32f3xx_hal_rcc_ex.c ****   {
 198:Inc/STM32F3xx_HAL_Driver/Src/stm32f3xx_hal_rcc_ex.c ****     /* Check the parameters */
 199:Inc/STM32F3xx_HAL_Driver/Src/stm32f3xx_hal_rcc_ex.c ****     assert_param(IS_RCC_USART2CLKSOURCE(PeriphClkInit->Usart2ClockSelection));
 200:Inc/STM32F3xx_HAL_Driver/Src/stm32f3xx_hal_rcc_ex.c ****     
 201:Inc/STM32F3xx_HAL_Driver/Src/stm32f3xx_hal_rcc_ex.c ****     /* Configure the USART2 clock source */
 202:Inc/STM32F3xx_HAL_Driver/Src/stm32f3xx_hal_rcc_ex.c ****     __HAL_RCC_USART2_CONFIG(PeriphClkInit->Usart2ClockSelection);
ARM GAS  /tmp/ccTvL2QU.s 			page 5


 203:Inc/STM32F3xx_HAL_Driver/Src/stm32f3xx_hal_rcc_ex.c ****   }
 204:Inc/STM32F3xx_HAL_Driver/Src/stm32f3xx_hal_rcc_ex.c **** #endif /* RCC_CFGR3_USART2SW */
 205:Inc/STM32F3xx_HAL_Driver/Src/stm32f3xx_hal_rcc_ex.c **** 
 206:Inc/STM32F3xx_HAL_Driver/Src/stm32f3xx_hal_rcc_ex.c **** #if defined(RCC_CFGR3_USART3SW)
 207:Inc/STM32F3xx_HAL_Driver/Src/stm32f3xx_hal_rcc_ex.c ****   /*------------------------------ USART3 Configuration ------------------------*/ 
 208:Inc/STM32F3xx_HAL_Driver/Src/stm32f3xx_hal_rcc_ex.c ****   if(((PeriphClkInit->PeriphClockSelection) & RCC_PERIPHCLK_USART3) == RCC_PERIPHCLK_USART3)
 209:Inc/STM32F3xx_HAL_Driver/Src/stm32f3xx_hal_rcc_ex.c ****   {
 210:Inc/STM32F3xx_HAL_Driver/Src/stm32f3xx_hal_rcc_ex.c ****     /* Check the parameters */
 211:Inc/STM32F3xx_HAL_Driver/Src/stm32f3xx_hal_rcc_ex.c ****     assert_param(IS_RCC_USART3CLKSOURCE(PeriphClkInit->Usart3ClockSelection));
 212:Inc/STM32F3xx_HAL_Driver/Src/stm32f3xx_hal_rcc_ex.c ****     
 213:Inc/STM32F3xx_HAL_Driver/Src/stm32f3xx_hal_rcc_ex.c ****     /* Configure the USART3 clock source */
 214:Inc/STM32F3xx_HAL_Driver/Src/stm32f3xx_hal_rcc_ex.c ****     __HAL_RCC_USART3_CONFIG(PeriphClkInit->Usart3ClockSelection);
 215:Inc/STM32F3xx_HAL_Driver/Src/stm32f3xx_hal_rcc_ex.c ****   }
 216:Inc/STM32F3xx_HAL_Driver/Src/stm32f3xx_hal_rcc_ex.c **** #endif /* RCC_CFGR3_USART3SW */
 217:Inc/STM32F3xx_HAL_Driver/Src/stm32f3xx_hal_rcc_ex.c **** 
 218:Inc/STM32F3xx_HAL_Driver/Src/stm32f3xx_hal_rcc_ex.c ****   /*------------------------------ I2C1 Configuration ------------------------*/ 
 219:Inc/STM32F3xx_HAL_Driver/Src/stm32f3xx_hal_rcc_ex.c ****   if(((PeriphClkInit->PeriphClockSelection) & RCC_PERIPHCLK_I2C1) == RCC_PERIPHCLK_I2C1)
 220:Inc/STM32F3xx_HAL_Driver/Src/stm32f3xx_hal_rcc_ex.c ****   {
 221:Inc/STM32F3xx_HAL_Driver/Src/stm32f3xx_hal_rcc_ex.c ****     /* Check the parameters */
 222:Inc/STM32F3xx_HAL_Driver/Src/stm32f3xx_hal_rcc_ex.c ****     assert_param(IS_RCC_I2C1CLKSOURCE(PeriphClkInit->I2c1ClockSelection));
 223:Inc/STM32F3xx_HAL_Driver/Src/stm32f3xx_hal_rcc_ex.c ****     
 224:Inc/STM32F3xx_HAL_Driver/Src/stm32f3xx_hal_rcc_ex.c ****     /* Configure the I2C1 clock source */
 225:Inc/STM32F3xx_HAL_Driver/Src/stm32f3xx_hal_rcc_ex.c ****     __HAL_RCC_I2C1_CONFIG(PeriphClkInit->I2c1ClockSelection);
 226:Inc/STM32F3xx_HAL_Driver/Src/stm32f3xx_hal_rcc_ex.c ****   }
 227:Inc/STM32F3xx_HAL_Driver/Src/stm32f3xx_hal_rcc_ex.c **** 
 228:Inc/STM32F3xx_HAL_Driver/Src/stm32f3xx_hal_rcc_ex.c **** #if defined(STM32F302xE) || defined(STM32F303xE)\
 229:Inc/STM32F3xx_HAL_Driver/Src/stm32f3xx_hal_rcc_ex.c ****  || defined(STM32F302xC) || defined(STM32F303xC)\
 230:Inc/STM32F3xx_HAL_Driver/Src/stm32f3xx_hal_rcc_ex.c ****  || defined(STM32F302x8)                        \
 231:Inc/STM32F3xx_HAL_Driver/Src/stm32f3xx_hal_rcc_ex.c ****  || defined(STM32F373xC)
 232:Inc/STM32F3xx_HAL_Driver/Src/stm32f3xx_hal_rcc_ex.c ****   /*------------------------------ USB Configuration ------------------------*/ 
 233:Inc/STM32F3xx_HAL_Driver/Src/stm32f3xx_hal_rcc_ex.c ****   if(((PeriphClkInit->PeriphClockSelection) & RCC_PERIPHCLK_USB) == RCC_PERIPHCLK_USB)
 234:Inc/STM32F3xx_HAL_Driver/Src/stm32f3xx_hal_rcc_ex.c ****   {
 235:Inc/STM32F3xx_HAL_Driver/Src/stm32f3xx_hal_rcc_ex.c ****     /* Check the parameters */
 236:Inc/STM32F3xx_HAL_Driver/Src/stm32f3xx_hal_rcc_ex.c ****     assert_param(IS_RCC_USBCLKSOURCE(PeriphClkInit->USBClockSelection));
 237:Inc/STM32F3xx_HAL_Driver/Src/stm32f3xx_hal_rcc_ex.c ****     
 238:Inc/STM32F3xx_HAL_Driver/Src/stm32f3xx_hal_rcc_ex.c ****     /* Configure the USB clock source */
 239:Inc/STM32F3xx_HAL_Driver/Src/stm32f3xx_hal_rcc_ex.c ****     __HAL_RCC_USB_CONFIG(PeriphClkInit->USBClockSelection);
 240:Inc/STM32F3xx_HAL_Driver/Src/stm32f3xx_hal_rcc_ex.c ****   }
 241:Inc/STM32F3xx_HAL_Driver/Src/stm32f3xx_hal_rcc_ex.c **** 
 242:Inc/STM32F3xx_HAL_Driver/Src/stm32f3xx_hal_rcc_ex.c **** #endif /* STM32F302xE || STM32F303xE || */
 243:Inc/STM32F3xx_HAL_Driver/Src/stm32f3xx_hal_rcc_ex.c ****        /* STM32F302xC || STM32F303xC || */
 244:Inc/STM32F3xx_HAL_Driver/Src/stm32f3xx_hal_rcc_ex.c ****        /* STM32F302x8                || */
 245:Inc/STM32F3xx_HAL_Driver/Src/stm32f3xx_hal_rcc_ex.c ****        /* STM32F373xC                   */
 246:Inc/STM32F3xx_HAL_Driver/Src/stm32f3xx_hal_rcc_ex.c **** 
 247:Inc/STM32F3xx_HAL_Driver/Src/stm32f3xx_hal_rcc_ex.c **** #if defined(STM32F302xE) || defined(STM32F303xE) || defined(STM32F398xx)\
 248:Inc/STM32F3xx_HAL_Driver/Src/stm32f3xx_hal_rcc_ex.c ****  || defined(STM32F302xC) || defined(STM32F303xC) || defined(STM32F358xx)\
 249:Inc/STM32F3xx_HAL_Driver/Src/stm32f3xx_hal_rcc_ex.c ****  || defined(STM32F301x8) || defined(STM32F302x8) || defined(STM32F318xx)\
 250:Inc/STM32F3xx_HAL_Driver/Src/stm32f3xx_hal_rcc_ex.c ****  || defined(STM32F373xC) || defined(STM32F378xx)
 251:Inc/STM32F3xx_HAL_Driver/Src/stm32f3xx_hal_rcc_ex.c **** 
 252:Inc/STM32F3xx_HAL_Driver/Src/stm32f3xx_hal_rcc_ex.c ****   /*------------------------------ I2C2 Configuration ------------------------*/ 
 253:Inc/STM32F3xx_HAL_Driver/Src/stm32f3xx_hal_rcc_ex.c ****   if(((PeriphClkInit->PeriphClockSelection) & RCC_PERIPHCLK_I2C2) == RCC_PERIPHCLK_I2C2)
 254:Inc/STM32F3xx_HAL_Driver/Src/stm32f3xx_hal_rcc_ex.c ****   {
 255:Inc/STM32F3xx_HAL_Driver/Src/stm32f3xx_hal_rcc_ex.c ****     /* Check the parameters */
 256:Inc/STM32F3xx_HAL_Driver/Src/stm32f3xx_hal_rcc_ex.c ****     assert_param(IS_RCC_I2C2CLKSOURCE(PeriphClkInit->I2c2ClockSelection));
 257:Inc/STM32F3xx_HAL_Driver/Src/stm32f3xx_hal_rcc_ex.c ****     
 258:Inc/STM32F3xx_HAL_Driver/Src/stm32f3xx_hal_rcc_ex.c ****     /* Configure the I2C2 clock source */
 259:Inc/STM32F3xx_HAL_Driver/Src/stm32f3xx_hal_rcc_ex.c ****     __HAL_RCC_I2C2_CONFIG(PeriphClkInit->I2c2ClockSelection);
ARM GAS  /tmp/ccTvL2QU.s 			page 6


 260:Inc/STM32F3xx_HAL_Driver/Src/stm32f3xx_hal_rcc_ex.c ****   }
 261:Inc/STM32F3xx_HAL_Driver/Src/stm32f3xx_hal_rcc_ex.c **** 
 262:Inc/STM32F3xx_HAL_Driver/Src/stm32f3xx_hal_rcc_ex.c **** #endif /* STM32F302xE || STM32F303xE || STM32F398xx || */
 263:Inc/STM32F3xx_HAL_Driver/Src/stm32f3xx_hal_rcc_ex.c ****        /* STM32F302xC || STM32F303xC || STM32F358xx || */
 264:Inc/STM32F3xx_HAL_Driver/Src/stm32f3xx_hal_rcc_ex.c ****        /* STM32F301x8 || STM32F302x8 || STM32F318xx || */
 265:Inc/STM32F3xx_HAL_Driver/Src/stm32f3xx_hal_rcc_ex.c ****        /* STM32F373xC || STM32F378xx                   */
 266:Inc/STM32F3xx_HAL_Driver/Src/stm32f3xx_hal_rcc_ex.c ****   
 267:Inc/STM32F3xx_HAL_Driver/Src/stm32f3xx_hal_rcc_ex.c **** #if defined(STM32F302xE) || defined(STM32F303xE) || defined(STM32F398xx)\
 268:Inc/STM32F3xx_HAL_Driver/Src/stm32f3xx_hal_rcc_ex.c ****  || defined(STM32F301x8) || defined(STM32F302x8) || defined(STM32F318xx)
 269:Inc/STM32F3xx_HAL_Driver/Src/stm32f3xx_hal_rcc_ex.c **** 
 270:Inc/STM32F3xx_HAL_Driver/Src/stm32f3xx_hal_rcc_ex.c ****   /*------------------------------ I2C3 Configuration ------------------------*/ 
 271:Inc/STM32F3xx_HAL_Driver/Src/stm32f3xx_hal_rcc_ex.c ****   if(((PeriphClkInit->PeriphClockSelection) & RCC_PERIPHCLK_I2C3) == RCC_PERIPHCLK_I2C3)
 272:Inc/STM32F3xx_HAL_Driver/Src/stm32f3xx_hal_rcc_ex.c ****   {
 273:Inc/STM32F3xx_HAL_Driver/Src/stm32f3xx_hal_rcc_ex.c ****     /* Check the parameters */
 274:Inc/STM32F3xx_HAL_Driver/Src/stm32f3xx_hal_rcc_ex.c ****     assert_param(IS_RCC_I2C3CLKSOURCE(PeriphClkInit->I2c3ClockSelection));
 275:Inc/STM32F3xx_HAL_Driver/Src/stm32f3xx_hal_rcc_ex.c ****     
 276:Inc/STM32F3xx_HAL_Driver/Src/stm32f3xx_hal_rcc_ex.c ****     /* Configure the I2C3 clock source */
 277:Inc/STM32F3xx_HAL_Driver/Src/stm32f3xx_hal_rcc_ex.c ****     __HAL_RCC_I2C3_CONFIG(PeriphClkInit->I2c3ClockSelection);
 278:Inc/STM32F3xx_HAL_Driver/Src/stm32f3xx_hal_rcc_ex.c ****   }
 279:Inc/STM32F3xx_HAL_Driver/Src/stm32f3xx_hal_rcc_ex.c **** #endif /* STM32F302xE || STM32F303xE || STM32F398xx || */
 280:Inc/STM32F3xx_HAL_Driver/Src/stm32f3xx_hal_rcc_ex.c ****        /* STM32F301x8 || STM32F302x8 || STM32F318xx    */
 281:Inc/STM32F3xx_HAL_Driver/Src/stm32f3xx_hal_rcc_ex.c ****   
 282:Inc/STM32F3xx_HAL_Driver/Src/stm32f3xx_hal_rcc_ex.c **** #if defined(STM32F302xE) || defined(STM32F303xE) || defined(STM32F398xx)\
 283:Inc/STM32F3xx_HAL_Driver/Src/stm32f3xx_hal_rcc_ex.c ****  || defined(STM32F302xC) || defined(STM32F303xC) || defined(STM32F358xx)
 284:Inc/STM32F3xx_HAL_Driver/Src/stm32f3xx_hal_rcc_ex.c **** 
 285:Inc/STM32F3xx_HAL_Driver/Src/stm32f3xx_hal_rcc_ex.c ****   /*------------------------------ UART4 Configuration ------------------------*/ 
 286:Inc/STM32F3xx_HAL_Driver/Src/stm32f3xx_hal_rcc_ex.c ****   if(((PeriphClkInit->PeriphClockSelection) & RCC_PERIPHCLK_UART4) == RCC_PERIPHCLK_UART4)
 287:Inc/STM32F3xx_HAL_Driver/Src/stm32f3xx_hal_rcc_ex.c ****   {
 288:Inc/STM32F3xx_HAL_Driver/Src/stm32f3xx_hal_rcc_ex.c ****     /* Check the parameters */
 289:Inc/STM32F3xx_HAL_Driver/Src/stm32f3xx_hal_rcc_ex.c ****     assert_param(IS_RCC_UART4CLKSOURCE(PeriphClkInit->Uart4ClockSelection));
 290:Inc/STM32F3xx_HAL_Driver/Src/stm32f3xx_hal_rcc_ex.c ****     
 291:Inc/STM32F3xx_HAL_Driver/Src/stm32f3xx_hal_rcc_ex.c ****     /* Configure the UART4 clock source */
 292:Inc/STM32F3xx_HAL_Driver/Src/stm32f3xx_hal_rcc_ex.c ****     __HAL_RCC_UART4_CONFIG(PeriphClkInit->Uart4ClockSelection);
 293:Inc/STM32F3xx_HAL_Driver/Src/stm32f3xx_hal_rcc_ex.c ****   }
 294:Inc/STM32F3xx_HAL_Driver/Src/stm32f3xx_hal_rcc_ex.c **** 
 295:Inc/STM32F3xx_HAL_Driver/Src/stm32f3xx_hal_rcc_ex.c ****   /*------------------------------ UART5 Configuration ------------------------*/ 
 296:Inc/STM32F3xx_HAL_Driver/Src/stm32f3xx_hal_rcc_ex.c ****   if(((PeriphClkInit->PeriphClockSelection) & RCC_PERIPHCLK_UART5) == RCC_PERIPHCLK_UART5)
 297:Inc/STM32F3xx_HAL_Driver/Src/stm32f3xx_hal_rcc_ex.c ****   {
 298:Inc/STM32F3xx_HAL_Driver/Src/stm32f3xx_hal_rcc_ex.c ****     /* Check the parameters */
 299:Inc/STM32F3xx_HAL_Driver/Src/stm32f3xx_hal_rcc_ex.c ****     assert_param(IS_RCC_UART5CLKSOURCE(PeriphClkInit->Uart5ClockSelection));
 300:Inc/STM32F3xx_HAL_Driver/Src/stm32f3xx_hal_rcc_ex.c ****     
 301:Inc/STM32F3xx_HAL_Driver/Src/stm32f3xx_hal_rcc_ex.c ****     /* Configure the UART5 clock source */
 302:Inc/STM32F3xx_HAL_Driver/Src/stm32f3xx_hal_rcc_ex.c ****     __HAL_RCC_UART5_CONFIG(PeriphClkInit->Uart5ClockSelection);
 303:Inc/STM32F3xx_HAL_Driver/Src/stm32f3xx_hal_rcc_ex.c ****   }
 304:Inc/STM32F3xx_HAL_Driver/Src/stm32f3xx_hal_rcc_ex.c **** 
 305:Inc/STM32F3xx_HAL_Driver/Src/stm32f3xx_hal_rcc_ex.c **** #endif /* STM32F302xE || STM32F303xE || STM32F398xx || */
 306:Inc/STM32F3xx_HAL_Driver/Src/stm32f3xx_hal_rcc_ex.c ****        /* STM32F302xC || STM32F303xC || STM32F358xx    */
 307:Inc/STM32F3xx_HAL_Driver/Src/stm32f3xx_hal_rcc_ex.c **** 
 308:Inc/STM32F3xx_HAL_Driver/Src/stm32f3xx_hal_rcc_ex.c **** #if defined(STM32F302xE) || defined(STM32F303xE) || defined(STM32F398xx)\
 309:Inc/STM32F3xx_HAL_Driver/Src/stm32f3xx_hal_rcc_ex.c ****  || defined(STM32F302xC) || defined(STM32F303xC) || defined(STM32F358xx)\
 310:Inc/STM32F3xx_HAL_Driver/Src/stm32f3xx_hal_rcc_ex.c ****  || defined(STM32F301x8) || defined(STM32F302x8) || defined(STM32F318xx)
 311:Inc/STM32F3xx_HAL_Driver/Src/stm32f3xx_hal_rcc_ex.c ****   /*------------------------------ I2S Configuration ------------------------*/ 
 312:Inc/STM32F3xx_HAL_Driver/Src/stm32f3xx_hal_rcc_ex.c ****   if(((PeriphClkInit->PeriphClockSelection) & RCC_PERIPHCLK_I2S) == RCC_PERIPHCLK_I2S)
 313:Inc/STM32F3xx_HAL_Driver/Src/stm32f3xx_hal_rcc_ex.c ****   {
 314:Inc/STM32F3xx_HAL_Driver/Src/stm32f3xx_hal_rcc_ex.c ****     /* Check the parameters */
 315:Inc/STM32F3xx_HAL_Driver/Src/stm32f3xx_hal_rcc_ex.c ****     assert_param(IS_RCC_I2SCLKSOURCE(PeriphClkInit->I2sClockSelection));
 316:Inc/STM32F3xx_HAL_Driver/Src/stm32f3xx_hal_rcc_ex.c ****     
ARM GAS  /tmp/ccTvL2QU.s 			page 7


 317:Inc/STM32F3xx_HAL_Driver/Src/stm32f3xx_hal_rcc_ex.c ****     /* Configure the I2S clock source */
 318:Inc/STM32F3xx_HAL_Driver/Src/stm32f3xx_hal_rcc_ex.c ****     __HAL_RCC_I2S_CONFIG(PeriphClkInit->I2sClockSelection);
 319:Inc/STM32F3xx_HAL_Driver/Src/stm32f3xx_hal_rcc_ex.c ****   }
 320:Inc/STM32F3xx_HAL_Driver/Src/stm32f3xx_hal_rcc_ex.c **** 
 321:Inc/STM32F3xx_HAL_Driver/Src/stm32f3xx_hal_rcc_ex.c **** #endif /* STM32F302xE || STM32F303xE || STM32F398xx || */
 322:Inc/STM32F3xx_HAL_Driver/Src/stm32f3xx_hal_rcc_ex.c ****        /* STM32F302xC || STM32F303xC || STM32F358xx || */
 323:Inc/STM32F3xx_HAL_Driver/Src/stm32f3xx_hal_rcc_ex.c ****        /* STM32F301x8 || STM32F302x8 || STM32F318xx    */
 324:Inc/STM32F3xx_HAL_Driver/Src/stm32f3xx_hal_rcc_ex.c ****   
 325:Inc/STM32F3xx_HAL_Driver/Src/stm32f3xx_hal_rcc_ex.c **** #if defined(STM32F301x8) || defined(STM32F302x8) || defined(STM32F318xx)
 326:Inc/STM32F3xx_HAL_Driver/Src/stm32f3xx_hal_rcc_ex.c ****       
 327:Inc/STM32F3xx_HAL_Driver/Src/stm32f3xx_hal_rcc_ex.c ****   /*------------------------------ ADC1 clock Configuration ------------------*/ 
 328:Inc/STM32F3xx_HAL_Driver/Src/stm32f3xx_hal_rcc_ex.c ****   if(((PeriphClkInit->PeriphClockSelection) & RCC_PERIPHCLK_ADC1) == RCC_PERIPHCLK_ADC1)
 329:Inc/STM32F3xx_HAL_Driver/Src/stm32f3xx_hal_rcc_ex.c ****   {
 330:Inc/STM32F3xx_HAL_Driver/Src/stm32f3xx_hal_rcc_ex.c ****     /* Check the parameters */
 331:Inc/STM32F3xx_HAL_Driver/Src/stm32f3xx_hal_rcc_ex.c ****     assert_param(IS_RCC_ADC1PLLCLK_DIV(PeriphClkInit->Adc1ClockSelection));
 332:Inc/STM32F3xx_HAL_Driver/Src/stm32f3xx_hal_rcc_ex.c ****     
 333:Inc/STM32F3xx_HAL_Driver/Src/stm32f3xx_hal_rcc_ex.c ****     /* Configure the ADC1 clock source */
 334:Inc/STM32F3xx_HAL_Driver/Src/stm32f3xx_hal_rcc_ex.c ****     __HAL_RCC_ADC1_CONFIG(PeriphClkInit->Adc1ClockSelection);
 335:Inc/STM32F3xx_HAL_Driver/Src/stm32f3xx_hal_rcc_ex.c ****   }
 336:Inc/STM32F3xx_HAL_Driver/Src/stm32f3xx_hal_rcc_ex.c **** 
 337:Inc/STM32F3xx_HAL_Driver/Src/stm32f3xx_hal_rcc_ex.c **** #endif /* STM32F301x8 || STM32F302x8 || STM32F318xx */
 338:Inc/STM32F3xx_HAL_Driver/Src/stm32f3xx_hal_rcc_ex.c ****   
 339:Inc/STM32F3xx_HAL_Driver/Src/stm32f3xx_hal_rcc_ex.c **** #if defined(STM32F302xE) || defined(STM32F303xE) || defined(STM32F398xx)\
 340:Inc/STM32F3xx_HAL_Driver/Src/stm32f3xx_hal_rcc_ex.c ****  || defined(STM32F302xC) || defined(STM32F303xC) || defined(STM32F358xx)\
 341:Inc/STM32F3xx_HAL_Driver/Src/stm32f3xx_hal_rcc_ex.c ****  || defined(STM32F303x8) || defined(STM32F334x8) || defined(STM32F328xx)
 342:Inc/STM32F3xx_HAL_Driver/Src/stm32f3xx_hal_rcc_ex.c ****       
 343:Inc/STM32F3xx_HAL_Driver/Src/stm32f3xx_hal_rcc_ex.c ****   /*------------------------------ ADC1 & ADC2 clock Configuration -------------*/ 
 344:Inc/STM32F3xx_HAL_Driver/Src/stm32f3xx_hal_rcc_ex.c ****   if(((PeriphClkInit->PeriphClockSelection) & RCC_PERIPHCLK_ADC12) == RCC_PERIPHCLK_ADC12)
 345:Inc/STM32F3xx_HAL_Driver/Src/stm32f3xx_hal_rcc_ex.c ****   {
 346:Inc/STM32F3xx_HAL_Driver/Src/stm32f3xx_hal_rcc_ex.c ****     /* Check the parameters */
 347:Inc/STM32F3xx_HAL_Driver/Src/stm32f3xx_hal_rcc_ex.c ****     assert_param(IS_RCC_ADC12PLLCLK_DIV(PeriphClkInit->Adc12ClockSelection));
 348:Inc/STM32F3xx_HAL_Driver/Src/stm32f3xx_hal_rcc_ex.c ****     
 349:Inc/STM32F3xx_HAL_Driver/Src/stm32f3xx_hal_rcc_ex.c ****     /* Configure the ADC12 clock source */
 350:Inc/STM32F3xx_HAL_Driver/Src/stm32f3xx_hal_rcc_ex.c ****     __HAL_RCC_ADC12_CONFIG(PeriphClkInit->Adc12ClockSelection);
 351:Inc/STM32F3xx_HAL_Driver/Src/stm32f3xx_hal_rcc_ex.c ****   }
 352:Inc/STM32F3xx_HAL_Driver/Src/stm32f3xx_hal_rcc_ex.c **** 
 353:Inc/STM32F3xx_HAL_Driver/Src/stm32f3xx_hal_rcc_ex.c **** #endif /* STM32F302xE || STM32F303xE || STM32F398xx || */
 354:Inc/STM32F3xx_HAL_Driver/Src/stm32f3xx_hal_rcc_ex.c ****        /* STM32F302xC || STM32F303xC || STM32F358xx || */
 355:Inc/STM32F3xx_HAL_Driver/Src/stm32f3xx_hal_rcc_ex.c ****        /* STM32F303x8 || STM32F334x8 || STM32F328xx    */    
 356:Inc/STM32F3xx_HAL_Driver/Src/stm32f3xx_hal_rcc_ex.c ****   
 357:Inc/STM32F3xx_HAL_Driver/Src/stm32f3xx_hal_rcc_ex.c **** #if defined(STM32F303xE) || defined(STM32F398xx)\
 358:Inc/STM32F3xx_HAL_Driver/Src/stm32f3xx_hal_rcc_ex.c ****  || defined(STM32F303xC) || defined(STM32F358xx)
 359:Inc/STM32F3xx_HAL_Driver/Src/stm32f3xx_hal_rcc_ex.c **** 
 360:Inc/STM32F3xx_HAL_Driver/Src/stm32f3xx_hal_rcc_ex.c ****   /*------------------------------ ADC3 & ADC4 clock Configuration -------------*/ 
 361:Inc/STM32F3xx_HAL_Driver/Src/stm32f3xx_hal_rcc_ex.c ****   if(((PeriphClkInit->PeriphClockSelection) & RCC_PERIPHCLK_ADC34) == RCC_PERIPHCLK_ADC34)
 362:Inc/STM32F3xx_HAL_Driver/Src/stm32f3xx_hal_rcc_ex.c ****   {
 363:Inc/STM32F3xx_HAL_Driver/Src/stm32f3xx_hal_rcc_ex.c ****     /* Check the parameters */
 364:Inc/STM32F3xx_HAL_Driver/Src/stm32f3xx_hal_rcc_ex.c ****     assert_param(IS_RCC_ADC34PLLCLK_DIV(PeriphClkInit->Adc34ClockSelection));
 365:Inc/STM32F3xx_HAL_Driver/Src/stm32f3xx_hal_rcc_ex.c ****     
 366:Inc/STM32F3xx_HAL_Driver/Src/stm32f3xx_hal_rcc_ex.c ****     /* Configure the ADC34 clock source */
 367:Inc/STM32F3xx_HAL_Driver/Src/stm32f3xx_hal_rcc_ex.c ****     __HAL_RCC_ADC34_CONFIG(PeriphClkInit->Adc34ClockSelection);
 368:Inc/STM32F3xx_HAL_Driver/Src/stm32f3xx_hal_rcc_ex.c ****   }
 369:Inc/STM32F3xx_HAL_Driver/Src/stm32f3xx_hal_rcc_ex.c **** 
 370:Inc/STM32F3xx_HAL_Driver/Src/stm32f3xx_hal_rcc_ex.c **** #endif /* STM32F303xE || STM32F398xx || */
 371:Inc/STM32F3xx_HAL_Driver/Src/stm32f3xx_hal_rcc_ex.c ****        /* STM32F303xC || STM32F358xx    */
 372:Inc/STM32F3xx_HAL_Driver/Src/stm32f3xx_hal_rcc_ex.c **** 
 373:Inc/STM32F3xx_HAL_Driver/Src/stm32f3xx_hal_rcc_ex.c **** #if defined(STM32F373xC) || defined(STM32F378xx)
ARM GAS  /tmp/ccTvL2QU.s 			page 8


 374:Inc/STM32F3xx_HAL_Driver/Src/stm32f3xx_hal_rcc_ex.c ****       
 375:Inc/STM32F3xx_HAL_Driver/Src/stm32f3xx_hal_rcc_ex.c ****   /*------------------------------ ADC1 clock Configuration ------------------*/ 
 376:Inc/STM32F3xx_HAL_Driver/Src/stm32f3xx_hal_rcc_ex.c ****   if(((PeriphClkInit->PeriphClockSelection) & RCC_PERIPHCLK_ADC1) == RCC_PERIPHCLK_ADC1)
 377:Inc/STM32F3xx_HAL_Driver/Src/stm32f3xx_hal_rcc_ex.c ****   {
 378:Inc/STM32F3xx_HAL_Driver/Src/stm32f3xx_hal_rcc_ex.c ****     /* Check the parameters */
 379:Inc/STM32F3xx_HAL_Driver/Src/stm32f3xx_hal_rcc_ex.c ****     assert_param(IS_RCC_ADC1PCLK2_DIV(PeriphClkInit->Adc1ClockSelection));
 380:Inc/STM32F3xx_HAL_Driver/Src/stm32f3xx_hal_rcc_ex.c ****     
 381:Inc/STM32F3xx_HAL_Driver/Src/stm32f3xx_hal_rcc_ex.c ****     /* Configure the ADC1 clock source */
 382:Inc/STM32F3xx_HAL_Driver/Src/stm32f3xx_hal_rcc_ex.c ****     __HAL_RCC_ADC1_CONFIG(PeriphClkInit->Adc1ClockSelection);
 383:Inc/STM32F3xx_HAL_Driver/Src/stm32f3xx_hal_rcc_ex.c ****   }
 384:Inc/STM32F3xx_HAL_Driver/Src/stm32f3xx_hal_rcc_ex.c **** 
 385:Inc/STM32F3xx_HAL_Driver/Src/stm32f3xx_hal_rcc_ex.c **** #endif /* STM32F373xC || STM32F378xx */
 386:Inc/STM32F3xx_HAL_Driver/Src/stm32f3xx_hal_rcc_ex.c **** 
 387:Inc/STM32F3xx_HAL_Driver/Src/stm32f3xx_hal_rcc_ex.c **** #if defined(STM32F302xE) || defined(STM32F303xE) || defined(STM32F398xx)\
 388:Inc/STM32F3xx_HAL_Driver/Src/stm32f3xx_hal_rcc_ex.c ****  || defined(STM32F302xC) || defined(STM32F303xC) || defined(STM32F358xx)\
 389:Inc/STM32F3xx_HAL_Driver/Src/stm32f3xx_hal_rcc_ex.c ****  || defined(STM32F303x8) || defined(STM32F334x8) || defined(STM32F328xx)\
 390:Inc/STM32F3xx_HAL_Driver/Src/stm32f3xx_hal_rcc_ex.c ****  || defined(STM32F301x8) || defined(STM32F302x8) || defined(STM32F318xx)
 391:Inc/STM32F3xx_HAL_Driver/Src/stm32f3xx_hal_rcc_ex.c **** 
 392:Inc/STM32F3xx_HAL_Driver/Src/stm32f3xx_hal_rcc_ex.c ****   /*------------------------------ TIM1 clock Configuration ----------------*/ 
 393:Inc/STM32F3xx_HAL_Driver/Src/stm32f3xx_hal_rcc_ex.c ****   if(((PeriphClkInit->PeriphClockSelection) & RCC_PERIPHCLK_TIM1) == RCC_PERIPHCLK_TIM1)
 394:Inc/STM32F3xx_HAL_Driver/Src/stm32f3xx_hal_rcc_ex.c ****   {
 395:Inc/STM32F3xx_HAL_Driver/Src/stm32f3xx_hal_rcc_ex.c ****     /* Check the parameters */
 396:Inc/STM32F3xx_HAL_Driver/Src/stm32f3xx_hal_rcc_ex.c ****     assert_param(IS_RCC_TIM1CLKSOURCE(PeriphClkInit->Tim1ClockSelection));
 397:Inc/STM32F3xx_HAL_Driver/Src/stm32f3xx_hal_rcc_ex.c ****     
 398:Inc/STM32F3xx_HAL_Driver/Src/stm32f3xx_hal_rcc_ex.c ****     /* Configure the TIM1 clock source */
 399:Inc/STM32F3xx_HAL_Driver/Src/stm32f3xx_hal_rcc_ex.c ****     __HAL_RCC_TIM1_CONFIG(PeriphClkInit->Tim1ClockSelection);
 400:Inc/STM32F3xx_HAL_Driver/Src/stm32f3xx_hal_rcc_ex.c ****   }
 401:Inc/STM32F3xx_HAL_Driver/Src/stm32f3xx_hal_rcc_ex.c **** 
 402:Inc/STM32F3xx_HAL_Driver/Src/stm32f3xx_hal_rcc_ex.c **** #endif /* STM32F302xE || STM32F303xE || STM32F398xx || */
 403:Inc/STM32F3xx_HAL_Driver/Src/stm32f3xx_hal_rcc_ex.c ****        /* STM32F302xC || STM32F303xC || STM32F358xx || */
 404:Inc/STM32F3xx_HAL_Driver/Src/stm32f3xx_hal_rcc_ex.c ****        /* STM32F303x8 || STM32F334x8 || STM32F328xx || */
 405:Inc/STM32F3xx_HAL_Driver/Src/stm32f3xx_hal_rcc_ex.c ****        /* STM32F301x8 || STM32F302x8 || STM32F318xx    */
 406:Inc/STM32F3xx_HAL_Driver/Src/stm32f3xx_hal_rcc_ex.c ****   
 407:Inc/STM32F3xx_HAL_Driver/Src/stm32f3xx_hal_rcc_ex.c **** #if defined(STM32F303xE) || defined(STM32F398xx)\
 408:Inc/STM32F3xx_HAL_Driver/Src/stm32f3xx_hal_rcc_ex.c ****  || defined(STM32F303xC) || defined(STM32F358xx)
 409:Inc/STM32F3xx_HAL_Driver/Src/stm32f3xx_hal_rcc_ex.c **** 
 410:Inc/STM32F3xx_HAL_Driver/Src/stm32f3xx_hal_rcc_ex.c ****   /*------------------------------ TIM8 clock Configuration ----------------*/ 
 411:Inc/STM32F3xx_HAL_Driver/Src/stm32f3xx_hal_rcc_ex.c ****   if(((PeriphClkInit->PeriphClockSelection) & RCC_PERIPHCLK_TIM8) == RCC_PERIPHCLK_TIM8)
 412:Inc/STM32F3xx_HAL_Driver/Src/stm32f3xx_hal_rcc_ex.c ****   {
 413:Inc/STM32F3xx_HAL_Driver/Src/stm32f3xx_hal_rcc_ex.c ****     /* Check the parameters */
 414:Inc/STM32F3xx_HAL_Driver/Src/stm32f3xx_hal_rcc_ex.c ****     assert_param(IS_RCC_TIM8CLKSOURCE(PeriphClkInit->Tim8ClockSelection));
 415:Inc/STM32F3xx_HAL_Driver/Src/stm32f3xx_hal_rcc_ex.c ****     
 416:Inc/STM32F3xx_HAL_Driver/Src/stm32f3xx_hal_rcc_ex.c ****     /* Configure the TIM8 clock source */
 417:Inc/STM32F3xx_HAL_Driver/Src/stm32f3xx_hal_rcc_ex.c ****     __HAL_RCC_TIM8_CONFIG(PeriphClkInit->Tim8ClockSelection);
 418:Inc/STM32F3xx_HAL_Driver/Src/stm32f3xx_hal_rcc_ex.c ****   }
 419:Inc/STM32F3xx_HAL_Driver/Src/stm32f3xx_hal_rcc_ex.c **** 
 420:Inc/STM32F3xx_HAL_Driver/Src/stm32f3xx_hal_rcc_ex.c **** #endif /* STM32F303xE || STM32F398xx || */
 421:Inc/STM32F3xx_HAL_Driver/Src/stm32f3xx_hal_rcc_ex.c ****        /* STM32F303xC || STM32F358xx    */
 422:Inc/STM32F3xx_HAL_Driver/Src/stm32f3xx_hal_rcc_ex.c **** 
 423:Inc/STM32F3xx_HAL_Driver/Src/stm32f3xx_hal_rcc_ex.c **** #if defined(STM32F301x8) || defined(STM32F302x8) || defined(STM32F318xx)
 424:Inc/STM32F3xx_HAL_Driver/Src/stm32f3xx_hal_rcc_ex.c **** 
 425:Inc/STM32F3xx_HAL_Driver/Src/stm32f3xx_hal_rcc_ex.c ****   /*------------------------------ TIM15 clock Configuration ----------------*/ 
 426:Inc/STM32F3xx_HAL_Driver/Src/stm32f3xx_hal_rcc_ex.c ****   if(((PeriphClkInit->PeriphClockSelection) & RCC_PERIPHCLK_TIM15) == RCC_PERIPHCLK_TIM15)
 427:Inc/STM32F3xx_HAL_Driver/Src/stm32f3xx_hal_rcc_ex.c ****   {
 428:Inc/STM32F3xx_HAL_Driver/Src/stm32f3xx_hal_rcc_ex.c ****     /* Check the parameters */
 429:Inc/STM32F3xx_HAL_Driver/Src/stm32f3xx_hal_rcc_ex.c ****     assert_param(IS_RCC_TIM15CLKSOURCE(PeriphClkInit->Tim15ClockSelection));
 430:Inc/STM32F3xx_HAL_Driver/Src/stm32f3xx_hal_rcc_ex.c ****     
ARM GAS  /tmp/ccTvL2QU.s 			page 9


 431:Inc/STM32F3xx_HAL_Driver/Src/stm32f3xx_hal_rcc_ex.c ****     /* Configure the TIM15 clock source */
 432:Inc/STM32F3xx_HAL_Driver/Src/stm32f3xx_hal_rcc_ex.c ****     __HAL_RCC_TIM15_CONFIG(PeriphClkInit->Tim15ClockSelection);
 433:Inc/STM32F3xx_HAL_Driver/Src/stm32f3xx_hal_rcc_ex.c ****   }
 434:Inc/STM32F3xx_HAL_Driver/Src/stm32f3xx_hal_rcc_ex.c **** 
 435:Inc/STM32F3xx_HAL_Driver/Src/stm32f3xx_hal_rcc_ex.c ****   /*------------------------------ TIM16 clock Configuration ----------------*/ 
 436:Inc/STM32F3xx_HAL_Driver/Src/stm32f3xx_hal_rcc_ex.c ****   if(((PeriphClkInit->PeriphClockSelection) & RCC_PERIPHCLK_TIM16) == RCC_PERIPHCLK_TIM16)
 437:Inc/STM32F3xx_HAL_Driver/Src/stm32f3xx_hal_rcc_ex.c ****   {
 438:Inc/STM32F3xx_HAL_Driver/Src/stm32f3xx_hal_rcc_ex.c ****     /* Check the parameters */
 439:Inc/STM32F3xx_HAL_Driver/Src/stm32f3xx_hal_rcc_ex.c ****     assert_param(IS_RCC_TIM16CLKSOURCE(PeriphClkInit->Tim16ClockSelection));
 440:Inc/STM32F3xx_HAL_Driver/Src/stm32f3xx_hal_rcc_ex.c ****     
 441:Inc/STM32F3xx_HAL_Driver/Src/stm32f3xx_hal_rcc_ex.c ****     /* Configure the TIM16 clock source */
 442:Inc/STM32F3xx_HAL_Driver/Src/stm32f3xx_hal_rcc_ex.c ****     __HAL_RCC_TIM16_CONFIG(PeriphClkInit->Tim16ClockSelection);
 443:Inc/STM32F3xx_HAL_Driver/Src/stm32f3xx_hal_rcc_ex.c ****   }
 444:Inc/STM32F3xx_HAL_Driver/Src/stm32f3xx_hal_rcc_ex.c **** 
 445:Inc/STM32F3xx_HAL_Driver/Src/stm32f3xx_hal_rcc_ex.c ****   /*------------------------------ TIM17 clock Configuration ----------------*/ 
 446:Inc/STM32F3xx_HAL_Driver/Src/stm32f3xx_hal_rcc_ex.c ****   if(((PeriphClkInit->PeriphClockSelection) & RCC_PERIPHCLK_TIM17) == RCC_PERIPHCLK_TIM17)
 447:Inc/STM32F3xx_HAL_Driver/Src/stm32f3xx_hal_rcc_ex.c ****   {
 448:Inc/STM32F3xx_HAL_Driver/Src/stm32f3xx_hal_rcc_ex.c ****     /* Check the parameters */
 449:Inc/STM32F3xx_HAL_Driver/Src/stm32f3xx_hal_rcc_ex.c ****     assert_param(IS_RCC_TIM17CLKSOURCE(PeriphClkInit->Tim17ClockSelection));
 450:Inc/STM32F3xx_HAL_Driver/Src/stm32f3xx_hal_rcc_ex.c ****     
 451:Inc/STM32F3xx_HAL_Driver/Src/stm32f3xx_hal_rcc_ex.c ****     /* Configure the TIM17 clock source */
 452:Inc/STM32F3xx_HAL_Driver/Src/stm32f3xx_hal_rcc_ex.c ****     __HAL_RCC_TIM17_CONFIG(PeriphClkInit->Tim17ClockSelection);
 453:Inc/STM32F3xx_HAL_Driver/Src/stm32f3xx_hal_rcc_ex.c ****   }
 454:Inc/STM32F3xx_HAL_Driver/Src/stm32f3xx_hal_rcc_ex.c **** 
 455:Inc/STM32F3xx_HAL_Driver/Src/stm32f3xx_hal_rcc_ex.c **** #endif /* STM32F301x8 || STM32F302x8 || STM32F318xx */
 456:Inc/STM32F3xx_HAL_Driver/Src/stm32f3xx_hal_rcc_ex.c **** 
 457:Inc/STM32F3xx_HAL_Driver/Src/stm32f3xx_hal_rcc_ex.c **** #if defined(STM32F334x8)
 458:Inc/STM32F3xx_HAL_Driver/Src/stm32f3xx_hal_rcc_ex.c **** 
 459:Inc/STM32F3xx_HAL_Driver/Src/stm32f3xx_hal_rcc_ex.c ****   /*------------------------------ HRTIM1 clock Configuration ----------------*/ 
 460:Inc/STM32F3xx_HAL_Driver/Src/stm32f3xx_hal_rcc_ex.c ****   if(((PeriphClkInit->PeriphClockSelection) & RCC_PERIPHCLK_HRTIM1) == RCC_PERIPHCLK_HRTIM1)
 461:Inc/STM32F3xx_HAL_Driver/Src/stm32f3xx_hal_rcc_ex.c ****   {
 462:Inc/STM32F3xx_HAL_Driver/Src/stm32f3xx_hal_rcc_ex.c ****     /* Check the parameters */
 463:Inc/STM32F3xx_HAL_Driver/Src/stm32f3xx_hal_rcc_ex.c ****     assert_param(IS_RCC_HRTIM1CLKSOURCE(PeriphClkInit->Hrtim1ClockSelection));
 464:Inc/STM32F3xx_HAL_Driver/Src/stm32f3xx_hal_rcc_ex.c ****     
 465:Inc/STM32F3xx_HAL_Driver/Src/stm32f3xx_hal_rcc_ex.c ****     /* Configure the HRTIM1 clock source */
 466:Inc/STM32F3xx_HAL_Driver/Src/stm32f3xx_hal_rcc_ex.c ****     __HAL_RCC_HRTIM1_CONFIG(PeriphClkInit->Hrtim1ClockSelection);
 467:Inc/STM32F3xx_HAL_Driver/Src/stm32f3xx_hal_rcc_ex.c ****   }
 468:Inc/STM32F3xx_HAL_Driver/Src/stm32f3xx_hal_rcc_ex.c **** 
 469:Inc/STM32F3xx_HAL_Driver/Src/stm32f3xx_hal_rcc_ex.c **** #endif /* STM32F334x8 */
 470:Inc/STM32F3xx_HAL_Driver/Src/stm32f3xx_hal_rcc_ex.c **** 
 471:Inc/STM32F3xx_HAL_Driver/Src/stm32f3xx_hal_rcc_ex.c **** #if defined(STM32F373xC) || defined(STM32F378xx)
 472:Inc/STM32F3xx_HAL_Driver/Src/stm32f3xx_hal_rcc_ex.c ****   
 473:Inc/STM32F3xx_HAL_Driver/Src/stm32f3xx_hal_rcc_ex.c ****   /*------------------------------ SDADC clock Configuration -------------------*/ 
 474:Inc/STM32F3xx_HAL_Driver/Src/stm32f3xx_hal_rcc_ex.c ****   if(((PeriphClkInit->PeriphClockSelection) & RCC_PERIPHCLK_SDADC) == RCC_PERIPHCLK_SDADC)
 475:Inc/STM32F3xx_HAL_Driver/Src/stm32f3xx_hal_rcc_ex.c ****   {
 476:Inc/STM32F3xx_HAL_Driver/Src/stm32f3xx_hal_rcc_ex.c ****     /* Check the parameters */
 477:Inc/STM32F3xx_HAL_Driver/Src/stm32f3xx_hal_rcc_ex.c ****     assert_param(IS_RCC_SDADCSYSCLK_DIV(PeriphClkInit->SdadcClockSelection));
 478:Inc/STM32F3xx_HAL_Driver/Src/stm32f3xx_hal_rcc_ex.c ****     
 479:Inc/STM32F3xx_HAL_Driver/Src/stm32f3xx_hal_rcc_ex.c ****     /* Configure the SDADC clock prescaler */
 480:Inc/STM32F3xx_HAL_Driver/Src/stm32f3xx_hal_rcc_ex.c ****     __HAL_RCC_SDADC_CONFIG(PeriphClkInit->SdadcClockSelection);
 481:Inc/STM32F3xx_HAL_Driver/Src/stm32f3xx_hal_rcc_ex.c ****   }
 482:Inc/STM32F3xx_HAL_Driver/Src/stm32f3xx_hal_rcc_ex.c **** 
 483:Inc/STM32F3xx_HAL_Driver/Src/stm32f3xx_hal_rcc_ex.c ****   /*------------------------------ CEC clock Configuration -------------------*/ 
 484:Inc/STM32F3xx_HAL_Driver/Src/stm32f3xx_hal_rcc_ex.c ****   if(((PeriphClkInit->PeriphClockSelection) & RCC_PERIPHCLK_CEC) == RCC_PERIPHCLK_CEC)
 485:Inc/STM32F3xx_HAL_Driver/Src/stm32f3xx_hal_rcc_ex.c ****   {
 486:Inc/STM32F3xx_HAL_Driver/Src/stm32f3xx_hal_rcc_ex.c ****     /* Check the parameters */
 487:Inc/STM32F3xx_HAL_Driver/Src/stm32f3xx_hal_rcc_ex.c ****     assert_param(IS_RCC_CECCLKSOURCE(PeriphClkInit->CecClockSelection));
ARM GAS  /tmp/ccTvL2QU.s 			page 10


 488:Inc/STM32F3xx_HAL_Driver/Src/stm32f3xx_hal_rcc_ex.c ****     
 489:Inc/STM32F3xx_HAL_Driver/Src/stm32f3xx_hal_rcc_ex.c ****     /* Configure the CEC clock source */
 490:Inc/STM32F3xx_HAL_Driver/Src/stm32f3xx_hal_rcc_ex.c ****     __HAL_RCC_CEC_CONFIG(PeriphClkInit->CecClockSelection);
 491:Inc/STM32F3xx_HAL_Driver/Src/stm32f3xx_hal_rcc_ex.c ****   }
 492:Inc/STM32F3xx_HAL_Driver/Src/stm32f3xx_hal_rcc_ex.c **** 
 493:Inc/STM32F3xx_HAL_Driver/Src/stm32f3xx_hal_rcc_ex.c **** #endif /* STM32F373xC || STM32F378xx */
 494:Inc/STM32F3xx_HAL_Driver/Src/stm32f3xx_hal_rcc_ex.c ****   
 495:Inc/STM32F3xx_HAL_Driver/Src/stm32f3xx_hal_rcc_ex.c **** #if defined(STM32F302xE) || defined(STM32F303xE) || defined(STM32F398xx)
 496:Inc/STM32F3xx_HAL_Driver/Src/stm32f3xx_hal_rcc_ex.c ****   
 497:Inc/STM32F3xx_HAL_Driver/Src/stm32f3xx_hal_rcc_ex.c ****   /*------------------------------ TIM2 clock Configuration -------------------*/ 
 498:Inc/STM32F3xx_HAL_Driver/Src/stm32f3xx_hal_rcc_ex.c ****   if(((PeriphClkInit->PeriphClockSelection) & RCC_PERIPHCLK_TIM2) == RCC_PERIPHCLK_TIM2)
 499:Inc/STM32F3xx_HAL_Driver/Src/stm32f3xx_hal_rcc_ex.c ****   {
 500:Inc/STM32F3xx_HAL_Driver/Src/stm32f3xx_hal_rcc_ex.c ****     /* Check the parameters */
 501:Inc/STM32F3xx_HAL_Driver/Src/stm32f3xx_hal_rcc_ex.c ****     assert_param(IS_RCC_TIM2CLKSOURCE(PeriphClkInit->Tim2ClockSelection));
 502:Inc/STM32F3xx_HAL_Driver/Src/stm32f3xx_hal_rcc_ex.c ****     
 503:Inc/STM32F3xx_HAL_Driver/Src/stm32f3xx_hal_rcc_ex.c ****     /* Configure the CEC clock source */
 504:Inc/STM32F3xx_HAL_Driver/Src/stm32f3xx_hal_rcc_ex.c ****     __HAL_RCC_TIM2_CONFIG(PeriphClkInit->Tim2ClockSelection);
 505:Inc/STM32F3xx_HAL_Driver/Src/stm32f3xx_hal_rcc_ex.c ****   }
 506:Inc/STM32F3xx_HAL_Driver/Src/stm32f3xx_hal_rcc_ex.c **** 
 507:Inc/STM32F3xx_HAL_Driver/Src/stm32f3xx_hal_rcc_ex.c ****   /*------------------------------ TIM3 clock Configuration -------------------*/ 
 508:Inc/STM32F3xx_HAL_Driver/Src/stm32f3xx_hal_rcc_ex.c ****   if(((PeriphClkInit->PeriphClockSelection) & RCC_PERIPHCLK_TIM34) == RCC_PERIPHCLK_TIM34)
 509:Inc/STM32F3xx_HAL_Driver/Src/stm32f3xx_hal_rcc_ex.c ****   {
 510:Inc/STM32F3xx_HAL_Driver/Src/stm32f3xx_hal_rcc_ex.c ****     /* Check the parameters */
 511:Inc/STM32F3xx_HAL_Driver/Src/stm32f3xx_hal_rcc_ex.c ****     assert_param(IS_RCC_TIM3CLKSOURCE(PeriphClkInit->Tim34ClockSelection));
 512:Inc/STM32F3xx_HAL_Driver/Src/stm32f3xx_hal_rcc_ex.c ****     
 513:Inc/STM32F3xx_HAL_Driver/Src/stm32f3xx_hal_rcc_ex.c ****     /* Configure the CEC clock source */
 514:Inc/STM32F3xx_HAL_Driver/Src/stm32f3xx_hal_rcc_ex.c ****     __HAL_RCC_TIM34_CONFIG(PeriphClkInit->Tim34ClockSelection);
 515:Inc/STM32F3xx_HAL_Driver/Src/stm32f3xx_hal_rcc_ex.c ****   }
 516:Inc/STM32F3xx_HAL_Driver/Src/stm32f3xx_hal_rcc_ex.c **** 
 517:Inc/STM32F3xx_HAL_Driver/Src/stm32f3xx_hal_rcc_ex.c ****   /*------------------------------ TIM15 clock Configuration ------------------*/ 
 518:Inc/STM32F3xx_HAL_Driver/Src/stm32f3xx_hal_rcc_ex.c ****   if(((PeriphClkInit->PeriphClockSelection) & RCC_PERIPHCLK_TIM15) == RCC_PERIPHCLK_TIM15)
 519:Inc/STM32F3xx_HAL_Driver/Src/stm32f3xx_hal_rcc_ex.c ****   {
 520:Inc/STM32F3xx_HAL_Driver/Src/stm32f3xx_hal_rcc_ex.c ****     /* Check the parameters */
 521:Inc/STM32F3xx_HAL_Driver/Src/stm32f3xx_hal_rcc_ex.c ****     assert_param(IS_RCC_TIM15CLKSOURCE(PeriphClkInit->Tim15ClockSelection));
 522:Inc/STM32F3xx_HAL_Driver/Src/stm32f3xx_hal_rcc_ex.c ****     
 523:Inc/STM32F3xx_HAL_Driver/Src/stm32f3xx_hal_rcc_ex.c ****     /* Configure the CEC clock source */
 524:Inc/STM32F3xx_HAL_Driver/Src/stm32f3xx_hal_rcc_ex.c ****     __HAL_RCC_TIM15_CONFIG(PeriphClkInit->Tim15ClockSelection);
 525:Inc/STM32F3xx_HAL_Driver/Src/stm32f3xx_hal_rcc_ex.c ****   }
 526:Inc/STM32F3xx_HAL_Driver/Src/stm32f3xx_hal_rcc_ex.c **** 
 527:Inc/STM32F3xx_HAL_Driver/Src/stm32f3xx_hal_rcc_ex.c ****   /*------------------------------ TIM16 clock Configuration ------------------*/ 
 528:Inc/STM32F3xx_HAL_Driver/Src/stm32f3xx_hal_rcc_ex.c ****   if(((PeriphClkInit->PeriphClockSelection) & RCC_PERIPHCLK_TIM16) == RCC_PERIPHCLK_TIM16)
 529:Inc/STM32F3xx_HAL_Driver/Src/stm32f3xx_hal_rcc_ex.c ****   {
 530:Inc/STM32F3xx_HAL_Driver/Src/stm32f3xx_hal_rcc_ex.c ****     /* Check the parameters */
 531:Inc/STM32F3xx_HAL_Driver/Src/stm32f3xx_hal_rcc_ex.c ****     assert_param(IS_RCC_TIM16CLKSOURCE(PeriphClkInit->Tim16ClockSelection));
 532:Inc/STM32F3xx_HAL_Driver/Src/stm32f3xx_hal_rcc_ex.c ****     
 533:Inc/STM32F3xx_HAL_Driver/Src/stm32f3xx_hal_rcc_ex.c ****     /* Configure the CEC clock source */
 534:Inc/STM32F3xx_HAL_Driver/Src/stm32f3xx_hal_rcc_ex.c ****     __HAL_RCC_TIM16_CONFIG(PeriphClkInit->Tim16ClockSelection);
 535:Inc/STM32F3xx_HAL_Driver/Src/stm32f3xx_hal_rcc_ex.c ****   }
 536:Inc/STM32F3xx_HAL_Driver/Src/stm32f3xx_hal_rcc_ex.c **** 
 537:Inc/STM32F3xx_HAL_Driver/Src/stm32f3xx_hal_rcc_ex.c ****   /*------------------------------ TIM17 clock Configuration ------------------*/ 
 538:Inc/STM32F3xx_HAL_Driver/Src/stm32f3xx_hal_rcc_ex.c ****   if(((PeriphClkInit->PeriphClockSelection) & RCC_PERIPHCLK_TIM17) == RCC_PERIPHCLK_TIM17)
 539:Inc/STM32F3xx_HAL_Driver/Src/stm32f3xx_hal_rcc_ex.c ****   {
 540:Inc/STM32F3xx_HAL_Driver/Src/stm32f3xx_hal_rcc_ex.c ****     /* Check the parameters */
 541:Inc/STM32F3xx_HAL_Driver/Src/stm32f3xx_hal_rcc_ex.c ****     assert_param(IS_RCC_TIM17CLKSOURCE(PeriphClkInit->Tim17ClockSelection));
 542:Inc/STM32F3xx_HAL_Driver/Src/stm32f3xx_hal_rcc_ex.c ****     
 543:Inc/STM32F3xx_HAL_Driver/Src/stm32f3xx_hal_rcc_ex.c ****     /* Configure the CEC clock source */
 544:Inc/STM32F3xx_HAL_Driver/Src/stm32f3xx_hal_rcc_ex.c ****     __HAL_RCC_TIM17_CONFIG(PeriphClkInit->Tim17ClockSelection);
ARM GAS  /tmp/ccTvL2QU.s 			page 11


 545:Inc/STM32F3xx_HAL_Driver/Src/stm32f3xx_hal_rcc_ex.c ****   }
 546:Inc/STM32F3xx_HAL_Driver/Src/stm32f3xx_hal_rcc_ex.c **** 
 547:Inc/STM32F3xx_HAL_Driver/Src/stm32f3xx_hal_rcc_ex.c **** #endif /* STM32F302xE || STM32F303xE || STM32F398xx */  
 548:Inc/STM32F3xx_HAL_Driver/Src/stm32f3xx_hal_rcc_ex.c **** 
 549:Inc/STM32F3xx_HAL_Driver/Src/stm32f3xx_hal_rcc_ex.c **** #if defined(STM32F303xE) || defined(STM32F398xx)
 550:Inc/STM32F3xx_HAL_Driver/Src/stm32f3xx_hal_rcc_ex.c ****   /*------------------------------ TIM20 clock Configuration ------------------*/ 
 551:Inc/STM32F3xx_HAL_Driver/Src/stm32f3xx_hal_rcc_ex.c ****   if(((PeriphClkInit->PeriphClockSelection) & RCC_PERIPHCLK_TIM20) == RCC_PERIPHCLK_TIM20)
 552:Inc/STM32F3xx_HAL_Driver/Src/stm32f3xx_hal_rcc_ex.c ****   {
 553:Inc/STM32F3xx_HAL_Driver/Src/stm32f3xx_hal_rcc_ex.c ****     /* Check the parameters */
 554:Inc/STM32F3xx_HAL_Driver/Src/stm32f3xx_hal_rcc_ex.c ****     assert_param(IS_RCC_TIM20CLKSOURCE(PeriphClkInit->Tim20ClockSelection));
 555:Inc/STM32F3xx_HAL_Driver/Src/stm32f3xx_hal_rcc_ex.c ****     
 556:Inc/STM32F3xx_HAL_Driver/Src/stm32f3xx_hal_rcc_ex.c ****     /* Configure the CEC clock source */
 557:Inc/STM32F3xx_HAL_Driver/Src/stm32f3xx_hal_rcc_ex.c ****     __HAL_RCC_TIM20_CONFIG(PeriphClkInit->Tim20ClockSelection);
 558:Inc/STM32F3xx_HAL_Driver/Src/stm32f3xx_hal_rcc_ex.c ****   }
 559:Inc/STM32F3xx_HAL_Driver/Src/stm32f3xx_hal_rcc_ex.c **** #endif /* STM32F303xE || STM32F398xx */  
 560:Inc/STM32F3xx_HAL_Driver/Src/stm32f3xx_hal_rcc_ex.c **** 
 561:Inc/STM32F3xx_HAL_Driver/Src/stm32f3xx_hal_rcc_ex.c ****   
 562:Inc/STM32F3xx_HAL_Driver/Src/stm32f3xx_hal_rcc_ex.c ****   return HAL_OK;
 563:Inc/STM32F3xx_HAL_Driver/Src/stm32f3xx_hal_rcc_ex.c **** }
 564:Inc/STM32F3xx_HAL_Driver/Src/stm32f3xx_hal_rcc_ex.c **** 
 565:Inc/STM32F3xx_HAL_Driver/Src/stm32f3xx_hal_rcc_ex.c **** /**
 566:Inc/STM32F3xx_HAL_Driver/Src/stm32f3xx_hal_rcc_ex.c ****   * @brief  Get the RCC_ClkInitStruct according to the internal
 567:Inc/STM32F3xx_HAL_Driver/Src/stm32f3xx_hal_rcc_ex.c ****   * RCC configuration registers.
 568:Inc/STM32F3xx_HAL_Driver/Src/stm32f3xx_hal_rcc_ex.c ****   * @param  PeriphClkInit pointer to an RCC_PeriphCLKInitTypeDef structure that
 569:Inc/STM32F3xx_HAL_Driver/Src/stm32f3xx_hal_rcc_ex.c ****   *         returns the configuration information for the Extended Peripherals clocks
 570:Inc/STM32F3xx_HAL_Driver/Src/stm32f3xx_hal_rcc_ex.c ****   *         (ADC, CEC, I2C, I2S, SDADC, HRTIM, TIM, USART, RTC and USB clocks).
 571:Inc/STM32F3xx_HAL_Driver/Src/stm32f3xx_hal_rcc_ex.c ****   * @retval None
 572:Inc/STM32F3xx_HAL_Driver/Src/stm32f3xx_hal_rcc_ex.c ****   */
 573:Inc/STM32F3xx_HAL_Driver/Src/stm32f3xx_hal_rcc_ex.c **** void HAL_RCCEx_GetPeriphCLKConfig(RCC_PeriphCLKInitTypeDef  *PeriphClkInit)
 574:Inc/STM32F3xx_HAL_Driver/Src/stm32f3xx_hal_rcc_ex.c **** {
 575:Inc/STM32F3xx_HAL_Driver/Src/stm32f3xx_hal_rcc_ex.c ****   /* Set all possible values for the extended clock type parameter------------*/
 576:Inc/STM32F3xx_HAL_Driver/Src/stm32f3xx_hal_rcc_ex.c ****   /* Common part first */
 577:Inc/STM32F3xx_HAL_Driver/Src/stm32f3xx_hal_rcc_ex.c **** #if defined(RCC_CFGR3_USART2SW) && defined(RCC_CFGR3_USART3SW)
 578:Inc/STM32F3xx_HAL_Driver/Src/stm32f3xx_hal_rcc_ex.c ****   PeriphClkInit->PeriphClockSelection = RCC_PERIPHCLK_USART1 | RCC_PERIPHCLK_USART2 | RCC_PERIPHCLK
 579:Inc/STM32F3xx_HAL_Driver/Src/stm32f3xx_hal_rcc_ex.c ****                                         RCC_PERIPHCLK_I2C1   | RCC_PERIPHCLK_RTC;
 580:Inc/STM32F3xx_HAL_Driver/Src/stm32f3xx_hal_rcc_ex.c **** #else
 581:Inc/STM32F3xx_HAL_Driver/Src/stm32f3xx_hal_rcc_ex.c ****   PeriphClkInit->PeriphClockSelection = RCC_PERIPHCLK_USART1 | \
 582:Inc/STM32F3xx_HAL_Driver/Src/stm32f3xx_hal_rcc_ex.c ****                                         RCC_PERIPHCLK_I2C1   | RCC_PERIPHCLK_RTC;
 583:Inc/STM32F3xx_HAL_Driver/Src/stm32f3xx_hal_rcc_ex.c **** #endif /* RCC_CFGR3_USART2SW && RCC_CFGR3_USART3SW */
 584:Inc/STM32F3xx_HAL_Driver/Src/stm32f3xx_hal_rcc_ex.c ****   
 585:Inc/STM32F3xx_HAL_Driver/Src/stm32f3xx_hal_rcc_ex.c ****   /* Get the RTC configuration --------------------------------------------*/
 586:Inc/STM32F3xx_HAL_Driver/Src/stm32f3xx_hal_rcc_ex.c ****   PeriphClkInit->RTCClockSelection = __HAL_RCC_GET_RTC_SOURCE();
 587:Inc/STM32F3xx_HAL_Driver/Src/stm32f3xx_hal_rcc_ex.c ****   /* Get the USART1 clock configuration --------------------------------------------*/
 588:Inc/STM32F3xx_HAL_Driver/Src/stm32f3xx_hal_rcc_ex.c ****   PeriphClkInit->Usart1ClockSelection = __HAL_RCC_GET_USART1_SOURCE();
 589:Inc/STM32F3xx_HAL_Driver/Src/stm32f3xx_hal_rcc_ex.c **** #if defined(RCC_CFGR3_USART2SW)
 590:Inc/STM32F3xx_HAL_Driver/Src/stm32f3xx_hal_rcc_ex.c ****   /* Get the USART2 clock configuration -----------------------------------------*/
 591:Inc/STM32F3xx_HAL_Driver/Src/stm32f3xx_hal_rcc_ex.c ****   PeriphClkInit->Usart2ClockSelection = __HAL_RCC_GET_USART2_SOURCE();
 592:Inc/STM32F3xx_HAL_Driver/Src/stm32f3xx_hal_rcc_ex.c **** #endif /* RCC_CFGR3_USART2SW */
 593:Inc/STM32F3xx_HAL_Driver/Src/stm32f3xx_hal_rcc_ex.c **** #if defined(RCC_CFGR3_USART3SW)
 594:Inc/STM32F3xx_HAL_Driver/Src/stm32f3xx_hal_rcc_ex.c ****    /* Get the USART3 clock configuration -----------------------------------------*/
 595:Inc/STM32F3xx_HAL_Driver/Src/stm32f3xx_hal_rcc_ex.c ****   PeriphClkInit->Usart3ClockSelection = __HAL_RCC_GET_USART3_SOURCE();
 596:Inc/STM32F3xx_HAL_Driver/Src/stm32f3xx_hal_rcc_ex.c **** #endif /* RCC_CFGR3_USART3SW */
 597:Inc/STM32F3xx_HAL_Driver/Src/stm32f3xx_hal_rcc_ex.c ****   /* Get the I2C1 clock configuration -----------------------------------------*/
 598:Inc/STM32F3xx_HAL_Driver/Src/stm32f3xx_hal_rcc_ex.c ****   PeriphClkInit->I2c1ClockSelection = __HAL_RCC_GET_I2C1_SOURCE();
 599:Inc/STM32F3xx_HAL_Driver/Src/stm32f3xx_hal_rcc_ex.c **** 
 600:Inc/STM32F3xx_HAL_Driver/Src/stm32f3xx_hal_rcc_ex.c **** #if defined(STM32F302xE) || defined(STM32F303xE)\
 601:Inc/STM32F3xx_HAL_Driver/Src/stm32f3xx_hal_rcc_ex.c ****     || defined(STM32F302xC) || defined(STM32F303xC)\
ARM GAS  /tmp/ccTvL2QU.s 			page 12


 602:Inc/STM32F3xx_HAL_Driver/Src/stm32f3xx_hal_rcc_ex.c ****     || defined(STM32F302x8)                        \
 603:Inc/STM32F3xx_HAL_Driver/Src/stm32f3xx_hal_rcc_ex.c ****     || defined(STM32F373xC)
 604:Inc/STM32F3xx_HAL_Driver/Src/stm32f3xx_hal_rcc_ex.c **** 
 605:Inc/STM32F3xx_HAL_Driver/Src/stm32f3xx_hal_rcc_ex.c ****   PeriphClkInit->PeriphClockSelection |= RCC_PERIPHCLK_USB;
 606:Inc/STM32F3xx_HAL_Driver/Src/stm32f3xx_hal_rcc_ex.c ****   /* Get the USB clock configuration -----------------------------------------*/
 607:Inc/STM32F3xx_HAL_Driver/Src/stm32f3xx_hal_rcc_ex.c ****   PeriphClkInit->USBClockSelection = __HAL_RCC_GET_USB_SOURCE();
 608:Inc/STM32F3xx_HAL_Driver/Src/stm32f3xx_hal_rcc_ex.c **** 
 609:Inc/STM32F3xx_HAL_Driver/Src/stm32f3xx_hal_rcc_ex.c **** #endif /* STM32F302xE || STM32F303xE || */
 610:Inc/STM32F3xx_HAL_Driver/Src/stm32f3xx_hal_rcc_ex.c ****        /* STM32F302xC || STM32F303xC || */
 611:Inc/STM32F3xx_HAL_Driver/Src/stm32f3xx_hal_rcc_ex.c ****        /* STM32F302x8                || */
 612:Inc/STM32F3xx_HAL_Driver/Src/stm32f3xx_hal_rcc_ex.c ****        /* STM32F373xC                   */
 613:Inc/STM32F3xx_HAL_Driver/Src/stm32f3xx_hal_rcc_ex.c **** 
 614:Inc/STM32F3xx_HAL_Driver/Src/stm32f3xx_hal_rcc_ex.c **** #if defined(STM32F302xE) || defined(STM32F303xE) || defined(STM32F398xx)\
 615:Inc/STM32F3xx_HAL_Driver/Src/stm32f3xx_hal_rcc_ex.c ****     || defined(STM32F302xC) || defined(STM32F303xC) || defined(STM32F358xx)\
 616:Inc/STM32F3xx_HAL_Driver/Src/stm32f3xx_hal_rcc_ex.c ****     || defined(STM32F301x8) || defined(STM32F302x8) || defined(STM32F318xx)\
 617:Inc/STM32F3xx_HAL_Driver/Src/stm32f3xx_hal_rcc_ex.c ****     || defined(STM32F373xC) || defined(STM32F378xx)
 618:Inc/STM32F3xx_HAL_Driver/Src/stm32f3xx_hal_rcc_ex.c **** 
 619:Inc/STM32F3xx_HAL_Driver/Src/stm32f3xx_hal_rcc_ex.c ****   PeriphClkInit->PeriphClockSelection |= RCC_PERIPHCLK_I2C2;
 620:Inc/STM32F3xx_HAL_Driver/Src/stm32f3xx_hal_rcc_ex.c ****   /* Get the I2C2 clock configuration -----------------------------------------*/
 621:Inc/STM32F3xx_HAL_Driver/Src/stm32f3xx_hal_rcc_ex.c ****   PeriphClkInit->I2c2ClockSelection = __HAL_RCC_GET_I2C2_SOURCE();
 622:Inc/STM32F3xx_HAL_Driver/Src/stm32f3xx_hal_rcc_ex.c **** 
 623:Inc/STM32F3xx_HAL_Driver/Src/stm32f3xx_hal_rcc_ex.c **** #endif /* STM32F302xE || STM32F303xE || STM32F398xx || */
 624:Inc/STM32F3xx_HAL_Driver/Src/stm32f3xx_hal_rcc_ex.c ****        /* STM32F302xC || STM32F303xC || STM32F358xx || */
 625:Inc/STM32F3xx_HAL_Driver/Src/stm32f3xx_hal_rcc_ex.c ****        /* STM32F301x8 || STM32F302x8 || STM32F318xx || */
 626:Inc/STM32F3xx_HAL_Driver/Src/stm32f3xx_hal_rcc_ex.c ****        /* STM32F373xC || STM32F378xx                   */
 627:Inc/STM32F3xx_HAL_Driver/Src/stm32f3xx_hal_rcc_ex.c ****   
 628:Inc/STM32F3xx_HAL_Driver/Src/stm32f3xx_hal_rcc_ex.c **** #if defined(STM32F302xE) || defined(STM32F303xE) || defined(STM32F398xx)\
 629:Inc/STM32F3xx_HAL_Driver/Src/stm32f3xx_hal_rcc_ex.c ****     || defined(STM32F301x8) || defined(STM32F302x8) || defined(STM32F318xx)
 630:Inc/STM32F3xx_HAL_Driver/Src/stm32f3xx_hal_rcc_ex.c **** 
 631:Inc/STM32F3xx_HAL_Driver/Src/stm32f3xx_hal_rcc_ex.c ****   PeriphClkInit->PeriphClockSelection |= RCC_PERIPHCLK_I2C3;
 632:Inc/STM32F3xx_HAL_Driver/Src/stm32f3xx_hal_rcc_ex.c ****   /* Get the I2C3 clock configuration -----------------------------------------*/
 633:Inc/STM32F3xx_HAL_Driver/Src/stm32f3xx_hal_rcc_ex.c ****   PeriphClkInit->I2c3ClockSelection = __HAL_RCC_GET_I2C3_SOURCE();
 634:Inc/STM32F3xx_HAL_Driver/Src/stm32f3xx_hal_rcc_ex.c **** 
 635:Inc/STM32F3xx_HAL_Driver/Src/stm32f3xx_hal_rcc_ex.c **** #endif /* STM32F302xE || STM32F303xE || STM32F398xx || */
 636:Inc/STM32F3xx_HAL_Driver/Src/stm32f3xx_hal_rcc_ex.c ****        /* STM32F301x8 || STM32F302x8 || STM32F318xx    */
 637:Inc/STM32F3xx_HAL_Driver/Src/stm32f3xx_hal_rcc_ex.c ****   
 638:Inc/STM32F3xx_HAL_Driver/Src/stm32f3xx_hal_rcc_ex.c **** #if defined(STM32F302xE) || defined(STM32F303xE) || defined(STM32F398xx)\
 639:Inc/STM32F3xx_HAL_Driver/Src/stm32f3xx_hal_rcc_ex.c ****     || defined(STM32F302xC) || defined(STM32F303xC) ||defined(STM32F358xx)
 640:Inc/STM32F3xx_HAL_Driver/Src/stm32f3xx_hal_rcc_ex.c **** 
 641:Inc/STM32F3xx_HAL_Driver/Src/stm32f3xx_hal_rcc_ex.c ****   PeriphClkInit->PeriphClockSelection |= (RCC_PERIPHCLK_UART4  | RCC_PERIPHCLK_UART5);
 642:Inc/STM32F3xx_HAL_Driver/Src/stm32f3xx_hal_rcc_ex.c ****   /* Get the UART4 clock configuration -----------------------------------------*/
 643:Inc/STM32F3xx_HAL_Driver/Src/stm32f3xx_hal_rcc_ex.c ****   PeriphClkInit->Uart4ClockSelection = __HAL_RCC_GET_UART4_SOURCE();
 644:Inc/STM32F3xx_HAL_Driver/Src/stm32f3xx_hal_rcc_ex.c ****   /* Get the UART5 clock configuration -----------------------------------------*/
 645:Inc/STM32F3xx_HAL_Driver/Src/stm32f3xx_hal_rcc_ex.c ****   PeriphClkInit->Uart5ClockSelection = __HAL_RCC_GET_UART5_SOURCE();
 646:Inc/STM32F3xx_HAL_Driver/Src/stm32f3xx_hal_rcc_ex.c **** 
 647:Inc/STM32F3xx_HAL_Driver/Src/stm32f3xx_hal_rcc_ex.c **** #endif /* STM32F302xE || STM32F303xE || STM32F398xx || */
 648:Inc/STM32F3xx_HAL_Driver/Src/stm32f3xx_hal_rcc_ex.c ****        /* STM32F302xC || STM32F303xC || STM32F358xx */
 649:Inc/STM32F3xx_HAL_Driver/Src/stm32f3xx_hal_rcc_ex.c **** 
 650:Inc/STM32F3xx_HAL_Driver/Src/stm32f3xx_hal_rcc_ex.c **** #if defined(STM32F302xE) || defined(STM32F303xE) || defined(STM32F398xx)\
 651:Inc/STM32F3xx_HAL_Driver/Src/stm32f3xx_hal_rcc_ex.c ****     || defined(STM32F302xC) || defined(STM32F303xC) || defined(STM32F358xx)\
 652:Inc/STM32F3xx_HAL_Driver/Src/stm32f3xx_hal_rcc_ex.c ****     || defined(STM32F301x8) || defined(STM32F302x8) || defined(STM32F318xx)
 653:Inc/STM32F3xx_HAL_Driver/Src/stm32f3xx_hal_rcc_ex.c **** 
 654:Inc/STM32F3xx_HAL_Driver/Src/stm32f3xx_hal_rcc_ex.c ****   PeriphClkInit->PeriphClockSelection |= RCC_PERIPHCLK_I2S;
 655:Inc/STM32F3xx_HAL_Driver/Src/stm32f3xx_hal_rcc_ex.c ****   /* Get the I2S clock configuration -----------------------------------------*/
 656:Inc/STM32F3xx_HAL_Driver/Src/stm32f3xx_hal_rcc_ex.c ****   PeriphClkInit->I2sClockSelection = __HAL_RCC_GET_I2S_SOURCE();
 657:Inc/STM32F3xx_HAL_Driver/Src/stm32f3xx_hal_rcc_ex.c **** 
 658:Inc/STM32F3xx_HAL_Driver/Src/stm32f3xx_hal_rcc_ex.c **** #endif /* STM32F302xE || STM32F303xE || STM32F398xx || */
ARM GAS  /tmp/ccTvL2QU.s 			page 13


 659:Inc/STM32F3xx_HAL_Driver/Src/stm32f3xx_hal_rcc_ex.c ****        /* STM32F302xC || STM32F303xC || STM32F358xx || */
 660:Inc/STM32F3xx_HAL_Driver/Src/stm32f3xx_hal_rcc_ex.c ****        /* STM32F301x8 || STM32F302x8 || STM32F318xx || */
 661:Inc/STM32F3xx_HAL_Driver/Src/stm32f3xx_hal_rcc_ex.c ****   
 662:Inc/STM32F3xx_HAL_Driver/Src/stm32f3xx_hal_rcc_ex.c **** #if defined(STM32F301x8) || defined(STM32F302x8) || defined(STM32F318xx)\
 663:Inc/STM32F3xx_HAL_Driver/Src/stm32f3xx_hal_rcc_ex.c ****     || defined(STM32F373xC) || defined(STM32F378xx)
 664:Inc/STM32F3xx_HAL_Driver/Src/stm32f3xx_hal_rcc_ex.c ****       
 665:Inc/STM32F3xx_HAL_Driver/Src/stm32f3xx_hal_rcc_ex.c ****   PeriphClkInit->PeriphClockSelection |= RCC_PERIPHCLK_ADC1;
 666:Inc/STM32F3xx_HAL_Driver/Src/stm32f3xx_hal_rcc_ex.c ****   /* Get the ADC1 clock configuration -----------------------------------------*/
 667:Inc/STM32F3xx_HAL_Driver/Src/stm32f3xx_hal_rcc_ex.c ****   PeriphClkInit->Adc1ClockSelection = __HAL_RCC_GET_ADC1_SOURCE();
 668:Inc/STM32F3xx_HAL_Driver/Src/stm32f3xx_hal_rcc_ex.c **** 
 669:Inc/STM32F3xx_HAL_Driver/Src/stm32f3xx_hal_rcc_ex.c **** #endif /* STM32F301x8 || STM32F302x8 || STM32F318xx || */
 670:Inc/STM32F3xx_HAL_Driver/Src/stm32f3xx_hal_rcc_ex.c ****        /* STM32F373xC || STM32F378xx                   */
 671:Inc/STM32F3xx_HAL_Driver/Src/stm32f3xx_hal_rcc_ex.c **** 
 672:Inc/STM32F3xx_HAL_Driver/Src/stm32f3xx_hal_rcc_ex.c **** #if defined(STM32F302xE) || defined(STM32F303xE) || defined(STM32F398xx)\
 673:Inc/STM32F3xx_HAL_Driver/Src/stm32f3xx_hal_rcc_ex.c ****     || defined(STM32F302xC) || defined(STM32F303xC) || defined(STM32F358xx)\
 674:Inc/STM32F3xx_HAL_Driver/Src/stm32f3xx_hal_rcc_ex.c ****     || defined(STM32F303x8) || defined(STM32F334x8) || defined(STM32F328xx)
 675:Inc/STM32F3xx_HAL_Driver/Src/stm32f3xx_hal_rcc_ex.c **** 
 676:Inc/STM32F3xx_HAL_Driver/Src/stm32f3xx_hal_rcc_ex.c ****   PeriphClkInit->PeriphClockSelection |= RCC_PERIPHCLK_ADC12;
 677:Inc/STM32F3xx_HAL_Driver/Src/stm32f3xx_hal_rcc_ex.c ****   /* Get the ADC1 & ADC2 clock configuration -----------------------------------------*/
 678:Inc/STM32F3xx_HAL_Driver/Src/stm32f3xx_hal_rcc_ex.c ****   PeriphClkInit->Adc12ClockSelection = __HAL_RCC_GET_ADC12_SOURCE();
 679:Inc/STM32F3xx_HAL_Driver/Src/stm32f3xx_hal_rcc_ex.c **** 
 680:Inc/STM32F3xx_HAL_Driver/Src/stm32f3xx_hal_rcc_ex.c **** #endif /* STM32F302xE || STM32F303xE || STM32F398xx || */
 681:Inc/STM32F3xx_HAL_Driver/Src/stm32f3xx_hal_rcc_ex.c ****        /* STM32F302xC || STM32F303xC || STM32F358xx || */
 682:Inc/STM32F3xx_HAL_Driver/Src/stm32f3xx_hal_rcc_ex.c ****        /* STM32F303x8 || STM32F334x8 || STM32F328xx    */
 683:Inc/STM32F3xx_HAL_Driver/Src/stm32f3xx_hal_rcc_ex.c **** 
 684:Inc/STM32F3xx_HAL_Driver/Src/stm32f3xx_hal_rcc_ex.c **** #if defined(STM32F303xE) || defined(STM32F398xx)\
 685:Inc/STM32F3xx_HAL_Driver/Src/stm32f3xx_hal_rcc_ex.c ****     || defined(STM32F303xC) || defined(STM32F358xx)
 686:Inc/STM32F3xx_HAL_Driver/Src/stm32f3xx_hal_rcc_ex.c **** 
 687:Inc/STM32F3xx_HAL_Driver/Src/stm32f3xx_hal_rcc_ex.c ****   PeriphClkInit->PeriphClockSelection |= RCC_PERIPHCLK_ADC34;
 688:Inc/STM32F3xx_HAL_Driver/Src/stm32f3xx_hal_rcc_ex.c ****    /* Get the ADC3 & ADC4 clock configuration -----------------------------------------*/
 689:Inc/STM32F3xx_HAL_Driver/Src/stm32f3xx_hal_rcc_ex.c ****   PeriphClkInit->Adc34ClockSelection = __HAL_RCC_GET_ADC34_SOURCE();
 690:Inc/STM32F3xx_HAL_Driver/Src/stm32f3xx_hal_rcc_ex.c **** 
 691:Inc/STM32F3xx_HAL_Driver/Src/stm32f3xx_hal_rcc_ex.c **** #endif /* STM32F303xE || STM32F398xx || */
 692:Inc/STM32F3xx_HAL_Driver/Src/stm32f3xx_hal_rcc_ex.c ****        /* STM32F303xC || STM32F358xx    */
 693:Inc/STM32F3xx_HAL_Driver/Src/stm32f3xx_hal_rcc_ex.c **** 
 694:Inc/STM32F3xx_HAL_Driver/Src/stm32f3xx_hal_rcc_ex.c **** #if defined(STM32F302xE) || defined(STM32F303xE) || defined(STM32F398xx)\
 695:Inc/STM32F3xx_HAL_Driver/Src/stm32f3xx_hal_rcc_ex.c ****     || defined(STM32F302xC) || defined(STM32F303xC) || defined(STM32F358xx)\
 696:Inc/STM32F3xx_HAL_Driver/Src/stm32f3xx_hal_rcc_ex.c ****     || defined(STM32F303x8) || defined(STM32F334x8) || defined(STM32F328xx)\
 697:Inc/STM32F3xx_HAL_Driver/Src/stm32f3xx_hal_rcc_ex.c ****     || defined(STM32F301x8) || defined(STM32F302x8) || defined(STM32F318xx)
 698:Inc/STM32F3xx_HAL_Driver/Src/stm32f3xx_hal_rcc_ex.c **** 
 699:Inc/STM32F3xx_HAL_Driver/Src/stm32f3xx_hal_rcc_ex.c ****   PeriphClkInit->PeriphClockSelection |= RCC_PERIPHCLK_TIM1;
 700:Inc/STM32F3xx_HAL_Driver/Src/stm32f3xx_hal_rcc_ex.c ****   /* Get the TIM1 clock configuration -----------------------------------------*/
 701:Inc/STM32F3xx_HAL_Driver/Src/stm32f3xx_hal_rcc_ex.c ****   PeriphClkInit->Tim1ClockSelection = __HAL_RCC_GET_TIM1_SOURCE();
 702:Inc/STM32F3xx_HAL_Driver/Src/stm32f3xx_hal_rcc_ex.c **** 
 703:Inc/STM32F3xx_HAL_Driver/Src/stm32f3xx_hal_rcc_ex.c **** #endif /* STM32F302xE || STM32F303xE || STM32F398xx || */
 704:Inc/STM32F3xx_HAL_Driver/Src/stm32f3xx_hal_rcc_ex.c ****        /* STM32F302xC || STM32F303xC || STM32F358xx || */
 705:Inc/STM32F3xx_HAL_Driver/Src/stm32f3xx_hal_rcc_ex.c ****        /* STM32F303x8 || STM32F334x8 || STM32F328xx || */
 706:Inc/STM32F3xx_HAL_Driver/Src/stm32f3xx_hal_rcc_ex.c ****        /* STM32F301x8 || STM32F302x8 || STM32F318xx    */
 707:Inc/STM32F3xx_HAL_Driver/Src/stm32f3xx_hal_rcc_ex.c ****   
 708:Inc/STM32F3xx_HAL_Driver/Src/stm32f3xx_hal_rcc_ex.c **** #if defined(STM32F303xE) || defined(STM32F398xx)\
 709:Inc/STM32F3xx_HAL_Driver/Src/stm32f3xx_hal_rcc_ex.c ****     || defined(STM32F303xC) || defined(STM32F358xx)
 710:Inc/STM32F3xx_HAL_Driver/Src/stm32f3xx_hal_rcc_ex.c **** 
 711:Inc/STM32F3xx_HAL_Driver/Src/stm32f3xx_hal_rcc_ex.c ****   PeriphClkInit->PeriphClockSelection |= RCC_PERIPHCLK_TIM8;
 712:Inc/STM32F3xx_HAL_Driver/Src/stm32f3xx_hal_rcc_ex.c ****   /* Get the TIM8 clock configuration -----------------------------------------*/
 713:Inc/STM32F3xx_HAL_Driver/Src/stm32f3xx_hal_rcc_ex.c ****   PeriphClkInit->Tim8ClockSelection = __HAL_RCC_GET_TIM8_SOURCE();
 714:Inc/STM32F3xx_HAL_Driver/Src/stm32f3xx_hal_rcc_ex.c **** 
 715:Inc/STM32F3xx_HAL_Driver/Src/stm32f3xx_hal_rcc_ex.c **** #endif /* STM32F303xE || STM32F398xx || */
ARM GAS  /tmp/ccTvL2QU.s 			page 14


 716:Inc/STM32F3xx_HAL_Driver/Src/stm32f3xx_hal_rcc_ex.c ****        /* STM32F303xC || STM32F358xx    */
 717:Inc/STM32F3xx_HAL_Driver/Src/stm32f3xx_hal_rcc_ex.c **** 
 718:Inc/STM32F3xx_HAL_Driver/Src/stm32f3xx_hal_rcc_ex.c **** #if defined(STM32F301x8) || defined(STM32F302x8) || defined(STM32F318xx)
 719:Inc/STM32F3xx_HAL_Driver/Src/stm32f3xx_hal_rcc_ex.c **** 
 720:Inc/STM32F3xx_HAL_Driver/Src/stm32f3xx_hal_rcc_ex.c ****   PeriphClkInit->PeriphClockSelection |= (RCC_PERIPHCLK_TIM15 | RCC_PERIPHCLK_TIM16 | RCC_PERIPHCLK
 721:Inc/STM32F3xx_HAL_Driver/Src/stm32f3xx_hal_rcc_ex.c ****   /* Get the TIM15 clock configuration -----------------------------------------*/
 722:Inc/STM32F3xx_HAL_Driver/Src/stm32f3xx_hal_rcc_ex.c ****   PeriphClkInit->Tim15ClockSelection = __HAL_RCC_GET_TIM15_SOURCE();
 723:Inc/STM32F3xx_HAL_Driver/Src/stm32f3xx_hal_rcc_ex.c ****   /* Get the TIM16 clock configuration -----------------------------------------*/
 724:Inc/STM32F3xx_HAL_Driver/Src/stm32f3xx_hal_rcc_ex.c ****   PeriphClkInit->Tim16ClockSelection = __HAL_RCC_GET_TIM16_SOURCE();
 725:Inc/STM32F3xx_HAL_Driver/Src/stm32f3xx_hal_rcc_ex.c ****   /* Get the TIM17 clock configuration -----------------------------------------*/
 726:Inc/STM32F3xx_HAL_Driver/Src/stm32f3xx_hal_rcc_ex.c ****   PeriphClkInit->Tim17ClockSelection = __HAL_RCC_GET_TIM17_SOURCE();
 727:Inc/STM32F3xx_HAL_Driver/Src/stm32f3xx_hal_rcc_ex.c **** 
 728:Inc/STM32F3xx_HAL_Driver/Src/stm32f3xx_hal_rcc_ex.c **** #endif /* STM32F301x8 || STM32F302x8 || STM32F318xx */
 729:Inc/STM32F3xx_HAL_Driver/Src/stm32f3xx_hal_rcc_ex.c **** 
 730:Inc/STM32F3xx_HAL_Driver/Src/stm32f3xx_hal_rcc_ex.c **** #if defined(STM32F334x8)
 731:Inc/STM32F3xx_HAL_Driver/Src/stm32f3xx_hal_rcc_ex.c **** 
 732:Inc/STM32F3xx_HAL_Driver/Src/stm32f3xx_hal_rcc_ex.c ****   PeriphClkInit->PeriphClockSelection |= RCC_PERIPHCLK_HRTIM1;
 733:Inc/STM32F3xx_HAL_Driver/Src/stm32f3xx_hal_rcc_ex.c ****   /* Get the HRTIM1 clock configuration -----------------------------------------*/
 734:Inc/STM32F3xx_HAL_Driver/Src/stm32f3xx_hal_rcc_ex.c ****   PeriphClkInit->Hrtim1ClockSelection = __HAL_RCC_GET_HRTIM1_SOURCE();
 735:Inc/STM32F3xx_HAL_Driver/Src/stm32f3xx_hal_rcc_ex.c **** 
 736:Inc/STM32F3xx_HAL_Driver/Src/stm32f3xx_hal_rcc_ex.c **** #endif /* STM32F334x8 */
 737:Inc/STM32F3xx_HAL_Driver/Src/stm32f3xx_hal_rcc_ex.c **** 
 738:Inc/STM32F3xx_HAL_Driver/Src/stm32f3xx_hal_rcc_ex.c **** #if defined(STM32F373xC) || defined(STM32F378xx)
 739:Inc/STM32F3xx_HAL_Driver/Src/stm32f3xx_hal_rcc_ex.c **** 
 740:Inc/STM32F3xx_HAL_Driver/Src/stm32f3xx_hal_rcc_ex.c ****   PeriphClkInit->PeriphClockSelection |= RCC_PERIPHCLK_SDADC;
 741:Inc/STM32F3xx_HAL_Driver/Src/stm32f3xx_hal_rcc_ex.c ****   /* Get the SDADC clock configuration -----------------------------------------*/
 742:Inc/STM32F3xx_HAL_Driver/Src/stm32f3xx_hal_rcc_ex.c ****   PeriphClkInit->SdadcClockSelection = __HAL_RCC_GET_SDADC_SOURCE();
 743:Inc/STM32F3xx_HAL_Driver/Src/stm32f3xx_hal_rcc_ex.c **** 
 744:Inc/STM32F3xx_HAL_Driver/Src/stm32f3xx_hal_rcc_ex.c ****   PeriphClkInit->PeriphClockSelection |= RCC_PERIPHCLK_CEC;
 745:Inc/STM32F3xx_HAL_Driver/Src/stm32f3xx_hal_rcc_ex.c ****   /* Get the CEC clock configuration -----------------------------------------*/
 746:Inc/STM32F3xx_HAL_Driver/Src/stm32f3xx_hal_rcc_ex.c ****   PeriphClkInit->CecClockSelection = __HAL_RCC_GET_CEC_SOURCE();
 747:Inc/STM32F3xx_HAL_Driver/Src/stm32f3xx_hal_rcc_ex.c **** 
 748:Inc/STM32F3xx_HAL_Driver/Src/stm32f3xx_hal_rcc_ex.c **** #endif /* STM32F373xC || STM32F378xx */
 749:Inc/STM32F3xx_HAL_Driver/Src/stm32f3xx_hal_rcc_ex.c **** 
 750:Inc/STM32F3xx_HAL_Driver/Src/stm32f3xx_hal_rcc_ex.c **** #if defined(STM32F302xE) || defined(STM32F303xE) || defined(STM32F398xx)
 751:Inc/STM32F3xx_HAL_Driver/Src/stm32f3xx_hal_rcc_ex.c **** 
 752:Inc/STM32F3xx_HAL_Driver/Src/stm32f3xx_hal_rcc_ex.c ****   PeriphClkInit->PeriphClockSelection |= RCC_PERIPHCLK_TIM2;
 753:Inc/STM32F3xx_HAL_Driver/Src/stm32f3xx_hal_rcc_ex.c ****   /* Get the TIM2 clock configuration -----------------------------------------*/
 754:Inc/STM32F3xx_HAL_Driver/Src/stm32f3xx_hal_rcc_ex.c ****   PeriphClkInit->Tim2ClockSelection = __HAL_RCC_GET_TIM2_SOURCE();
 755:Inc/STM32F3xx_HAL_Driver/Src/stm32f3xx_hal_rcc_ex.c **** 
 756:Inc/STM32F3xx_HAL_Driver/Src/stm32f3xx_hal_rcc_ex.c ****   PeriphClkInit->PeriphClockSelection |= RCC_PERIPHCLK_TIM34;
 757:Inc/STM32F3xx_HAL_Driver/Src/stm32f3xx_hal_rcc_ex.c ****   /* Get the TIM3 clock configuration -----------------------------------------*/
 758:Inc/STM32F3xx_HAL_Driver/Src/stm32f3xx_hal_rcc_ex.c ****   PeriphClkInit->Tim34ClockSelection = __HAL_RCC_GET_TIM34_SOURCE();
 759:Inc/STM32F3xx_HAL_Driver/Src/stm32f3xx_hal_rcc_ex.c **** 
 760:Inc/STM32F3xx_HAL_Driver/Src/stm32f3xx_hal_rcc_ex.c ****   PeriphClkInit->PeriphClockSelection |= RCC_PERIPHCLK_TIM15;
 761:Inc/STM32F3xx_HAL_Driver/Src/stm32f3xx_hal_rcc_ex.c ****   /* Get the TIM15 clock configuration -----------------------------------------*/
 762:Inc/STM32F3xx_HAL_Driver/Src/stm32f3xx_hal_rcc_ex.c ****   PeriphClkInit->Tim15ClockSelection = __HAL_RCC_GET_TIM15_SOURCE();
 763:Inc/STM32F3xx_HAL_Driver/Src/stm32f3xx_hal_rcc_ex.c **** 
 764:Inc/STM32F3xx_HAL_Driver/Src/stm32f3xx_hal_rcc_ex.c ****   PeriphClkInit->PeriphClockSelection |= RCC_PERIPHCLK_TIM16;
 765:Inc/STM32F3xx_HAL_Driver/Src/stm32f3xx_hal_rcc_ex.c ****   /* Get the TIM16 clock configuration -----------------------------------------*/
 766:Inc/STM32F3xx_HAL_Driver/Src/stm32f3xx_hal_rcc_ex.c ****   PeriphClkInit->Tim16ClockSelection = __HAL_RCC_GET_TIM16_SOURCE();
 767:Inc/STM32F3xx_HAL_Driver/Src/stm32f3xx_hal_rcc_ex.c **** 
 768:Inc/STM32F3xx_HAL_Driver/Src/stm32f3xx_hal_rcc_ex.c ****   PeriphClkInit->PeriphClockSelection |= RCC_PERIPHCLK_TIM17;
 769:Inc/STM32F3xx_HAL_Driver/Src/stm32f3xx_hal_rcc_ex.c ****   /* Get the TIM17 clock configuration -----------------------------------------*/
 770:Inc/STM32F3xx_HAL_Driver/Src/stm32f3xx_hal_rcc_ex.c ****   PeriphClkInit->Tim17ClockSelection = __HAL_RCC_GET_TIM17_SOURCE();
 771:Inc/STM32F3xx_HAL_Driver/Src/stm32f3xx_hal_rcc_ex.c **** 
 772:Inc/STM32F3xx_HAL_Driver/Src/stm32f3xx_hal_rcc_ex.c **** #endif /* STM32F302xE || STM32F303xE || STM32F398xx */
ARM GAS  /tmp/ccTvL2QU.s 			page 15


 773:Inc/STM32F3xx_HAL_Driver/Src/stm32f3xx_hal_rcc_ex.c ****   
 774:Inc/STM32F3xx_HAL_Driver/Src/stm32f3xx_hal_rcc_ex.c **** #if defined (STM32F303xE) || defined(STM32F398xx)
 775:Inc/STM32F3xx_HAL_Driver/Src/stm32f3xx_hal_rcc_ex.c ****   PeriphClkInit->PeriphClockSelection |= RCC_PERIPHCLK_TIM20;
 776:Inc/STM32F3xx_HAL_Driver/Src/stm32f3xx_hal_rcc_ex.c ****   /* Get the TIM20 clock configuration -----------------------------------------*/
 777:Inc/STM32F3xx_HAL_Driver/Src/stm32f3xx_hal_rcc_ex.c ****   PeriphClkInit->Tim20ClockSelection = __HAL_RCC_GET_TIM20_SOURCE();
 778:Inc/STM32F3xx_HAL_Driver/Src/stm32f3xx_hal_rcc_ex.c **** #endif /* STM32F303xE || STM32F398xx */
 779:Inc/STM32F3xx_HAL_Driver/Src/stm32f3xx_hal_rcc_ex.c **** }
 780:Inc/STM32F3xx_HAL_Driver/Src/stm32f3xx_hal_rcc_ex.c **** 
 781:Inc/STM32F3xx_HAL_Driver/Src/stm32f3xx_hal_rcc_ex.c **** /**
 782:Inc/STM32F3xx_HAL_Driver/Src/stm32f3xx_hal_rcc_ex.c ****   * @brief  Returns the peripheral clock frequency
 783:Inc/STM32F3xx_HAL_Driver/Src/stm32f3xx_hal_rcc_ex.c ****   * @note   Returns 0 if peripheral clock is unknown or 0xDEADDEAD if not applicable.
 784:Inc/STM32F3xx_HAL_Driver/Src/stm32f3xx_hal_rcc_ex.c ****   * @param  PeriphClk Peripheral clock identifier
 785:Inc/STM32F3xx_HAL_Driver/Src/stm32f3xx_hal_rcc_ex.c ****   *         This parameter can be one of the following values:
 786:Inc/STM32F3xx_HAL_Driver/Src/stm32f3xx_hal_rcc_ex.c ****   *            @arg @ref RCC_PERIPHCLK_RTC     RTC peripheral clock
 787:Inc/STM32F3xx_HAL_Driver/Src/stm32f3xx_hal_rcc_ex.c ****   *            @arg @ref RCC_PERIPHCLK_USART1  USART1 peripheral clock
 788:Inc/STM32F3xx_HAL_Driver/Src/stm32f3xx_hal_rcc_ex.c ****   *            @arg @ref RCC_PERIPHCLK_I2C1    I2C1 peripheral clock
 789:Inc/STM32F3xx_HAL_Driver/Src/stm32f3xx_hal_rcc_ex.c ****   @if STM32F301x8
 790:Inc/STM32F3xx_HAL_Driver/Src/stm32f3xx_hal_rcc_ex.c ****   *            @arg @ref RCC_PERIPHCLK_I2C2    I2C2 peripheral clock
 791:Inc/STM32F3xx_HAL_Driver/Src/stm32f3xx_hal_rcc_ex.c ****   *            @arg @ref RCC_PERIPHCLK_I2C3    I2C3 peripheral clock
 792:Inc/STM32F3xx_HAL_Driver/Src/stm32f3xx_hal_rcc_ex.c ****   *            @arg @ref RCC_PERIPHCLK_I2S     I2S peripheral clock
 793:Inc/STM32F3xx_HAL_Driver/Src/stm32f3xx_hal_rcc_ex.c ****   *            @arg @ref RCC_PERIPHCLK_ADC1    ADC1 peripheral clock
 794:Inc/STM32F3xx_HAL_Driver/Src/stm32f3xx_hal_rcc_ex.c ****   *            @arg @ref RCC_PERIPHCLK_TIM1    TIM1 peripheral clock
 795:Inc/STM32F3xx_HAL_Driver/Src/stm32f3xx_hal_rcc_ex.c ****   *            @arg @ref RCC_PERIPHCLK_TIM15   TIM15 peripheral clock
 796:Inc/STM32F3xx_HAL_Driver/Src/stm32f3xx_hal_rcc_ex.c ****   *            @arg @ref RCC_PERIPHCLK_TIM16   TIM16 peripheral clock
 797:Inc/STM32F3xx_HAL_Driver/Src/stm32f3xx_hal_rcc_ex.c ****   *            @arg @ref RCC_PERIPHCLK_TIM17   TIM17 peripheral clock
 798:Inc/STM32F3xx_HAL_Driver/Src/stm32f3xx_hal_rcc_ex.c ****   @endif
 799:Inc/STM32F3xx_HAL_Driver/Src/stm32f3xx_hal_rcc_ex.c ****   @if STM32F302x8
 800:Inc/STM32F3xx_HAL_Driver/Src/stm32f3xx_hal_rcc_ex.c ****   *            @arg @ref RCC_PERIPHCLK_I2C2    I2C2 peripheral clock
 801:Inc/STM32F3xx_HAL_Driver/Src/stm32f3xx_hal_rcc_ex.c ****   *            @arg @ref RCC_PERIPHCLK_I2C3    I2C3 peripheral clock
 802:Inc/STM32F3xx_HAL_Driver/Src/stm32f3xx_hal_rcc_ex.c ****   *            @arg @ref RCC_PERIPHCLK_I2S     I2S peripheral clock
 803:Inc/STM32F3xx_HAL_Driver/Src/stm32f3xx_hal_rcc_ex.c ****   *            @arg @ref RCC_PERIPHCLK_USB     USB peripheral clock
 804:Inc/STM32F3xx_HAL_Driver/Src/stm32f3xx_hal_rcc_ex.c ****   *            @arg @ref RCC_PERIPHCLK_ADC1    ADC1 peripheral clock
 805:Inc/STM32F3xx_HAL_Driver/Src/stm32f3xx_hal_rcc_ex.c ****   *            @arg @ref RCC_PERIPHCLK_TIM1    TIM1 peripheral clock
 806:Inc/STM32F3xx_HAL_Driver/Src/stm32f3xx_hal_rcc_ex.c ****   *            @arg @ref RCC_PERIPHCLK_TIM15   TIM15 peripheral clock
 807:Inc/STM32F3xx_HAL_Driver/Src/stm32f3xx_hal_rcc_ex.c ****   *            @arg @ref RCC_PERIPHCLK_TIM16   TIM16 peripheral clock
 808:Inc/STM32F3xx_HAL_Driver/Src/stm32f3xx_hal_rcc_ex.c ****   *            @arg @ref RCC_PERIPHCLK_TIM17   TIM17 peripheral clock
 809:Inc/STM32F3xx_HAL_Driver/Src/stm32f3xx_hal_rcc_ex.c ****   @endif
 810:Inc/STM32F3xx_HAL_Driver/Src/stm32f3xx_hal_rcc_ex.c ****   @if STM32F302xC
 811:Inc/STM32F3xx_HAL_Driver/Src/stm32f3xx_hal_rcc_ex.c ****   *            @arg @ref RCC_PERIPHCLK_USART2  USART2 peripheral clock
 812:Inc/STM32F3xx_HAL_Driver/Src/stm32f3xx_hal_rcc_ex.c ****   *            @arg @ref RCC_PERIPHCLK_USART3  USART3 peripheral clock
 813:Inc/STM32F3xx_HAL_Driver/Src/stm32f3xx_hal_rcc_ex.c ****   *            @arg @ref RCC_PERIPHCLK_UART4   UART4 peripheral clock
 814:Inc/STM32F3xx_HAL_Driver/Src/stm32f3xx_hal_rcc_ex.c ****   *            @arg @ref RCC_PERIPHCLK_UART5   UART5 peripheral clock
 815:Inc/STM32F3xx_HAL_Driver/Src/stm32f3xx_hal_rcc_ex.c ****   *            @arg @ref RCC_PERIPHCLK_I2C2    I2C2 peripheral clock
 816:Inc/STM32F3xx_HAL_Driver/Src/stm32f3xx_hal_rcc_ex.c ****   *            @arg @ref RCC_PERIPHCLK_I2S     I2S peripheral clock
 817:Inc/STM32F3xx_HAL_Driver/Src/stm32f3xx_hal_rcc_ex.c ****   *            @arg @ref RCC_PERIPHCLK_USB     USB peripheral clock
 818:Inc/STM32F3xx_HAL_Driver/Src/stm32f3xx_hal_rcc_ex.c ****   *            @arg @ref RCC_PERIPHCLK_ADC12   ADC12 peripheral clock
 819:Inc/STM32F3xx_HAL_Driver/Src/stm32f3xx_hal_rcc_ex.c ****   *            @arg @ref RCC_PERIPHCLK_TIM1    TIM1 peripheral clock
 820:Inc/STM32F3xx_HAL_Driver/Src/stm32f3xx_hal_rcc_ex.c ****   @endif
 821:Inc/STM32F3xx_HAL_Driver/Src/stm32f3xx_hal_rcc_ex.c ****   @if STM32F302xE
 822:Inc/STM32F3xx_HAL_Driver/Src/stm32f3xx_hal_rcc_ex.c ****   *            @arg @ref RCC_PERIPHCLK_USART2  USART2 peripheral clock
 823:Inc/STM32F3xx_HAL_Driver/Src/stm32f3xx_hal_rcc_ex.c ****   *            @arg @ref RCC_PERIPHCLK_USART3  USART3 peripheral clock
 824:Inc/STM32F3xx_HAL_Driver/Src/stm32f3xx_hal_rcc_ex.c ****   *            @arg @ref RCC_PERIPHCLK_UART4   UART4 peripheral clock
 825:Inc/STM32F3xx_HAL_Driver/Src/stm32f3xx_hal_rcc_ex.c ****   *            @arg @ref RCC_PERIPHCLK_UART5   UART5 peripheral clock
 826:Inc/STM32F3xx_HAL_Driver/Src/stm32f3xx_hal_rcc_ex.c ****   *            @arg @ref RCC_PERIPHCLK_I2C2    I2C2 peripheral clock
 827:Inc/STM32F3xx_HAL_Driver/Src/stm32f3xx_hal_rcc_ex.c ****   *            @arg @ref RCC_PERIPHCLK_I2C3    I2C3 peripheral clock
 828:Inc/STM32F3xx_HAL_Driver/Src/stm32f3xx_hal_rcc_ex.c ****   *            @arg @ref RCC_PERIPHCLK_I2S     I2S peripheral clock
 829:Inc/STM32F3xx_HAL_Driver/Src/stm32f3xx_hal_rcc_ex.c ****   *            @arg @ref RCC_PERIPHCLK_USB     USB peripheral clock
ARM GAS  /tmp/ccTvL2QU.s 			page 16


 830:Inc/STM32F3xx_HAL_Driver/Src/stm32f3xx_hal_rcc_ex.c ****   *            @arg @ref RCC_PERIPHCLK_ADC12   ADC12 peripheral clock
 831:Inc/STM32F3xx_HAL_Driver/Src/stm32f3xx_hal_rcc_ex.c ****   *            @arg @ref RCC_PERIPHCLK_TIM1    TIM1 peripheral clock
 832:Inc/STM32F3xx_HAL_Driver/Src/stm32f3xx_hal_rcc_ex.c ****   *            @arg @ref RCC_PERIPHCLK_TIM2    TIM2 peripheral clock
 833:Inc/STM32F3xx_HAL_Driver/Src/stm32f3xx_hal_rcc_ex.c ****   *            @arg @ref RCC_PERIPHCLK_TIM15   TIM15 peripheral clock
 834:Inc/STM32F3xx_HAL_Driver/Src/stm32f3xx_hal_rcc_ex.c ****   *            @arg @ref RCC_PERIPHCLK_TIM16   TIM16 peripheral clock
 835:Inc/STM32F3xx_HAL_Driver/Src/stm32f3xx_hal_rcc_ex.c ****   *            @arg @ref RCC_PERIPHCLK_TIM17   TIM17 peripheral clock
 836:Inc/STM32F3xx_HAL_Driver/Src/stm32f3xx_hal_rcc_ex.c ****   *            @arg @ref RCC_PERIPHCLK_TIM34   TIM34 peripheral clock
 837:Inc/STM32F3xx_HAL_Driver/Src/stm32f3xx_hal_rcc_ex.c ****   @endif
 838:Inc/STM32F3xx_HAL_Driver/Src/stm32f3xx_hal_rcc_ex.c ****   @if STM32F303x8
 839:Inc/STM32F3xx_HAL_Driver/Src/stm32f3xx_hal_rcc_ex.c ****   *            @arg @ref RCC_PERIPHCLK_ADC12   ADC12 peripheral clock
 840:Inc/STM32F3xx_HAL_Driver/Src/stm32f3xx_hal_rcc_ex.c ****   *            @arg @ref RCC_PERIPHCLK_TIM1    TIM1 peripheral clock
 841:Inc/STM32F3xx_HAL_Driver/Src/stm32f3xx_hal_rcc_ex.c ****   @endif
 842:Inc/STM32F3xx_HAL_Driver/Src/stm32f3xx_hal_rcc_ex.c ****   @if STM32F303xC
 843:Inc/STM32F3xx_HAL_Driver/Src/stm32f3xx_hal_rcc_ex.c ****   *            @arg @ref RCC_PERIPHCLK_USART2  USART2 peripheral clock
 844:Inc/STM32F3xx_HAL_Driver/Src/stm32f3xx_hal_rcc_ex.c ****   *            @arg @ref RCC_PERIPHCLK_USART3  USART3 peripheral clock
 845:Inc/STM32F3xx_HAL_Driver/Src/stm32f3xx_hal_rcc_ex.c ****   *            @arg @ref RCC_PERIPHCLK_UART4   UART4 peripheral clock
 846:Inc/STM32F3xx_HAL_Driver/Src/stm32f3xx_hal_rcc_ex.c ****   *            @arg @ref RCC_PERIPHCLK_UART5   UART5 peripheral clock
 847:Inc/STM32F3xx_HAL_Driver/Src/stm32f3xx_hal_rcc_ex.c ****   *            @arg @ref RCC_PERIPHCLK_I2C2    I2C2 peripheral clock
 848:Inc/STM32F3xx_HAL_Driver/Src/stm32f3xx_hal_rcc_ex.c ****   *            @arg @ref RCC_PERIPHCLK_I2S     I2S peripheral clock
 849:Inc/STM32F3xx_HAL_Driver/Src/stm32f3xx_hal_rcc_ex.c ****   *            @arg @ref RCC_PERIPHCLK_USB     USB peripheral clock
 850:Inc/STM32F3xx_HAL_Driver/Src/stm32f3xx_hal_rcc_ex.c ****   *            @arg @ref RCC_PERIPHCLK_ADC12   ADC12 peripheral clock
 851:Inc/STM32F3xx_HAL_Driver/Src/stm32f3xx_hal_rcc_ex.c ****   *            @arg @ref RCC_PERIPHCLK_ADC34   ADC34 peripheral clock
 852:Inc/STM32F3xx_HAL_Driver/Src/stm32f3xx_hal_rcc_ex.c ****   *            @arg @ref RCC_PERIPHCLK_TIM1    TIM1 peripheral clock
 853:Inc/STM32F3xx_HAL_Driver/Src/stm32f3xx_hal_rcc_ex.c ****   *            @arg @ref RCC_PERIPHCLK_TIM8    TIM8 peripheral clock
 854:Inc/STM32F3xx_HAL_Driver/Src/stm32f3xx_hal_rcc_ex.c ****   @endif
 855:Inc/STM32F3xx_HAL_Driver/Src/stm32f3xx_hal_rcc_ex.c ****   @if STM32F303xE
 856:Inc/STM32F3xx_HAL_Driver/Src/stm32f3xx_hal_rcc_ex.c ****   *            @arg @ref RCC_PERIPHCLK_USART2  USART2 peripheral clock
 857:Inc/STM32F3xx_HAL_Driver/Src/stm32f3xx_hal_rcc_ex.c ****   *            @arg @ref RCC_PERIPHCLK_USART3  USART3 peripheral clock
 858:Inc/STM32F3xx_HAL_Driver/Src/stm32f3xx_hal_rcc_ex.c ****   *            @arg @ref RCC_PERIPHCLK_UART4   UART4 peripheral clock
 859:Inc/STM32F3xx_HAL_Driver/Src/stm32f3xx_hal_rcc_ex.c ****   *            @arg @ref RCC_PERIPHCLK_UART5   UART5 peripheral clock
 860:Inc/STM32F3xx_HAL_Driver/Src/stm32f3xx_hal_rcc_ex.c ****   *            @arg @ref RCC_PERIPHCLK_I2C2    I2C2 peripheral clock
 861:Inc/STM32F3xx_HAL_Driver/Src/stm32f3xx_hal_rcc_ex.c ****   *            @arg @ref RCC_PERIPHCLK_I2C3    I2C3 peripheral clock
 862:Inc/STM32F3xx_HAL_Driver/Src/stm32f3xx_hal_rcc_ex.c ****   *            @arg @ref RCC_PERIPHCLK_I2S     I2S peripheral clock
 863:Inc/STM32F3xx_HAL_Driver/Src/stm32f3xx_hal_rcc_ex.c ****   *            @arg @ref RCC_PERIPHCLK_USB     USB peripheral clock
 864:Inc/STM32F3xx_HAL_Driver/Src/stm32f3xx_hal_rcc_ex.c ****   *            @arg @ref RCC_PERIPHCLK_ADC12   ADC12 peripheral clock
 865:Inc/STM32F3xx_HAL_Driver/Src/stm32f3xx_hal_rcc_ex.c ****   *            @arg @ref RCC_PERIPHCLK_ADC34   ADC34 peripheral clock
 866:Inc/STM32F3xx_HAL_Driver/Src/stm32f3xx_hal_rcc_ex.c ****   *            @arg @ref RCC_PERIPHCLK_TIM1    TIM1 peripheral clock
 867:Inc/STM32F3xx_HAL_Driver/Src/stm32f3xx_hal_rcc_ex.c ****   *            @arg @ref RCC_PERIPHCLK_TIM2    TIM2 peripheral clock
 868:Inc/STM32F3xx_HAL_Driver/Src/stm32f3xx_hal_rcc_ex.c ****   *            @arg @ref RCC_PERIPHCLK_TIM8    TIM8 peripheral clock
 869:Inc/STM32F3xx_HAL_Driver/Src/stm32f3xx_hal_rcc_ex.c ****   *            @arg @ref RCC_PERIPHCLK_TIM15   TIM15 peripheral clock
 870:Inc/STM32F3xx_HAL_Driver/Src/stm32f3xx_hal_rcc_ex.c ****   *            @arg @ref RCC_PERIPHCLK_TIM16   TIM16 peripheral clock
 871:Inc/STM32F3xx_HAL_Driver/Src/stm32f3xx_hal_rcc_ex.c ****   *            @arg @ref RCC_PERIPHCLK_TIM17   TIM17 peripheral clock
 872:Inc/STM32F3xx_HAL_Driver/Src/stm32f3xx_hal_rcc_ex.c ****   *            @arg @ref RCC_PERIPHCLK_TIM20   TIM20 peripheral clock
 873:Inc/STM32F3xx_HAL_Driver/Src/stm32f3xx_hal_rcc_ex.c ****   *            @arg @ref RCC_PERIPHCLK_TIM34   TIM34 peripheral clock
 874:Inc/STM32F3xx_HAL_Driver/Src/stm32f3xx_hal_rcc_ex.c ****   @endif
 875:Inc/STM32F3xx_HAL_Driver/Src/stm32f3xx_hal_rcc_ex.c ****   @if STM32F318xx
 876:Inc/STM32F3xx_HAL_Driver/Src/stm32f3xx_hal_rcc_ex.c ****   *            @arg @ref RCC_PERIPHCLK_I2C2    I2C2 peripheral clock
 877:Inc/STM32F3xx_HAL_Driver/Src/stm32f3xx_hal_rcc_ex.c ****   *            @arg @ref RCC_PERIPHCLK_I2C3    I2C3 peripheral clock
 878:Inc/STM32F3xx_HAL_Driver/Src/stm32f3xx_hal_rcc_ex.c ****   *            @arg @ref RCC_PERIPHCLK_I2S     I2S peripheral clock
 879:Inc/STM32F3xx_HAL_Driver/Src/stm32f3xx_hal_rcc_ex.c ****   *            @arg @ref RCC_PERIPHCLK_ADC1    ADC1 peripheral clock
 880:Inc/STM32F3xx_HAL_Driver/Src/stm32f3xx_hal_rcc_ex.c ****   *            @arg @ref RCC_PERIPHCLK_TIM1    TIM1 peripheral clock
 881:Inc/STM32F3xx_HAL_Driver/Src/stm32f3xx_hal_rcc_ex.c ****   *            @arg @ref RCC_PERIPHCLK_TIM15   TIM15 peripheral clock
 882:Inc/STM32F3xx_HAL_Driver/Src/stm32f3xx_hal_rcc_ex.c ****   *            @arg @ref RCC_PERIPHCLK_TIM16   TIM16 peripheral clock
 883:Inc/STM32F3xx_HAL_Driver/Src/stm32f3xx_hal_rcc_ex.c ****   *            @arg @ref RCC_PERIPHCLK_TIM17   TIM17 peripheral clock
 884:Inc/STM32F3xx_HAL_Driver/Src/stm32f3xx_hal_rcc_ex.c ****   @endif
 885:Inc/STM32F3xx_HAL_Driver/Src/stm32f3xx_hal_rcc_ex.c ****   @if STM32F328xx
 886:Inc/STM32F3xx_HAL_Driver/Src/stm32f3xx_hal_rcc_ex.c ****   *            @arg @ref RCC_PERIPHCLK_I2C2    I2C2 peripheral clock
ARM GAS  /tmp/ccTvL2QU.s 			page 17


 887:Inc/STM32F3xx_HAL_Driver/Src/stm32f3xx_hal_rcc_ex.c ****   *            @arg @ref RCC_PERIPHCLK_ADC12   ADC12 peripheral clock
 888:Inc/STM32F3xx_HAL_Driver/Src/stm32f3xx_hal_rcc_ex.c ****   *            @arg @ref RCC_PERIPHCLK_TIM1    TIM1 peripheral clock
 889:Inc/STM32F3xx_HAL_Driver/Src/stm32f3xx_hal_rcc_ex.c ****   @endif
 890:Inc/STM32F3xx_HAL_Driver/Src/stm32f3xx_hal_rcc_ex.c ****   @if STM32F334x8
 891:Inc/STM32F3xx_HAL_Driver/Src/stm32f3xx_hal_rcc_ex.c ****   *            @arg @ref RCC_PERIPHCLK_ADC12   ADC12 peripheral clock
 892:Inc/STM32F3xx_HAL_Driver/Src/stm32f3xx_hal_rcc_ex.c ****   *            @arg @ref RCC_PERIPHCLK_TIM1    TIM1 peripheral clock
 893:Inc/STM32F3xx_HAL_Driver/Src/stm32f3xx_hal_rcc_ex.c ****   *            @arg @ref RCC_PERIPHCLK_HRTIM1  HRTIM1 peripheral clock
 894:Inc/STM32F3xx_HAL_Driver/Src/stm32f3xx_hal_rcc_ex.c ****   @endif
 895:Inc/STM32F3xx_HAL_Driver/Src/stm32f3xx_hal_rcc_ex.c ****   @if STM32F358xx
 896:Inc/STM32F3xx_HAL_Driver/Src/stm32f3xx_hal_rcc_ex.c ****   *            @arg @ref RCC_PERIPHCLK_USART2  USART2 peripheral clock
 897:Inc/STM32F3xx_HAL_Driver/Src/stm32f3xx_hal_rcc_ex.c ****   *            @arg @ref RCC_PERIPHCLK_USART3  USART3 peripheral clock
 898:Inc/STM32F3xx_HAL_Driver/Src/stm32f3xx_hal_rcc_ex.c ****   *            @arg @ref RCC_PERIPHCLK_UART4   UART4 peripheral clock
 899:Inc/STM32F3xx_HAL_Driver/Src/stm32f3xx_hal_rcc_ex.c ****   *            @arg @ref RCC_PERIPHCLK_UART5   UART5 peripheral clock
 900:Inc/STM32F3xx_HAL_Driver/Src/stm32f3xx_hal_rcc_ex.c ****   *            @arg @ref RCC_PERIPHCLK_I2S     I2S peripheral clock
 901:Inc/STM32F3xx_HAL_Driver/Src/stm32f3xx_hal_rcc_ex.c ****   *            @arg @ref RCC_PERIPHCLK_ADC12   ADC12 peripheral clock
 902:Inc/STM32F3xx_HAL_Driver/Src/stm32f3xx_hal_rcc_ex.c ****   *            @arg @ref RCC_PERIPHCLK_ADC34   ADC34 peripheral clock
 903:Inc/STM32F3xx_HAL_Driver/Src/stm32f3xx_hal_rcc_ex.c ****   *            @arg @ref RCC_PERIPHCLK_TIM1    TIM1 peripheral clock
 904:Inc/STM32F3xx_HAL_Driver/Src/stm32f3xx_hal_rcc_ex.c ****   *            @arg @ref RCC_PERIPHCLK_TIM8    TIM8 peripheral clock
 905:Inc/STM32F3xx_HAL_Driver/Src/stm32f3xx_hal_rcc_ex.c ****   @endif
 906:Inc/STM32F3xx_HAL_Driver/Src/stm32f3xx_hal_rcc_ex.c ****   @if STM32F373xC
 907:Inc/STM32F3xx_HAL_Driver/Src/stm32f3xx_hal_rcc_ex.c ****   *            @arg @ref RCC_PERIPHCLK_USART2  USART2 peripheral clock
 908:Inc/STM32F3xx_HAL_Driver/Src/stm32f3xx_hal_rcc_ex.c ****   *            @arg @ref RCC_PERIPHCLK_USART3  USART3 peripheral clock
 909:Inc/STM32F3xx_HAL_Driver/Src/stm32f3xx_hal_rcc_ex.c ****   *            @arg @ref RCC_PERIPHCLK_I2C2    I2C2 peripheral clock
 910:Inc/STM32F3xx_HAL_Driver/Src/stm32f3xx_hal_rcc_ex.c ****   *            @arg @ref RCC_PERIPHCLK_USB     USB peripheral clock
 911:Inc/STM32F3xx_HAL_Driver/Src/stm32f3xx_hal_rcc_ex.c ****   *            @arg @ref RCC_PERIPHCLK_ADC1    ADC1 peripheral clock
 912:Inc/STM32F3xx_HAL_Driver/Src/stm32f3xx_hal_rcc_ex.c ****   *            @arg @ref RCC_PERIPHCLK_SDADC   SDADC peripheral clock
 913:Inc/STM32F3xx_HAL_Driver/Src/stm32f3xx_hal_rcc_ex.c ****   *            @arg @ref RCC_PERIPHCLK_CEC     CEC peripheral clock
 914:Inc/STM32F3xx_HAL_Driver/Src/stm32f3xx_hal_rcc_ex.c ****   @endif
 915:Inc/STM32F3xx_HAL_Driver/Src/stm32f3xx_hal_rcc_ex.c ****   @if STM32F378xx
 916:Inc/STM32F3xx_HAL_Driver/Src/stm32f3xx_hal_rcc_ex.c ****   *            @arg @ref RCC_PERIPHCLK_USART2  USART2 peripheral clock
 917:Inc/STM32F3xx_HAL_Driver/Src/stm32f3xx_hal_rcc_ex.c ****   *            @arg @ref RCC_PERIPHCLK_USART3  USART3 peripheral clock
 918:Inc/STM32F3xx_HAL_Driver/Src/stm32f3xx_hal_rcc_ex.c ****   *            @arg @ref RCC_PERIPHCLK_I2C2    I2C2 peripheral clock
 919:Inc/STM32F3xx_HAL_Driver/Src/stm32f3xx_hal_rcc_ex.c ****   *            @arg @ref RCC_PERIPHCLK_ADC1    ADC1 peripheral clock
 920:Inc/STM32F3xx_HAL_Driver/Src/stm32f3xx_hal_rcc_ex.c ****   *            @arg @ref RCC_PERIPHCLK_SDADC   SDADC peripheral clock
 921:Inc/STM32F3xx_HAL_Driver/Src/stm32f3xx_hal_rcc_ex.c ****   *            @arg @ref RCC_PERIPHCLK_CEC     CEC peripheral clock
 922:Inc/STM32F3xx_HAL_Driver/Src/stm32f3xx_hal_rcc_ex.c ****   @endif
 923:Inc/STM32F3xx_HAL_Driver/Src/stm32f3xx_hal_rcc_ex.c ****   @if STM32F398xx
 924:Inc/STM32F3xx_HAL_Driver/Src/stm32f3xx_hal_rcc_ex.c ****   *            @arg @ref RCC_PERIPHCLK_USART2  USART2 peripheral clock
 925:Inc/STM32F3xx_HAL_Driver/Src/stm32f3xx_hal_rcc_ex.c ****   *            @arg @ref RCC_PERIPHCLK_USART3  USART3 peripheral clock
 926:Inc/STM32F3xx_HAL_Driver/Src/stm32f3xx_hal_rcc_ex.c ****   *            @arg @ref RCC_PERIPHCLK_UART4   UART4 peripheral clock
 927:Inc/STM32F3xx_HAL_Driver/Src/stm32f3xx_hal_rcc_ex.c ****   *            @arg @ref RCC_PERIPHCLK_UART5   UART5 peripheral clock
 928:Inc/STM32F3xx_HAL_Driver/Src/stm32f3xx_hal_rcc_ex.c ****   *            @arg @ref RCC_PERIPHCLK_I2C2    I2C2 peripheral clock
 929:Inc/STM32F3xx_HAL_Driver/Src/stm32f3xx_hal_rcc_ex.c ****   *            @arg @ref RCC_PERIPHCLK_I2C3    I2C3 peripheral clock
 930:Inc/STM32F3xx_HAL_Driver/Src/stm32f3xx_hal_rcc_ex.c ****   *            @arg @ref RCC_PERIPHCLK_I2S     I2S peripheral clock
 931:Inc/STM32F3xx_HAL_Driver/Src/stm32f3xx_hal_rcc_ex.c ****   *            @arg @ref RCC_PERIPHCLK_ADC12   ADC12 peripheral clock
 932:Inc/STM32F3xx_HAL_Driver/Src/stm32f3xx_hal_rcc_ex.c ****   *            @arg @ref RCC_PERIPHCLK_ADC34   ADC34 peripheral clock
 933:Inc/STM32F3xx_HAL_Driver/Src/stm32f3xx_hal_rcc_ex.c ****   *            @arg @ref RCC_PERIPHCLK_TIM1    TIM1 peripheral clock
 934:Inc/STM32F3xx_HAL_Driver/Src/stm32f3xx_hal_rcc_ex.c ****   *            @arg @ref RCC_PERIPHCLK_TIM2    TIM2 peripheral clock
 935:Inc/STM32F3xx_HAL_Driver/Src/stm32f3xx_hal_rcc_ex.c ****   *            @arg @ref RCC_PERIPHCLK_TIM8    TIM8 peripheral clock
 936:Inc/STM32F3xx_HAL_Driver/Src/stm32f3xx_hal_rcc_ex.c ****   *            @arg @ref RCC_PERIPHCLK_TIM15   TIM15 peripheral clock
 937:Inc/STM32F3xx_HAL_Driver/Src/stm32f3xx_hal_rcc_ex.c ****   *            @arg @ref RCC_PERIPHCLK_TIM16   TIM16 peripheral clock
 938:Inc/STM32F3xx_HAL_Driver/Src/stm32f3xx_hal_rcc_ex.c ****   *            @arg @ref RCC_PERIPHCLK_TIM17   TIM17 peripheral clock
 939:Inc/STM32F3xx_HAL_Driver/Src/stm32f3xx_hal_rcc_ex.c ****   *            @arg @ref RCC_PERIPHCLK_TIM20   TIM20 peripheral clock
 940:Inc/STM32F3xx_HAL_Driver/Src/stm32f3xx_hal_rcc_ex.c ****   *            @arg @ref RCC_PERIPHCLK_TIM34   TIM34 peripheral clock
 941:Inc/STM32F3xx_HAL_Driver/Src/stm32f3xx_hal_rcc_ex.c ****   @endif
 942:Inc/STM32F3xx_HAL_Driver/Src/stm32f3xx_hal_rcc_ex.c ****   * @retval Frequency in Hz (0: means that no available frequency for the peripheral)
 943:Inc/STM32F3xx_HAL_Driver/Src/stm32f3xx_hal_rcc_ex.c ****   */
ARM GAS  /tmp/ccTvL2QU.s 			page 18


 944:Inc/STM32F3xx_HAL_Driver/Src/stm32f3xx_hal_rcc_ex.c **** uint32_t HAL_RCCEx_GetPeriphCLKFreq(uint32_t PeriphClk)
 945:Inc/STM32F3xx_HAL_Driver/Src/stm32f3xx_hal_rcc_ex.c **** {
 946:Inc/STM32F3xx_HAL_Driver/Src/stm32f3xx_hal_rcc_ex.c ****   /* frequency == 0 : means that no available frequency for the peripheral */
 947:Inc/STM32F3xx_HAL_Driver/Src/stm32f3xx_hal_rcc_ex.c ****   uint32_t frequency = 0U;
 948:Inc/STM32F3xx_HAL_Driver/Src/stm32f3xx_hal_rcc_ex.c **** 
 949:Inc/STM32F3xx_HAL_Driver/Src/stm32f3xx_hal_rcc_ex.c ****   uint32_t srcclk = 0U;
 950:Inc/STM32F3xx_HAL_Driver/Src/stm32f3xx_hal_rcc_ex.c **** #if defined(RCC_CFGR2_ADC1PRES) || defined(RCC_CFGR2_ADCPRE12) || defined(RCC_CFGR2_ADCPRE34)
 951:Inc/STM32F3xx_HAL_Driver/Src/stm32f3xx_hal_rcc_ex.c ****   static const uint16_t adc_pll_prediv_table[16U] = { 1U,  2U,  4U,  6U, 8U, 10U, 12U, 16U, 32U, 64
 952:Inc/STM32F3xx_HAL_Driver/Src/stm32f3xx_hal_rcc_ex.c **** #endif /* RCC_CFGR2_ADC1PRES || RCC_CFGR2_ADCPRE12 || RCC_CFGR2_ADCPRE34 */
 953:Inc/STM32F3xx_HAL_Driver/Src/stm32f3xx_hal_rcc_ex.c **** #if defined(RCC_CFGR_SDPRE)
 954:Inc/STM32F3xx_HAL_Driver/Src/stm32f3xx_hal_rcc_ex.c ****   static const uint8_t sdadc_prescaler_table[16U] = { 2U,  4U,  6U, 8U, 10U, 12U, 14U, 16U, 20U, 24
 955:Inc/STM32F3xx_HAL_Driver/Src/stm32f3xx_hal_rcc_ex.c **** #endif /* RCC_CFGR_SDPRE */
 956:Inc/STM32F3xx_HAL_Driver/Src/stm32f3xx_hal_rcc_ex.c **** 
 957:Inc/STM32F3xx_HAL_Driver/Src/stm32f3xx_hal_rcc_ex.c ****   /* Check the parameters */
 958:Inc/STM32F3xx_HAL_Driver/Src/stm32f3xx_hal_rcc_ex.c ****   assert_param(IS_RCC_PERIPHCLOCK(PeriphClk));
 959:Inc/STM32F3xx_HAL_Driver/Src/stm32f3xx_hal_rcc_ex.c ****   
 960:Inc/STM32F3xx_HAL_Driver/Src/stm32f3xx_hal_rcc_ex.c ****   switch (PeriphClk)
 961:Inc/STM32F3xx_HAL_Driver/Src/stm32f3xx_hal_rcc_ex.c ****   {
 962:Inc/STM32F3xx_HAL_Driver/Src/stm32f3xx_hal_rcc_ex.c ****   case RCC_PERIPHCLK_RTC:
 963:Inc/STM32F3xx_HAL_Driver/Src/stm32f3xx_hal_rcc_ex.c ****     {
 964:Inc/STM32F3xx_HAL_Driver/Src/stm32f3xx_hal_rcc_ex.c ****       /* Get the current RTC source */
 965:Inc/STM32F3xx_HAL_Driver/Src/stm32f3xx_hal_rcc_ex.c ****       srcclk = __HAL_RCC_GET_RTC_SOURCE();
 966:Inc/STM32F3xx_HAL_Driver/Src/stm32f3xx_hal_rcc_ex.c **** 
 967:Inc/STM32F3xx_HAL_Driver/Src/stm32f3xx_hal_rcc_ex.c ****       /* Check if LSE is ready and if RTC clock selection is LSE */
 968:Inc/STM32F3xx_HAL_Driver/Src/stm32f3xx_hal_rcc_ex.c ****       if ((srcclk == RCC_RTCCLKSOURCE_LSE) && (HAL_IS_BIT_SET(RCC->BDCR, RCC_BDCR_LSERDY)))
 969:Inc/STM32F3xx_HAL_Driver/Src/stm32f3xx_hal_rcc_ex.c ****       {
 970:Inc/STM32F3xx_HAL_Driver/Src/stm32f3xx_hal_rcc_ex.c ****         frequency = LSE_VALUE;
 971:Inc/STM32F3xx_HAL_Driver/Src/stm32f3xx_hal_rcc_ex.c ****       }
 972:Inc/STM32F3xx_HAL_Driver/Src/stm32f3xx_hal_rcc_ex.c ****       /* Check if LSI is ready and if RTC clock selection is LSI */
 973:Inc/STM32F3xx_HAL_Driver/Src/stm32f3xx_hal_rcc_ex.c ****       else if ((srcclk == RCC_RTCCLKSOURCE_LSI) && (HAL_IS_BIT_SET(RCC->CSR, RCC_CSR_LSIRDY)))
 974:Inc/STM32F3xx_HAL_Driver/Src/stm32f3xx_hal_rcc_ex.c ****       {
 975:Inc/STM32F3xx_HAL_Driver/Src/stm32f3xx_hal_rcc_ex.c ****         frequency = LSI_VALUE;
 976:Inc/STM32F3xx_HAL_Driver/Src/stm32f3xx_hal_rcc_ex.c ****       }
 977:Inc/STM32F3xx_HAL_Driver/Src/stm32f3xx_hal_rcc_ex.c ****       /* Check if HSE is ready  and if RTC clock selection is HSI_DIV32*/
 978:Inc/STM32F3xx_HAL_Driver/Src/stm32f3xx_hal_rcc_ex.c ****       else if ((srcclk == RCC_RTCCLKSOURCE_HSE_DIV32) && (HAL_IS_BIT_SET(RCC->CR, RCC_CR_HSERDY)))
 979:Inc/STM32F3xx_HAL_Driver/Src/stm32f3xx_hal_rcc_ex.c ****       {
 980:Inc/STM32F3xx_HAL_Driver/Src/stm32f3xx_hal_rcc_ex.c ****         frequency = HSE_VALUE / 32U;
 981:Inc/STM32F3xx_HAL_Driver/Src/stm32f3xx_hal_rcc_ex.c ****       }
 982:Inc/STM32F3xx_HAL_Driver/Src/stm32f3xx_hal_rcc_ex.c ****       break;
 983:Inc/STM32F3xx_HAL_Driver/Src/stm32f3xx_hal_rcc_ex.c ****     }
 984:Inc/STM32F3xx_HAL_Driver/Src/stm32f3xx_hal_rcc_ex.c ****   case RCC_PERIPHCLK_USART1:
 985:Inc/STM32F3xx_HAL_Driver/Src/stm32f3xx_hal_rcc_ex.c ****     {
 986:Inc/STM32F3xx_HAL_Driver/Src/stm32f3xx_hal_rcc_ex.c ****       /* Get the current USART1 source */
 987:Inc/STM32F3xx_HAL_Driver/Src/stm32f3xx_hal_rcc_ex.c ****       srcclk = __HAL_RCC_GET_USART1_SOURCE();
 988:Inc/STM32F3xx_HAL_Driver/Src/stm32f3xx_hal_rcc_ex.c **** 
 989:Inc/STM32F3xx_HAL_Driver/Src/stm32f3xx_hal_rcc_ex.c ****       /* Check if USART1 clock selection is PCLK1 */
 990:Inc/STM32F3xx_HAL_Driver/Src/stm32f3xx_hal_rcc_ex.c **** #if defined(RCC_USART1CLKSOURCE_PCLK2)
 991:Inc/STM32F3xx_HAL_Driver/Src/stm32f3xx_hal_rcc_ex.c ****       if (srcclk == RCC_USART1CLKSOURCE_PCLK2)
 992:Inc/STM32F3xx_HAL_Driver/Src/stm32f3xx_hal_rcc_ex.c ****       {
 993:Inc/STM32F3xx_HAL_Driver/Src/stm32f3xx_hal_rcc_ex.c ****         frequency = HAL_RCC_GetPCLK2Freq();
 994:Inc/STM32F3xx_HAL_Driver/Src/stm32f3xx_hal_rcc_ex.c ****       }
 995:Inc/STM32F3xx_HAL_Driver/Src/stm32f3xx_hal_rcc_ex.c **** #else
 996:Inc/STM32F3xx_HAL_Driver/Src/stm32f3xx_hal_rcc_ex.c ****       if (srcclk == RCC_USART1CLKSOURCE_PCLK1)
 997:Inc/STM32F3xx_HAL_Driver/Src/stm32f3xx_hal_rcc_ex.c ****       {
 998:Inc/STM32F3xx_HAL_Driver/Src/stm32f3xx_hal_rcc_ex.c ****         frequency = HAL_RCC_GetPCLK1Freq();
 999:Inc/STM32F3xx_HAL_Driver/Src/stm32f3xx_hal_rcc_ex.c ****       }
1000:Inc/STM32F3xx_HAL_Driver/Src/stm32f3xx_hal_rcc_ex.c **** #endif /* RCC_USART1CLKSOURCE_PCLK2 */
ARM GAS  /tmp/ccTvL2QU.s 			page 19


1001:Inc/STM32F3xx_HAL_Driver/Src/stm32f3xx_hal_rcc_ex.c ****       /* Check if HSI is ready and if USART1 clock selection is HSI */
1002:Inc/STM32F3xx_HAL_Driver/Src/stm32f3xx_hal_rcc_ex.c ****       else if ((srcclk == RCC_USART1CLKSOURCE_HSI) && (HAL_IS_BIT_SET(RCC->CR, RCC_CR_HSIRDY)))
1003:Inc/STM32F3xx_HAL_Driver/Src/stm32f3xx_hal_rcc_ex.c ****       {
1004:Inc/STM32F3xx_HAL_Driver/Src/stm32f3xx_hal_rcc_ex.c ****         frequency = HSI_VALUE;
1005:Inc/STM32F3xx_HAL_Driver/Src/stm32f3xx_hal_rcc_ex.c ****       }
1006:Inc/STM32F3xx_HAL_Driver/Src/stm32f3xx_hal_rcc_ex.c ****       /* Check if USART1 clock selection is SYSCLK */
1007:Inc/STM32F3xx_HAL_Driver/Src/stm32f3xx_hal_rcc_ex.c ****       else if (srcclk == RCC_USART1CLKSOURCE_SYSCLK)
1008:Inc/STM32F3xx_HAL_Driver/Src/stm32f3xx_hal_rcc_ex.c ****       {
1009:Inc/STM32F3xx_HAL_Driver/Src/stm32f3xx_hal_rcc_ex.c ****         frequency = HAL_RCC_GetSysClockFreq();
1010:Inc/STM32F3xx_HAL_Driver/Src/stm32f3xx_hal_rcc_ex.c ****       }
1011:Inc/STM32F3xx_HAL_Driver/Src/stm32f3xx_hal_rcc_ex.c ****       /* Check if LSE is ready  and if USART1 clock selection is LSE */
1012:Inc/STM32F3xx_HAL_Driver/Src/stm32f3xx_hal_rcc_ex.c ****       else if ((srcclk == RCC_USART1CLKSOURCE_LSE) && (HAL_IS_BIT_SET(RCC->BDCR, RCC_BDCR_LSERDY)))
1013:Inc/STM32F3xx_HAL_Driver/Src/stm32f3xx_hal_rcc_ex.c ****       {
1014:Inc/STM32F3xx_HAL_Driver/Src/stm32f3xx_hal_rcc_ex.c ****         frequency = LSE_VALUE;
1015:Inc/STM32F3xx_HAL_Driver/Src/stm32f3xx_hal_rcc_ex.c ****       }
1016:Inc/STM32F3xx_HAL_Driver/Src/stm32f3xx_hal_rcc_ex.c ****       break;
1017:Inc/STM32F3xx_HAL_Driver/Src/stm32f3xx_hal_rcc_ex.c ****     }
1018:Inc/STM32F3xx_HAL_Driver/Src/stm32f3xx_hal_rcc_ex.c **** #if defined(RCC_CFGR3_USART2SW)
1019:Inc/STM32F3xx_HAL_Driver/Src/stm32f3xx_hal_rcc_ex.c ****   case RCC_PERIPHCLK_USART2:
1020:Inc/STM32F3xx_HAL_Driver/Src/stm32f3xx_hal_rcc_ex.c ****     {
1021:Inc/STM32F3xx_HAL_Driver/Src/stm32f3xx_hal_rcc_ex.c ****       /* Get the current USART2 source */
1022:Inc/STM32F3xx_HAL_Driver/Src/stm32f3xx_hal_rcc_ex.c ****       srcclk = __HAL_RCC_GET_USART2_SOURCE();
1023:Inc/STM32F3xx_HAL_Driver/Src/stm32f3xx_hal_rcc_ex.c **** 
1024:Inc/STM32F3xx_HAL_Driver/Src/stm32f3xx_hal_rcc_ex.c ****       /* Check if USART2 clock selection is PCLK1 */
1025:Inc/STM32F3xx_HAL_Driver/Src/stm32f3xx_hal_rcc_ex.c ****       if (srcclk == RCC_USART2CLKSOURCE_PCLK1)
1026:Inc/STM32F3xx_HAL_Driver/Src/stm32f3xx_hal_rcc_ex.c ****       {
1027:Inc/STM32F3xx_HAL_Driver/Src/stm32f3xx_hal_rcc_ex.c ****         frequency = HAL_RCC_GetPCLK1Freq();
1028:Inc/STM32F3xx_HAL_Driver/Src/stm32f3xx_hal_rcc_ex.c ****       }
1029:Inc/STM32F3xx_HAL_Driver/Src/stm32f3xx_hal_rcc_ex.c ****       /* Check if HSI is ready and if USART2 clock selection is HSI */
1030:Inc/STM32F3xx_HAL_Driver/Src/stm32f3xx_hal_rcc_ex.c ****       else if ((srcclk == RCC_USART2CLKSOURCE_HSI) && (HAL_IS_BIT_SET(RCC->CR, RCC_CR_HSIRDY)))
1031:Inc/STM32F3xx_HAL_Driver/Src/stm32f3xx_hal_rcc_ex.c ****       {
1032:Inc/STM32F3xx_HAL_Driver/Src/stm32f3xx_hal_rcc_ex.c ****         frequency = HSI_VALUE;
1033:Inc/STM32F3xx_HAL_Driver/Src/stm32f3xx_hal_rcc_ex.c ****       }
1034:Inc/STM32F3xx_HAL_Driver/Src/stm32f3xx_hal_rcc_ex.c ****       /* Check if USART2 clock selection is SYSCLK */
1035:Inc/STM32F3xx_HAL_Driver/Src/stm32f3xx_hal_rcc_ex.c ****       else if (srcclk == RCC_USART2CLKSOURCE_SYSCLK)
1036:Inc/STM32F3xx_HAL_Driver/Src/stm32f3xx_hal_rcc_ex.c ****       {
1037:Inc/STM32F3xx_HAL_Driver/Src/stm32f3xx_hal_rcc_ex.c ****         frequency = HAL_RCC_GetSysClockFreq();
1038:Inc/STM32F3xx_HAL_Driver/Src/stm32f3xx_hal_rcc_ex.c ****       }
1039:Inc/STM32F3xx_HAL_Driver/Src/stm32f3xx_hal_rcc_ex.c ****       /* Check if LSE is ready  and if USART2 clock selection is LSE */
1040:Inc/STM32F3xx_HAL_Driver/Src/stm32f3xx_hal_rcc_ex.c ****       else if ((srcclk == RCC_USART2CLKSOURCE_LSE) && (HAL_IS_BIT_SET(RCC->BDCR, RCC_BDCR_LSERDY)))
1041:Inc/STM32F3xx_HAL_Driver/Src/stm32f3xx_hal_rcc_ex.c ****       {
1042:Inc/STM32F3xx_HAL_Driver/Src/stm32f3xx_hal_rcc_ex.c ****         frequency = LSE_VALUE;
1043:Inc/STM32F3xx_HAL_Driver/Src/stm32f3xx_hal_rcc_ex.c ****       }
1044:Inc/STM32F3xx_HAL_Driver/Src/stm32f3xx_hal_rcc_ex.c ****       break;
1045:Inc/STM32F3xx_HAL_Driver/Src/stm32f3xx_hal_rcc_ex.c ****     }
1046:Inc/STM32F3xx_HAL_Driver/Src/stm32f3xx_hal_rcc_ex.c **** #endif /* RCC_CFGR3_USART2SW */
1047:Inc/STM32F3xx_HAL_Driver/Src/stm32f3xx_hal_rcc_ex.c **** #if defined(RCC_CFGR3_USART3SW)
1048:Inc/STM32F3xx_HAL_Driver/Src/stm32f3xx_hal_rcc_ex.c ****   case RCC_PERIPHCLK_USART3:
1049:Inc/STM32F3xx_HAL_Driver/Src/stm32f3xx_hal_rcc_ex.c ****     {
1050:Inc/STM32F3xx_HAL_Driver/Src/stm32f3xx_hal_rcc_ex.c ****       /* Get the current USART3 source */
1051:Inc/STM32F3xx_HAL_Driver/Src/stm32f3xx_hal_rcc_ex.c ****       srcclk = __HAL_RCC_GET_USART3_SOURCE();
1052:Inc/STM32F3xx_HAL_Driver/Src/stm32f3xx_hal_rcc_ex.c **** 
1053:Inc/STM32F3xx_HAL_Driver/Src/stm32f3xx_hal_rcc_ex.c ****       /* Check if USART3 clock selection is PCLK1 */
1054:Inc/STM32F3xx_HAL_Driver/Src/stm32f3xx_hal_rcc_ex.c ****       if (srcclk == RCC_USART3CLKSOURCE_PCLK1)
1055:Inc/STM32F3xx_HAL_Driver/Src/stm32f3xx_hal_rcc_ex.c ****       {
1056:Inc/STM32F3xx_HAL_Driver/Src/stm32f3xx_hal_rcc_ex.c ****         frequency = HAL_RCC_GetPCLK1Freq();
1057:Inc/STM32F3xx_HAL_Driver/Src/stm32f3xx_hal_rcc_ex.c ****       }
ARM GAS  /tmp/ccTvL2QU.s 			page 20


1058:Inc/STM32F3xx_HAL_Driver/Src/stm32f3xx_hal_rcc_ex.c ****       /* Check if HSI is ready and if USART3 clock selection is HSI */
1059:Inc/STM32F3xx_HAL_Driver/Src/stm32f3xx_hal_rcc_ex.c ****       else if ((srcclk == RCC_USART3CLKSOURCE_HSI) && (HAL_IS_BIT_SET(RCC->CR, RCC_CR_HSIRDY)))
1060:Inc/STM32F3xx_HAL_Driver/Src/stm32f3xx_hal_rcc_ex.c ****       {
1061:Inc/STM32F3xx_HAL_Driver/Src/stm32f3xx_hal_rcc_ex.c ****         frequency = HSI_VALUE;
1062:Inc/STM32F3xx_HAL_Driver/Src/stm32f3xx_hal_rcc_ex.c ****       }
1063:Inc/STM32F3xx_HAL_Driver/Src/stm32f3xx_hal_rcc_ex.c ****       /* Check if USART3 clock selection is SYSCLK */
1064:Inc/STM32F3xx_HAL_Driver/Src/stm32f3xx_hal_rcc_ex.c ****       else if (srcclk == RCC_USART3CLKSOURCE_SYSCLK)
1065:Inc/STM32F3xx_HAL_Driver/Src/stm32f3xx_hal_rcc_ex.c ****       {
1066:Inc/STM32F3xx_HAL_Driver/Src/stm32f3xx_hal_rcc_ex.c ****         frequency = HAL_RCC_GetSysClockFreq();
1067:Inc/STM32F3xx_HAL_Driver/Src/stm32f3xx_hal_rcc_ex.c ****       }
1068:Inc/STM32F3xx_HAL_Driver/Src/stm32f3xx_hal_rcc_ex.c ****       /* Check if LSE is ready  and if USART3 clock selection is LSE */
1069:Inc/STM32F3xx_HAL_Driver/Src/stm32f3xx_hal_rcc_ex.c ****       else if ((srcclk == RCC_USART3CLKSOURCE_LSE) && (HAL_IS_BIT_SET(RCC->BDCR, RCC_BDCR_LSERDY)))
1070:Inc/STM32F3xx_HAL_Driver/Src/stm32f3xx_hal_rcc_ex.c ****       {
1071:Inc/STM32F3xx_HAL_Driver/Src/stm32f3xx_hal_rcc_ex.c ****         frequency = LSE_VALUE;
1072:Inc/STM32F3xx_HAL_Driver/Src/stm32f3xx_hal_rcc_ex.c ****       }
1073:Inc/STM32F3xx_HAL_Driver/Src/stm32f3xx_hal_rcc_ex.c ****      break;
1074:Inc/STM32F3xx_HAL_Driver/Src/stm32f3xx_hal_rcc_ex.c ****     }
1075:Inc/STM32F3xx_HAL_Driver/Src/stm32f3xx_hal_rcc_ex.c **** #endif /* RCC_CFGR3_USART3SW */
1076:Inc/STM32F3xx_HAL_Driver/Src/stm32f3xx_hal_rcc_ex.c **** #if defined(RCC_CFGR3_UART4SW)
1077:Inc/STM32F3xx_HAL_Driver/Src/stm32f3xx_hal_rcc_ex.c ****   case RCC_PERIPHCLK_UART4:
1078:Inc/STM32F3xx_HAL_Driver/Src/stm32f3xx_hal_rcc_ex.c ****     {
1079:Inc/STM32F3xx_HAL_Driver/Src/stm32f3xx_hal_rcc_ex.c ****       /* Get the current UART4 source */
1080:Inc/STM32F3xx_HAL_Driver/Src/stm32f3xx_hal_rcc_ex.c ****       srcclk = __HAL_RCC_GET_UART4_SOURCE();
1081:Inc/STM32F3xx_HAL_Driver/Src/stm32f3xx_hal_rcc_ex.c **** 
1082:Inc/STM32F3xx_HAL_Driver/Src/stm32f3xx_hal_rcc_ex.c ****       /* Check if UART4 clock selection is PCLK1 */
1083:Inc/STM32F3xx_HAL_Driver/Src/stm32f3xx_hal_rcc_ex.c ****       if (srcclk == RCC_UART4CLKSOURCE_PCLK1)
1084:Inc/STM32F3xx_HAL_Driver/Src/stm32f3xx_hal_rcc_ex.c ****       {
1085:Inc/STM32F3xx_HAL_Driver/Src/stm32f3xx_hal_rcc_ex.c ****         frequency = HAL_RCC_GetPCLK1Freq();
1086:Inc/STM32F3xx_HAL_Driver/Src/stm32f3xx_hal_rcc_ex.c ****       }
1087:Inc/STM32F3xx_HAL_Driver/Src/stm32f3xx_hal_rcc_ex.c ****       /* Check if HSI is ready and if UART4 clock selection is HSI */
1088:Inc/STM32F3xx_HAL_Driver/Src/stm32f3xx_hal_rcc_ex.c ****       else if ((srcclk == RCC_UART4CLKSOURCE_HSI) && (HAL_IS_BIT_SET(RCC->CR, RCC_CR_HSIRDY)))
1089:Inc/STM32F3xx_HAL_Driver/Src/stm32f3xx_hal_rcc_ex.c ****       {
1090:Inc/STM32F3xx_HAL_Driver/Src/stm32f3xx_hal_rcc_ex.c ****         frequency = HSI_VALUE;
1091:Inc/STM32F3xx_HAL_Driver/Src/stm32f3xx_hal_rcc_ex.c ****       }
1092:Inc/STM32F3xx_HAL_Driver/Src/stm32f3xx_hal_rcc_ex.c ****       /* Check if UART4 clock selection is SYSCLK */
1093:Inc/STM32F3xx_HAL_Driver/Src/stm32f3xx_hal_rcc_ex.c ****       else if (srcclk == RCC_UART4CLKSOURCE_SYSCLK)
1094:Inc/STM32F3xx_HAL_Driver/Src/stm32f3xx_hal_rcc_ex.c ****       {
1095:Inc/STM32F3xx_HAL_Driver/Src/stm32f3xx_hal_rcc_ex.c ****         frequency = HAL_RCC_GetSysClockFreq();
1096:Inc/STM32F3xx_HAL_Driver/Src/stm32f3xx_hal_rcc_ex.c ****       }
1097:Inc/STM32F3xx_HAL_Driver/Src/stm32f3xx_hal_rcc_ex.c ****       /* Check if LSE is ready  and if UART4 clock selection is LSE */
1098:Inc/STM32F3xx_HAL_Driver/Src/stm32f3xx_hal_rcc_ex.c ****       else if ((srcclk == RCC_UART4CLKSOURCE_LSE) && (HAL_IS_BIT_SET(RCC->BDCR, RCC_BDCR_LSERDY)))
1099:Inc/STM32F3xx_HAL_Driver/Src/stm32f3xx_hal_rcc_ex.c ****       {
1100:Inc/STM32F3xx_HAL_Driver/Src/stm32f3xx_hal_rcc_ex.c ****         frequency = LSE_VALUE;
1101:Inc/STM32F3xx_HAL_Driver/Src/stm32f3xx_hal_rcc_ex.c ****       }
1102:Inc/STM32F3xx_HAL_Driver/Src/stm32f3xx_hal_rcc_ex.c ****       break;
1103:Inc/STM32F3xx_HAL_Driver/Src/stm32f3xx_hal_rcc_ex.c ****     }
1104:Inc/STM32F3xx_HAL_Driver/Src/stm32f3xx_hal_rcc_ex.c **** #endif /* RCC_CFGR3_UART4SW */
1105:Inc/STM32F3xx_HAL_Driver/Src/stm32f3xx_hal_rcc_ex.c **** #if defined(RCC_CFGR3_UART5SW)
1106:Inc/STM32F3xx_HAL_Driver/Src/stm32f3xx_hal_rcc_ex.c ****   case RCC_PERIPHCLK_UART5:
1107:Inc/STM32F3xx_HAL_Driver/Src/stm32f3xx_hal_rcc_ex.c ****     {
1108:Inc/STM32F3xx_HAL_Driver/Src/stm32f3xx_hal_rcc_ex.c ****       /* Get the current UART5 source */
1109:Inc/STM32F3xx_HAL_Driver/Src/stm32f3xx_hal_rcc_ex.c ****       srcclk = __HAL_RCC_GET_UART5_SOURCE();
1110:Inc/STM32F3xx_HAL_Driver/Src/stm32f3xx_hal_rcc_ex.c **** 
1111:Inc/STM32F3xx_HAL_Driver/Src/stm32f3xx_hal_rcc_ex.c ****       /* Check if UART5 clock selection is PCLK1 */
1112:Inc/STM32F3xx_HAL_Driver/Src/stm32f3xx_hal_rcc_ex.c ****       if (srcclk == RCC_UART5CLKSOURCE_PCLK1)
1113:Inc/STM32F3xx_HAL_Driver/Src/stm32f3xx_hal_rcc_ex.c ****       {
1114:Inc/STM32F3xx_HAL_Driver/Src/stm32f3xx_hal_rcc_ex.c ****         frequency = HAL_RCC_GetPCLK1Freq();
ARM GAS  /tmp/ccTvL2QU.s 			page 21


1115:Inc/STM32F3xx_HAL_Driver/Src/stm32f3xx_hal_rcc_ex.c ****       }
1116:Inc/STM32F3xx_HAL_Driver/Src/stm32f3xx_hal_rcc_ex.c ****       /* Check if HSI is ready and if UART5 clock selection is HSI */
1117:Inc/STM32F3xx_HAL_Driver/Src/stm32f3xx_hal_rcc_ex.c ****       else if ((srcclk == RCC_UART5CLKSOURCE_HSI) && (HAL_IS_BIT_SET(RCC->CR, RCC_CR_HSIRDY)))
1118:Inc/STM32F3xx_HAL_Driver/Src/stm32f3xx_hal_rcc_ex.c ****       {
1119:Inc/STM32F3xx_HAL_Driver/Src/stm32f3xx_hal_rcc_ex.c ****         frequency = HSI_VALUE;
1120:Inc/STM32F3xx_HAL_Driver/Src/stm32f3xx_hal_rcc_ex.c ****       }
1121:Inc/STM32F3xx_HAL_Driver/Src/stm32f3xx_hal_rcc_ex.c ****       /* Check if UART5 clock selection is SYSCLK */
1122:Inc/STM32F3xx_HAL_Driver/Src/stm32f3xx_hal_rcc_ex.c ****       else if (srcclk == RCC_UART5CLKSOURCE_SYSCLK)
1123:Inc/STM32F3xx_HAL_Driver/Src/stm32f3xx_hal_rcc_ex.c ****       {
1124:Inc/STM32F3xx_HAL_Driver/Src/stm32f3xx_hal_rcc_ex.c ****         frequency = HAL_RCC_GetSysClockFreq();
1125:Inc/STM32F3xx_HAL_Driver/Src/stm32f3xx_hal_rcc_ex.c ****       }
1126:Inc/STM32F3xx_HAL_Driver/Src/stm32f3xx_hal_rcc_ex.c ****       /* Check if LSE is ready  and if UART5 clock selection is LSE */
1127:Inc/STM32F3xx_HAL_Driver/Src/stm32f3xx_hal_rcc_ex.c ****       else if ((srcclk == RCC_UART5CLKSOURCE_LSE) && (HAL_IS_BIT_SET(RCC->BDCR, RCC_BDCR_LSERDY)))
1128:Inc/STM32F3xx_HAL_Driver/Src/stm32f3xx_hal_rcc_ex.c ****       {
1129:Inc/STM32F3xx_HAL_Driver/Src/stm32f3xx_hal_rcc_ex.c ****         frequency = LSE_VALUE;
1130:Inc/STM32F3xx_HAL_Driver/Src/stm32f3xx_hal_rcc_ex.c ****       }
1131:Inc/STM32F3xx_HAL_Driver/Src/stm32f3xx_hal_rcc_ex.c ****       break;
1132:Inc/STM32F3xx_HAL_Driver/Src/stm32f3xx_hal_rcc_ex.c ****     }
1133:Inc/STM32F3xx_HAL_Driver/Src/stm32f3xx_hal_rcc_ex.c **** #endif /* RCC_CFGR3_UART5SW */
1134:Inc/STM32F3xx_HAL_Driver/Src/stm32f3xx_hal_rcc_ex.c ****   case RCC_PERIPHCLK_I2C1:
1135:Inc/STM32F3xx_HAL_Driver/Src/stm32f3xx_hal_rcc_ex.c ****     {
1136:Inc/STM32F3xx_HAL_Driver/Src/stm32f3xx_hal_rcc_ex.c ****       /* Get the current I2C1 source */
1137:Inc/STM32F3xx_HAL_Driver/Src/stm32f3xx_hal_rcc_ex.c ****       srcclk = __HAL_RCC_GET_I2C1_SOURCE();
1138:Inc/STM32F3xx_HAL_Driver/Src/stm32f3xx_hal_rcc_ex.c **** 
1139:Inc/STM32F3xx_HAL_Driver/Src/stm32f3xx_hal_rcc_ex.c ****       /* Check if HSI is ready and if I2C1 clock selection is HSI */
1140:Inc/STM32F3xx_HAL_Driver/Src/stm32f3xx_hal_rcc_ex.c ****       if ((srcclk == RCC_I2C1CLKSOURCE_HSI) && (HAL_IS_BIT_SET(RCC->CR, RCC_CR_HSIRDY)))
1141:Inc/STM32F3xx_HAL_Driver/Src/stm32f3xx_hal_rcc_ex.c ****       {
1142:Inc/STM32F3xx_HAL_Driver/Src/stm32f3xx_hal_rcc_ex.c ****         frequency = HSI_VALUE;
1143:Inc/STM32F3xx_HAL_Driver/Src/stm32f3xx_hal_rcc_ex.c ****       }
1144:Inc/STM32F3xx_HAL_Driver/Src/stm32f3xx_hal_rcc_ex.c ****       /* Check if I2C1 clock selection is SYSCLK */
1145:Inc/STM32F3xx_HAL_Driver/Src/stm32f3xx_hal_rcc_ex.c ****       else if (srcclk == RCC_I2C1CLKSOURCE_SYSCLK)
1146:Inc/STM32F3xx_HAL_Driver/Src/stm32f3xx_hal_rcc_ex.c ****       {
1147:Inc/STM32F3xx_HAL_Driver/Src/stm32f3xx_hal_rcc_ex.c ****         frequency = HAL_RCC_GetSysClockFreq();
1148:Inc/STM32F3xx_HAL_Driver/Src/stm32f3xx_hal_rcc_ex.c ****       }
1149:Inc/STM32F3xx_HAL_Driver/Src/stm32f3xx_hal_rcc_ex.c ****       break;
1150:Inc/STM32F3xx_HAL_Driver/Src/stm32f3xx_hal_rcc_ex.c ****     }
1151:Inc/STM32F3xx_HAL_Driver/Src/stm32f3xx_hal_rcc_ex.c **** #if defined(RCC_CFGR3_I2C2SW)
1152:Inc/STM32F3xx_HAL_Driver/Src/stm32f3xx_hal_rcc_ex.c ****   case RCC_PERIPHCLK_I2C2:
1153:Inc/STM32F3xx_HAL_Driver/Src/stm32f3xx_hal_rcc_ex.c ****     {
1154:Inc/STM32F3xx_HAL_Driver/Src/stm32f3xx_hal_rcc_ex.c ****       /* Get the current I2C2 source */
1155:Inc/STM32F3xx_HAL_Driver/Src/stm32f3xx_hal_rcc_ex.c ****       srcclk = __HAL_RCC_GET_I2C2_SOURCE();
1156:Inc/STM32F3xx_HAL_Driver/Src/stm32f3xx_hal_rcc_ex.c **** 
1157:Inc/STM32F3xx_HAL_Driver/Src/stm32f3xx_hal_rcc_ex.c ****       /* Check if HSI is ready and if I2C2 clock selection is HSI */
1158:Inc/STM32F3xx_HAL_Driver/Src/stm32f3xx_hal_rcc_ex.c ****       if ((srcclk == RCC_I2C2CLKSOURCE_HSI) && (HAL_IS_BIT_SET(RCC->CR, RCC_CR_HSIRDY)))
1159:Inc/STM32F3xx_HAL_Driver/Src/stm32f3xx_hal_rcc_ex.c ****       {
1160:Inc/STM32F3xx_HAL_Driver/Src/stm32f3xx_hal_rcc_ex.c ****         frequency = HSI_VALUE;
1161:Inc/STM32F3xx_HAL_Driver/Src/stm32f3xx_hal_rcc_ex.c ****       }
1162:Inc/STM32F3xx_HAL_Driver/Src/stm32f3xx_hal_rcc_ex.c ****       /* Check if I2C2 clock selection is SYSCLK */
1163:Inc/STM32F3xx_HAL_Driver/Src/stm32f3xx_hal_rcc_ex.c ****       else if (srcclk == RCC_I2C2CLKSOURCE_SYSCLK)
1164:Inc/STM32F3xx_HAL_Driver/Src/stm32f3xx_hal_rcc_ex.c ****       {
1165:Inc/STM32F3xx_HAL_Driver/Src/stm32f3xx_hal_rcc_ex.c ****         frequency = HAL_RCC_GetSysClockFreq();
1166:Inc/STM32F3xx_HAL_Driver/Src/stm32f3xx_hal_rcc_ex.c ****       }
1167:Inc/STM32F3xx_HAL_Driver/Src/stm32f3xx_hal_rcc_ex.c ****       break;
1168:Inc/STM32F3xx_HAL_Driver/Src/stm32f3xx_hal_rcc_ex.c ****     }
1169:Inc/STM32F3xx_HAL_Driver/Src/stm32f3xx_hal_rcc_ex.c **** #endif /* RCC_CFGR3_I2C2SW */
1170:Inc/STM32F3xx_HAL_Driver/Src/stm32f3xx_hal_rcc_ex.c **** #if defined(RCC_CFGR3_I2C3SW)
1171:Inc/STM32F3xx_HAL_Driver/Src/stm32f3xx_hal_rcc_ex.c ****   case RCC_PERIPHCLK_I2C3:
ARM GAS  /tmp/ccTvL2QU.s 			page 22


1172:Inc/STM32F3xx_HAL_Driver/Src/stm32f3xx_hal_rcc_ex.c ****     {
1173:Inc/STM32F3xx_HAL_Driver/Src/stm32f3xx_hal_rcc_ex.c ****       /* Get the current I2C3 source */
1174:Inc/STM32F3xx_HAL_Driver/Src/stm32f3xx_hal_rcc_ex.c ****       srcclk = __HAL_RCC_GET_I2C3_SOURCE();
1175:Inc/STM32F3xx_HAL_Driver/Src/stm32f3xx_hal_rcc_ex.c **** 
1176:Inc/STM32F3xx_HAL_Driver/Src/stm32f3xx_hal_rcc_ex.c ****       /* Check if HSI is ready and if I2C3 clock selection is HSI */
1177:Inc/STM32F3xx_HAL_Driver/Src/stm32f3xx_hal_rcc_ex.c ****       if ((srcclk == RCC_I2C3CLKSOURCE_HSI) && (HAL_IS_BIT_SET(RCC->CR, RCC_CR_HSIRDY)))
1178:Inc/STM32F3xx_HAL_Driver/Src/stm32f3xx_hal_rcc_ex.c ****       {
1179:Inc/STM32F3xx_HAL_Driver/Src/stm32f3xx_hal_rcc_ex.c ****         frequency = HSI_VALUE;
1180:Inc/STM32F3xx_HAL_Driver/Src/stm32f3xx_hal_rcc_ex.c ****       }
1181:Inc/STM32F3xx_HAL_Driver/Src/stm32f3xx_hal_rcc_ex.c ****       /* Check if I2C3 clock selection is SYSCLK */
1182:Inc/STM32F3xx_HAL_Driver/Src/stm32f3xx_hal_rcc_ex.c ****       else if (srcclk == RCC_I2C3CLKSOURCE_SYSCLK)
1183:Inc/STM32F3xx_HAL_Driver/Src/stm32f3xx_hal_rcc_ex.c ****       {
1184:Inc/STM32F3xx_HAL_Driver/Src/stm32f3xx_hal_rcc_ex.c ****         frequency = HAL_RCC_GetSysClockFreq();
1185:Inc/STM32F3xx_HAL_Driver/Src/stm32f3xx_hal_rcc_ex.c ****       }
1186:Inc/STM32F3xx_HAL_Driver/Src/stm32f3xx_hal_rcc_ex.c ****       break;
1187:Inc/STM32F3xx_HAL_Driver/Src/stm32f3xx_hal_rcc_ex.c ****     }
1188:Inc/STM32F3xx_HAL_Driver/Src/stm32f3xx_hal_rcc_ex.c **** #endif /* RCC_CFGR3_I2C3SW */
1189:Inc/STM32F3xx_HAL_Driver/Src/stm32f3xx_hal_rcc_ex.c **** #if defined(RCC_CFGR_I2SSRC)
1190:Inc/STM32F3xx_HAL_Driver/Src/stm32f3xx_hal_rcc_ex.c ****   case RCC_PERIPHCLK_I2S:
1191:Inc/STM32F3xx_HAL_Driver/Src/stm32f3xx_hal_rcc_ex.c ****     {
1192:Inc/STM32F3xx_HAL_Driver/Src/stm32f3xx_hal_rcc_ex.c ****       /* Get the current I2S source */
1193:Inc/STM32F3xx_HAL_Driver/Src/stm32f3xx_hal_rcc_ex.c ****       srcclk = __HAL_RCC_GET_I2S_SOURCE();
1194:Inc/STM32F3xx_HAL_Driver/Src/stm32f3xx_hal_rcc_ex.c **** 
1195:Inc/STM32F3xx_HAL_Driver/Src/stm32f3xx_hal_rcc_ex.c ****       /* Check if I2S clock selection is External clock mapped on the I2S_CKIN pin */
1196:Inc/STM32F3xx_HAL_Driver/Src/stm32f3xx_hal_rcc_ex.c ****       if (srcclk == RCC_I2SCLKSOURCE_EXT)
1197:Inc/STM32F3xx_HAL_Driver/Src/stm32f3xx_hal_rcc_ex.c ****       {
1198:Inc/STM32F3xx_HAL_Driver/Src/stm32f3xx_hal_rcc_ex.c ****         /* External clock used. Frequency cannot be returned.*/
1199:Inc/STM32F3xx_HAL_Driver/Src/stm32f3xx_hal_rcc_ex.c ****         frequency = 0xDEADDEADU;
1200:Inc/STM32F3xx_HAL_Driver/Src/stm32f3xx_hal_rcc_ex.c ****       }
1201:Inc/STM32F3xx_HAL_Driver/Src/stm32f3xx_hal_rcc_ex.c ****       /* Check if I2S clock selection is SYSCLK */
1202:Inc/STM32F3xx_HAL_Driver/Src/stm32f3xx_hal_rcc_ex.c ****       else if (srcclk == RCC_I2SCLKSOURCE_SYSCLK)
1203:Inc/STM32F3xx_HAL_Driver/Src/stm32f3xx_hal_rcc_ex.c ****       {
1204:Inc/STM32F3xx_HAL_Driver/Src/stm32f3xx_hal_rcc_ex.c ****         frequency = HAL_RCC_GetSysClockFreq();
1205:Inc/STM32F3xx_HAL_Driver/Src/stm32f3xx_hal_rcc_ex.c ****       }
1206:Inc/STM32F3xx_HAL_Driver/Src/stm32f3xx_hal_rcc_ex.c ****       break;
1207:Inc/STM32F3xx_HAL_Driver/Src/stm32f3xx_hal_rcc_ex.c ****     }
1208:Inc/STM32F3xx_HAL_Driver/Src/stm32f3xx_hal_rcc_ex.c **** #endif /* RCC_CFGR_I2SSRC */
1209:Inc/STM32F3xx_HAL_Driver/Src/stm32f3xx_hal_rcc_ex.c **** #if defined(RCC_CFGR_USBPRE)
1210:Inc/STM32F3xx_HAL_Driver/Src/stm32f3xx_hal_rcc_ex.c ****   case RCC_PERIPHCLK_USB:
1211:Inc/STM32F3xx_HAL_Driver/Src/stm32f3xx_hal_rcc_ex.c ****     {
1212:Inc/STM32F3xx_HAL_Driver/Src/stm32f3xx_hal_rcc_ex.c ****       /* Check if PLL is ready */
1213:Inc/STM32F3xx_HAL_Driver/Src/stm32f3xx_hal_rcc_ex.c ****       if (HAL_IS_BIT_SET(RCC->CR, RCC_CR_PLLRDY))
1214:Inc/STM32F3xx_HAL_Driver/Src/stm32f3xx_hal_rcc_ex.c ****       {
1215:Inc/STM32F3xx_HAL_Driver/Src/stm32f3xx_hal_rcc_ex.c ****         /* Get the current USB source */
1216:Inc/STM32F3xx_HAL_Driver/Src/stm32f3xx_hal_rcc_ex.c ****         srcclk = __HAL_RCC_GET_USB_SOURCE();
1217:Inc/STM32F3xx_HAL_Driver/Src/stm32f3xx_hal_rcc_ex.c **** 
1218:Inc/STM32F3xx_HAL_Driver/Src/stm32f3xx_hal_rcc_ex.c ****         /* Check if USB clock selection is not divided */
1219:Inc/STM32F3xx_HAL_Driver/Src/stm32f3xx_hal_rcc_ex.c ****         if (srcclk == RCC_USBCLKSOURCE_PLL)
1220:Inc/STM32F3xx_HAL_Driver/Src/stm32f3xx_hal_rcc_ex.c ****         {
1221:Inc/STM32F3xx_HAL_Driver/Src/stm32f3xx_hal_rcc_ex.c ****           frequency = RCC_GetPLLCLKFreq();
1222:Inc/STM32F3xx_HAL_Driver/Src/stm32f3xx_hal_rcc_ex.c ****         }
1223:Inc/STM32F3xx_HAL_Driver/Src/stm32f3xx_hal_rcc_ex.c ****         /* Check if USB clock selection is divided by 1.5 */
1224:Inc/STM32F3xx_HAL_Driver/Src/stm32f3xx_hal_rcc_ex.c ****         else /* RCC_USBCLKSOURCE_PLL_DIV1_5 */
1225:Inc/STM32F3xx_HAL_Driver/Src/stm32f3xx_hal_rcc_ex.c ****         {
1226:Inc/STM32F3xx_HAL_Driver/Src/stm32f3xx_hal_rcc_ex.c ****           frequency = (RCC_GetPLLCLKFreq() * 3U) / 2U;
1227:Inc/STM32F3xx_HAL_Driver/Src/stm32f3xx_hal_rcc_ex.c ****         }
1228:Inc/STM32F3xx_HAL_Driver/Src/stm32f3xx_hal_rcc_ex.c ****       }
ARM GAS  /tmp/ccTvL2QU.s 			page 23


1229:Inc/STM32F3xx_HAL_Driver/Src/stm32f3xx_hal_rcc_ex.c ****       break;
1230:Inc/STM32F3xx_HAL_Driver/Src/stm32f3xx_hal_rcc_ex.c ****     }
1231:Inc/STM32F3xx_HAL_Driver/Src/stm32f3xx_hal_rcc_ex.c **** #endif /* RCC_CFGR_USBPRE */
1232:Inc/STM32F3xx_HAL_Driver/Src/stm32f3xx_hal_rcc_ex.c **** #if defined(RCC_CFGR2_ADC1PRES) || defined(RCC_CFGR_ADCPRE)
1233:Inc/STM32F3xx_HAL_Driver/Src/stm32f3xx_hal_rcc_ex.c ****   case RCC_PERIPHCLK_ADC1:
1234:Inc/STM32F3xx_HAL_Driver/Src/stm32f3xx_hal_rcc_ex.c ****     {
1235:Inc/STM32F3xx_HAL_Driver/Src/stm32f3xx_hal_rcc_ex.c ****       /* Get the current ADC1 source */
1236:Inc/STM32F3xx_HAL_Driver/Src/stm32f3xx_hal_rcc_ex.c ****       srcclk = __HAL_RCC_GET_ADC1_SOURCE();
1237:Inc/STM32F3xx_HAL_Driver/Src/stm32f3xx_hal_rcc_ex.c **** #if defined(RCC_CFGR2_ADC1PRES)
1238:Inc/STM32F3xx_HAL_Driver/Src/stm32f3xx_hal_rcc_ex.c ****       /* Check if ADC1 clock selection is AHB */
1239:Inc/STM32F3xx_HAL_Driver/Src/stm32f3xx_hal_rcc_ex.c ****       if (srcclk == RCC_ADC1PLLCLK_OFF)
1240:Inc/STM32F3xx_HAL_Driver/Src/stm32f3xx_hal_rcc_ex.c ****       {
1241:Inc/STM32F3xx_HAL_Driver/Src/stm32f3xx_hal_rcc_ex.c ****           frequency = SystemCoreClock;
1242:Inc/STM32F3xx_HAL_Driver/Src/stm32f3xx_hal_rcc_ex.c ****       }
1243:Inc/STM32F3xx_HAL_Driver/Src/stm32f3xx_hal_rcc_ex.c ****       /* PLL clock has been selected */
1244:Inc/STM32F3xx_HAL_Driver/Src/stm32f3xx_hal_rcc_ex.c ****       else
1245:Inc/STM32F3xx_HAL_Driver/Src/stm32f3xx_hal_rcc_ex.c ****       {
1246:Inc/STM32F3xx_HAL_Driver/Src/stm32f3xx_hal_rcc_ex.c ****         /* Check if PLL is ready */
1247:Inc/STM32F3xx_HAL_Driver/Src/stm32f3xx_hal_rcc_ex.c ****         if (HAL_IS_BIT_SET(RCC->CR, RCC_CR_PLLRDY))
1248:Inc/STM32F3xx_HAL_Driver/Src/stm32f3xx_hal_rcc_ex.c ****         {
1249:Inc/STM32F3xx_HAL_Driver/Src/stm32f3xx_hal_rcc_ex.c ****           /* Frequency is the PLL frequency divided by ADC prescaler (1U/2U/4U/6U/8U/10U/12U/16U/32
1250:Inc/STM32F3xx_HAL_Driver/Src/stm32f3xx_hal_rcc_ex.c ****           frequency = RCC_GetPLLCLKFreq() / adc_pll_prediv_table[(srcclk >> RCC_CFGR2_ADC1PRES_Pos)
1251:Inc/STM32F3xx_HAL_Driver/Src/stm32f3xx_hal_rcc_ex.c ****         }
1252:Inc/STM32F3xx_HAL_Driver/Src/stm32f3xx_hal_rcc_ex.c ****       }
1253:Inc/STM32F3xx_HAL_Driver/Src/stm32f3xx_hal_rcc_ex.c **** #else /* RCC_CFGR_ADCPRE */
1254:Inc/STM32F3xx_HAL_Driver/Src/stm32f3xx_hal_rcc_ex.c ****       /* ADC1 is set to PLCK2 frequency divided by 2U/4U/6U/8U */
1255:Inc/STM32F3xx_HAL_Driver/Src/stm32f3xx_hal_rcc_ex.c ****       frequency = HAL_RCC_GetPCLK2Freq() / (((srcclk  >> RCC_CFGR_ADCPRE_Pos) + 1U) * 2U);
1256:Inc/STM32F3xx_HAL_Driver/Src/stm32f3xx_hal_rcc_ex.c **** #endif /* RCC_CFGR2_ADC1PRES */
1257:Inc/STM32F3xx_HAL_Driver/Src/stm32f3xx_hal_rcc_ex.c ****       break;
1258:Inc/STM32F3xx_HAL_Driver/Src/stm32f3xx_hal_rcc_ex.c ****     }
1259:Inc/STM32F3xx_HAL_Driver/Src/stm32f3xx_hal_rcc_ex.c **** #endif /* RCC_CFGR2_ADC1PRES || RCC_CFGR_ADCPRE */
1260:Inc/STM32F3xx_HAL_Driver/Src/stm32f3xx_hal_rcc_ex.c **** #if defined(RCC_CFGR2_ADCPRE12)
1261:Inc/STM32F3xx_HAL_Driver/Src/stm32f3xx_hal_rcc_ex.c ****   case RCC_PERIPHCLK_ADC12:
1262:Inc/STM32F3xx_HAL_Driver/Src/stm32f3xx_hal_rcc_ex.c ****     {
1263:Inc/STM32F3xx_HAL_Driver/Src/stm32f3xx_hal_rcc_ex.c ****       /* Get the current ADC12 source */
1264:Inc/STM32F3xx_HAL_Driver/Src/stm32f3xx_hal_rcc_ex.c ****       srcclk = __HAL_RCC_GET_ADC12_SOURCE();
1265:Inc/STM32F3xx_HAL_Driver/Src/stm32f3xx_hal_rcc_ex.c ****       /* Check if ADC12 clock selection is AHB */
1266:Inc/STM32F3xx_HAL_Driver/Src/stm32f3xx_hal_rcc_ex.c ****       if (srcclk == RCC_ADC12PLLCLK_OFF)
1267:Inc/STM32F3xx_HAL_Driver/Src/stm32f3xx_hal_rcc_ex.c ****       {
1268:Inc/STM32F3xx_HAL_Driver/Src/stm32f3xx_hal_rcc_ex.c ****           frequency = SystemCoreClock;
1269:Inc/STM32F3xx_HAL_Driver/Src/stm32f3xx_hal_rcc_ex.c ****       }
1270:Inc/STM32F3xx_HAL_Driver/Src/stm32f3xx_hal_rcc_ex.c ****       /* PLL clock has been selected */
1271:Inc/STM32F3xx_HAL_Driver/Src/stm32f3xx_hal_rcc_ex.c ****       else
1272:Inc/STM32F3xx_HAL_Driver/Src/stm32f3xx_hal_rcc_ex.c ****       {
1273:Inc/STM32F3xx_HAL_Driver/Src/stm32f3xx_hal_rcc_ex.c ****         /* Check if PLL is ready */
1274:Inc/STM32F3xx_HAL_Driver/Src/stm32f3xx_hal_rcc_ex.c ****         if (HAL_IS_BIT_SET(RCC->CR, RCC_CR_PLLRDY))
1275:Inc/STM32F3xx_HAL_Driver/Src/stm32f3xx_hal_rcc_ex.c ****         {
1276:Inc/STM32F3xx_HAL_Driver/Src/stm32f3xx_hal_rcc_ex.c ****           /* Frequency is the PLL frequency divided by ADC prescaler (1U/2U/4U/6/8U/10U/12U/16U/32U
1277:Inc/STM32F3xx_HAL_Driver/Src/stm32f3xx_hal_rcc_ex.c ****           frequency = RCC_GetPLLCLKFreq() / adc_pll_prediv_table[(srcclk >> RCC_CFGR2_ADCPRE12_Pos)
1278:Inc/STM32F3xx_HAL_Driver/Src/stm32f3xx_hal_rcc_ex.c ****         }
1279:Inc/STM32F3xx_HAL_Driver/Src/stm32f3xx_hal_rcc_ex.c ****       }
1280:Inc/STM32F3xx_HAL_Driver/Src/stm32f3xx_hal_rcc_ex.c ****       break;
1281:Inc/STM32F3xx_HAL_Driver/Src/stm32f3xx_hal_rcc_ex.c ****     }
1282:Inc/STM32F3xx_HAL_Driver/Src/stm32f3xx_hal_rcc_ex.c **** #endif /* RCC_CFGR2_ADCPRE12 */
1283:Inc/STM32F3xx_HAL_Driver/Src/stm32f3xx_hal_rcc_ex.c **** #if defined(RCC_CFGR2_ADCPRE34)
1284:Inc/STM32F3xx_HAL_Driver/Src/stm32f3xx_hal_rcc_ex.c ****   case RCC_PERIPHCLK_ADC34:
1285:Inc/STM32F3xx_HAL_Driver/Src/stm32f3xx_hal_rcc_ex.c ****     {
ARM GAS  /tmp/ccTvL2QU.s 			page 24


1286:Inc/STM32F3xx_HAL_Driver/Src/stm32f3xx_hal_rcc_ex.c ****       /* Get the current ADC34 source */
1287:Inc/STM32F3xx_HAL_Driver/Src/stm32f3xx_hal_rcc_ex.c ****       srcclk = __HAL_RCC_GET_ADC34_SOURCE();
1288:Inc/STM32F3xx_HAL_Driver/Src/stm32f3xx_hal_rcc_ex.c ****       /* Check if ADC34 clock selection is AHB */
1289:Inc/STM32F3xx_HAL_Driver/Src/stm32f3xx_hal_rcc_ex.c ****       if (srcclk == RCC_ADC34PLLCLK_OFF)
1290:Inc/STM32F3xx_HAL_Driver/Src/stm32f3xx_hal_rcc_ex.c ****       {
1291:Inc/STM32F3xx_HAL_Driver/Src/stm32f3xx_hal_rcc_ex.c ****           frequency = SystemCoreClock;
1292:Inc/STM32F3xx_HAL_Driver/Src/stm32f3xx_hal_rcc_ex.c ****       }
1293:Inc/STM32F3xx_HAL_Driver/Src/stm32f3xx_hal_rcc_ex.c ****       /* PLL clock has been selected */
1294:Inc/STM32F3xx_HAL_Driver/Src/stm32f3xx_hal_rcc_ex.c ****       else
1295:Inc/STM32F3xx_HAL_Driver/Src/stm32f3xx_hal_rcc_ex.c ****       {
1296:Inc/STM32F3xx_HAL_Driver/Src/stm32f3xx_hal_rcc_ex.c ****         /* Check if PLL is ready */
1297:Inc/STM32F3xx_HAL_Driver/Src/stm32f3xx_hal_rcc_ex.c ****         if (HAL_IS_BIT_SET(RCC->CR, RCC_CR_PLLRDY))
1298:Inc/STM32F3xx_HAL_Driver/Src/stm32f3xx_hal_rcc_ex.c ****         {
1299:Inc/STM32F3xx_HAL_Driver/Src/stm32f3xx_hal_rcc_ex.c ****           /* Frequency is the PLL frequency divided by ADC prescaler (1U/2U/4U/6U/8U/10U/12U/16U/32
1300:Inc/STM32F3xx_HAL_Driver/Src/stm32f3xx_hal_rcc_ex.c ****           frequency = RCC_GetPLLCLKFreq() / adc_pll_prediv_table[(srcclk >> RCC_CFGR2_ADCPRE34_Pos)
1301:Inc/STM32F3xx_HAL_Driver/Src/stm32f3xx_hal_rcc_ex.c ****         }
1302:Inc/STM32F3xx_HAL_Driver/Src/stm32f3xx_hal_rcc_ex.c ****       }
1303:Inc/STM32F3xx_HAL_Driver/Src/stm32f3xx_hal_rcc_ex.c ****       break;
1304:Inc/STM32F3xx_HAL_Driver/Src/stm32f3xx_hal_rcc_ex.c ****     }
1305:Inc/STM32F3xx_HAL_Driver/Src/stm32f3xx_hal_rcc_ex.c **** #endif /* RCC_CFGR2_ADCPRE34 */
1306:Inc/STM32F3xx_HAL_Driver/Src/stm32f3xx_hal_rcc_ex.c **** #if defined(RCC_CFGR3_TIM1SW)
1307:Inc/STM32F3xx_HAL_Driver/Src/stm32f3xx_hal_rcc_ex.c ****   case RCC_PERIPHCLK_TIM1:
1308:Inc/STM32F3xx_HAL_Driver/Src/stm32f3xx_hal_rcc_ex.c ****     {
1309:Inc/STM32F3xx_HAL_Driver/Src/stm32f3xx_hal_rcc_ex.c ****       /* Get the current TIM1 source */
1310:Inc/STM32F3xx_HAL_Driver/Src/stm32f3xx_hal_rcc_ex.c ****       srcclk = __HAL_RCC_GET_TIM1_SOURCE();
1311:Inc/STM32F3xx_HAL_Driver/Src/stm32f3xx_hal_rcc_ex.c **** 
1312:Inc/STM32F3xx_HAL_Driver/Src/stm32f3xx_hal_rcc_ex.c ****       /* Check if PLL is ready and if TIM1 clock selection is PLL */
1313:Inc/STM32F3xx_HAL_Driver/Src/stm32f3xx_hal_rcc_ex.c ****       if ((srcclk == RCC_TIM1CLK_PLLCLK) && (HAL_IS_BIT_SET(RCC->CR, RCC_CR_PLLRDY)))
1314:Inc/STM32F3xx_HAL_Driver/Src/stm32f3xx_hal_rcc_ex.c ****       {
1315:Inc/STM32F3xx_HAL_Driver/Src/stm32f3xx_hal_rcc_ex.c ****         frequency = RCC_GetPLLCLKFreq();
1316:Inc/STM32F3xx_HAL_Driver/Src/stm32f3xx_hal_rcc_ex.c ****       }
1317:Inc/STM32F3xx_HAL_Driver/Src/stm32f3xx_hal_rcc_ex.c ****       /* Check if TIM1 clock selection is SYSCLK */
1318:Inc/STM32F3xx_HAL_Driver/Src/stm32f3xx_hal_rcc_ex.c ****       else if (srcclk == RCC_TIM1CLK_HCLK)
1319:Inc/STM32F3xx_HAL_Driver/Src/stm32f3xx_hal_rcc_ex.c ****       {
1320:Inc/STM32F3xx_HAL_Driver/Src/stm32f3xx_hal_rcc_ex.c ****         frequency = SystemCoreClock;
1321:Inc/STM32F3xx_HAL_Driver/Src/stm32f3xx_hal_rcc_ex.c ****       }
1322:Inc/STM32F3xx_HAL_Driver/Src/stm32f3xx_hal_rcc_ex.c ****       break;
1323:Inc/STM32F3xx_HAL_Driver/Src/stm32f3xx_hal_rcc_ex.c ****     }
1324:Inc/STM32F3xx_HAL_Driver/Src/stm32f3xx_hal_rcc_ex.c **** #endif /* RCC_CFGR3_TIM1SW */
1325:Inc/STM32F3xx_HAL_Driver/Src/stm32f3xx_hal_rcc_ex.c **** #if defined(RCC_CFGR3_TIM2SW)
1326:Inc/STM32F3xx_HAL_Driver/Src/stm32f3xx_hal_rcc_ex.c ****   case RCC_PERIPHCLK_TIM2:
1327:Inc/STM32F3xx_HAL_Driver/Src/stm32f3xx_hal_rcc_ex.c ****     {
1328:Inc/STM32F3xx_HAL_Driver/Src/stm32f3xx_hal_rcc_ex.c ****       /* Get the current TIM2 source */
1329:Inc/STM32F3xx_HAL_Driver/Src/stm32f3xx_hal_rcc_ex.c ****       srcclk = __HAL_RCC_GET_TIM2_SOURCE();
1330:Inc/STM32F3xx_HAL_Driver/Src/stm32f3xx_hal_rcc_ex.c **** 
1331:Inc/STM32F3xx_HAL_Driver/Src/stm32f3xx_hal_rcc_ex.c ****       /* Check if PLL is ready and if TIM2 clock selection is PLL */
1332:Inc/STM32F3xx_HAL_Driver/Src/stm32f3xx_hal_rcc_ex.c ****       if ((srcclk == RCC_TIM2CLK_PLLCLK) && (HAL_IS_BIT_SET(RCC->CR, RCC_CR_PLLRDY)))
1333:Inc/STM32F3xx_HAL_Driver/Src/stm32f3xx_hal_rcc_ex.c ****       {
1334:Inc/STM32F3xx_HAL_Driver/Src/stm32f3xx_hal_rcc_ex.c ****         frequency = RCC_GetPLLCLKFreq();
1335:Inc/STM32F3xx_HAL_Driver/Src/stm32f3xx_hal_rcc_ex.c ****       }
1336:Inc/STM32F3xx_HAL_Driver/Src/stm32f3xx_hal_rcc_ex.c ****       /* Check if TIM2 clock selection is SYSCLK */
1337:Inc/STM32F3xx_HAL_Driver/Src/stm32f3xx_hal_rcc_ex.c ****       else if (srcclk == RCC_TIM2CLK_HCLK)
1338:Inc/STM32F3xx_HAL_Driver/Src/stm32f3xx_hal_rcc_ex.c ****       {
1339:Inc/STM32F3xx_HAL_Driver/Src/stm32f3xx_hal_rcc_ex.c ****         frequency = SystemCoreClock;
1340:Inc/STM32F3xx_HAL_Driver/Src/stm32f3xx_hal_rcc_ex.c ****       }
1341:Inc/STM32F3xx_HAL_Driver/Src/stm32f3xx_hal_rcc_ex.c ****       break;
1342:Inc/STM32F3xx_HAL_Driver/Src/stm32f3xx_hal_rcc_ex.c ****     }
ARM GAS  /tmp/ccTvL2QU.s 			page 25


1343:Inc/STM32F3xx_HAL_Driver/Src/stm32f3xx_hal_rcc_ex.c **** #endif /* RCC_CFGR3_TIM2SW */
1344:Inc/STM32F3xx_HAL_Driver/Src/stm32f3xx_hal_rcc_ex.c **** #if defined(RCC_CFGR3_TIM8SW)
1345:Inc/STM32F3xx_HAL_Driver/Src/stm32f3xx_hal_rcc_ex.c ****   case RCC_PERIPHCLK_TIM8:
1346:Inc/STM32F3xx_HAL_Driver/Src/stm32f3xx_hal_rcc_ex.c ****     {
1347:Inc/STM32F3xx_HAL_Driver/Src/stm32f3xx_hal_rcc_ex.c ****       /* Get the current TIM8 source */
1348:Inc/STM32F3xx_HAL_Driver/Src/stm32f3xx_hal_rcc_ex.c ****       srcclk = __HAL_RCC_GET_TIM8_SOURCE();
1349:Inc/STM32F3xx_HAL_Driver/Src/stm32f3xx_hal_rcc_ex.c **** 
1350:Inc/STM32F3xx_HAL_Driver/Src/stm32f3xx_hal_rcc_ex.c ****       /* Check if PLL is ready and if TIM8 clock selection is PLL */
1351:Inc/STM32F3xx_HAL_Driver/Src/stm32f3xx_hal_rcc_ex.c ****       if ((srcclk == RCC_TIM8CLK_PLLCLK) && (HAL_IS_BIT_SET(RCC->CR, RCC_CR_PLLRDY)))
1352:Inc/STM32F3xx_HAL_Driver/Src/stm32f3xx_hal_rcc_ex.c ****       {
1353:Inc/STM32F3xx_HAL_Driver/Src/stm32f3xx_hal_rcc_ex.c ****         frequency = RCC_GetPLLCLKFreq();
1354:Inc/STM32F3xx_HAL_Driver/Src/stm32f3xx_hal_rcc_ex.c ****       }
1355:Inc/STM32F3xx_HAL_Driver/Src/stm32f3xx_hal_rcc_ex.c ****       /* Check if TIM8 clock selection is SYSCLK */
1356:Inc/STM32F3xx_HAL_Driver/Src/stm32f3xx_hal_rcc_ex.c ****       else if (srcclk == RCC_TIM8CLK_HCLK)
1357:Inc/STM32F3xx_HAL_Driver/Src/stm32f3xx_hal_rcc_ex.c ****       {
1358:Inc/STM32F3xx_HAL_Driver/Src/stm32f3xx_hal_rcc_ex.c ****         frequency = SystemCoreClock;
1359:Inc/STM32F3xx_HAL_Driver/Src/stm32f3xx_hal_rcc_ex.c ****       }
1360:Inc/STM32F3xx_HAL_Driver/Src/stm32f3xx_hal_rcc_ex.c ****       break;
1361:Inc/STM32F3xx_HAL_Driver/Src/stm32f3xx_hal_rcc_ex.c ****     }
1362:Inc/STM32F3xx_HAL_Driver/Src/stm32f3xx_hal_rcc_ex.c **** #endif /* RCC_CFGR3_TIM8SW */
1363:Inc/STM32F3xx_HAL_Driver/Src/stm32f3xx_hal_rcc_ex.c **** #if defined(RCC_CFGR3_TIM15SW)
1364:Inc/STM32F3xx_HAL_Driver/Src/stm32f3xx_hal_rcc_ex.c ****   case RCC_PERIPHCLK_TIM15:
1365:Inc/STM32F3xx_HAL_Driver/Src/stm32f3xx_hal_rcc_ex.c ****     {
1366:Inc/STM32F3xx_HAL_Driver/Src/stm32f3xx_hal_rcc_ex.c ****       /* Get the current TIM15 source */
1367:Inc/STM32F3xx_HAL_Driver/Src/stm32f3xx_hal_rcc_ex.c ****       srcclk = __HAL_RCC_GET_TIM15_SOURCE();
1368:Inc/STM32F3xx_HAL_Driver/Src/stm32f3xx_hal_rcc_ex.c **** 
1369:Inc/STM32F3xx_HAL_Driver/Src/stm32f3xx_hal_rcc_ex.c ****       /* Check if PLL is ready and if TIM15 clock selection is PLL */
1370:Inc/STM32F3xx_HAL_Driver/Src/stm32f3xx_hal_rcc_ex.c ****       if ((srcclk == RCC_TIM15CLK_PLLCLK) && (HAL_IS_BIT_SET(RCC->CR, RCC_CR_PLLRDY)))
1371:Inc/STM32F3xx_HAL_Driver/Src/stm32f3xx_hal_rcc_ex.c ****       {
1372:Inc/STM32F3xx_HAL_Driver/Src/stm32f3xx_hal_rcc_ex.c ****         frequency = RCC_GetPLLCLKFreq();
1373:Inc/STM32F3xx_HAL_Driver/Src/stm32f3xx_hal_rcc_ex.c ****       }
1374:Inc/STM32F3xx_HAL_Driver/Src/stm32f3xx_hal_rcc_ex.c ****       /* Check if TIM15 clock selection is SYSCLK */
1375:Inc/STM32F3xx_HAL_Driver/Src/stm32f3xx_hal_rcc_ex.c ****       else if (srcclk == RCC_TIM15CLK_HCLK)
1376:Inc/STM32F3xx_HAL_Driver/Src/stm32f3xx_hal_rcc_ex.c ****       {
1377:Inc/STM32F3xx_HAL_Driver/Src/stm32f3xx_hal_rcc_ex.c ****         frequency = SystemCoreClock;
1378:Inc/STM32F3xx_HAL_Driver/Src/stm32f3xx_hal_rcc_ex.c ****       }
1379:Inc/STM32F3xx_HAL_Driver/Src/stm32f3xx_hal_rcc_ex.c ****       break;
1380:Inc/STM32F3xx_HAL_Driver/Src/stm32f3xx_hal_rcc_ex.c ****     }
1381:Inc/STM32F3xx_HAL_Driver/Src/stm32f3xx_hal_rcc_ex.c **** #endif /* RCC_CFGR3_TIM15SW */
1382:Inc/STM32F3xx_HAL_Driver/Src/stm32f3xx_hal_rcc_ex.c **** #if defined(RCC_CFGR3_TIM16SW)
1383:Inc/STM32F3xx_HAL_Driver/Src/stm32f3xx_hal_rcc_ex.c ****   case RCC_PERIPHCLK_TIM16:
1384:Inc/STM32F3xx_HAL_Driver/Src/stm32f3xx_hal_rcc_ex.c ****     {
1385:Inc/STM32F3xx_HAL_Driver/Src/stm32f3xx_hal_rcc_ex.c ****       /* Get the current TIM16 source */
1386:Inc/STM32F3xx_HAL_Driver/Src/stm32f3xx_hal_rcc_ex.c ****       srcclk = __HAL_RCC_GET_TIM16_SOURCE();
1387:Inc/STM32F3xx_HAL_Driver/Src/stm32f3xx_hal_rcc_ex.c **** 
1388:Inc/STM32F3xx_HAL_Driver/Src/stm32f3xx_hal_rcc_ex.c ****       /* Check if PLL is ready and if TIM16 clock selection is PLL */
1389:Inc/STM32F3xx_HAL_Driver/Src/stm32f3xx_hal_rcc_ex.c ****       if ((srcclk == RCC_TIM16CLK_PLLCLK) && (HAL_IS_BIT_SET(RCC->CR, RCC_CR_PLLRDY)))
1390:Inc/STM32F3xx_HAL_Driver/Src/stm32f3xx_hal_rcc_ex.c ****       {
1391:Inc/STM32F3xx_HAL_Driver/Src/stm32f3xx_hal_rcc_ex.c ****         frequency = RCC_GetPLLCLKFreq();
1392:Inc/STM32F3xx_HAL_Driver/Src/stm32f3xx_hal_rcc_ex.c ****       }
1393:Inc/STM32F3xx_HAL_Driver/Src/stm32f3xx_hal_rcc_ex.c ****       /* Check if TIM16 clock selection is SYSCLK */
1394:Inc/STM32F3xx_HAL_Driver/Src/stm32f3xx_hal_rcc_ex.c ****       else if (srcclk == RCC_TIM16CLK_HCLK)
1395:Inc/STM32F3xx_HAL_Driver/Src/stm32f3xx_hal_rcc_ex.c ****       {
1396:Inc/STM32F3xx_HAL_Driver/Src/stm32f3xx_hal_rcc_ex.c ****         frequency = SystemCoreClock;
1397:Inc/STM32F3xx_HAL_Driver/Src/stm32f3xx_hal_rcc_ex.c ****       }
1398:Inc/STM32F3xx_HAL_Driver/Src/stm32f3xx_hal_rcc_ex.c ****       break;
1399:Inc/STM32F3xx_HAL_Driver/Src/stm32f3xx_hal_rcc_ex.c ****     }
ARM GAS  /tmp/ccTvL2QU.s 			page 26


1400:Inc/STM32F3xx_HAL_Driver/Src/stm32f3xx_hal_rcc_ex.c **** #endif /* RCC_CFGR3_TIM16SW */
1401:Inc/STM32F3xx_HAL_Driver/Src/stm32f3xx_hal_rcc_ex.c **** #if defined(RCC_CFGR3_TIM17SW)
1402:Inc/STM32F3xx_HAL_Driver/Src/stm32f3xx_hal_rcc_ex.c ****   case RCC_PERIPHCLK_TIM17:
1403:Inc/STM32F3xx_HAL_Driver/Src/stm32f3xx_hal_rcc_ex.c ****     {
1404:Inc/STM32F3xx_HAL_Driver/Src/stm32f3xx_hal_rcc_ex.c ****       /* Get the current TIM17 source */
1405:Inc/STM32F3xx_HAL_Driver/Src/stm32f3xx_hal_rcc_ex.c ****       srcclk = __HAL_RCC_GET_TIM17_SOURCE();
1406:Inc/STM32F3xx_HAL_Driver/Src/stm32f3xx_hal_rcc_ex.c **** 
1407:Inc/STM32F3xx_HAL_Driver/Src/stm32f3xx_hal_rcc_ex.c ****       /* Check if PLL is ready and if TIM17 clock selection is PLL */
1408:Inc/STM32F3xx_HAL_Driver/Src/stm32f3xx_hal_rcc_ex.c ****       if ((srcclk == RCC_TIM17CLK_PLLCLK) && (HAL_IS_BIT_SET(RCC->CR, RCC_CR_PLLRDY)))
1409:Inc/STM32F3xx_HAL_Driver/Src/stm32f3xx_hal_rcc_ex.c ****       {
1410:Inc/STM32F3xx_HAL_Driver/Src/stm32f3xx_hal_rcc_ex.c ****         frequency = RCC_GetPLLCLKFreq();
1411:Inc/STM32F3xx_HAL_Driver/Src/stm32f3xx_hal_rcc_ex.c ****       }
1412:Inc/STM32F3xx_HAL_Driver/Src/stm32f3xx_hal_rcc_ex.c ****       /* Check if TIM17 clock selection is SYSCLK */
1413:Inc/STM32F3xx_HAL_Driver/Src/stm32f3xx_hal_rcc_ex.c ****       else if (srcclk == RCC_TIM17CLK_HCLK)
1414:Inc/STM32F3xx_HAL_Driver/Src/stm32f3xx_hal_rcc_ex.c ****       {
1415:Inc/STM32F3xx_HAL_Driver/Src/stm32f3xx_hal_rcc_ex.c ****         frequency = SystemCoreClock;
1416:Inc/STM32F3xx_HAL_Driver/Src/stm32f3xx_hal_rcc_ex.c ****       }
1417:Inc/STM32F3xx_HAL_Driver/Src/stm32f3xx_hal_rcc_ex.c ****       break;
1418:Inc/STM32F3xx_HAL_Driver/Src/stm32f3xx_hal_rcc_ex.c ****     }
1419:Inc/STM32F3xx_HAL_Driver/Src/stm32f3xx_hal_rcc_ex.c **** #endif /* RCC_CFGR3_TIM17SW */
1420:Inc/STM32F3xx_HAL_Driver/Src/stm32f3xx_hal_rcc_ex.c **** #if defined(RCC_CFGR3_TIM20SW)
1421:Inc/STM32F3xx_HAL_Driver/Src/stm32f3xx_hal_rcc_ex.c ****   case RCC_PERIPHCLK_TIM20:
1422:Inc/STM32F3xx_HAL_Driver/Src/stm32f3xx_hal_rcc_ex.c ****     {
1423:Inc/STM32F3xx_HAL_Driver/Src/stm32f3xx_hal_rcc_ex.c ****       /* Get the current TIM20 source */
1424:Inc/STM32F3xx_HAL_Driver/Src/stm32f3xx_hal_rcc_ex.c ****       srcclk = __HAL_RCC_GET_TIM20_SOURCE();
1425:Inc/STM32F3xx_HAL_Driver/Src/stm32f3xx_hal_rcc_ex.c **** 
1426:Inc/STM32F3xx_HAL_Driver/Src/stm32f3xx_hal_rcc_ex.c ****       /* Check if PLL is ready and if TIM20 clock selection is PLL */
1427:Inc/STM32F3xx_HAL_Driver/Src/stm32f3xx_hal_rcc_ex.c ****       if ((srcclk == RCC_TIM20CLK_PLLCLK) && (HAL_IS_BIT_SET(RCC->CR, RCC_CR_PLLRDY)))
1428:Inc/STM32F3xx_HAL_Driver/Src/stm32f3xx_hal_rcc_ex.c ****       {
1429:Inc/STM32F3xx_HAL_Driver/Src/stm32f3xx_hal_rcc_ex.c ****         frequency = RCC_GetPLLCLKFreq();
1430:Inc/STM32F3xx_HAL_Driver/Src/stm32f3xx_hal_rcc_ex.c ****       }
1431:Inc/STM32F3xx_HAL_Driver/Src/stm32f3xx_hal_rcc_ex.c ****       /* Check if TIM20 clock selection is SYSCLK */
1432:Inc/STM32F3xx_HAL_Driver/Src/stm32f3xx_hal_rcc_ex.c ****       else if (srcclk == RCC_TIM20CLK_HCLK)
1433:Inc/STM32F3xx_HAL_Driver/Src/stm32f3xx_hal_rcc_ex.c ****       {
1434:Inc/STM32F3xx_HAL_Driver/Src/stm32f3xx_hal_rcc_ex.c ****         frequency = SystemCoreClock;
1435:Inc/STM32F3xx_HAL_Driver/Src/stm32f3xx_hal_rcc_ex.c ****       }
1436:Inc/STM32F3xx_HAL_Driver/Src/stm32f3xx_hal_rcc_ex.c ****       break;
1437:Inc/STM32F3xx_HAL_Driver/Src/stm32f3xx_hal_rcc_ex.c ****     }
1438:Inc/STM32F3xx_HAL_Driver/Src/stm32f3xx_hal_rcc_ex.c **** #endif /* RCC_CFGR3_TIM20SW */
1439:Inc/STM32F3xx_HAL_Driver/Src/stm32f3xx_hal_rcc_ex.c **** #if defined(RCC_CFGR3_TIM34SW)
1440:Inc/STM32F3xx_HAL_Driver/Src/stm32f3xx_hal_rcc_ex.c ****   case RCC_PERIPHCLK_TIM34:
1441:Inc/STM32F3xx_HAL_Driver/Src/stm32f3xx_hal_rcc_ex.c ****     {
1442:Inc/STM32F3xx_HAL_Driver/Src/stm32f3xx_hal_rcc_ex.c ****       /* Get the current TIM34 source */
1443:Inc/STM32F3xx_HAL_Driver/Src/stm32f3xx_hal_rcc_ex.c ****       srcclk = __HAL_RCC_GET_TIM34_SOURCE();
1444:Inc/STM32F3xx_HAL_Driver/Src/stm32f3xx_hal_rcc_ex.c **** 
1445:Inc/STM32F3xx_HAL_Driver/Src/stm32f3xx_hal_rcc_ex.c ****       /* Check if PLL is ready and if TIM34 clock selection is PLL */
1446:Inc/STM32F3xx_HAL_Driver/Src/stm32f3xx_hal_rcc_ex.c ****       if ((srcclk == RCC_TIM34CLK_PLLCLK) && (HAL_IS_BIT_SET(RCC->CR, RCC_CR_PLLRDY)))
1447:Inc/STM32F3xx_HAL_Driver/Src/stm32f3xx_hal_rcc_ex.c ****       {
1448:Inc/STM32F3xx_HAL_Driver/Src/stm32f3xx_hal_rcc_ex.c ****         frequency = RCC_GetPLLCLKFreq();
1449:Inc/STM32F3xx_HAL_Driver/Src/stm32f3xx_hal_rcc_ex.c ****       }
1450:Inc/STM32F3xx_HAL_Driver/Src/stm32f3xx_hal_rcc_ex.c ****       /* Check if TIM34 clock selection is SYSCLK */
1451:Inc/STM32F3xx_HAL_Driver/Src/stm32f3xx_hal_rcc_ex.c ****       else if (srcclk == RCC_TIM34CLK_HCLK)
1452:Inc/STM32F3xx_HAL_Driver/Src/stm32f3xx_hal_rcc_ex.c ****       {
1453:Inc/STM32F3xx_HAL_Driver/Src/stm32f3xx_hal_rcc_ex.c ****         frequency = SystemCoreClock;
1454:Inc/STM32F3xx_HAL_Driver/Src/stm32f3xx_hal_rcc_ex.c ****       }
1455:Inc/STM32F3xx_HAL_Driver/Src/stm32f3xx_hal_rcc_ex.c ****       break;
1456:Inc/STM32F3xx_HAL_Driver/Src/stm32f3xx_hal_rcc_ex.c ****     }
ARM GAS  /tmp/ccTvL2QU.s 			page 27


1457:Inc/STM32F3xx_HAL_Driver/Src/stm32f3xx_hal_rcc_ex.c **** #endif /* RCC_CFGR3_TIM34SW */
1458:Inc/STM32F3xx_HAL_Driver/Src/stm32f3xx_hal_rcc_ex.c **** #if defined(RCC_CFGR3_HRTIM1SW)
1459:Inc/STM32F3xx_HAL_Driver/Src/stm32f3xx_hal_rcc_ex.c ****   case RCC_PERIPHCLK_HRTIM1:
1460:Inc/STM32F3xx_HAL_Driver/Src/stm32f3xx_hal_rcc_ex.c ****     {
1461:Inc/STM32F3xx_HAL_Driver/Src/stm32f3xx_hal_rcc_ex.c ****       /* Get the current HRTIM1 source */
1462:Inc/STM32F3xx_HAL_Driver/Src/stm32f3xx_hal_rcc_ex.c ****       srcclk = __HAL_RCC_GET_HRTIM1_SOURCE();
1463:Inc/STM32F3xx_HAL_Driver/Src/stm32f3xx_hal_rcc_ex.c **** 
1464:Inc/STM32F3xx_HAL_Driver/Src/stm32f3xx_hal_rcc_ex.c ****       /* Check if PLL is ready and if HRTIM1 clock selection is PLL */
1465:Inc/STM32F3xx_HAL_Driver/Src/stm32f3xx_hal_rcc_ex.c ****       if ((srcclk == RCC_HRTIM1CLK_PLLCLK) && (HAL_IS_BIT_SET(RCC->CR, RCC_CR_PLLRDY)))
1466:Inc/STM32F3xx_HAL_Driver/Src/stm32f3xx_hal_rcc_ex.c ****       {
1467:Inc/STM32F3xx_HAL_Driver/Src/stm32f3xx_hal_rcc_ex.c ****         frequency = RCC_GetPLLCLKFreq();
1468:Inc/STM32F3xx_HAL_Driver/Src/stm32f3xx_hal_rcc_ex.c ****       }
1469:Inc/STM32F3xx_HAL_Driver/Src/stm32f3xx_hal_rcc_ex.c ****       /* Check if HRTIM1 clock selection is SYSCLK */
1470:Inc/STM32F3xx_HAL_Driver/Src/stm32f3xx_hal_rcc_ex.c ****       else if (srcclk == RCC_HRTIM1CLK_HCLK)
1471:Inc/STM32F3xx_HAL_Driver/Src/stm32f3xx_hal_rcc_ex.c ****       {
1472:Inc/STM32F3xx_HAL_Driver/Src/stm32f3xx_hal_rcc_ex.c ****         frequency = SystemCoreClock;
1473:Inc/STM32F3xx_HAL_Driver/Src/stm32f3xx_hal_rcc_ex.c ****       }
1474:Inc/STM32F3xx_HAL_Driver/Src/stm32f3xx_hal_rcc_ex.c ****      break;
1475:Inc/STM32F3xx_HAL_Driver/Src/stm32f3xx_hal_rcc_ex.c ****     }
1476:Inc/STM32F3xx_HAL_Driver/Src/stm32f3xx_hal_rcc_ex.c **** #endif /* RCC_CFGR3_HRTIM1SW */
1477:Inc/STM32F3xx_HAL_Driver/Src/stm32f3xx_hal_rcc_ex.c **** #if defined(RCC_CFGR_SDPRE)
1478:Inc/STM32F3xx_HAL_Driver/Src/stm32f3xx_hal_rcc_ex.c ****   case RCC_PERIPHCLK_SDADC:
1479:Inc/STM32F3xx_HAL_Driver/Src/stm32f3xx_hal_rcc_ex.c ****     {
1480:Inc/STM32F3xx_HAL_Driver/Src/stm32f3xx_hal_rcc_ex.c ****       /* Get the current SDADC source */
1481:Inc/STM32F3xx_HAL_Driver/Src/stm32f3xx_hal_rcc_ex.c ****       srcclk = __HAL_RCC_GET_SDADC_SOURCE();
1482:Inc/STM32F3xx_HAL_Driver/Src/stm32f3xx_hal_rcc_ex.c ****       /* Frequency is the system frequency divided by SDADC prescaler (2U/4U/6U/8U/10U/12U/14U/16U/
1483:Inc/STM32F3xx_HAL_Driver/Src/stm32f3xx_hal_rcc_ex.c ****       frequency = SystemCoreClock / sdadc_prescaler_table[(srcclk >> RCC_CFGR_SDPRE_Pos) & 0xF];
1484:Inc/STM32F3xx_HAL_Driver/Src/stm32f3xx_hal_rcc_ex.c ****       break;
1485:Inc/STM32F3xx_HAL_Driver/Src/stm32f3xx_hal_rcc_ex.c ****     }
1486:Inc/STM32F3xx_HAL_Driver/Src/stm32f3xx_hal_rcc_ex.c **** #endif /* RCC_CFGR_SDPRE */
1487:Inc/STM32F3xx_HAL_Driver/Src/stm32f3xx_hal_rcc_ex.c **** #if defined(RCC_CFGR3_CECSW)
1488:Inc/STM32F3xx_HAL_Driver/Src/stm32f3xx_hal_rcc_ex.c ****   case RCC_PERIPHCLK_CEC:
1489:Inc/STM32F3xx_HAL_Driver/Src/stm32f3xx_hal_rcc_ex.c ****     {
1490:Inc/STM32F3xx_HAL_Driver/Src/stm32f3xx_hal_rcc_ex.c ****       /* Get the current CEC source */
1491:Inc/STM32F3xx_HAL_Driver/Src/stm32f3xx_hal_rcc_ex.c ****       srcclk = __HAL_RCC_GET_CEC_SOURCE();
1492:Inc/STM32F3xx_HAL_Driver/Src/stm32f3xx_hal_rcc_ex.c **** 
1493:Inc/STM32F3xx_HAL_Driver/Src/stm32f3xx_hal_rcc_ex.c ****       /* Check if HSI is ready and if CEC clock selection is HSI */
1494:Inc/STM32F3xx_HAL_Driver/Src/stm32f3xx_hal_rcc_ex.c ****       if ((srcclk == RCC_CECCLKSOURCE_HSI) && (HAL_IS_BIT_SET(RCC->CR, RCC_CR_HSIRDY)))
1495:Inc/STM32F3xx_HAL_Driver/Src/stm32f3xx_hal_rcc_ex.c ****       {
1496:Inc/STM32F3xx_HAL_Driver/Src/stm32f3xx_hal_rcc_ex.c ****         frequency = HSI_VALUE;
1497:Inc/STM32F3xx_HAL_Driver/Src/stm32f3xx_hal_rcc_ex.c ****       }
1498:Inc/STM32F3xx_HAL_Driver/Src/stm32f3xx_hal_rcc_ex.c ****       /* Check if LSE is ready  and if CEC clock selection is LSE */
1499:Inc/STM32F3xx_HAL_Driver/Src/stm32f3xx_hal_rcc_ex.c ****       else if ((srcclk == RCC_CECCLKSOURCE_LSE) && (HAL_IS_BIT_SET(RCC->BDCR, RCC_BDCR_LSERDY)))
1500:Inc/STM32F3xx_HAL_Driver/Src/stm32f3xx_hal_rcc_ex.c ****       {
1501:Inc/STM32F3xx_HAL_Driver/Src/stm32f3xx_hal_rcc_ex.c ****         frequency = LSE_VALUE;
1502:Inc/STM32F3xx_HAL_Driver/Src/stm32f3xx_hal_rcc_ex.c ****       }
1503:Inc/STM32F3xx_HAL_Driver/Src/stm32f3xx_hal_rcc_ex.c ****       break;
1504:Inc/STM32F3xx_HAL_Driver/Src/stm32f3xx_hal_rcc_ex.c ****     }
1505:Inc/STM32F3xx_HAL_Driver/Src/stm32f3xx_hal_rcc_ex.c **** #endif /* RCC_CFGR3_CECSW */
1506:Inc/STM32F3xx_HAL_Driver/Src/stm32f3xx_hal_rcc_ex.c ****   default: 
1507:Inc/STM32F3xx_HAL_Driver/Src/stm32f3xx_hal_rcc_ex.c ****     {
1508:Inc/STM32F3xx_HAL_Driver/Src/stm32f3xx_hal_rcc_ex.c ****       break;
1509:Inc/STM32F3xx_HAL_Driver/Src/stm32f3xx_hal_rcc_ex.c ****     }
1510:Inc/STM32F3xx_HAL_Driver/Src/stm32f3xx_hal_rcc_ex.c ****   }
1511:Inc/STM32F3xx_HAL_Driver/Src/stm32f3xx_hal_rcc_ex.c ****   return(frequency);
1512:Inc/STM32F3xx_HAL_Driver/Src/stm32f3xx_hal_rcc_ex.c **** }
1513:Inc/STM32F3xx_HAL_Driver/Src/stm32f3xx_hal_rcc_ex.c **** 
ARM GAS  /tmp/ccTvL2QU.s 			page 28


1514:Inc/STM32F3xx_HAL_Driver/Src/stm32f3xx_hal_rcc_ex.c **** /**
1515:Inc/STM32F3xx_HAL_Driver/Src/stm32f3xx_hal_rcc_ex.c ****   * @}
1516:Inc/STM32F3xx_HAL_Driver/Src/stm32f3xx_hal_rcc_ex.c ****   */
1517:Inc/STM32F3xx_HAL_Driver/Src/stm32f3xx_hal_rcc_ex.c **** 
1518:Inc/STM32F3xx_HAL_Driver/Src/stm32f3xx_hal_rcc_ex.c **** /**
1519:Inc/STM32F3xx_HAL_Driver/Src/stm32f3xx_hal_rcc_ex.c ****   * @}
1520:Inc/STM32F3xx_HAL_Driver/Src/stm32f3xx_hal_rcc_ex.c ****   */
1521:Inc/STM32F3xx_HAL_Driver/Src/stm32f3xx_hal_rcc_ex.c **** 
1522:Inc/STM32F3xx_HAL_Driver/Src/stm32f3xx_hal_rcc_ex.c **** 
1523:Inc/STM32F3xx_HAL_Driver/Src/stm32f3xx_hal_rcc_ex.c **** #if defined(RCC_CFGR2_ADC1PRES) || defined(RCC_CFGR2_ADCPRE12) || defined(RCC_CFGR2_ADCPRE34) || de
1524:Inc/STM32F3xx_HAL_Driver/Src/stm32f3xx_hal_rcc_ex.c ****  || defined(RCC_CFGR3_TIM1SW) || defined(RCC_CFGR3_TIM2SW) || defined(RCC_CFGR3_TIM8SW) || defined(
1525:Inc/STM32F3xx_HAL_Driver/Src/stm32f3xx_hal_rcc_ex.c ****  || defined(RCC_CFGR3_TIM16SW) || defined(RCC_CFGR3_TIM17SW) || defined(RCC_CFGR3_TIM20SW) || defin
1526:Inc/STM32F3xx_HAL_Driver/Src/stm32f3xx_hal_rcc_ex.c ****  || defined(RCC_CFGR3_HRTIM1SW)
1527:Inc/STM32F3xx_HAL_Driver/Src/stm32f3xx_hal_rcc_ex.c **** 
1528:Inc/STM32F3xx_HAL_Driver/Src/stm32f3xx_hal_rcc_ex.c **** /** @addtogroup RCCEx_Private_Functions
1529:Inc/STM32F3xx_HAL_Driver/Src/stm32f3xx_hal_rcc_ex.c ****   * @{
1530:Inc/STM32F3xx_HAL_Driver/Src/stm32f3xx_hal_rcc_ex.c ****   */
1531:Inc/STM32F3xx_HAL_Driver/Src/stm32f3xx_hal_rcc_ex.c **** static uint32_t RCC_GetPLLCLKFreq(void)
1532:Inc/STM32F3xx_HAL_Driver/Src/stm32f3xx_hal_rcc_ex.c **** {
  28              		.loc 1 1532 1 view -0
  29              		.cfi_startproc
  30              		@ args = 0, pretend = 0, frame = 0
  31              		@ frame_needed = 0, uses_anonymous_args = 0
  32              		@ link register save eliminated.
1533:Inc/STM32F3xx_HAL_Driver/Src/stm32f3xx_hal_rcc_ex.c ****   uint32_t pllmul = 0U, pllsource = 0U, prediv = 0U, pllclk = 0U;
  33              		.loc 1 1533 3 view .LVU1
  34              	.LVL0:
1534:Inc/STM32F3xx_HAL_Driver/Src/stm32f3xx_hal_rcc_ex.c **** 
1535:Inc/STM32F3xx_HAL_Driver/Src/stm32f3xx_hal_rcc_ex.c ****   pllmul = RCC->CFGR & RCC_CFGR_PLLMUL;
  35              		.loc 1 1535 3 view .LVU2
  36              		.loc 1 1535 15 is_stmt 0 view .LVU3
  37 0000 0D4B     		ldr	r3, .L5
  38 0002 5868     		ldr	r0, [r3, #4]
  39              	.LVL1:
1536:Inc/STM32F3xx_HAL_Driver/Src/stm32f3xx_hal_rcc_ex.c ****   pllmul = ( pllmul >> 18U) + 2U;
  40              		.loc 1 1536 3 is_stmt 1 view .LVU4
  41              		.loc 1 1536 21 is_stmt 0 view .LVU5
  42 0004 C0F38340 		ubfx	r0, r0, #18, #4
  43              	.LVL2:
  44              		.loc 1 1536 10 view .LVU6
  45 0008 0230     		adds	r0, r0, #2
  46              	.LVL3:
1537:Inc/STM32F3xx_HAL_Driver/Src/stm32f3xx_hal_rcc_ex.c ****   pllsource = RCC->CFGR & RCC_CFGR_PLLSRC;
  47              		.loc 1 1537 3 is_stmt 1 view .LVU7
  48              		.loc 1 1537 18 is_stmt 0 view .LVU8
  49 000a 5A68     		ldr	r2, [r3, #4]
  50              		.loc 1 1537 13 view .LVU9
  51 000c 02F4C032 		and	r2, r2, #98304
  52              	.LVL4:
1538:Inc/STM32F3xx_HAL_Driver/Src/stm32f3xx_hal_rcc_ex.c **** #if defined(RCC_CFGR_PLLSRC_HSI_DIV2)
1539:Inc/STM32F3xx_HAL_Driver/Src/stm32f3xx_hal_rcc_ex.c ****   if (pllsource != RCC_PLLSOURCE_HSI)
1540:Inc/STM32F3xx_HAL_Driver/Src/stm32f3xx_hal_rcc_ex.c ****   {
1541:Inc/STM32F3xx_HAL_Driver/Src/stm32f3xx_hal_rcc_ex.c ****     prediv = (RCC->CFGR2 & RCC_CFGR2_PREDIV) + 1U;
1542:Inc/STM32F3xx_HAL_Driver/Src/stm32f3xx_hal_rcc_ex.c ****     /* HSE used as PLL clock source : PLLCLK = HSE/PREDIV * PLLMUL */
1543:Inc/STM32F3xx_HAL_Driver/Src/stm32f3xx_hal_rcc_ex.c ****     pllclk = (HSE_VALUE/prediv) * pllmul;
1544:Inc/STM32F3xx_HAL_Driver/Src/stm32f3xx_hal_rcc_ex.c ****   }
1545:Inc/STM32F3xx_HAL_Driver/Src/stm32f3xx_hal_rcc_ex.c ****   else
ARM GAS  /tmp/ccTvL2QU.s 			page 29


1546:Inc/STM32F3xx_HAL_Driver/Src/stm32f3xx_hal_rcc_ex.c ****   {
1547:Inc/STM32F3xx_HAL_Driver/Src/stm32f3xx_hal_rcc_ex.c ****     /* HSI used as PLL clock source : PLLCLK = HSI/2U * PLLMUL */
1548:Inc/STM32F3xx_HAL_Driver/Src/stm32f3xx_hal_rcc_ex.c ****     pllclk = (HSI_VALUE >> 1U) * pllmul;
1549:Inc/STM32F3xx_HAL_Driver/Src/stm32f3xx_hal_rcc_ex.c ****   }
1550:Inc/STM32F3xx_HAL_Driver/Src/stm32f3xx_hal_rcc_ex.c **** #else
1551:Inc/STM32F3xx_HAL_Driver/Src/stm32f3xx_hal_rcc_ex.c ****   prediv = (RCC->CFGR2 & RCC_CFGR2_PREDIV) + 1U;
  53              		.loc 1 1551 3 is_stmt 1 view .LVU10
  54              		.loc 1 1551 16 is_stmt 0 view .LVU11
  55 0010 DB6A     		ldr	r3, [r3, #44]
  56              		.loc 1 1551 24 view .LVU12
  57 0012 03F00F03 		and	r3, r3, #15
  58              		.loc 1 1551 10 view .LVU13
  59 0016 0133     		adds	r3, r3, #1
  60              	.LVL5:
1552:Inc/STM32F3xx_HAL_Driver/Src/stm32f3xx_hal_rcc_ex.c ****   if (pllsource == RCC_CFGR_PLLSRC_HSE_PREDIV)
  61              		.loc 1 1552 3 is_stmt 1 view .LVU14
  62              		.loc 1 1552 6 is_stmt 0 view .LVU15
  63 0018 B2F5803F 		cmp	r2, #65536
  64 001c 05D0     		beq	.L4
1553:Inc/STM32F3xx_HAL_Driver/Src/stm32f3xx_hal_rcc_ex.c ****   {
1554:Inc/STM32F3xx_HAL_Driver/Src/stm32f3xx_hal_rcc_ex.c ****     /* HSE used as PLL clock source : PLLCLK = HSE/PREDIV * PLLMUL */
1555:Inc/STM32F3xx_HAL_Driver/Src/stm32f3xx_hal_rcc_ex.c ****     pllclk = (HSE_VALUE/prediv) * pllmul;
1556:Inc/STM32F3xx_HAL_Driver/Src/stm32f3xx_hal_rcc_ex.c ****   }
1557:Inc/STM32F3xx_HAL_Driver/Src/stm32f3xx_hal_rcc_ex.c ****   else
1558:Inc/STM32F3xx_HAL_Driver/Src/stm32f3xx_hal_rcc_ex.c ****   {
1559:Inc/STM32F3xx_HAL_Driver/Src/stm32f3xx_hal_rcc_ex.c ****     /* HSI used as PLL clock source : PLLCLK = HSI/PREDIV * PLLMUL */
1560:Inc/STM32F3xx_HAL_Driver/Src/stm32f3xx_hal_rcc_ex.c ****     pllclk = (HSI_VALUE/prediv) * pllmul;
  65              		.loc 1 1560 5 is_stmt 1 view .LVU16
  66              		.loc 1 1560 24 is_stmt 0 view .LVU17
  67 001e 074A     		ldr	r2, .L5+4
  68              	.LVL6:
  69              		.loc 1 1560 24 view .LVU18
  70 0020 B2FBF3F3 		udiv	r3, r2, r3
  71              	.LVL7:
  72              		.loc 1 1560 12 view .LVU19
  73 0024 03FB00F0 		mul	r0, r3, r0
  74              	.LVL8:
1561:Inc/STM32F3xx_HAL_Driver/Src/stm32f3xx_hal_rcc_ex.c ****   }
1562:Inc/STM32F3xx_HAL_Driver/Src/stm32f3xx_hal_rcc_ex.c **** #endif /* RCC_CFGR_PLLSRC_HSI_DIV2 */
1563:Inc/STM32F3xx_HAL_Driver/Src/stm32f3xx_hal_rcc_ex.c **** 
1564:Inc/STM32F3xx_HAL_Driver/Src/stm32f3xx_hal_rcc_ex.c ****   return pllclk;
  75              		.loc 1 1564 3 is_stmt 1 view .LVU20
1565:Inc/STM32F3xx_HAL_Driver/Src/stm32f3xx_hal_rcc_ex.c **** }
  76              		.loc 1 1565 1 is_stmt 0 view .LVU21
  77 0028 7047     		bx	lr
  78              	.LVL9:
  79              	.L4:
1555:Inc/STM32F3xx_HAL_Driver/Src/stm32f3xx_hal_rcc_ex.c ****   }
  80              		.loc 1 1555 5 is_stmt 1 view .LVU22
1555:Inc/STM32F3xx_HAL_Driver/Src/stm32f3xx_hal_rcc_ex.c ****   }
  81              		.loc 1 1555 24 is_stmt 0 view .LVU23
  82 002a 044A     		ldr	r2, .L5+4
  83              	.LVL10:
1555:Inc/STM32F3xx_HAL_Driver/Src/stm32f3xx_hal_rcc_ex.c ****   }
  84              		.loc 1 1555 24 view .LVU24
  85 002c B2FBF3F3 		udiv	r3, r2, r3
  86              	.LVL11:
ARM GAS  /tmp/ccTvL2QU.s 			page 30


1555:Inc/STM32F3xx_HAL_Driver/Src/stm32f3xx_hal_rcc_ex.c ****   }
  87              		.loc 1 1555 12 view .LVU25
  88 0030 03FB00F0 		mul	r0, r3, r0
  89              	.LVL12:
1555:Inc/STM32F3xx_HAL_Driver/Src/stm32f3xx_hal_rcc_ex.c ****   }
  90              		.loc 1 1555 12 view .LVU26
  91 0034 7047     		bx	lr
  92              	.L6:
  93 0036 00BF     		.align	2
  94              	.L5:
  95 0038 00100240 		.word	1073876992
  96 003c 00127A00 		.word	8000000
  97              		.cfi_endproc
  98              	.LFE133:
 100              		.section	.text.HAL_RCCEx_PeriphCLKConfig,"ax",%progbits
 101              		.align	1
 102              		.global	HAL_RCCEx_PeriphCLKConfig
 103              		.syntax unified
 104              		.thumb
 105              		.thumb_func
 107              	HAL_RCCEx_PeriphCLKConfig:
 108              	.LVL13:
 109              	.LFB130:
 106:Inc/STM32F3xx_HAL_Driver/Src/stm32f3xx_hal_rcc_ex.c ****   uint32_t tickstart = 0U;
 110              		.loc 1 106 1 is_stmt 1 view -0
 111              		.cfi_startproc
 112              		@ args = 0, pretend = 0, frame = 8
 113              		@ frame_needed = 0, uses_anonymous_args = 0
 106:Inc/STM32F3xx_HAL_Driver/Src/stm32f3xx_hal_rcc_ex.c ****   uint32_t tickstart = 0U;
 114              		.loc 1 106 1 is_stmt 0 view .LVU28
 115 0000 F0B5     		push	{r4, r5, r6, r7, lr}
 116              		.cfi_def_cfa_offset 20
 117              		.cfi_offset 4, -20
 118              		.cfi_offset 5, -16
 119              		.cfi_offset 6, -12
 120              		.cfi_offset 7, -8
 121              		.cfi_offset 14, -4
 122 0002 83B0     		sub	sp, sp, #12
 123              		.cfi_def_cfa_offset 32
 124 0004 0446     		mov	r4, r0
 107:Inc/STM32F3xx_HAL_Driver/Src/stm32f3xx_hal_rcc_ex.c ****   uint32_t temp_reg = 0U;
 125              		.loc 1 107 3 is_stmt 1 view .LVU29
 126              	.LVL14:
 108:Inc/STM32F3xx_HAL_Driver/Src/stm32f3xx_hal_rcc_ex.c ****   FlagStatus       pwrclkchanged = RESET;
 127              		.loc 1 108 3 view .LVU30
 109:Inc/STM32F3xx_HAL_Driver/Src/stm32f3xx_hal_rcc_ex.c ****     
 128              		.loc 1 109 3 view .LVU31
 112:Inc/STM32F3xx_HAL_Driver/Src/stm32f3xx_hal_rcc_ex.c ****   
 129              		.loc 1 112 3 view .LVU32
 115:Inc/STM32F3xx_HAL_Driver/Src/stm32f3xx_hal_rcc_ex.c ****   {
 130              		.loc 1 115 3 view .LVU33
 115:Inc/STM32F3xx_HAL_Driver/Src/stm32f3xx_hal_rcc_ex.c ****   {
 131              		.loc 1 115 21 is_stmt 0 view .LVU34
 132 0006 0368     		ldr	r3, [r0]
 115:Inc/STM32F3xx_HAL_Driver/Src/stm32f3xx_hal_rcc_ex.c ****   {
 133              		.loc 1 115 5 view .LVU35
 134 0008 13F4803F 		tst	r3, #65536
ARM GAS  /tmp/ccTvL2QU.s 			page 31


 135 000c 48D0     		beq	.L8
 118:Inc/STM32F3xx_HAL_Driver/Src/stm32f3xx_hal_rcc_ex.c **** 
 136              		.loc 1 118 5 is_stmt 1 view .LVU36
 124:Inc/STM32F3xx_HAL_Driver/Src/stm32f3xx_hal_rcc_ex.c ****     {
 137              		.loc 1 124 5 view .LVU37
 124:Inc/STM32F3xx_HAL_Driver/Src/stm32f3xx_hal_rcc_ex.c ****     {
 138              		.loc 1 124 8 is_stmt 0 view .LVU38
 139 000e A14B     		ldr	r3, .L46
 140 0010 DB69     		ldr	r3, [r3, #28]
 124:Inc/STM32F3xx_HAL_Driver/Src/stm32f3xx_hal_rcc_ex.c ****     {
 141              		.loc 1 124 7 view .LVU39
 142 0012 13F0805F 		tst	r3, #268435456
 143 0016 40F02281 		bne	.L38
 126:Inc/STM32F3xx_HAL_Driver/Src/stm32f3xx_hal_rcc_ex.c ****       pwrclkchanged = SET;
 144              		.loc 1 126 7 is_stmt 1 view .LVU40
 145              	.LBB15:
 126:Inc/STM32F3xx_HAL_Driver/Src/stm32f3xx_hal_rcc_ex.c ****       pwrclkchanged = SET;
 146              		.loc 1 126 7 view .LVU41
 126:Inc/STM32F3xx_HAL_Driver/Src/stm32f3xx_hal_rcc_ex.c ****       pwrclkchanged = SET;
 147              		.loc 1 126 7 view .LVU42
 148 001a 9E4B     		ldr	r3, .L46
 149 001c DA69     		ldr	r2, [r3, #28]
 150 001e 42F08052 		orr	r2, r2, #268435456
 151 0022 DA61     		str	r2, [r3, #28]
 126:Inc/STM32F3xx_HAL_Driver/Src/stm32f3xx_hal_rcc_ex.c ****       pwrclkchanged = SET;
 152              		.loc 1 126 7 view .LVU43
 153 0024 DB69     		ldr	r3, [r3, #28]
 154 0026 03F08053 		and	r3, r3, #268435456
 155 002a 0193     		str	r3, [sp, #4]
 126:Inc/STM32F3xx_HAL_Driver/Src/stm32f3xx_hal_rcc_ex.c ****       pwrclkchanged = SET;
 156              		.loc 1 126 7 view .LVU44
 157 002c 019B     		ldr	r3, [sp, #4]
 158              	.LBE15:
 126:Inc/STM32F3xx_HAL_Driver/Src/stm32f3xx_hal_rcc_ex.c ****       pwrclkchanged = SET;
 159              		.loc 1 126 7 view .LVU45
 127:Inc/STM32F3xx_HAL_Driver/Src/stm32f3xx_hal_rcc_ex.c ****     }
 160              		.loc 1 127 7 view .LVU46
 161              	.LVL15:
 127:Inc/STM32F3xx_HAL_Driver/Src/stm32f3xx_hal_rcc_ex.c ****     }
 162              		.loc 1 127 21 is_stmt 0 view .LVU47
 163 002e 0125     		movs	r5, #1
 164              	.LVL16:
 165              	.L9:
 130:Inc/STM32F3xx_HAL_Driver/Src/stm32f3xx_hal_rcc_ex.c ****     {
 166              		.loc 1 130 5 is_stmt 1 view .LVU48
 130:Inc/STM32F3xx_HAL_Driver/Src/stm32f3xx_hal_rcc_ex.c ****     {
 167              		.loc 1 130 8 is_stmt 0 view .LVU49
 168 0030 994B     		ldr	r3, .L46+4
 169 0032 1B68     		ldr	r3, [r3]
 130:Inc/STM32F3xx_HAL_Driver/Src/stm32f3xx_hal_rcc_ex.c ****     {
 170              		.loc 1 130 7 view .LVU50
 171 0034 13F4807F 		tst	r3, #256
 172 0038 00F01381 		beq	.L43
 173              	.LVL17:
 174              	.L10:
 148:Inc/STM32F3xx_HAL_Driver/Src/stm32f3xx_hal_rcc_ex.c ****     if((temp_reg != 0x00000000U) && (temp_reg != (PeriphClkInit->RTCClockSelection & RCC_BDCR_RTCSE
 175              		.loc 1 148 5 is_stmt 1 view .LVU51
ARM GAS  /tmp/ccTvL2QU.s 			page 32


 148:Inc/STM32F3xx_HAL_Driver/Src/stm32f3xx_hal_rcc_ex.c ****     if((temp_reg != 0x00000000U) && (temp_reg != (PeriphClkInit->RTCClockSelection & RCC_BDCR_RTCSE
 176              		.loc 1 148 20 is_stmt 0 view .LVU52
 177 003c 954B     		ldr	r3, .L46
 178 003e 1B6A     		ldr	r3, [r3, #32]
 179              	.LVL18:
 149:Inc/STM32F3xx_HAL_Driver/Src/stm32f3xx_hal_rcc_ex.c ****     {
 180              		.loc 1 149 5 is_stmt 1 view .LVU53
 149:Inc/STM32F3xx_HAL_Driver/Src/stm32f3xx_hal_rcc_ex.c ****     {
 181              		.loc 1 149 7 is_stmt 0 view .LVU54
 182 0040 13F44073 		ands	r3, r3, #768
 183              	.LVL19:
 149:Inc/STM32F3xx_HAL_Driver/Src/stm32f3xx_hal_rcc_ex.c ****     {
 184              		.loc 1 149 7 view .LVU55
 185 0044 22D0     		beq	.L14
 149:Inc/STM32F3xx_HAL_Driver/Src/stm32f3xx_hal_rcc_ex.c ****     {
 186              		.loc 1 149 64 discriminator 1 view .LVU56
 187 0046 6268     		ldr	r2, [r4, #4]
 149:Inc/STM32F3xx_HAL_Driver/Src/stm32f3xx_hal_rcc_ex.c ****     {
 188              		.loc 1 149 84 discriminator 1 view .LVU57
 189 0048 02F44072 		and	r2, r2, #768
 149:Inc/STM32F3xx_HAL_Driver/Src/stm32f3xx_hal_rcc_ex.c ****     {
 190              		.loc 1 149 34 discriminator 1 view .LVU58
 191 004c 9A42     		cmp	r2, r3
 192 004e 1DD0     		beq	.L14
 152:Inc/STM32F3xx_HAL_Driver/Src/stm32f3xx_hal_rcc_ex.c ****       /* RTC Clock selection can be changed only if the Backup Domain is reset */
 193              		.loc 1 152 7 is_stmt 1 view .LVU59
 152:Inc/STM32F3xx_HAL_Driver/Src/stm32f3xx_hal_rcc_ex.c ****       /* RTC Clock selection can be changed only if the Backup Domain is reset */
 194              		.loc 1 152 22 is_stmt 0 view .LVU60
 195 0050 9048     		ldr	r0, .L46
 196 0052 016A     		ldr	r1, [r0, #32]
 152:Inc/STM32F3xx_HAL_Driver/Src/stm32f3xx_hal_rcc_ex.c ****       /* RTC Clock selection can be changed only if the Backup Domain is reset */
 197              		.loc 1 152 16 view .LVU61
 198 0054 21F44076 		bic	r6, r1, #768
 199              	.LVL20:
 154:Inc/STM32F3xx_HAL_Driver/Src/stm32f3xx_hal_rcc_ex.c ****       __HAL_RCC_BACKUPRESET_RELEASE();
 200              		.loc 1 154 7 is_stmt 1 view .LVU62
 201              	.LBB16:
 202              	.LBI16:
 203              		.file 2 "Inc/CMSIS/Core/Include/cmsis_gcc.h"
   1:Inc/CMSIS/Core/Include/cmsis_gcc.h **** /**************************************************************************//**
   2:Inc/CMSIS/Core/Include/cmsis_gcc.h ****  * @file     cmsis_gcc.h
   3:Inc/CMSIS/Core/Include/cmsis_gcc.h ****  * @brief    CMSIS compiler GCC header file
   4:Inc/CMSIS/Core/Include/cmsis_gcc.h ****  * @version  V5.0.4
   5:Inc/CMSIS/Core/Include/cmsis_gcc.h ****  * @date     09. April 2018
   6:Inc/CMSIS/Core/Include/cmsis_gcc.h ****  ******************************************************************************/
   7:Inc/CMSIS/Core/Include/cmsis_gcc.h **** /*
   8:Inc/CMSIS/Core/Include/cmsis_gcc.h ****  * Copyright (c) 2009-2018 Arm Limited. All rights reserved.
   9:Inc/CMSIS/Core/Include/cmsis_gcc.h ****  *
  10:Inc/CMSIS/Core/Include/cmsis_gcc.h ****  * SPDX-License-Identifier: Apache-2.0
  11:Inc/CMSIS/Core/Include/cmsis_gcc.h ****  *
  12:Inc/CMSIS/Core/Include/cmsis_gcc.h ****  * Licensed under the Apache License, Version 2.0 (the License); you may
  13:Inc/CMSIS/Core/Include/cmsis_gcc.h ****  * not use this file except in compliance with the License.
  14:Inc/CMSIS/Core/Include/cmsis_gcc.h ****  * You may obtain a copy of the License at
  15:Inc/CMSIS/Core/Include/cmsis_gcc.h ****  *
  16:Inc/CMSIS/Core/Include/cmsis_gcc.h ****  * www.apache.org/licenses/LICENSE-2.0
  17:Inc/CMSIS/Core/Include/cmsis_gcc.h ****  *
  18:Inc/CMSIS/Core/Include/cmsis_gcc.h ****  * Unless required by applicable law or agreed to in writing, software
ARM GAS  /tmp/ccTvL2QU.s 			page 33


  19:Inc/CMSIS/Core/Include/cmsis_gcc.h ****  * distributed under the License is distributed on an AS IS BASIS, WITHOUT
  20:Inc/CMSIS/Core/Include/cmsis_gcc.h ****  * WARRANTIES OR CONDITIONS OF ANY KIND, either express or implied.
  21:Inc/CMSIS/Core/Include/cmsis_gcc.h ****  * See the License for the specific language governing permissions and
  22:Inc/CMSIS/Core/Include/cmsis_gcc.h ****  * limitations under the License.
  23:Inc/CMSIS/Core/Include/cmsis_gcc.h ****  */
  24:Inc/CMSIS/Core/Include/cmsis_gcc.h **** 
  25:Inc/CMSIS/Core/Include/cmsis_gcc.h **** #ifndef __CMSIS_GCC_H
  26:Inc/CMSIS/Core/Include/cmsis_gcc.h **** #define __CMSIS_GCC_H
  27:Inc/CMSIS/Core/Include/cmsis_gcc.h **** 
  28:Inc/CMSIS/Core/Include/cmsis_gcc.h **** /* ignore some GCC warnings */
  29:Inc/CMSIS/Core/Include/cmsis_gcc.h **** #pragma GCC diagnostic push
  30:Inc/CMSIS/Core/Include/cmsis_gcc.h **** #pragma GCC diagnostic ignored "-Wsign-conversion"
  31:Inc/CMSIS/Core/Include/cmsis_gcc.h **** #pragma GCC diagnostic ignored "-Wconversion"
  32:Inc/CMSIS/Core/Include/cmsis_gcc.h **** #pragma GCC diagnostic ignored "-Wunused-parameter"
  33:Inc/CMSIS/Core/Include/cmsis_gcc.h **** 
  34:Inc/CMSIS/Core/Include/cmsis_gcc.h **** /* Fallback for __has_builtin */
  35:Inc/CMSIS/Core/Include/cmsis_gcc.h **** #ifndef __has_builtin
  36:Inc/CMSIS/Core/Include/cmsis_gcc.h ****   #define __has_builtin(x) (0)
  37:Inc/CMSIS/Core/Include/cmsis_gcc.h **** #endif
  38:Inc/CMSIS/Core/Include/cmsis_gcc.h **** 
  39:Inc/CMSIS/Core/Include/cmsis_gcc.h **** /* CMSIS compiler specific defines */
  40:Inc/CMSIS/Core/Include/cmsis_gcc.h **** #ifndef   __ASM
  41:Inc/CMSIS/Core/Include/cmsis_gcc.h ****   #define __ASM                                  __asm
  42:Inc/CMSIS/Core/Include/cmsis_gcc.h **** #endif
  43:Inc/CMSIS/Core/Include/cmsis_gcc.h **** #ifndef   __INLINE
  44:Inc/CMSIS/Core/Include/cmsis_gcc.h ****   #define __INLINE                               inline
  45:Inc/CMSIS/Core/Include/cmsis_gcc.h **** #endif
  46:Inc/CMSIS/Core/Include/cmsis_gcc.h **** #ifndef   __STATIC_INLINE
  47:Inc/CMSIS/Core/Include/cmsis_gcc.h ****   #define __STATIC_INLINE                        static inline
  48:Inc/CMSIS/Core/Include/cmsis_gcc.h **** #endif
  49:Inc/CMSIS/Core/Include/cmsis_gcc.h **** #ifndef   __STATIC_FORCEINLINE                 
  50:Inc/CMSIS/Core/Include/cmsis_gcc.h ****   #define __STATIC_FORCEINLINE                   __attribute__((always_inline)) static inline
  51:Inc/CMSIS/Core/Include/cmsis_gcc.h **** #endif                                           
  52:Inc/CMSIS/Core/Include/cmsis_gcc.h **** #ifndef   __NO_RETURN
  53:Inc/CMSIS/Core/Include/cmsis_gcc.h ****   #define __NO_RETURN                            __attribute__((__noreturn__))
  54:Inc/CMSIS/Core/Include/cmsis_gcc.h **** #endif
  55:Inc/CMSIS/Core/Include/cmsis_gcc.h **** #ifndef   __USED
  56:Inc/CMSIS/Core/Include/cmsis_gcc.h ****   #define __USED                                 __attribute__((used))
  57:Inc/CMSIS/Core/Include/cmsis_gcc.h **** #endif
  58:Inc/CMSIS/Core/Include/cmsis_gcc.h **** #ifndef   __WEAK
  59:Inc/CMSIS/Core/Include/cmsis_gcc.h ****   #define __WEAK                                 __attribute__((weak))
  60:Inc/CMSIS/Core/Include/cmsis_gcc.h **** #endif
  61:Inc/CMSIS/Core/Include/cmsis_gcc.h **** #ifndef   __PACKED
  62:Inc/CMSIS/Core/Include/cmsis_gcc.h ****   #define __PACKED                               __attribute__((packed, aligned(1)))
  63:Inc/CMSIS/Core/Include/cmsis_gcc.h **** #endif
  64:Inc/CMSIS/Core/Include/cmsis_gcc.h **** #ifndef   __PACKED_STRUCT
  65:Inc/CMSIS/Core/Include/cmsis_gcc.h ****   #define __PACKED_STRUCT                        struct __attribute__((packed, aligned(1)))
  66:Inc/CMSIS/Core/Include/cmsis_gcc.h **** #endif
  67:Inc/CMSIS/Core/Include/cmsis_gcc.h **** #ifndef   __PACKED_UNION
  68:Inc/CMSIS/Core/Include/cmsis_gcc.h ****   #define __PACKED_UNION                         union __attribute__((packed, aligned(1)))
  69:Inc/CMSIS/Core/Include/cmsis_gcc.h **** #endif
  70:Inc/CMSIS/Core/Include/cmsis_gcc.h **** #ifndef   __UNALIGNED_UINT32        /* deprecated */
  71:Inc/CMSIS/Core/Include/cmsis_gcc.h ****   #pragma GCC diagnostic push
  72:Inc/CMSIS/Core/Include/cmsis_gcc.h ****   #pragma GCC diagnostic ignored "-Wpacked"
  73:Inc/CMSIS/Core/Include/cmsis_gcc.h ****   #pragma GCC diagnostic ignored "-Wattributes"
  74:Inc/CMSIS/Core/Include/cmsis_gcc.h ****   struct __attribute__((packed)) T_UINT32 { uint32_t v; };
  75:Inc/CMSIS/Core/Include/cmsis_gcc.h ****   #pragma GCC diagnostic pop
ARM GAS  /tmp/ccTvL2QU.s 			page 34


  76:Inc/CMSIS/Core/Include/cmsis_gcc.h ****   #define __UNALIGNED_UINT32(x)                  (((struct T_UINT32 *)(x))->v)
  77:Inc/CMSIS/Core/Include/cmsis_gcc.h **** #endif
  78:Inc/CMSIS/Core/Include/cmsis_gcc.h **** #ifndef   __UNALIGNED_UINT16_WRITE
  79:Inc/CMSIS/Core/Include/cmsis_gcc.h ****   #pragma GCC diagnostic push
  80:Inc/CMSIS/Core/Include/cmsis_gcc.h ****   #pragma GCC diagnostic ignored "-Wpacked"
  81:Inc/CMSIS/Core/Include/cmsis_gcc.h ****   #pragma GCC diagnostic ignored "-Wattributes"
  82:Inc/CMSIS/Core/Include/cmsis_gcc.h ****   __PACKED_STRUCT T_UINT16_WRITE { uint16_t v; };
  83:Inc/CMSIS/Core/Include/cmsis_gcc.h ****   #pragma GCC diagnostic pop
  84:Inc/CMSIS/Core/Include/cmsis_gcc.h ****   #define __UNALIGNED_UINT16_WRITE(addr, val)    (void)((((struct T_UINT16_WRITE *)(void *)(addr))-
  85:Inc/CMSIS/Core/Include/cmsis_gcc.h **** #endif
  86:Inc/CMSIS/Core/Include/cmsis_gcc.h **** #ifndef   __UNALIGNED_UINT16_READ
  87:Inc/CMSIS/Core/Include/cmsis_gcc.h ****   #pragma GCC diagnostic push
  88:Inc/CMSIS/Core/Include/cmsis_gcc.h ****   #pragma GCC diagnostic ignored "-Wpacked"
  89:Inc/CMSIS/Core/Include/cmsis_gcc.h ****   #pragma GCC diagnostic ignored "-Wattributes"
  90:Inc/CMSIS/Core/Include/cmsis_gcc.h ****   __PACKED_STRUCT T_UINT16_READ { uint16_t v; };
  91:Inc/CMSIS/Core/Include/cmsis_gcc.h ****   #pragma GCC diagnostic pop
  92:Inc/CMSIS/Core/Include/cmsis_gcc.h ****   #define __UNALIGNED_UINT16_READ(addr)          (((const struct T_UINT16_READ *)(const void *)(add
  93:Inc/CMSIS/Core/Include/cmsis_gcc.h **** #endif
  94:Inc/CMSIS/Core/Include/cmsis_gcc.h **** #ifndef   __UNALIGNED_UINT32_WRITE
  95:Inc/CMSIS/Core/Include/cmsis_gcc.h ****   #pragma GCC diagnostic push
  96:Inc/CMSIS/Core/Include/cmsis_gcc.h ****   #pragma GCC diagnostic ignored "-Wpacked"
  97:Inc/CMSIS/Core/Include/cmsis_gcc.h ****   #pragma GCC diagnostic ignored "-Wattributes"
  98:Inc/CMSIS/Core/Include/cmsis_gcc.h ****   __PACKED_STRUCT T_UINT32_WRITE { uint32_t v; };
  99:Inc/CMSIS/Core/Include/cmsis_gcc.h ****   #pragma GCC diagnostic pop
 100:Inc/CMSIS/Core/Include/cmsis_gcc.h ****   #define __UNALIGNED_UINT32_WRITE(addr, val)    (void)((((struct T_UINT32_WRITE *)(void *)(addr))-
 101:Inc/CMSIS/Core/Include/cmsis_gcc.h **** #endif
 102:Inc/CMSIS/Core/Include/cmsis_gcc.h **** #ifndef   __UNALIGNED_UINT32_READ
 103:Inc/CMSIS/Core/Include/cmsis_gcc.h ****   #pragma GCC diagnostic push
 104:Inc/CMSIS/Core/Include/cmsis_gcc.h ****   #pragma GCC diagnostic ignored "-Wpacked"
 105:Inc/CMSIS/Core/Include/cmsis_gcc.h ****   #pragma GCC diagnostic ignored "-Wattributes"
 106:Inc/CMSIS/Core/Include/cmsis_gcc.h ****   __PACKED_STRUCT T_UINT32_READ { uint32_t v; };
 107:Inc/CMSIS/Core/Include/cmsis_gcc.h ****   #pragma GCC diagnostic pop
 108:Inc/CMSIS/Core/Include/cmsis_gcc.h ****   #define __UNALIGNED_UINT32_READ(addr)          (((const struct T_UINT32_READ *)(const void *)(add
 109:Inc/CMSIS/Core/Include/cmsis_gcc.h **** #endif
 110:Inc/CMSIS/Core/Include/cmsis_gcc.h **** #ifndef   __ALIGNED
 111:Inc/CMSIS/Core/Include/cmsis_gcc.h ****   #define __ALIGNED(x)                           __attribute__((aligned(x)))
 112:Inc/CMSIS/Core/Include/cmsis_gcc.h **** #endif
 113:Inc/CMSIS/Core/Include/cmsis_gcc.h **** #ifndef   __RESTRICT
 114:Inc/CMSIS/Core/Include/cmsis_gcc.h ****   #define __RESTRICT                             __restrict
 115:Inc/CMSIS/Core/Include/cmsis_gcc.h **** #endif
 116:Inc/CMSIS/Core/Include/cmsis_gcc.h **** 
 117:Inc/CMSIS/Core/Include/cmsis_gcc.h **** 
 118:Inc/CMSIS/Core/Include/cmsis_gcc.h **** /* ###########################  Core Function Access  ########################### */
 119:Inc/CMSIS/Core/Include/cmsis_gcc.h **** /** \ingroup  CMSIS_Core_FunctionInterface
 120:Inc/CMSIS/Core/Include/cmsis_gcc.h ****     \defgroup CMSIS_Core_RegAccFunctions CMSIS Core Register Access Functions
 121:Inc/CMSIS/Core/Include/cmsis_gcc.h ****   @{
 122:Inc/CMSIS/Core/Include/cmsis_gcc.h ****  */
 123:Inc/CMSIS/Core/Include/cmsis_gcc.h **** 
 124:Inc/CMSIS/Core/Include/cmsis_gcc.h **** /**
 125:Inc/CMSIS/Core/Include/cmsis_gcc.h ****   \brief   Enable IRQ Interrupts
 126:Inc/CMSIS/Core/Include/cmsis_gcc.h ****   \details Enables IRQ interrupts by clearing the I-bit in the CPSR.
 127:Inc/CMSIS/Core/Include/cmsis_gcc.h ****            Can only be executed in Privileged modes.
 128:Inc/CMSIS/Core/Include/cmsis_gcc.h ****  */
 129:Inc/CMSIS/Core/Include/cmsis_gcc.h **** __STATIC_FORCEINLINE void __enable_irq(void)
 130:Inc/CMSIS/Core/Include/cmsis_gcc.h **** {
 131:Inc/CMSIS/Core/Include/cmsis_gcc.h ****   __ASM volatile ("cpsie i" : : : "memory");
 132:Inc/CMSIS/Core/Include/cmsis_gcc.h **** }
ARM GAS  /tmp/ccTvL2QU.s 			page 35


 133:Inc/CMSIS/Core/Include/cmsis_gcc.h **** 
 134:Inc/CMSIS/Core/Include/cmsis_gcc.h **** 
 135:Inc/CMSIS/Core/Include/cmsis_gcc.h **** /**
 136:Inc/CMSIS/Core/Include/cmsis_gcc.h ****   \brief   Disable IRQ Interrupts
 137:Inc/CMSIS/Core/Include/cmsis_gcc.h ****   \details Disables IRQ interrupts by setting the I-bit in the CPSR.
 138:Inc/CMSIS/Core/Include/cmsis_gcc.h ****            Can only be executed in Privileged modes.
 139:Inc/CMSIS/Core/Include/cmsis_gcc.h ****  */
 140:Inc/CMSIS/Core/Include/cmsis_gcc.h **** __STATIC_FORCEINLINE void __disable_irq(void)
 141:Inc/CMSIS/Core/Include/cmsis_gcc.h **** {
 142:Inc/CMSIS/Core/Include/cmsis_gcc.h ****   __ASM volatile ("cpsid i" : : : "memory");
 143:Inc/CMSIS/Core/Include/cmsis_gcc.h **** }
 144:Inc/CMSIS/Core/Include/cmsis_gcc.h **** 
 145:Inc/CMSIS/Core/Include/cmsis_gcc.h **** 
 146:Inc/CMSIS/Core/Include/cmsis_gcc.h **** /**
 147:Inc/CMSIS/Core/Include/cmsis_gcc.h ****   \brief   Get Control Register
 148:Inc/CMSIS/Core/Include/cmsis_gcc.h ****   \details Returns the content of the Control Register.
 149:Inc/CMSIS/Core/Include/cmsis_gcc.h ****   \return               Control Register value
 150:Inc/CMSIS/Core/Include/cmsis_gcc.h ****  */
 151:Inc/CMSIS/Core/Include/cmsis_gcc.h **** __STATIC_FORCEINLINE uint32_t __get_CONTROL(void)
 152:Inc/CMSIS/Core/Include/cmsis_gcc.h **** {
 153:Inc/CMSIS/Core/Include/cmsis_gcc.h ****   uint32_t result;
 154:Inc/CMSIS/Core/Include/cmsis_gcc.h **** 
 155:Inc/CMSIS/Core/Include/cmsis_gcc.h ****   __ASM volatile ("MRS %0, control" : "=r" (result) );
 156:Inc/CMSIS/Core/Include/cmsis_gcc.h ****   return(result);
 157:Inc/CMSIS/Core/Include/cmsis_gcc.h **** }
 158:Inc/CMSIS/Core/Include/cmsis_gcc.h **** 
 159:Inc/CMSIS/Core/Include/cmsis_gcc.h **** 
 160:Inc/CMSIS/Core/Include/cmsis_gcc.h **** #if (defined (__ARM_FEATURE_CMSE ) && (__ARM_FEATURE_CMSE == 3))
 161:Inc/CMSIS/Core/Include/cmsis_gcc.h **** /**
 162:Inc/CMSIS/Core/Include/cmsis_gcc.h ****   \brief   Get Control Register (non-secure)
 163:Inc/CMSIS/Core/Include/cmsis_gcc.h ****   \details Returns the content of the non-secure Control Register when in secure mode.
 164:Inc/CMSIS/Core/Include/cmsis_gcc.h ****   \return               non-secure Control Register value
 165:Inc/CMSIS/Core/Include/cmsis_gcc.h ****  */
 166:Inc/CMSIS/Core/Include/cmsis_gcc.h **** __STATIC_FORCEINLINE uint32_t __TZ_get_CONTROL_NS(void)
 167:Inc/CMSIS/Core/Include/cmsis_gcc.h **** {
 168:Inc/CMSIS/Core/Include/cmsis_gcc.h ****   uint32_t result;
 169:Inc/CMSIS/Core/Include/cmsis_gcc.h **** 
 170:Inc/CMSIS/Core/Include/cmsis_gcc.h ****   __ASM volatile ("MRS %0, control_ns" : "=r" (result) );
 171:Inc/CMSIS/Core/Include/cmsis_gcc.h ****   return(result);
 172:Inc/CMSIS/Core/Include/cmsis_gcc.h **** }
 173:Inc/CMSIS/Core/Include/cmsis_gcc.h **** #endif
 174:Inc/CMSIS/Core/Include/cmsis_gcc.h **** 
 175:Inc/CMSIS/Core/Include/cmsis_gcc.h **** 
 176:Inc/CMSIS/Core/Include/cmsis_gcc.h **** /**
 177:Inc/CMSIS/Core/Include/cmsis_gcc.h ****   \brief   Set Control Register
 178:Inc/CMSIS/Core/Include/cmsis_gcc.h ****   \details Writes the given value to the Control Register.
 179:Inc/CMSIS/Core/Include/cmsis_gcc.h ****   \param [in]    control  Control Register value to set
 180:Inc/CMSIS/Core/Include/cmsis_gcc.h ****  */
 181:Inc/CMSIS/Core/Include/cmsis_gcc.h **** __STATIC_FORCEINLINE void __set_CONTROL(uint32_t control)
 182:Inc/CMSIS/Core/Include/cmsis_gcc.h **** {
 183:Inc/CMSIS/Core/Include/cmsis_gcc.h ****   __ASM volatile ("MSR control, %0" : : "r" (control) : "memory");
 184:Inc/CMSIS/Core/Include/cmsis_gcc.h **** }
 185:Inc/CMSIS/Core/Include/cmsis_gcc.h **** 
 186:Inc/CMSIS/Core/Include/cmsis_gcc.h **** 
 187:Inc/CMSIS/Core/Include/cmsis_gcc.h **** #if (defined (__ARM_FEATURE_CMSE ) && (__ARM_FEATURE_CMSE == 3))
 188:Inc/CMSIS/Core/Include/cmsis_gcc.h **** /**
 189:Inc/CMSIS/Core/Include/cmsis_gcc.h ****   \brief   Set Control Register (non-secure)
ARM GAS  /tmp/ccTvL2QU.s 			page 36


 190:Inc/CMSIS/Core/Include/cmsis_gcc.h ****   \details Writes the given value to the non-secure Control Register when in secure state.
 191:Inc/CMSIS/Core/Include/cmsis_gcc.h ****   \param [in]    control  Control Register value to set
 192:Inc/CMSIS/Core/Include/cmsis_gcc.h ****  */
 193:Inc/CMSIS/Core/Include/cmsis_gcc.h **** __STATIC_FORCEINLINE void __TZ_set_CONTROL_NS(uint32_t control)
 194:Inc/CMSIS/Core/Include/cmsis_gcc.h **** {
 195:Inc/CMSIS/Core/Include/cmsis_gcc.h ****   __ASM volatile ("MSR control_ns, %0" : : "r" (control) : "memory");
 196:Inc/CMSIS/Core/Include/cmsis_gcc.h **** }
 197:Inc/CMSIS/Core/Include/cmsis_gcc.h **** #endif
 198:Inc/CMSIS/Core/Include/cmsis_gcc.h **** 
 199:Inc/CMSIS/Core/Include/cmsis_gcc.h **** 
 200:Inc/CMSIS/Core/Include/cmsis_gcc.h **** /**
 201:Inc/CMSIS/Core/Include/cmsis_gcc.h ****   \brief   Get IPSR Register
 202:Inc/CMSIS/Core/Include/cmsis_gcc.h ****   \details Returns the content of the IPSR Register.
 203:Inc/CMSIS/Core/Include/cmsis_gcc.h ****   \return               IPSR Register value
 204:Inc/CMSIS/Core/Include/cmsis_gcc.h ****  */
 205:Inc/CMSIS/Core/Include/cmsis_gcc.h **** __STATIC_FORCEINLINE uint32_t __get_IPSR(void)
 206:Inc/CMSIS/Core/Include/cmsis_gcc.h **** {
 207:Inc/CMSIS/Core/Include/cmsis_gcc.h ****   uint32_t result;
 208:Inc/CMSIS/Core/Include/cmsis_gcc.h **** 
 209:Inc/CMSIS/Core/Include/cmsis_gcc.h ****   __ASM volatile ("MRS %0, ipsr" : "=r" (result) );
 210:Inc/CMSIS/Core/Include/cmsis_gcc.h ****   return(result);
 211:Inc/CMSIS/Core/Include/cmsis_gcc.h **** }
 212:Inc/CMSIS/Core/Include/cmsis_gcc.h **** 
 213:Inc/CMSIS/Core/Include/cmsis_gcc.h **** 
 214:Inc/CMSIS/Core/Include/cmsis_gcc.h **** /**
 215:Inc/CMSIS/Core/Include/cmsis_gcc.h ****   \brief   Get APSR Register
 216:Inc/CMSIS/Core/Include/cmsis_gcc.h ****   \details Returns the content of the APSR Register.
 217:Inc/CMSIS/Core/Include/cmsis_gcc.h ****   \return               APSR Register value
 218:Inc/CMSIS/Core/Include/cmsis_gcc.h ****  */
 219:Inc/CMSIS/Core/Include/cmsis_gcc.h **** __STATIC_FORCEINLINE uint32_t __get_APSR(void)
 220:Inc/CMSIS/Core/Include/cmsis_gcc.h **** {
 221:Inc/CMSIS/Core/Include/cmsis_gcc.h ****   uint32_t result;
 222:Inc/CMSIS/Core/Include/cmsis_gcc.h **** 
 223:Inc/CMSIS/Core/Include/cmsis_gcc.h ****   __ASM volatile ("MRS %0, apsr" : "=r" (result) );
 224:Inc/CMSIS/Core/Include/cmsis_gcc.h ****   return(result);
 225:Inc/CMSIS/Core/Include/cmsis_gcc.h **** }
 226:Inc/CMSIS/Core/Include/cmsis_gcc.h **** 
 227:Inc/CMSIS/Core/Include/cmsis_gcc.h **** 
 228:Inc/CMSIS/Core/Include/cmsis_gcc.h **** /**
 229:Inc/CMSIS/Core/Include/cmsis_gcc.h ****   \brief   Get xPSR Register
 230:Inc/CMSIS/Core/Include/cmsis_gcc.h ****   \details Returns the content of the xPSR Register.
 231:Inc/CMSIS/Core/Include/cmsis_gcc.h ****   \return               xPSR Register value
 232:Inc/CMSIS/Core/Include/cmsis_gcc.h ****  */
 233:Inc/CMSIS/Core/Include/cmsis_gcc.h **** __STATIC_FORCEINLINE uint32_t __get_xPSR(void)
 234:Inc/CMSIS/Core/Include/cmsis_gcc.h **** {
 235:Inc/CMSIS/Core/Include/cmsis_gcc.h ****   uint32_t result;
 236:Inc/CMSIS/Core/Include/cmsis_gcc.h **** 
 237:Inc/CMSIS/Core/Include/cmsis_gcc.h ****   __ASM volatile ("MRS %0, xpsr" : "=r" (result) );
 238:Inc/CMSIS/Core/Include/cmsis_gcc.h ****   return(result);
 239:Inc/CMSIS/Core/Include/cmsis_gcc.h **** }
 240:Inc/CMSIS/Core/Include/cmsis_gcc.h **** 
 241:Inc/CMSIS/Core/Include/cmsis_gcc.h **** 
 242:Inc/CMSIS/Core/Include/cmsis_gcc.h **** /**
 243:Inc/CMSIS/Core/Include/cmsis_gcc.h ****   \brief   Get Process Stack Pointer
 244:Inc/CMSIS/Core/Include/cmsis_gcc.h ****   \details Returns the current value of the Process Stack Pointer (PSP).
 245:Inc/CMSIS/Core/Include/cmsis_gcc.h ****   \return               PSP Register value
 246:Inc/CMSIS/Core/Include/cmsis_gcc.h ****  */
ARM GAS  /tmp/ccTvL2QU.s 			page 37


 247:Inc/CMSIS/Core/Include/cmsis_gcc.h **** __STATIC_FORCEINLINE uint32_t __get_PSP(void)
 248:Inc/CMSIS/Core/Include/cmsis_gcc.h **** {
 249:Inc/CMSIS/Core/Include/cmsis_gcc.h ****   uint32_t result;
 250:Inc/CMSIS/Core/Include/cmsis_gcc.h **** 
 251:Inc/CMSIS/Core/Include/cmsis_gcc.h ****   __ASM volatile ("MRS %0, psp"  : "=r" (result) );
 252:Inc/CMSIS/Core/Include/cmsis_gcc.h ****   return(result);
 253:Inc/CMSIS/Core/Include/cmsis_gcc.h **** }
 254:Inc/CMSIS/Core/Include/cmsis_gcc.h **** 
 255:Inc/CMSIS/Core/Include/cmsis_gcc.h **** 
 256:Inc/CMSIS/Core/Include/cmsis_gcc.h **** #if (defined (__ARM_FEATURE_CMSE ) && (__ARM_FEATURE_CMSE == 3))
 257:Inc/CMSIS/Core/Include/cmsis_gcc.h **** /**
 258:Inc/CMSIS/Core/Include/cmsis_gcc.h ****   \brief   Get Process Stack Pointer (non-secure)
 259:Inc/CMSIS/Core/Include/cmsis_gcc.h ****   \details Returns the current value of the non-secure Process Stack Pointer (PSP) when in secure s
 260:Inc/CMSIS/Core/Include/cmsis_gcc.h ****   \return               PSP Register value
 261:Inc/CMSIS/Core/Include/cmsis_gcc.h ****  */
 262:Inc/CMSIS/Core/Include/cmsis_gcc.h **** __STATIC_FORCEINLINE uint32_t __TZ_get_PSP_NS(void)
 263:Inc/CMSIS/Core/Include/cmsis_gcc.h **** {
 264:Inc/CMSIS/Core/Include/cmsis_gcc.h ****   uint32_t result;
 265:Inc/CMSIS/Core/Include/cmsis_gcc.h **** 
 266:Inc/CMSIS/Core/Include/cmsis_gcc.h ****   __ASM volatile ("MRS %0, psp_ns"  : "=r" (result) );
 267:Inc/CMSIS/Core/Include/cmsis_gcc.h ****   return(result);
 268:Inc/CMSIS/Core/Include/cmsis_gcc.h **** }
 269:Inc/CMSIS/Core/Include/cmsis_gcc.h **** #endif
 270:Inc/CMSIS/Core/Include/cmsis_gcc.h **** 
 271:Inc/CMSIS/Core/Include/cmsis_gcc.h **** 
 272:Inc/CMSIS/Core/Include/cmsis_gcc.h **** /**
 273:Inc/CMSIS/Core/Include/cmsis_gcc.h ****   \brief   Set Process Stack Pointer
 274:Inc/CMSIS/Core/Include/cmsis_gcc.h ****   \details Assigns the given value to the Process Stack Pointer (PSP).
 275:Inc/CMSIS/Core/Include/cmsis_gcc.h ****   \param [in]    topOfProcStack  Process Stack Pointer value to set
 276:Inc/CMSIS/Core/Include/cmsis_gcc.h ****  */
 277:Inc/CMSIS/Core/Include/cmsis_gcc.h **** __STATIC_FORCEINLINE void __set_PSP(uint32_t topOfProcStack)
 278:Inc/CMSIS/Core/Include/cmsis_gcc.h **** {
 279:Inc/CMSIS/Core/Include/cmsis_gcc.h ****   __ASM volatile ("MSR psp, %0" : : "r" (topOfProcStack) : );
 280:Inc/CMSIS/Core/Include/cmsis_gcc.h **** }
 281:Inc/CMSIS/Core/Include/cmsis_gcc.h **** 
 282:Inc/CMSIS/Core/Include/cmsis_gcc.h **** 
 283:Inc/CMSIS/Core/Include/cmsis_gcc.h **** #if (defined (__ARM_FEATURE_CMSE ) && (__ARM_FEATURE_CMSE == 3))
 284:Inc/CMSIS/Core/Include/cmsis_gcc.h **** /**
 285:Inc/CMSIS/Core/Include/cmsis_gcc.h ****   \brief   Set Process Stack Pointer (non-secure)
 286:Inc/CMSIS/Core/Include/cmsis_gcc.h ****   \details Assigns the given value to the non-secure Process Stack Pointer (PSP) when in secure sta
 287:Inc/CMSIS/Core/Include/cmsis_gcc.h ****   \param [in]    topOfProcStack  Process Stack Pointer value to set
 288:Inc/CMSIS/Core/Include/cmsis_gcc.h ****  */
 289:Inc/CMSIS/Core/Include/cmsis_gcc.h **** __STATIC_FORCEINLINE void __TZ_set_PSP_NS(uint32_t topOfProcStack)
 290:Inc/CMSIS/Core/Include/cmsis_gcc.h **** {
 291:Inc/CMSIS/Core/Include/cmsis_gcc.h ****   __ASM volatile ("MSR psp_ns, %0" : : "r" (topOfProcStack) : );
 292:Inc/CMSIS/Core/Include/cmsis_gcc.h **** }
 293:Inc/CMSIS/Core/Include/cmsis_gcc.h **** #endif
 294:Inc/CMSIS/Core/Include/cmsis_gcc.h **** 
 295:Inc/CMSIS/Core/Include/cmsis_gcc.h **** 
 296:Inc/CMSIS/Core/Include/cmsis_gcc.h **** /**
 297:Inc/CMSIS/Core/Include/cmsis_gcc.h ****   \brief   Get Main Stack Pointer
 298:Inc/CMSIS/Core/Include/cmsis_gcc.h ****   \details Returns the current value of the Main Stack Pointer (MSP).
 299:Inc/CMSIS/Core/Include/cmsis_gcc.h ****   \return               MSP Register value
 300:Inc/CMSIS/Core/Include/cmsis_gcc.h ****  */
 301:Inc/CMSIS/Core/Include/cmsis_gcc.h **** __STATIC_FORCEINLINE uint32_t __get_MSP(void)
 302:Inc/CMSIS/Core/Include/cmsis_gcc.h **** {
 303:Inc/CMSIS/Core/Include/cmsis_gcc.h ****   uint32_t result;
ARM GAS  /tmp/ccTvL2QU.s 			page 38


 304:Inc/CMSIS/Core/Include/cmsis_gcc.h **** 
 305:Inc/CMSIS/Core/Include/cmsis_gcc.h ****   __ASM volatile ("MRS %0, msp" : "=r" (result) );
 306:Inc/CMSIS/Core/Include/cmsis_gcc.h ****   return(result);
 307:Inc/CMSIS/Core/Include/cmsis_gcc.h **** }
 308:Inc/CMSIS/Core/Include/cmsis_gcc.h **** 
 309:Inc/CMSIS/Core/Include/cmsis_gcc.h **** 
 310:Inc/CMSIS/Core/Include/cmsis_gcc.h **** #if (defined (__ARM_FEATURE_CMSE ) && (__ARM_FEATURE_CMSE == 3))
 311:Inc/CMSIS/Core/Include/cmsis_gcc.h **** /**
 312:Inc/CMSIS/Core/Include/cmsis_gcc.h ****   \brief   Get Main Stack Pointer (non-secure)
 313:Inc/CMSIS/Core/Include/cmsis_gcc.h ****   \details Returns the current value of the non-secure Main Stack Pointer (MSP) when in secure stat
 314:Inc/CMSIS/Core/Include/cmsis_gcc.h ****   \return               MSP Register value
 315:Inc/CMSIS/Core/Include/cmsis_gcc.h ****  */
 316:Inc/CMSIS/Core/Include/cmsis_gcc.h **** __STATIC_FORCEINLINE uint32_t __TZ_get_MSP_NS(void)
 317:Inc/CMSIS/Core/Include/cmsis_gcc.h **** {
 318:Inc/CMSIS/Core/Include/cmsis_gcc.h ****   uint32_t result;
 319:Inc/CMSIS/Core/Include/cmsis_gcc.h **** 
 320:Inc/CMSIS/Core/Include/cmsis_gcc.h ****   __ASM volatile ("MRS %0, msp_ns" : "=r" (result) );
 321:Inc/CMSIS/Core/Include/cmsis_gcc.h ****   return(result);
 322:Inc/CMSIS/Core/Include/cmsis_gcc.h **** }
 323:Inc/CMSIS/Core/Include/cmsis_gcc.h **** #endif
 324:Inc/CMSIS/Core/Include/cmsis_gcc.h **** 
 325:Inc/CMSIS/Core/Include/cmsis_gcc.h **** 
 326:Inc/CMSIS/Core/Include/cmsis_gcc.h **** /**
 327:Inc/CMSIS/Core/Include/cmsis_gcc.h ****   \brief   Set Main Stack Pointer
 328:Inc/CMSIS/Core/Include/cmsis_gcc.h ****   \details Assigns the given value to the Main Stack Pointer (MSP).
 329:Inc/CMSIS/Core/Include/cmsis_gcc.h ****   \param [in]    topOfMainStack  Main Stack Pointer value to set
 330:Inc/CMSIS/Core/Include/cmsis_gcc.h ****  */
 331:Inc/CMSIS/Core/Include/cmsis_gcc.h **** __STATIC_FORCEINLINE void __set_MSP(uint32_t topOfMainStack)
 332:Inc/CMSIS/Core/Include/cmsis_gcc.h **** {
 333:Inc/CMSIS/Core/Include/cmsis_gcc.h ****   __ASM volatile ("MSR msp, %0" : : "r" (topOfMainStack) : );
 334:Inc/CMSIS/Core/Include/cmsis_gcc.h **** }
 335:Inc/CMSIS/Core/Include/cmsis_gcc.h **** 
 336:Inc/CMSIS/Core/Include/cmsis_gcc.h **** 
 337:Inc/CMSIS/Core/Include/cmsis_gcc.h **** #if (defined (__ARM_FEATURE_CMSE ) && (__ARM_FEATURE_CMSE == 3))
 338:Inc/CMSIS/Core/Include/cmsis_gcc.h **** /**
 339:Inc/CMSIS/Core/Include/cmsis_gcc.h ****   \brief   Set Main Stack Pointer (non-secure)
 340:Inc/CMSIS/Core/Include/cmsis_gcc.h ****   \details Assigns the given value to the non-secure Main Stack Pointer (MSP) when in secure state.
 341:Inc/CMSIS/Core/Include/cmsis_gcc.h ****   \param [in]    topOfMainStack  Main Stack Pointer value to set
 342:Inc/CMSIS/Core/Include/cmsis_gcc.h ****  */
 343:Inc/CMSIS/Core/Include/cmsis_gcc.h **** __STATIC_FORCEINLINE void __TZ_set_MSP_NS(uint32_t topOfMainStack)
 344:Inc/CMSIS/Core/Include/cmsis_gcc.h **** {
 345:Inc/CMSIS/Core/Include/cmsis_gcc.h ****   __ASM volatile ("MSR msp_ns, %0" : : "r" (topOfMainStack) : );
 346:Inc/CMSIS/Core/Include/cmsis_gcc.h **** }
 347:Inc/CMSIS/Core/Include/cmsis_gcc.h **** #endif
 348:Inc/CMSIS/Core/Include/cmsis_gcc.h **** 
 349:Inc/CMSIS/Core/Include/cmsis_gcc.h **** 
 350:Inc/CMSIS/Core/Include/cmsis_gcc.h **** #if (defined (__ARM_FEATURE_CMSE ) && (__ARM_FEATURE_CMSE == 3))
 351:Inc/CMSIS/Core/Include/cmsis_gcc.h **** /**
 352:Inc/CMSIS/Core/Include/cmsis_gcc.h ****   \brief   Get Stack Pointer (non-secure)
 353:Inc/CMSIS/Core/Include/cmsis_gcc.h ****   \details Returns the current value of the non-secure Stack Pointer (SP) when in secure state.
 354:Inc/CMSIS/Core/Include/cmsis_gcc.h ****   \return               SP Register value
 355:Inc/CMSIS/Core/Include/cmsis_gcc.h ****  */
 356:Inc/CMSIS/Core/Include/cmsis_gcc.h **** __STATIC_FORCEINLINE uint32_t __TZ_get_SP_NS(void)
 357:Inc/CMSIS/Core/Include/cmsis_gcc.h **** {
 358:Inc/CMSIS/Core/Include/cmsis_gcc.h ****   uint32_t result;
 359:Inc/CMSIS/Core/Include/cmsis_gcc.h **** 
 360:Inc/CMSIS/Core/Include/cmsis_gcc.h ****   __ASM volatile ("MRS %0, sp_ns" : "=r" (result) );
ARM GAS  /tmp/ccTvL2QU.s 			page 39


 361:Inc/CMSIS/Core/Include/cmsis_gcc.h ****   return(result);
 362:Inc/CMSIS/Core/Include/cmsis_gcc.h **** }
 363:Inc/CMSIS/Core/Include/cmsis_gcc.h **** 
 364:Inc/CMSIS/Core/Include/cmsis_gcc.h **** 
 365:Inc/CMSIS/Core/Include/cmsis_gcc.h **** /**
 366:Inc/CMSIS/Core/Include/cmsis_gcc.h ****   \brief   Set Stack Pointer (non-secure)
 367:Inc/CMSIS/Core/Include/cmsis_gcc.h ****   \details Assigns the given value to the non-secure Stack Pointer (SP) when in secure state.
 368:Inc/CMSIS/Core/Include/cmsis_gcc.h ****   \param [in]    topOfStack  Stack Pointer value to set
 369:Inc/CMSIS/Core/Include/cmsis_gcc.h ****  */
 370:Inc/CMSIS/Core/Include/cmsis_gcc.h **** __STATIC_FORCEINLINE void __TZ_set_SP_NS(uint32_t topOfStack)
 371:Inc/CMSIS/Core/Include/cmsis_gcc.h **** {
 372:Inc/CMSIS/Core/Include/cmsis_gcc.h ****   __ASM volatile ("MSR sp_ns, %0" : : "r" (topOfStack) : );
 373:Inc/CMSIS/Core/Include/cmsis_gcc.h **** }
 374:Inc/CMSIS/Core/Include/cmsis_gcc.h **** #endif
 375:Inc/CMSIS/Core/Include/cmsis_gcc.h **** 
 376:Inc/CMSIS/Core/Include/cmsis_gcc.h **** 
 377:Inc/CMSIS/Core/Include/cmsis_gcc.h **** /**
 378:Inc/CMSIS/Core/Include/cmsis_gcc.h ****   \brief   Get Priority Mask
 379:Inc/CMSIS/Core/Include/cmsis_gcc.h ****   \details Returns the current state of the priority mask bit from the Priority Mask Register.
 380:Inc/CMSIS/Core/Include/cmsis_gcc.h ****   \return               Priority Mask value
 381:Inc/CMSIS/Core/Include/cmsis_gcc.h ****  */
 382:Inc/CMSIS/Core/Include/cmsis_gcc.h **** __STATIC_FORCEINLINE uint32_t __get_PRIMASK(void)
 383:Inc/CMSIS/Core/Include/cmsis_gcc.h **** {
 384:Inc/CMSIS/Core/Include/cmsis_gcc.h ****   uint32_t result;
 385:Inc/CMSIS/Core/Include/cmsis_gcc.h **** 
 386:Inc/CMSIS/Core/Include/cmsis_gcc.h ****   __ASM volatile ("MRS %0, primask" : "=r" (result) :: "memory");
 387:Inc/CMSIS/Core/Include/cmsis_gcc.h ****   return(result);
 388:Inc/CMSIS/Core/Include/cmsis_gcc.h **** }
 389:Inc/CMSIS/Core/Include/cmsis_gcc.h **** 
 390:Inc/CMSIS/Core/Include/cmsis_gcc.h **** 
 391:Inc/CMSIS/Core/Include/cmsis_gcc.h **** #if (defined (__ARM_FEATURE_CMSE ) && (__ARM_FEATURE_CMSE == 3))
 392:Inc/CMSIS/Core/Include/cmsis_gcc.h **** /**
 393:Inc/CMSIS/Core/Include/cmsis_gcc.h ****   \brief   Get Priority Mask (non-secure)
 394:Inc/CMSIS/Core/Include/cmsis_gcc.h ****   \details Returns the current state of the non-secure priority mask bit from the Priority Mask Reg
 395:Inc/CMSIS/Core/Include/cmsis_gcc.h ****   \return               Priority Mask value
 396:Inc/CMSIS/Core/Include/cmsis_gcc.h ****  */
 397:Inc/CMSIS/Core/Include/cmsis_gcc.h **** __STATIC_FORCEINLINE uint32_t __TZ_get_PRIMASK_NS(void)
 398:Inc/CMSIS/Core/Include/cmsis_gcc.h **** {
 399:Inc/CMSIS/Core/Include/cmsis_gcc.h ****   uint32_t result;
 400:Inc/CMSIS/Core/Include/cmsis_gcc.h **** 
 401:Inc/CMSIS/Core/Include/cmsis_gcc.h ****   __ASM volatile ("MRS %0, primask_ns" : "=r" (result) :: "memory");
 402:Inc/CMSIS/Core/Include/cmsis_gcc.h ****   return(result);
 403:Inc/CMSIS/Core/Include/cmsis_gcc.h **** }
 404:Inc/CMSIS/Core/Include/cmsis_gcc.h **** #endif
 405:Inc/CMSIS/Core/Include/cmsis_gcc.h **** 
 406:Inc/CMSIS/Core/Include/cmsis_gcc.h **** 
 407:Inc/CMSIS/Core/Include/cmsis_gcc.h **** /**
 408:Inc/CMSIS/Core/Include/cmsis_gcc.h ****   \brief   Set Priority Mask
 409:Inc/CMSIS/Core/Include/cmsis_gcc.h ****   \details Assigns the given value to the Priority Mask Register.
 410:Inc/CMSIS/Core/Include/cmsis_gcc.h ****   \param [in]    priMask  Priority Mask
 411:Inc/CMSIS/Core/Include/cmsis_gcc.h ****  */
 412:Inc/CMSIS/Core/Include/cmsis_gcc.h **** __STATIC_FORCEINLINE void __set_PRIMASK(uint32_t priMask)
 413:Inc/CMSIS/Core/Include/cmsis_gcc.h **** {
 414:Inc/CMSIS/Core/Include/cmsis_gcc.h ****   __ASM volatile ("MSR primask, %0" : : "r" (priMask) : "memory");
 415:Inc/CMSIS/Core/Include/cmsis_gcc.h **** }
 416:Inc/CMSIS/Core/Include/cmsis_gcc.h **** 
 417:Inc/CMSIS/Core/Include/cmsis_gcc.h **** 
ARM GAS  /tmp/ccTvL2QU.s 			page 40


 418:Inc/CMSIS/Core/Include/cmsis_gcc.h **** #if (defined (__ARM_FEATURE_CMSE ) && (__ARM_FEATURE_CMSE == 3))
 419:Inc/CMSIS/Core/Include/cmsis_gcc.h **** /**
 420:Inc/CMSIS/Core/Include/cmsis_gcc.h ****   \brief   Set Priority Mask (non-secure)
 421:Inc/CMSIS/Core/Include/cmsis_gcc.h ****   \details Assigns the given value to the non-secure Priority Mask Register when in secure state.
 422:Inc/CMSIS/Core/Include/cmsis_gcc.h ****   \param [in]    priMask  Priority Mask
 423:Inc/CMSIS/Core/Include/cmsis_gcc.h ****  */
 424:Inc/CMSIS/Core/Include/cmsis_gcc.h **** __STATIC_FORCEINLINE void __TZ_set_PRIMASK_NS(uint32_t priMask)
 425:Inc/CMSIS/Core/Include/cmsis_gcc.h **** {
 426:Inc/CMSIS/Core/Include/cmsis_gcc.h ****   __ASM volatile ("MSR primask_ns, %0" : : "r" (priMask) : "memory");
 427:Inc/CMSIS/Core/Include/cmsis_gcc.h **** }
 428:Inc/CMSIS/Core/Include/cmsis_gcc.h **** #endif
 429:Inc/CMSIS/Core/Include/cmsis_gcc.h **** 
 430:Inc/CMSIS/Core/Include/cmsis_gcc.h **** 
 431:Inc/CMSIS/Core/Include/cmsis_gcc.h **** #if ((defined (__ARM_ARCH_7M__      ) && (__ARM_ARCH_7M__      == 1)) || \
 432:Inc/CMSIS/Core/Include/cmsis_gcc.h ****      (defined (__ARM_ARCH_7EM__     ) && (__ARM_ARCH_7EM__     == 1)) || \
 433:Inc/CMSIS/Core/Include/cmsis_gcc.h ****      (defined (__ARM_ARCH_8M_MAIN__ ) && (__ARM_ARCH_8M_MAIN__ == 1))    )
 434:Inc/CMSIS/Core/Include/cmsis_gcc.h **** /**
 435:Inc/CMSIS/Core/Include/cmsis_gcc.h ****   \brief   Enable FIQ
 436:Inc/CMSIS/Core/Include/cmsis_gcc.h ****   \details Enables FIQ interrupts by clearing the F-bit in the CPSR.
 437:Inc/CMSIS/Core/Include/cmsis_gcc.h ****            Can only be executed in Privileged modes.
 438:Inc/CMSIS/Core/Include/cmsis_gcc.h ****  */
 439:Inc/CMSIS/Core/Include/cmsis_gcc.h **** __STATIC_FORCEINLINE void __enable_fault_irq(void)
 440:Inc/CMSIS/Core/Include/cmsis_gcc.h **** {
 441:Inc/CMSIS/Core/Include/cmsis_gcc.h ****   __ASM volatile ("cpsie f" : : : "memory");
 442:Inc/CMSIS/Core/Include/cmsis_gcc.h **** }
 443:Inc/CMSIS/Core/Include/cmsis_gcc.h **** 
 444:Inc/CMSIS/Core/Include/cmsis_gcc.h **** 
 445:Inc/CMSIS/Core/Include/cmsis_gcc.h **** /**
 446:Inc/CMSIS/Core/Include/cmsis_gcc.h ****   \brief   Disable FIQ
 447:Inc/CMSIS/Core/Include/cmsis_gcc.h ****   \details Disables FIQ interrupts by setting the F-bit in the CPSR.
 448:Inc/CMSIS/Core/Include/cmsis_gcc.h ****            Can only be executed in Privileged modes.
 449:Inc/CMSIS/Core/Include/cmsis_gcc.h ****  */
 450:Inc/CMSIS/Core/Include/cmsis_gcc.h **** __STATIC_FORCEINLINE void __disable_fault_irq(void)
 451:Inc/CMSIS/Core/Include/cmsis_gcc.h **** {
 452:Inc/CMSIS/Core/Include/cmsis_gcc.h ****   __ASM volatile ("cpsid f" : : : "memory");
 453:Inc/CMSIS/Core/Include/cmsis_gcc.h **** }
 454:Inc/CMSIS/Core/Include/cmsis_gcc.h **** 
 455:Inc/CMSIS/Core/Include/cmsis_gcc.h **** 
 456:Inc/CMSIS/Core/Include/cmsis_gcc.h **** /**
 457:Inc/CMSIS/Core/Include/cmsis_gcc.h ****   \brief   Get Base Priority
 458:Inc/CMSIS/Core/Include/cmsis_gcc.h ****   \details Returns the current value of the Base Priority register.
 459:Inc/CMSIS/Core/Include/cmsis_gcc.h ****   \return               Base Priority register value
 460:Inc/CMSIS/Core/Include/cmsis_gcc.h ****  */
 461:Inc/CMSIS/Core/Include/cmsis_gcc.h **** __STATIC_FORCEINLINE uint32_t __get_BASEPRI(void)
 462:Inc/CMSIS/Core/Include/cmsis_gcc.h **** {
 463:Inc/CMSIS/Core/Include/cmsis_gcc.h ****   uint32_t result;
 464:Inc/CMSIS/Core/Include/cmsis_gcc.h **** 
 465:Inc/CMSIS/Core/Include/cmsis_gcc.h ****   __ASM volatile ("MRS %0, basepri" : "=r" (result) );
 466:Inc/CMSIS/Core/Include/cmsis_gcc.h ****   return(result);
 467:Inc/CMSIS/Core/Include/cmsis_gcc.h **** }
 468:Inc/CMSIS/Core/Include/cmsis_gcc.h **** 
 469:Inc/CMSIS/Core/Include/cmsis_gcc.h **** 
 470:Inc/CMSIS/Core/Include/cmsis_gcc.h **** #if (defined (__ARM_FEATURE_CMSE ) && (__ARM_FEATURE_CMSE == 3))
 471:Inc/CMSIS/Core/Include/cmsis_gcc.h **** /**
 472:Inc/CMSIS/Core/Include/cmsis_gcc.h ****   \brief   Get Base Priority (non-secure)
 473:Inc/CMSIS/Core/Include/cmsis_gcc.h ****   \details Returns the current value of the non-secure Base Priority register when in secure state.
 474:Inc/CMSIS/Core/Include/cmsis_gcc.h ****   \return               Base Priority register value
ARM GAS  /tmp/ccTvL2QU.s 			page 41


 475:Inc/CMSIS/Core/Include/cmsis_gcc.h ****  */
 476:Inc/CMSIS/Core/Include/cmsis_gcc.h **** __STATIC_FORCEINLINE uint32_t __TZ_get_BASEPRI_NS(void)
 477:Inc/CMSIS/Core/Include/cmsis_gcc.h **** {
 478:Inc/CMSIS/Core/Include/cmsis_gcc.h ****   uint32_t result;
 479:Inc/CMSIS/Core/Include/cmsis_gcc.h **** 
 480:Inc/CMSIS/Core/Include/cmsis_gcc.h ****   __ASM volatile ("MRS %0, basepri_ns" : "=r" (result) );
 481:Inc/CMSIS/Core/Include/cmsis_gcc.h ****   return(result);
 482:Inc/CMSIS/Core/Include/cmsis_gcc.h **** }
 483:Inc/CMSIS/Core/Include/cmsis_gcc.h **** #endif
 484:Inc/CMSIS/Core/Include/cmsis_gcc.h **** 
 485:Inc/CMSIS/Core/Include/cmsis_gcc.h **** 
 486:Inc/CMSIS/Core/Include/cmsis_gcc.h **** /**
 487:Inc/CMSIS/Core/Include/cmsis_gcc.h ****   \brief   Set Base Priority
 488:Inc/CMSIS/Core/Include/cmsis_gcc.h ****   \details Assigns the given value to the Base Priority register.
 489:Inc/CMSIS/Core/Include/cmsis_gcc.h ****   \param [in]    basePri  Base Priority value to set
 490:Inc/CMSIS/Core/Include/cmsis_gcc.h ****  */
 491:Inc/CMSIS/Core/Include/cmsis_gcc.h **** __STATIC_FORCEINLINE void __set_BASEPRI(uint32_t basePri)
 492:Inc/CMSIS/Core/Include/cmsis_gcc.h **** {
 493:Inc/CMSIS/Core/Include/cmsis_gcc.h ****   __ASM volatile ("MSR basepri, %0" : : "r" (basePri) : "memory");
 494:Inc/CMSIS/Core/Include/cmsis_gcc.h **** }
 495:Inc/CMSIS/Core/Include/cmsis_gcc.h **** 
 496:Inc/CMSIS/Core/Include/cmsis_gcc.h **** 
 497:Inc/CMSIS/Core/Include/cmsis_gcc.h **** #if (defined (__ARM_FEATURE_CMSE ) && (__ARM_FEATURE_CMSE == 3))
 498:Inc/CMSIS/Core/Include/cmsis_gcc.h **** /**
 499:Inc/CMSIS/Core/Include/cmsis_gcc.h ****   \brief   Set Base Priority (non-secure)
 500:Inc/CMSIS/Core/Include/cmsis_gcc.h ****   \details Assigns the given value to the non-secure Base Priority register when in secure state.
 501:Inc/CMSIS/Core/Include/cmsis_gcc.h ****   \param [in]    basePri  Base Priority value to set
 502:Inc/CMSIS/Core/Include/cmsis_gcc.h ****  */
 503:Inc/CMSIS/Core/Include/cmsis_gcc.h **** __STATIC_FORCEINLINE void __TZ_set_BASEPRI_NS(uint32_t basePri)
 504:Inc/CMSIS/Core/Include/cmsis_gcc.h **** {
 505:Inc/CMSIS/Core/Include/cmsis_gcc.h ****   __ASM volatile ("MSR basepri_ns, %0" : : "r" (basePri) : "memory");
 506:Inc/CMSIS/Core/Include/cmsis_gcc.h **** }
 507:Inc/CMSIS/Core/Include/cmsis_gcc.h **** #endif
 508:Inc/CMSIS/Core/Include/cmsis_gcc.h **** 
 509:Inc/CMSIS/Core/Include/cmsis_gcc.h **** 
 510:Inc/CMSIS/Core/Include/cmsis_gcc.h **** /**
 511:Inc/CMSIS/Core/Include/cmsis_gcc.h ****   \brief   Set Base Priority with condition
 512:Inc/CMSIS/Core/Include/cmsis_gcc.h ****   \details Assigns the given value to the Base Priority register only if BASEPRI masking is disable
 513:Inc/CMSIS/Core/Include/cmsis_gcc.h ****            or the new value increases the BASEPRI priority level.
 514:Inc/CMSIS/Core/Include/cmsis_gcc.h ****   \param [in]    basePri  Base Priority value to set
 515:Inc/CMSIS/Core/Include/cmsis_gcc.h ****  */
 516:Inc/CMSIS/Core/Include/cmsis_gcc.h **** __STATIC_FORCEINLINE void __set_BASEPRI_MAX(uint32_t basePri)
 517:Inc/CMSIS/Core/Include/cmsis_gcc.h **** {
 518:Inc/CMSIS/Core/Include/cmsis_gcc.h ****   __ASM volatile ("MSR basepri_max, %0" : : "r" (basePri) : "memory");
 519:Inc/CMSIS/Core/Include/cmsis_gcc.h **** }
 520:Inc/CMSIS/Core/Include/cmsis_gcc.h **** 
 521:Inc/CMSIS/Core/Include/cmsis_gcc.h **** 
 522:Inc/CMSIS/Core/Include/cmsis_gcc.h **** /**
 523:Inc/CMSIS/Core/Include/cmsis_gcc.h ****   \brief   Get Fault Mask
 524:Inc/CMSIS/Core/Include/cmsis_gcc.h ****   \details Returns the current value of the Fault Mask register.
 525:Inc/CMSIS/Core/Include/cmsis_gcc.h ****   \return               Fault Mask register value
 526:Inc/CMSIS/Core/Include/cmsis_gcc.h ****  */
 527:Inc/CMSIS/Core/Include/cmsis_gcc.h **** __STATIC_FORCEINLINE uint32_t __get_FAULTMASK(void)
 528:Inc/CMSIS/Core/Include/cmsis_gcc.h **** {
 529:Inc/CMSIS/Core/Include/cmsis_gcc.h ****   uint32_t result;
 530:Inc/CMSIS/Core/Include/cmsis_gcc.h **** 
 531:Inc/CMSIS/Core/Include/cmsis_gcc.h ****   __ASM volatile ("MRS %0, faultmask" : "=r" (result) );
ARM GAS  /tmp/ccTvL2QU.s 			page 42


 532:Inc/CMSIS/Core/Include/cmsis_gcc.h ****   return(result);
 533:Inc/CMSIS/Core/Include/cmsis_gcc.h **** }
 534:Inc/CMSIS/Core/Include/cmsis_gcc.h **** 
 535:Inc/CMSIS/Core/Include/cmsis_gcc.h **** 
 536:Inc/CMSIS/Core/Include/cmsis_gcc.h **** #if (defined (__ARM_FEATURE_CMSE ) && (__ARM_FEATURE_CMSE == 3))
 537:Inc/CMSIS/Core/Include/cmsis_gcc.h **** /**
 538:Inc/CMSIS/Core/Include/cmsis_gcc.h ****   \brief   Get Fault Mask (non-secure)
 539:Inc/CMSIS/Core/Include/cmsis_gcc.h ****   \details Returns the current value of the non-secure Fault Mask register when in secure state.
 540:Inc/CMSIS/Core/Include/cmsis_gcc.h ****   \return               Fault Mask register value
 541:Inc/CMSIS/Core/Include/cmsis_gcc.h ****  */
 542:Inc/CMSIS/Core/Include/cmsis_gcc.h **** __STATIC_FORCEINLINE uint32_t __TZ_get_FAULTMASK_NS(void)
 543:Inc/CMSIS/Core/Include/cmsis_gcc.h **** {
 544:Inc/CMSIS/Core/Include/cmsis_gcc.h ****   uint32_t result;
 545:Inc/CMSIS/Core/Include/cmsis_gcc.h **** 
 546:Inc/CMSIS/Core/Include/cmsis_gcc.h ****   __ASM volatile ("MRS %0, faultmask_ns" : "=r" (result) );
 547:Inc/CMSIS/Core/Include/cmsis_gcc.h ****   return(result);
 548:Inc/CMSIS/Core/Include/cmsis_gcc.h **** }
 549:Inc/CMSIS/Core/Include/cmsis_gcc.h **** #endif
 550:Inc/CMSIS/Core/Include/cmsis_gcc.h **** 
 551:Inc/CMSIS/Core/Include/cmsis_gcc.h **** 
 552:Inc/CMSIS/Core/Include/cmsis_gcc.h **** /**
 553:Inc/CMSIS/Core/Include/cmsis_gcc.h ****   \brief   Set Fault Mask
 554:Inc/CMSIS/Core/Include/cmsis_gcc.h ****   \details Assigns the given value to the Fault Mask register.
 555:Inc/CMSIS/Core/Include/cmsis_gcc.h ****   \param [in]    faultMask  Fault Mask value to set
 556:Inc/CMSIS/Core/Include/cmsis_gcc.h ****  */
 557:Inc/CMSIS/Core/Include/cmsis_gcc.h **** __STATIC_FORCEINLINE void __set_FAULTMASK(uint32_t faultMask)
 558:Inc/CMSIS/Core/Include/cmsis_gcc.h **** {
 559:Inc/CMSIS/Core/Include/cmsis_gcc.h ****   __ASM volatile ("MSR faultmask, %0" : : "r" (faultMask) : "memory");
 560:Inc/CMSIS/Core/Include/cmsis_gcc.h **** }
 561:Inc/CMSIS/Core/Include/cmsis_gcc.h **** 
 562:Inc/CMSIS/Core/Include/cmsis_gcc.h **** 
 563:Inc/CMSIS/Core/Include/cmsis_gcc.h **** #if (defined (__ARM_FEATURE_CMSE ) && (__ARM_FEATURE_CMSE == 3))
 564:Inc/CMSIS/Core/Include/cmsis_gcc.h **** /**
 565:Inc/CMSIS/Core/Include/cmsis_gcc.h ****   \brief   Set Fault Mask (non-secure)
 566:Inc/CMSIS/Core/Include/cmsis_gcc.h ****   \details Assigns the given value to the non-secure Fault Mask register when in secure state.
 567:Inc/CMSIS/Core/Include/cmsis_gcc.h ****   \param [in]    faultMask  Fault Mask value to set
 568:Inc/CMSIS/Core/Include/cmsis_gcc.h ****  */
 569:Inc/CMSIS/Core/Include/cmsis_gcc.h **** __STATIC_FORCEINLINE void __TZ_set_FAULTMASK_NS(uint32_t faultMask)
 570:Inc/CMSIS/Core/Include/cmsis_gcc.h **** {
 571:Inc/CMSIS/Core/Include/cmsis_gcc.h ****   __ASM volatile ("MSR faultmask_ns, %0" : : "r" (faultMask) : "memory");
 572:Inc/CMSIS/Core/Include/cmsis_gcc.h **** }
 573:Inc/CMSIS/Core/Include/cmsis_gcc.h **** #endif
 574:Inc/CMSIS/Core/Include/cmsis_gcc.h **** 
 575:Inc/CMSIS/Core/Include/cmsis_gcc.h **** #endif /* ((defined (__ARM_ARCH_7M__      ) && (__ARM_ARCH_7M__      == 1)) || \
 576:Inc/CMSIS/Core/Include/cmsis_gcc.h ****            (defined (__ARM_ARCH_7EM__     ) && (__ARM_ARCH_7EM__     == 1)) || \
 577:Inc/CMSIS/Core/Include/cmsis_gcc.h ****            (defined (__ARM_ARCH_8M_MAIN__ ) && (__ARM_ARCH_8M_MAIN__ == 1))    ) */
 578:Inc/CMSIS/Core/Include/cmsis_gcc.h **** 
 579:Inc/CMSIS/Core/Include/cmsis_gcc.h **** 
 580:Inc/CMSIS/Core/Include/cmsis_gcc.h **** #if ((defined (__ARM_ARCH_8M_MAIN__ ) && (__ARM_ARCH_8M_MAIN__ == 1)) || \
 581:Inc/CMSIS/Core/Include/cmsis_gcc.h ****      (defined (__ARM_ARCH_8M_BASE__ ) && (__ARM_ARCH_8M_BASE__ == 1))    )
 582:Inc/CMSIS/Core/Include/cmsis_gcc.h **** 
 583:Inc/CMSIS/Core/Include/cmsis_gcc.h **** /**
 584:Inc/CMSIS/Core/Include/cmsis_gcc.h ****   \brief   Get Process Stack Pointer Limit
 585:Inc/CMSIS/Core/Include/cmsis_gcc.h ****   Devices without ARMv8-M Main Extensions (i.e. Cortex-M23) lack the non-secure
 586:Inc/CMSIS/Core/Include/cmsis_gcc.h ****   Stack Pointer Limit register hence zero is returned always in non-secure
 587:Inc/CMSIS/Core/Include/cmsis_gcc.h ****   mode.
 588:Inc/CMSIS/Core/Include/cmsis_gcc.h ****   
ARM GAS  /tmp/ccTvL2QU.s 			page 43


 589:Inc/CMSIS/Core/Include/cmsis_gcc.h ****   \details Returns the current value of the Process Stack Pointer Limit (PSPLIM).
 590:Inc/CMSIS/Core/Include/cmsis_gcc.h ****   \return               PSPLIM Register value
 591:Inc/CMSIS/Core/Include/cmsis_gcc.h ****  */
 592:Inc/CMSIS/Core/Include/cmsis_gcc.h **** __STATIC_FORCEINLINE uint32_t __get_PSPLIM(void)
 593:Inc/CMSIS/Core/Include/cmsis_gcc.h **** {
 594:Inc/CMSIS/Core/Include/cmsis_gcc.h **** #if (!(defined (__ARM_ARCH_8M_MAIN__ ) && (__ARM_ARCH_8M_MAIN__ == 1)) && \
 595:Inc/CMSIS/Core/Include/cmsis_gcc.h ****     (!defined (__ARM_FEATURE_CMSE) || (__ARM_FEATURE_CMSE < 3)))
 596:Inc/CMSIS/Core/Include/cmsis_gcc.h ****     // without main extensions, the non-secure PSPLIM is RAZ/WI
 597:Inc/CMSIS/Core/Include/cmsis_gcc.h ****   return 0U;
 598:Inc/CMSIS/Core/Include/cmsis_gcc.h **** #else
 599:Inc/CMSIS/Core/Include/cmsis_gcc.h ****   uint32_t result;
 600:Inc/CMSIS/Core/Include/cmsis_gcc.h ****   __ASM volatile ("MRS %0, psplim"  : "=r" (result) );
 601:Inc/CMSIS/Core/Include/cmsis_gcc.h ****   return result;
 602:Inc/CMSIS/Core/Include/cmsis_gcc.h **** #endif
 603:Inc/CMSIS/Core/Include/cmsis_gcc.h **** }
 604:Inc/CMSIS/Core/Include/cmsis_gcc.h **** 
 605:Inc/CMSIS/Core/Include/cmsis_gcc.h **** #if (defined (__ARM_FEATURE_CMSE) && (__ARM_FEATURE_CMSE == 3))
 606:Inc/CMSIS/Core/Include/cmsis_gcc.h **** /**
 607:Inc/CMSIS/Core/Include/cmsis_gcc.h ****   \brief   Get Process Stack Pointer Limit (non-secure)
 608:Inc/CMSIS/Core/Include/cmsis_gcc.h ****   Devices without ARMv8-M Main Extensions (i.e. Cortex-M23) lack the non-secure
 609:Inc/CMSIS/Core/Include/cmsis_gcc.h ****   Stack Pointer Limit register hence zero is returned always.
 610:Inc/CMSIS/Core/Include/cmsis_gcc.h **** 
 611:Inc/CMSIS/Core/Include/cmsis_gcc.h ****   \details Returns the current value of the non-secure Process Stack Pointer Limit (PSPLIM) when in
 612:Inc/CMSIS/Core/Include/cmsis_gcc.h ****   \return               PSPLIM Register value
 613:Inc/CMSIS/Core/Include/cmsis_gcc.h ****  */
 614:Inc/CMSIS/Core/Include/cmsis_gcc.h **** __STATIC_FORCEINLINE uint32_t __TZ_get_PSPLIM_NS(void)
 615:Inc/CMSIS/Core/Include/cmsis_gcc.h **** {
 616:Inc/CMSIS/Core/Include/cmsis_gcc.h **** #if (!(defined (__ARM_ARCH_8M_MAIN__ ) && (__ARM_ARCH_8M_MAIN__ == 1)))
 617:Inc/CMSIS/Core/Include/cmsis_gcc.h ****   // without main extensions, the non-secure PSPLIM is RAZ/WI
 618:Inc/CMSIS/Core/Include/cmsis_gcc.h ****   return 0U;
 619:Inc/CMSIS/Core/Include/cmsis_gcc.h **** #else
 620:Inc/CMSIS/Core/Include/cmsis_gcc.h ****   uint32_t result;
 621:Inc/CMSIS/Core/Include/cmsis_gcc.h ****   __ASM volatile ("MRS %0, psplim_ns"  : "=r" (result) );
 622:Inc/CMSIS/Core/Include/cmsis_gcc.h ****   return result;
 623:Inc/CMSIS/Core/Include/cmsis_gcc.h **** #endif
 624:Inc/CMSIS/Core/Include/cmsis_gcc.h **** }
 625:Inc/CMSIS/Core/Include/cmsis_gcc.h **** #endif
 626:Inc/CMSIS/Core/Include/cmsis_gcc.h **** 
 627:Inc/CMSIS/Core/Include/cmsis_gcc.h **** 
 628:Inc/CMSIS/Core/Include/cmsis_gcc.h **** /**
 629:Inc/CMSIS/Core/Include/cmsis_gcc.h ****   \brief   Set Process Stack Pointer Limit
 630:Inc/CMSIS/Core/Include/cmsis_gcc.h ****   Devices without ARMv8-M Main Extensions (i.e. Cortex-M23) lack the non-secure
 631:Inc/CMSIS/Core/Include/cmsis_gcc.h ****   Stack Pointer Limit register hence the write is silently ignored in non-secure
 632:Inc/CMSIS/Core/Include/cmsis_gcc.h ****   mode.
 633:Inc/CMSIS/Core/Include/cmsis_gcc.h ****   
 634:Inc/CMSIS/Core/Include/cmsis_gcc.h ****   \details Assigns the given value to the Process Stack Pointer Limit (PSPLIM).
 635:Inc/CMSIS/Core/Include/cmsis_gcc.h ****   \param [in]    ProcStackPtrLimit  Process Stack Pointer Limit value to set
 636:Inc/CMSIS/Core/Include/cmsis_gcc.h ****  */
 637:Inc/CMSIS/Core/Include/cmsis_gcc.h **** __STATIC_FORCEINLINE void __set_PSPLIM(uint32_t ProcStackPtrLimit)
 638:Inc/CMSIS/Core/Include/cmsis_gcc.h **** {
 639:Inc/CMSIS/Core/Include/cmsis_gcc.h **** #if (!(defined (__ARM_ARCH_8M_MAIN__ ) && (__ARM_ARCH_8M_MAIN__ == 1)) && \
 640:Inc/CMSIS/Core/Include/cmsis_gcc.h ****     (!defined (__ARM_FEATURE_CMSE) || (__ARM_FEATURE_CMSE < 3)))
 641:Inc/CMSIS/Core/Include/cmsis_gcc.h ****   // without main extensions, the non-secure PSPLIM is RAZ/WI
 642:Inc/CMSIS/Core/Include/cmsis_gcc.h ****   (void)ProcStackPtrLimit;
 643:Inc/CMSIS/Core/Include/cmsis_gcc.h **** #else
 644:Inc/CMSIS/Core/Include/cmsis_gcc.h ****   __ASM volatile ("MSR psplim, %0" : : "r" (ProcStackPtrLimit));
 645:Inc/CMSIS/Core/Include/cmsis_gcc.h **** #endif
ARM GAS  /tmp/ccTvL2QU.s 			page 44


 646:Inc/CMSIS/Core/Include/cmsis_gcc.h **** }
 647:Inc/CMSIS/Core/Include/cmsis_gcc.h **** 
 648:Inc/CMSIS/Core/Include/cmsis_gcc.h **** 
 649:Inc/CMSIS/Core/Include/cmsis_gcc.h **** #if (defined (__ARM_FEATURE_CMSE  ) && (__ARM_FEATURE_CMSE   == 3))
 650:Inc/CMSIS/Core/Include/cmsis_gcc.h **** /**
 651:Inc/CMSIS/Core/Include/cmsis_gcc.h ****   \brief   Set Process Stack Pointer (non-secure)
 652:Inc/CMSIS/Core/Include/cmsis_gcc.h ****   Devices without ARMv8-M Main Extensions (i.e. Cortex-M23) lack the non-secure
 653:Inc/CMSIS/Core/Include/cmsis_gcc.h ****   Stack Pointer Limit register hence the write is silently ignored.
 654:Inc/CMSIS/Core/Include/cmsis_gcc.h **** 
 655:Inc/CMSIS/Core/Include/cmsis_gcc.h ****   \details Assigns the given value to the non-secure Process Stack Pointer Limit (PSPLIM) when in s
 656:Inc/CMSIS/Core/Include/cmsis_gcc.h ****   \param [in]    ProcStackPtrLimit  Process Stack Pointer Limit value to set
 657:Inc/CMSIS/Core/Include/cmsis_gcc.h ****  */
 658:Inc/CMSIS/Core/Include/cmsis_gcc.h **** __STATIC_FORCEINLINE void __TZ_set_PSPLIM_NS(uint32_t ProcStackPtrLimit)
 659:Inc/CMSIS/Core/Include/cmsis_gcc.h **** {
 660:Inc/CMSIS/Core/Include/cmsis_gcc.h **** #if (!(defined (__ARM_ARCH_8M_MAIN__ ) && (__ARM_ARCH_8M_MAIN__ == 1)))
 661:Inc/CMSIS/Core/Include/cmsis_gcc.h ****   // without main extensions, the non-secure PSPLIM is RAZ/WI
 662:Inc/CMSIS/Core/Include/cmsis_gcc.h ****   (void)ProcStackPtrLimit;
 663:Inc/CMSIS/Core/Include/cmsis_gcc.h **** #else
 664:Inc/CMSIS/Core/Include/cmsis_gcc.h ****   __ASM volatile ("MSR psplim_ns, %0\n" : : "r" (ProcStackPtrLimit));
 665:Inc/CMSIS/Core/Include/cmsis_gcc.h **** #endif
 666:Inc/CMSIS/Core/Include/cmsis_gcc.h **** }
 667:Inc/CMSIS/Core/Include/cmsis_gcc.h **** #endif
 668:Inc/CMSIS/Core/Include/cmsis_gcc.h **** 
 669:Inc/CMSIS/Core/Include/cmsis_gcc.h **** 
 670:Inc/CMSIS/Core/Include/cmsis_gcc.h **** /**
 671:Inc/CMSIS/Core/Include/cmsis_gcc.h ****   \brief   Get Main Stack Pointer Limit
 672:Inc/CMSIS/Core/Include/cmsis_gcc.h ****   Devices without ARMv8-M Main Extensions (i.e. Cortex-M23) lack the non-secure
 673:Inc/CMSIS/Core/Include/cmsis_gcc.h ****   Stack Pointer Limit register hence zero is returned always in non-secure
 674:Inc/CMSIS/Core/Include/cmsis_gcc.h ****   mode.
 675:Inc/CMSIS/Core/Include/cmsis_gcc.h **** 
 676:Inc/CMSIS/Core/Include/cmsis_gcc.h ****   \details Returns the current value of the Main Stack Pointer Limit (MSPLIM).
 677:Inc/CMSIS/Core/Include/cmsis_gcc.h ****   \return               MSPLIM Register value
 678:Inc/CMSIS/Core/Include/cmsis_gcc.h ****  */
 679:Inc/CMSIS/Core/Include/cmsis_gcc.h **** __STATIC_FORCEINLINE uint32_t __get_MSPLIM(void)
 680:Inc/CMSIS/Core/Include/cmsis_gcc.h **** {
 681:Inc/CMSIS/Core/Include/cmsis_gcc.h **** #if (!(defined (__ARM_ARCH_8M_MAIN__ ) && (__ARM_ARCH_8M_MAIN__ == 1)) && \
 682:Inc/CMSIS/Core/Include/cmsis_gcc.h ****     (!defined (__ARM_FEATURE_CMSE) || (__ARM_FEATURE_CMSE < 3)))
 683:Inc/CMSIS/Core/Include/cmsis_gcc.h ****   // without main extensions, the non-secure MSPLIM is RAZ/WI
 684:Inc/CMSIS/Core/Include/cmsis_gcc.h ****   return 0U;
 685:Inc/CMSIS/Core/Include/cmsis_gcc.h **** #else
 686:Inc/CMSIS/Core/Include/cmsis_gcc.h ****   uint32_t result;
 687:Inc/CMSIS/Core/Include/cmsis_gcc.h ****   __ASM volatile ("MRS %0, msplim" : "=r" (result) );
 688:Inc/CMSIS/Core/Include/cmsis_gcc.h ****   return result;
 689:Inc/CMSIS/Core/Include/cmsis_gcc.h **** #endif
 690:Inc/CMSIS/Core/Include/cmsis_gcc.h **** }
 691:Inc/CMSIS/Core/Include/cmsis_gcc.h **** 
 692:Inc/CMSIS/Core/Include/cmsis_gcc.h **** 
 693:Inc/CMSIS/Core/Include/cmsis_gcc.h **** #if (defined (__ARM_FEATURE_CMSE  ) && (__ARM_FEATURE_CMSE   == 3))
 694:Inc/CMSIS/Core/Include/cmsis_gcc.h **** /**
 695:Inc/CMSIS/Core/Include/cmsis_gcc.h ****   \brief   Get Main Stack Pointer Limit (non-secure)
 696:Inc/CMSIS/Core/Include/cmsis_gcc.h ****   Devices without ARMv8-M Main Extensions (i.e. Cortex-M23) lack the non-secure
 697:Inc/CMSIS/Core/Include/cmsis_gcc.h ****   Stack Pointer Limit register hence zero is returned always.
 698:Inc/CMSIS/Core/Include/cmsis_gcc.h **** 
 699:Inc/CMSIS/Core/Include/cmsis_gcc.h ****   \details Returns the current value of the non-secure Main Stack Pointer Limit(MSPLIM) when in sec
 700:Inc/CMSIS/Core/Include/cmsis_gcc.h ****   \return               MSPLIM Register value
 701:Inc/CMSIS/Core/Include/cmsis_gcc.h ****  */
 702:Inc/CMSIS/Core/Include/cmsis_gcc.h **** __STATIC_FORCEINLINE uint32_t __TZ_get_MSPLIM_NS(void)
ARM GAS  /tmp/ccTvL2QU.s 			page 45


 703:Inc/CMSIS/Core/Include/cmsis_gcc.h **** {
 704:Inc/CMSIS/Core/Include/cmsis_gcc.h **** #if (!(defined (__ARM_ARCH_8M_MAIN__ ) && (__ARM_ARCH_8M_MAIN__ == 1)))
 705:Inc/CMSIS/Core/Include/cmsis_gcc.h ****   // without main extensions, the non-secure MSPLIM is RAZ/WI
 706:Inc/CMSIS/Core/Include/cmsis_gcc.h ****   return 0U;
 707:Inc/CMSIS/Core/Include/cmsis_gcc.h **** #else
 708:Inc/CMSIS/Core/Include/cmsis_gcc.h ****   uint32_t result;
 709:Inc/CMSIS/Core/Include/cmsis_gcc.h ****   __ASM volatile ("MRS %0, msplim_ns" : "=r" (result) );
 710:Inc/CMSIS/Core/Include/cmsis_gcc.h ****   return result;
 711:Inc/CMSIS/Core/Include/cmsis_gcc.h **** #endif
 712:Inc/CMSIS/Core/Include/cmsis_gcc.h **** }
 713:Inc/CMSIS/Core/Include/cmsis_gcc.h **** #endif
 714:Inc/CMSIS/Core/Include/cmsis_gcc.h **** 
 715:Inc/CMSIS/Core/Include/cmsis_gcc.h **** 
 716:Inc/CMSIS/Core/Include/cmsis_gcc.h **** /**
 717:Inc/CMSIS/Core/Include/cmsis_gcc.h ****   \brief   Set Main Stack Pointer Limit
 718:Inc/CMSIS/Core/Include/cmsis_gcc.h ****   Devices without ARMv8-M Main Extensions (i.e. Cortex-M23) lack the non-secure
 719:Inc/CMSIS/Core/Include/cmsis_gcc.h ****   Stack Pointer Limit register hence the write is silently ignored in non-secure
 720:Inc/CMSIS/Core/Include/cmsis_gcc.h ****   mode.
 721:Inc/CMSIS/Core/Include/cmsis_gcc.h **** 
 722:Inc/CMSIS/Core/Include/cmsis_gcc.h ****   \details Assigns the given value to the Main Stack Pointer Limit (MSPLIM).
 723:Inc/CMSIS/Core/Include/cmsis_gcc.h ****   \param [in]    MainStackPtrLimit  Main Stack Pointer Limit value to set
 724:Inc/CMSIS/Core/Include/cmsis_gcc.h ****  */
 725:Inc/CMSIS/Core/Include/cmsis_gcc.h **** __STATIC_FORCEINLINE void __set_MSPLIM(uint32_t MainStackPtrLimit)
 726:Inc/CMSIS/Core/Include/cmsis_gcc.h **** {
 727:Inc/CMSIS/Core/Include/cmsis_gcc.h **** #if (!(defined (__ARM_ARCH_8M_MAIN__ ) && (__ARM_ARCH_8M_MAIN__ == 1)) && \
 728:Inc/CMSIS/Core/Include/cmsis_gcc.h ****     (!defined (__ARM_FEATURE_CMSE) || (__ARM_FEATURE_CMSE < 3)))
 729:Inc/CMSIS/Core/Include/cmsis_gcc.h ****   // without main extensions, the non-secure MSPLIM is RAZ/WI
 730:Inc/CMSIS/Core/Include/cmsis_gcc.h ****   (void)MainStackPtrLimit;
 731:Inc/CMSIS/Core/Include/cmsis_gcc.h **** #else
 732:Inc/CMSIS/Core/Include/cmsis_gcc.h ****   __ASM volatile ("MSR msplim, %0" : : "r" (MainStackPtrLimit));
 733:Inc/CMSIS/Core/Include/cmsis_gcc.h **** #endif
 734:Inc/CMSIS/Core/Include/cmsis_gcc.h **** }
 735:Inc/CMSIS/Core/Include/cmsis_gcc.h **** 
 736:Inc/CMSIS/Core/Include/cmsis_gcc.h **** 
 737:Inc/CMSIS/Core/Include/cmsis_gcc.h **** #if (defined (__ARM_FEATURE_CMSE  ) && (__ARM_FEATURE_CMSE   == 3))
 738:Inc/CMSIS/Core/Include/cmsis_gcc.h **** /**
 739:Inc/CMSIS/Core/Include/cmsis_gcc.h ****   \brief   Set Main Stack Pointer Limit (non-secure)
 740:Inc/CMSIS/Core/Include/cmsis_gcc.h ****   Devices without ARMv8-M Main Extensions (i.e. Cortex-M23) lack the non-secure
 741:Inc/CMSIS/Core/Include/cmsis_gcc.h ****   Stack Pointer Limit register hence the write is silently ignored.
 742:Inc/CMSIS/Core/Include/cmsis_gcc.h **** 
 743:Inc/CMSIS/Core/Include/cmsis_gcc.h ****   \details Assigns the given value to the non-secure Main Stack Pointer Limit (MSPLIM) when in secu
 744:Inc/CMSIS/Core/Include/cmsis_gcc.h ****   \param [in]    MainStackPtrLimit  Main Stack Pointer value to set
 745:Inc/CMSIS/Core/Include/cmsis_gcc.h ****  */
 746:Inc/CMSIS/Core/Include/cmsis_gcc.h **** __STATIC_FORCEINLINE void __TZ_set_MSPLIM_NS(uint32_t MainStackPtrLimit)
 747:Inc/CMSIS/Core/Include/cmsis_gcc.h **** {
 748:Inc/CMSIS/Core/Include/cmsis_gcc.h **** #if (!(defined (__ARM_ARCH_8M_MAIN__ ) && (__ARM_ARCH_8M_MAIN__ == 1)))
 749:Inc/CMSIS/Core/Include/cmsis_gcc.h ****   // without main extensions, the non-secure MSPLIM is RAZ/WI
 750:Inc/CMSIS/Core/Include/cmsis_gcc.h ****   (void)MainStackPtrLimit;
 751:Inc/CMSIS/Core/Include/cmsis_gcc.h **** #else
 752:Inc/CMSIS/Core/Include/cmsis_gcc.h ****   __ASM volatile ("MSR msplim_ns, %0" : : "r" (MainStackPtrLimit));
 753:Inc/CMSIS/Core/Include/cmsis_gcc.h **** #endif
 754:Inc/CMSIS/Core/Include/cmsis_gcc.h **** }
 755:Inc/CMSIS/Core/Include/cmsis_gcc.h **** #endif
 756:Inc/CMSIS/Core/Include/cmsis_gcc.h **** 
 757:Inc/CMSIS/Core/Include/cmsis_gcc.h **** #endif /* ((defined (__ARM_ARCH_8M_MAIN__ ) && (__ARM_ARCH_8M_MAIN__ == 1)) || \
 758:Inc/CMSIS/Core/Include/cmsis_gcc.h ****            (defined (__ARM_ARCH_8M_BASE__ ) && (__ARM_ARCH_8M_BASE__ == 1))    ) */
 759:Inc/CMSIS/Core/Include/cmsis_gcc.h **** 
ARM GAS  /tmp/ccTvL2QU.s 			page 46


 760:Inc/CMSIS/Core/Include/cmsis_gcc.h **** 
 761:Inc/CMSIS/Core/Include/cmsis_gcc.h **** /**
 762:Inc/CMSIS/Core/Include/cmsis_gcc.h ****   \brief   Get FPSCR
 763:Inc/CMSIS/Core/Include/cmsis_gcc.h ****   \details Returns the current value of the Floating Point Status/Control register.
 764:Inc/CMSIS/Core/Include/cmsis_gcc.h ****   \return               Floating Point Status/Control register value
 765:Inc/CMSIS/Core/Include/cmsis_gcc.h ****  */
 766:Inc/CMSIS/Core/Include/cmsis_gcc.h **** __STATIC_FORCEINLINE uint32_t __get_FPSCR(void)
 767:Inc/CMSIS/Core/Include/cmsis_gcc.h **** {
 768:Inc/CMSIS/Core/Include/cmsis_gcc.h **** #if ((defined (__FPU_PRESENT) && (__FPU_PRESENT == 1U)) && \
 769:Inc/CMSIS/Core/Include/cmsis_gcc.h ****      (defined (__FPU_USED   ) && (__FPU_USED    == 1U))     )
 770:Inc/CMSIS/Core/Include/cmsis_gcc.h **** #if __has_builtin(__builtin_arm_get_fpscr) 
 771:Inc/CMSIS/Core/Include/cmsis_gcc.h **** // Re-enable using built-in when GCC has been fixed
 772:Inc/CMSIS/Core/Include/cmsis_gcc.h **** // || (__GNUC__ > 7) || (__GNUC__ == 7 && __GNUC_MINOR__ >= 2)
 773:Inc/CMSIS/Core/Include/cmsis_gcc.h ****   /* see https://gcc.gnu.org/ml/gcc-patches/2017-04/msg00443.html */
 774:Inc/CMSIS/Core/Include/cmsis_gcc.h ****   return __builtin_arm_get_fpscr();
 775:Inc/CMSIS/Core/Include/cmsis_gcc.h **** #else
 776:Inc/CMSIS/Core/Include/cmsis_gcc.h ****   uint32_t result;
 777:Inc/CMSIS/Core/Include/cmsis_gcc.h **** 
 778:Inc/CMSIS/Core/Include/cmsis_gcc.h ****   __ASM volatile ("VMRS %0, fpscr" : "=r" (result) );
 779:Inc/CMSIS/Core/Include/cmsis_gcc.h ****   return(result);
 780:Inc/CMSIS/Core/Include/cmsis_gcc.h **** #endif
 781:Inc/CMSIS/Core/Include/cmsis_gcc.h **** #else
 782:Inc/CMSIS/Core/Include/cmsis_gcc.h ****   return(0U);
 783:Inc/CMSIS/Core/Include/cmsis_gcc.h **** #endif
 784:Inc/CMSIS/Core/Include/cmsis_gcc.h **** }
 785:Inc/CMSIS/Core/Include/cmsis_gcc.h **** 
 786:Inc/CMSIS/Core/Include/cmsis_gcc.h **** 
 787:Inc/CMSIS/Core/Include/cmsis_gcc.h **** /**
 788:Inc/CMSIS/Core/Include/cmsis_gcc.h ****   \brief   Set FPSCR
 789:Inc/CMSIS/Core/Include/cmsis_gcc.h ****   \details Assigns the given value to the Floating Point Status/Control register.
 790:Inc/CMSIS/Core/Include/cmsis_gcc.h ****   \param [in]    fpscr  Floating Point Status/Control value to set
 791:Inc/CMSIS/Core/Include/cmsis_gcc.h ****  */
 792:Inc/CMSIS/Core/Include/cmsis_gcc.h **** __STATIC_FORCEINLINE void __set_FPSCR(uint32_t fpscr)
 793:Inc/CMSIS/Core/Include/cmsis_gcc.h **** {
 794:Inc/CMSIS/Core/Include/cmsis_gcc.h **** #if ((defined (__FPU_PRESENT) && (__FPU_PRESENT == 1U)) && \
 795:Inc/CMSIS/Core/Include/cmsis_gcc.h ****      (defined (__FPU_USED   ) && (__FPU_USED    == 1U))     )
 796:Inc/CMSIS/Core/Include/cmsis_gcc.h **** #if __has_builtin(__builtin_arm_set_fpscr)
 797:Inc/CMSIS/Core/Include/cmsis_gcc.h **** // Re-enable using built-in when GCC has been fixed
 798:Inc/CMSIS/Core/Include/cmsis_gcc.h **** // || (__GNUC__ > 7) || (__GNUC__ == 7 && __GNUC_MINOR__ >= 2)
 799:Inc/CMSIS/Core/Include/cmsis_gcc.h ****   /* see https://gcc.gnu.org/ml/gcc-patches/2017-04/msg00443.html */
 800:Inc/CMSIS/Core/Include/cmsis_gcc.h ****   __builtin_arm_set_fpscr(fpscr);
 801:Inc/CMSIS/Core/Include/cmsis_gcc.h **** #else
 802:Inc/CMSIS/Core/Include/cmsis_gcc.h ****   __ASM volatile ("VMSR fpscr, %0" : : "r" (fpscr) : "vfpcc", "memory");
 803:Inc/CMSIS/Core/Include/cmsis_gcc.h **** #endif
 804:Inc/CMSIS/Core/Include/cmsis_gcc.h **** #else
 805:Inc/CMSIS/Core/Include/cmsis_gcc.h ****   (void)fpscr;
 806:Inc/CMSIS/Core/Include/cmsis_gcc.h **** #endif
 807:Inc/CMSIS/Core/Include/cmsis_gcc.h **** }
 808:Inc/CMSIS/Core/Include/cmsis_gcc.h **** 
 809:Inc/CMSIS/Core/Include/cmsis_gcc.h **** 
 810:Inc/CMSIS/Core/Include/cmsis_gcc.h **** /*@} end of CMSIS_Core_RegAccFunctions */
 811:Inc/CMSIS/Core/Include/cmsis_gcc.h **** 
 812:Inc/CMSIS/Core/Include/cmsis_gcc.h **** 
 813:Inc/CMSIS/Core/Include/cmsis_gcc.h **** /* ##########################  Core Instruction Access  ######################### */
 814:Inc/CMSIS/Core/Include/cmsis_gcc.h **** /** \defgroup CMSIS_Core_InstructionInterface CMSIS Core Instruction Interface
 815:Inc/CMSIS/Core/Include/cmsis_gcc.h ****   Access to dedicated instructions
 816:Inc/CMSIS/Core/Include/cmsis_gcc.h ****   @{
ARM GAS  /tmp/ccTvL2QU.s 			page 47


 817:Inc/CMSIS/Core/Include/cmsis_gcc.h **** */
 818:Inc/CMSIS/Core/Include/cmsis_gcc.h **** 
 819:Inc/CMSIS/Core/Include/cmsis_gcc.h **** /* Define macros for porting to both thumb1 and thumb2.
 820:Inc/CMSIS/Core/Include/cmsis_gcc.h ****  * For thumb1, use low register (r0-r7), specified by constraint "l"
 821:Inc/CMSIS/Core/Include/cmsis_gcc.h ****  * Otherwise, use general registers, specified by constraint "r" */
 822:Inc/CMSIS/Core/Include/cmsis_gcc.h **** #if defined (__thumb__) && !defined (__thumb2__)
 823:Inc/CMSIS/Core/Include/cmsis_gcc.h **** #define __CMSIS_GCC_OUT_REG(r) "=l" (r)
 824:Inc/CMSIS/Core/Include/cmsis_gcc.h **** #define __CMSIS_GCC_RW_REG(r) "+l" (r)
 825:Inc/CMSIS/Core/Include/cmsis_gcc.h **** #define __CMSIS_GCC_USE_REG(r) "l" (r)
 826:Inc/CMSIS/Core/Include/cmsis_gcc.h **** #else
 827:Inc/CMSIS/Core/Include/cmsis_gcc.h **** #define __CMSIS_GCC_OUT_REG(r) "=r" (r)
 828:Inc/CMSIS/Core/Include/cmsis_gcc.h **** #define __CMSIS_GCC_RW_REG(r) "+r" (r)
 829:Inc/CMSIS/Core/Include/cmsis_gcc.h **** #define __CMSIS_GCC_USE_REG(r) "r" (r)
 830:Inc/CMSIS/Core/Include/cmsis_gcc.h **** #endif
 831:Inc/CMSIS/Core/Include/cmsis_gcc.h **** 
 832:Inc/CMSIS/Core/Include/cmsis_gcc.h **** /**
 833:Inc/CMSIS/Core/Include/cmsis_gcc.h ****   \brief   No Operation
 834:Inc/CMSIS/Core/Include/cmsis_gcc.h ****   \details No Operation does nothing. This instruction can be used for code alignment purposes.
 835:Inc/CMSIS/Core/Include/cmsis_gcc.h ****  */
 836:Inc/CMSIS/Core/Include/cmsis_gcc.h **** #define __NOP()                             __ASM volatile ("nop")
 837:Inc/CMSIS/Core/Include/cmsis_gcc.h **** 
 838:Inc/CMSIS/Core/Include/cmsis_gcc.h **** /**
 839:Inc/CMSIS/Core/Include/cmsis_gcc.h ****   \brief   Wait For Interrupt
 840:Inc/CMSIS/Core/Include/cmsis_gcc.h ****   \details Wait For Interrupt is a hint instruction that suspends execution until one of a number o
 841:Inc/CMSIS/Core/Include/cmsis_gcc.h ****  */
 842:Inc/CMSIS/Core/Include/cmsis_gcc.h **** #define __WFI()                             __ASM volatile ("wfi")
 843:Inc/CMSIS/Core/Include/cmsis_gcc.h **** 
 844:Inc/CMSIS/Core/Include/cmsis_gcc.h **** 
 845:Inc/CMSIS/Core/Include/cmsis_gcc.h **** /**
 846:Inc/CMSIS/Core/Include/cmsis_gcc.h ****   \brief   Wait For Event
 847:Inc/CMSIS/Core/Include/cmsis_gcc.h ****   \details Wait For Event is a hint instruction that permits the processor to enter
 848:Inc/CMSIS/Core/Include/cmsis_gcc.h ****            a low-power state until one of a number of events occurs.
 849:Inc/CMSIS/Core/Include/cmsis_gcc.h ****  */
 850:Inc/CMSIS/Core/Include/cmsis_gcc.h **** #define __WFE()                             __ASM volatile ("wfe")
 851:Inc/CMSIS/Core/Include/cmsis_gcc.h **** 
 852:Inc/CMSIS/Core/Include/cmsis_gcc.h **** 
 853:Inc/CMSIS/Core/Include/cmsis_gcc.h **** /**
 854:Inc/CMSIS/Core/Include/cmsis_gcc.h ****   \brief   Send Event
 855:Inc/CMSIS/Core/Include/cmsis_gcc.h ****   \details Send Event is a hint instruction. It causes an event to be signaled to the CPU.
 856:Inc/CMSIS/Core/Include/cmsis_gcc.h ****  */
 857:Inc/CMSIS/Core/Include/cmsis_gcc.h **** #define __SEV()                             __ASM volatile ("sev")
 858:Inc/CMSIS/Core/Include/cmsis_gcc.h **** 
 859:Inc/CMSIS/Core/Include/cmsis_gcc.h **** 
 860:Inc/CMSIS/Core/Include/cmsis_gcc.h **** /**
 861:Inc/CMSIS/Core/Include/cmsis_gcc.h ****   \brief   Instruction Synchronization Barrier
 862:Inc/CMSIS/Core/Include/cmsis_gcc.h ****   \details Instruction Synchronization Barrier flushes the pipeline in the processor,
 863:Inc/CMSIS/Core/Include/cmsis_gcc.h ****            so that all instructions following the ISB are fetched from cache or memory,
 864:Inc/CMSIS/Core/Include/cmsis_gcc.h ****            after the instruction has been completed.
 865:Inc/CMSIS/Core/Include/cmsis_gcc.h ****  */
 866:Inc/CMSIS/Core/Include/cmsis_gcc.h **** __STATIC_FORCEINLINE void __ISB(void)
 867:Inc/CMSIS/Core/Include/cmsis_gcc.h **** {
 868:Inc/CMSIS/Core/Include/cmsis_gcc.h ****   __ASM volatile ("isb 0xF":::"memory");
 869:Inc/CMSIS/Core/Include/cmsis_gcc.h **** }
 870:Inc/CMSIS/Core/Include/cmsis_gcc.h **** 
 871:Inc/CMSIS/Core/Include/cmsis_gcc.h **** 
 872:Inc/CMSIS/Core/Include/cmsis_gcc.h **** /**
 873:Inc/CMSIS/Core/Include/cmsis_gcc.h ****   \brief   Data Synchronization Barrier
ARM GAS  /tmp/ccTvL2QU.s 			page 48


 874:Inc/CMSIS/Core/Include/cmsis_gcc.h ****   \details Acts as a special kind of Data Memory Barrier.
 875:Inc/CMSIS/Core/Include/cmsis_gcc.h ****            It completes when all explicit memory accesses before this instruction complete.
 876:Inc/CMSIS/Core/Include/cmsis_gcc.h ****  */
 877:Inc/CMSIS/Core/Include/cmsis_gcc.h **** __STATIC_FORCEINLINE void __DSB(void)
 878:Inc/CMSIS/Core/Include/cmsis_gcc.h **** {
 879:Inc/CMSIS/Core/Include/cmsis_gcc.h ****   __ASM volatile ("dsb 0xF":::"memory");
 880:Inc/CMSIS/Core/Include/cmsis_gcc.h **** }
 881:Inc/CMSIS/Core/Include/cmsis_gcc.h **** 
 882:Inc/CMSIS/Core/Include/cmsis_gcc.h **** 
 883:Inc/CMSIS/Core/Include/cmsis_gcc.h **** /**
 884:Inc/CMSIS/Core/Include/cmsis_gcc.h ****   \brief   Data Memory Barrier
 885:Inc/CMSIS/Core/Include/cmsis_gcc.h ****   \details Ensures the apparent order of the explicit memory operations before
 886:Inc/CMSIS/Core/Include/cmsis_gcc.h ****            and after the instruction, without ensuring their completion.
 887:Inc/CMSIS/Core/Include/cmsis_gcc.h ****  */
 888:Inc/CMSIS/Core/Include/cmsis_gcc.h **** __STATIC_FORCEINLINE void __DMB(void)
 889:Inc/CMSIS/Core/Include/cmsis_gcc.h **** {
 890:Inc/CMSIS/Core/Include/cmsis_gcc.h ****   __ASM volatile ("dmb 0xF":::"memory");
 891:Inc/CMSIS/Core/Include/cmsis_gcc.h **** }
 892:Inc/CMSIS/Core/Include/cmsis_gcc.h **** 
 893:Inc/CMSIS/Core/Include/cmsis_gcc.h **** 
 894:Inc/CMSIS/Core/Include/cmsis_gcc.h **** /**
 895:Inc/CMSIS/Core/Include/cmsis_gcc.h ****   \brief   Reverse byte order (32 bit)
 896:Inc/CMSIS/Core/Include/cmsis_gcc.h ****   \details Reverses the byte order in unsigned integer value. For example, 0x12345678 becomes 0x785
 897:Inc/CMSIS/Core/Include/cmsis_gcc.h ****   \param [in]    value  Value to reverse
 898:Inc/CMSIS/Core/Include/cmsis_gcc.h ****   \return               Reversed value
 899:Inc/CMSIS/Core/Include/cmsis_gcc.h ****  */
 900:Inc/CMSIS/Core/Include/cmsis_gcc.h **** __STATIC_FORCEINLINE uint32_t __REV(uint32_t value)
 901:Inc/CMSIS/Core/Include/cmsis_gcc.h **** {
 902:Inc/CMSIS/Core/Include/cmsis_gcc.h **** #if (__GNUC__ > 4) || (__GNUC__ == 4 && __GNUC_MINOR__ >= 5)
 903:Inc/CMSIS/Core/Include/cmsis_gcc.h ****   return __builtin_bswap32(value);
 904:Inc/CMSIS/Core/Include/cmsis_gcc.h **** #else
 905:Inc/CMSIS/Core/Include/cmsis_gcc.h ****   uint32_t result;
 906:Inc/CMSIS/Core/Include/cmsis_gcc.h **** 
 907:Inc/CMSIS/Core/Include/cmsis_gcc.h ****   __ASM volatile ("rev %0, %1" : __CMSIS_GCC_OUT_REG (result) : __CMSIS_GCC_USE_REG (value) );
 908:Inc/CMSIS/Core/Include/cmsis_gcc.h ****   return result;
 909:Inc/CMSIS/Core/Include/cmsis_gcc.h **** #endif
 910:Inc/CMSIS/Core/Include/cmsis_gcc.h **** }
 911:Inc/CMSIS/Core/Include/cmsis_gcc.h **** 
 912:Inc/CMSIS/Core/Include/cmsis_gcc.h **** 
 913:Inc/CMSIS/Core/Include/cmsis_gcc.h **** /**
 914:Inc/CMSIS/Core/Include/cmsis_gcc.h ****   \brief   Reverse byte order (16 bit)
 915:Inc/CMSIS/Core/Include/cmsis_gcc.h ****   \details Reverses the byte order within each halfword of a word. For example, 0x12345678 becomes 
 916:Inc/CMSIS/Core/Include/cmsis_gcc.h ****   \param [in]    value  Value to reverse
 917:Inc/CMSIS/Core/Include/cmsis_gcc.h ****   \return               Reversed value
 918:Inc/CMSIS/Core/Include/cmsis_gcc.h ****  */
 919:Inc/CMSIS/Core/Include/cmsis_gcc.h **** __STATIC_FORCEINLINE uint32_t __REV16(uint32_t value)
 920:Inc/CMSIS/Core/Include/cmsis_gcc.h **** {
 921:Inc/CMSIS/Core/Include/cmsis_gcc.h ****   uint32_t result;
 922:Inc/CMSIS/Core/Include/cmsis_gcc.h **** 
 923:Inc/CMSIS/Core/Include/cmsis_gcc.h ****   __ASM volatile ("rev16 %0, %1" : __CMSIS_GCC_OUT_REG (result) : __CMSIS_GCC_USE_REG (value) );
 924:Inc/CMSIS/Core/Include/cmsis_gcc.h ****   return result;
 925:Inc/CMSIS/Core/Include/cmsis_gcc.h **** }
 926:Inc/CMSIS/Core/Include/cmsis_gcc.h **** 
 927:Inc/CMSIS/Core/Include/cmsis_gcc.h **** 
 928:Inc/CMSIS/Core/Include/cmsis_gcc.h **** /**
 929:Inc/CMSIS/Core/Include/cmsis_gcc.h ****   \brief   Reverse byte order (16 bit)
 930:Inc/CMSIS/Core/Include/cmsis_gcc.h ****   \details Reverses the byte order in a 16-bit value and returns the signed 16-bit result. For exam
ARM GAS  /tmp/ccTvL2QU.s 			page 49


 931:Inc/CMSIS/Core/Include/cmsis_gcc.h ****   \param [in]    value  Value to reverse
 932:Inc/CMSIS/Core/Include/cmsis_gcc.h ****   \return               Reversed value
 933:Inc/CMSIS/Core/Include/cmsis_gcc.h ****  */
 934:Inc/CMSIS/Core/Include/cmsis_gcc.h **** __STATIC_FORCEINLINE int16_t __REVSH(int16_t value)
 935:Inc/CMSIS/Core/Include/cmsis_gcc.h **** {
 936:Inc/CMSIS/Core/Include/cmsis_gcc.h **** #if (__GNUC__ > 4) || (__GNUC__ == 4 && __GNUC_MINOR__ >= 8)
 937:Inc/CMSIS/Core/Include/cmsis_gcc.h ****   return (int16_t)__builtin_bswap16(value);
 938:Inc/CMSIS/Core/Include/cmsis_gcc.h **** #else
 939:Inc/CMSIS/Core/Include/cmsis_gcc.h ****   int16_t result;
 940:Inc/CMSIS/Core/Include/cmsis_gcc.h **** 
 941:Inc/CMSIS/Core/Include/cmsis_gcc.h ****   __ASM volatile ("revsh %0, %1" : __CMSIS_GCC_OUT_REG (result) : __CMSIS_GCC_USE_REG (value) );
 942:Inc/CMSIS/Core/Include/cmsis_gcc.h ****   return result;
 943:Inc/CMSIS/Core/Include/cmsis_gcc.h **** #endif
 944:Inc/CMSIS/Core/Include/cmsis_gcc.h **** }
 945:Inc/CMSIS/Core/Include/cmsis_gcc.h **** 
 946:Inc/CMSIS/Core/Include/cmsis_gcc.h **** 
 947:Inc/CMSIS/Core/Include/cmsis_gcc.h **** /**
 948:Inc/CMSIS/Core/Include/cmsis_gcc.h ****   \brief   Rotate Right in unsigned value (32 bit)
 949:Inc/CMSIS/Core/Include/cmsis_gcc.h ****   \details Rotate Right (immediate) provides the value of the contents of a register rotated by a v
 950:Inc/CMSIS/Core/Include/cmsis_gcc.h ****   \param [in]    op1  Value to rotate
 951:Inc/CMSIS/Core/Include/cmsis_gcc.h ****   \param [in]    op2  Number of Bits to rotate
 952:Inc/CMSIS/Core/Include/cmsis_gcc.h ****   \return               Rotated value
 953:Inc/CMSIS/Core/Include/cmsis_gcc.h ****  */
 954:Inc/CMSIS/Core/Include/cmsis_gcc.h **** __STATIC_FORCEINLINE uint32_t __ROR(uint32_t op1, uint32_t op2)
 955:Inc/CMSIS/Core/Include/cmsis_gcc.h **** {
 956:Inc/CMSIS/Core/Include/cmsis_gcc.h ****   op2 %= 32U;
 957:Inc/CMSIS/Core/Include/cmsis_gcc.h ****   if (op2 == 0U)
 958:Inc/CMSIS/Core/Include/cmsis_gcc.h ****   {
 959:Inc/CMSIS/Core/Include/cmsis_gcc.h ****     return op1;
 960:Inc/CMSIS/Core/Include/cmsis_gcc.h ****   }
 961:Inc/CMSIS/Core/Include/cmsis_gcc.h ****   return (op1 >> op2) | (op1 << (32U - op2));
 962:Inc/CMSIS/Core/Include/cmsis_gcc.h **** }
 963:Inc/CMSIS/Core/Include/cmsis_gcc.h **** 
 964:Inc/CMSIS/Core/Include/cmsis_gcc.h **** 
 965:Inc/CMSIS/Core/Include/cmsis_gcc.h **** /**
 966:Inc/CMSIS/Core/Include/cmsis_gcc.h ****   \brief   Breakpoint
 967:Inc/CMSIS/Core/Include/cmsis_gcc.h ****   \details Causes the processor to enter Debug state.
 968:Inc/CMSIS/Core/Include/cmsis_gcc.h ****            Debug tools can use this to investigate system state when the instruction at a particula
 969:Inc/CMSIS/Core/Include/cmsis_gcc.h ****   \param [in]    value  is ignored by the processor.
 970:Inc/CMSIS/Core/Include/cmsis_gcc.h ****                  If required, a debugger can use it to store additional information about the break
 971:Inc/CMSIS/Core/Include/cmsis_gcc.h ****  */
 972:Inc/CMSIS/Core/Include/cmsis_gcc.h **** #define __BKPT(value)                       __ASM volatile ("bkpt "#value)
 973:Inc/CMSIS/Core/Include/cmsis_gcc.h **** 
 974:Inc/CMSIS/Core/Include/cmsis_gcc.h **** 
 975:Inc/CMSIS/Core/Include/cmsis_gcc.h **** /**
 976:Inc/CMSIS/Core/Include/cmsis_gcc.h ****   \brief   Reverse bit order of value
 977:Inc/CMSIS/Core/Include/cmsis_gcc.h ****   \details Reverses the bit order of the given value.
 978:Inc/CMSIS/Core/Include/cmsis_gcc.h ****   \param [in]    value  Value to reverse
 979:Inc/CMSIS/Core/Include/cmsis_gcc.h ****   \return               Reversed value
 980:Inc/CMSIS/Core/Include/cmsis_gcc.h ****  */
 981:Inc/CMSIS/Core/Include/cmsis_gcc.h **** __STATIC_FORCEINLINE uint32_t __RBIT(uint32_t value)
 204              		.loc 2 981 31 view .LVU63
 205              	.LBB17:
 982:Inc/CMSIS/Core/Include/cmsis_gcc.h **** {
 983:Inc/CMSIS/Core/Include/cmsis_gcc.h ****   uint32_t result;
 206              		.loc 2 983 3 view .LVU64
 984:Inc/CMSIS/Core/Include/cmsis_gcc.h **** 
ARM GAS  /tmp/ccTvL2QU.s 			page 50


 985:Inc/CMSIS/Core/Include/cmsis_gcc.h **** #if ((defined (__ARM_ARCH_7M__      ) && (__ARM_ARCH_7M__      == 1)) || \
 986:Inc/CMSIS/Core/Include/cmsis_gcc.h ****      (defined (__ARM_ARCH_7EM__     ) && (__ARM_ARCH_7EM__     == 1)) || \
 987:Inc/CMSIS/Core/Include/cmsis_gcc.h ****      (defined (__ARM_ARCH_8M_MAIN__ ) && (__ARM_ARCH_8M_MAIN__ == 1))    )
 988:Inc/CMSIS/Core/Include/cmsis_gcc.h ****    __ASM volatile ("rbit %0, %1" : "=r" (result) : "r" (value) );
 207              		.loc 2 988 4 view .LVU65
 208 0058 4FF48033 		mov	r3, #65536
 209              		.syntax unified
 210              	@ 988 "Inc/CMSIS/Core/Include/cmsis_gcc.h" 1
 211 005c 93FAA3F2 		rbit r2, r3
 212              	@ 0 "" 2
 213              	.LVL21:
 989:Inc/CMSIS/Core/Include/cmsis_gcc.h **** #else
 990:Inc/CMSIS/Core/Include/cmsis_gcc.h ****   uint32_t s = (4U /*sizeof(v)*/ * 8U) - 1U; /* extra shift needed at end */
 991:Inc/CMSIS/Core/Include/cmsis_gcc.h **** 
 992:Inc/CMSIS/Core/Include/cmsis_gcc.h ****   result = value;                      /* r will be reversed bits of v; first get LSB of v */
 993:Inc/CMSIS/Core/Include/cmsis_gcc.h ****   for (value >>= 1U; value != 0U; value >>= 1U)
 994:Inc/CMSIS/Core/Include/cmsis_gcc.h ****   {
 995:Inc/CMSIS/Core/Include/cmsis_gcc.h ****     result <<= 1U;
 996:Inc/CMSIS/Core/Include/cmsis_gcc.h ****     result |= value & 1U;
 997:Inc/CMSIS/Core/Include/cmsis_gcc.h ****     s--;
 998:Inc/CMSIS/Core/Include/cmsis_gcc.h ****   }
 999:Inc/CMSIS/Core/Include/cmsis_gcc.h ****   result <<= s;                        /* shift when v's highest bits are zero */
1000:Inc/CMSIS/Core/Include/cmsis_gcc.h **** #endif
1001:Inc/CMSIS/Core/Include/cmsis_gcc.h ****   return result;
 214              		.loc 2 1001 3 view .LVU66
 215              		.loc 2 1001 3 is_stmt 0 view .LVU67
 216              		.thumb
 217              		.syntax unified
 218              	.LBE17:
 219              	.LBE16:
 154:Inc/STM32F3xx_HAL_Driver/Src/stm32f3xx_hal_rcc_ex.c ****       __HAL_RCC_BACKUPRESET_RELEASE();
 220              		.loc 1 154 7 discriminator 2 view .LVU68
 221 0060 B2FA82F2 		clz	r2, r2
 222 0064 8D4F     		ldr	r7, .L46+8
 223 0066 3A44     		add	r2, r2, r7
 224 0068 9200     		lsls	r2, r2, #2
 225 006a 4FF0010C 		mov	ip, #1
 226 006e C2F800C0 		str	ip, [r2]
 155:Inc/STM32F3xx_HAL_Driver/Src/stm32f3xx_hal_rcc_ex.c ****       /* Restore the Content of BDCR register */
 227              		.loc 1 155 7 is_stmt 1 view .LVU69
 228              	.LVL22:
 229              	.LBB18:
 230              	.LBI18:
 981:Inc/CMSIS/Core/Include/cmsis_gcc.h **** {
 231              		.loc 2 981 31 view .LVU70
 232              	.LBB19:
 983:Inc/CMSIS/Core/Include/cmsis_gcc.h **** 
 233              		.loc 2 983 3 view .LVU71
 988:Inc/CMSIS/Core/Include/cmsis_gcc.h **** #else
 234              		.loc 2 988 4 view .LVU72
 235              		.syntax unified
 236              	@ 988 "Inc/CMSIS/Core/Include/cmsis_gcc.h" 1
 237 0072 93FAA3F3 		rbit r3, r3
 238              	@ 0 "" 2
 239              	.LVL23:
 240              		.loc 2 1001 3 view .LVU73
 241              		.loc 2 1001 3 is_stmt 0 view .LVU74
ARM GAS  /tmp/ccTvL2QU.s 			page 51


 242              		.thumb
 243              		.syntax unified
 244              	.LBE19:
 245              	.LBE18:
 155:Inc/STM32F3xx_HAL_Driver/Src/stm32f3xx_hal_rcc_ex.c ****       /* Restore the Content of BDCR register */
 246              		.loc 1 155 7 discriminator 2 view .LVU75
 247 0076 B3FA83F3 		clz	r3, r3
 248 007a 3B44     		add	r3, r3, r7
 249 007c 9B00     		lsls	r3, r3, #2
 250 007e 0022     		movs	r2, #0
 251 0080 1A60     		str	r2, [r3]
 157:Inc/STM32F3xx_HAL_Driver/Src/stm32f3xx_hal_rcc_ex.c ****     
 252              		.loc 1 157 7 is_stmt 1 view .LVU76
 157:Inc/STM32F3xx_HAL_Driver/Src/stm32f3xx_hal_rcc_ex.c ****     
 253              		.loc 1 157 17 is_stmt 0 view .LVU77
 254 0082 0662     		str	r6, [r0, #32]
 160:Inc/STM32F3xx_HAL_Driver/Src/stm32f3xx_hal_rcc_ex.c ****       {
 255              		.loc 1 160 7 is_stmt 1 view .LVU78
 160:Inc/STM32F3xx_HAL_Driver/Src/stm32f3xx_hal_rcc_ex.c ****       {
 256              		.loc 1 160 10 is_stmt 0 view .LVU79
 257 0084 11F0010F 		tst	r1, #1
 258 0088 40F00081 		bne	.L44
 259              	.LVL24:
 260              	.L14:
 175:Inc/STM32F3xx_HAL_Driver/Src/stm32f3xx_hal_rcc_ex.c **** 
 261              		.loc 1 175 5 is_stmt 1 view .LVU80
 262 008c 814A     		ldr	r2, .L46
 263 008e 136A     		ldr	r3, [r2, #32]
 264 0090 23F44073 		bic	r3, r3, #768
 265 0094 6168     		ldr	r1, [r4, #4]
 266 0096 0B43     		orrs	r3, r3, r1
 267 0098 1362     		str	r3, [r2, #32]
 178:Inc/STM32F3xx_HAL_Driver/Src/stm32f3xx_hal_rcc_ex.c ****     {
 268              		.loc 1 178 5 view .LVU81
 178:Inc/STM32F3xx_HAL_Driver/Src/stm32f3xx_hal_rcc_ex.c ****     {
 269              		.loc 1 178 7 is_stmt 0 view .LVU82
 270 009a 002D     		cmp	r5, #0
 271 009c 40F02381 		bne	.L45
 272              	.LVL25:
 273              	.L8:
 185:Inc/STM32F3xx_HAL_Driver/Src/stm32f3xx_hal_rcc_ex.c ****   {
 274              		.loc 1 185 3 is_stmt 1 view .LVU83
 185:Inc/STM32F3xx_HAL_Driver/Src/stm32f3xx_hal_rcc_ex.c ****   {
 275              		.loc 1 185 21 is_stmt 0 view .LVU84
 276 00a0 2368     		ldr	r3, [r4]
 185:Inc/STM32F3xx_HAL_Driver/Src/stm32f3xx_hal_rcc_ex.c ****   {
 277              		.loc 1 185 5 view .LVU85
 278 00a2 13F0010F 		tst	r3, #1
 279 00a6 06D0     		beq	.L19
 188:Inc/STM32F3xx_HAL_Driver/Src/stm32f3xx_hal_rcc_ex.c ****     
 280              		.loc 1 188 5 is_stmt 1 view .LVU86
 191:Inc/STM32F3xx_HAL_Driver/Src/stm32f3xx_hal_rcc_ex.c ****   }
 281              		.loc 1 191 5 view .LVU87
 282 00a8 7A4A     		ldr	r2, .L46
 283 00aa 136B     		ldr	r3, [r2, #48]
 284 00ac 23F00303 		bic	r3, r3, #3
 285 00b0 A168     		ldr	r1, [r4, #8]
ARM GAS  /tmp/ccTvL2QU.s 			page 52


 286 00b2 0B43     		orrs	r3, r3, r1
 287 00b4 1363     		str	r3, [r2, #48]
 288              	.L19:
 196:Inc/STM32F3xx_HAL_Driver/Src/stm32f3xx_hal_rcc_ex.c ****   {
 289              		.loc 1 196 3 view .LVU88
 196:Inc/STM32F3xx_HAL_Driver/Src/stm32f3xx_hal_rcc_ex.c ****   {
 290              		.loc 1 196 21 is_stmt 0 view .LVU89
 291 00b6 2368     		ldr	r3, [r4]
 196:Inc/STM32F3xx_HAL_Driver/Src/stm32f3xx_hal_rcc_ex.c ****   {
 292              		.loc 1 196 5 view .LVU90
 293 00b8 13F0020F 		tst	r3, #2
 294 00bc 06D0     		beq	.L20
 199:Inc/STM32F3xx_HAL_Driver/Src/stm32f3xx_hal_rcc_ex.c ****     
 295              		.loc 1 199 5 is_stmt 1 view .LVU91
 202:Inc/STM32F3xx_HAL_Driver/Src/stm32f3xx_hal_rcc_ex.c ****   }
 296              		.loc 1 202 5 view .LVU92
 297 00be 754A     		ldr	r2, .L46
 298 00c0 136B     		ldr	r3, [r2, #48]
 299 00c2 23F44033 		bic	r3, r3, #196608
 300 00c6 E168     		ldr	r1, [r4, #12]
 301 00c8 0B43     		orrs	r3, r3, r1
 302 00ca 1363     		str	r3, [r2, #48]
 303              	.L20:
 208:Inc/STM32F3xx_HAL_Driver/Src/stm32f3xx_hal_rcc_ex.c ****   {
 304              		.loc 1 208 3 view .LVU93
 208:Inc/STM32F3xx_HAL_Driver/Src/stm32f3xx_hal_rcc_ex.c ****   {
 305              		.loc 1 208 21 is_stmt 0 view .LVU94
 306 00cc 2368     		ldr	r3, [r4]
 208:Inc/STM32F3xx_HAL_Driver/Src/stm32f3xx_hal_rcc_ex.c ****   {
 307              		.loc 1 208 5 view .LVU95
 308 00ce 13F0040F 		tst	r3, #4
 309 00d2 06D0     		beq	.L21
 211:Inc/STM32F3xx_HAL_Driver/Src/stm32f3xx_hal_rcc_ex.c ****     
 310              		.loc 1 211 5 is_stmt 1 view .LVU96
 214:Inc/STM32F3xx_HAL_Driver/Src/stm32f3xx_hal_rcc_ex.c ****   }
 311              		.loc 1 214 5 view .LVU97
 312 00d4 6F4A     		ldr	r2, .L46
 313 00d6 136B     		ldr	r3, [r2, #48]
 314 00d8 23F44023 		bic	r3, r3, #786432
 315 00dc 2169     		ldr	r1, [r4, #16]
 316 00de 0B43     		orrs	r3, r3, r1
 317 00e0 1363     		str	r3, [r2, #48]
 318              	.L21:
 219:Inc/STM32F3xx_HAL_Driver/Src/stm32f3xx_hal_rcc_ex.c ****   {
 319              		.loc 1 219 3 view .LVU98
 219:Inc/STM32F3xx_HAL_Driver/Src/stm32f3xx_hal_rcc_ex.c ****   {
 320              		.loc 1 219 21 is_stmt 0 view .LVU99
 321 00e2 2368     		ldr	r3, [r4]
 219:Inc/STM32F3xx_HAL_Driver/Src/stm32f3xx_hal_rcc_ex.c ****   {
 322              		.loc 1 219 5 view .LVU100
 323 00e4 13F0200F 		tst	r3, #32
 324 00e8 06D0     		beq	.L22
 222:Inc/STM32F3xx_HAL_Driver/Src/stm32f3xx_hal_rcc_ex.c ****     
 325              		.loc 1 222 5 is_stmt 1 view .LVU101
 225:Inc/STM32F3xx_HAL_Driver/Src/stm32f3xx_hal_rcc_ex.c ****   }
 326              		.loc 1 225 5 view .LVU102
 327 00ea 6A4A     		ldr	r2, .L46
ARM GAS  /tmp/ccTvL2QU.s 			page 53


 328 00ec 136B     		ldr	r3, [r2, #48]
 329 00ee 23F01003 		bic	r3, r3, #16
 330 00f2 E169     		ldr	r1, [r4, #28]
 331 00f4 0B43     		orrs	r3, r3, r1
 332 00f6 1363     		str	r3, [r2, #48]
 333              	.L22:
 233:Inc/STM32F3xx_HAL_Driver/Src/stm32f3xx_hal_rcc_ex.c ****   {
 334              		.loc 1 233 3 view .LVU103
 233:Inc/STM32F3xx_HAL_Driver/Src/stm32f3xx_hal_rcc_ex.c ****   {
 335              		.loc 1 233 21 is_stmt 0 view .LVU104
 336 00f8 2368     		ldr	r3, [r4]
 233:Inc/STM32F3xx_HAL_Driver/Src/stm32f3xx_hal_rcc_ex.c ****   {
 337              		.loc 1 233 5 view .LVU105
 338 00fa 13F4003F 		tst	r3, #131072
 339 00fe 06D0     		beq	.L23
 236:Inc/STM32F3xx_HAL_Driver/Src/stm32f3xx_hal_rcc_ex.c ****     
 340              		.loc 1 236 5 is_stmt 1 view .LVU106
 239:Inc/STM32F3xx_HAL_Driver/Src/stm32f3xx_hal_rcc_ex.c ****   }
 341              		.loc 1 239 5 view .LVU107
 342 0100 644A     		ldr	r2, .L46
 343 0102 5368     		ldr	r3, [r2, #4]
 344 0104 23F48003 		bic	r3, r3, #4194304
 345 0108 616D     		ldr	r1, [r4, #84]
 346 010a 0B43     		orrs	r3, r3, r1
 347 010c 5360     		str	r3, [r2, #4]
 348              	.L23:
 253:Inc/STM32F3xx_HAL_Driver/Src/stm32f3xx_hal_rcc_ex.c ****   {
 349              		.loc 1 253 3 view .LVU108
 253:Inc/STM32F3xx_HAL_Driver/Src/stm32f3xx_hal_rcc_ex.c ****   {
 350              		.loc 1 253 21 is_stmt 0 view .LVU109
 351 010e 2368     		ldr	r3, [r4]
 253:Inc/STM32F3xx_HAL_Driver/Src/stm32f3xx_hal_rcc_ex.c ****   {
 352              		.loc 1 253 5 view .LVU110
 353 0110 13F0400F 		tst	r3, #64
 354 0114 06D0     		beq	.L24
 256:Inc/STM32F3xx_HAL_Driver/Src/stm32f3xx_hal_rcc_ex.c ****     
 355              		.loc 1 256 5 is_stmt 1 view .LVU111
 259:Inc/STM32F3xx_HAL_Driver/Src/stm32f3xx_hal_rcc_ex.c ****   }
 356              		.loc 1 259 5 view .LVU112
 357 0116 5F4A     		ldr	r2, .L46
 358 0118 136B     		ldr	r3, [r2, #48]
 359 011a 23F02003 		bic	r3, r3, #32
 360 011e 216A     		ldr	r1, [r4, #32]
 361 0120 0B43     		orrs	r3, r3, r1
 362 0122 1363     		str	r3, [r2, #48]
 363              	.L24:
 271:Inc/STM32F3xx_HAL_Driver/Src/stm32f3xx_hal_rcc_ex.c ****   {
 364              		.loc 1 271 3 view .LVU113
 271:Inc/STM32F3xx_HAL_Driver/Src/stm32f3xx_hal_rcc_ex.c ****   {
 365              		.loc 1 271 21 is_stmt 0 view .LVU114
 366 0124 2368     		ldr	r3, [r4]
 271:Inc/STM32F3xx_HAL_Driver/Src/stm32f3xx_hal_rcc_ex.c ****   {
 367              		.loc 1 271 5 view .LVU115
 368 0126 13F4802F 		tst	r3, #262144
 369 012a 06D0     		beq	.L25
 274:Inc/STM32F3xx_HAL_Driver/Src/stm32f3xx_hal_rcc_ex.c ****     
 370              		.loc 1 274 5 is_stmt 1 view .LVU116
ARM GAS  /tmp/ccTvL2QU.s 			page 54


 277:Inc/STM32F3xx_HAL_Driver/Src/stm32f3xx_hal_rcc_ex.c ****   }
 371              		.loc 1 277 5 view .LVU117
 372 012c 594A     		ldr	r2, .L46
 373 012e 136B     		ldr	r3, [r2, #48]
 374 0130 23F04003 		bic	r3, r3, #64
 375 0134 616A     		ldr	r1, [r4, #36]
 376 0136 0B43     		orrs	r3, r3, r1
 377 0138 1363     		str	r3, [r2, #48]
 378              	.L25:
 286:Inc/STM32F3xx_HAL_Driver/Src/stm32f3xx_hal_rcc_ex.c ****   {
 379              		.loc 1 286 3 view .LVU118
 286:Inc/STM32F3xx_HAL_Driver/Src/stm32f3xx_hal_rcc_ex.c ****   {
 380              		.loc 1 286 21 is_stmt 0 view .LVU119
 381 013a 2368     		ldr	r3, [r4]
 286:Inc/STM32F3xx_HAL_Driver/Src/stm32f3xx_hal_rcc_ex.c ****   {
 382              		.loc 1 286 5 view .LVU120
 383 013c 13F0080F 		tst	r3, #8
 384 0140 06D0     		beq	.L26
 289:Inc/STM32F3xx_HAL_Driver/Src/stm32f3xx_hal_rcc_ex.c ****     
 385              		.loc 1 289 5 is_stmt 1 view .LVU121
 292:Inc/STM32F3xx_HAL_Driver/Src/stm32f3xx_hal_rcc_ex.c ****   }
 386              		.loc 1 292 5 view .LVU122
 387 0142 544A     		ldr	r2, .L46
 388 0144 136B     		ldr	r3, [r2, #48]
 389 0146 23F44013 		bic	r3, r3, #3145728
 390 014a 6169     		ldr	r1, [r4, #20]
 391 014c 0B43     		orrs	r3, r3, r1
 392 014e 1363     		str	r3, [r2, #48]
 393              	.L26:
 296:Inc/STM32F3xx_HAL_Driver/Src/stm32f3xx_hal_rcc_ex.c ****   {
 394              		.loc 1 296 3 view .LVU123
 296:Inc/STM32F3xx_HAL_Driver/Src/stm32f3xx_hal_rcc_ex.c ****   {
 395              		.loc 1 296 21 is_stmt 0 view .LVU124
 396 0150 2368     		ldr	r3, [r4]
 296:Inc/STM32F3xx_HAL_Driver/Src/stm32f3xx_hal_rcc_ex.c ****   {
 397              		.loc 1 296 5 view .LVU125
 398 0152 13F0100F 		tst	r3, #16
 399 0156 06D0     		beq	.L27
 299:Inc/STM32F3xx_HAL_Driver/Src/stm32f3xx_hal_rcc_ex.c ****     
 400              		.loc 1 299 5 is_stmt 1 view .LVU126
 302:Inc/STM32F3xx_HAL_Driver/Src/stm32f3xx_hal_rcc_ex.c ****   }
 401              		.loc 1 302 5 view .LVU127
 402 0158 4E4A     		ldr	r2, .L46
 403 015a 136B     		ldr	r3, [r2, #48]
 404 015c 23F44003 		bic	r3, r3, #12582912
 405 0160 A169     		ldr	r1, [r4, #24]
 406 0162 0B43     		orrs	r3, r3, r1
 407 0164 1363     		str	r3, [r2, #48]
 408              	.L27:
 312:Inc/STM32F3xx_HAL_Driver/Src/stm32f3xx_hal_rcc_ex.c ****   {
 409              		.loc 1 312 3 view .LVU128
 312:Inc/STM32F3xx_HAL_Driver/Src/stm32f3xx_hal_rcc_ex.c ****   {
 410              		.loc 1 312 21 is_stmt 0 view .LVU129
 411 0166 2368     		ldr	r3, [r4]
 312:Inc/STM32F3xx_HAL_Driver/Src/stm32f3xx_hal_rcc_ex.c ****   {
 412              		.loc 1 312 5 view .LVU130
 413 0168 13F4007F 		tst	r3, #512
ARM GAS  /tmp/ccTvL2QU.s 			page 55


 414 016c 06D0     		beq	.L28
 315:Inc/STM32F3xx_HAL_Driver/Src/stm32f3xx_hal_rcc_ex.c ****     
 415              		.loc 1 315 5 is_stmt 1 view .LVU131
 318:Inc/STM32F3xx_HAL_Driver/Src/stm32f3xx_hal_rcc_ex.c ****   }
 416              		.loc 1 318 5 view .LVU132
 417 016e 494A     		ldr	r2, .L46
 418 0170 5368     		ldr	r3, [r2, #4]
 419 0172 23F40003 		bic	r3, r3, #8388608
 420 0176 216B     		ldr	r1, [r4, #48]
 421 0178 0B43     		orrs	r3, r3, r1
 422 017a 5360     		str	r3, [r2, #4]
 423              	.L28:
 344:Inc/STM32F3xx_HAL_Driver/Src/stm32f3xx_hal_rcc_ex.c ****   {
 424              		.loc 1 344 3 view .LVU133
 344:Inc/STM32F3xx_HAL_Driver/Src/stm32f3xx_hal_rcc_ex.c ****   {
 425              		.loc 1 344 21 is_stmt 0 view .LVU134
 426 017c 2368     		ldr	r3, [r4]
 344:Inc/STM32F3xx_HAL_Driver/Src/stm32f3xx_hal_rcc_ex.c ****   {
 427              		.loc 1 344 5 view .LVU135
 428 017e 13F0800F 		tst	r3, #128
 429 0182 06D0     		beq	.L29
 347:Inc/STM32F3xx_HAL_Driver/Src/stm32f3xx_hal_rcc_ex.c ****     
 430              		.loc 1 347 5 is_stmt 1 view .LVU136
 350:Inc/STM32F3xx_HAL_Driver/Src/stm32f3xx_hal_rcc_ex.c ****   }
 431              		.loc 1 350 5 view .LVU137
 432 0184 434A     		ldr	r2, .L46
 433 0186 D36A     		ldr	r3, [r2, #44]
 434 0188 23F4F873 		bic	r3, r3, #496
 435 018c A16A     		ldr	r1, [r4, #40]
 436 018e 0B43     		orrs	r3, r3, r1
 437 0190 D362     		str	r3, [r2, #44]
 438              	.L29:
 361:Inc/STM32F3xx_HAL_Driver/Src/stm32f3xx_hal_rcc_ex.c ****   {
 439              		.loc 1 361 3 view .LVU138
 361:Inc/STM32F3xx_HAL_Driver/Src/stm32f3xx_hal_rcc_ex.c ****   {
 440              		.loc 1 361 21 is_stmt 0 view .LVU139
 441 0192 2368     		ldr	r3, [r4]
 361:Inc/STM32F3xx_HAL_Driver/Src/stm32f3xx_hal_rcc_ex.c ****   {
 442              		.loc 1 361 5 view .LVU140
 443 0194 13F4807F 		tst	r3, #256
 444 0198 06D0     		beq	.L30
 364:Inc/STM32F3xx_HAL_Driver/Src/stm32f3xx_hal_rcc_ex.c ****     
 445              		.loc 1 364 5 is_stmt 1 view .LVU141
 367:Inc/STM32F3xx_HAL_Driver/Src/stm32f3xx_hal_rcc_ex.c ****   }
 446              		.loc 1 367 5 view .LVU142
 447 019a 3E4A     		ldr	r2, .L46
 448 019c D36A     		ldr	r3, [r2, #44]
 449 019e 23F47853 		bic	r3, r3, #15872
 450 01a2 E16A     		ldr	r1, [r4, #44]
 451 01a4 0B43     		orrs	r3, r3, r1
 452 01a6 D362     		str	r3, [r2, #44]
 453              	.L30:
 393:Inc/STM32F3xx_HAL_Driver/Src/stm32f3xx_hal_rcc_ex.c ****   {
 454              		.loc 1 393 3 view .LVU143
 393:Inc/STM32F3xx_HAL_Driver/Src/stm32f3xx_hal_rcc_ex.c ****   {
 455              		.loc 1 393 21 is_stmt 0 view .LVU144
 456 01a8 2368     		ldr	r3, [r4]
ARM GAS  /tmp/ccTvL2QU.s 			page 56


 393:Inc/STM32F3xx_HAL_Driver/Src/stm32f3xx_hal_rcc_ex.c ****   {
 457              		.loc 1 393 5 view .LVU145
 458 01aa 13F4805F 		tst	r3, #4096
 459 01ae 06D0     		beq	.L31
 396:Inc/STM32F3xx_HAL_Driver/Src/stm32f3xx_hal_rcc_ex.c ****     
 460              		.loc 1 396 5 is_stmt 1 view .LVU146
 399:Inc/STM32F3xx_HAL_Driver/Src/stm32f3xx_hal_rcc_ex.c ****   }
 461              		.loc 1 399 5 view .LVU147
 462 01b0 384A     		ldr	r2, .L46
 463 01b2 136B     		ldr	r3, [r2, #48]
 464 01b4 23F48073 		bic	r3, r3, #256
 465 01b8 616B     		ldr	r1, [r4, #52]
 466 01ba 0B43     		orrs	r3, r3, r1
 467 01bc 1363     		str	r3, [r2, #48]
 468              	.L31:
 411:Inc/STM32F3xx_HAL_Driver/Src/stm32f3xx_hal_rcc_ex.c ****   {
 469              		.loc 1 411 3 view .LVU148
 411:Inc/STM32F3xx_HAL_Driver/Src/stm32f3xx_hal_rcc_ex.c ****   {
 470              		.loc 1 411 21 is_stmt 0 view .LVU149
 471 01be 2368     		ldr	r3, [r4]
 411:Inc/STM32F3xx_HAL_Driver/Src/stm32f3xx_hal_rcc_ex.c ****   {
 472              		.loc 1 411 5 view .LVU150
 473 01c0 13F4005F 		tst	r3, #8192
 474 01c4 06D0     		beq	.L32
 414:Inc/STM32F3xx_HAL_Driver/Src/stm32f3xx_hal_rcc_ex.c ****     
 475              		.loc 1 414 5 is_stmt 1 view .LVU151
 417:Inc/STM32F3xx_HAL_Driver/Src/stm32f3xx_hal_rcc_ex.c ****   }
 476              		.loc 1 417 5 view .LVU152
 477 01c6 334A     		ldr	r2, .L46
 478 01c8 136B     		ldr	r3, [r2, #48]
 479 01ca 23F40073 		bic	r3, r3, #512
 480 01ce 216C     		ldr	r1, [r4, #64]
 481 01d0 0B43     		orrs	r3, r3, r1
 482 01d2 1363     		str	r3, [r2, #48]
 483              	.L32:
 498:Inc/STM32F3xx_HAL_Driver/Src/stm32f3xx_hal_rcc_ex.c ****   {
 484              		.loc 1 498 3 view .LVU153
 498:Inc/STM32F3xx_HAL_Driver/Src/stm32f3xx_hal_rcc_ex.c ****   {
 485              		.loc 1 498 21 is_stmt 0 view .LVU154
 486 01d4 2368     		ldr	r3, [r4]
 498:Inc/STM32F3xx_HAL_Driver/Src/stm32f3xx_hal_rcc_ex.c ****   {
 487              		.loc 1 498 5 view .LVU155
 488 01d6 13F4801F 		tst	r3, #1048576
 489 01da 06D0     		beq	.L33
 501:Inc/STM32F3xx_HAL_Driver/Src/stm32f3xx_hal_rcc_ex.c ****     
 490              		.loc 1 501 5 is_stmt 1 view .LVU156
 504:Inc/STM32F3xx_HAL_Driver/Src/stm32f3xx_hal_rcc_ex.c ****   }
 491              		.loc 1 504 5 view .LVU157
 492 01dc 2D4A     		ldr	r2, .L46
 493 01de 136B     		ldr	r3, [r2, #48]
 494 01e0 23F08073 		bic	r3, r3, #16777216
 495 01e4 A16B     		ldr	r1, [r4, #56]
 496 01e6 0B43     		orrs	r3, r3, r1
 497 01e8 1363     		str	r3, [r2, #48]
 498              	.L33:
 508:Inc/STM32F3xx_HAL_Driver/Src/stm32f3xx_hal_rcc_ex.c ****   {
 499              		.loc 1 508 3 view .LVU158
ARM GAS  /tmp/ccTvL2QU.s 			page 57


 508:Inc/STM32F3xx_HAL_Driver/Src/stm32f3xx_hal_rcc_ex.c ****   {
 500              		.loc 1 508 21 is_stmt 0 view .LVU159
 501 01ea 2368     		ldr	r3, [r4]
 508:Inc/STM32F3xx_HAL_Driver/Src/stm32f3xx_hal_rcc_ex.c ****   {
 502              		.loc 1 508 5 view .LVU160
 503 01ec 13F4001F 		tst	r3, #2097152
 504 01f0 06D0     		beq	.L34
 511:Inc/STM32F3xx_HAL_Driver/Src/stm32f3xx_hal_rcc_ex.c ****     
 505              		.loc 1 511 5 is_stmt 1 view .LVU161
 514:Inc/STM32F3xx_HAL_Driver/Src/stm32f3xx_hal_rcc_ex.c ****   }
 506              		.loc 1 514 5 view .LVU162
 507 01f2 284A     		ldr	r2, .L46
 508 01f4 136B     		ldr	r3, [r2, #48]
 509 01f6 23F00073 		bic	r3, r3, #33554432
 510 01fa E16B     		ldr	r1, [r4, #60]
 511 01fc 0B43     		orrs	r3, r3, r1
 512 01fe 1363     		str	r3, [r2, #48]
 513              	.L34:
 518:Inc/STM32F3xx_HAL_Driver/Src/stm32f3xx_hal_rcc_ex.c ****   {
 514              		.loc 1 518 3 view .LVU163
 518:Inc/STM32F3xx_HAL_Driver/Src/stm32f3xx_hal_rcc_ex.c ****   {
 515              		.loc 1 518 21 is_stmt 0 view .LVU164
 516 0200 2368     		ldr	r3, [r4]
 518:Inc/STM32F3xx_HAL_Driver/Src/stm32f3xx_hal_rcc_ex.c ****   {
 517              		.loc 1 518 5 view .LVU165
 518 0202 13F4800F 		tst	r3, #4194304
 519 0206 06D0     		beq	.L35
 521:Inc/STM32F3xx_HAL_Driver/Src/stm32f3xx_hal_rcc_ex.c ****     
 520              		.loc 1 521 5 is_stmt 1 view .LVU166
 524:Inc/STM32F3xx_HAL_Driver/Src/stm32f3xx_hal_rcc_ex.c ****   }
 521              		.loc 1 524 5 view .LVU167
 522 0208 224A     		ldr	r2, .L46
 523 020a 136B     		ldr	r3, [r2, #48]
 524 020c 23F48063 		bic	r3, r3, #1024
 525 0210 616C     		ldr	r1, [r4, #68]
 526 0212 0B43     		orrs	r3, r3, r1
 527 0214 1363     		str	r3, [r2, #48]
 528              	.L35:
 528:Inc/STM32F3xx_HAL_Driver/Src/stm32f3xx_hal_rcc_ex.c ****   {
 529              		.loc 1 528 3 view .LVU168
 528:Inc/STM32F3xx_HAL_Driver/Src/stm32f3xx_hal_rcc_ex.c ****   {
 530              		.loc 1 528 21 is_stmt 0 view .LVU169
 531 0216 2368     		ldr	r3, [r4]
 528:Inc/STM32F3xx_HAL_Driver/Src/stm32f3xx_hal_rcc_ex.c ****   {
 532              		.loc 1 528 5 view .LVU170
 533 0218 13F4000F 		tst	r3, #8388608
 534 021c 06D0     		beq	.L36
 531:Inc/STM32F3xx_HAL_Driver/Src/stm32f3xx_hal_rcc_ex.c ****     
 535              		.loc 1 531 5 is_stmt 1 view .LVU171
 534:Inc/STM32F3xx_HAL_Driver/Src/stm32f3xx_hal_rcc_ex.c ****   }
 536              		.loc 1 534 5 view .LVU172
 537 021e 1D4A     		ldr	r2, .L46
 538 0220 136B     		ldr	r3, [r2, #48]
 539 0222 23F40063 		bic	r3, r3, #2048
 540 0226 A16C     		ldr	r1, [r4, #72]
 541 0228 0B43     		orrs	r3, r3, r1
 542 022a 1363     		str	r3, [r2, #48]
ARM GAS  /tmp/ccTvL2QU.s 			page 58


 543              	.L36:
 538:Inc/STM32F3xx_HAL_Driver/Src/stm32f3xx_hal_rcc_ex.c ****   {
 544              		.loc 1 538 3 view .LVU173
 538:Inc/STM32F3xx_HAL_Driver/Src/stm32f3xx_hal_rcc_ex.c ****   {
 545              		.loc 1 538 21 is_stmt 0 view .LVU174
 546 022c 2368     		ldr	r3, [r4]
 538:Inc/STM32F3xx_HAL_Driver/Src/stm32f3xx_hal_rcc_ex.c ****   {
 547              		.loc 1 538 5 view .LVU175
 548 022e 13F0807F 		tst	r3, #16777216
 549 0232 06D0     		beq	.L37
 541:Inc/STM32F3xx_HAL_Driver/Src/stm32f3xx_hal_rcc_ex.c ****     
 550              		.loc 1 541 5 is_stmt 1 view .LVU176
 544:Inc/STM32F3xx_HAL_Driver/Src/stm32f3xx_hal_rcc_ex.c ****   }
 551              		.loc 1 544 5 view .LVU177
 552 0234 174A     		ldr	r2, .L46
 553 0236 136B     		ldr	r3, [r2, #48]
 554 0238 23F40053 		bic	r3, r3, #8192
 555 023c E16C     		ldr	r1, [r4, #76]
 556 023e 0B43     		orrs	r3, r3, r1
 557 0240 1363     		str	r3, [r2, #48]
 558              	.L37:
 551:Inc/STM32F3xx_HAL_Driver/Src/stm32f3xx_hal_rcc_ex.c ****   {
 559              		.loc 1 551 3 view .LVU178
 551:Inc/STM32F3xx_HAL_Driver/Src/stm32f3xx_hal_rcc_ex.c ****   {
 560              		.loc 1 551 21 is_stmt 0 view .LVU179
 561 0242 2368     		ldr	r3, [r4]
 551:Inc/STM32F3xx_HAL_Driver/Src/stm32f3xx_hal_rcc_ex.c ****   {
 562              		.loc 1 551 5 view .LVU180
 563 0244 13F0007F 		tst	r3, #33554432
 564 0248 54D0     		beq	.L41
 554:Inc/STM32F3xx_HAL_Driver/Src/stm32f3xx_hal_rcc_ex.c ****     
 565              		.loc 1 554 5 is_stmt 1 view .LVU181
 557:Inc/STM32F3xx_HAL_Driver/Src/stm32f3xx_hal_rcc_ex.c ****   }
 566              		.loc 1 557 5 view .LVU182
 567 024a 124A     		ldr	r2, .L46
 568 024c 136B     		ldr	r3, [r2, #48]
 569 024e 23F40043 		bic	r3, r3, #32768
 570 0252 216D     		ldr	r1, [r4, #80]
 571 0254 0B43     		orrs	r3, r3, r1
 572 0256 1363     		str	r3, [r2, #48]
 562:Inc/STM32F3xx_HAL_Driver/Src/stm32f3xx_hal_rcc_ex.c **** }
 573              		.loc 1 562 10 is_stmt 0 view .LVU183
 574 0258 0020     		movs	r0, #0
 575              	.L12:
 563:Inc/STM32F3xx_HAL_Driver/Src/stm32f3xx_hal_rcc_ex.c **** 
 576              		.loc 1 563 1 view .LVU184
 577 025a 03B0     		add	sp, sp, #12
 578              		.cfi_remember_state
 579              		.cfi_def_cfa_offset 20
 580              		@ sp needed
 581 025c F0BD     		pop	{r4, r5, r6, r7, pc}
 582              	.LVL26:
 583              	.L38:
 584              		.cfi_restore_state
 109:Inc/STM32F3xx_HAL_Driver/Src/stm32f3xx_hal_rcc_ex.c ****     
 585              		.loc 1 109 20 view .LVU185
 586 025e 0025     		movs	r5, #0
ARM GAS  /tmp/ccTvL2QU.s 			page 59


 587 0260 E6E6     		b	.L9
 588              	.LVL27:
 589              	.L43:
 133:Inc/STM32F3xx_HAL_Driver/Src/stm32f3xx_hal_rcc_ex.c ****       
 590              		.loc 1 133 7 is_stmt 1 view .LVU186
 591 0262 0D4A     		ldr	r2, .L46+4
 592 0264 1368     		ldr	r3, [r2]
 593 0266 43F48073 		orr	r3, r3, #256
 594 026a 1360     		str	r3, [r2]
 136:Inc/STM32F3xx_HAL_Driver/Src/stm32f3xx_hal_rcc_ex.c ****       
 595              		.loc 1 136 7 view .LVU187
 136:Inc/STM32F3xx_HAL_Driver/Src/stm32f3xx_hal_rcc_ex.c ****       
 596              		.loc 1 136 19 is_stmt 0 view .LVU188
 597 026c FFF7FEFF 		bl	HAL_GetTick
 598              	.LVL28:
 136:Inc/STM32F3xx_HAL_Driver/Src/stm32f3xx_hal_rcc_ex.c ****       
 599              		.loc 1 136 19 view .LVU189
 600 0270 0646     		mov	r6, r0
 601              	.LVL29:
 138:Inc/STM32F3xx_HAL_Driver/Src/stm32f3xx_hal_rcc_ex.c ****       {
 602              		.loc 1 138 7 is_stmt 1 view .LVU190
 603              	.L11:
 138:Inc/STM32F3xx_HAL_Driver/Src/stm32f3xx_hal_rcc_ex.c ****       {
 604              		.loc 1 138 13 view .LVU191
 605 0272 094B     		ldr	r3, .L46+4
 606 0274 1B68     		ldr	r3, [r3]
 607 0276 13F4807F 		tst	r3, #256
 608 027a 7FF4DFAE 		bne	.L10
 140:Inc/STM32F3xx_HAL_Driver/Src/stm32f3xx_hal_rcc_ex.c ****         {
 609              		.loc 1 140 11 view .LVU192
 140:Inc/STM32F3xx_HAL_Driver/Src/stm32f3xx_hal_rcc_ex.c ****         {
 610              		.loc 1 140 15 is_stmt 0 view .LVU193
 611 027e FFF7FEFF 		bl	HAL_GetTick
 612              	.LVL30:
 140:Inc/STM32F3xx_HAL_Driver/Src/stm32f3xx_hal_rcc_ex.c ****         {
 613              		.loc 1 140 29 discriminator 1 view .LVU194
 614 0282 801B     		subs	r0, r0, r6
 140:Inc/STM32F3xx_HAL_Driver/Src/stm32f3xx_hal_rcc_ex.c ****         {
 615              		.loc 1 140 13 discriminator 1 view .LVU195
 616 0284 6428     		cmp	r0, #100
 617 0286 F4D9     		bls	.L11
 142:Inc/STM32F3xx_HAL_Driver/Src/stm32f3xx_hal_rcc_ex.c ****         }
 618              		.loc 1 142 18 view .LVU196
 619 0288 0320     		movs	r0, #3
 620 028a E6E7     		b	.L12
 621              	.LVL31:
 622              	.L44:
 163:Inc/STM32F3xx_HAL_Driver/Src/stm32f3xx_hal_rcc_ex.c ****         
 623              		.loc 1 163 9 is_stmt 1 view .LVU197
 163:Inc/STM32F3xx_HAL_Driver/Src/stm32f3xx_hal_rcc_ex.c ****         
 624              		.loc 1 163 21 is_stmt 0 view .LVU198
 625 028c FFF7FEFF 		bl	HAL_GetTick
 626              	.LVL32:
 627 0290 0646     		mov	r6, r0
 628              	.LVL33:
 166:Inc/STM32F3xx_HAL_Driver/Src/stm32f3xx_hal_rcc_ex.c ****         {
 629              		.loc 1 166 9 is_stmt 1 view .LVU199
ARM GAS  /tmp/ccTvL2QU.s 			page 60


 166:Inc/STM32F3xx_HAL_Driver/Src/stm32f3xx_hal_rcc_ex.c ****         {
 630              		.loc 1 166 14 is_stmt 0 view .LVU200
 631 0292 1EE0     		b	.L15
 632              	.L47:
 633              		.align	2
 634              	.L46:
 635 0294 00100240 		.word	1073876992
 636 0298 00700040 		.word	1073770496
 637 029c 00819010 		.word	277905664
 638              	.LVL34:
 639              	.L16:
 640              	.LBB20:
 641              	.LBI20:
 981:Inc/CMSIS/Core/Include/cmsis_gcc.h **** {
 642              		.loc 2 981 31 is_stmt 1 view .LVU201
 643              	.LBB21:
 983:Inc/CMSIS/Core/Include/cmsis_gcc.h **** 
 644              		.loc 2 983 3 view .LVU202
 988:Inc/CMSIS/Core/Include/cmsis_gcc.h **** #else
 645              		.loc 2 988 4 view .LVU203
 646 02a0 0223     		movs	r3, #2
 647              		.syntax unified
 648              	@ 988 "Inc/CMSIS/Core/Include/cmsis_gcc.h" 1
 649 02a2 93FAA3F3 		rbit r3, r3
 650              	@ 0 "" 2
 651              	.LVL35:
 652              		.loc 2 1001 3 view .LVU204
 653              		.loc 2 1001 3 is_stmt 0 view .LVU205
 654              		.thumb
 655              		.syntax unified
 656              	.LBE21:
 657              	.LBE20:
 166:Inc/STM32F3xx_HAL_Driver/Src/stm32f3xx_hal_rcc_ex.c ****         {
 658              		.loc 1 166 15 discriminator 8 view .LVU206
 659 02a6 144B     		ldr	r3, .L48
 660 02a8 596A     		ldr	r1, [r3, #36]
 661              	.L17:
 662              	.LVL36:
 663              	.LBB22:
 664              	.LBI22:
 981:Inc/CMSIS/Core/Include/cmsis_gcc.h **** {
 665              		.loc 2 981 31 is_stmt 1 view .LVU207
 666              	.LBB23:
 983:Inc/CMSIS/Core/Include/cmsis_gcc.h **** 
 667              		.loc 2 983 3 view .LVU208
 988:Inc/CMSIS/Core/Include/cmsis_gcc.h **** #else
 668              		.loc 2 988 4 view .LVU209
 669 02aa 0223     		movs	r3, #2
 670              		.syntax unified
 671              	@ 988 "Inc/CMSIS/Core/Include/cmsis_gcc.h" 1
 672 02ac 93FAA3F3 		rbit r3, r3
 673              	@ 0 "" 2
 674              	.LVL37:
 675              		.loc 2 1001 3 view .LVU210
 676              		.loc 2 1001 3 is_stmt 0 view .LVU211
 677              		.thumb
 678              		.syntax unified
ARM GAS  /tmp/ccTvL2QU.s 			page 61


 679              	.LBE23:
 680              	.LBE22:
 166:Inc/STM32F3xx_HAL_Driver/Src/stm32f3xx_hal_rcc_ex.c ****         {
 681              		.loc 1 166 15 discriminator 2 view .LVU212
 682 02b0 B3FA83F3 		clz	r3, r3
 683 02b4 03F01F03 		and	r3, r3, #31
 684 02b8 0122     		movs	r2, #1
 685 02ba 02FA03F3 		lsl	r3, r2, r3
 166:Inc/STM32F3xx_HAL_Driver/Src/stm32f3xx_hal_rcc_ex.c ****         {
 686              		.loc 1 166 51 discriminator 2 view .LVU213
 687 02be 0B42     		tst	r3, r1
 688 02c0 7FF4E4AE 		bne	.L14
 168:Inc/STM32F3xx_HAL_Driver/Src/stm32f3xx_hal_rcc_ex.c ****           {
 689              		.loc 1 168 13 is_stmt 1 view .LVU214
 168:Inc/STM32F3xx_HAL_Driver/Src/stm32f3xx_hal_rcc_ex.c ****           {
 690              		.loc 1 168 17 is_stmt 0 view .LVU215
 691 02c4 FFF7FEFF 		bl	HAL_GetTick
 692              	.LVL38:
 168:Inc/STM32F3xx_HAL_Driver/Src/stm32f3xx_hal_rcc_ex.c ****           {
 693              		.loc 1 168 31 discriminator 1 view .LVU216
 694 02c8 801B     		subs	r0, r0, r6
 168:Inc/STM32F3xx_HAL_Driver/Src/stm32f3xx_hal_rcc_ex.c ****           {
 695              		.loc 1 168 15 discriminator 1 view .LVU217
 696 02ca 41F28833 		movw	r3, #5000
 697 02ce 9842     		cmp	r0, r3
 698 02d0 0ED8     		bhi	.L40
 699              	.L15:
 166:Inc/STM32F3xx_HAL_Driver/Src/stm32f3xx_hal_rcc_ex.c ****         {
 700              		.loc 1 166 51 is_stmt 1 view .LVU218
 701              	.LVL39:
 702              	.LBB24:
 703              	.LBI24:
 981:Inc/CMSIS/Core/Include/cmsis_gcc.h **** {
 704              		.loc 2 981 31 view .LVU219
 705              	.LBB25:
 983:Inc/CMSIS/Core/Include/cmsis_gcc.h **** 
 706              		.loc 2 983 3 view .LVU220
 988:Inc/CMSIS/Core/Include/cmsis_gcc.h **** #else
 707              		.loc 2 988 4 view .LVU221
 708 02d2 0223     		movs	r3, #2
 709              		.syntax unified
 710              	@ 988 "Inc/CMSIS/Core/Include/cmsis_gcc.h" 1
 711 02d4 93FAA3F2 		rbit r2, r3
 712              	@ 0 "" 2
 713              	.LVL40:
 714              		.loc 2 1001 3 view .LVU222
 715              		.loc 2 1001 3 is_stmt 0 view .LVU223
 716              		.thumb
 717              		.syntax unified
 718              	.LBE25:
 719              	.LBE24:
 720              	.LBB26:
 721              	.LBI26:
 981:Inc/CMSIS/Core/Include/cmsis_gcc.h **** {
 722              		.loc 2 981 31 is_stmt 1 view .LVU224
 723              	.LBB27:
 983:Inc/CMSIS/Core/Include/cmsis_gcc.h **** 
ARM GAS  /tmp/ccTvL2QU.s 			page 62


 724              		.loc 2 983 3 view .LVU225
 988:Inc/CMSIS/Core/Include/cmsis_gcc.h **** #else
 725              		.loc 2 988 4 view .LVU226
 726              		.syntax unified
 727              	@ 988 "Inc/CMSIS/Core/Include/cmsis_gcc.h" 1
 728 02d8 93FAA3F3 		rbit r3, r3
 729              	@ 0 "" 2
 730              	.LVL41:
 731              		.loc 2 1001 3 view .LVU227
 732              		.loc 2 1001 3 is_stmt 0 view .LVU228
 733              		.thumb
 734              		.syntax unified
 735              	.LBE27:
 736              	.LBE26:
 166:Inc/STM32F3xx_HAL_Driver/Src/stm32f3xx_hal_rcc_ex.c ****         {
 737              		.loc 1 166 15 discriminator 2 view .LVU229
 738 02dc 002B     		cmp	r3, #0
 739 02de DFD0     		beq	.L16
 166:Inc/STM32F3xx_HAL_Driver/Src/stm32f3xx_hal_rcc_ex.c ****         {
 740              		.loc 1 166 15 discriminator 4 view .LVU230
 741 02e0 054B     		ldr	r3, .L48
 742 02e2 196A     		ldr	r1, [r3, #32]
 743 02e4 E1E7     		b	.L17
 744              	.LVL42:
 745              	.L45:
 180:Inc/STM32F3xx_HAL_Driver/Src/stm32f3xx_hal_rcc_ex.c ****     }
 746              		.loc 1 180 7 is_stmt 1 view .LVU231
 747 02e6 D369     		ldr	r3, [r2, #28]
 748 02e8 23F08053 		bic	r3, r3, #268435456
 749 02ec D361     		str	r3, [r2, #28]
 750 02ee D7E6     		b	.L8
 751              	.LVL43:
 752              	.L40:
 170:Inc/STM32F3xx_HAL_Driver/Src/stm32f3xx_hal_rcc_ex.c ****           }      
 753              		.loc 1 170 20 is_stmt 0 view .LVU232
 754 02f0 0320     		movs	r0, #3
 755 02f2 B2E7     		b	.L12
 756              	.LVL44:
 757              	.L41:
 562:Inc/STM32F3xx_HAL_Driver/Src/stm32f3xx_hal_rcc_ex.c **** }
 758              		.loc 1 562 10 view .LVU233
 759 02f4 0020     		movs	r0, #0
 760 02f6 B0E7     		b	.L12
 761              	.L49:
 762              		.align	2
 763              	.L48:
 764 02f8 00100240 		.word	1073876992
 765              		.cfi_endproc
 766              	.LFE130:
 768              		.section	.text.HAL_RCCEx_GetPeriphCLKConfig,"ax",%progbits
 769              		.align	1
 770              		.global	HAL_RCCEx_GetPeriphCLKConfig
 771              		.syntax unified
 772              		.thumb
 773              		.thumb_func
 775              	HAL_RCCEx_GetPeriphCLKConfig:
 776              	.LVL45:
ARM GAS  /tmp/ccTvL2QU.s 			page 63


 777              	.LFB131:
 574:Inc/STM32F3xx_HAL_Driver/Src/stm32f3xx_hal_rcc_ex.c ****   /* Set all possible values for the extended clock type parameter------------*/
 778              		.loc 1 574 1 is_stmt 1 view -0
 779              		.cfi_startproc
 780              		@ args = 0, pretend = 0, frame = 0
 781              		@ frame_needed = 0, uses_anonymous_args = 0
 782              		@ link register save eliminated.
 578:Inc/STM32F3xx_HAL_Driver/Src/stm32f3xx_hal_rcc_ex.c ****                                         RCC_PERIPHCLK_I2C1   | RCC_PERIPHCLK_RTC;
 783              		.loc 1 578 3 view .LVU235
 578:Inc/STM32F3xx_HAL_Driver/Src/stm32f3xx_hal_rcc_ex.c ****                                         RCC_PERIPHCLK_I2C1   | RCC_PERIPHCLK_RTC;
 784              		.loc 1 578 39 is_stmt 0 view .LVU236
 785 0000 3A4B     		ldr	r3, .L51
 786 0002 0360     		str	r3, [r0]
 586:Inc/STM32F3xx_HAL_Driver/Src/stm32f3xx_hal_rcc_ex.c ****   /* Get the USART1 clock configuration --------------------------------------------*/
 787              		.loc 1 586 3 is_stmt 1 view .LVU237
 586:Inc/STM32F3xx_HAL_Driver/Src/stm32f3xx_hal_rcc_ex.c ****   /* Get the USART1 clock configuration --------------------------------------------*/
 788              		.loc 1 586 38 is_stmt 0 view .LVU238
 789 0004 3A4B     		ldr	r3, .L51+4
 790 0006 1A6A     		ldr	r2, [r3, #32]
 791 0008 02F44072 		and	r2, r2, #768
 586:Inc/STM32F3xx_HAL_Driver/Src/stm32f3xx_hal_rcc_ex.c ****   /* Get the USART1 clock configuration --------------------------------------------*/
 792              		.loc 1 586 36 view .LVU239
 793 000c 4260     		str	r2, [r0, #4]
 588:Inc/STM32F3xx_HAL_Driver/Src/stm32f3xx_hal_rcc_ex.c **** #if defined(RCC_CFGR3_USART2SW)
 794              		.loc 1 588 3 is_stmt 1 view .LVU240
 588:Inc/STM32F3xx_HAL_Driver/Src/stm32f3xx_hal_rcc_ex.c **** #if defined(RCC_CFGR3_USART2SW)
 795              		.loc 1 588 41 is_stmt 0 view .LVU241
 796 000e 1A6B     		ldr	r2, [r3, #48]
 797 0010 02F00302 		and	r2, r2, #3
 588:Inc/STM32F3xx_HAL_Driver/Src/stm32f3xx_hal_rcc_ex.c **** #if defined(RCC_CFGR3_USART2SW)
 798              		.loc 1 588 39 view .LVU242
 799 0014 8260     		str	r2, [r0, #8]
 591:Inc/STM32F3xx_HAL_Driver/Src/stm32f3xx_hal_rcc_ex.c **** #endif /* RCC_CFGR3_USART2SW */
 800              		.loc 1 591 3 is_stmt 1 view .LVU243
 591:Inc/STM32F3xx_HAL_Driver/Src/stm32f3xx_hal_rcc_ex.c **** #endif /* RCC_CFGR3_USART2SW */
 801              		.loc 1 591 41 is_stmt 0 view .LVU244
 802 0016 1A6B     		ldr	r2, [r3, #48]
 803 0018 02F44032 		and	r2, r2, #196608
 591:Inc/STM32F3xx_HAL_Driver/Src/stm32f3xx_hal_rcc_ex.c **** #endif /* RCC_CFGR3_USART2SW */
 804              		.loc 1 591 39 view .LVU245
 805 001c C260     		str	r2, [r0, #12]
 595:Inc/STM32F3xx_HAL_Driver/Src/stm32f3xx_hal_rcc_ex.c **** #endif /* RCC_CFGR3_USART3SW */
 806              		.loc 1 595 3 is_stmt 1 view .LVU246
 595:Inc/STM32F3xx_HAL_Driver/Src/stm32f3xx_hal_rcc_ex.c **** #endif /* RCC_CFGR3_USART3SW */
 807              		.loc 1 595 41 is_stmt 0 view .LVU247
 808 001e 1A6B     		ldr	r2, [r3, #48]
 809 0020 02F44022 		and	r2, r2, #786432
 595:Inc/STM32F3xx_HAL_Driver/Src/stm32f3xx_hal_rcc_ex.c **** #endif /* RCC_CFGR3_USART3SW */
 810              		.loc 1 595 39 view .LVU248
 811 0024 0261     		str	r2, [r0, #16]
 598:Inc/STM32F3xx_HAL_Driver/Src/stm32f3xx_hal_rcc_ex.c **** 
 812              		.loc 1 598 3 is_stmt 1 view .LVU249
 598:Inc/STM32F3xx_HAL_Driver/Src/stm32f3xx_hal_rcc_ex.c **** 
 813              		.loc 1 598 39 is_stmt 0 view .LVU250
 814 0026 1A6B     		ldr	r2, [r3, #48]
 815 0028 02F01002 		and	r2, r2, #16
 598:Inc/STM32F3xx_HAL_Driver/Src/stm32f3xx_hal_rcc_ex.c **** 
ARM GAS  /tmp/ccTvL2QU.s 			page 64


 816              		.loc 1 598 37 view .LVU251
 817 002c C261     		str	r2, [r0, #28]
 605:Inc/STM32F3xx_HAL_Driver/Src/stm32f3xx_hal_rcc_ex.c ****   /* Get the USB clock configuration -----------------------------------------*/
 818              		.loc 1 605 3 is_stmt 1 view .LVU252
 605:Inc/STM32F3xx_HAL_Driver/Src/stm32f3xx_hal_rcc_ex.c ****   /* Get the USB clock configuration -----------------------------------------*/
 819              		.loc 1 605 39 is_stmt 0 view .LVU253
 820 002e 314A     		ldr	r2, .L51+8
 821 0030 0260     		str	r2, [r0]
 607:Inc/STM32F3xx_HAL_Driver/Src/stm32f3xx_hal_rcc_ex.c **** 
 822              		.loc 1 607 3 is_stmt 1 view .LVU254
 607:Inc/STM32F3xx_HAL_Driver/Src/stm32f3xx_hal_rcc_ex.c **** 
 823              		.loc 1 607 38 is_stmt 0 view .LVU255
 824 0032 5A68     		ldr	r2, [r3, #4]
 825 0034 02F48002 		and	r2, r2, #4194304
 607:Inc/STM32F3xx_HAL_Driver/Src/stm32f3xx_hal_rcc_ex.c **** 
 826              		.loc 1 607 36 view .LVU256
 827 0038 4265     		str	r2, [r0, #84]
 619:Inc/STM32F3xx_HAL_Driver/Src/stm32f3xx_hal_rcc_ex.c ****   /* Get the I2C2 clock configuration -----------------------------------------*/
 828              		.loc 1 619 3 is_stmt 1 view .LVU257
 619:Inc/STM32F3xx_HAL_Driver/Src/stm32f3xx_hal_rcc_ex.c ****   /* Get the I2C2 clock configuration -----------------------------------------*/
 829              		.loc 1 619 39 is_stmt 0 view .LVU258
 830 003a 2F4A     		ldr	r2, .L51+12
 831 003c 0260     		str	r2, [r0]
 621:Inc/STM32F3xx_HAL_Driver/Src/stm32f3xx_hal_rcc_ex.c **** 
 832              		.loc 1 621 3 is_stmt 1 view .LVU259
 621:Inc/STM32F3xx_HAL_Driver/Src/stm32f3xx_hal_rcc_ex.c **** 
 833              		.loc 1 621 39 is_stmt 0 view .LVU260
 834 003e 1A6B     		ldr	r2, [r3, #48]
 835 0040 02F02002 		and	r2, r2, #32
 621:Inc/STM32F3xx_HAL_Driver/Src/stm32f3xx_hal_rcc_ex.c **** 
 836              		.loc 1 621 37 view .LVU261
 837 0044 0262     		str	r2, [r0, #32]
 631:Inc/STM32F3xx_HAL_Driver/Src/stm32f3xx_hal_rcc_ex.c ****   /* Get the I2C3 clock configuration -----------------------------------------*/
 838              		.loc 1 631 3 is_stmt 1 view .LVU262
 631:Inc/STM32F3xx_HAL_Driver/Src/stm32f3xx_hal_rcc_ex.c ****   /* Get the I2C3 clock configuration -----------------------------------------*/
 839              		.loc 1 631 39 is_stmt 0 view .LVU263
 840 0046 2D4A     		ldr	r2, .L51+16
 841 0048 0260     		str	r2, [r0]
 633:Inc/STM32F3xx_HAL_Driver/Src/stm32f3xx_hal_rcc_ex.c **** 
 842              		.loc 1 633 3 is_stmt 1 view .LVU264
 633:Inc/STM32F3xx_HAL_Driver/Src/stm32f3xx_hal_rcc_ex.c **** 
 843              		.loc 1 633 39 is_stmt 0 view .LVU265
 844 004a 1A6B     		ldr	r2, [r3, #48]
 845 004c 02F04002 		and	r2, r2, #64
 633:Inc/STM32F3xx_HAL_Driver/Src/stm32f3xx_hal_rcc_ex.c **** 
 846              		.loc 1 633 37 view .LVU266
 847 0050 4262     		str	r2, [r0, #36]
 641:Inc/STM32F3xx_HAL_Driver/Src/stm32f3xx_hal_rcc_ex.c ****   /* Get the UART4 clock configuration -----------------------------------------*/
 848              		.loc 1 641 3 is_stmt 1 view .LVU267
 641:Inc/STM32F3xx_HAL_Driver/Src/stm32f3xx_hal_rcc_ex.c ****   /* Get the UART4 clock configuration -----------------------------------------*/
 849              		.loc 1 641 39 is_stmt 0 view .LVU268
 850 0052 2B4A     		ldr	r2, .L51+20
 851 0054 0260     		str	r2, [r0]
 643:Inc/STM32F3xx_HAL_Driver/Src/stm32f3xx_hal_rcc_ex.c ****   /* Get the UART5 clock configuration -----------------------------------------*/
 852              		.loc 1 643 3 is_stmt 1 view .LVU269
 643:Inc/STM32F3xx_HAL_Driver/Src/stm32f3xx_hal_rcc_ex.c ****   /* Get the UART5 clock configuration -----------------------------------------*/
 853              		.loc 1 643 40 is_stmt 0 view .LVU270
ARM GAS  /tmp/ccTvL2QU.s 			page 65


 854 0056 1A6B     		ldr	r2, [r3, #48]
 855 0058 02F44012 		and	r2, r2, #3145728
 643:Inc/STM32F3xx_HAL_Driver/Src/stm32f3xx_hal_rcc_ex.c ****   /* Get the UART5 clock configuration -----------------------------------------*/
 856              		.loc 1 643 38 view .LVU271
 857 005c 4261     		str	r2, [r0, #20]
 645:Inc/STM32F3xx_HAL_Driver/Src/stm32f3xx_hal_rcc_ex.c **** 
 858              		.loc 1 645 3 is_stmt 1 view .LVU272
 645:Inc/STM32F3xx_HAL_Driver/Src/stm32f3xx_hal_rcc_ex.c **** 
 859              		.loc 1 645 40 is_stmt 0 view .LVU273
 860 005e 1A6B     		ldr	r2, [r3, #48]
 861 0060 02F44002 		and	r2, r2, #12582912
 645:Inc/STM32F3xx_HAL_Driver/Src/stm32f3xx_hal_rcc_ex.c **** 
 862              		.loc 1 645 38 view .LVU274
 863 0064 8261     		str	r2, [r0, #24]
 654:Inc/STM32F3xx_HAL_Driver/Src/stm32f3xx_hal_rcc_ex.c ****   /* Get the I2S clock configuration -----------------------------------------*/
 864              		.loc 1 654 3 is_stmt 1 view .LVU275
 654:Inc/STM32F3xx_HAL_Driver/Src/stm32f3xx_hal_rcc_ex.c ****   /* Get the I2S clock configuration -----------------------------------------*/
 865              		.loc 1 654 39 is_stmt 0 view .LVU276
 866 0066 274A     		ldr	r2, .L51+24
 867 0068 0260     		str	r2, [r0]
 656:Inc/STM32F3xx_HAL_Driver/Src/stm32f3xx_hal_rcc_ex.c **** 
 868              		.loc 1 656 3 is_stmt 1 view .LVU277
 656:Inc/STM32F3xx_HAL_Driver/Src/stm32f3xx_hal_rcc_ex.c **** 
 869              		.loc 1 656 38 is_stmt 0 view .LVU278
 870 006a 5A68     		ldr	r2, [r3, #4]
 871 006c 02F40002 		and	r2, r2, #8388608
 656:Inc/STM32F3xx_HAL_Driver/Src/stm32f3xx_hal_rcc_ex.c **** 
 872              		.loc 1 656 36 view .LVU279
 873 0070 0263     		str	r2, [r0, #48]
 676:Inc/STM32F3xx_HAL_Driver/Src/stm32f3xx_hal_rcc_ex.c ****   /* Get the ADC1 & ADC2 clock configuration -----------------------------------------*/
 874              		.loc 1 676 3 is_stmt 1 view .LVU280
 676:Inc/STM32F3xx_HAL_Driver/Src/stm32f3xx_hal_rcc_ex.c ****   /* Get the ADC1 & ADC2 clock configuration -----------------------------------------*/
 875              		.loc 1 676 39 is_stmt 0 view .LVU281
 876 0072 254A     		ldr	r2, .L51+28
 877 0074 0260     		str	r2, [r0]
 678:Inc/STM32F3xx_HAL_Driver/Src/stm32f3xx_hal_rcc_ex.c **** 
 878              		.loc 1 678 3 is_stmt 1 view .LVU282
 678:Inc/STM32F3xx_HAL_Driver/Src/stm32f3xx_hal_rcc_ex.c **** 
 879              		.loc 1 678 40 is_stmt 0 view .LVU283
 880 0076 DA6A     		ldr	r2, [r3, #44]
 881 0078 02F4F872 		and	r2, r2, #496
 678:Inc/STM32F3xx_HAL_Driver/Src/stm32f3xx_hal_rcc_ex.c **** 
 882              		.loc 1 678 38 view .LVU284
 883 007c 8262     		str	r2, [r0, #40]
 687:Inc/STM32F3xx_HAL_Driver/Src/stm32f3xx_hal_rcc_ex.c ****    /* Get the ADC3 & ADC4 clock configuration -----------------------------------------*/
 884              		.loc 1 687 3 is_stmt 1 view .LVU285
 687:Inc/STM32F3xx_HAL_Driver/Src/stm32f3xx_hal_rcc_ex.c ****    /* Get the ADC3 & ADC4 clock configuration -----------------------------------------*/
 885              		.loc 1 687 39 is_stmt 0 view .LVU286
 886 007e 234A     		ldr	r2, .L51+32
 887 0080 0260     		str	r2, [r0]
 689:Inc/STM32F3xx_HAL_Driver/Src/stm32f3xx_hal_rcc_ex.c **** 
 888              		.loc 1 689 3 is_stmt 1 view .LVU287
 689:Inc/STM32F3xx_HAL_Driver/Src/stm32f3xx_hal_rcc_ex.c **** 
 889              		.loc 1 689 40 is_stmt 0 view .LVU288
 890 0082 DA6A     		ldr	r2, [r3, #44]
 891 0084 02F47852 		and	r2, r2, #15872
 689:Inc/STM32F3xx_HAL_Driver/Src/stm32f3xx_hal_rcc_ex.c **** 
ARM GAS  /tmp/ccTvL2QU.s 			page 66


 892              		.loc 1 689 38 view .LVU289
 893 0088 C262     		str	r2, [r0, #44]
 699:Inc/STM32F3xx_HAL_Driver/Src/stm32f3xx_hal_rcc_ex.c ****   /* Get the TIM1 clock configuration -----------------------------------------*/
 894              		.loc 1 699 3 is_stmt 1 view .LVU290
 699:Inc/STM32F3xx_HAL_Driver/Src/stm32f3xx_hal_rcc_ex.c ****   /* Get the TIM1 clock configuration -----------------------------------------*/
 895              		.loc 1 699 39 is_stmt 0 view .LVU291
 896 008a 214A     		ldr	r2, .L51+36
 897 008c 0260     		str	r2, [r0]
 701:Inc/STM32F3xx_HAL_Driver/Src/stm32f3xx_hal_rcc_ex.c **** 
 898              		.loc 1 701 3 is_stmt 1 view .LVU292
 701:Inc/STM32F3xx_HAL_Driver/Src/stm32f3xx_hal_rcc_ex.c **** 
 899              		.loc 1 701 39 is_stmt 0 view .LVU293
 900 008e 1A6B     		ldr	r2, [r3, #48]
 901 0090 02F48072 		and	r2, r2, #256
 701:Inc/STM32F3xx_HAL_Driver/Src/stm32f3xx_hal_rcc_ex.c **** 
 902              		.loc 1 701 37 view .LVU294
 903 0094 4263     		str	r2, [r0, #52]
 711:Inc/STM32F3xx_HAL_Driver/Src/stm32f3xx_hal_rcc_ex.c ****   /* Get the TIM8 clock configuration -----------------------------------------*/
 904              		.loc 1 711 3 is_stmt 1 view .LVU295
 711:Inc/STM32F3xx_HAL_Driver/Src/stm32f3xx_hal_rcc_ex.c ****   /* Get the TIM8 clock configuration -----------------------------------------*/
 905              		.loc 1 711 39 is_stmt 0 view .LVU296
 906 0096 1F4A     		ldr	r2, .L51+40
 907 0098 0260     		str	r2, [r0]
 713:Inc/STM32F3xx_HAL_Driver/Src/stm32f3xx_hal_rcc_ex.c **** 
 908              		.loc 1 713 3 is_stmt 1 view .LVU297
 713:Inc/STM32F3xx_HAL_Driver/Src/stm32f3xx_hal_rcc_ex.c **** 
 909              		.loc 1 713 39 is_stmt 0 view .LVU298
 910 009a 1A6B     		ldr	r2, [r3, #48]
 911 009c 02F40072 		and	r2, r2, #512
 713:Inc/STM32F3xx_HAL_Driver/Src/stm32f3xx_hal_rcc_ex.c **** 
 912              		.loc 1 713 37 view .LVU299
 913 00a0 0264     		str	r2, [r0, #64]
 752:Inc/STM32F3xx_HAL_Driver/Src/stm32f3xx_hal_rcc_ex.c ****   /* Get the TIM2 clock configuration -----------------------------------------*/
 914              		.loc 1 752 3 is_stmt 1 view .LVU300
 752:Inc/STM32F3xx_HAL_Driver/Src/stm32f3xx_hal_rcc_ex.c ****   /* Get the TIM2 clock configuration -----------------------------------------*/
 915              		.loc 1 752 39 is_stmt 0 view .LVU301
 916 00a2 1D4A     		ldr	r2, .L51+44
 917 00a4 0260     		str	r2, [r0]
 754:Inc/STM32F3xx_HAL_Driver/Src/stm32f3xx_hal_rcc_ex.c **** 
 918              		.loc 1 754 3 is_stmt 1 view .LVU302
 754:Inc/STM32F3xx_HAL_Driver/Src/stm32f3xx_hal_rcc_ex.c **** 
 919              		.loc 1 754 39 is_stmt 0 view .LVU303
 920 00a6 1A6B     		ldr	r2, [r3, #48]
 921 00a8 02F08072 		and	r2, r2, #16777216
 754:Inc/STM32F3xx_HAL_Driver/Src/stm32f3xx_hal_rcc_ex.c **** 
 922              		.loc 1 754 37 view .LVU304
 923 00ac 8263     		str	r2, [r0, #56]
 756:Inc/STM32F3xx_HAL_Driver/Src/stm32f3xx_hal_rcc_ex.c ****   /* Get the TIM3 clock configuration -----------------------------------------*/
 924              		.loc 1 756 3 is_stmt 1 view .LVU305
 756:Inc/STM32F3xx_HAL_Driver/Src/stm32f3xx_hal_rcc_ex.c ****   /* Get the TIM3 clock configuration -----------------------------------------*/
 925              		.loc 1 756 39 is_stmt 0 view .LVU306
 926 00ae 1B4A     		ldr	r2, .L51+48
 927 00b0 0260     		str	r2, [r0]
 758:Inc/STM32F3xx_HAL_Driver/Src/stm32f3xx_hal_rcc_ex.c **** 
 928              		.loc 1 758 3 is_stmt 1 view .LVU307
 758:Inc/STM32F3xx_HAL_Driver/Src/stm32f3xx_hal_rcc_ex.c **** 
 929              		.loc 1 758 40 is_stmt 0 view .LVU308
ARM GAS  /tmp/ccTvL2QU.s 			page 67


 930 00b2 1A6B     		ldr	r2, [r3, #48]
 931 00b4 02F00072 		and	r2, r2, #33554432
 758:Inc/STM32F3xx_HAL_Driver/Src/stm32f3xx_hal_rcc_ex.c **** 
 932              		.loc 1 758 38 view .LVU309
 933 00b8 C263     		str	r2, [r0, #60]
 760:Inc/STM32F3xx_HAL_Driver/Src/stm32f3xx_hal_rcc_ex.c ****   /* Get the TIM15 clock configuration -----------------------------------------*/
 934              		.loc 1 760 3 is_stmt 1 view .LVU310
 760:Inc/STM32F3xx_HAL_Driver/Src/stm32f3xx_hal_rcc_ex.c ****   /* Get the TIM15 clock configuration -----------------------------------------*/
 935              		.loc 1 760 39 is_stmt 0 view .LVU311
 936 00ba 194A     		ldr	r2, .L51+52
 937 00bc 0260     		str	r2, [r0]
 762:Inc/STM32F3xx_HAL_Driver/Src/stm32f3xx_hal_rcc_ex.c **** 
 938              		.loc 1 762 3 is_stmt 1 view .LVU312
 762:Inc/STM32F3xx_HAL_Driver/Src/stm32f3xx_hal_rcc_ex.c **** 
 939              		.loc 1 762 40 is_stmt 0 view .LVU313
 940 00be 1A6B     		ldr	r2, [r3, #48]
 941 00c0 02F48062 		and	r2, r2, #1024
 762:Inc/STM32F3xx_HAL_Driver/Src/stm32f3xx_hal_rcc_ex.c **** 
 942              		.loc 1 762 38 view .LVU314
 943 00c4 4264     		str	r2, [r0, #68]
 764:Inc/STM32F3xx_HAL_Driver/Src/stm32f3xx_hal_rcc_ex.c ****   /* Get the TIM16 clock configuration -----------------------------------------*/
 944              		.loc 1 764 3 is_stmt 1 view .LVU315
 764:Inc/STM32F3xx_HAL_Driver/Src/stm32f3xx_hal_rcc_ex.c ****   /* Get the TIM16 clock configuration -----------------------------------------*/
 945              		.loc 1 764 39 is_stmt 0 view .LVU316
 946 00c6 174A     		ldr	r2, .L51+56
 947 00c8 0260     		str	r2, [r0]
 766:Inc/STM32F3xx_HAL_Driver/Src/stm32f3xx_hal_rcc_ex.c **** 
 948              		.loc 1 766 3 is_stmt 1 view .LVU317
 766:Inc/STM32F3xx_HAL_Driver/Src/stm32f3xx_hal_rcc_ex.c **** 
 949              		.loc 1 766 40 is_stmt 0 view .LVU318
 950 00ca 1A6B     		ldr	r2, [r3, #48]
 951 00cc 02F40062 		and	r2, r2, #2048
 766:Inc/STM32F3xx_HAL_Driver/Src/stm32f3xx_hal_rcc_ex.c **** 
 952              		.loc 1 766 38 view .LVU319
 953 00d0 8264     		str	r2, [r0, #72]
 768:Inc/STM32F3xx_HAL_Driver/Src/stm32f3xx_hal_rcc_ex.c ****   /* Get the TIM17 clock configuration -----------------------------------------*/
 954              		.loc 1 768 3 is_stmt 1 view .LVU320
 768:Inc/STM32F3xx_HAL_Driver/Src/stm32f3xx_hal_rcc_ex.c ****   /* Get the TIM17 clock configuration -----------------------------------------*/
 955              		.loc 1 768 39 is_stmt 0 view .LVU321
 956 00d2 154A     		ldr	r2, .L51+60
 957 00d4 0260     		str	r2, [r0]
 770:Inc/STM32F3xx_HAL_Driver/Src/stm32f3xx_hal_rcc_ex.c **** 
 958              		.loc 1 770 3 is_stmt 1 view .LVU322
 770:Inc/STM32F3xx_HAL_Driver/Src/stm32f3xx_hal_rcc_ex.c **** 
 959              		.loc 1 770 40 is_stmt 0 view .LVU323
 960 00d6 1A6B     		ldr	r2, [r3, #48]
 961 00d8 02F40052 		and	r2, r2, #8192
 770:Inc/STM32F3xx_HAL_Driver/Src/stm32f3xx_hal_rcc_ex.c **** 
 962              		.loc 1 770 38 view .LVU324
 963 00dc C264     		str	r2, [r0, #76]
 775:Inc/STM32F3xx_HAL_Driver/Src/stm32f3xx_hal_rcc_ex.c ****   /* Get the TIM20 clock configuration -----------------------------------------*/
 964              		.loc 1 775 3 is_stmt 1 view .LVU325
 775:Inc/STM32F3xx_HAL_Driver/Src/stm32f3xx_hal_rcc_ex.c ****   /* Get the TIM20 clock configuration -----------------------------------------*/
 965              		.loc 1 775 39 is_stmt 0 view .LVU326
 966 00de 134A     		ldr	r2, .L51+64
 967 00e0 0260     		str	r2, [r0]
 777:Inc/STM32F3xx_HAL_Driver/Src/stm32f3xx_hal_rcc_ex.c **** #endif /* STM32F303xE || STM32F398xx */
ARM GAS  /tmp/ccTvL2QU.s 			page 68


 968              		.loc 1 777 3 is_stmt 1 view .LVU327
 777:Inc/STM32F3xx_HAL_Driver/Src/stm32f3xx_hal_rcc_ex.c **** #endif /* STM32F303xE || STM32F398xx */
 969              		.loc 1 777 40 is_stmt 0 view .LVU328
 970 00e2 1B6B     		ldr	r3, [r3, #48]
 971 00e4 03F40043 		and	r3, r3, #32768
 777:Inc/STM32F3xx_HAL_Driver/Src/stm32f3xx_hal_rcc_ex.c **** #endif /* STM32F303xE || STM32F398xx */
 972              		.loc 1 777 38 view .LVU329
 973 00e8 0365     		str	r3, [r0, #80]
 779:Inc/STM32F3xx_HAL_Driver/Src/stm32f3xx_hal_rcc_ex.c **** 
 974              		.loc 1 779 1 view .LVU330
 975 00ea 7047     		bx	lr
 976              	.L52:
 977              		.align	2
 978              	.L51:
 979 00ec 27000100 		.word	65575
 980 00f0 00100240 		.word	1073876992
 981 00f4 27000300 		.word	196647
 982 00f8 67000300 		.word	196711
 983 00fc 67000700 		.word	458855
 984 0100 7F000700 		.word	458879
 985 0104 7F020700 		.word	459391
 986 0108 FF020700 		.word	459519
 987 010c FF030700 		.word	459775
 988 0110 FF130700 		.word	463871
 989 0114 FF330700 		.word	472063
 990 0118 FF331700 		.word	1520639
 991 011c FF333700 		.word	3617791
 992 0120 FF337700 		.word	7812095
 993 0124 FF33F700 		.word	16200703
 994 0128 FF33F701 		.word	32977919
 995 012c FF33F703 		.word	66532351
 996              		.cfi_endproc
 997              	.LFE131:
 999              		.section	.text.HAL_RCCEx_GetPeriphCLKFreq,"ax",%progbits
 1000              		.align	1
 1001              		.global	HAL_RCCEx_GetPeriphCLKFreq
 1002              		.syntax unified
 1003              		.thumb
 1004              		.thumb_func
 1006              	HAL_RCCEx_GetPeriphCLKFreq:
 1007              	.LVL46:
 1008              	.LFB132:
 945:Inc/STM32F3xx_HAL_Driver/Src/stm32f3xx_hal_rcc_ex.c ****   /* frequency == 0 : means that no available frequency for the peripheral */
 1009              		.loc 1 945 1 is_stmt 1 view -0
 1010              		.cfi_startproc
 1011              		@ args = 0, pretend = 0, frame = 0
 1012              		@ frame_needed = 0, uses_anonymous_args = 0
 945:Inc/STM32F3xx_HAL_Driver/Src/stm32f3xx_hal_rcc_ex.c ****   /* frequency == 0 : means that no available frequency for the peripheral */
 1013              		.loc 1 945 1 is_stmt 0 view .LVU332
 1014 0000 10B5     		push	{r4, lr}
 1015              		.cfi_def_cfa_offset 8
 1016              		.cfi_offset 4, -8
 1017              		.cfi_offset 14, -4
 947:Inc/STM32F3xx_HAL_Driver/Src/stm32f3xx_hal_rcc_ex.c **** 
 1018              		.loc 1 947 3 is_stmt 1 view .LVU333
 1019              	.LVL47:
 949:Inc/STM32F3xx_HAL_Driver/Src/stm32f3xx_hal_rcc_ex.c **** #if defined(RCC_CFGR2_ADC1PRES) || defined(RCC_CFGR2_ADCPRE12) || defined(RCC_CFGR2_ADCPRE34)
ARM GAS  /tmp/ccTvL2QU.s 			page 69


 1020              		.loc 1 949 3 view .LVU334
 951:Inc/STM32F3xx_HAL_Driver/Src/stm32f3xx_hal_rcc_ex.c **** #endif /* RCC_CFGR2_ADC1PRES || RCC_CFGR2_ADCPRE12 || RCC_CFGR2_ADCPRE34 */
 1021              		.loc 1 951 3 view .LVU335
 958:Inc/STM32F3xx_HAL_Driver/Src/stm32f3xx_hal_rcc_ex.c ****   
 1022              		.loc 1 958 3 view .LVU336
 960:Inc/STM32F3xx_HAL_Driver/Src/stm32f3xx_hal_rcc_ex.c ****   {
 1023              		.loc 1 960 3 view .LVU337
 1024 0002 B0F5805F 		cmp	r0, #4096
 1025 0006 00F00C82 		beq	.L54
 1026 000a 4CD8     		bhi	.L55
 1027 000c 2028     		cmp	r0, #32
 1028 000e 28D8     		bhi	.L56
 1029 0010 0028     		cmp	r0, #0
 1030 0012 00F05F82 		beq	.L114
 1031 0016 0138     		subs	r0, r0, #1
 1032              	.LVL48:
 960:Inc/STM32F3xx_HAL_Driver/Src/stm32f3xx_hal_rcc_ex.c ****   {
 1033              		.loc 1 960 3 is_stmt 0 view .LVU338
 1034 0018 1F28     		cmp	r0, #31
 1035 001a 00F25D82 		bhi	.L115
 1036 001e DFE810F0 		tbh	[pc, r0, lsl #1]
 1037              	.L59:
 1038 0022 C500     		.2byte	(.L64-.L59)/2
 1039 0024 E800     		.2byte	(.L63-.L59)/2
 1040 0026 5B02     		.2byte	(.L115-.L59)/2
 1041 0028 1101     		.2byte	(.L62-.L59)/2
 1042 002a 5B02     		.2byte	(.L115-.L59)/2
 1043 002c 5B02     		.2byte	(.L115-.L59)/2
 1044 002e 5B02     		.2byte	(.L115-.L59)/2
 1045 0030 3A01     		.2byte	(.L61-.L59)/2
 1046 0032 5B02     		.2byte	(.L115-.L59)/2
 1047 0034 5B02     		.2byte	(.L115-.L59)/2
 1048 0036 5B02     		.2byte	(.L115-.L59)/2
 1049 0038 5B02     		.2byte	(.L115-.L59)/2
 1050 003a 5B02     		.2byte	(.L115-.L59)/2
 1051 003c 5B02     		.2byte	(.L115-.L59)/2
 1052 003e 5B02     		.2byte	(.L115-.L59)/2
 1053 0040 6B01     		.2byte	(.L60-.L59)/2
 1054 0042 5B02     		.2byte	(.L115-.L59)/2
 1055 0044 5B02     		.2byte	(.L115-.L59)/2
 1056 0046 5B02     		.2byte	(.L115-.L59)/2
 1057 0048 5B02     		.2byte	(.L115-.L59)/2
 1058 004a 5B02     		.2byte	(.L115-.L59)/2
 1059 004c 5B02     		.2byte	(.L115-.L59)/2
 1060 004e 5B02     		.2byte	(.L115-.L59)/2
 1061 0050 5B02     		.2byte	(.L115-.L59)/2
 1062 0052 5B02     		.2byte	(.L115-.L59)/2
 1063 0054 5B02     		.2byte	(.L115-.L59)/2
 1064 0056 5B02     		.2byte	(.L115-.L59)/2
 1065 0058 5B02     		.2byte	(.L115-.L59)/2
 1066 005a 5B02     		.2byte	(.L115-.L59)/2
 1067 005c 5B02     		.2byte	(.L115-.L59)/2
 1068 005e 5B02     		.2byte	(.L115-.L59)/2
 1069 0060 9401     		.2byte	(.L58-.L59)/2
 1070              	.LVL49:
 1071              		.p2align 1
 1072              	.L56:
ARM GAS  /tmp/ccTvL2QU.s 			page 70


 960:Inc/STM32F3xx_HAL_Driver/Src/stm32f3xx_hal_rcc_ex.c ****   {
 1073              		.loc 1 960 3 view .LVU339
 1074 0062 B0F5807F 		cmp	r0, #256
 1075 0066 00F0C581 		beq	.L65
 1076 006a 0FD8     		bhi	.L66
 1077 006c 4028     		cmp	r0, #64
 1078 006e 00F07C81 		beq	.L67
 1079 0072 8028     		cmp	r0, #128
 1080 0074 08D1     		bne	.L137
1264:Inc/STM32F3xx_HAL_Driver/Src/stm32f3xx_hal_rcc_ex.c ****       /* Check if ADC12 clock selection is AHB */
 1081              		.loc 1 1264 7 is_stmt 1 view .LVU340
1264:Inc/STM32F3xx_HAL_Driver/Src/stm32f3xx_hal_rcc_ex.c ****       /* Check if ADC12 clock selection is AHB */
 1082              		.loc 1 1264 16 is_stmt 0 view .LVU341
 1083 0076 9B4B     		ldr	r3, .L167
 1084 0078 DC6A     		ldr	r4, [r3, #44]
 1085              	.LVL50:
1266:Inc/STM32F3xx_HAL_Driver/Src/stm32f3xx_hal_rcc_ex.c ****       {
 1086              		.loc 1 1266 7 is_stmt 1 view .LVU342
1266:Inc/STM32F3xx_HAL_Driver/Src/stm32f3xx_hal_rcc_ex.c ****       {
 1087              		.loc 1 1266 10 is_stmt 0 view .LVU343
 1088 007a 14F4F874 		ands	r4, r4, #496
 1089              	.LVL51:
1266:Inc/STM32F3xx_HAL_Driver/Src/stm32f3xx_hal_rcc_ex.c ****       {
 1090              		.loc 1 1266 10 view .LVU344
 1091 007e 40F0AA81 		bne	.L104
1268:Inc/STM32F3xx_HAL_Driver/Src/stm32f3xx_hal_rcc_ex.c ****       }
 1092              		.loc 1 1268 11 is_stmt 1 view .LVU345
1268:Inc/STM32F3xx_HAL_Driver/Src/stm32f3xx_hal_rcc_ex.c ****       }
 1093              		.loc 1 1268 21 is_stmt 0 view .LVU346
 1094 0082 994B     		ldr	r3, .L167+4
 1095 0084 1868     		ldr	r0, [r3]
 1096              	.LVL52:
1268:Inc/STM32F3xx_HAL_Driver/Src/stm32f3xx_hal_rcc_ex.c ****       }
 1097              		.loc 1 1268 21 view .LVU347
 1098 0086 28E2     		b	.L53
 1099              	.LVL53:
 1100              	.L137:
 960:Inc/STM32F3xx_HAL_Driver/Src/stm32f3xx_hal_rcc_ex.c ****   {
 1101              		.loc 1 960 3 view .LVU348
 1102 0088 0020     		movs	r0, #0
 1103              	.LVL54:
 960:Inc/STM32F3xx_HAL_Driver/Src/stm32f3xx_hal_rcc_ex.c ****   {
 1104              		.loc 1 960 3 view .LVU349
 1105 008a 26E2     		b	.L53
 1106              	.LVL55:
 1107              	.L66:
 960:Inc/STM32F3xx_HAL_Driver/Src/stm32f3xx_hal_rcc_ex.c ****   {
 1108              		.loc 1 960 3 view .LVU350
 1109 008c B0F5007F 		cmp	r0, #512
 1110 0090 07D1     		bne	.L138
1193:Inc/STM32F3xx_HAL_Driver/Src/stm32f3xx_hal_rcc_ex.c **** 
 1111              		.loc 1 1193 7 is_stmt 1 view .LVU351
1193:Inc/STM32F3xx_HAL_Driver/Src/stm32f3xx_hal_rcc_ex.c **** 
 1112              		.loc 1 1193 16 is_stmt 0 view .LVU352
 1113 0092 944B     		ldr	r3, .L167
 1114 0094 5B68     		ldr	r3, [r3, #4]
 1115              	.LVL56:
ARM GAS  /tmp/ccTvL2QU.s 			page 71


1196:Inc/STM32F3xx_HAL_Driver/Src/stm32f3xx_hal_rcc_ex.c ****       {
 1116              		.loc 1 1196 7 is_stmt 1 view .LVU353
1196:Inc/STM32F3xx_HAL_Driver/Src/stm32f3xx_hal_rcc_ex.c ****       {
 1117              		.loc 1 1196 10 is_stmt 0 view .LVU354
 1118 0096 13F4000F 		tst	r3, #8388608
 1119 009a 00F08681 		beq	.L139
1199:Inc/STM32F3xx_HAL_Driver/Src/stm32f3xx_hal_rcc_ex.c ****       }
 1120              		.loc 1 1199 19 view .LVU355
 1121 009e 9348     		ldr	r0, .L167+8
 1122              	.LVL57:
1511:Inc/STM32F3xx_HAL_Driver/Src/stm32f3xx_hal_rcc_ex.c **** }
 1123              		.loc 1 1511 3 is_stmt 1 view .LVU356
1511:Inc/STM32F3xx_HAL_Driver/Src/stm32f3xx_hal_rcc_ex.c **** }
 1124              		.loc 1 1511 9 is_stmt 0 view .LVU357
 1125 00a0 1BE2     		b	.L53
 1126              	.LVL58:
 1127              	.L138:
 960:Inc/STM32F3xx_HAL_Driver/Src/stm32f3xx_hal_rcc_ex.c ****   {
 1128              		.loc 1 960 3 view .LVU358
 1129 00a2 0020     		movs	r0, #0
 1130              	.LVL59:
 960:Inc/STM32F3xx_HAL_Driver/Src/stm32f3xx_hal_rcc_ex.c ****   {
 1131              		.loc 1 960 3 view .LVU359
 1132 00a4 19E2     		b	.L53
 1133              	.LVL60:
 1134              	.L55:
 960:Inc/STM32F3xx_HAL_Driver/Src/stm32f3xx_hal_rcc_ex.c ****   {
 1135              		.loc 1 960 3 view .LVU360
 1136 00a6 B0F5001F 		cmp	r0, #2097152
 1137 00aa 00F00382 		beq	.L70
 1138 00ae 34D8     		bhi	.L71
 1139 00b0 B0F5003F 		cmp	r0, #131072
 1140 00b4 00F07C81 		beq	.L72
 1141 00b8 17D8     		bhi	.L73
 1142 00ba B0F5005F 		cmp	r0, #8192
 1143 00be 00F0C381 		beq	.L74
 1144 00c2 B0F5803F 		cmp	r0, #65536
 1145 00c6 0ED1     		bne	.L140
 965:Inc/STM32F3xx_HAL_Driver/Src/stm32f3xx_hal_rcc_ex.c **** 
 1146              		.loc 1 965 7 is_stmt 1 view .LVU361
 965:Inc/STM32F3xx_HAL_Driver/Src/stm32f3xx_hal_rcc_ex.c **** 
 1147              		.loc 1 965 16 is_stmt 0 view .LVU362
 1148 00c8 864B     		ldr	r3, .L167
 1149 00ca 1B6A     		ldr	r3, [r3, #32]
 965:Inc/STM32F3xx_HAL_Driver/Src/stm32f3xx_hal_rcc_ex.c **** 
 1150              		.loc 1 965 14 view .LVU363
 1151 00cc 03F44073 		and	r3, r3, #768
 1152              	.LVL61:
 968:Inc/STM32F3xx_HAL_Driver/Src/stm32f3xx_hal_rcc_ex.c ****       {
 1153              		.loc 1 968 7 is_stmt 1 view .LVU364
 968:Inc/STM32F3xx_HAL_Driver/Src/stm32f3xx_hal_rcc_ex.c ****       {
 1154              		.loc 1 968 10 is_stmt 0 view .LVU365
 1155 00d0 B3F5807F 		cmp	r3, #256
 1156 00d4 52D0     		beq	.L141
 1157              	.L83:
 973:Inc/STM32F3xx_HAL_Driver/Src/stm32f3xx_hal_rcc_ex.c ****       {
 1158              		.loc 1 973 12 is_stmt 1 view .LVU366
ARM GAS  /tmp/ccTvL2QU.s 			page 72


 973:Inc/STM32F3xx_HAL_Driver/Src/stm32f3xx_hal_rcc_ex.c ****       {
 1159              		.loc 1 973 15 is_stmt 0 view .LVU367
 1160 00d6 B3F5007F 		cmp	r3, #512
 1161 00da 57D0     		beq	.L142
 1162              	.L84:
 978:Inc/STM32F3xx_HAL_Driver/Src/stm32f3xx_hal_rcc_ex.c ****       {
 1163              		.loc 1 978 12 is_stmt 1 view .LVU368
 978:Inc/STM32F3xx_HAL_Driver/Src/stm32f3xx_hal_rcc_ex.c ****       {
 1164              		.loc 1 978 15 is_stmt 0 view .LVU369
 1165 00dc B3F5407F 		cmp	r3, #768
 1166 00e0 5CD0     		beq	.L143
 947:Inc/STM32F3xx_HAL_Driver/Src/stm32f3xx_hal_rcc_ex.c **** 
 1167              		.loc 1 947 12 view .LVU370
 1168 00e2 0020     		movs	r0, #0
 1169              	.LVL62:
 947:Inc/STM32F3xx_HAL_Driver/Src/stm32f3xx_hal_rcc_ex.c **** 
 1170              		.loc 1 947 12 view .LVU371
 1171 00e4 F9E1     		b	.L53
 1172              	.LVL63:
 1173              	.L140:
 960:Inc/STM32F3xx_HAL_Driver/Src/stm32f3xx_hal_rcc_ex.c ****   {
 1174              		.loc 1 960 3 view .LVU372
 1175 00e6 0020     		movs	r0, #0
 1176              	.LVL64:
 960:Inc/STM32F3xx_HAL_Driver/Src/stm32f3xx_hal_rcc_ex.c ****   {
 1177              		.loc 1 960 3 view .LVU373
 1178 00e8 F7E1     		b	.L53
 1179              	.LVL65:
 1180              	.L73:
 960:Inc/STM32F3xx_HAL_Driver/Src/stm32f3xx_hal_rcc_ex.c ****   {
 1181              		.loc 1 960 3 view .LVU374
 1182 00ea B0F5802F 		cmp	r0, #262144
 1183 00ee 00F04C81 		beq	.L76
 1184 00f2 B0F5801F 		cmp	r0, #1048576
 1185 00f6 0ED1     		bne	.L144
1329:Inc/STM32F3xx_HAL_Driver/Src/stm32f3xx_hal_rcc_ex.c **** 
 1186              		.loc 1 1329 7 is_stmt 1 view .LVU375
1329:Inc/STM32F3xx_HAL_Driver/Src/stm32f3xx_hal_rcc_ex.c **** 
 1187              		.loc 1 1329 16 is_stmt 0 view .LVU376
 1188 00f8 7A4B     		ldr	r3, .L167
 1189 00fa 1B6B     		ldr	r3, [r3, #48]
 1190              	.LVL66:
1332:Inc/STM32F3xx_HAL_Driver/Src/stm32f3xx_hal_rcc_ex.c ****       {
 1191              		.loc 1 1332 7 is_stmt 1 view .LVU377
1332:Inc/STM32F3xx_HAL_Driver/Src/stm32f3xx_hal_rcc_ex.c ****       {
 1192              		.loc 1 1332 10 is_stmt 0 view .LVU378
 1193 00fc 13F0807F 		tst	r3, #16777216
 1194 0100 00F09F81 		beq	.L107
1332:Inc/STM32F3xx_HAL_Driver/Src/stm32f3xx_hal_rcc_ex.c ****       {
 1195              		.loc 1 1332 46 discriminator 1 view .LVU379
 1196 0104 774B     		ldr	r3, .L167
 1197              	.LVL67:
1332:Inc/STM32F3xx_HAL_Driver/Src/stm32f3xx_hal_rcc_ex.c ****       {
 1198              		.loc 1 1332 46 discriminator 1 view .LVU380
 1199 0106 1868     		ldr	r0, [r3]
 1200              	.LVL68:
1332:Inc/STM32F3xx_HAL_Driver/Src/stm32f3xx_hal_rcc_ex.c ****       {
ARM GAS  /tmp/ccTvL2QU.s 			page 73


 1201              		.loc 1 1332 42 discriminator 1 view .LVU381
 1202 0108 10F00070 		ands	r0, r0, #33554432
 1203 010c 00F0E581 		beq	.L53
1334:Inc/STM32F3xx_HAL_Driver/Src/stm32f3xx_hal_rcc_ex.c ****       }
 1204              		.loc 1 1334 9 is_stmt 1 view .LVU382
1334:Inc/STM32F3xx_HAL_Driver/Src/stm32f3xx_hal_rcc_ex.c ****       }
 1205              		.loc 1 1334 21 is_stmt 0 view .LVU383
 1206 0110 FFF7FEFF 		bl	RCC_GetPLLCLKFreq
 1207              	.LVL69:
1334:Inc/STM32F3xx_HAL_Driver/Src/stm32f3xx_hal_rcc_ex.c ****       }
 1208              		.loc 1 1334 19 view .LVU384
 1209 0114 E1E1     		b	.L53
 1210              	.LVL70:
 1211              	.L144:
 960:Inc/STM32F3xx_HAL_Driver/Src/stm32f3xx_hal_rcc_ex.c ****   {
 1212              		.loc 1 960 3 view .LVU385
 1213 0116 0020     		movs	r0, #0
 1214              	.LVL71:
 960:Inc/STM32F3xx_HAL_Driver/Src/stm32f3xx_hal_rcc_ex.c ****   {
 1215              		.loc 1 960 3 view .LVU386
 1216 0118 DFE1     		b	.L53
 1217              	.LVL72:
 1218              	.L71:
 960:Inc/STM32F3xx_HAL_Driver/Src/stm32f3xx_hal_rcc_ex.c ****   {
 1219              		.loc 1 960 3 view .LVU387
 1220 011a B0F1807F 		cmp	r0, #16777216
 1221 011e 00F0B681 		beq	.L78
 1222 0122 17D8     		bhi	.L79
 1223 0124 B0F5800F 		cmp	r0, #4194304
 1224 0128 00F09E81 		beq	.L80
 1225 012c B0F5000F 		cmp	r0, #8388608
 1226 0130 0ED1     		bne	.L145
1386:Inc/STM32F3xx_HAL_Driver/Src/stm32f3xx_hal_rcc_ex.c **** 
 1227              		.loc 1 1386 7 is_stmt 1 view .LVU388
1386:Inc/STM32F3xx_HAL_Driver/Src/stm32f3xx_hal_rcc_ex.c **** 
 1228              		.loc 1 1386 16 is_stmt 0 view .LVU389
 1229 0132 6C4B     		ldr	r3, .L167
 1230 0134 1B6B     		ldr	r3, [r3, #48]
 1231              	.LVL73:
1389:Inc/STM32F3xx_HAL_Driver/Src/stm32f3xx_hal_rcc_ex.c ****       {
 1232              		.loc 1 1389 7 is_stmt 1 view .LVU390
1389:Inc/STM32F3xx_HAL_Driver/Src/stm32f3xx_hal_rcc_ex.c ****       {
 1233              		.loc 1 1389 10 is_stmt 0 view .LVU391
 1234 0136 13F4006F 		tst	r3, #2048
 1235 013a 00F0A581 		beq	.L110
1389:Inc/STM32F3xx_HAL_Driver/Src/stm32f3xx_hal_rcc_ex.c ****       {
 1236              		.loc 1 1389 47 discriminator 1 view .LVU392
 1237 013e 694B     		ldr	r3, .L167
 1238              	.LVL74:
1389:Inc/STM32F3xx_HAL_Driver/Src/stm32f3xx_hal_rcc_ex.c ****       {
 1239              		.loc 1 1389 47 discriminator 1 view .LVU393
 1240 0140 1868     		ldr	r0, [r3]
 1241              	.LVL75:
1389:Inc/STM32F3xx_HAL_Driver/Src/stm32f3xx_hal_rcc_ex.c ****       {
 1242              		.loc 1 1389 43 discriminator 1 view .LVU394
 1243 0142 10F00070 		ands	r0, r0, #33554432
 1244 0146 00F0C881 		beq	.L53
ARM GAS  /tmp/ccTvL2QU.s 			page 74


1391:Inc/STM32F3xx_HAL_Driver/Src/stm32f3xx_hal_rcc_ex.c ****       }
 1245              		.loc 1 1391 9 is_stmt 1 view .LVU395
1391:Inc/STM32F3xx_HAL_Driver/Src/stm32f3xx_hal_rcc_ex.c ****       }
 1246              		.loc 1 1391 21 is_stmt 0 view .LVU396
 1247 014a FFF7FEFF 		bl	RCC_GetPLLCLKFreq
 1248              	.LVL76:
1391:Inc/STM32F3xx_HAL_Driver/Src/stm32f3xx_hal_rcc_ex.c ****       }
 1249              		.loc 1 1391 19 view .LVU397
 1250 014e C4E1     		b	.L53
 1251              	.LVL77:
 1252              	.L145:
 960:Inc/STM32F3xx_HAL_Driver/Src/stm32f3xx_hal_rcc_ex.c ****   {
 1253              		.loc 1 960 3 view .LVU398
 1254 0150 0020     		movs	r0, #0
 1255              	.LVL78:
 960:Inc/STM32F3xx_HAL_Driver/Src/stm32f3xx_hal_rcc_ex.c ****   {
 1256              		.loc 1 960 3 view .LVU399
 1257 0152 C2E1     		b	.L53
 1258              	.LVL79:
 1259              	.L79:
 960:Inc/STM32F3xx_HAL_Driver/Src/stm32f3xx_hal_rcc_ex.c ****   {
 1260              		.loc 1 960 3 view .LVU400
 1261 0154 B0F1007F 		cmp	r0, #33554432
 1262 0158 0ED1     		bne	.L146
1424:Inc/STM32F3xx_HAL_Driver/Src/stm32f3xx_hal_rcc_ex.c **** 
 1263              		.loc 1 1424 7 is_stmt 1 view .LVU401
1424:Inc/STM32F3xx_HAL_Driver/Src/stm32f3xx_hal_rcc_ex.c **** 
 1264              		.loc 1 1424 16 is_stmt 0 view .LVU402
 1265 015a 624B     		ldr	r3, .L167
 1266 015c 1B6B     		ldr	r3, [r3, #48]
 1267              	.LVL80:
1427:Inc/STM32F3xx_HAL_Driver/Src/stm32f3xx_hal_rcc_ex.c ****       {
 1268              		.loc 1 1427 7 is_stmt 1 view .LVU403
1427:Inc/STM32F3xx_HAL_Driver/Src/stm32f3xx_hal_rcc_ex.c ****       {
 1269              		.loc 1 1427 10 is_stmt 0 view .LVU404
 1270 015e 13F4004F 		tst	r3, #32768
 1271 0162 00F0A481 		beq	.L112
1427:Inc/STM32F3xx_HAL_Driver/Src/stm32f3xx_hal_rcc_ex.c ****       {
 1272              		.loc 1 1427 47 discriminator 1 view .LVU405
 1273 0166 5F4B     		ldr	r3, .L167
 1274              	.LVL81:
1427:Inc/STM32F3xx_HAL_Driver/Src/stm32f3xx_hal_rcc_ex.c ****       {
 1275              		.loc 1 1427 47 discriminator 1 view .LVU406
 1276 0168 1868     		ldr	r0, [r3]
 1277              	.LVL82:
1427:Inc/STM32F3xx_HAL_Driver/Src/stm32f3xx_hal_rcc_ex.c ****       {
 1278              		.loc 1 1427 43 discriminator 1 view .LVU407
 1279 016a 10F00070 		ands	r0, r0, #33554432
 1280 016e 00F0B481 		beq	.L53
1429:Inc/STM32F3xx_HAL_Driver/Src/stm32f3xx_hal_rcc_ex.c ****       }
 1281              		.loc 1 1429 9 is_stmt 1 view .LVU408
1429:Inc/STM32F3xx_HAL_Driver/Src/stm32f3xx_hal_rcc_ex.c ****       }
 1282              		.loc 1 1429 21 is_stmt 0 view .LVU409
 1283 0172 FFF7FEFF 		bl	RCC_GetPLLCLKFreq
 1284              	.LVL83:
1429:Inc/STM32F3xx_HAL_Driver/Src/stm32f3xx_hal_rcc_ex.c ****       }
 1285              		.loc 1 1429 19 view .LVU410
ARM GAS  /tmp/ccTvL2QU.s 			page 75


 1286 0176 B0E1     		b	.L53
 1287              	.LVL84:
 1288              	.L146:
 960:Inc/STM32F3xx_HAL_Driver/Src/stm32f3xx_hal_rcc_ex.c ****   {
 1289              		.loc 1 960 3 view .LVU411
 1290 0178 0020     		movs	r0, #0
 1291              	.LVL85:
 960:Inc/STM32F3xx_HAL_Driver/Src/stm32f3xx_hal_rcc_ex.c ****   {
 1292              		.loc 1 960 3 view .LVU412
 1293 017a AEE1     		b	.L53
 1294              	.LVL86:
 1295              	.L141:
 968:Inc/STM32F3xx_HAL_Driver/Src/stm32f3xx_hal_rcc_ex.c ****       {
 1296              		.loc 1 968 48 discriminator 1 view .LVU413
 1297 017c 594A     		ldr	r2, .L167
 1298 017e 126A     		ldr	r2, [r2, #32]
 968:Inc/STM32F3xx_HAL_Driver/Src/stm32f3xx_hal_rcc_ex.c ****       {
 1299              		.loc 1 968 44 discriminator 1 view .LVU414
 1300 0180 12F0020F 		tst	r2, #2
 1301 0184 A7D0     		beq	.L83
 970:Inc/STM32F3xx_HAL_Driver/Src/stm32f3xx_hal_rcc_ex.c ****       }
 1302              		.loc 1 970 19 view .LVU415
 1303 0186 4FF40040 		mov	r0, #32768
 1304              	.LVL87:
 970:Inc/STM32F3xx_HAL_Driver/Src/stm32f3xx_hal_rcc_ex.c ****       }
 1305              		.loc 1 970 19 view .LVU416
 1306 018a A6E1     		b	.L53
 1307              	.LVL88:
 1308              	.L142:
 973:Inc/STM32F3xx_HAL_Driver/Src/stm32f3xx_hal_rcc_ex.c ****       {
 1309              		.loc 1 973 53 discriminator 1 view .LVU417
 1310 018c 554A     		ldr	r2, .L167
 1311 018e 526A     		ldr	r2, [r2, #36]
 973:Inc/STM32F3xx_HAL_Driver/Src/stm32f3xx_hal_rcc_ex.c ****       {
 1312              		.loc 1 973 49 discriminator 1 view .LVU418
 1313 0190 12F0020F 		tst	r2, #2
 1314 0194 A2D0     		beq	.L84
 975:Inc/STM32F3xx_HAL_Driver/Src/stm32f3xx_hal_rcc_ex.c ****       }
 1315              		.loc 1 975 19 view .LVU419
 1316 0196 49F64040 		movw	r0, #40000
 1317              	.LVL89:
 975:Inc/STM32F3xx_HAL_Driver/Src/stm32f3xx_hal_rcc_ex.c ****       }
 1318              		.loc 1 975 19 view .LVU420
 1319 019a 9EE1     		b	.L53
 1320              	.LVL90:
 1321              	.L143:
 978:Inc/STM32F3xx_HAL_Driver/Src/stm32f3xx_hal_rcc_ex.c ****       {
 1322              		.loc 1 978 59 discriminator 1 view .LVU421
 1323 019c 514B     		ldr	r3, .L167
 1324              	.LVL91:
 978:Inc/STM32F3xx_HAL_Driver/Src/stm32f3xx_hal_rcc_ex.c ****       {
 1325              		.loc 1 978 59 discriminator 1 view .LVU422
 1326 019e 1868     		ldr	r0, [r3]
 1327              	.LVL92:
 978:Inc/STM32F3xx_HAL_Driver/Src/stm32f3xx_hal_rcc_ex.c ****       {
 1328              		.loc 1 978 55 discriminator 1 view .LVU423
 1329 01a0 10F40030 		ands	r0, r0, #131072
ARM GAS  /tmp/ccTvL2QU.s 			page 76


 1330 01a4 00F09981 		beq	.L53
 980:Inc/STM32F3xx_HAL_Driver/Src/stm32f3xx_hal_rcc_ex.c ****       }
 1331              		.loc 1 980 19 view .LVU424
 1332 01a8 5148     		ldr	r0, .L167+12
 1333 01aa 96E1     		b	.L53
 1334              	.LVL93:
 1335              	.L64:
 987:Inc/STM32F3xx_HAL_Driver/Src/stm32f3xx_hal_rcc_ex.c **** 
 1336              		.loc 1 987 7 is_stmt 1 view .LVU425
 987:Inc/STM32F3xx_HAL_Driver/Src/stm32f3xx_hal_rcc_ex.c **** 
 1337              		.loc 1 987 16 is_stmt 0 view .LVU426
 1338 01ac 4D4B     		ldr	r3, .L167
 1339 01ae 1B6B     		ldr	r3, [r3, #48]
 1340              	.LVL94:
 991:Inc/STM32F3xx_HAL_Driver/Src/stm32f3xx_hal_rcc_ex.c ****       {
 1341              		.loc 1 991 7 is_stmt 1 view .LVU427
 991:Inc/STM32F3xx_HAL_Driver/Src/stm32f3xx_hal_rcc_ex.c ****       {
 1342              		.loc 1 991 10 is_stmt 0 view .LVU428
 1343 01b0 13F00303 		ands	r3, r3, #3
 1344              	.LVL95:
 991:Inc/STM32F3xx_HAL_Driver/Src/stm32f3xx_hal_rcc_ex.c ****       {
 1345              		.loc 1 991 10 view .LVU429
 1346 01b4 07D0     		beq	.L147
1002:Inc/STM32F3xx_HAL_Driver/Src/stm32f3xx_hal_rcc_ex.c ****       {
 1347              		.loc 1 1002 12 is_stmt 1 view .LVU430
1002:Inc/STM32F3xx_HAL_Driver/Src/stm32f3xx_hal_rcc_ex.c ****       {
 1348              		.loc 1 1002 15 is_stmt 0 view .LVU431
 1349 01b6 032B     		cmp	r3, #3
 1350 01b8 08D0     		beq	.L148
 1351              	.L86:
1007:Inc/STM32F3xx_HAL_Driver/Src/stm32f3xx_hal_rcc_ex.c ****       {
 1352              		.loc 1 1007 12 is_stmt 1 view .LVU432
1007:Inc/STM32F3xx_HAL_Driver/Src/stm32f3xx_hal_rcc_ex.c ****       {
 1353              		.loc 1 1007 15 is_stmt 0 view .LVU433
 1354 01ba 012B     		cmp	r3, #1
 1355 01bc 0DD0     		beq	.L149
1012:Inc/STM32F3xx_HAL_Driver/Src/stm32f3xx_hal_rcc_ex.c ****       {
 1356              		.loc 1 1012 12 is_stmt 1 view .LVU434
1012:Inc/STM32F3xx_HAL_Driver/Src/stm32f3xx_hal_rcc_ex.c ****       {
 1357              		.loc 1 1012 15 is_stmt 0 view .LVU435
 1358 01be 022B     		cmp	r3, #2
 1359 01c0 0ED0     		beq	.L150
 947:Inc/STM32F3xx_HAL_Driver/Src/stm32f3xx_hal_rcc_ex.c **** 
 1360              		.loc 1 947 12 view .LVU436
 1361 01c2 0020     		movs	r0, #0
 1362              	.LVL96:
 947:Inc/STM32F3xx_HAL_Driver/Src/stm32f3xx_hal_rcc_ex.c **** 
 1363              		.loc 1 947 12 view .LVU437
 1364 01c4 89E1     		b	.L53
 1365              	.L147:
 993:Inc/STM32F3xx_HAL_Driver/Src/stm32f3xx_hal_rcc_ex.c ****       }
 1366              		.loc 1 993 9 is_stmt 1 view .LVU438
 993:Inc/STM32F3xx_HAL_Driver/Src/stm32f3xx_hal_rcc_ex.c ****       }
 1367              		.loc 1 993 21 is_stmt 0 view .LVU439
 1368 01c6 FFF7FEFF 		bl	HAL_RCC_GetPCLK2Freq
 1369              	.LVL97:
 993:Inc/STM32F3xx_HAL_Driver/Src/stm32f3xx_hal_rcc_ex.c ****       }
ARM GAS  /tmp/ccTvL2QU.s 			page 77


 1370              		.loc 1 993 21 view .LVU440
 1371 01ca 86E1     		b	.L53
 1372              	.LVL98:
 1373              	.L148:
1002:Inc/STM32F3xx_HAL_Driver/Src/stm32f3xx_hal_rcc_ex.c ****       {
 1374              		.loc 1 1002 56 discriminator 1 view .LVU441
 1375 01cc 454A     		ldr	r2, .L167
 1376 01ce 1268     		ldr	r2, [r2]
1002:Inc/STM32F3xx_HAL_Driver/Src/stm32f3xx_hal_rcc_ex.c ****       {
 1377              		.loc 1 1002 52 discriminator 1 view .LVU442
 1378 01d0 12F0020F 		tst	r2, #2
 1379 01d4 F1D0     		beq	.L86
1004:Inc/STM32F3xx_HAL_Driver/Src/stm32f3xx_hal_rcc_ex.c ****       }
 1380              		.loc 1 1004 19 view .LVU443
 1381 01d6 4748     		ldr	r0, .L167+16
 1382 01d8 7FE1     		b	.L53
 1383              	.L149:
1009:Inc/STM32F3xx_HAL_Driver/Src/stm32f3xx_hal_rcc_ex.c ****       }
 1384              		.loc 1 1009 9 is_stmt 1 view .LVU444
1009:Inc/STM32F3xx_HAL_Driver/Src/stm32f3xx_hal_rcc_ex.c ****       }
 1385              		.loc 1 1009 21 is_stmt 0 view .LVU445
 1386 01da FFF7FEFF 		bl	HAL_RCC_GetSysClockFreq
 1387              	.LVL99:
1009:Inc/STM32F3xx_HAL_Driver/Src/stm32f3xx_hal_rcc_ex.c ****       }
 1388              		.loc 1 1009 21 view .LVU446
 1389 01de 7CE1     		b	.L53
 1390              	.LVL100:
 1391              	.L150:
1012:Inc/STM32F3xx_HAL_Driver/Src/stm32f3xx_hal_rcc_ex.c ****       {
 1392              		.loc 1 1012 56 discriminator 1 view .LVU447
 1393 01e0 404B     		ldr	r3, .L167
 1394              	.LVL101:
1012:Inc/STM32F3xx_HAL_Driver/Src/stm32f3xx_hal_rcc_ex.c ****       {
 1395              		.loc 1 1012 56 discriminator 1 view .LVU448
 1396 01e2 186A     		ldr	r0, [r3, #32]
1012:Inc/STM32F3xx_HAL_Driver/Src/stm32f3xx_hal_rcc_ex.c ****       {
 1397              		.loc 1 1012 52 discriminator 1 view .LVU449
 1398 01e4 10F00200 		ands	r0, r0, #2
 1399 01e8 00F07781 		beq	.L53
1014:Inc/STM32F3xx_HAL_Driver/Src/stm32f3xx_hal_rcc_ex.c ****       }
 1400              		.loc 1 1014 19 view .LVU450
 1401 01ec 4FF40040 		mov	r0, #32768
 1402 01f0 73E1     		b	.L53
 1403              	.LVL102:
 1404              	.L63:
1022:Inc/STM32F3xx_HAL_Driver/Src/stm32f3xx_hal_rcc_ex.c **** 
 1405              		.loc 1 1022 7 is_stmt 1 view .LVU451
1022:Inc/STM32F3xx_HAL_Driver/Src/stm32f3xx_hal_rcc_ex.c **** 
 1406              		.loc 1 1022 16 is_stmt 0 view .LVU452
 1407 01f2 3C4B     		ldr	r3, .L167
 1408 01f4 1B6B     		ldr	r3, [r3, #48]
 1409              	.LVL103:
1025:Inc/STM32F3xx_HAL_Driver/Src/stm32f3xx_hal_rcc_ex.c ****       {
 1410              		.loc 1 1025 7 is_stmt 1 view .LVU453
1025:Inc/STM32F3xx_HAL_Driver/Src/stm32f3xx_hal_rcc_ex.c ****       {
 1411              		.loc 1 1025 10 is_stmt 0 view .LVU454
 1412 01f6 13F44033 		ands	r3, r3, #196608
ARM GAS  /tmp/ccTvL2QU.s 			page 78


 1413              	.LVL104:
1025:Inc/STM32F3xx_HAL_Driver/Src/stm32f3xx_hal_rcc_ex.c ****       {
 1414              		.loc 1 1025 10 view .LVU455
 1415 01fa 0AD0     		beq	.L151
1030:Inc/STM32F3xx_HAL_Driver/Src/stm32f3xx_hal_rcc_ex.c ****       {
 1416              		.loc 1 1030 12 is_stmt 1 view .LVU456
1030:Inc/STM32F3xx_HAL_Driver/Src/stm32f3xx_hal_rcc_ex.c ****       {
 1417              		.loc 1 1030 15 is_stmt 0 view .LVU457
 1418 01fc B3F5403F 		cmp	r3, #196608
 1419 0200 0AD0     		beq	.L152
 1420              	.L89:
1035:Inc/STM32F3xx_HAL_Driver/Src/stm32f3xx_hal_rcc_ex.c ****       {
 1421              		.loc 1 1035 12 is_stmt 1 view .LVU458
1035:Inc/STM32F3xx_HAL_Driver/Src/stm32f3xx_hal_rcc_ex.c ****       {
 1422              		.loc 1 1035 15 is_stmt 0 view .LVU459
 1423 0202 B3F5803F 		cmp	r3, #65536
 1424 0206 0ED0     		beq	.L153
1040:Inc/STM32F3xx_HAL_Driver/Src/stm32f3xx_hal_rcc_ex.c ****       {
 1425              		.loc 1 1040 12 is_stmt 1 view .LVU460
1040:Inc/STM32F3xx_HAL_Driver/Src/stm32f3xx_hal_rcc_ex.c ****       {
 1426              		.loc 1 1040 15 is_stmt 0 view .LVU461
 1427 0208 B3F5003F 		cmp	r3, #131072
 1428 020c 0ED0     		beq	.L154
 947:Inc/STM32F3xx_HAL_Driver/Src/stm32f3xx_hal_rcc_ex.c **** 
 1429              		.loc 1 947 12 view .LVU462
 1430 020e 0020     		movs	r0, #0
 1431 0210 63E1     		b	.L53
 1432              	.L151:
1027:Inc/STM32F3xx_HAL_Driver/Src/stm32f3xx_hal_rcc_ex.c ****       }
 1433              		.loc 1 1027 9 is_stmt 1 view .LVU463
1027:Inc/STM32F3xx_HAL_Driver/Src/stm32f3xx_hal_rcc_ex.c ****       }
 1434              		.loc 1 1027 21 is_stmt 0 view .LVU464
 1435 0212 FFF7FEFF 		bl	HAL_RCC_GetPCLK1Freq
 1436              	.LVL105:
1027:Inc/STM32F3xx_HAL_Driver/Src/stm32f3xx_hal_rcc_ex.c ****       }
 1437              		.loc 1 1027 21 view .LVU465
 1438 0216 60E1     		b	.L53
 1439              	.LVL106:
 1440              	.L152:
1030:Inc/STM32F3xx_HAL_Driver/Src/stm32f3xx_hal_rcc_ex.c ****       {
 1441              		.loc 1 1030 56 discriminator 1 view .LVU466
 1442 0218 324A     		ldr	r2, .L167
 1443 021a 1268     		ldr	r2, [r2]
1030:Inc/STM32F3xx_HAL_Driver/Src/stm32f3xx_hal_rcc_ex.c ****       {
 1444              		.loc 1 1030 52 discriminator 1 view .LVU467
 1445 021c 12F0020F 		tst	r2, #2
 1446 0220 EFD0     		beq	.L89
1032:Inc/STM32F3xx_HAL_Driver/Src/stm32f3xx_hal_rcc_ex.c ****       }
 1447              		.loc 1 1032 19 view .LVU468
 1448 0222 3448     		ldr	r0, .L167+16
 1449 0224 59E1     		b	.L53
 1450              	.L153:
1037:Inc/STM32F3xx_HAL_Driver/Src/stm32f3xx_hal_rcc_ex.c ****       }
 1451              		.loc 1 1037 9 is_stmt 1 view .LVU469
1037:Inc/STM32F3xx_HAL_Driver/Src/stm32f3xx_hal_rcc_ex.c ****       }
 1452              		.loc 1 1037 21 is_stmt 0 view .LVU470
 1453 0226 FFF7FEFF 		bl	HAL_RCC_GetSysClockFreq
ARM GAS  /tmp/ccTvL2QU.s 			page 79


 1454              	.LVL107:
1037:Inc/STM32F3xx_HAL_Driver/Src/stm32f3xx_hal_rcc_ex.c ****       }
 1455              		.loc 1 1037 21 view .LVU471
 1456 022a 56E1     		b	.L53
 1457              	.LVL108:
 1458              	.L154:
1040:Inc/STM32F3xx_HAL_Driver/Src/stm32f3xx_hal_rcc_ex.c ****       {
 1459              		.loc 1 1040 56 discriminator 1 view .LVU472
 1460 022c 03F18043 		add	r3, r3, #1073741824
 1461              	.LVL109:
1040:Inc/STM32F3xx_HAL_Driver/Src/stm32f3xx_hal_rcc_ex.c ****       {
 1462              		.loc 1 1040 56 discriminator 1 view .LVU473
 1463 0230 03F58053 		add	r3, r3, #4096
 1464              	.LVL110:
1040:Inc/STM32F3xx_HAL_Driver/Src/stm32f3xx_hal_rcc_ex.c ****       {
 1465              		.loc 1 1040 56 discriminator 1 view .LVU474
 1466 0234 186A     		ldr	r0, [r3, #32]
1040:Inc/STM32F3xx_HAL_Driver/Src/stm32f3xx_hal_rcc_ex.c ****       {
 1467              		.loc 1 1040 52 discriminator 1 view .LVU475
 1468 0236 10F00200 		ands	r0, r0, #2
 1469 023a 00F04E81 		beq	.L53
1042:Inc/STM32F3xx_HAL_Driver/Src/stm32f3xx_hal_rcc_ex.c ****       }
 1470              		.loc 1 1042 19 view .LVU476
 1471 023e 4FF40040 		mov	r0, #32768
 1472 0242 4AE1     		b	.L53
 1473              	.LVL111:
 1474              	.L62:
1051:Inc/STM32F3xx_HAL_Driver/Src/stm32f3xx_hal_rcc_ex.c **** 
 1475              		.loc 1 1051 7 is_stmt 1 view .LVU477
1051:Inc/STM32F3xx_HAL_Driver/Src/stm32f3xx_hal_rcc_ex.c **** 
 1476              		.loc 1 1051 16 is_stmt 0 view .LVU478
 1477 0244 274B     		ldr	r3, .L167
 1478 0246 1B6B     		ldr	r3, [r3, #48]
 1479              	.LVL112:
1054:Inc/STM32F3xx_HAL_Driver/Src/stm32f3xx_hal_rcc_ex.c ****       {
 1480              		.loc 1 1054 7 is_stmt 1 view .LVU479
1054:Inc/STM32F3xx_HAL_Driver/Src/stm32f3xx_hal_rcc_ex.c ****       {
 1481              		.loc 1 1054 10 is_stmt 0 view .LVU480
 1482 0248 13F44023 		ands	r3, r3, #786432
 1483              	.LVL113:
1054:Inc/STM32F3xx_HAL_Driver/Src/stm32f3xx_hal_rcc_ex.c ****       {
 1484              		.loc 1 1054 10 view .LVU481
 1485 024c 0AD0     		beq	.L155
1059:Inc/STM32F3xx_HAL_Driver/Src/stm32f3xx_hal_rcc_ex.c ****       {
 1486              		.loc 1 1059 12 is_stmt 1 view .LVU482
1059:Inc/STM32F3xx_HAL_Driver/Src/stm32f3xx_hal_rcc_ex.c ****       {
 1487              		.loc 1 1059 15 is_stmt 0 view .LVU483
 1488 024e B3F5402F 		cmp	r3, #786432
 1489 0252 0AD0     		beq	.L156
 1490              	.L92:
1064:Inc/STM32F3xx_HAL_Driver/Src/stm32f3xx_hal_rcc_ex.c ****       {
 1491              		.loc 1 1064 12 is_stmt 1 view .LVU484
1064:Inc/STM32F3xx_HAL_Driver/Src/stm32f3xx_hal_rcc_ex.c ****       {
 1492              		.loc 1 1064 15 is_stmt 0 view .LVU485
 1493 0254 B3F5802F 		cmp	r3, #262144
 1494 0258 0ED0     		beq	.L157
1069:Inc/STM32F3xx_HAL_Driver/Src/stm32f3xx_hal_rcc_ex.c ****       {
ARM GAS  /tmp/ccTvL2QU.s 			page 80


 1495              		.loc 1 1069 12 is_stmt 1 view .LVU486
1069:Inc/STM32F3xx_HAL_Driver/Src/stm32f3xx_hal_rcc_ex.c ****       {
 1496              		.loc 1 1069 15 is_stmt 0 view .LVU487
 1497 025a B3F5002F 		cmp	r3, #524288
 1498 025e 0ED0     		beq	.L158
 947:Inc/STM32F3xx_HAL_Driver/Src/stm32f3xx_hal_rcc_ex.c **** 
 1499              		.loc 1 947 12 view .LVU488
 1500 0260 0020     		movs	r0, #0
 1501 0262 3AE1     		b	.L53
 1502              	.L155:
1056:Inc/STM32F3xx_HAL_Driver/Src/stm32f3xx_hal_rcc_ex.c ****       }
 1503              		.loc 1 1056 9 is_stmt 1 view .LVU489
1056:Inc/STM32F3xx_HAL_Driver/Src/stm32f3xx_hal_rcc_ex.c ****       }
 1504              		.loc 1 1056 21 is_stmt 0 view .LVU490
 1505 0264 FFF7FEFF 		bl	HAL_RCC_GetPCLK1Freq
 1506              	.LVL114:
1056:Inc/STM32F3xx_HAL_Driver/Src/stm32f3xx_hal_rcc_ex.c ****       }
 1507              		.loc 1 1056 21 view .LVU491
 1508 0268 37E1     		b	.L53
 1509              	.LVL115:
 1510              	.L156:
1059:Inc/STM32F3xx_HAL_Driver/Src/stm32f3xx_hal_rcc_ex.c ****       {
 1511              		.loc 1 1059 56 discriminator 1 view .LVU492
 1512 026a 1E4A     		ldr	r2, .L167
 1513 026c 1268     		ldr	r2, [r2]
1059:Inc/STM32F3xx_HAL_Driver/Src/stm32f3xx_hal_rcc_ex.c ****       {
 1514              		.loc 1 1059 52 discriminator 1 view .LVU493
 1515 026e 12F0020F 		tst	r2, #2
 1516 0272 EFD0     		beq	.L92
1061:Inc/STM32F3xx_HAL_Driver/Src/stm32f3xx_hal_rcc_ex.c ****       }
 1517              		.loc 1 1061 19 view .LVU494
 1518 0274 1F48     		ldr	r0, .L167+16
 1519 0276 30E1     		b	.L53
 1520              	.L157:
1066:Inc/STM32F3xx_HAL_Driver/Src/stm32f3xx_hal_rcc_ex.c ****       }
 1521              		.loc 1 1066 9 is_stmt 1 view .LVU495
1066:Inc/STM32F3xx_HAL_Driver/Src/stm32f3xx_hal_rcc_ex.c ****       }
 1522              		.loc 1 1066 21 is_stmt 0 view .LVU496
 1523 0278 FFF7FEFF 		bl	HAL_RCC_GetSysClockFreq
 1524              	.LVL116:
1066:Inc/STM32F3xx_HAL_Driver/Src/stm32f3xx_hal_rcc_ex.c ****       }
 1525              		.loc 1 1066 21 view .LVU497
 1526 027c 2DE1     		b	.L53
 1527              	.LVL117:
 1528              	.L158:
1069:Inc/STM32F3xx_HAL_Driver/Src/stm32f3xx_hal_rcc_ex.c ****       {
 1529              		.loc 1 1069 56 discriminator 1 view .LVU498
 1530 027e 03F18043 		add	r3, r3, #1073741824
 1531              	.LVL118:
1069:Inc/STM32F3xx_HAL_Driver/Src/stm32f3xx_hal_rcc_ex.c ****       {
 1532              		.loc 1 1069 56 discriminator 1 view .LVU499
 1533 0282 A3F5BE23 		sub	r3, r3, #389120
 1534              	.LVL119:
1069:Inc/STM32F3xx_HAL_Driver/Src/stm32f3xx_hal_rcc_ex.c ****       {
 1535              		.loc 1 1069 56 discriminator 1 view .LVU500
 1536 0286 186A     		ldr	r0, [r3, #32]
1069:Inc/STM32F3xx_HAL_Driver/Src/stm32f3xx_hal_rcc_ex.c ****       {
ARM GAS  /tmp/ccTvL2QU.s 			page 81


 1537              		.loc 1 1069 52 discriminator 1 view .LVU501
 1538 0288 10F00200 		ands	r0, r0, #2
 1539 028c 00F02581 		beq	.L53
1071:Inc/STM32F3xx_HAL_Driver/Src/stm32f3xx_hal_rcc_ex.c ****       }
 1540              		.loc 1 1071 19 view .LVU502
 1541 0290 4FF40040 		mov	r0, #32768
 1542 0294 21E1     		b	.L53
 1543              	.LVL120:
 1544              	.L61:
1080:Inc/STM32F3xx_HAL_Driver/Src/stm32f3xx_hal_rcc_ex.c **** 
 1545              		.loc 1 1080 7 is_stmt 1 view .LVU503
1080:Inc/STM32F3xx_HAL_Driver/Src/stm32f3xx_hal_rcc_ex.c **** 
 1546              		.loc 1 1080 16 is_stmt 0 view .LVU504
 1547 0296 134B     		ldr	r3, .L167
 1548 0298 1B6B     		ldr	r3, [r3, #48]
 1549              	.LVL121:
1083:Inc/STM32F3xx_HAL_Driver/Src/stm32f3xx_hal_rcc_ex.c ****       {
 1550              		.loc 1 1083 7 is_stmt 1 view .LVU505
1083:Inc/STM32F3xx_HAL_Driver/Src/stm32f3xx_hal_rcc_ex.c ****       {
 1551              		.loc 1 1083 10 is_stmt 0 view .LVU506
 1552 029a 13F44013 		ands	r3, r3, #3145728
 1553              	.LVL122:
1083:Inc/STM32F3xx_HAL_Driver/Src/stm32f3xx_hal_rcc_ex.c ****       {
 1554              		.loc 1 1083 10 view .LVU507
 1555 029e 0AD0     		beq	.L159
1088:Inc/STM32F3xx_HAL_Driver/Src/stm32f3xx_hal_rcc_ex.c ****       {
 1556              		.loc 1 1088 12 is_stmt 1 view .LVU508
1088:Inc/STM32F3xx_HAL_Driver/Src/stm32f3xx_hal_rcc_ex.c ****       {
 1557              		.loc 1 1088 15 is_stmt 0 view .LVU509
 1558 02a0 B3F5401F 		cmp	r3, #3145728
 1559 02a4 0AD0     		beq	.L160
 1560              	.L95:
1093:Inc/STM32F3xx_HAL_Driver/Src/stm32f3xx_hal_rcc_ex.c ****       {
 1561              		.loc 1 1093 12 is_stmt 1 view .LVU510
1093:Inc/STM32F3xx_HAL_Driver/Src/stm32f3xx_hal_rcc_ex.c ****       {
 1562              		.loc 1 1093 15 is_stmt 0 view .LVU511
 1563 02a6 B3F5801F 		cmp	r3, #1048576
 1564 02aa 0ED0     		beq	.L161
1098:Inc/STM32F3xx_HAL_Driver/Src/stm32f3xx_hal_rcc_ex.c ****       {
 1565              		.loc 1 1098 12 is_stmt 1 view .LVU512
1098:Inc/STM32F3xx_HAL_Driver/Src/stm32f3xx_hal_rcc_ex.c ****       {
 1566              		.loc 1 1098 15 is_stmt 0 view .LVU513
 1567 02ac B3F5001F 		cmp	r3, #2097152
 1568 02b0 0ED0     		beq	.L162
 947:Inc/STM32F3xx_HAL_Driver/Src/stm32f3xx_hal_rcc_ex.c **** 
 1569              		.loc 1 947 12 view .LVU514
 1570 02b2 0020     		movs	r0, #0
 1571 02b4 11E1     		b	.L53
 1572              	.L159:
1085:Inc/STM32F3xx_HAL_Driver/Src/stm32f3xx_hal_rcc_ex.c ****       }
 1573              		.loc 1 1085 9 is_stmt 1 view .LVU515
1085:Inc/STM32F3xx_HAL_Driver/Src/stm32f3xx_hal_rcc_ex.c ****       }
 1574              		.loc 1 1085 21 is_stmt 0 view .LVU516
 1575 02b6 FFF7FEFF 		bl	HAL_RCC_GetPCLK1Freq
 1576              	.LVL123:
1085:Inc/STM32F3xx_HAL_Driver/Src/stm32f3xx_hal_rcc_ex.c ****       }
 1577              		.loc 1 1085 21 view .LVU517
ARM GAS  /tmp/ccTvL2QU.s 			page 82


 1578 02ba 0EE1     		b	.L53
 1579              	.LVL124:
 1580              	.L160:
1088:Inc/STM32F3xx_HAL_Driver/Src/stm32f3xx_hal_rcc_ex.c ****       {
 1581              		.loc 1 1088 55 discriminator 1 view .LVU518
 1582 02bc 094A     		ldr	r2, .L167
 1583 02be 1268     		ldr	r2, [r2]
1088:Inc/STM32F3xx_HAL_Driver/Src/stm32f3xx_hal_rcc_ex.c ****       {
 1584              		.loc 1 1088 51 discriminator 1 view .LVU519
 1585 02c0 12F0020F 		tst	r2, #2
 1586 02c4 EFD0     		beq	.L95
1090:Inc/STM32F3xx_HAL_Driver/Src/stm32f3xx_hal_rcc_ex.c ****       }
 1587              		.loc 1 1090 19 view .LVU520
 1588 02c6 0B48     		ldr	r0, .L167+16
 1589 02c8 07E1     		b	.L53
 1590              	.L161:
1095:Inc/STM32F3xx_HAL_Driver/Src/stm32f3xx_hal_rcc_ex.c ****       }
 1591              		.loc 1 1095 9 is_stmt 1 view .LVU521
1095:Inc/STM32F3xx_HAL_Driver/Src/stm32f3xx_hal_rcc_ex.c ****       }
 1592              		.loc 1 1095 21 is_stmt 0 view .LVU522
 1593 02ca FFF7FEFF 		bl	HAL_RCC_GetSysClockFreq
 1594              	.LVL125:
1095:Inc/STM32F3xx_HAL_Driver/Src/stm32f3xx_hal_rcc_ex.c ****       }
 1595              		.loc 1 1095 21 view .LVU523
 1596 02ce 04E1     		b	.L53
 1597              	.LVL126:
 1598              	.L162:
1098:Inc/STM32F3xx_HAL_Driver/Src/stm32f3xx_hal_rcc_ex.c ****       {
 1599              		.loc 1 1098 55 discriminator 1 view .LVU524
 1600 02d0 044B     		ldr	r3, .L167
 1601              	.LVL127:
1098:Inc/STM32F3xx_HAL_Driver/Src/stm32f3xx_hal_rcc_ex.c ****       {
 1602              		.loc 1 1098 55 discriminator 1 view .LVU525
 1603 02d2 186A     		ldr	r0, [r3, #32]
1098:Inc/STM32F3xx_HAL_Driver/Src/stm32f3xx_hal_rcc_ex.c ****       {
 1604              		.loc 1 1098 51 discriminator 1 view .LVU526
 1605 02d4 10F00200 		ands	r0, r0, #2
 1606 02d8 00F0FF80 		beq	.L53
1100:Inc/STM32F3xx_HAL_Driver/Src/stm32f3xx_hal_rcc_ex.c ****       }
 1607              		.loc 1 1100 19 view .LVU527
 1608 02dc 4FF40040 		mov	r0, #32768
 1609 02e0 FBE0     		b	.L53
 1610              	.L168:
 1611 02e2 00BF     		.align	2
 1612              	.L167:
 1613 02e4 00100240 		.word	1073876992
 1614 02e8 00000000 		.word	SystemCoreClock
 1615 02ec ADDEADDE 		.word	-559030611
 1616 02f0 90D00300 		.word	250000
 1617 02f4 00127A00 		.word	8000000
 1618              	.LVL128:
 1619              	.L60:
1109:Inc/STM32F3xx_HAL_Driver/Src/stm32f3xx_hal_rcc_ex.c **** 
 1620              		.loc 1 1109 7 is_stmt 1 view .LVU528
1109:Inc/STM32F3xx_HAL_Driver/Src/stm32f3xx_hal_rcc_ex.c **** 
 1621              		.loc 1 1109 16 is_stmt 0 view .LVU529
 1622 02f8 784B     		ldr	r3, .L169
ARM GAS  /tmp/ccTvL2QU.s 			page 83


 1623 02fa 1B6B     		ldr	r3, [r3, #48]
 1624              	.LVL129:
1112:Inc/STM32F3xx_HAL_Driver/Src/stm32f3xx_hal_rcc_ex.c ****       {
 1625              		.loc 1 1112 7 is_stmt 1 view .LVU530
1112:Inc/STM32F3xx_HAL_Driver/Src/stm32f3xx_hal_rcc_ex.c ****       {
 1626              		.loc 1 1112 10 is_stmt 0 view .LVU531
 1627 02fc 13F44003 		ands	r3, r3, #12582912
 1628              	.LVL130:
1112:Inc/STM32F3xx_HAL_Driver/Src/stm32f3xx_hal_rcc_ex.c ****       {
 1629              		.loc 1 1112 10 view .LVU532
 1630 0300 0AD0     		beq	.L163
1117:Inc/STM32F3xx_HAL_Driver/Src/stm32f3xx_hal_rcc_ex.c ****       {
 1631              		.loc 1 1117 12 is_stmt 1 view .LVU533
1117:Inc/STM32F3xx_HAL_Driver/Src/stm32f3xx_hal_rcc_ex.c ****       {
 1632              		.loc 1 1117 15 is_stmt 0 view .LVU534
 1633 0302 B3F5400F 		cmp	r3, #12582912
 1634 0306 0AD0     		beq	.L164
 1635              	.L98:
1122:Inc/STM32F3xx_HAL_Driver/Src/stm32f3xx_hal_rcc_ex.c ****       {
 1636              		.loc 1 1122 12 is_stmt 1 view .LVU535
1122:Inc/STM32F3xx_HAL_Driver/Src/stm32f3xx_hal_rcc_ex.c ****       {
 1637              		.loc 1 1122 15 is_stmt 0 view .LVU536
 1638 0308 B3F5800F 		cmp	r3, #4194304
 1639 030c 0ED0     		beq	.L165
1127:Inc/STM32F3xx_HAL_Driver/Src/stm32f3xx_hal_rcc_ex.c ****       {
 1640              		.loc 1 1127 12 is_stmt 1 view .LVU537
1127:Inc/STM32F3xx_HAL_Driver/Src/stm32f3xx_hal_rcc_ex.c ****       {
 1641              		.loc 1 1127 15 is_stmt 0 view .LVU538
 1642 030e B3F5000F 		cmp	r3, #8388608
 1643 0312 0ED0     		beq	.L166
 947:Inc/STM32F3xx_HAL_Driver/Src/stm32f3xx_hal_rcc_ex.c **** 
 1644              		.loc 1 947 12 view .LVU539
 1645 0314 0020     		movs	r0, #0
 1646 0316 E0E0     		b	.L53
 1647              	.L163:
1114:Inc/STM32F3xx_HAL_Driver/Src/stm32f3xx_hal_rcc_ex.c ****       }
 1648              		.loc 1 1114 9 is_stmt 1 view .LVU540
1114:Inc/STM32F3xx_HAL_Driver/Src/stm32f3xx_hal_rcc_ex.c ****       }
 1649              		.loc 1 1114 21 is_stmt 0 view .LVU541
 1650 0318 FFF7FEFF 		bl	HAL_RCC_GetPCLK1Freq
 1651              	.LVL131:
1114:Inc/STM32F3xx_HAL_Driver/Src/stm32f3xx_hal_rcc_ex.c ****       }
 1652              		.loc 1 1114 21 view .LVU542
 1653 031c DDE0     		b	.L53
 1654              	.LVL132:
 1655              	.L164:
1117:Inc/STM32F3xx_HAL_Driver/Src/stm32f3xx_hal_rcc_ex.c ****       {
 1656              		.loc 1 1117 55 discriminator 1 view .LVU543
 1657 031e 6F4A     		ldr	r2, .L169
 1658 0320 1268     		ldr	r2, [r2]
1117:Inc/STM32F3xx_HAL_Driver/Src/stm32f3xx_hal_rcc_ex.c ****       {
 1659              		.loc 1 1117 51 discriminator 1 view .LVU544
 1660 0322 12F0020F 		tst	r2, #2
 1661 0326 EFD0     		beq	.L98
1119:Inc/STM32F3xx_HAL_Driver/Src/stm32f3xx_hal_rcc_ex.c ****       }
 1662              		.loc 1 1119 19 view .LVU545
 1663 0328 6D48     		ldr	r0, .L169+4
ARM GAS  /tmp/ccTvL2QU.s 			page 84


 1664 032a D6E0     		b	.L53
 1665              	.L165:
1124:Inc/STM32F3xx_HAL_Driver/Src/stm32f3xx_hal_rcc_ex.c ****       }
 1666              		.loc 1 1124 9 is_stmt 1 view .LVU546
1124:Inc/STM32F3xx_HAL_Driver/Src/stm32f3xx_hal_rcc_ex.c ****       }
 1667              		.loc 1 1124 21 is_stmt 0 view .LVU547
 1668 032c FFF7FEFF 		bl	HAL_RCC_GetSysClockFreq
 1669              	.LVL133:
1124:Inc/STM32F3xx_HAL_Driver/Src/stm32f3xx_hal_rcc_ex.c ****       }
 1670              		.loc 1 1124 21 view .LVU548
 1671 0330 D3E0     		b	.L53
 1672              	.LVL134:
 1673              	.L166:
1127:Inc/STM32F3xx_HAL_Driver/Src/stm32f3xx_hal_rcc_ex.c ****       {
 1674              		.loc 1 1127 55 discriminator 1 view .LVU549
 1675 0332 03F17E53 		add	r3, r3, #1065353216
 1676              	.LVL135:
1127:Inc/STM32F3xx_HAL_Driver/Src/stm32f3xx_hal_rcc_ex.c ****       {
 1677              		.loc 1 1127 55 discriminator 1 view .LVU550
 1678 0336 03F50433 		add	r3, r3, #135168
 1679              	.LVL136:
1127:Inc/STM32F3xx_HAL_Driver/Src/stm32f3xx_hal_rcc_ex.c ****       {
 1680              		.loc 1 1127 55 discriminator 1 view .LVU551
 1681 033a 186A     		ldr	r0, [r3, #32]
1127:Inc/STM32F3xx_HAL_Driver/Src/stm32f3xx_hal_rcc_ex.c ****       {
 1682              		.loc 1 1127 51 discriminator 1 view .LVU552
 1683 033c 10F00200 		ands	r0, r0, #2
 1684 0340 00F0CB80 		beq	.L53
1129:Inc/STM32F3xx_HAL_Driver/Src/stm32f3xx_hal_rcc_ex.c ****       }
 1685              		.loc 1 1129 19 view .LVU553
 1686 0344 4FF40040 		mov	r0, #32768
 1687 0348 C7E0     		b	.L53
 1688              	.LVL137:
 1689              	.L58:
1137:Inc/STM32F3xx_HAL_Driver/Src/stm32f3xx_hal_rcc_ex.c **** 
 1690              		.loc 1 1137 7 is_stmt 1 view .LVU554
1137:Inc/STM32F3xx_HAL_Driver/Src/stm32f3xx_hal_rcc_ex.c **** 
 1691              		.loc 1 1137 16 is_stmt 0 view .LVU555
 1692 034a 644B     		ldr	r3, .L169
 1693 034c 1B6B     		ldr	r3, [r3, #48]
 1694              	.LVL138:
1140:Inc/STM32F3xx_HAL_Driver/Src/stm32f3xx_hal_rcc_ex.c ****       {
 1695              		.loc 1 1140 7 is_stmt 1 view .LVU556
1140:Inc/STM32F3xx_HAL_Driver/Src/stm32f3xx_hal_rcc_ex.c ****       {
 1696              		.loc 1 1140 10 is_stmt 0 view .LVU557
 1697 034e 13F0100F 		tst	r3, #16
 1698 0352 07D1     		bne	.L100
1140:Inc/STM32F3xx_HAL_Driver/Src/stm32f3xx_hal_rcc_ex.c ****       {
 1699              		.loc 1 1140 49 discriminator 1 view .LVU558
 1700 0354 614B     		ldr	r3, .L169
 1701              	.LVL139:
1140:Inc/STM32F3xx_HAL_Driver/Src/stm32f3xx_hal_rcc_ex.c ****       {
 1702              		.loc 1 1140 49 discriminator 1 view .LVU559
 1703 0356 1868     		ldr	r0, [r3]
1140:Inc/STM32F3xx_HAL_Driver/Src/stm32f3xx_hal_rcc_ex.c ****       {
 1704              		.loc 1 1140 45 discriminator 1 view .LVU560
 1705 0358 10F00200 		ands	r0, r0, #2
ARM GAS  /tmp/ccTvL2QU.s 			page 85


 1706 035c 00F0BD80 		beq	.L53
1142:Inc/STM32F3xx_HAL_Driver/Src/stm32f3xx_hal_rcc_ex.c ****       }
 1707              		.loc 1 1142 19 view .LVU561
 1708 0360 5F48     		ldr	r0, .L169+4
 1709 0362 BAE0     		b	.L53
 1710              	.LVL140:
 1711              	.L100:
1147:Inc/STM32F3xx_HAL_Driver/Src/stm32f3xx_hal_rcc_ex.c ****       }
 1712              		.loc 1 1147 9 is_stmt 1 view .LVU562
1147:Inc/STM32F3xx_HAL_Driver/Src/stm32f3xx_hal_rcc_ex.c ****       }
 1713              		.loc 1 1147 21 is_stmt 0 view .LVU563
 1714 0364 FFF7FEFF 		bl	HAL_RCC_GetSysClockFreq
 1715              	.LVL141:
1147:Inc/STM32F3xx_HAL_Driver/Src/stm32f3xx_hal_rcc_ex.c ****       }
 1716              		.loc 1 1147 21 view .LVU564
 1717 0368 B7E0     		b	.L53
 1718              	.LVL142:
 1719              	.L67:
1155:Inc/STM32F3xx_HAL_Driver/Src/stm32f3xx_hal_rcc_ex.c **** 
 1720              		.loc 1 1155 7 is_stmt 1 view .LVU565
1155:Inc/STM32F3xx_HAL_Driver/Src/stm32f3xx_hal_rcc_ex.c **** 
 1721              		.loc 1 1155 16 is_stmt 0 view .LVU566
 1722 036a 5C4B     		ldr	r3, .L169
 1723 036c 1B6B     		ldr	r3, [r3, #48]
 1724              	.LVL143:
1158:Inc/STM32F3xx_HAL_Driver/Src/stm32f3xx_hal_rcc_ex.c ****       {
 1725              		.loc 1 1158 7 is_stmt 1 view .LVU567
1158:Inc/STM32F3xx_HAL_Driver/Src/stm32f3xx_hal_rcc_ex.c ****       {
 1726              		.loc 1 1158 10 is_stmt 0 view .LVU568
 1727 036e 13F0200F 		tst	r3, #32
 1728 0372 07D1     		bne	.L101
1158:Inc/STM32F3xx_HAL_Driver/Src/stm32f3xx_hal_rcc_ex.c ****       {
 1729              		.loc 1 1158 49 discriminator 1 view .LVU569
 1730 0374 594B     		ldr	r3, .L169
 1731              	.LVL144:
1158:Inc/STM32F3xx_HAL_Driver/Src/stm32f3xx_hal_rcc_ex.c ****       {
 1732              		.loc 1 1158 49 discriminator 1 view .LVU570
 1733 0376 1868     		ldr	r0, [r3]
 1734              	.LVL145:
1158:Inc/STM32F3xx_HAL_Driver/Src/stm32f3xx_hal_rcc_ex.c ****       {
 1735              		.loc 1 1158 45 discriminator 1 view .LVU571
 1736 0378 10F00200 		ands	r0, r0, #2
 1737 037c 00F0AD80 		beq	.L53
1160:Inc/STM32F3xx_HAL_Driver/Src/stm32f3xx_hal_rcc_ex.c ****       }
 1738              		.loc 1 1160 19 view .LVU572
 1739 0380 5748     		ldr	r0, .L169+4
 1740 0382 AAE0     		b	.L53
 1741              	.LVL146:
 1742              	.L101:
1165:Inc/STM32F3xx_HAL_Driver/Src/stm32f3xx_hal_rcc_ex.c ****       }
 1743              		.loc 1 1165 9 is_stmt 1 view .LVU573
1165:Inc/STM32F3xx_HAL_Driver/Src/stm32f3xx_hal_rcc_ex.c ****       }
 1744              		.loc 1 1165 21 is_stmt 0 view .LVU574
 1745 0384 FFF7FEFF 		bl	HAL_RCC_GetSysClockFreq
 1746              	.LVL147:
1165:Inc/STM32F3xx_HAL_Driver/Src/stm32f3xx_hal_rcc_ex.c ****       }
 1747              		.loc 1 1165 21 view .LVU575
ARM GAS  /tmp/ccTvL2QU.s 			page 86


 1748 0388 A7E0     		b	.L53
 1749              	.LVL148:
 1750              	.L76:
1174:Inc/STM32F3xx_HAL_Driver/Src/stm32f3xx_hal_rcc_ex.c **** 
 1751              		.loc 1 1174 7 is_stmt 1 view .LVU576
1174:Inc/STM32F3xx_HAL_Driver/Src/stm32f3xx_hal_rcc_ex.c **** 
 1752              		.loc 1 1174 16 is_stmt 0 view .LVU577
 1753 038a 544B     		ldr	r3, .L169
 1754 038c 1B6B     		ldr	r3, [r3, #48]
 1755              	.LVL149:
1177:Inc/STM32F3xx_HAL_Driver/Src/stm32f3xx_hal_rcc_ex.c ****       {
 1756              		.loc 1 1177 7 is_stmt 1 view .LVU578
1177:Inc/STM32F3xx_HAL_Driver/Src/stm32f3xx_hal_rcc_ex.c ****       {
 1757              		.loc 1 1177 10 is_stmt 0 view .LVU579
 1758 038e 13F0400F 		tst	r3, #64
 1759 0392 07D1     		bne	.L102
1177:Inc/STM32F3xx_HAL_Driver/Src/stm32f3xx_hal_rcc_ex.c ****       {
 1760              		.loc 1 1177 49 discriminator 1 view .LVU580
 1761 0394 514B     		ldr	r3, .L169
 1762              	.LVL150:
1177:Inc/STM32F3xx_HAL_Driver/Src/stm32f3xx_hal_rcc_ex.c ****       {
 1763              		.loc 1 1177 49 discriminator 1 view .LVU581
 1764 0396 1868     		ldr	r0, [r3]
 1765              	.LVL151:
1177:Inc/STM32F3xx_HAL_Driver/Src/stm32f3xx_hal_rcc_ex.c ****       {
 1766              		.loc 1 1177 45 discriminator 1 view .LVU582
 1767 0398 10F00200 		ands	r0, r0, #2
 1768 039c 00F09D80 		beq	.L53
1179:Inc/STM32F3xx_HAL_Driver/Src/stm32f3xx_hal_rcc_ex.c ****       }
 1769              		.loc 1 1179 19 view .LVU583
 1770 03a0 4F48     		ldr	r0, .L169+4
 1771 03a2 9AE0     		b	.L53
 1772              	.LVL152:
 1773              	.L102:
1184:Inc/STM32F3xx_HAL_Driver/Src/stm32f3xx_hal_rcc_ex.c ****       }
 1774              		.loc 1 1184 9 is_stmt 1 view .LVU584
1184:Inc/STM32F3xx_HAL_Driver/Src/stm32f3xx_hal_rcc_ex.c ****       }
 1775              		.loc 1 1184 21 is_stmt 0 view .LVU585
 1776 03a4 FFF7FEFF 		bl	HAL_RCC_GetSysClockFreq
 1777              	.LVL153:
1184:Inc/STM32F3xx_HAL_Driver/Src/stm32f3xx_hal_rcc_ex.c ****       }
 1778              		.loc 1 1184 21 view .LVU586
 1779 03a8 97E0     		b	.L53
 1780              	.LVL154:
 1781              	.L139:
1202:Inc/STM32F3xx_HAL_Driver/Src/stm32f3xx_hal_rcc_ex.c ****       {
 1782              		.loc 1 1202 12 is_stmt 1 view .LVU587
1204:Inc/STM32F3xx_HAL_Driver/Src/stm32f3xx_hal_rcc_ex.c ****       }
 1783              		.loc 1 1204 9 view .LVU588
1204:Inc/STM32F3xx_HAL_Driver/Src/stm32f3xx_hal_rcc_ex.c ****       }
 1784              		.loc 1 1204 21 is_stmt 0 view .LVU589
 1785 03aa FFF7FEFF 		bl	HAL_RCC_GetSysClockFreq
 1786              	.LVL155:
1204:Inc/STM32F3xx_HAL_Driver/Src/stm32f3xx_hal_rcc_ex.c ****       }
 1787              		.loc 1 1204 21 view .LVU590
 1788 03ae 94E0     		b	.L53
 1789              	.LVL156:
ARM GAS  /tmp/ccTvL2QU.s 			page 87


 1790              	.L72:
1213:Inc/STM32F3xx_HAL_Driver/Src/stm32f3xx_hal_rcc_ex.c ****       {
 1791              		.loc 1 1213 7 is_stmt 1 view .LVU591
1213:Inc/STM32F3xx_HAL_Driver/Src/stm32f3xx_hal_rcc_ex.c ****       {
 1792              		.loc 1 1213 11 is_stmt 0 view .LVU592
 1793 03b0 4A4B     		ldr	r3, .L169
 1794 03b2 1868     		ldr	r0, [r3]
 1795              	.LVL157:
1213:Inc/STM32F3xx_HAL_Driver/Src/stm32f3xx_hal_rcc_ex.c ****       {
 1796              		.loc 1 1213 10 view .LVU593
 1797 03b4 10F00070 		ands	r0, r0, #33554432
 1798 03b8 00F08F80 		beq	.L53
1216:Inc/STM32F3xx_HAL_Driver/Src/stm32f3xx_hal_rcc_ex.c **** 
 1799              		.loc 1 1216 9 is_stmt 1 view .LVU594
1216:Inc/STM32F3xx_HAL_Driver/Src/stm32f3xx_hal_rcc_ex.c **** 
 1800              		.loc 1 1216 18 is_stmt 0 view .LVU595
 1801 03bc 5B68     		ldr	r3, [r3, #4]
 1802              	.LVL158:
1219:Inc/STM32F3xx_HAL_Driver/Src/stm32f3xx_hal_rcc_ex.c ****         {
 1803              		.loc 1 1219 9 is_stmt 1 view .LVU596
1219:Inc/STM32F3xx_HAL_Driver/Src/stm32f3xx_hal_rcc_ex.c ****         {
 1804              		.loc 1 1219 12 is_stmt 0 view .LVU597
 1805 03be 13F4800F 		tst	r3, #4194304
 1806 03c2 02D0     		beq	.L103
1221:Inc/STM32F3xx_HAL_Driver/Src/stm32f3xx_hal_rcc_ex.c ****         }
 1807              		.loc 1 1221 11 is_stmt 1 view .LVU598
1221:Inc/STM32F3xx_HAL_Driver/Src/stm32f3xx_hal_rcc_ex.c ****         }
 1808              		.loc 1 1221 23 is_stmt 0 view .LVU599
 1809 03c4 FFF7FEFF 		bl	RCC_GetPLLCLKFreq
 1810              	.LVL159:
1221:Inc/STM32F3xx_HAL_Driver/Src/stm32f3xx_hal_rcc_ex.c ****         }
 1811              		.loc 1 1221 23 view .LVU600
 1812 03c8 87E0     		b	.L53
 1813              	.LVL160:
 1814              	.L103:
1226:Inc/STM32F3xx_HAL_Driver/Src/stm32f3xx_hal_rcc_ex.c ****         }
 1815              		.loc 1 1226 11 is_stmt 1 view .LVU601
1226:Inc/STM32F3xx_HAL_Driver/Src/stm32f3xx_hal_rcc_ex.c ****         }
 1816              		.loc 1 1226 24 is_stmt 0 view .LVU602
 1817 03ca FFF7FEFF 		bl	RCC_GetPLLCLKFreq
 1818              	.LVL161:
1226:Inc/STM32F3xx_HAL_Driver/Src/stm32f3xx_hal_rcc_ex.c ****         }
 1819              		.loc 1 1226 44 discriminator 1 view .LVU603
 1820 03ce 00EB4000 		add	r0, r0, r0, lsl #1
1226:Inc/STM32F3xx_HAL_Driver/Src/stm32f3xx_hal_rcc_ex.c ****         }
 1821              		.loc 1 1226 21 discriminator 1 view .LVU604
 1822 03d2 4008     		lsrs	r0, r0, #1
 1823              	.LVL162:
1226:Inc/STM32F3xx_HAL_Driver/Src/stm32f3xx_hal_rcc_ex.c ****         }
 1824              		.loc 1 1226 21 discriminator 1 view .LVU605
 1825 03d4 81E0     		b	.L53
 1826              	.LVL163:
 1827              	.L104:
1274:Inc/STM32F3xx_HAL_Driver/Src/stm32f3xx_hal_rcc_ex.c ****         {
 1828              		.loc 1 1274 9 is_stmt 1 view .LVU606
1274:Inc/STM32F3xx_HAL_Driver/Src/stm32f3xx_hal_rcc_ex.c ****         {
 1829              		.loc 1 1274 13 is_stmt 0 view .LVU607
ARM GAS  /tmp/ccTvL2QU.s 			page 88


 1830 03d6 414B     		ldr	r3, .L169
 1831 03d8 1868     		ldr	r0, [r3]
 1832              	.LVL164:
1274:Inc/STM32F3xx_HAL_Driver/Src/stm32f3xx_hal_rcc_ex.c ****         {
 1833              		.loc 1 1274 12 view .LVU608
 1834 03da 10F00070 		ands	r0, r0, #33554432
 1835 03de 7CD0     		beq	.L53
1277:Inc/STM32F3xx_HAL_Driver/Src/stm32f3xx_hal_rcc_ex.c ****         }
 1836              		.loc 1 1277 11 is_stmt 1 view .LVU609
1277:Inc/STM32F3xx_HAL_Driver/Src/stm32f3xx_hal_rcc_ex.c ****         }
 1837              		.loc 1 1277 23 is_stmt 0 view .LVU610
 1838 03e0 FFF7FEFF 		bl	RCC_GetPLLCLKFreq
 1839              	.LVL165:
1277:Inc/STM32F3xx_HAL_Driver/Src/stm32f3xx_hal_rcc_ex.c ****         }
 1840              		.loc 1 1277 101 discriminator 1 view .LVU611
 1841 03e4 C4F30313 		ubfx	r3, r4, #4, #4
1277:Inc/STM32F3xx_HAL_Driver/Src/stm32f3xx_hal_rcc_ex.c ****         }
 1842              		.loc 1 1277 65 discriminator 1 view .LVU612
 1843 03e8 3E4A     		ldr	r2, .L169+8
 1844 03ea 32F81330 		ldrh	r3, [r2, r3, lsl #1]
1277:Inc/STM32F3xx_HAL_Driver/Src/stm32f3xx_hal_rcc_ex.c ****         }
 1845              		.loc 1 1277 21 discriminator 1 view .LVU613
 1846 03ee B0FBF3F0 		udiv	r0, r0, r3
 1847              	.LVL166:
1277:Inc/STM32F3xx_HAL_Driver/Src/stm32f3xx_hal_rcc_ex.c ****         }
 1848              		.loc 1 1277 21 discriminator 1 view .LVU614
 1849 03f2 72E0     		b	.L53
 1850              	.LVL167:
 1851              	.L65:
1287:Inc/STM32F3xx_HAL_Driver/Src/stm32f3xx_hal_rcc_ex.c ****       /* Check if ADC34 clock selection is AHB */
 1852              		.loc 1 1287 7 is_stmt 1 view .LVU615
1287:Inc/STM32F3xx_HAL_Driver/Src/stm32f3xx_hal_rcc_ex.c ****       /* Check if ADC34 clock selection is AHB */
 1853              		.loc 1 1287 16 is_stmt 0 view .LVU616
 1854 03f4 394B     		ldr	r3, .L169
 1855 03f6 DC6A     		ldr	r4, [r3, #44]
 1856              	.LVL168:
1289:Inc/STM32F3xx_HAL_Driver/Src/stm32f3xx_hal_rcc_ex.c ****       {
 1857              		.loc 1 1289 7 is_stmt 1 view .LVU617
1289:Inc/STM32F3xx_HAL_Driver/Src/stm32f3xx_hal_rcc_ex.c ****       {
 1858              		.loc 1 1289 10 is_stmt 0 view .LVU618
 1859 03f8 14F47854 		ands	r4, r4, #15872
 1860              	.LVL169:
1289:Inc/STM32F3xx_HAL_Driver/Src/stm32f3xx_hal_rcc_ex.c ****       {
 1861              		.loc 1 1289 10 view .LVU619
 1862 03fc 02D1     		bne	.L105
1291:Inc/STM32F3xx_HAL_Driver/Src/stm32f3xx_hal_rcc_ex.c ****       }
 1863              		.loc 1 1291 11 is_stmt 1 view .LVU620
1291:Inc/STM32F3xx_HAL_Driver/Src/stm32f3xx_hal_rcc_ex.c ****       }
 1864              		.loc 1 1291 21 is_stmt 0 view .LVU621
 1865 03fe 3A4B     		ldr	r3, .L169+12
 1866 0400 1868     		ldr	r0, [r3]
 1867              	.LVL170:
1291:Inc/STM32F3xx_HAL_Driver/Src/stm32f3xx_hal_rcc_ex.c ****       }
 1868              		.loc 1 1291 21 view .LVU622
 1869 0402 6AE0     		b	.L53
 1870              	.LVL171:
 1871              	.L105:
ARM GAS  /tmp/ccTvL2QU.s 			page 89


1297:Inc/STM32F3xx_HAL_Driver/Src/stm32f3xx_hal_rcc_ex.c ****         {
 1872              		.loc 1 1297 9 is_stmt 1 view .LVU623
1297:Inc/STM32F3xx_HAL_Driver/Src/stm32f3xx_hal_rcc_ex.c ****         {
 1873              		.loc 1 1297 13 is_stmt 0 view .LVU624
 1874 0404 354B     		ldr	r3, .L169
 1875 0406 1868     		ldr	r0, [r3]
 1876              	.LVL172:
1297:Inc/STM32F3xx_HAL_Driver/Src/stm32f3xx_hal_rcc_ex.c ****         {
 1877              		.loc 1 1297 12 view .LVU625
 1878 0408 10F00070 		ands	r0, r0, #33554432
 1879 040c 65D0     		beq	.L53
1300:Inc/STM32F3xx_HAL_Driver/Src/stm32f3xx_hal_rcc_ex.c ****         }
 1880              		.loc 1 1300 11 is_stmt 1 view .LVU626
1300:Inc/STM32F3xx_HAL_Driver/Src/stm32f3xx_hal_rcc_ex.c ****         }
 1881              		.loc 1 1300 23 is_stmt 0 view .LVU627
 1882 040e FFF7FEFF 		bl	RCC_GetPLLCLKFreq
 1883              	.LVL173:
1300:Inc/STM32F3xx_HAL_Driver/Src/stm32f3xx_hal_rcc_ex.c ****         }
 1884              		.loc 1 1300 101 discriminator 1 view .LVU628
 1885 0412 C4F34323 		ubfx	r3, r4, #9, #4
1300:Inc/STM32F3xx_HAL_Driver/Src/stm32f3xx_hal_rcc_ex.c ****         }
 1886              		.loc 1 1300 65 discriminator 1 view .LVU629
 1887 0416 334A     		ldr	r2, .L169+8
 1888 0418 32F81330 		ldrh	r3, [r2, r3, lsl #1]
1300:Inc/STM32F3xx_HAL_Driver/Src/stm32f3xx_hal_rcc_ex.c ****         }
 1889              		.loc 1 1300 21 discriminator 1 view .LVU630
 1890 041c B0FBF3F0 		udiv	r0, r0, r3
 1891              	.LVL174:
1300:Inc/STM32F3xx_HAL_Driver/Src/stm32f3xx_hal_rcc_ex.c ****         }
 1892              		.loc 1 1300 21 discriminator 1 view .LVU631
 1893 0420 5BE0     		b	.L53
 1894              	.LVL175:
 1895              	.L54:
1310:Inc/STM32F3xx_HAL_Driver/Src/stm32f3xx_hal_rcc_ex.c **** 
 1896              		.loc 1 1310 7 is_stmt 1 view .LVU632
1310:Inc/STM32F3xx_HAL_Driver/Src/stm32f3xx_hal_rcc_ex.c **** 
 1897              		.loc 1 1310 16 is_stmt 0 view .LVU633
 1898 0422 2E4B     		ldr	r3, .L169
 1899 0424 1B6B     		ldr	r3, [r3, #48]
 1900              	.LVL176:
1313:Inc/STM32F3xx_HAL_Driver/Src/stm32f3xx_hal_rcc_ex.c ****       {
 1901              		.loc 1 1313 7 is_stmt 1 view .LVU634
1313:Inc/STM32F3xx_HAL_Driver/Src/stm32f3xx_hal_rcc_ex.c ****       {
 1902              		.loc 1 1313 10 is_stmt 0 view .LVU635
 1903 0426 13F4807F 		tst	r3, #256
 1904 042a 07D0     		beq	.L106
1313:Inc/STM32F3xx_HAL_Driver/Src/stm32f3xx_hal_rcc_ex.c ****       {
 1905              		.loc 1 1313 46 discriminator 1 view .LVU636
 1906 042c 2B4B     		ldr	r3, .L169
 1907              	.LVL177:
1313:Inc/STM32F3xx_HAL_Driver/Src/stm32f3xx_hal_rcc_ex.c ****       {
 1908              		.loc 1 1313 46 discriminator 1 view .LVU637
 1909 042e 1868     		ldr	r0, [r3]
 1910              	.LVL178:
1313:Inc/STM32F3xx_HAL_Driver/Src/stm32f3xx_hal_rcc_ex.c ****       {
 1911              		.loc 1 1313 42 discriminator 1 view .LVU638
 1912 0430 10F00070 		ands	r0, r0, #33554432
ARM GAS  /tmp/ccTvL2QU.s 			page 90


 1913 0434 51D0     		beq	.L53
1315:Inc/STM32F3xx_HAL_Driver/Src/stm32f3xx_hal_rcc_ex.c ****       }
 1914              		.loc 1 1315 9 is_stmt 1 view .LVU639
1315:Inc/STM32F3xx_HAL_Driver/Src/stm32f3xx_hal_rcc_ex.c ****       }
 1915              		.loc 1 1315 21 is_stmt 0 view .LVU640
 1916 0436 FFF7FEFF 		bl	RCC_GetPLLCLKFreq
 1917              	.LVL179:
1315:Inc/STM32F3xx_HAL_Driver/Src/stm32f3xx_hal_rcc_ex.c ****       }
 1918              		.loc 1 1315 19 view .LVU641
 1919 043a 4EE0     		b	.L53
 1920              	.LVL180:
 1921              	.L106:
1320:Inc/STM32F3xx_HAL_Driver/Src/stm32f3xx_hal_rcc_ex.c ****       }
 1922              		.loc 1 1320 9 is_stmt 1 view .LVU642
1320:Inc/STM32F3xx_HAL_Driver/Src/stm32f3xx_hal_rcc_ex.c ****       }
 1923              		.loc 1 1320 19 is_stmt 0 view .LVU643
 1924 043c 2A4B     		ldr	r3, .L169+12
 1925              	.LVL181:
1320:Inc/STM32F3xx_HAL_Driver/Src/stm32f3xx_hal_rcc_ex.c ****       }
 1926              		.loc 1 1320 19 view .LVU644
 1927 043e 1868     		ldr	r0, [r3]
 1928              	.LVL182:
1320:Inc/STM32F3xx_HAL_Driver/Src/stm32f3xx_hal_rcc_ex.c ****       }
 1929              		.loc 1 1320 19 view .LVU645
 1930 0440 4BE0     		b	.L53
 1931              	.LVL183:
 1932              	.L107:
1339:Inc/STM32F3xx_HAL_Driver/Src/stm32f3xx_hal_rcc_ex.c ****       }
 1933              		.loc 1 1339 9 is_stmt 1 view .LVU646
1339:Inc/STM32F3xx_HAL_Driver/Src/stm32f3xx_hal_rcc_ex.c ****       }
 1934              		.loc 1 1339 19 is_stmt 0 view .LVU647
 1935 0442 294B     		ldr	r3, .L169+12
 1936              	.LVL184:
1339:Inc/STM32F3xx_HAL_Driver/Src/stm32f3xx_hal_rcc_ex.c ****       }
 1937              		.loc 1 1339 19 view .LVU648
 1938 0444 1868     		ldr	r0, [r3]
 1939              	.LVL185:
1339:Inc/STM32F3xx_HAL_Driver/Src/stm32f3xx_hal_rcc_ex.c ****       }
 1940              		.loc 1 1339 19 view .LVU649
 1941 0446 48E0     		b	.L53
 1942              	.LVL186:
 1943              	.L74:
1348:Inc/STM32F3xx_HAL_Driver/Src/stm32f3xx_hal_rcc_ex.c **** 
 1944              		.loc 1 1348 7 is_stmt 1 view .LVU650
1348:Inc/STM32F3xx_HAL_Driver/Src/stm32f3xx_hal_rcc_ex.c **** 
 1945              		.loc 1 1348 16 is_stmt 0 view .LVU651
 1946 0448 244B     		ldr	r3, .L169
 1947 044a 1B6B     		ldr	r3, [r3, #48]
 1948              	.LVL187:
1351:Inc/STM32F3xx_HAL_Driver/Src/stm32f3xx_hal_rcc_ex.c ****       {
 1949              		.loc 1 1351 7 is_stmt 1 view .LVU652
1351:Inc/STM32F3xx_HAL_Driver/Src/stm32f3xx_hal_rcc_ex.c ****       {
 1950              		.loc 1 1351 10 is_stmt 0 view .LVU653
 1951 044c 13F4007F 		tst	r3, #512
 1952 0450 07D0     		beq	.L108
1351:Inc/STM32F3xx_HAL_Driver/Src/stm32f3xx_hal_rcc_ex.c ****       {
 1953              		.loc 1 1351 46 discriminator 1 view .LVU654
ARM GAS  /tmp/ccTvL2QU.s 			page 91


 1954 0452 224B     		ldr	r3, .L169
 1955              	.LVL188:
1351:Inc/STM32F3xx_HAL_Driver/Src/stm32f3xx_hal_rcc_ex.c ****       {
 1956              		.loc 1 1351 46 discriminator 1 view .LVU655
 1957 0454 1868     		ldr	r0, [r3]
 1958              	.LVL189:
1351:Inc/STM32F3xx_HAL_Driver/Src/stm32f3xx_hal_rcc_ex.c ****       {
 1959              		.loc 1 1351 42 discriminator 1 view .LVU656
 1960 0456 10F00070 		ands	r0, r0, #33554432
 1961 045a 3ED0     		beq	.L53
1353:Inc/STM32F3xx_HAL_Driver/Src/stm32f3xx_hal_rcc_ex.c ****       }
 1962              		.loc 1 1353 9 is_stmt 1 view .LVU657
1353:Inc/STM32F3xx_HAL_Driver/Src/stm32f3xx_hal_rcc_ex.c ****       }
 1963              		.loc 1 1353 21 is_stmt 0 view .LVU658
 1964 045c FFF7FEFF 		bl	RCC_GetPLLCLKFreq
 1965              	.LVL190:
1353:Inc/STM32F3xx_HAL_Driver/Src/stm32f3xx_hal_rcc_ex.c ****       }
 1966              		.loc 1 1353 19 view .LVU659
 1967 0460 3BE0     		b	.L53
 1968              	.LVL191:
 1969              	.L108:
1358:Inc/STM32F3xx_HAL_Driver/Src/stm32f3xx_hal_rcc_ex.c ****       }
 1970              		.loc 1 1358 9 is_stmt 1 view .LVU660
1358:Inc/STM32F3xx_HAL_Driver/Src/stm32f3xx_hal_rcc_ex.c ****       }
 1971              		.loc 1 1358 19 is_stmt 0 view .LVU661
 1972 0462 214B     		ldr	r3, .L169+12
 1973              	.LVL192:
1358:Inc/STM32F3xx_HAL_Driver/Src/stm32f3xx_hal_rcc_ex.c ****       }
 1974              		.loc 1 1358 19 view .LVU662
 1975 0464 1868     		ldr	r0, [r3]
 1976              	.LVL193:
1358:Inc/STM32F3xx_HAL_Driver/Src/stm32f3xx_hal_rcc_ex.c ****       }
 1977              		.loc 1 1358 19 view .LVU663
 1978 0466 38E0     		b	.L53
 1979              	.LVL194:
 1980              	.L80:
1367:Inc/STM32F3xx_HAL_Driver/Src/stm32f3xx_hal_rcc_ex.c **** 
 1981              		.loc 1 1367 7 is_stmt 1 view .LVU664
1367:Inc/STM32F3xx_HAL_Driver/Src/stm32f3xx_hal_rcc_ex.c **** 
 1982              		.loc 1 1367 16 is_stmt 0 view .LVU665
 1983 0468 1C4B     		ldr	r3, .L169
 1984 046a 1B6B     		ldr	r3, [r3, #48]
 1985              	.LVL195:
1370:Inc/STM32F3xx_HAL_Driver/Src/stm32f3xx_hal_rcc_ex.c ****       {
 1986              		.loc 1 1370 7 is_stmt 1 view .LVU666
1370:Inc/STM32F3xx_HAL_Driver/Src/stm32f3xx_hal_rcc_ex.c ****       {
 1987              		.loc 1 1370 10 is_stmt 0 view .LVU667
 1988 046c 13F4806F 		tst	r3, #1024
 1989 0470 07D0     		beq	.L109
1370:Inc/STM32F3xx_HAL_Driver/Src/stm32f3xx_hal_rcc_ex.c ****       {
 1990              		.loc 1 1370 47 discriminator 1 view .LVU668
 1991 0472 1A4B     		ldr	r3, .L169
 1992              	.LVL196:
1370:Inc/STM32F3xx_HAL_Driver/Src/stm32f3xx_hal_rcc_ex.c ****       {
 1993              		.loc 1 1370 47 discriminator 1 view .LVU669
 1994 0474 1868     		ldr	r0, [r3]
 1995              	.LVL197:
ARM GAS  /tmp/ccTvL2QU.s 			page 92


1370:Inc/STM32F3xx_HAL_Driver/Src/stm32f3xx_hal_rcc_ex.c ****       {
 1996              		.loc 1 1370 43 discriminator 1 view .LVU670
 1997 0476 10F00070 		ands	r0, r0, #33554432
 1998 047a 2ED0     		beq	.L53
1372:Inc/STM32F3xx_HAL_Driver/Src/stm32f3xx_hal_rcc_ex.c ****       }
 1999              		.loc 1 1372 9 is_stmt 1 view .LVU671
1372:Inc/STM32F3xx_HAL_Driver/Src/stm32f3xx_hal_rcc_ex.c ****       }
 2000              		.loc 1 1372 21 is_stmt 0 view .LVU672
 2001 047c FFF7FEFF 		bl	RCC_GetPLLCLKFreq
 2002              	.LVL198:
1372:Inc/STM32F3xx_HAL_Driver/Src/stm32f3xx_hal_rcc_ex.c ****       }
 2003              		.loc 1 1372 19 view .LVU673
 2004 0480 2BE0     		b	.L53
 2005              	.LVL199:
 2006              	.L109:
1377:Inc/STM32F3xx_HAL_Driver/Src/stm32f3xx_hal_rcc_ex.c ****       }
 2007              		.loc 1 1377 9 is_stmt 1 view .LVU674
1377:Inc/STM32F3xx_HAL_Driver/Src/stm32f3xx_hal_rcc_ex.c ****       }
 2008              		.loc 1 1377 19 is_stmt 0 view .LVU675
 2009 0482 194B     		ldr	r3, .L169+12
 2010              	.LVL200:
1377:Inc/STM32F3xx_HAL_Driver/Src/stm32f3xx_hal_rcc_ex.c ****       }
 2011              		.loc 1 1377 19 view .LVU676
 2012 0484 1868     		ldr	r0, [r3]
 2013              	.LVL201:
1377:Inc/STM32F3xx_HAL_Driver/Src/stm32f3xx_hal_rcc_ex.c ****       }
 2014              		.loc 1 1377 19 view .LVU677
 2015 0486 28E0     		b	.L53
 2016              	.LVL202:
 2017              	.L110:
1396:Inc/STM32F3xx_HAL_Driver/Src/stm32f3xx_hal_rcc_ex.c ****       }
 2018              		.loc 1 1396 9 is_stmt 1 view .LVU678
1396:Inc/STM32F3xx_HAL_Driver/Src/stm32f3xx_hal_rcc_ex.c ****       }
 2019              		.loc 1 1396 19 is_stmt 0 view .LVU679
 2020 0488 174B     		ldr	r3, .L169+12
 2021              	.LVL203:
1396:Inc/STM32F3xx_HAL_Driver/Src/stm32f3xx_hal_rcc_ex.c ****       }
 2022              		.loc 1 1396 19 view .LVU680
 2023 048a 1868     		ldr	r0, [r3]
 2024              	.LVL204:
1396:Inc/STM32F3xx_HAL_Driver/Src/stm32f3xx_hal_rcc_ex.c ****       }
 2025              		.loc 1 1396 19 view .LVU681
 2026 048c 25E0     		b	.L53
 2027              	.LVL205:
 2028              	.L78:
1405:Inc/STM32F3xx_HAL_Driver/Src/stm32f3xx_hal_rcc_ex.c **** 
 2029              		.loc 1 1405 7 is_stmt 1 view .LVU682
1405:Inc/STM32F3xx_HAL_Driver/Src/stm32f3xx_hal_rcc_ex.c **** 
 2030              		.loc 1 1405 16 is_stmt 0 view .LVU683
 2031 048e 134B     		ldr	r3, .L169
 2032 0490 1B6B     		ldr	r3, [r3, #48]
 2033              	.LVL206:
1408:Inc/STM32F3xx_HAL_Driver/Src/stm32f3xx_hal_rcc_ex.c ****       {
 2034              		.loc 1 1408 7 is_stmt 1 view .LVU684
1408:Inc/STM32F3xx_HAL_Driver/Src/stm32f3xx_hal_rcc_ex.c ****       {
 2035              		.loc 1 1408 10 is_stmt 0 view .LVU685
 2036 0492 13F4005F 		tst	r3, #8192
ARM GAS  /tmp/ccTvL2QU.s 			page 93


 2037 0496 07D0     		beq	.L111
1408:Inc/STM32F3xx_HAL_Driver/Src/stm32f3xx_hal_rcc_ex.c ****       {
 2038              		.loc 1 1408 47 discriminator 1 view .LVU686
 2039 0498 104B     		ldr	r3, .L169
 2040              	.LVL207:
1408:Inc/STM32F3xx_HAL_Driver/Src/stm32f3xx_hal_rcc_ex.c ****       {
 2041              		.loc 1 1408 47 discriminator 1 view .LVU687
 2042 049a 1868     		ldr	r0, [r3]
 2043              	.LVL208:
1408:Inc/STM32F3xx_HAL_Driver/Src/stm32f3xx_hal_rcc_ex.c ****       {
 2044              		.loc 1 1408 43 discriminator 1 view .LVU688
 2045 049c 10F00070 		ands	r0, r0, #33554432
 2046 04a0 1BD0     		beq	.L53
1410:Inc/STM32F3xx_HAL_Driver/Src/stm32f3xx_hal_rcc_ex.c ****       }
 2047              		.loc 1 1410 9 is_stmt 1 view .LVU689
1410:Inc/STM32F3xx_HAL_Driver/Src/stm32f3xx_hal_rcc_ex.c ****       }
 2048              		.loc 1 1410 21 is_stmt 0 view .LVU690
 2049 04a2 FFF7FEFF 		bl	RCC_GetPLLCLKFreq
 2050              	.LVL209:
1410:Inc/STM32F3xx_HAL_Driver/Src/stm32f3xx_hal_rcc_ex.c ****       }
 2051              		.loc 1 1410 19 view .LVU691
 2052 04a6 18E0     		b	.L53
 2053              	.LVL210:
 2054              	.L111:
1415:Inc/STM32F3xx_HAL_Driver/Src/stm32f3xx_hal_rcc_ex.c ****       }
 2055              		.loc 1 1415 9 is_stmt 1 view .LVU692
1415:Inc/STM32F3xx_HAL_Driver/Src/stm32f3xx_hal_rcc_ex.c ****       }
 2056              		.loc 1 1415 19 is_stmt 0 view .LVU693
 2057 04a8 0F4B     		ldr	r3, .L169+12
 2058              	.LVL211:
1415:Inc/STM32F3xx_HAL_Driver/Src/stm32f3xx_hal_rcc_ex.c ****       }
 2059              		.loc 1 1415 19 view .LVU694
 2060 04aa 1868     		ldr	r0, [r3]
 2061              	.LVL212:
1415:Inc/STM32F3xx_HAL_Driver/Src/stm32f3xx_hal_rcc_ex.c ****       }
 2062              		.loc 1 1415 19 view .LVU695
 2063 04ac 15E0     		b	.L53
 2064              	.LVL213:
 2065              	.L112:
1434:Inc/STM32F3xx_HAL_Driver/Src/stm32f3xx_hal_rcc_ex.c ****       }
 2066              		.loc 1 1434 9 is_stmt 1 view .LVU696
1434:Inc/STM32F3xx_HAL_Driver/Src/stm32f3xx_hal_rcc_ex.c ****       }
 2067              		.loc 1 1434 19 is_stmt 0 view .LVU697
 2068 04ae 0E4B     		ldr	r3, .L169+12
 2069              	.LVL214:
1434:Inc/STM32F3xx_HAL_Driver/Src/stm32f3xx_hal_rcc_ex.c ****       }
 2070              		.loc 1 1434 19 view .LVU698
 2071 04b0 1868     		ldr	r0, [r3]
 2072              	.LVL215:
1434:Inc/STM32F3xx_HAL_Driver/Src/stm32f3xx_hal_rcc_ex.c ****       }
 2073              		.loc 1 1434 19 view .LVU699
 2074 04b2 12E0     		b	.L53
 2075              	.LVL216:
 2076              	.L70:
1443:Inc/STM32F3xx_HAL_Driver/Src/stm32f3xx_hal_rcc_ex.c **** 
 2077              		.loc 1 1443 7 is_stmt 1 view .LVU700
1443:Inc/STM32F3xx_HAL_Driver/Src/stm32f3xx_hal_rcc_ex.c **** 
ARM GAS  /tmp/ccTvL2QU.s 			page 94


 2078              		.loc 1 1443 16 is_stmt 0 view .LVU701
 2079 04b4 094B     		ldr	r3, .L169
 2080 04b6 1B6B     		ldr	r3, [r3, #48]
 2081              	.LVL217:
1446:Inc/STM32F3xx_HAL_Driver/Src/stm32f3xx_hal_rcc_ex.c ****       {
 2082              		.loc 1 1446 7 is_stmt 1 view .LVU702
1446:Inc/STM32F3xx_HAL_Driver/Src/stm32f3xx_hal_rcc_ex.c ****       {
 2083              		.loc 1 1446 10 is_stmt 0 view .LVU703
 2084 04b8 13F0007F 		tst	r3, #33554432
 2085 04bc 07D0     		beq	.L113
1446:Inc/STM32F3xx_HAL_Driver/Src/stm32f3xx_hal_rcc_ex.c ****       {
 2086              		.loc 1 1446 47 discriminator 1 view .LVU704
 2087 04be 074B     		ldr	r3, .L169
 2088              	.LVL218:
1446:Inc/STM32F3xx_HAL_Driver/Src/stm32f3xx_hal_rcc_ex.c ****       {
 2089              		.loc 1 1446 47 discriminator 1 view .LVU705
 2090 04c0 1868     		ldr	r0, [r3]
 2091              	.LVL219:
1446:Inc/STM32F3xx_HAL_Driver/Src/stm32f3xx_hal_rcc_ex.c ****       {
 2092              		.loc 1 1446 43 discriminator 1 view .LVU706
 2093 04c2 10F00070 		ands	r0, r0, #33554432
 2094 04c6 08D0     		beq	.L53
1448:Inc/STM32F3xx_HAL_Driver/Src/stm32f3xx_hal_rcc_ex.c ****       }
 2095              		.loc 1 1448 9 is_stmt 1 view .LVU707
1448:Inc/STM32F3xx_HAL_Driver/Src/stm32f3xx_hal_rcc_ex.c ****       }
 2096              		.loc 1 1448 21 is_stmt 0 view .LVU708
 2097 04c8 FFF7FEFF 		bl	RCC_GetPLLCLKFreq
 2098              	.LVL220:
1448:Inc/STM32F3xx_HAL_Driver/Src/stm32f3xx_hal_rcc_ex.c ****       }
 2099              		.loc 1 1448 19 view .LVU709
 2100 04cc 05E0     		b	.L53
 2101              	.LVL221:
 2102              	.L113:
1453:Inc/STM32F3xx_HAL_Driver/Src/stm32f3xx_hal_rcc_ex.c ****       }
 2103              		.loc 1 1453 9 is_stmt 1 view .LVU710
1453:Inc/STM32F3xx_HAL_Driver/Src/stm32f3xx_hal_rcc_ex.c ****       }
 2104              		.loc 1 1453 19 is_stmt 0 view .LVU711
 2105 04ce 064B     		ldr	r3, .L169+12
 2106              	.LVL222:
1453:Inc/STM32F3xx_HAL_Driver/Src/stm32f3xx_hal_rcc_ex.c ****       }
 2107              		.loc 1 1453 19 view .LVU712
 2108 04d0 1868     		ldr	r0, [r3]
 2109              	.LVL223:
1453:Inc/STM32F3xx_HAL_Driver/Src/stm32f3xx_hal_rcc_ex.c ****       }
 2110              		.loc 1 1453 19 view .LVU713
 2111 04d2 02E0     		b	.L53
 2112              	.LVL224:
 2113              	.L114:
 960:Inc/STM32F3xx_HAL_Driver/Src/stm32f3xx_hal_rcc_ex.c ****   {
 2114              		.loc 1 960 3 view .LVU714
 2115 04d4 0020     		movs	r0, #0
 2116              	.LVL225:
 960:Inc/STM32F3xx_HAL_Driver/Src/stm32f3xx_hal_rcc_ex.c ****   {
 2117              		.loc 1 960 3 view .LVU715
 2118 04d6 00E0     		b	.L53
 2119              	.L115:
 2120 04d8 0020     		movs	r0, #0
ARM GAS  /tmp/ccTvL2QU.s 			page 95


 2121              	.LVL226:
 2122              	.L53:
1512:Inc/STM32F3xx_HAL_Driver/Src/stm32f3xx_hal_rcc_ex.c **** 
 2123              		.loc 1 1512 1 view .LVU716
 2124 04da 10BD     		pop	{r4, pc}
 2125              	.L170:
 2126              		.align	2
 2127              	.L169:
 2128 04dc 00100240 		.word	1073876992
 2129 04e0 00127A00 		.word	8000000
 2130 04e4 00000000 		.word	adc_pll_prediv_table.0
 2131 04e8 00000000 		.word	SystemCoreClock
 2132              		.cfi_endproc
 2133              	.LFE132:
 2135              		.section	.rodata.adc_pll_prediv_table.0,"a"
 2136              		.align	2
 2139              	adc_pll_prediv_table.0:
 2140 0000 0100     		.short	1
 2141 0002 0200     		.short	2
 2142 0004 0400     		.short	4
 2143 0006 0600     		.short	6
 2144 0008 0800     		.short	8
 2145 000a 0A00     		.short	10
 2146 000c 0C00     		.short	12
 2147 000e 1000     		.short	16
 2148 0010 2000     		.short	32
 2149 0012 4000     		.short	64
 2150 0014 8000     		.short	128
 2151 0016 0001     		.short	256
 2152 0018 0001     		.short	256
 2153 001a 0001     		.short	256
 2154 001c 0001     		.short	256
 2155 001e 0001     		.short	256
 2156              		.text
 2157              	.Letext0:
 2158              		.file 3 "/usr/arm-none-eabi/include/machine/_default_types.h"
 2159              		.file 4 "/usr/arm-none-eabi/include/sys/_stdint.h"
 2160              		.file 5 "Inc/CMSIS/Device/ST/STM32F3xx/Include/stm32f303xe.h"
 2161              		.file 6 "Inc/CMSIS/Device/ST/STM32F3xx/Include/stm32f3xx.h"
 2162              		.file 7 "Inc/STM32F3xx_HAL_Driver/Inc/stm32f3xx_hal_def.h"
 2163              		.file 8 "Inc/STM32F3xx_HAL_Driver/Inc/stm32f3xx_hal_rcc_ex.h"
 2164              		.file 9 "Inc/STM32F3xx_HAL_Driver/Inc/stm32f3xx_hal_rcc.h"
 2165              		.file 10 "Inc/STM32F3xx_HAL_Driver/Inc/stm32f3xx_hal.h"
 2166              		.file 11 "Inc/CMSIS/Device/ST/STM32F3xx/Include/system_stm32f3xx.h"
ARM GAS  /tmp/ccTvL2QU.s 			page 96


DEFINED SYMBOLS
                            *ABS*:00000000 stm32f3xx_hal_rcc_ex.c
     /tmp/ccTvL2QU.s:21     .text.RCC_GetPLLCLKFreq:00000000 $t
     /tmp/ccTvL2QU.s:26     .text.RCC_GetPLLCLKFreq:00000000 RCC_GetPLLCLKFreq
     /tmp/ccTvL2QU.s:95     .text.RCC_GetPLLCLKFreq:00000038 $d
     /tmp/ccTvL2QU.s:101    .text.HAL_RCCEx_PeriphCLKConfig:00000000 $t
     /tmp/ccTvL2QU.s:107    .text.HAL_RCCEx_PeriphCLKConfig:00000000 HAL_RCCEx_PeriphCLKConfig
     /tmp/ccTvL2QU.s:635    .text.HAL_RCCEx_PeriphCLKConfig:00000294 $d
     /tmp/ccTvL2QU.s:646    .text.HAL_RCCEx_PeriphCLKConfig:000002a0 $t
     /tmp/ccTvL2QU.s:764    .text.HAL_RCCEx_PeriphCLKConfig:000002f8 $d
     /tmp/ccTvL2QU.s:769    .text.HAL_RCCEx_GetPeriphCLKConfig:00000000 $t
     /tmp/ccTvL2QU.s:775    .text.HAL_RCCEx_GetPeriphCLKConfig:00000000 HAL_RCCEx_GetPeriphCLKConfig
     /tmp/ccTvL2QU.s:979    .text.HAL_RCCEx_GetPeriphCLKConfig:000000ec $d
     /tmp/ccTvL2QU.s:1000   .text.HAL_RCCEx_GetPeriphCLKFreq:00000000 $t
     /tmp/ccTvL2QU.s:1006   .text.HAL_RCCEx_GetPeriphCLKFreq:00000000 HAL_RCCEx_GetPeriphCLKFreq
     /tmp/ccTvL2QU.s:1038   .text.HAL_RCCEx_GetPeriphCLKFreq:00000022 $d
     /tmp/ccTvL2QU.s:1071   .text.HAL_RCCEx_GetPeriphCLKFreq:00000062 $t
     /tmp/ccTvL2QU.s:1613   .text.HAL_RCCEx_GetPeriphCLKFreq:000002e4 $d
     /tmp/ccTvL2QU.s:1622   .text.HAL_RCCEx_GetPeriphCLKFreq:000002f8 $t
     /tmp/ccTvL2QU.s:2128   .text.HAL_RCCEx_GetPeriphCLKFreq:000004dc $d
     /tmp/ccTvL2QU.s:2139   .rodata.adc_pll_prediv_table.0:00000000 adc_pll_prediv_table.0
     /tmp/ccTvL2QU.s:2136   .rodata.adc_pll_prediv_table.0:00000000 $d

UNDEFINED SYMBOLS
HAL_GetTick
HAL_RCC_GetPCLK2Freq
HAL_RCC_GetSysClockFreq
HAL_RCC_GetPCLK1Freq
SystemCoreClock
