ARM GAS  /tmp/ccKZUhoy.s 			page 1


   1              		.cpu cortex-m4
   2              		.arch armv7e-m
   3              		.fpu fpv4-sp-d16
   4              		.eabi_attribute 27, 1
   5              		.eabi_attribute 28, 1
   6              		.eabi_attribute 20, 1
   7              		.eabi_attribute 21, 1
   8              		.eabi_attribute 23, 3
   9              		.eabi_attribute 24, 1
  10              		.eabi_attribute 25, 1
  11              		.eabi_attribute 26, 1
  12              		.eabi_attribute 30, 1
  13              		.eabi_attribute 34, 1
  14              		.eabi_attribute 18, 4
  15              		.file	"stm32f3xx_hal_gpio.c"
  16              		.text
  17              	.Ltext0:
  18              		.cfi_sections	.debug_frame
  19              		.file 1 "Inc/STM32F3xx_HAL_Driver/Src/stm32f3xx_hal_gpio.c"
  20              		.section	.text.HAL_GPIO_Init,"ax",%progbits
  21              		.align	1
  22              		.global	HAL_GPIO_Init
  23              		.syntax unified
  24              		.thumb
  25              		.thumb_func
  27              	HAL_GPIO_Init:
  28              	.LVL0:
  29              	.LFB130:
   1:Inc/STM32F3xx_HAL_Driver/Src/stm32f3xx_hal_gpio.c **** /**
   2:Inc/STM32F3xx_HAL_Driver/Src/stm32f3xx_hal_gpio.c ****   ******************************************************************************
   3:Inc/STM32F3xx_HAL_Driver/Src/stm32f3xx_hal_gpio.c ****   * @file    stm32f3xx_hal_gpio.c
   4:Inc/STM32F3xx_HAL_Driver/Src/stm32f3xx_hal_gpio.c ****   * @author  MCD Application Team
   5:Inc/STM32F3xx_HAL_Driver/Src/stm32f3xx_hal_gpio.c ****   * @brief   GPIO HAL module driver.
   6:Inc/STM32F3xx_HAL_Driver/Src/stm32f3xx_hal_gpio.c ****   *          This file provides firmware functions to manage the following
   7:Inc/STM32F3xx_HAL_Driver/Src/stm32f3xx_hal_gpio.c ****   *          functionalities of the General Purpose Input/Output (GPIO) peripheral:
   8:Inc/STM32F3xx_HAL_Driver/Src/stm32f3xx_hal_gpio.c ****   *           + Initialization and de-initialization functions
   9:Inc/STM32F3xx_HAL_Driver/Src/stm32f3xx_hal_gpio.c ****   *           + IO operation functions
  10:Inc/STM32F3xx_HAL_Driver/Src/stm32f3xx_hal_gpio.c ****   *
  11:Inc/STM32F3xx_HAL_Driver/Src/stm32f3xx_hal_gpio.c ****   ******************************************************************************
  12:Inc/STM32F3xx_HAL_Driver/Src/stm32f3xx_hal_gpio.c ****   * @attention
  13:Inc/STM32F3xx_HAL_Driver/Src/stm32f3xx_hal_gpio.c ****   *
  14:Inc/STM32F3xx_HAL_Driver/Src/stm32f3xx_hal_gpio.c ****   * Copyright (c) 2016 STMicroelectronics.
  15:Inc/STM32F3xx_HAL_Driver/Src/stm32f3xx_hal_gpio.c ****   * All rights reserved.
  16:Inc/STM32F3xx_HAL_Driver/Src/stm32f3xx_hal_gpio.c ****   *
  17:Inc/STM32F3xx_HAL_Driver/Src/stm32f3xx_hal_gpio.c ****   * This software is licensed under terms that can be found in the LICENSE file
  18:Inc/STM32F3xx_HAL_Driver/Src/stm32f3xx_hal_gpio.c ****   * in the root directory of this software component.
  19:Inc/STM32F3xx_HAL_Driver/Src/stm32f3xx_hal_gpio.c ****   * If no LICENSE file comes with this software, it is provided AS-IS.
  20:Inc/STM32F3xx_HAL_Driver/Src/stm32f3xx_hal_gpio.c ****   *
  21:Inc/STM32F3xx_HAL_Driver/Src/stm32f3xx_hal_gpio.c ****   ******************************************************************************
  22:Inc/STM32F3xx_HAL_Driver/Src/stm32f3xx_hal_gpio.c ****   @verbatim
  23:Inc/STM32F3xx_HAL_Driver/Src/stm32f3xx_hal_gpio.c ****   ==============================================================================
  24:Inc/STM32F3xx_HAL_Driver/Src/stm32f3xx_hal_gpio.c ****                     ##### GPIO Peripheral features #####
  25:Inc/STM32F3xx_HAL_Driver/Src/stm32f3xx_hal_gpio.c ****   ==============================================================================
  26:Inc/STM32F3xx_HAL_Driver/Src/stm32f3xx_hal_gpio.c ****   [..]
  27:Inc/STM32F3xx_HAL_Driver/Src/stm32f3xx_hal_gpio.c ****     (+) Each port bit of the general-purpose I/O (GPIO) ports can be individually
  28:Inc/STM32F3xx_HAL_Driver/Src/stm32f3xx_hal_gpio.c ****         configured by software in several modes:
  29:Inc/STM32F3xx_HAL_Driver/Src/stm32f3xx_hal_gpio.c ****         (++) Input mode
ARM GAS  /tmp/ccKZUhoy.s 			page 2


  30:Inc/STM32F3xx_HAL_Driver/Src/stm32f3xx_hal_gpio.c ****         (++) Analog mode
  31:Inc/STM32F3xx_HAL_Driver/Src/stm32f3xx_hal_gpio.c ****         (++) Output mode
  32:Inc/STM32F3xx_HAL_Driver/Src/stm32f3xx_hal_gpio.c ****         (++) Alternate function mode
  33:Inc/STM32F3xx_HAL_Driver/Src/stm32f3xx_hal_gpio.c ****         (++) External interrupt/event lines
  34:Inc/STM32F3xx_HAL_Driver/Src/stm32f3xx_hal_gpio.c **** 
  35:Inc/STM32F3xx_HAL_Driver/Src/stm32f3xx_hal_gpio.c ****     (+) During and just after reset, the alternate functions and external interrupt
  36:Inc/STM32F3xx_HAL_Driver/Src/stm32f3xx_hal_gpio.c ****         lines are not active and the I/O ports are configured in input floating mode.
  37:Inc/STM32F3xx_HAL_Driver/Src/stm32f3xx_hal_gpio.c **** 
  38:Inc/STM32F3xx_HAL_Driver/Src/stm32f3xx_hal_gpio.c ****     (+) All GPIO pins have weak internal pull-up and pull-down resistors, which can be
  39:Inc/STM32F3xx_HAL_Driver/Src/stm32f3xx_hal_gpio.c ****         activated or not.
  40:Inc/STM32F3xx_HAL_Driver/Src/stm32f3xx_hal_gpio.c **** 
  41:Inc/STM32F3xx_HAL_Driver/Src/stm32f3xx_hal_gpio.c ****     (+) In Output or Alternate mode, each IO can be configured on open-drain or push-pull
  42:Inc/STM32F3xx_HAL_Driver/Src/stm32f3xx_hal_gpio.c ****         type and the IO speed can be selected depending on the VDD value.
  43:Inc/STM32F3xx_HAL_Driver/Src/stm32f3xx_hal_gpio.c **** 
  44:Inc/STM32F3xx_HAL_Driver/Src/stm32f3xx_hal_gpio.c ****     (+) The microcontroller IO pins are connected to onboard peripherals/modules through a
  45:Inc/STM32F3xx_HAL_Driver/Src/stm32f3xx_hal_gpio.c ****         multiplexer that allows only one peripheral alternate function (AF) connected
  46:Inc/STM32F3xx_HAL_Driver/Src/stm32f3xx_hal_gpio.c ****        to an IO pin at a time. In this way, there can be no conflict between peripherals
  47:Inc/STM32F3xx_HAL_Driver/Src/stm32f3xx_hal_gpio.c ****        sharing the same IO pin.
  48:Inc/STM32F3xx_HAL_Driver/Src/stm32f3xx_hal_gpio.c **** 
  49:Inc/STM32F3xx_HAL_Driver/Src/stm32f3xx_hal_gpio.c ****     (+) All ports have external interrupt/event capability. To use external interrupt
  50:Inc/STM32F3xx_HAL_Driver/Src/stm32f3xx_hal_gpio.c ****         lines, the port must be configured in input mode. All available GPIO pins are
  51:Inc/STM32F3xx_HAL_Driver/Src/stm32f3xx_hal_gpio.c ****         connected to the 16 external interrupt/event lines from EXTI0 to EXTI15.
  52:Inc/STM32F3xx_HAL_Driver/Src/stm32f3xx_hal_gpio.c **** 
  53:Inc/STM32F3xx_HAL_Driver/Src/stm32f3xx_hal_gpio.c ****     (+) The external interrupt/event controller consists of up to 23 edge detectors
  54:Inc/STM32F3xx_HAL_Driver/Src/stm32f3xx_hal_gpio.c ****         (16 lines are connected to GPIO) for generating event/interrupt requests (each
  55:Inc/STM32F3xx_HAL_Driver/Src/stm32f3xx_hal_gpio.c ****         input line can be independently configured to select the type (interrupt or event)
  56:Inc/STM32F3xx_HAL_Driver/Src/stm32f3xx_hal_gpio.c ****         and the corresponding trigger event (rising or falling or both). Each line can
  57:Inc/STM32F3xx_HAL_Driver/Src/stm32f3xx_hal_gpio.c ****         also be masked independently.
  58:Inc/STM32F3xx_HAL_Driver/Src/stm32f3xx_hal_gpio.c **** 
  59:Inc/STM32F3xx_HAL_Driver/Src/stm32f3xx_hal_gpio.c ****                      ##### How to use this driver #####
  60:Inc/STM32F3xx_HAL_Driver/Src/stm32f3xx_hal_gpio.c ****   ==============================================================================
  61:Inc/STM32F3xx_HAL_Driver/Src/stm32f3xx_hal_gpio.c ****   [..]
  62:Inc/STM32F3xx_HAL_Driver/Src/stm32f3xx_hal_gpio.c ****     (#) Enable the GPIO AHB clock using the following function: __HAL_RCC_GPIOx_CLK_ENABLE().
  63:Inc/STM32F3xx_HAL_Driver/Src/stm32f3xx_hal_gpio.c **** 
  64:Inc/STM32F3xx_HAL_Driver/Src/stm32f3xx_hal_gpio.c ****     (#) Configure the GPIO pin(s) using HAL_GPIO_Init().
  65:Inc/STM32F3xx_HAL_Driver/Src/stm32f3xx_hal_gpio.c ****         (++) Configure the IO mode using "Mode" member from GPIO_InitTypeDef structure
  66:Inc/STM32F3xx_HAL_Driver/Src/stm32f3xx_hal_gpio.c ****         (++) Activate Pull-up, Pull-down resistor using "Pull" member from GPIO_InitTypeDef
  67:Inc/STM32F3xx_HAL_Driver/Src/stm32f3xx_hal_gpio.c ****              structure.
  68:Inc/STM32F3xx_HAL_Driver/Src/stm32f3xx_hal_gpio.c ****         (++) In case of Output or alternate function mode selection: the speed is
  69:Inc/STM32F3xx_HAL_Driver/Src/stm32f3xx_hal_gpio.c ****              configured through "Speed" member from GPIO_InitTypeDef structure.
  70:Inc/STM32F3xx_HAL_Driver/Src/stm32f3xx_hal_gpio.c ****         (++) In alternate mode is selection, the alternate function connected to the IO
  71:Inc/STM32F3xx_HAL_Driver/Src/stm32f3xx_hal_gpio.c ****              is configured through "Alternate" member from GPIO_InitTypeDef structure.
  72:Inc/STM32F3xx_HAL_Driver/Src/stm32f3xx_hal_gpio.c ****         (++) Analog mode is required when a pin is to be used as ADC channel
  73:Inc/STM32F3xx_HAL_Driver/Src/stm32f3xx_hal_gpio.c ****              or DAC output.
  74:Inc/STM32F3xx_HAL_Driver/Src/stm32f3xx_hal_gpio.c ****         (++) In case of external interrupt/event selection the "Mode" member from
  75:Inc/STM32F3xx_HAL_Driver/Src/stm32f3xx_hal_gpio.c ****              GPIO_InitTypeDef structure select the type (interrupt or event) and
  76:Inc/STM32F3xx_HAL_Driver/Src/stm32f3xx_hal_gpio.c ****              the corresponding trigger event (rising or falling or both).
  77:Inc/STM32F3xx_HAL_Driver/Src/stm32f3xx_hal_gpio.c **** 
  78:Inc/STM32F3xx_HAL_Driver/Src/stm32f3xx_hal_gpio.c ****     (#) In case of external interrupt/event mode selection, configure NVIC IRQ priority
  79:Inc/STM32F3xx_HAL_Driver/Src/stm32f3xx_hal_gpio.c ****         mapped to the EXTI line using HAL_NVIC_SetPriority() and enable it using
  80:Inc/STM32F3xx_HAL_Driver/Src/stm32f3xx_hal_gpio.c ****         HAL_NVIC_EnableIRQ().
  81:Inc/STM32F3xx_HAL_Driver/Src/stm32f3xx_hal_gpio.c **** 
  82:Inc/STM32F3xx_HAL_Driver/Src/stm32f3xx_hal_gpio.c ****     (#) To get the level of a pin configured in input mode use HAL_GPIO_ReadPin().
  83:Inc/STM32F3xx_HAL_Driver/Src/stm32f3xx_hal_gpio.c **** 
  84:Inc/STM32F3xx_HAL_Driver/Src/stm32f3xx_hal_gpio.c ****     (#) To set/reset the level of a pin configured in output mode use
  85:Inc/STM32F3xx_HAL_Driver/Src/stm32f3xx_hal_gpio.c ****         HAL_GPIO_WritePin()/HAL_GPIO_TogglePin().
  86:Inc/STM32F3xx_HAL_Driver/Src/stm32f3xx_hal_gpio.c **** 
ARM GAS  /tmp/ccKZUhoy.s 			page 3


  87:Inc/STM32F3xx_HAL_Driver/Src/stm32f3xx_hal_gpio.c ****    (#) To lock pin configuration until next reset use HAL_GPIO_LockPin().
  88:Inc/STM32F3xx_HAL_Driver/Src/stm32f3xx_hal_gpio.c ****   
  89:Inc/STM32F3xx_HAL_Driver/Src/stm32f3xx_hal_gpio.c ****     (#) During and just after reset, the alternate functions are not
  90:Inc/STM32F3xx_HAL_Driver/Src/stm32f3xx_hal_gpio.c ****         active and the GPIO pins are configured in input floating mode (except JTAG
  91:Inc/STM32F3xx_HAL_Driver/Src/stm32f3xx_hal_gpio.c ****         pins).
  92:Inc/STM32F3xx_HAL_Driver/Src/stm32f3xx_hal_gpio.c **** 
  93:Inc/STM32F3xx_HAL_Driver/Src/stm32f3xx_hal_gpio.c ****     (#) The LSE oscillator pins OSC32_IN and OSC32_OUT can be used as general purpose
  94:Inc/STM32F3xx_HAL_Driver/Src/stm32f3xx_hal_gpio.c ****         (PC14 and PC15U, respectively) when the LSE oscillator is off. The LSE has
  95:Inc/STM32F3xx_HAL_Driver/Src/stm32f3xx_hal_gpio.c ****         priority over the GPIO function.
  96:Inc/STM32F3xx_HAL_Driver/Src/stm32f3xx_hal_gpio.c **** 
  97:Inc/STM32F3xx_HAL_Driver/Src/stm32f3xx_hal_gpio.c ****     (#) The HSE oscillator pins OSC_IN/OSC_OUT can be used as
  98:Inc/STM32F3xx_HAL_Driver/Src/stm32f3xx_hal_gpio.c ****         general purpose PF0 and PF1, respectively, when the HSE oscillator is off.
  99:Inc/STM32F3xx_HAL_Driver/Src/stm32f3xx_hal_gpio.c ****         The HSE has priority over the GPIO function.
 100:Inc/STM32F3xx_HAL_Driver/Src/stm32f3xx_hal_gpio.c **** 
 101:Inc/STM32F3xx_HAL_Driver/Src/stm32f3xx_hal_gpio.c ****   @endverbatim
 102:Inc/STM32F3xx_HAL_Driver/Src/stm32f3xx_hal_gpio.c ****   ******************************************************************************
 103:Inc/STM32F3xx_HAL_Driver/Src/stm32f3xx_hal_gpio.c ****   */
 104:Inc/STM32F3xx_HAL_Driver/Src/stm32f3xx_hal_gpio.c **** 
 105:Inc/STM32F3xx_HAL_Driver/Src/stm32f3xx_hal_gpio.c **** /* Includes ------------------------------------------------------------------*/
 106:Inc/STM32F3xx_HAL_Driver/Src/stm32f3xx_hal_gpio.c **** #include "stm32f3xx_hal.h"
 107:Inc/STM32F3xx_HAL_Driver/Src/stm32f3xx_hal_gpio.c **** 
 108:Inc/STM32F3xx_HAL_Driver/Src/stm32f3xx_hal_gpio.c **** /** @addtogroup STM32F3xx_HAL_Driver
 109:Inc/STM32F3xx_HAL_Driver/Src/stm32f3xx_hal_gpio.c ****   * @{
 110:Inc/STM32F3xx_HAL_Driver/Src/stm32f3xx_hal_gpio.c ****   */
 111:Inc/STM32F3xx_HAL_Driver/Src/stm32f3xx_hal_gpio.c **** 
 112:Inc/STM32F3xx_HAL_Driver/Src/stm32f3xx_hal_gpio.c **** /** @defgroup GPIO GPIO
 113:Inc/STM32F3xx_HAL_Driver/Src/stm32f3xx_hal_gpio.c ****   * @brief GPIO HAL module driver
 114:Inc/STM32F3xx_HAL_Driver/Src/stm32f3xx_hal_gpio.c ****   * @{
 115:Inc/STM32F3xx_HAL_Driver/Src/stm32f3xx_hal_gpio.c ****   */
 116:Inc/STM32F3xx_HAL_Driver/Src/stm32f3xx_hal_gpio.c **** 
 117:Inc/STM32F3xx_HAL_Driver/Src/stm32f3xx_hal_gpio.c **** /** MISRA C:2012 deviation rule has been granted for following rules:
 118:Inc/STM32F3xx_HAL_Driver/Src/stm32f3xx_hal_gpio.c ****   * Rule-18.1_d - Medium: Array pointer `GPIOx' is accessed with index [..,..]
 119:Inc/STM32F3xx_HAL_Driver/Src/stm32f3xx_hal_gpio.c ****   * which may be out of array bounds [..,UNKNOWN] in following APIs:
 120:Inc/STM32F3xx_HAL_Driver/Src/stm32f3xx_hal_gpio.c ****   * HAL_GPIO_Init
 121:Inc/STM32F3xx_HAL_Driver/Src/stm32f3xx_hal_gpio.c ****   * HAL_GPIO_DeInit
 122:Inc/STM32F3xx_HAL_Driver/Src/stm32f3xx_hal_gpio.c ****   */
 123:Inc/STM32F3xx_HAL_Driver/Src/stm32f3xx_hal_gpio.c **** 
 124:Inc/STM32F3xx_HAL_Driver/Src/stm32f3xx_hal_gpio.c **** #ifdef HAL_GPIO_MODULE_ENABLED
 125:Inc/STM32F3xx_HAL_Driver/Src/stm32f3xx_hal_gpio.c **** 
 126:Inc/STM32F3xx_HAL_Driver/Src/stm32f3xx_hal_gpio.c **** /* Private typedef -----------------------------------------------------------*/
 127:Inc/STM32F3xx_HAL_Driver/Src/stm32f3xx_hal_gpio.c **** /* Private defines -----------------------------------------------------------*/
 128:Inc/STM32F3xx_HAL_Driver/Src/stm32f3xx_hal_gpio.c **** /** @addtogroup GPIO_Private_Constants
 129:Inc/STM32F3xx_HAL_Driver/Src/stm32f3xx_hal_gpio.c ****   * @{
 130:Inc/STM32F3xx_HAL_Driver/Src/stm32f3xx_hal_gpio.c ****   */
 131:Inc/STM32F3xx_HAL_Driver/Src/stm32f3xx_hal_gpio.c **** #define GPIO_NUMBER           (16U)
 132:Inc/STM32F3xx_HAL_Driver/Src/stm32f3xx_hal_gpio.c **** /**
 133:Inc/STM32F3xx_HAL_Driver/Src/stm32f3xx_hal_gpio.c ****   * @}
 134:Inc/STM32F3xx_HAL_Driver/Src/stm32f3xx_hal_gpio.c ****   */
 135:Inc/STM32F3xx_HAL_Driver/Src/stm32f3xx_hal_gpio.c ****   
 136:Inc/STM32F3xx_HAL_Driver/Src/stm32f3xx_hal_gpio.c **** /* Private macros ------------------------------------------------------------*/
 137:Inc/STM32F3xx_HAL_Driver/Src/stm32f3xx_hal_gpio.c **** /* Private macros ------------------------------------------------------------*/
 138:Inc/STM32F3xx_HAL_Driver/Src/stm32f3xx_hal_gpio.c **** /** @defgroup GPIO_Private_Macros GPIO Private Macros
 139:Inc/STM32F3xx_HAL_Driver/Src/stm32f3xx_hal_gpio.c ****   * @{
 140:Inc/STM32F3xx_HAL_Driver/Src/stm32f3xx_hal_gpio.c ****   */
 141:Inc/STM32F3xx_HAL_Driver/Src/stm32f3xx_hal_gpio.c **** /**
 142:Inc/STM32F3xx_HAL_Driver/Src/stm32f3xx_hal_gpio.c ****   * @}
 143:Inc/STM32F3xx_HAL_Driver/Src/stm32f3xx_hal_gpio.c ****   */
ARM GAS  /tmp/ccKZUhoy.s 			page 4


 144:Inc/STM32F3xx_HAL_Driver/Src/stm32f3xx_hal_gpio.c **** /* Private variables ---------------------------------------------------------*/
 145:Inc/STM32F3xx_HAL_Driver/Src/stm32f3xx_hal_gpio.c **** /* Private function prototypes -----------------------------------------------*/
 146:Inc/STM32F3xx_HAL_Driver/Src/stm32f3xx_hal_gpio.c **** /* Exported functions --------------------------------------------------------*/
 147:Inc/STM32F3xx_HAL_Driver/Src/stm32f3xx_hal_gpio.c **** 
 148:Inc/STM32F3xx_HAL_Driver/Src/stm32f3xx_hal_gpio.c **** /** @defgroup GPIO_Exported_Functions GPIO Exported Functions
 149:Inc/STM32F3xx_HAL_Driver/Src/stm32f3xx_hal_gpio.c ****   * @{
 150:Inc/STM32F3xx_HAL_Driver/Src/stm32f3xx_hal_gpio.c ****   */
 151:Inc/STM32F3xx_HAL_Driver/Src/stm32f3xx_hal_gpio.c **** 
 152:Inc/STM32F3xx_HAL_Driver/Src/stm32f3xx_hal_gpio.c **** /** @defgroup GPIO_Exported_Functions_Group1 Initialization/de-initialization functions 
 153:Inc/STM32F3xx_HAL_Driver/Src/stm32f3xx_hal_gpio.c ****  *  @brief    Initialization and Configuration functions
 154:Inc/STM32F3xx_HAL_Driver/Src/stm32f3xx_hal_gpio.c ****  *
 155:Inc/STM32F3xx_HAL_Driver/Src/stm32f3xx_hal_gpio.c **** @verbatim
 156:Inc/STM32F3xx_HAL_Driver/Src/stm32f3xx_hal_gpio.c ****  ===============================================================================
 157:Inc/STM32F3xx_HAL_Driver/Src/stm32f3xx_hal_gpio.c ****               ##### Initialization and de-initialization functions #####
 158:Inc/STM32F3xx_HAL_Driver/Src/stm32f3xx_hal_gpio.c ****  ===============================================================================
 159:Inc/STM32F3xx_HAL_Driver/Src/stm32f3xx_hal_gpio.c **** 
 160:Inc/STM32F3xx_HAL_Driver/Src/stm32f3xx_hal_gpio.c **** @endverbatim
 161:Inc/STM32F3xx_HAL_Driver/Src/stm32f3xx_hal_gpio.c ****   * @{
 162:Inc/STM32F3xx_HAL_Driver/Src/stm32f3xx_hal_gpio.c ****   */
 163:Inc/STM32F3xx_HAL_Driver/Src/stm32f3xx_hal_gpio.c **** 
 164:Inc/STM32F3xx_HAL_Driver/Src/stm32f3xx_hal_gpio.c **** /**
 165:Inc/STM32F3xx_HAL_Driver/Src/stm32f3xx_hal_gpio.c ****   * @brief  Initialize the GPIOx peripheral according to the specified parameters in the GPIO_Init.
 166:Inc/STM32F3xx_HAL_Driver/Src/stm32f3xx_hal_gpio.c ****   * @param  GPIOx where x can be (A..F) to select the GPIO peripheral for STM32F3 family devices
 167:Inc/STM32F3xx_HAL_Driver/Src/stm32f3xx_hal_gpio.c ****   * @param  GPIO_Init pointer to a GPIO_InitTypeDef structure that contains
 168:Inc/STM32F3xx_HAL_Driver/Src/stm32f3xx_hal_gpio.c ****   *         the configuration information for the specified GPIO peripheral.
 169:Inc/STM32F3xx_HAL_Driver/Src/stm32f3xx_hal_gpio.c ****   * @retval None
 170:Inc/STM32F3xx_HAL_Driver/Src/stm32f3xx_hal_gpio.c ****   */
 171:Inc/STM32F3xx_HAL_Driver/Src/stm32f3xx_hal_gpio.c **** void HAL_GPIO_Init(GPIO_TypeDef  *GPIOx, GPIO_InitTypeDef *GPIO_Init)
 172:Inc/STM32F3xx_HAL_Driver/Src/stm32f3xx_hal_gpio.c **** {
  30              		.loc 1 172 1 view -0
  31              		.cfi_startproc
  32              		@ args = 0, pretend = 0, frame = 8
  33              		@ frame_needed = 0, uses_anonymous_args = 0
  34              		.loc 1 172 1 is_stmt 0 view .LVU1
  35 0000 F0B5     		push	{r4, r5, r6, r7, lr}
  36              		.cfi_def_cfa_offset 20
  37              		.cfi_offset 4, -20
  38              		.cfi_offset 5, -16
  39              		.cfi_offset 6, -12
  40              		.cfi_offset 7, -8
  41              		.cfi_offset 14, -4
  42 0002 83B0     		sub	sp, sp, #12
  43              		.cfi_def_cfa_offset 32
 173:Inc/STM32F3xx_HAL_Driver/Src/stm32f3xx_hal_gpio.c ****   uint32_t position = 0x00u;
  44              		.loc 1 173 3 is_stmt 1 view .LVU2
  45              	.LVL1:
 174:Inc/STM32F3xx_HAL_Driver/Src/stm32f3xx_hal_gpio.c ****   uint32_t iocurrent;
  46              		.loc 1 174 3 view .LVU3
 175:Inc/STM32F3xx_HAL_Driver/Src/stm32f3xx_hal_gpio.c ****   uint32_t temp;
  47              		.loc 1 175 3 view .LVU4
 176:Inc/STM32F3xx_HAL_Driver/Src/stm32f3xx_hal_gpio.c **** 
 177:Inc/STM32F3xx_HAL_Driver/Src/stm32f3xx_hal_gpio.c ****   /* Check the parameters */
 178:Inc/STM32F3xx_HAL_Driver/Src/stm32f3xx_hal_gpio.c ****   assert_param(IS_GPIO_ALL_INSTANCE(GPIOx));
  48              		.loc 1 178 3 view .LVU5
 179:Inc/STM32F3xx_HAL_Driver/Src/stm32f3xx_hal_gpio.c ****   assert_param(IS_GPIO_PIN(GPIO_Init->Pin));
  49              		.loc 1 179 3 view .LVU6
 180:Inc/STM32F3xx_HAL_Driver/Src/stm32f3xx_hal_gpio.c ****   assert_param(IS_GPIO_MODE(GPIO_Init->Mode));
ARM GAS  /tmp/ccKZUhoy.s 			page 5


  50              		.loc 1 180 3 view .LVU7
 181:Inc/STM32F3xx_HAL_Driver/Src/stm32f3xx_hal_gpio.c **** 
 182:Inc/STM32F3xx_HAL_Driver/Src/stm32f3xx_hal_gpio.c ****   /* Configure the port pins */
 183:Inc/STM32F3xx_HAL_Driver/Src/stm32f3xx_hal_gpio.c ****   while (((GPIO_Init->Pin) >> position) != 0x00u)
  51              		.loc 1 183 3 view .LVU8
 173:Inc/STM32F3xx_HAL_Driver/Src/stm32f3xx_hal_gpio.c ****   uint32_t iocurrent;
  52              		.loc 1 173 12 is_stmt 0 view .LVU9
  53 0004 0023     		movs	r3, #0
  54              		.loc 1 183 9 view .LVU10
  55 0006 62E0     		b	.L2
  56              	.LVL2:
  57              	.L22:
 184:Inc/STM32F3xx_HAL_Driver/Src/stm32f3xx_hal_gpio.c ****   {
 185:Inc/STM32F3xx_HAL_Driver/Src/stm32f3xx_hal_gpio.c ****     /* Get current io position */
 186:Inc/STM32F3xx_HAL_Driver/Src/stm32f3xx_hal_gpio.c ****     iocurrent = (GPIO_Init->Pin) & (1uL << position);
 187:Inc/STM32F3xx_HAL_Driver/Src/stm32f3xx_hal_gpio.c **** 
 188:Inc/STM32F3xx_HAL_Driver/Src/stm32f3xx_hal_gpio.c ****     if (iocurrent != 0x00u)
 189:Inc/STM32F3xx_HAL_Driver/Src/stm32f3xx_hal_gpio.c ****     {
 190:Inc/STM32F3xx_HAL_Driver/Src/stm32f3xx_hal_gpio.c ****       /*--------------------- GPIO Mode Configuration ------------------------*/
 191:Inc/STM32F3xx_HAL_Driver/Src/stm32f3xx_hal_gpio.c ****       /* In case of Output or Alternate function mode selection */
 192:Inc/STM32F3xx_HAL_Driver/Src/stm32f3xx_hal_gpio.c ****       if(((GPIO_Init->Mode & GPIO_MODE) == MODE_OUTPUT) || ((GPIO_Init->Mode & GPIO_MODE) == MODE_A
 193:Inc/STM32F3xx_HAL_Driver/Src/stm32f3xx_hal_gpio.c ****       {
 194:Inc/STM32F3xx_HAL_Driver/Src/stm32f3xx_hal_gpio.c ****         /* Check the Speed parameter */
 195:Inc/STM32F3xx_HAL_Driver/Src/stm32f3xx_hal_gpio.c ****         assert_param(IS_GPIO_SPEED(GPIO_Init->Speed));
  58              		.loc 1 195 9 is_stmt 1 view .LVU11
 196:Inc/STM32F3xx_HAL_Driver/Src/stm32f3xx_hal_gpio.c ****         /* Configure the IO Speed */
 197:Inc/STM32F3xx_HAL_Driver/Src/stm32f3xx_hal_gpio.c ****         temp = GPIOx->OSPEEDR;
  59              		.loc 1 197 9 view .LVU12
  60              		.loc 1 197 14 is_stmt 0 view .LVU13
  61 0008 8568     		ldr	r5, [r0, #8]
  62              	.LVL3:
 198:Inc/STM32F3xx_HAL_Driver/Src/stm32f3xx_hal_gpio.c ****         temp &= ~(GPIO_OSPEEDER_OSPEEDR0 << (position * 2u));
  63              		.loc 1 198 9 is_stmt 1 view .LVU14
  64              		.loc 1 198 55 is_stmt 0 view .LVU15
  65 000a 5E00     		lsls	r6, r3, #1
  66              		.loc 1 198 42 view .LVU16
  67 000c 0324     		movs	r4, #3
  68 000e B440     		lsls	r4, r4, r6
  69              		.loc 1 198 14 view .LVU17
  70 0010 25EA0405 		bic	r5, r5, r4
  71              	.LVL4:
 199:Inc/STM32F3xx_HAL_Driver/Src/stm32f3xx_hal_gpio.c ****         temp |= (GPIO_Init->Speed << (position * 2u));
  72              		.loc 1 199 9 is_stmt 1 view .LVU18
  73              		.loc 1 199 27 is_stmt 0 view .LVU19
  74 0014 CC68     		ldr	r4, [r1, #12]
  75              		.loc 1 199 35 view .LVU20
  76 0016 B440     		lsls	r4, r4, r6
  77              		.loc 1 199 14 view .LVU21
  78 0018 2C43     		orrs	r4, r4, r5
  79              	.LVL5:
 200:Inc/STM32F3xx_HAL_Driver/Src/stm32f3xx_hal_gpio.c ****         GPIOx->OSPEEDR = temp;
  80              		.loc 1 200 9 is_stmt 1 view .LVU22
  81              		.loc 1 200 24 is_stmt 0 view .LVU23
  82 001a 8460     		str	r4, [r0, #8]
 201:Inc/STM32F3xx_HAL_Driver/Src/stm32f3xx_hal_gpio.c **** 
 202:Inc/STM32F3xx_HAL_Driver/Src/stm32f3xx_hal_gpio.c ****         /* Configure the IO Output Type */
 203:Inc/STM32F3xx_HAL_Driver/Src/stm32f3xx_hal_gpio.c ****         temp = GPIOx->OTYPER;
ARM GAS  /tmp/ccKZUhoy.s 			page 6


  83              		.loc 1 203 9 is_stmt 1 view .LVU24
  84              		.loc 1 203 14 is_stmt 0 view .LVU25
  85 001c 4568     		ldr	r5, [r0, #4]
  86              	.LVL6:
 204:Inc/STM32F3xx_HAL_Driver/Src/stm32f3xx_hal_gpio.c ****         temp &= ~(GPIO_OTYPER_OT_0 << position) ;
  87              		.loc 1 204 9 is_stmt 1 view .LVU26
  88              		.loc 1 204 14 is_stmt 0 view .LVU27
  89 001e 25EA0C05 		bic	r5, r5, ip
  90              	.LVL7:
 205:Inc/STM32F3xx_HAL_Driver/Src/stm32f3xx_hal_gpio.c ****         temp |= (((GPIO_Init->Mode & OUTPUT_TYPE) >> OUTPUT_TYPE_Pos) << position);
  91              		.loc 1 205 9 is_stmt 1 view .LVU28
  92              		.loc 1 205 29 is_stmt 0 view .LVU29
  93 0022 4C68     		ldr	r4, [r1, #4]
  94              		.loc 1 205 51 view .LVU30
  95 0024 C4F30014 		ubfx	r4, r4, #4, #1
  96              		.loc 1 205 71 view .LVU31
  97 0028 9C40     		lsls	r4, r4, r3
  98              		.loc 1 205 14 view .LVU32
  99 002a 2C43     		orrs	r4, r4, r5
 100              	.LVL8:
 206:Inc/STM32F3xx_HAL_Driver/Src/stm32f3xx_hal_gpio.c ****         GPIOx->OTYPER = temp;
 101              		.loc 1 206 9 is_stmt 1 view .LVU33
 102              		.loc 1 206 23 is_stmt 0 view .LVU34
 103 002c 4460     		str	r4, [r0, #4]
 104 002e 5FE0     		b	.L4
 105              	.LVL9:
 106              	.L23:
 207:Inc/STM32F3xx_HAL_Driver/Src/stm32f3xx_hal_gpio.c ****       }
 208:Inc/STM32F3xx_HAL_Driver/Src/stm32f3xx_hal_gpio.c **** 
 209:Inc/STM32F3xx_HAL_Driver/Src/stm32f3xx_hal_gpio.c ****       if((GPIO_Init->Mode & GPIO_MODE) != MODE_ANALOG)
 210:Inc/STM32F3xx_HAL_Driver/Src/stm32f3xx_hal_gpio.c ****       {
 211:Inc/STM32F3xx_HAL_Driver/Src/stm32f3xx_hal_gpio.c ****         /* Check the Pull parameter */
 212:Inc/STM32F3xx_HAL_Driver/Src/stm32f3xx_hal_gpio.c ****         assert_param(IS_GPIO_PULL(GPIO_Init->Pull));
 213:Inc/STM32F3xx_HAL_Driver/Src/stm32f3xx_hal_gpio.c **** 
 214:Inc/STM32F3xx_HAL_Driver/Src/stm32f3xx_hal_gpio.c ****         /* Activate the Pull-up or Pull down resistor for the current IO */
 215:Inc/STM32F3xx_HAL_Driver/Src/stm32f3xx_hal_gpio.c ****         temp = GPIOx->PUPDR;
 216:Inc/STM32F3xx_HAL_Driver/Src/stm32f3xx_hal_gpio.c ****         temp &= ~(GPIO_PUPDR_PUPDR0 << (position * 2u));
 217:Inc/STM32F3xx_HAL_Driver/Src/stm32f3xx_hal_gpio.c ****         temp |= ((GPIO_Init->Pull) << (position * 2u));
 218:Inc/STM32F3xx_HAL_Driver/Src/stm32f3xx_hal_gpio.c ****         GPIOx->PUPDR = temp;
 219:Inc/STM32F3xx_HAL_Driver/Src/stm32f3xx_hal_gpio.c ****       }
 220:Inc/STM32F3xx_HAL_Driver/Src/stm32f3xx_hal_gpio.c **** 
 221:Inc/STM32F3xx_HAL_Driver/Src/stm32f3xx_hal_gpio.c ****       /*--------------------- GPIO Mode Configuration ------------------------*/
 222:Inc/STM32F3xx_HAL_Driver/Src/stm32f3xx_hal_gpio.c ****       /* In case of Alternate function mode selection */
 223:Inc/STM32F3xx_HAL_Driver/Src/stm32f3xx_hal_gpio.c ****       if((GPIO_Init->Mode & GPIO_MODE) == MODE_AF)
 224:Inc/STM32F3xx_HAL_Driver/Src/stm32f3xx_hal_gpio.c ****       {
 225:Inc/STM32F3xx_HAL_Driver/Src/stm32f3xx_hal_gpio.c ****         /* Check the Alternate function parameters */
 226:Inc/STM32F3xx_HAL_Driver/Src/stm32f3xx_hal_gpio.c ****         assert_param(IS_GPIO_AF_INSTANCE(GPIOx));
 107              		.loc 1 226 9 is_stmt 1 view .LVU35
 227:Inc/STM32F3xx_HAL_Driver/Src/stm32f3xx_hal_gpio.c ****         assert_param(IS_GPIO_AF(GPIO_Init->Alternate));
 108              		.loc 1 227 9 view .LVU36
 228:Inc/STM32F3xx_HAL_Driver/Src/stm32f3xx_hal_gpio.c **** 
 229:Inc/STM32F3xx_HAL_Driver/Src/stm32f3xx_hal_gpio.c ****         /* Configure Alternate function mapped with the current IO */
 230:Inc/STM32F3xx_HAL_Driver/Src/stm32f3xx_hal_gpio.c ****         temp = GPIOx->AFR[position >> 3u];
 109              		.loc 1 230 9 view .LVU37
 110              		.loc 1 230 36 is_stmt 0 view .LVU38
 111 0030 DD08     		lsrs	r5, r3, #3
 112              		.loc 1 230 14 view .LVU39
ARM GAS  /tmp/ccKZUhoy.s 			page 7


 113 0032 0835     		adds	r5, r5, #8
 114 0034 50F82540 		ldr	r4, [r0, r5, lsl #2]
 115              	.LVL10:
 231:Inc/STM32F3xx_HAL_Driver/Src/stm32f3xx_hal_gpio.c ****         temp &= ~(0xFu << ((position & 0x07u) * 4u));
 116              		.loc 1 231 9 is_stmt 1 view .LVU40
 117              		.loc 1 231 38 is_stmt 0 view .LVU41
 118 0038 03F0070C 		and	ip, r3, #7
 119              		.loc 1 231 47 view .LVU42
 120 003c 4FEA8C0C 		lsl	ip, ip, #2
 121              		.loc 1 231 24 view .LVU43
 122 0040 4FF00F0E 		mov	lr, #15
 123 0044 0EFA0CFE 		lsl	lr, lr, ip
 124              		.loc 1 231 14 view .LVU44
 125 0048 24EA0E0E 		bic	lr, r4, lr
 126              	.LVL11:
 232:Inc/STM32F3xx_HAL_Driver/Src/stm32f3xx_hal_gpio.c ****         temp |= ((GPIO_Init->Alternate) << ((position & 0x07u) * 4u));
 127              		.loc 1 232 9 is_stmt 1 view .LVU45
 128              		.loc 1 232 28 is_stmt 0 view .LVU46
 129 004c 0C69     		ldr	r4, [r1, #16]
 130              		.loc 1 232 41 view .LVU47
 131 004e 04FA0CF4 		lsl	r4, r4, ip
 132              		.loc 1 232 14 view .LVU48
 133 0052 44EA0E04 		orr	r4, r4, lr
 134              	.LVL12:
 233:Inc/STM32F3xx_HAL_Driver/Src/stm32f3xx_hal_gpio.c ****         GPIOx->AFR[position >> 3u] = temp;
 135              		.loc 1 233 9 is_stmt 1 view .LVU49
 136              		.loc 1 233 36 is_stmt 0 view .LVU50
 137 0056 40F82540 		str	r4, [r0, r5, lsl #2]
 138 005a 60E0     		b	.L6
 139              	.LVL13:
 140              	.L24:
 234:Inc/STM32F3xx_HAL_Driver/Src/stm32f3xx_hal_gpio.c ****       }
 235:Inc/STM32F3xx_HAL_Driver/Src/stm32f3xx_hal_gpio.c **** 
 236:Inc/STM32F3xx_HAL_Driver/Src/stm32f3xx_hal_gpio.c ****       /* Configure IO Direction mode (Input, Output, Alternate or Analog) */
 237:Inc/STM32F3xx_HAL_Driver/Src/stm32f3xx_hal_gpio.c ****       temp = GPIOx->MODER;
 238:Inc/STM32F3xx_HAL_Driver/Src/stm32f3xx_hal_gpio.c ****       temp &= ~(GPIO_MODER_MODER0 << (position * 2u));
 239:Inc/STM32F3xx_HAL_Driver/Src/stm32f3xx_hal_gpio.c ****       temp |= ((GPIO_Init->Mode & GPIO_MODE) << (position * 2u));
 240:Inc/STM32F3xx_HAL_Driver/Src/stm32f3xx_hal_gpio.c ****       GPIOx->MODER = temp;
 241:Inc/STM32F3xx_HAL_Driver/Src/stm32f3xx_hal_gpio.c **** 
 242:Inc/STM32F3xx_HAL_Driver/Src/stm32f3xx_hal_gpio.c ****       /*--------------------- EXTI Mode Configuration ------------------------*/
 243:Inc/STM32F3xx_HAL_Driver/Src/stm32f3xx_hal_gpio.c ****       /* Configure the External Interrupt or event for the current IO */
 244:Inc/STM32F3xx_HAL_Driver/Src/stm32f3xx_hal_gpio.c ****       if((GPIO_Init->Mode & EXTI_MODE) != 0x00u)
 245:Inc/STM32F3xx_HAL_Driver/Src/stm32f3xx_hal_gpio.c ****       {
 246:Inc/STM32F3xx_HAL_Driver/Src/stm32f3xx_hal_gpio.c ****         /* Enable SYSCFG Clock */
 247:Inc/STM32F3xx_HAL_Driver/Src/stm32f3xx_hal_gpio.c ****         __HAL_RCC_SYSCFG_CLK_ENABLE();
 248:Inc/STM32F3xx_HAL_Driver/Src/stm32f3xx_hal_gpio.c **** 
 249:Inc/STM32F3xx_HAL_Driver/Src/stm32f3xx_hal_gpio.c ****         temp = SYSCFG->EXTICR[position >> 2u];
 250:Inc/STM32F3xx_HAL_Driver/Src/stm32f3xx_hal_gpio.c ****         temp &= ~(0x0FuL << (4u * (position & 0x03u)));
 251:Inc/STM32F3xx_HAL_Driver/Src/stm32f3xx_hal_gpio.c ****         temp |= (GPIO_GET_INDEX(GPIOx) << (4u * (position & 0x03u)));
 141              		.loc 1 251 18 discriminator 13 view .LVU51
 142 005c 0624     		movs	r4, #6
 143 005e 00E0     		b	.L7
 144              	.L13:
 145              		.loc 1 251 18 discriminator 2 view .LVU52
 146 0060 0024     		movs	r4, #0
 147              	.L7:
 148              		.loc 1 251 40 discriminator 28 view .LVU53
ARM GAS  /tmp/ccKZUhoy.s 			page 8


 149 0062 04FA0EF4 		lsl	r4, r4, lr
 150              		.loc 1 251 14 discriminator 28 view .LVU54
 151 0066 2C43     		orrs	r4, r4, r5
 152              	.LVL14:
 252:Inc/STM32F3xx_HAL_Driver/Src/stm32f3xx_hal_gpio.c ****         SYSCFG->EXTICR[position >> 2u] = temp;
 153              		.loc 1 252 9 is_stmt 1 view .LVU55
 154              		.loc 1 252 40 is_stmt 0 view .LVU56
 155 0068 0CF1020C 		add	ip, ip, #2
 156 006c 584D     		ldr	r5, .L25
 157 006e 45F82C40 		str	r4, [r5, ip, lsl #2]
 253:Inc/STM32F3xx_HAL_Driver/Src/stm32f3xx_hal_gpio.c **** 
 254:Inc/STM32F3xx_HAL_Driver/Src/stm32f3xx_hal_gpio.c ****         /* Clear Rising Falling edge configuration */
 255:Inc/STM32F3xx_HAL_Driver/Src/stm32f3xx_hal_gpio.c ****         temp = EXTI->RTSR;
 158              		.loc 1 255 9 is_stmt 1 view .LVU57
 159              		.loc 1 255 14 is_stmt 0 view .LVU58
 160 0072 584C     		ldr	r4, .L25+4
 161              	.LVL15:
 162              		.loc 1 255 14 view .LVU59
 163 0074 A568     		ldr	r5, [r4, #8]
 164              	.LVL16:
 256:Inc/STM32F3xx_HAL_Driver/Src/stm32f3xx_hal_gpio.c ****         temp &= ~(iocurrent);
 165              		.loc 1 256 9 is_stmt 1 view .LVU60
 166              		.loc 1 256 17 is_stmt 0 view .LVU61
 167 0076 D443     		mvns	r4, r2
 168              		.loc 1 256 14 view .LVU62
 169 0078 25EA0206 		bic	r6, r5, r2
 170              	.LVL17:
 257:Inc/STM32F3xx_HAL_Driver/Src/stm32f3xx_hal_gpio.c ****         if((GPIO_Init->Mode & TRIGGER_RISING) != 0x00u)
 171              		.loc 1 257 9 is_stmt 1 view .LVU63
 172              		.loc 1 257 11 is_stmt 0 view .LVU64
 173 007c 4F68     		ldr	r7, [r1, #4]
 174 007e 17F4801F 		tst	r7, #1048576
 175 0082 01D0     		beq	.L8
 258:Inc/STM32F3xx_HAL_Driver/Src/stm32f3xx_hal_gpio.c ****         {
 259:Inc/STM32F3xx_HAL_Driver/Src/stm32f3xx_hal_gpio.c ****           temp |= iocurrent;
 176              		.loc 1 259 11 is_stmt 1 view .LVU65
 177              		.loc 1 259 16 is_stmt 0 view .LVU66
 178 0084 42EA0506 		orr	r6, r2, r5
 179              	.LVL18:
 180              	.L8:
 260:Inc/STM32F3xx_HAL_Driver/Src/stm32f3xx_hal_gpio.c ****         }
 261:Inc/STM32F3xx_HAL_Driver/Src/stm32f3xx_hal_gpio.c ****         EXTI->RTSR = temp;
 181              		.loc 1 261 9 is_stmt 1 view .LVU67
 182              		.loc 1 261 20 is_stmt 0 view .LVU68
 183 0088 524D     		ldr	r5, .L25+4
 184 008a AE60     		str	r6, [r5, #8]
 262:Inc/STM32F3xx_HAL_Driver/Src/stm32f3xx_hal_gpio.c **** 
 263:Inc/STM32F3xx_HAL_Driver/Src/stm32f3xx_hal_gpio.c ****         temp = EXTI->FTSR;
 185              		.loc 1 263 9 is_stmt 1 view .LVU69
 186              		.loc 1 263 14 is_stmt 0 view .LVU70
 187 008c ED68     		ldr	r5, [r5, #12]
 188              	.LVL19:
 264:Inc/STM32F3xx_HAL_Driver/Src/stm32f3xx_hal_gpio.c ****         temp &= ~(iocurrent);
 189              		.loc 1 264 9 is_stmt 1 view .LVU71
 190              		.loc 1 264 14 is_stmt 0 view .LVU72
 191 008e 04EA0506 		and	r6, r4, r5
 192              	.LVL20:
ARM GAS  /tmp/ccKZUhoy.s 			page 9


 265:Inc/STM32F3xx_HAL_Driver/Src/stm32f3xx_hal_gpio.c ****         if((GPIO_Init->Mode & TRIGGER_FALLING) != 0x00u)
 193              		.loc 1 265 9 is_stmt 1 view .LVU73
 194              		.loc 1 265 11 is_stmt 0 view .LVU74
 195 0092 4F68     		ldr	r7, [r1, #4]
 196 0094 17F4001F 		tst	r7, #2097152
 197 0098 01D0     		beq	.L9
 266:Inc/STM32F3xx_HAL_Driver/Src/stm32f3xx_hal_gpio.c ****         {
 267:Inc/STM32F3xx_HAL_Driver/Src/stm32f3xx_hal_gpio.c ****           temp |= iocurrent;
 198              		.loc 1 267 11 is_stmt 1 view .LVU75
 199              		.loc 1 267 16 is_stmt 0 view .LVU76
 200 009a 42EA0506 		orr	r6, r2, r5
 201              	.LVL21:
 202              	.L9:
 268:Inc/STM32F3xx_HAL_Driver/Src/stm32f3xx_hal_gpio.c ****         }
 269:Inc/STM32F3xx_HAL_Driver/Src/stm32f3xx_hal_gpio.c ****         EXTI->FTSR = temp;
 203              		.loc 1 269 9 is_stmt 1 view .LVU77
 204              		.loc 1 269 20 is_stmt 0 view .LVU78
 205 009e 4D4D     		ldr	r5, .L25+4
 206 00a0 EE60     		str	r6, [r5, #12]
 270:Inc/STM32F3xx_HAL_Driver/Src/stm32f3xx_hal_gpio.c **** 
 271:Inc/STM32F3xx_HAL_Driver/Src/stm32f3xx_hal_gpio.c ****         temp = EXTI->EMR;
 207              		.loc 1 271 9 is_stmt 1 view .LVU79
 208              		.loc 1 271 14 is_stmt 0 view .LVU80
 209 00a2 6D68     		ldr	r5, [r5, #4]
 210              	.LVL22:
 272:Inc/STM32F3xx_HAL_Driver/Src/stm32f3xx_hal_gpio.c ****         temp &= ~(iocurrent);
 211              		.loc 1 272 9 is_stmt 1 view .LVU81
 212              		.loc 1 272 14 is_stmt 0 view .LVU82
 213 00a4 04EA0506 		and	r6, r4, r5
 214              	.LVL23:
 273:Inc/STM32F3xx_HAL_Driver/Src/stm32f3xx_hal_gpio.c ****         if((GPIO_Init->Mode & EXTI_EVT) != 0x00u)
 215              		.loc 1 273 9 is_stmt 1 view .LVU83
 216              		.loc 1 273 11 is_stmt 0 view .LVU84
 217 00a8 4F68     		ldr	r7, [r1, #4]
 218 00aa 17F4003F 		tst	r7, #131072
 219 00ae 01D0     		beq	.L10
 274:Inc/STM32F3xx_HAL_Driver/Src/stm32f3xx_hal_gpio.c ****         {
 275:Inc/STM32F3xx_HAL_Driver/Src/stm32f3xx_hal_gpio.c ****           temp |= iocurrent;
 220              		.loc 1 275 11 is_stmt 1 view .LVU85
 221              		.loc 1 275 16 is_stmt 0 view .LVU86
 222 00b0 42EA0506 		orr	r6, r2, r5
 223              	.LVL24:
 224              	.L10:
 276:Inc/STM32F3xx_HAL_Driver/Src/stm32f3xx_hal_gpio.c ****         }
 277:Inc/STM32F3xx_HAL_Driver/Src/stm32f3xx_hal_gpio.c ****         EXTI->EMR = temp;
 225              		.loc 1 277 9 is_stmt 1 view .LVU87
 226              		.loc 1 277 19 is_stmt 0 view .LVU88
 227 00b4 474D     		ldr	r5, .L25+4
 228 00b6 6E60     		str	r6, [r5, #4]
 278:Inc/STM32F3xx_HAL_Driver/Src/stm32f3xx_hal_gpio.c **** 
 279:Inc/STM32F3xx_HAL_Driver/Src/stm32f3xx_hal_gpio.c ****         /* Clear EXTI line configuration */
 280:Inc/STM32F3xx_HAL_Driver/Src/stm32f3xx_hal_gpio.c ****         temp = EXTI->IMR;
 229              		.loc 1 280 9 is_stmt 1 view .LVU89
 230              		.loc 1 280 14 is_stmt 0 view .LVU90
 231 00b8 2D68     		ldr	r5, [r5]
 232              	.LVL25:
 281:Inc/STM32F3xx_HAL_Driver/Src/stm32f3xx_hal_gpio.c ****         temp &= ~(iocurrent);
ARM GAS  /tmp/ccKZUhoy.s 			page 10


 233              		.loc 1 281 9 is_stmt 1 view .LVU91
 234              		.loc 1 281 14 is_stmt 0 view .LVU92
 235 00ba 2C40     		ands	r4, r4, r5
 236              	.LVL26:
 282:Inc/STM32F3xx_HAL_Driver/Src/stm32f3xx_hal_gpio.c ****         if((GPIO_Init->Mode & EXTI_IT) != 0x00u)
 237              		.loc 1 282 9 is_stmt 1 view .LVU93
 238              		.loc 1 282 22 is_stmt 0 view .LVU94
 239 00bc 4E68     		ldr	r6, [r1, #4]
 240              		.loc 1 282 11 view .LVU95
 241 00be 16F4803F 		tst	r6, #65536
 242 00c2 01D0     		beq	.L11
 283:Inc/STM32F3xx_HAL_Driver/Src/stm32f3xx_hal_gpio.c ****         {
 284:Inc/STM32F3xx_HAL_Driver/Src/stm32f3xx_hal_gpio.c ****           temp |= iocurrent;
 243              		.loc 1 284 11 is_stmt 1 view .LVU96
 244              		.loc 1 284 16 is_stmt 0 view .LVU97
 245 00c4 42EA0504 		orr	r4, r2, r5
 246              	.LVL27:
 247              	.L11:
 285:Inc/STM32F3xx_HAL_Driver/Src/stm32f3xx_hal_gpio.c ****         }
 286:Inc/STM32F3xx_HAL_Driver/Src/stm32f3xx_hal_gpio.c ****         EXTI->IMR = temp;
 248              		.loc 1 286 9 is_stmt 1 view .LVU98
 249              		.loc 1 286 19 is_stmt 0 view .LVU99
 250 00c8 424A     		ldr	r2, .L25+4
 251              	.LVL28:
 252              		.loc 1 286 19 view .LVU100
 253 00ca 1460     		str	r4, [r2]
 254              	.LVL29:
 255              	.L3:
 287:Inc/STM32F3xx_HAL_Driver/Src/stm32f3xx_hal_gpio.c ****       }
 288:Inc/STM32F3xx_HAL_Driver/Src/stm32f3xx_hal_gpio.c ****     }
 289:Inc/STM32F3xx_HAL_Driver/Src/stm32f3xx_hal_gpio.c **** 
 290:Inc/STM32F3xx_HAL_Driver/Src/stm32f3xx_hal_gpio.c ****     position++;
 256              		.loc 1 290 5 is_stmt 1 view .LVU101
 257              		.loc 1 290 13 is_stmt 0 view .LVU102
 258 00cc 0133     		adds	r3, r3, #1
 259              	.LVL30:
 260              	.L2:
 183:Inc/STM32F3xx_HAL_Driver/Src/stm32f3xx_hal_gpio.c ****   {
 261              		.loc 1 183 41 is_stmt 1 view .LVU103
 183:Inc/STM32F3xx_HAL_Driver/Src/stm32f3xx_hal_gpio.c ****   {
 262              		.loc 1 183 21 is_stmt 0 view .LVU104
 263 00ce 0A68     		ldr	r2, [r1]
 183:Inc/STM32F3xx_HAL_Driver/Src/stm32f3xx_hal_gpio.c ****   {
 264              		.loc 1 183 41 view .LVU105
 265 00d0 32FA03F4 		lsrs	r4, r2, r3
 266 00d4 7AD0     		beq	.L21
 186:Inc/STM32F3xx_HAL_Driver/Src/stm32f3xx_hal_gpio.c **** 
 267              		.loc 1 186 5 is_stmt 1 view .LVU106
 186:Inc/STM32F3xx_HAL_Driver/Src/stm32f3xx_hal_gpio.c **** 
 268              		.loc 1 186 41 is_stmt 0 view .LVU107
 269 00d6 4FF0010C 		mov	ip, #1
 270 00da 0CFA03FC 		lsl	ip, ip, r3
 271              	.LVL31:
 188:Inc/STM32F3xx_HAL_Driver/Src/stm32f3xx_hal_gpio.c ****     {
 272              		.loc 1 188 5 is_stmt 1 view .LVU108
 188:Inc/STM32F3xx_HAL_Driver/Src/stm32f3xx_hal_gpio.c ****     {
 273              		.loc 1 188 8 is_stmt 0 view .LVU109
ARM GAS  /tmp/ccKZUhoy.s 			page 11


 274 00de 1CEA0202 		ands	r2, ip, r2
 275              	.LVL32:
 188:Inc/STM32F3xx_HAL_Driver/Src/stm32f3xx_hal_gpio.c ****     {
 276              		.loc 1 188 8 view .LVU110
 277 00e2 F3D0     		beq	.L3
 192:Inc/STM32F3xx_HAL_Driver/Src/stm32f3xx_hal_gpio.c ****       {
 278              		.loc 1 192 7 is_stmt 1 view .LVU111
 192:Inc/STM32F3xx_HAL_Driver/Src/stm32f3xx_hal_gpio.c ****       {
 279              		.loc 1 192 21 is_stmt 0 view .LVU112
 280 00e4 4C68     		ldr	r4, [r1, #4]
 192:Inc/STM32F3xx_HAL_Driver/Src/stm32f3xx_hal_gpio.c ****       {
 281              		.loc 1 192 28 view .LVU113
 282 00e6 04F00304 		and	r4, r4, #3
 192:Inc/STM32F3xx_HAL_Driver/Src/stm32f3xx_hal_gpio.c ****       {
 283              		.loc 1 192 57 view .LVU114
 284 00ea 013C     		subs	r4, r4, #1
 192:Inc/STM32F3xx_HAL_Driver/Src/stm32f3xx_hal_gpio.c ****       {
 285              		.loc 1 192 9 view .LVU115
 286 00ec 012C     		cmp	r4, #1
 287 00ee 8BD9     		bls	.L22
 288              	.L4:
 209:Inc/STM32F3xx_HAL_Driver/Src/stm32f3xx_hal_gpio.c ****       {
 289              		.loc 1 209 7 is_stmt 1 view .LVU116
 209:Inc/STM32F3xx_HAL_Driver/Src/stm32f3xx_hal_gpio.c ****       {
 290              		.loc 1 209 20 is_stmt 0 view .LVU117
 291 00f0 4C68     		ldr	r4, [r1, #4]
 209:Inc/STM32F3xx_HAL_Driver/Src/stm32f3xx_hal_gpio.c ****       {
 292              		.loc 1 209 27 view .LVU118
 293 00f2 04F00304 		and	r4, r4, #3
 209:Inc/STM32F3xx_HAL_Driver/Src/stm32f3xx_hal_gpio.c ****       {
 294              		.loc 1 209 9 view .LVU119
 295 00f6 032C     		cmp	r4, #3
 296 00f8 0CD0     		beq	.L5
 212:Inc/STM32F3xx_HAL_Driver/Src/stm32f3xx_hal_gpio.c **** 
 297              		.loc 1 212 9 is_stmt 1 view .LVU120
 215:Inc/STM32F3xx_HAL_Driver/Src/stm32f3xx_hal_gpio.c ****         temp &= ~(GPIO_PUPDR_PUPDR0 << (position * 2u));
 298              		.loc 1 215 9 view .LVU121
 215:Inc/STM32F3xx_HAL_Driver/Src/stm32f3xx_hal_gpio.c ****         temp &= ~(GPIO_PUPDR_PUPDR0 << (position * 2u));
 299              		.loc 1 215 14 is_stmt 0 view .LVU122
 300 00fa C468     		ldr	r4, [r0, #12]
 301              	.LVL33:
 216:Inc/STM32F3xx_HAL_Driver/Src/stm32f3xx_hal_gpio.c ****         temp |= ((GPIO_Init->Pull) << (position * 2u));
 302              		.loc 1 216 9 is_stmt 1 view .LVU123
 216:Inc/STM32F3xx_HAL_Driver/Src/stm32f3xx_hal_gpio.c ****         temp |= ((GPIO_Init->Pull) << (position * 2u));
 303              		.loc 1 216 50 is_stmt 0 view .LVU124
 304 00fc 5D00     		lsls	r5, r3, #1
 216:Inc/STM32F3xx_HAL_Driver/Src/stm32f3xx_hal_gpio.c ****         temp |= ((GPIO_Init->Pull) << (position * 2u));
 305              		.loc 1 216 37 view .LVU125
 306 00fe 4FF0030C 		mov	ip, #3
 307 0102 0CFA05FC 		lsl	ip, ip, r5
 216:Inc/STM32F3xx_HAL_Driver/Src/stm32f3xx_hal_gpio.c ****         temp |= ((GPIO_Init->Pull) << (position * 2u));
 308              		.loc 1 216 14 view .LVU126
 309 0106 24EA0C0C 		bic	ip, r4, ip
 310              	.LVL34:
 217:Inc/STM32F3xx_HAL_Driver/Src/stm32f3xx_hal_gpio.c ****         GPIOx->PUPDR = temp;
 311              		.loc 1 217 9 is_stmt 1 view .LVU127
 217:Inc/STM32F3xx_HAL_Driver/Src/stm32f3xx_hal_gpio.c ****         GPIOx->PUPDR = temp;
ARM GAS  /tmp/ccKZUhoy.s 			page 12


 312              		.loc 1 217 28 is_stmt 0 view .LVU128
 313 010a 8C68     		ldr	r4, [r1, #8]
 217:Inc/STM32F3xx_HAL_Driver/Src/stm32f3xx_hal_gpio.c ****         GPIOx->PUPDR = temp;
 314              		.loc 1 217 36 view .LVU129
 315 010c AC40     		lsls	r4, r4, r5
 217:Inc/STM32F3xx_HAL_Driver/Src/stm32f3xx_hal_gpio.c ****         GPIOx->PUPDR = temp;
 316              		.loc 1 217 14 view .LVU130
 317 010e 44EA0C04 		orr	r4, r4, ip
 318              	.LVL35:
 218:Inc/STM32F3xx_HAL_Driver/Src/stm32f3xx_hal_gpio.c ****       }
 319              		.loc 1 218 9 is_stmt 1 view .LVU131
 218:Inc/STM32F3xx_HAL_Driver/Src/stm32f3xx_hal_gpio.c ****       }
 320              		.loc 1 218 22 is_stmt 0 view .LVU132
 321 0112 C460     		str	r4, [r0, #12]
 322              	.LVL36:
 323              	.L5:
 223:Inc/STM32F3xx_HAL_Driver/Src/stm32f3xx_hal_gpio.c ****       {
 324              		.loc 1 223 7 is_stmt 1 view .LVU133
 223:Inc/STM32F3xx_HAL_Driver/Src/stm32f3xx_hal_gpio.c ****       {
 325              		.loc 1 223 20 is_stmt 0 view .LVU134
 326 0114 4C68     		ldr	r4, [r1, #4]
 223:Inc/STM32F3xx_HAL_Driver/Src/stm32f3xx_hal_gpio.c ****       {
 327              		.loc 1 223 27 view .LVU135
 328 0116 04F00304 		and	r4, r4, #3
 223:Inc/STM32F3xx_HAL_Driver/Src/stm32f3xx_hal_gpio.c ****       {
 329              		.loc 1 223 9 view .LVU136
 330 011a 022C     		cmp	r4, #2
 331 011c 88D0     		beq	.L23
 332              	.L6:
 237:Inc/STM32F3xx_HAL_Driver/Src/stm32f3xx_hal_gpio.c ****       temp &= ~(GPIO_MODER_MODER0 << (position * 2u));
 333              		.loc 1 237 7 is_stmt 1 view .LVU137
 237:Inc/STM32F3xx_HAL_Driver/Src/stm32f3xx_hal_gpio.c ****       temp &= ~(GPIO_MODER_MODER0 << (position * 2u));
 334              		.loc 1 237 12 is_stmt 0 view .LVU138
 335 011e 0468     		ldr	r4, [r0]
 336              	.LVL37:
 238:Inc/STM32F3xx_HAL_Driver/Src/stm32f3xx_hal_gpio.c ****       temp |= ((GPIO_Init->Mode & GPIO_MODE) << (position * 2u));
 337              		.loc 1 238 7 is_stmt 1 view .LVU139
 238:Inc/STM32F3xx_HAL_Driver/Src/stm32f3xx_hal_gpio.c ****       temp |= ((GPIO_Init->Mode & GPIO_MODE) << (position * 2u));
 338              		.loc 1 238 48 is_stmt 0 view .LVU140
 339 0120 4FEA430E 		lsl	lr, r3, #1
 238:Inc/STM32F3xx_HAL_Driver/Src/stm32f3xx_hal_gpio.c ****       temp |= ((GPIO_Init->Mode & GPIO_MODE) << (position * 2u));
 340              		.loc 1 238 35 view .LVU141
 341 0124 4FF0030C 		mov	ip, #3
 342 0128 0CFA0EFC 		lsl	ip, ip, lr
 238:Inc/STM32F3xx_HAL_Driver/Src/stm32f3xx_hal_gpio.c ****       temp |= ((GPIO_Init->Mode & GPIO_MODE) << (position * 2u));
 343              		.loc 1 238 12 view .LVU142
 344 012c 24EA0C0C 		bic	ip, r4, ip
 345              	.LVL38:
 239:Inc/STM32F3xx_HAL_Driver/Src/stm32f3xx_hal_gpio.c ****       GPIOx->MODER = temp;
 346              		.loc 1 239 7 is_stmt 1 view .LVU143
 239:Inc/STM32F3xx_HAL_Driver/Src/stm32f3xx_hal_gpio.c ****       GPIOx->MODER = temp;
 347              		.loc 1 239 26 is_stmt 0 view .LVU144
 348 0130 4C68     		ldr	r4, [r1, #4]
 239:Inc/STM32F3xx_HAL_Driver/Src/stm32f3xx_hal_gpio.c ****       GPIOx->MODER = temp;
 349              		.loc 1 239 33 view .LVU145
 350 0132 04F00304 		and	r4, r4, #3
 239:Inc/STM32F3xx_HAL_Driver/Src/stm32f3xx_hal_gpio.c ****       GPIOx->MODER = temp;
ARM GAS  /tmp/ccKZUhoy.s 			page 13


 351              		.loc 1 239 46 view .LVU146
 352 0136 04FA0EF4 		lsl	r4, r4, lr
 239:Inc/STM32F3xx_HAL_Driver/Src/stm32f3xx_hal_gpio.c ****       GPIOx->MODER = temp;
 353              		.loc 1 239 12 view .LVU147
 354 013a 44EA0C04 		orr	r4, r4, ip
 355              	.LVL39:
 240:Inc/STM32F3xx_HAL_Driver/Src/stm32f3xx_hal_gpio.c **** 
 356              		.loc 1 240 7 is_stmt 1 view .LVU148
 240:Inc/STM32F3xx_HAL_Driver/Src/stm32f3xx_hal_gpio.c **** 
 357              		.loc 1 240 20 is_stmt 0 view .LVU149
 358 013e 0460     		str	r4, [r0]
 244:Inc/STM32F3xx_HAL_Driver/Src/stm32f3xx_hal_gpio.c ****       {
 359              		.loc 1 244 7 is_stmt 1 view .LVU150
 244:Inc/STM32F3xx_HAL_Driver/Src/stm32f3xx_hal_gpio.c ****       {
 360              		.loc 1 244 20 is_stmt 0 view .LVU151
 361 0140 4C68     		ldr	r4, [r1, #4]
 362              	.LVL40:
 244:Inc/STM32F3xx_HAL_Driver/Src/stm32f3xx_hal_gpio.c ****       {
 363              		.loc 1 244 9 view .LVU152
 364 0142 14F4403F 		tst	r4, #196608
 365 0146 C1D0     		beq	.L3
 247:Inc/STM32F3xx_HAL_Driver/Src/stm32f3xx_hal_gpio.c **** 
 366              		.loc 1 247 9 is_stmt 1 view .LVU153
 367              	.LBB2:
 247:Inc/STM32F3xx_HAL_Driver/Src/stm32f3xx_hal_gpio.c **** 
 368              		.loc 1 247 9 view .LVU154
 247:Inc/STM32F3xx_HAL_Driver/Src/stm32f3xx_hal_gpio.c **** 
 369              		.loc 1 247 9 view .LVU155
 370 0148 234C     		ldr	r4, .L25+8
 371 014a A569     		ldr	r5, [r4, #24]
 372 014c 45F00105 		orr	r5, r5, #1
 373 0150 A561     		str	r5, [r4, #24]
 374              	.LVL41:
 247:Inc/STM32F3xx_HAL_Driver/Src/stm32f3xx_hal_gpio.c **** 
 375              		.loc 1 247 9 view .LVU156
 376 0152 A469     		ldr	r4, [r4, #24]
 377 0154 04F00104 		and	r4, r4, #1
 378 0158 0194     		str	r4, [sp, #4]
 247:Inc/STM32F3xx_HAL_Driver/Src/stm32f3xx_hal_gpio.c **** 
 379              		.loc 1 247 9 view .LVU157
 380 015a 019C     		ldr	r4, [sp, #4]
 381              	.LBE2:
 247:Inc/STM32F3xx_HAL_Driver/Src/stm32f3xx_hal_gpio.c **** 
 382              		.loc 1 247 9 view .LVU158
 249:Inc/STM32F3xx_HAL_Driver/Src/stm32f3xx_hal_gpio.c ****         temp &= ~(0x0FuL << (4u * (position & 0x03u)));
 383              		.loc 1 249 9 view .LVU159
 249:Inc/STM32F3xx_HAL_Driver/Src/stm32f3xx_hal_gpio.c ****         temp &= ~(0x0FuL << (4u * (position & 0x03u)));
 384              		.loc 1 249 40 is_stmt 0 view .LVU160
 385 015c 4FEA930C 		lsr	ip, r3, #2
 249:Inc/STM32F3xx_HAL_Driver/Src/stm32f3xx_hal_gpio.c ****         temp &= ~(0x0FuL << (4u * (position & 0x03u)));
 386              		.loc 1 249 14 view .LVU161
 387 0160 0CF10205 		add	r5, ip, #2
 388 0164 1A4C     		ldr	r4, .L25
 389 0166 54F82550 		ldr	r5, [r4, r5, lsl #2]
 390              	.LVL42:
 250:Inc/STM32F3xx_HAL_Driver/Src/stm32f3xx_hal_gpio.c ****         temp |= (GPIO_GET_INDEX(GPIOx) << (4u * (position & 0x03u)));
 391              		.loc 1 250 9 is_stmt 1 view .LVU162
ARM GAS  /tmp/ccKZUhoy.s 			page 14


 250:Inc/STM32F3xx_HAL_Driver/Src/stm32f3xx_hal_gpio.c ****         temp |= (GPIO_GET_INDEX(GPIOx) << (4u * (position & 0x03u)));
 392              		.loc 1 250 45 is_stmt 0 view .LVU163
 393 016a 03F0030E 		and	lr, r3, #3
 250:Inc/STM32F3xx_HAL_Driver/Src/stm32f3xx_hal_gpio.c ****         temp |= (GPIO_GET_INDEX(GPIOx) << (4u * (position & 0x03u)));
 394              		.loc 1 250 33 view .LVU164
 395 016e 4FEA8E0E 		lsl	lr, lr, #2
 250:Inc/STM32F3xx_HAL_Driver/Src/stm32f3xx_hal_gpio.c ****         temp |= (GPIO_GET_INDEX(GPIOx) << (4u * (position & 0x03u)));
 396              		.loc 1 250 26 view .LVU165
 397 0172 0F24     		movs	r4, #15
 398 0174 04FA0EF4 		lsl	r4, r4, lr
 250:Inc/STM32F3xx_HAL_Driver/Src/stm32f3xx_hal_gpio.c ****         temp |= (GPIO_GET_INDEX(GPIOx) << (4u * (position & 0x03u)));
 399              		.loc 1 250 14 view .LVU166
 400 0178 25EA0405 		bic	r5, r5, r4
 401              	.LVL43:
 251:Inc/STM32F3xx_HAL_Driver/Src/stm32f3xx_hal_gpio.c ****         SYSCFG->EXTICR[position >> 2u] = temp;
 402              		.loc 1 251 9 is_stmt 1 view .LVU167
 251:Inc/STM32F3xx_HAL_Driver/Src/stm32f3xx_hal_gpio.c ****         SYSCFG->EXTICR[position >> 2u] = temp;
 403              		.loc 1 251 18 is_stmt 0 view .LVU168
 404 017c B0F1904F 		cmp	r0, #1207959552
 405 0180 3FF46EAF 		beq	.L13
 251:Inc/STM32F3xx_HAL_Driver/Src/stm32f3xx_hal_gpio.c ****         SYSCFG->EXTICR[position >> 2u] = temp;
 406              		.loc 1 251 18 discriminator 1 view .LVU169
 407 0184 154C     		ldr	r4, .L25+12
 408 0186 A042     		cmp	r0, r4
 409 0188 16D0     		beq	.L14
 251:Inc/STM32F3xx_HAL_Driver/Src/stm32f3xx_hal_gpio.c ****         SYSCFG->EXTICR[position >> 2u] = temp;
 410              		.loc 1 251 18 discriminator 3 view .LVU170
 411 018a 04F58064 		add	r4, r4, #1024
 412 018e A042     		cmp	r0, r4
 413 0190 14D0     		beq	.L15
 251:Inc/STM32F3xx_HAL_Driver/Src/stm32f3xx_hal_gpio.c ****         SYSCFG->EXTICR[position >> 2u] = temp;
 414              		.loc 1 251 18 discriminator 5 view .LVU171
 415 0192 04F58064 		add	r4, r4, #1024
 416 0196 A042     		cmp	r0, r4
 417 0198 12D0     		beq	.L16
 251:Inc/STM32F3xx_HAL_Driver/Src/stm32f3xx_hal_gpio.c ****         SYSCFG->EXTICR[position >> 2u] = temp;
 418              		.loc 1 251 18 discriminator 7 view .LVU172
 419 019a 04F58064 		add	r4, r4, #1024
 420 019e A042     		cmp	r0, r4
 421 01a0 10D0     		beq	.L17
 251:Inc/STM32F3xx_HAL_Driver/Src/stm32f3xx_hal_gpio.c ****         SYSCFG->EXTICR[position >> 2u] = temp;
 422              		.loc 1 251 18 discriminator 9 view .LVU173
 423 01a2 04F58064 		add	r4, r4, #1024
 424 01a6 A042     		cmp	r0, r4
 425 01a8 0ED0     		beq	.L18
 251:Inc/STM32F3xx_HAL_Driver/Src/stm32f3xx_hal_gpio.c ****         SYSCFG->EXTICR[position >> 2u] = temp;
 426              		.loc 1 251 18 discriminator 11 view .LVU174
 427 01aa 04F58064 		add	r4, r4, #1024
 428 01ae A042     		cmp	r0, r4
 429 01b0 3FF454AF 		beq	.L24
 251:Inc/STM32F3xx_HAL_Driver/Src/stm32f3xx_hal_gpio.c ****         SYSCFG->EXTICR[position >> 2u] = temp;
 430              		.loc 1 251 18 discriminator 14 view .LVU175
 431 01b4 0724     		movs	r4, #7
 432 01b6 54E7     		b	.L7
 433              	.L14:
 251:Inc/STM32F3xx_HAL_Driver/Src/stm32f3xx_hal_gpio.c ****         SYSCFG->EXTICR[position >> 2u] = temp;
 434              		.loc 1 251 18 discriminator 4 view .LVU176
ARM GAS  /tmp/ccKZUhoy.s 			page 15


 435 01b8 0124     		movs	r4, #1
 436 01ba 52E7     		b	.L7
 437              	.L15:
 251:Inc/STM32F3xx_HAL_Driver/Src/stm32f3xx_hal_gpio.c ****         SYSCFG->EXTICR[position >> 2u] = temp;
 438              		.loc 1 251 18 discriminator 6 view .LVU177
 439 01bc 0224     		movs	r4, #2
 440 01be 50E7     		b	.L7
 441              	.L16:
 251:Inc/STM32F3xx_HAL_Driver/Src/stm32f3xx_hal_gpio.c ****         SYSCFG->EXTICR[position >> 2u] = temp;
 442              		.loc 1 251 18 discriminator 8 view .LVU178
 443 01c0 0324     		movs	r4, #3
 444 01c2 4EE7     		b	.L7
 445              	.L17:
 251:Inc/STM32F3xx_HAL_Driver/Src/stm32f3xx_hal_gpio.c ****         SYSCFG->EXTICR[position >> 2u] = temp;
 446              		.loc 1 251 18 discriminator 10 view .LVU179
 447 01c4 0424     		movs	r4, #4
 448 01c6 4CE7     		b	.L7
 449              	.L18:
 251:Inc/STM32F3xx_HAL_Driver/Src/stm32f3xx_hal_gpio.c ****         SYSCFG->EXTICR[position >> 2u] = temp;
 450              		.loc 1 251 18 discriminator 12 view .LVU180
 451 01c8 0524     		movs	r4, #5
 452 01ca 4AE7     		b	.L7
 453              	.LVL44:
 454              	.L21:
 291:Inc/STM32F3xx_HAL_Driver/Src/stm32f3xx_hal_gpio.c ****   }
 292:Inc/STM32F3xx_HAL_Driver/Src/stm32f3xx_hal_gpio.c **** }
 455              		.loc 1 292 1 view .LVU181
 456 01cc 03B0     		add	sp, sp, #12
 457              		.cfi_def_cfa_offset 20
 458              		@ sp needed
 459 01ce F0BD     		pop	{r4, r5, r6, r7, pc}
 460              	.L26:
 461              		.align	2
 462              	.L25:
 463 01d0 00000140 		.word	1073807360
 464 01d4 00040140 		.word	1073808384
 465 01d8 00100240 		.word	1073876992
 466 01dc 00040048 		.word	1207960576
 467              		.cfi_endproc
 468              	.LFE130:
 470              		.section	.text.HAL_GPIO_DeInit,"ax",%progbits
 471              		.align	1
 472              		.global	HAL_GPIO_DeInit
 473              		.syntax unified
 474              		.thumb
 475              		.thumb_func
 477              	HAL_GPIO_DeInit:
 478              	.LVL45:
 479              	.LFB131:
 293:Inc/STM32F3xx_HAL_Driver/Src/stm32f3xx_hal_gpio.c **** 
 294:Inc/STM32F3xx_HAL_Driver/Src/stm32f3xx_hal_gpio.c **** /**
 295:Inc/STM32F3xx_HAL_Driver/Src/stm32f3xx_hal_gpio.c ****   * @brief  De-initialize the GPIOx peripheral registers to their default reset values.
 296:Inc/STM32F3xx_HAL_Driver/Src/stm32f3xx_hal_gpio.c ****   * @param  GPIOx where x can be (A..F) to select the GPIO peripheral for STM32F30X device or STM32
 297:Inc/STM32F3xx_HAL_Driver/Src/stm32f3xx_hal_gpio.c ****   * @param  GPIO_Pin specifies the port bit to be written.
 298:Inc/STM32F3xx_HAL_Driver/Src/stm32f3xx_hal_gpio.c ****   *         This parameter can be one of GPIO_PIN_x where x can be (0..15).
 299:Inc/STM32F3xx_HAL_Driver/Src/stm32f3xx_hal_gpio.c ****   * @retval None
 300:Inc/STM32F3xx_HAL_Driver/Src/stm32f3xx_hal_gpio.c ****   */
ARM GAS  /tmp/ccKZUhoy.s 			page 16


 301:Inc/STM32F3xx_HAL_Driver/Src/stm32f3xx_hal_gpio.c **** void HAL_GPIO_DeInit(GPIO_TypeDef  *GPIOx, uint32_t GPIO_Pin)
 302:Inc/STM32F3xx_HAL_Driver/Src/stm32f3xx_hal_gpio.c **** {
 480              		.loc 1 302 1 is_stmt 1 view -0
 481              		.cfi_startproc
 482              		@ args = 0, pretend = 0, frame = 0
 483              		@ frame_needed = 0, uses_anonymous_args = 0
 303:Inc/STM32F3xx_HAL_Driver/Src/stm32f3xx_hal_gpio.c ****   uint32_t position = 0x00u;
 484              		.loc 1 303 3 view .LVU183
 304:Inc/STM32F3xx_HAL_Driver/Src/stm32f3xx_hal_gpio.c ****   uint32_t iocurrent;
 485              		.loc 1 304 3 view .LVU184
 305:Inc/STM32F3xx_HAL_Driver/Src/stm32f3xx_hal_gpio.c ****   uint32_t tmp;
 486              		.loc 1 305 3 view .LVU185
 306:Inc/STM32F3xx_HAL_Driver/Src/stm32f3xx_hal_gpio.c **** 
 307:Inc/STM32F3xx_HAL_Driver/Src/stm32f3xx_hal_gpio.c ****   /* Check the parameters */
 308:Inc/STM32F3xx_HAL_Driver/Src/stm32f3xx_hal_gpio.c ****   assert_param(IS_GPIO_ALL_INSTANCE(GPIOx));
 487              		.loc 1 308 3 view .LVU186
 309:Inc/STM32F3xx_HAL_Driver/Src/stm32f3xx_hal_gpio.c ****   assert_param(IS_GPIO_PIN(GPIO_Pin));
 488              		.loc 1 309 3 view .LVU187
 310:Inc/STM32F3xx_HAL_Driver/Src/stm32f3xx_hal_gpio.c **** 
 311:Inc/STM32F3xx_HAL_Driver/Src/stm32f3xx_hal_gpio.c ****   /* Configure the port pins */
 312:Inc/STM32F3xx_HAL_Driver/Src/stm32f3xx_hal_gpio.c ****   while ((GPIO_Pin >> position) != 0x00u)
 489              		.loc 1 312 3 view .LVU188
 303:Inc/STM32F3xx_HAL_Driver/Src/stm32f3xx_hal_gpio.c ****   uint32_t iocurrent;
 490              		.loc 1 303 12 is_stmt 0 view .LVU189
 491 0000 0023     		movs	r3, #0
 492              	.LVL46:
 493              		.loc 1 312 33 is_stmt 1 view .LVU190
 494 0002 31FA03F2 		lsrs	r2, r1, r3
 495 0006 00F08780 		beq	.L43
 302:Inc/STM32F3xx_HAL_Driver/Src/stm32f3xx_hal_gpio.c ****   uint32_t position = 0x00u;
 496              		.loc 1 302 1 is_stmt 0 view .LVU191
 497 000a F0B5     		push	{r4, r5, r6, r7, lr}
 498              		.cfi_def_cfa_offset 20
 499              		.cfi_offset 4, -20
 500              		.cfi_offset 5, -16
 501              		.cfi_offset 6, -12
 502              		.cfi_offset 7, -8
 503              		.cfi_offset 14, -4
 504 000c 2EE0     		b	.L32
 505              	.LVL47:
 506              	.L46:
 313:Inc/STM32F3xx_HAL_Driver/Src/stm32f3xx_hal_gpio.c ****   {
 314:Inc/STM32F3xx_HAL_Driver/Src/stm32f3xx_hal_gpio.c ****     /* Get current io position */
 315:Inc/STM32F3xx_HAL_Driver/Src/stm32f3xx_hal_gpio.c ****     iocurrent = (GPIO_Pin) & (1uL << position);
 316:Inc/STM32F3xx_HAL_Driver/Src/stm32f3xx_hal_gpio.c **** 
 317:Inc/STM32F3xx_HAL_Driver/Src/stm32f3xx_hal_gpio.c ****     if (iocurrent != 0x00u)
 318:Inc/STM32F3xx_HAL_Driver/Src/stm32f3xx_hal_gpio.c ****     {
 319:Inc/STM32F3xx_HAL_Driver/Src/stm32f3xx_hal_gpio.c ****       /*------------------------- EXTI Mode Configuration --------------------*/
 320:Inc/STM32F3xx_HAL_Driver/Src/stm32f3xx_hal_gpio.c ****       /* Clear the External Interrupt or Event for the current IO */
 321:Inc/STM32F3xx_HAL_Driver/Src/stm32f3xx_hal_gpio.c **** 
 322:Inc/STM32F3xx_HAL_Driver/Src/stm32f3xx_hal_gpio.c ****       tmp = SYSCFG->EXTICR[position >> 2u];
 323:Inc/STM32F3xx_HAL_Driver/Src/stm32f3xx_hal_gpio.c ****       tmp &= (0x0FuL << (4u * (position & 0x03u)));
 324:Inc/STM32F3xx_HAL_Driver/Src/stm32f3xx_hal_gpio.c ****       if (tmp == (GPIO_GET_INDEX(GPIOx) << (4u * (position & 0x03u))))
 507              		.loc 1 324 19 discriminator 13 view .LVU192
 508 000e 0625     		movs	r5, #6
 509 0010 00E0     		b	.L30
 510              	.L33:
ARM GAS  /tmp/ccKZUhoy.s 			page 17


 511              		.loc 1 324 19 discriminator 2 view .LVU193
 512 0012 0025     		movs	r5, #0
 513              	.L30:
 514              		.loc 1 324 41 discriminator 28 view .LVU194
 515 0014 05FA0CF5 		lsl	r5, r5, ip
 516              		.loc 1 324 10 discriminator 28 view .LVU195
 517 0018 A542     		cmp	r5, r4
 518 001a 61D0     		beq	.L44
 519              	.LVL48:
 520              	.L31:
 325:Inc/STM32F3xx_HAL_Driver/Src/stm32f3xx_hal_gpio.c ****       {
 326:Inc/STM32F3xx_HAL_Driver/Src/stm32f3xx_hal_gpio.c ****         /* Clear EXTI line configuration */
 327:Inc/STM32F3xx_HAL_Driver/Src/stm32f3xx_hal_gpio.c ****         EXTI->IMR &= ~((uint32_t)iocurrent);
 328:Inc/STM32F3xx_HAL_Driver/Src/stm32f3xx_hal_gpio.c ****         EXTI->EMR &= ~((uint32_t)iocurrent);
 329:Inc/STM32F3xx_HAL_Driver/Src/stm32f3xx_hal_gpio.c ****         
 330:Inc/STM32F3xx_HAL_Driver/Src/stm32f3xx_hal_gpio.c ****         /* Clear Rising Falling edge configuration */
 331:Inc/STM32F3xx_HAL_Driver/Src/stm32f3xx_hal_gpio.c ****         EXTI->FTSR &= ~((uint32_t)iocurrent);
 332:Inc/STM32F3xx_HAL_Driver/Src/stm32f3xx_hal_gpio.c ****         EXTI->RTSR &= ~((uint32_t)iocurrent);
 333:Inc/STM32F3xx_HAL_Driver/Src/stm32f3xx_hal_gpio.c **** 
 334:Inc/STM32F3xx_HAL_Driver/Src/stm32f3xx_hal_gpio.c ****         /* Configure the External Interrupt or event for the current IO */
 335:Inc/STM32F3xx_HAL_Driver/Src/stm32f3xx_hal_gpio.c ****         tmp = 0x0FuL << (4u * (position & 0x03u));
 336:Inc/STM32F3xx_HAL_Driver/Src/stm32f3xx_hal_gpio.c ****         SYSCFG->EXTICR[position >> 2u] &= ~tmp;
 337:Inc/STM32F3xx_HAL_Driver/Src/stm32f3xx_hal_gpio.c ****       }
 338:Inc/STM32F3xx_HAL_Driver/Src/stm32f3xx_hal_gpio.c **** 
 339:Inc/STM32F3xx_HAL_Driver/Src/stm32f3xx_hal_gpio.c ****       /*------------------------- GPIO Mode Configuration --------------------*/
 340:Inc/STM32F3xx_HAL_Driver/Src/stm32f3xx_hal_gpio.c ****       /* Configure IO Direction in Input Floating Mode */
 341:Inc/STM32F3xx_HAL_Driver/Src/stm32f3xx_hal_gpio.c ****       GPIOx->MODER &= ~(GPIO_MODER_MODER0 << (position * 2u));
 521              		.loc 1 341 7 is_stmt 1 view .LVU196
 522              		.loc 1 341 12 is_stmt 0 view .LVU197
 523 001c 0468     		ldr	r4, [r0]
 524              		.loc 1 341 56 view .LVU198
 525 001e 5D00     		lsls	r5, r3, #1
 526              		.loc 1 341 43 view .LVU199
 527 0020 4FF0030C 		mov	ip, #3
 528 0024 0CFA05FC 		lsl	ip, ip, r5
 529              		.loc 1 341 20 view .LVU200
 530 0028 24EA0C04 		bic	r4, r4, ip
 531 002c 0460     		str	r4, [r0]
 342:Inc/STM32F3xx_HAL_Driver/Src/stm32f3xx_hal_gpio.c **** 
 343:Inc/STM32F3xx_HAL_Driver/Src/stm32f3xx_hal_gpio.c ****       /* Configure the default Alternate Function in current IO */
 344:Inc/STM32F3xx_HAL_Driver/Src/stm32f3xx_hal_gpio.c ****       GPIOx->AFR[position >> 3u] &= ~(0xFu << ((uint32_t)(position & 0x07u) * 4u)) ;
 532              		.loc 1 344 7 is_stmt 1 view .LVU201
 533              		.loc 1 344 17 is_stmt 0 view .LVU202
 534 002e 4FEAD30E 		lsr	lr, r3, #3
 535 0032 0EF1080E 		add	lr, lr, #8
 536 0036 50F82E40 		ldr	r4, [r0, lr, lsl #2]
 537              		.loc 1 344 48 view .LVU203
 538 003a 03F00706 		and	r6, r3, #7
 539              		.loc 1 344 77 view .LVU204
 540 003e B600     		lsls	r6, r6, #2
 541              		.loc 1 344 44 view .LVU205
 542 0040 0F25     		movs	r5, #15
 543 0042 B540     		lsls	r5, r5, r6
 544              		.loc 1 344 34 view .LVU206
 545 0044 24EA0504 		bic	r4, r4, r5
 546 0048 40F82E40 		str	r4, [r0, lr, lsl #2]
 345:Inc/STM32F3xx_HAL_Driver/Src/stm32f3xx_hal_gpio.c **** 
ARM GAS  /tmp/ccKZUhoy.s 			page 18


 346:Inc/STM32F3xx_HAL_Driver/Src/stm32f3xx_hal_gpio.c ****       /* Deactivate the Pull-up and Pull-down resistor for the current IO */
 347:Inc/STM32F3xx_HAL_Driver/Src/stm32f3xx_hal_gpio.c ****       GPIOx->PUPDR &= ~(GPIO_PUPDR_PUPDR0 << (position * 2u));
 547              		.loc 1 347 7 is_stmt 1 view .LVU207
 548              		.loc 1 347 12 is_stmt 0 view .LVU208
 549 004c C468     		ldr	r4, [r0, #12]
 550              		.loc 1 347 20 view .LVU209
 551 004e 24EA0C04 		bic	r4, r4, ip
 552 0052 C460     		str	r4, [r0, #12]
 348:Inc/STM32F3xx_HAL_Driver/Src/stm32f3xx_hal_gpio.c **** 
 349:Inc/STM32F3xx_HAL_Driver/Src/stm32f3xx_hal_gpio.c ****       /* Configure the default value IO Output Type */
 350:Inc/STM32F3xx_HAL_Driver/Src/stm32f3xx_hal_gpio.c ****       GPIOx->OTYPER  &= ~(GPIO_OTYPER_OT_0 << position) ;
 553              		.loc 1 350 7 is_stmt 1 view .LVU210
 554              		.loc 1 350 12 is_stmt 0 view .LVU211
 555 0054 4468     		ldr	r4, [r0, #4]
 556              		.loc 1 350 22 view .LVU212
 557 0056 24EA0202 		bic	r2, r4, r2
 558              	.LVL49:
 559              		.loc 1 350 22 view .LVU213
 560 005a 4260     		str	r2, [r0, #4]
 351:Inc/STM32F3xx_HAL_Driver/Src/stm32f3xx_hal_gpio.c **** 
 352:Inc/STM32F3xx_HAL_Driver/Src/stm32f3xx_hal_gpio.c ****       /* Configure the default value for IO Speed */
 353:Inc/STM32F3xx_HAL_Driver/Src/stm32f3xx_hal_gpio.c ****       GPIOx->OSPEEDR &= ~(GPIO_OSPEEDER_OSPEEDR0 << (position * 2u));
 561              		.loc 1 353 7 is_stmt 1 view .LVU214
 562              		.loc 1 353 12 is_stmt 0 view .LVU215
 563 005c 8268     		ldr	r2, [r0, #8]
 564              		.loc 1 353 22 view .LVU216
 565 005e 22EA0C02 		bic	r2, r2, ip
 566 0062 8260     		str	r2, [r0, #8]
 567              	.L29:
 354:Inc/STM32F3xx_HAL_Driver/Src/stm32f3xx_hal_gpio.c ****     }
 355:Inc/STM32F3xx_HAL_Driver/Src/stm32f3xx_hal_gpio.c **** 
 356:Inc/STM32F3xx_HAL_Driver/Src/stm32f3xx_hal_gpio.c ****     position++;
 568              		.loc 1 356 5 is_stmt 1 view .LVU217
 569              		.loc 1 356 13 is_stmt 0 view .LVU218
 570 0064 0133     		adds	r3, r3, #1
 571              	.LVL50:
 312:Inc/STM32F3xx_HAL_Driver/Src/stm32f3xx_hal_gpio.c ****   {
 572              		.loc 1 312 33 is_stmt 1 view .LVU219
 573 0066 31FA03F2 		lsrs	r2, r1, r3
 574 006a 54D0     		beq	.L45
 575              	.LVL51:
 576              	.L32:
 315:Inc/STM32F3xx_HAL_Driver/Src/stm32f3xx_hal_gpio.c **** 
 577              		.loc 1 315 5 view .LVU220
 315:Inc/STM32F3xx_HAL_Driver/Src/stm32f3xx_hal_gpio.c **** 
 578              		.loc 1 315 35 is_stmt 0 view .LVU221
 579 006c 0122     		movs	r2, #1
 580 006e 9A40     		lsls	r2, r2, r3
 581              	.LVL52:
 317:Inc/STM32F3xx_HAL_Driver/Src/stm32f3xx_hal_gpio.c ****     {
 582              		.loc 1 317 5 is_stmt 1 view .LVU222
 317:Inc/STM32F3xx_HAL_Driver/Src/stm32f3xx_hal_gpio.c ****     {
 583              		.loc 1 317 8 is_stmt 0 view .LVU223
 584 0070 12EA0107 		ands	r7, r2, r1
 585              	.LVL53:
 317:Inc/STM32F3xx_HAL_Driver/Src/stm32f3xx_hal_gpio.c ****     {
 586              		.loc 1 317 8 view .LVU224
ARM GAS  /tmp/ccKZUhoy.s 			page 19


 587 0074 F6D0     		beq	.L29
 322:Inc/STM32F3xx_HAL_Driver/Src/stm32f3xx_hal_gpio.c ****       tmp &= (0x0FuL << (4u * (position & 0x03u)));
 588              		.loc 1 322 7 is_stmt 1 view .LVU225
 322:Inc/STM32F3xx_HAL_Driver/Src/stm32f3xx_hal_gpio.c ****       tmp &= (0x0FuL << (4u * (position & 0x03u)));
 589              		.loc 1 322 37 is_stmt 0 view .LVU226
 590 0076 4FEA930E 		lsr	lr, r3, #2
 322:Inc/STM32F3xx_HAL_Driver/Src/stm32f3xx_hal_gpio.c ****       tmp &= (0x0FuL << (4u * (position & 0x03u)));
 591              		.loc 1 322 11 view .LVU227
 592 007a 0EF10205 		add	r5, lr, #2
 593 007e 274C     		ldr	r4, .L47
 594 0080 54F82540 		ldr	r4, [r4, r5, lsl #2]
 595              	.LVL54:
 323:Inc/STM32F3xx_HAL_Driver/Src/stm32f3xx_hal_gpio.c ****       if (tmp == (GPIO_GET_INDEX(GPIOx) << (4u * (position & 0x03u))))
 596              		.loc 1 323 7 is_stmt 1 view .LVU228
 323:Inc/STM32F3xx_HAL_Driver/Src/stm32f3xx_hal_gpio.c ****       if (tmp == (GPIO_GET_INDEX(GPIOx) << (4u * (position & 0x03u))))
 597              		.loc 1 323 41 is_stmt 0 view .LVU229
 598 0084 03F0030C 		and	ip, r3, #3
 323:Inc/STM32F3xx_HAL_Driver/Src/stm32f3xx_hal_gpio.c ****       if (tmp == (GPIO_GET_INDEX(GPIOx) << (4u * (position & 0x03u))))
 599              		.loc 1 323 29 view .LVU230
 600 0088 4FEA8C0C 		lsl	ip, ip, #2
 323:Inc/STM32F3xx_HAL_Driver/Src/stm32f3xx_hal_gpio.c ****       if (tmp == (GPIO_GET_INDEX(GPIOx) << (4u * (position & 0x03u))))
 601              		.loc 1 323 22 view .LVU231
 602 008c 0F25     		movs	r5, #15
 603 008e 05FA0CF6 		lsl	r6, r5, ip
 323:Inc/STM32F3xx_HAL_Driver/Src/stm32f3xx_hal_gpio.c ****       if (tmp == (GPIO_GET_INDEX(GPIOx) << (4u * (position & 0x03u))))
 604              		.loc 1 323 11 view .LVU232
 605 0092 3440     		ands	r4, r4, r6
 606              	.LVL55:
 324:Inc/STM32F3xx_HAL_Driver/Src/stm32f3xx_hal_gpio.c ****       {
 607              		.loc 1 324 7 is_stmt 1 view .LVU233
 324:Inc/STM32F3xx_HAL_Driver/Src/stm32f3xx_hal_gpio.c ****       {
 608              		.loc 1 324 19 is_stmt 0 view .LVU234
 609 0094 B0F1904F 		cmp	r0, #1207959552
 610 0098 BBD0     		beq	.L33
 324:Inc/STM32F3xx_HAL_Driver/Src/stm32f3xx_hal_gpio.c ****       {
 611              		.loc 1 324 19 discriminator 1 view .LVU235
 612 009a 214D     		ldr	r5, .L47+4
 613 009c A842     		cmp	r0, r5
 614 009e 15D0     		beq	.L34
 324:Inc/STM32F3xx_HAL_Driver/Src/stm32f3xx_hal_gpio.c ****       {
 615              		.loc 1 324 19 discriminator 3 view .LVU236
 616 00a0 05F58065 		add	r5, r5, #1024
 617 00a4 A842     		cmp	r0, r5
 618 00a6 13D0     		beq	.L35
 324:Inc/STM32F3xx_HAL_Driver/Src/stm32f3xx_hal_gpio.c ****       {
 619              		.loc 1 324 19 discriminator 5 view .LVU237
 620 00a8 05F58065 		add	r5, r5, #1024
 621 00ac A842     		cmp	r0, r5
 622 00ae 11D0     		beq	.L36
 324:Inc/STM32F3xx_HAL_Driver/Src/stm32f3xx_hal_gpio.c ****       {
 623              		.loc 1 324 19 discriminator 7 view .LVU238
 624 00b0 05F58065 		add	r5, r5, #1024
 625 00b4 A842     		cmp	r0, r5
 626 00b6 0FD0     		beq	.L37
 324:Inc/STM32F3xx_HAL_Driver/Src/stm32f3xx_hal_gpio.c ****       {
 627              		.loc 1 324 19 discriminator 9 view .LVU239
 628 00b8 05F58065 		add	r5, r5, #1024
ARM GAS  /tmp/ccKZUhoy.s 			page 20


 629 00bc A842     		cmp	r0, r5
 630 00be 0DD0     		beq	.L38
 324:Inc/STM32F3xx_HAL_Driver/Src/stm32f3xx_hal_gpio.c ****       {
 631              		.loc 1 324 19 discriminator 11 view .LVU240
 632 00c0 05F58065 		add	r5, r5, #1024
 633 00c4 A842     		cmp	r0, r5
 634 00c6 A2D0     		beq	.L46
 324:Inc/STM32F3xx_HAL_Driver/Src/stm32f3xx_hal_gpio.c ****       {
 635              		.loc 1 324 19 discriminator 14 view .LVU241
 636 00c8 0725     		movs	r5, #7
 637 00ca A3E7     		b	.L30
 638              	.L34:
 324:Inc/STM32F3xx_HAL_Driver/Src/stm32f3xx_hal_gpio.c ****       {
 639              		.loc 1 324 19 discriminator 4 view .LVU242
 640 00cc 0125     		movs	r5, #1
 641 00ce A1E7     		b	.L30
 642              	.L35:
 324:Inc/STM32F3xx_HAL_Driver/Src/stm32f3xx_hal_gpio.c ****       {
 643              		.loc 1 324 19 discriminator 6 view .LVU243
 644 00d0 0225     		movs	r5, #2
 645 00d2 9FE7     		b	.L30
 646              	.L36:
 324:Inc/STM32F3xx_HAL_Driver/Src/stm32f3xx_hal_gpio.c ****       {
 647              		.loc 1 324 19 discriminator 8 view .LVU244
 648 00d4 0325     		movs	r5, #3
 649 00d6 9DE7     		b	.L30
 650              	.L37:
 324:Inc/STM32F3xx_HAL_Driver/Src/stm32f3xx_hal_gpio.c ****       {
 651              		.loc 1 324 19 discriminator 10 view .LVU245
 652 00d8 0425     		movs	r5, #4
 653 00da 9BE7     		b	.L30
 654              	.L38:
 324:Inc/STM32F3xx_HAL_Driver/Src/stm32f3xx_hal_gpio.c ****       {
 655              		.loc 1 324 19 discriminator 12 view .LVU246
 656 00dc 0525     		movs	r5, #5
 657 00de 99E7     		b	.L30
 658              	.L44:
 327:Inc/STM32F3xx_HAL_Driver/Src/stm32f3xx_hal_gpio.c ****         EXTI->EMR &= ~((uint32_t)iocurrent);
 659              		.loc 1 327 9 is_stmt 1 view .LVU247
 327:Inc/STM32F3xx_HAL_Driver/Src/stm32f3xx_hal_gpio.c ****         EXTI->EMR &= ~((uint32_t)iocurrent);
 660              		.loc 1 327 13 is_stmt 0 view .LVU248
 661 00e0 104C     		ldr	r4, .L47+8
 662              	.LVL56:
 327:Inc/STM32F3xx_HAL_Driver/Src/stm32f3xx_hal_gpio.c ****         EXTI->EMR &= ~((uint32_t)iocurrent);
 663              		.loc 1 327 13 view .LVU249
 664 00e2 2568     		ldr	r5, [r4]
 327:Inc/STM32F3xx_HAL_Driver/Src/stm32f3xx_hal_gpio.c ****         EXTI->EMR &= ~((uint32_t)iocurrent);
 665              		.loc 1 327 19 view .LVU250
 666 00e4 25EA0705 		bic	r5, r5, r7
 667 00e8 2560     		str	r5, [r4]
 328:Inc/STM32F3xx_HAL_Driver/Src/stm32f3xx_hal_gpio.c ****         
 668              		.loc 1 328 9 is_stmt 1 view .LVU251
 328:Inc/STM32F3xx_HAL_Driver/Src/stm32f3xx_hal_gpio.c ****         
 669              		.loc 1 328 13 is_stmt 0 view .LVU252
 670 00ea 6568     		ldr	r5, [r4, #4]
 328:Inc/STM32F3xx_HAL_Driver/Src/stm32f3xx_hal_gpio.c ****         
 671              		.loc 1 328 19 view .LVU253
ARM GAS  /tmp/ccKZUhoy.s 			page 21


 672 00ec 25EA0705 		bic	r5, r5, r7
 673 00f0 6560     		str	r5, [r4, #4]
 331:Inc/STM32F3xx_HAL_Driver/Src/stm32f3xx_hal_gpio.c ****         EXTI->RTSR &= ~((uint32_t)iocurrent);
 674              		.loc 1 331 9 is_stmt 1 view .LVU254
 331:Inc/STM32F3xx_HAL_Driver/Src/stm32f3xx_hal_gpio.c ****         EXTI->RTSR &= ~((uint32_t)iocurrent);
 675              		.loc 1 331 13 is_stmt 0 view .LVU255
 676 00f2 E568     		ldr	r5, [r4, #12]
 331:Inc/STM32F3xx_HAL_Driver/Src/stm32f3xx_hal_gpio.c ****         EXTI->RTSR &= ~((uint32_t)iocurrent);
 677              		.loc 1 331 20 view .LVU256
 678 00f4 25EA0705 		bic	r5, r5, r7
 679 00f8 E560     		str	r5, [r4, #12]
 332:Inc/STM32F3xx_HAL_Driver/Src/stm32f3xx_hal_gpio.c **** 
 680              		.loc 1 332 9 is_stmt 1 view .LVU257
 332:Inc/STM32F3xx_HAL_Driver/Src/stm32f3xx_hal_gpio.c **** 
 681              		.loc 1 332 13 is_stmt 0 view .LVU258
 682 00fa A568     		ldr	r5, [r4, #8]
 332:Inc/STM32F3xx_HAL_Driver/Src/stm32f3xx_hal_gpio.c **** 
 683              		.loc 1 332 20 view .LVU259
 684 00fc 25EA0705 		bic	r5, r5, r7
 685 0100 A560     		str	r5, [r4, #8]
 335:Inc/STM32F3xx_HAL_Driver/Src/stm32f3xx_hal_gpio.c ****         SYSCFG->EXTICR[position >> 2u] &= ~tmp;
 686              		.loc 1 335 9 is_stmt 1 view .LVU260
 687              	.LVL57:
 336:Inc/STM32F3xx_HAL_Driver/Src/stm32f3xx_hal_gpio.c ****       }
 688              		.loc 1 336 9 view .LVU261
 336:Inc/STM32F3xx_HAL_Driver/Src/stm32f3xx_hal_gpio.c ****       }
 689              		.loc 1 336 23 is_stmt 0 view .LVU262
 690 0102 064F     		ldr	r7, .L47
 691              	.LVL58:
 336:Inc/STM32F3xx_HAL_Driver/Src/stm32f3xx_hal_gpio.c ****       }
 692              		.loc 1 336 23 view .LVU263
 693 0104 0EF10204 		add	r4, lr, #2
 694 0108 57F82450 		ldr	r5, [r7, r4, lsl #2]
 336:Inc/STM32F3xx_HAL_Driver/Src/stm32f3xx_hal_gpio.c ****       }
 695              		.loc 1 336 40 view .LVU264
 696 010c 25EA0605 		bic	r5, r5, r6
 697 0110 47F82450 		str	r5, [r7, r4, lsl #2]
 698 0114 82E7     		b	.L31
 699              	.LVL59:
 700              	.L45:
 357:Inc/STM32F3xx_HAL_Driver/Src/stm32f3xx_hal_gpio.c ****   }
 358:Inc/STM32F3xx_HAL_Driver/Src/stm32f3xx_hal_gpio.c **** }
 701              		.loc 1 358 1 view .LVU265
 702 0116 F0BD     		pop	{r4, r5, r6, r7, pc}
 703              	.LVL60:
 704              	.L43:
 705              		.cfi_def_cfa_offset 0
 706              		.cfi_restore 4
 707              		.cfi_restore 5
 708              		.cfi_restore 6
 709              		.cfi_restore 7
 710              		.cfi_restore 14
 711              		.loc 1 358 1 view .LVU266
 712 0118 7047     		bx	lr
 713              	.L48:
 714 011a 00BF     		.align	2
 715              	.L47:
ARM GAS  /tmp/ccKZUhoy.s 			page 22


 716 011c 00000140 		.word	1073807360
 717 0120 00040048 		.word	1207960576
 718 0124 00040140 		.word	1073808384
 719              		.cfi_endproc
 720              	.LFE131:
 722              		.section	.text.HAL_GPIO_ReadPin,"ax",%progbits
 723              		.align	1
 724              		.global	HAL_GPIO_ReadPin
 725              		.syntax unified
 726              		.thumb
 727              		.thumb_func
 729              	HAL_GPIO_ReadPin:
 730              	.LVL61:
 731              	.LFB132:
 359:Inc/STM32F3xx_HAL_Driver/Src/stm32f3xx_hal_gpio.c **** 
 360:Inc/STM32F3xx_HAL_Driver/Src/stm32f3xx_hal_gpio.c **** /**
 361:Inc/STM32F3xx_HAL_Driver/Src/stm32f3xx_hal_gpio.c ****   * @}
 362:Inc/STM32F3xx_HAL_Driver/Src/stm32f3xx_hal_gpio.c ****   */
 363:Inc/STM32F3xx_HAL_Driver/Src/stm32f3xx_hal_gpio.c **** 
 364:Inc/STM32F3xx_HAL_Driver/Src/stm32f3xx_hal_gpio.c **** /** @defgroup GPIO_Exported_Functions_Group2 IO operation functions 
 365:Inc/STM32F3xx_HAL_Driver/Src/stm32f3xx_hal_gpio.c ****  *  @brief GPIO Read, Write, Toggle, Lock and EXTI management functions.
 366:Inc/STM32F3xx_HAL_Driver/Src/stm32f3xx_hal_gpio.c ****  *
 367:Inc/STM32F3xx_HAL_Driver/Src/stm32f3xx_hal_gpio.c **** @verbatim
 368:Inc/STM32F3xx_HAL_Driver/Src/stm32f3xx_hal_gpio.c ****  ===============================================================================
 369:Inc/STM32F3xx_HAL_Driver/Src/stm32f3xx_hal_gpio.c ****                        ##### IO operation functions #####
 370:Inc/STM32F3xx_HAL_Driver/Src/stm32f3xx_hal_gpio.c ****  ===============================================================================
 371:Inc/STM32F3xx_HAL_Driver/Src/stm32f3xx_hal_gpio.c **** 
 372:Inc/STM32F3xx_HAL_Driver/Src/stm32f3xx_hal_gpio.c **** @endverbatim
 373:Inc/STM32F3xx_HAL_Driver/Src/stm32f3xx_hal_gpio.c ****   * @{
 374:Inc/STM32F3xx_HAL_Driver/Src/stm32f3xx_hal_gpio.c ****   */
 375:Inc/STM32F3xx_HAL_Driver/Src/stm32f3xx_hal_gpio.c **** 
 376:Inc/STM32F3xx_HAL_Driver/Src/stm32f3xx_hal_gpio.c **** /**
 377:Inc/STM32F3xx_HAL_Driver/Src/stm32f3xx_hal_gpio.c ****   * @brief  Read the specified input port pin.
 378:Inc/STM32F3xx_HAL_Driver/Src/stm32f3xx_hal_gpio.c ****   * @param  GPIOx where x can be (A..F) to select the GPIO peripheral for STM32F3 family
 379:Inc/STM32F3xx_HAL_Driver/Src/stm32f3xx_hal_gpio.c ****   * @param  GPIO_Pin specifies the port bit to read.
 380:Inc/STM32F3xx_HAL_Driver/Src/stm32f3xx_hal_gpio.c ****   *         This parameter can be GPIO_PIN_x where x can be (0..15).
 381:Inc/STM32F3xx_HAL_Driver/Src/stm32f3xx_hal_gpio.c ****   * @retval The input port pin value.
 382:Inc/STM32F3xx_HAL_Driver/Src/stm32f3xx_hal_gpio.c ****   */
 383:Inc/STM32F3xx_HAL_Driver/Src/stm32f3xx_hal_gpio.c **** GPIO_PinState HAL_GPIO_ReadPin(GPIO_TypeDef* GPIOx, uint16_t GPIO_Pin)
 384:Inc/STM32F3xx_HAL_Driver/Src/stm32f3xx_hal_gpio.c **** {
 732              		.loc 1 384 1 is_stmt 1 view -0
 733              		.cfi_startproc
 734              		@ args = 0, pretend = 0, frame = 0
 735              		@ frame_needed = 0, uses_anonymous_args = 0
 736              		@ link register save eliminated.
 385:Inc/STM32F3xx_HAL_Driver/Src/stm32f3xx_hal_gpio.c ****   GPIO_PinState bitstatus;
 737              		.loc 1 385 3 view .LVU268
 386:Inc/STM32F3xx_HAL_Driver/Src/stm32f3xx_hal_gpio.c **** 
 387:Inc/STM32F3xx_HAL_Driver/Src/stm32f3xx_hal_gpio.c ****   /* Check the parameters */
 388:Inc/STM32F3xx_HAL_Driver/Src/stm32f3xx_hal_gpio.c ****   assert_param(IS_GPIO_PIN(GPIO_Pin));
 738              		.loc 1 388 3 view .LVU269
 389:Inc/STM32F3xx_HAL_Driver/Src/stm32f3xx_hal_gpio.c **** 
 390:Inc/STM32F3xx_HAL_Driver/Src/stm32f3xx_hal_gpio.c ****   if((GPIOx->IDR & GPIO_Pin) != (uint32_t)GPIO_PIN_RESET)
 739              		.loc 1 390 3 view .LVU270
 740              		.loc 1 390 12 is_stmt 0 view .LVU271
 741 0000 0369     		ldr	r3, [r0, #16]
 742              		.loc 1 390 5 view .LVU272
ARM GAS  /tmp/ccKZUhoy.s 			page 23


 743 0002 1942     		tst	r1, r3
 744 0004 01D0     		beq	.L51
 391:Inc/STM32F3xx_HAL_Driver/Src/stm32f3xx_hal_gpio.c ****   {
 392:Inc/STM32F3xx_HAL_Driver/Src/stm32f3xx_hal_gpio.c ****     bitstatus = GPIO_PIN_SET;
 745              		.loc 1 392 15 view .LVU273
 746 0006 0120     		movs	r0, #1
 747              	.LVL62:
 748              		.loc 1 392 15 view .LVU274
 749 0008 7047     		bx	lr
 750              	.LVL63:
 751              	.L51:
 393:Inc/STM32F3xx_HAL_Driver/Src/stm32f3xx_hal_gpio.c ****   }
 394:Inc/STM32F3xx_HAL_Driver/Src/stm32f3xx_hal_gpio.c ****   else
 395:Inc/STM32F3xx_HAL_Driver/Src/stm32f3xx_hal_gpio.c ****   {
 396:Inc/STM32F3xx_HAL_Driver/Src/stm32f3xx_hal_gpio.c ****     bitstatus = GPIO_PIN_RESET;
 752              		.loc 1 396 15 view .LVU275
 753 000a 0020     		movs	r0, #0
 754              	.LVL64:
 397:Inc/STM32F3xx_HAL_Driver/Src/stm32f3xx_hal_gpio.c ****   }
 398:Inc/STM32F3xx_HAL_Driver/Src/stm32f3xx_hal_gpio.c ****   return bitstatus;
 755              		.loc 1 398 3 is_stmt 1 view .LVU276
 399:Inc/STM32F3xx_HAL_Driver/Src/stm32f3xx_hal_gpio.c **** }
 756              		.loc 1 399 1 is_stmt 0 view .LVU277
 757 000c 7047     		bx	lr
 758              		.cfi_endproc
 759              	.LFE132:
 761              		.section	.text.HAL_GPIO_WritePin,"ax",%progbits
 762              		.align	1
 763              		.global	HAL_GPIO_WritePin
 764              		.syntax unified
 765              		.thumb
 766              		.thumb_func
 768              	HAL_GPIO_WritePin:
 769              	.LVL65:
 770              	.LFB133:
 400:Inc/STM32F3xx_HAL_Driver/Src/stm32f3xx_hal_gpio.c **** 
 401:Inc/STM32F3xx_HAL_Driver/Src/stm32f3xx_hal_gpio.c **** /**
 402:Inc/STM32F3xx_HAL_Driver/Src/stm32f3xx_hal_gpio.c ****   * @brief  Set or clear the selected data port bit.
 403:Inc/STM32F3xx_HAL_Driver/Src/stm32f3xx_hal_gpio.c ****   *
 404:Inc/STM32F3xx_HAL_Driver/Src/stm32f3xx_hal_gpio.c ****   * @note   This function uses GPIOx_BSRR and GPIOx_BRR registers to allow atomic read/modify
 405:Inc/STM32F3xx_HAL_Driver/Src/stm32f3xx_hal_gpio.c ****   *         accesses. In this way, there is no risk of an IRQ occurring between
 406:Inc/STM32F3xx_HAL_Driver/Src/stm32f3xx_hal_gpio.c ****   *         the read and the modify access.
 407:Inc/STM32F3xx_HAL_Driver/Src/stm32f3xx_hal_gpio.c ****   *
 408:Inc/STM32F3xx_HAL_Driver/Src/stm32f3xx_hal_gpio.c ****   * @param  GPIOx where x can be (A..F) to select the GPIO peripheral for STM32F3 family
 409:Inc/STM32F3xx_HAL_Driver/Src/stm32f3xx_hal_gpio.c ****   * @param  GPIO_Pin specifies the port bit to be written.
 410:Inc/STM32F3xx_HAL_Driver/Src/stm32f3xx_hal_gpio.c ****   *         This parameter can be one of GPIO_PIN_x where x can be (0..15).
 411:Inc/STM32F3xx_HAL_Driver/Src/stm32f3xx_hal_gpio.c ****   * @param  PinState specifies the value to be written to the selected bit.
 412:Inc/STM32F3xx_HAL_Driver/Src/stm32f3xx_hal_gpio.c ****   *         This parameter can be one of the GPIO_PinState enum values:
 413:Inc/STM32F3xx_HAL_Driver/Src/stm32f3xx_hal_gpio.c ****   *            @arg GPIO_PIN_RESET: to clear the port pin
 414:Inc/STM32F3xx_HAL_Driver/Src/stm32f3xx_hal_gpio.c ****   *            @arg GPIO_PIN_SET: to set the port pin
 415:Inc/STM32F3xx_HAL_Driver/Src/stm32f3xx_hal_gpio.c ****   * @retval None
 416:Inc/STM32F3xx_HAL_Driver/Src/stm32f3xx_hal_gpio.c ****   */
 417:Inc/STM32F3xx_HAL_Driver/Src/stm32f3xx_hal_gpio.c **** void HAL_GPIO_WritePin(GPIO_TypeDef* GPIOx, uint16_t GPIO_Pin, GPIO_PinState PinState)
 418:Inc/STM32F3xx_HAL_Driver/Src/stm32f3xx_hal_gpio.c **** {
 771              		.loc 1 418 1 is_stmt 1 view -0
 772              		.cfi_startproc
 773              		@ args = 0, pretend = 0, frame = 0
ARM GAS  /tmp/ccKZUhoy.s 			page 24


 774              		@ frame_needed = 0, uses_anonymous_args = 0
 775              		@ link register save eliminated.
 419:Inc/STM32F3xx_HAL_Driver/Src/stm32f3xx_hal_gpio.c ****   /* Check the parameters */
 420:Inc/STM32F3xx_HAL_Driver/Src/stm32f3xx_hal_gpio.c ****   assert_param(IS_GPIO_PIN(GPIO_Pin));
 776              		.loc 1 420 3 view .LVU279
 421:Inc/STM32F3xx_HAL_Driver/Src/stm32f3xx_hal_gpio.c ****   assert_param(IS_GPIO_PIN_ACTION(PinState));
 777              		.loc 1 421 3 view .LVU280
 422:Inc/STM32F3xx_HAL_Driver/Src/stm32f3xx_hal_gpio.c **** 
 423:Inc/STM32F3xx_HAL_Driver/Src/stm32f3xx_hal_gpio.c ****   if(PinState != GPIO_PIN_RESET)
 778              		.loc 1 423 3 view .LVU281
 779              		.loc 1 423 5 is_stmt 0 view .LVU282
 780 0000 0AB1     		cbz	r2, .L53
 424:Inc/STM32F3xx_HAL_Driver/Src/stm32f3xx_hal_gpio.c ****   {
 425:Inc/STM32F3xx_HAL_Driver/Src/stm32f3xx_hal_gpio.c ****     GPIOx->BSRR = (uint32_t)GPIO_Pin;
 781              		.loc 1 425 5 is_stmt 1 view .LVU283
 782              		.loc 1 425 17 is_stmt 0 view .LVU284
 783 0002 8161     		str	r1, [r0, #24]
 784 0004 7047     		bx	lr
 785              	.L53:
 426:Inc/STM32F3xx_HAL_Driver/Src/stm32f3xx_hal_gpio.c ****   }
 427:Inc/STM32F3xx_HAL_Driver/Src/stm32f3xx_hal_gpio.c ****   else
 428:Inc/STM32F3xx_HAL_Driver/Src/stm32f3xx_hal_gpio.c ****   {
 429:Inc/STM32F3xx_HAL_Driver/Src/stm32f3xx_hal_gpio.c ****     GPIOx->BRR = (uint32_t)GPIO_Pin;
 786              		.loc 1 429 5 is_stmt 1 view .LVU285
 787              		.loc 1 429 16 is_stmt 0 view .LVU286
 788 0006 8162     		str	r1, [r0, #40]
 430:Inc/STM32F3xx_HAL_Driver/Src/stm32f3xx_hal_gpio.c ****   }
 431:Inc/STM32F3xx_HAL_Driver/Src/stm32f3xx_hal_gpio.c **** }
 789              		.loc 1 431 1 view .LVU287
 790 0008 7047     		bx	lr
 791              		.cfi_endproc
 792              	.LFE133:
 794              		.section	.text.HAL_GPIO_TogglePin,"ax",%progbits
 795              		.align	1
 796              		.global	HAL_GPIO_TogglePin
 797              		.syntax unified
 798              		.thumb
 799              		.thumb_func
 801              	HAL_GPIO_TogglePin:
 802              	.LVL66:
 803              	.LFB134:
 432:Inc/STM32F3xx_HAL_Driver/Src/stm32f3xx_hal_gpio.c **** 
 433:Inc/STM32F3xx_HAL_Driver/Src/stm32f3xx_hal_gpio.c **** /**
 434:Inc/STM32F3xx_HAL_Driver/Src/stm32f3xx_hal_gpio.c ****   * @brief  Toggle the specified GPIO pin.
 435:Inc/STM32F3xx_HAL_Driver/Src/stm32f3xx_hal_gpio.c ****   * @param  GPIOx where x can be (A..F) to select the GPIO peripheral for STM32F3 family
 436:Inc/STM32F3xx_HAL_Driver/Src/stm32f3xx_hal_gpio.c ****   * @param  GPIO_Pin specifies the pin to be toggled.
 437:Inc/STM32F3xx_HAL_Driver/Src/stm32f3xx_hal_gpio.c ****   * @retval None
 438:Inc/STM32F3xx_HAL_Driver/Src/stm32f3xx_hal_gpio.c ****   */
 439:Inc/STM32F3xx_HAL_Driver/Src/stm32f3xx_hal_gpio.c **** void HAL_GPIO_TogglePin(GPIO_TypeDef* GPIOx, uint16_t GPIO_Pin)
 440:Inc/STM32F3xx_HAL_Driver/Src/stm32f3xx_hal_gpio.c **** {
 804              		.loc 1 440 1 is_stmt 1 view -0
 805              		.cfi_startproc
 806              		@ args = 0, pretend = 0, frame = 0
 807              		@ frame_needed = 0, uses_anonymous_args = 0
 808              		@ link register save eliminated.
 441:Inc/STM32F3xx_HAL_Driver/Src/stm32f3xx_hal_gpio.c ****   uint32_t odr;
 809              		.loc 1 441 3 view .LVU289
ARM GAS  /tmp/ccKZUhoy.s 			page 25


 442:Inc/STM32F3xx_HAL_Driver/Src/stm32f3xx_hal_gpio.c **** 
 443:Inc/STM32F3xx_HAL_Driver/Src/stm32f3xx_hal_gpio.c ****   /* Check the parameters */
 444:Inc/STM32F3xx_HAL_Driver/Src/stm32f3xx_hal_gpio.c ****   assert_param(IS_GPIO_PIN(GPIO_Pin));
 810              		.loc 1 444 3 view .LVU290
 445:Inc/STM32F3xx_HAL_Driver/Src/stm32f3xx_hal_gpio.c **** 
 446:Inc/STM32F3xx_HAL_Driver/Src/stm32f3xx_hal_gpio.c ****   /* get current Output Data Register value */
 447:Inc/STM32F3xx_HAL_Driver/Src/stm32f3xx_hal_gpio.c ****   odr = GPIOx->ODR;
 811              		.loc 1 447 3 view .LVU291
 812              		.loc 1 447 7 is_stmt 0 view .LVU292
 813 0000 4369     		ldr	r3, [r0, #20]
 814              	.LVL67:
 448:Inc/STM32F3xx_HAL_Driver/Src/stm32f3xx_hal_gpio.c **** 
 449:Inc/STM32F3xx_HAL_Driver/Src/stm32f3xx_hal_gpio.c ****   /* Set selected pins that were at low level, and reset ones that were high */
 450:Inc/STM32F3xx_HAL_Driver/Src/stm32f3xx_hal_gpio.c ****   GPIOx->BSRR = ((odr & GPIO_Pin) << GPIO_NUMBER) | (~odr & GPIO_Pin);
 815              		.loc 1 450 3 is_stmt 1 view .LVU293
 816              		.loc 1 450 23 is_stmt 0 view .LVU294
 817 0002 01EA0302 		and	r2, r1, r3
 818              		.loc 1 450 59 view .LVU295
 819 0006 21EA0301 		bic	r1, r1, r3
 820              	.LVL68:
 821              		.loc 1 450 51 view .LVU296
 822 000a 41EA0241 		orr	r1, r1, r2, lsl #16
 823              		.loc 1 450 15 view .LVU297
 824 000e 8161     		str	r1, [r0, #24]
 451:Inc/STM32F3xx_HAL_Driver/Src/stm32f3xx_hal_gpio.c **** }
 825              		.loc 1 451 1 view .LVU298
 826 0010 7047     		bx	lr
 827              		.cfi_endproc
 828              	.LFE134:
 830              		.section	.text.HAL_GPIO_LockPin,"ax",%progbits
 831              		.align	1
 832              		.global	HAL_GPIO_LockPin
 833              		.syntax unified
 834              		.thumb
 835              		.thumb_func
 837              	HAL_GPIO_LockPin:
 838              	.LVL69:
 839              	.LFB135:
 452:Inc/STM32F3xx_HAL_Driver/Src/stm32f3xx_hal_gpio.c **** 
 453:Inc/STM32F3xx_HAL_Driver/Src/stm32f3xx_hal_gpio.c **** /**
 454:Inc/STM32F3xx_HAL_Driver/Src/stm32f3xx_hal_gpio.c **** * @brief  Lock GPIO Pins configuration registers.
 455:Inc/STM32F3xx_HAL_Driver/Src/stm32f3xx_hal_gpio.c ****   * @note   The locked registers are GPIOx_MODER, GPIOx_OTYPER, GPIOx_OSPEEDR,
 456:Inc/STM32F3xx_HAL_Driver/Src/stm32f3xx_hal_gpio.c ****   *         GPIOx_PUPDR, GPIOx_AFRL and GPIOx_AFRH.
 457:Inc/STM32F3xx_HAL_Driver/Src/stm32f3xx_hal_gpio.c ****   * @note   The configuration of the locked GPIO pins can no longer be modified
 458:Inc/STM32F3xx_HAL_Driver/Src/stm32f3xx_hal_gpio.c ****   *         until the next reset.
 459:Inc/STM32F3xx_HAL_Driver/Src/stm32f3xx_hal_gpio.c ****   * @param  GPIOx where x can be (A..F) to select the GPIO peripheral for STM32F3 family
 460:Inc/STM32F3xx_HAL_Driver/Src/stm32f3xx_hal_gpio.c ****   * @param  GPIO_Pin specifies the port bits to be locked.
 461:Inc/STM32F3xx_HAL_Driver/Src/stm32f3xx_hal_gpio.c ****   *         This parameter can be any combination of GPIO_PIN_x where x can be (0..15).
 462:Inc/STM32F3xx_HAL_Driver/Src/stm32f3xx_hal_gpio.c ****   * @retval None
 463:Inc/STM32F3xx_HAL_Driver/Src/stm32f3xx_hal_gpio.c ****   */
 464:Inc/STM32F3xx_HAL_Driver/Src/stm32f3xx_hal_gpio.c **** HAL_StatusTypeDef HAL_GPIO_LockPin(GPIO_TypeDef* GPIOx, uint16_t GPIO_Pin)
 465:Inc/STM32F3xx_HAL_Driver/Src/stm32f3xx_hal_gpio.c **** {
 840              		.loc 1 465 1 is_stmt 1 view -0
 841              		.cfi_startproc
 842              		@ args = 0, pretend = 0, frame = 8
 843              		@ frame_needed = 0, uses_anonymous_args = 0
 844              		@ link register save eliminated.
ARM GAS  /tmp/ccKZUhoy.s 			page 26


 845              		.loc 1 465 1 is_stmt 0 view .LVU300
 846 0000 82B0     		sub	sp, sp, #8
 847              		.cfi_def_cfa_offset 8
 466:Inc/STM32F3xx_HAL_Driver/Src/stm32f3xx_hal_gpio.c ****   __IO uint32_t tmp = GPIO_LCKR_LCKK;
 848              		.loc 1 466 3 is_stmt 1 view .LVU301
 849              		.loc 1 466 17 is_stmt 0 view .LVU302
 850 0002 4FF48033 		mov	r3, #65536
 851 0006 0193     		str	r3, [sp, #4]
 467:Inc/STM32F3xx_HAL_Driver/Src/stm32f3xx_hal_gpio.c **** 
 468:Inc/STM32F3xx_HAL_Driver/Src/stm32f3xx_hal_gpio.c ****   /* Check the parameters */
 469:Inc/STM32F3xx_HAL_Driver/Src/stm32f3xx_hal_gpio.c ****   assert_param(IS_GPIO_LOCK_INSTANCE(GPIOx));
 852              		.loc 1 469 3 is_stmt 1 view .LVU303
 470:Inc/STM32F3xx_HAL_Driver/Src/stm32f3xx_hal_gpio.c ****   assert_param(IS_GPIO_PIN(GPIO_Pin));
 853              		.loc 1 470 3 view .LVU304
 471:Inc/STM32F3xx_HAL_Driver/Src/stm32f3xx_hal_gpio.c **** 
 472:Inc/STM32F3xx_HAL_Driver/Src/stm32f3xx_hal_gpio.c ****   /* Apply lock key write sequence */
 473:Inc/STM32F3xx_HAL_Driver/Src/stm32f3xx_hal_gpio.c ****   tmp |= GPIO_Pin;
 854              		.loc 1 473 3 view .LVU305
 855              		.loc 1 473 7 is_stmt 0 view .LVU306
 856 0008 019B     		ldr	r3, [sp, #4]
 857 000a 0B43     		orrs	r3, r3, r1
 858 000c 0193     		str	r3, [sp, #4]
 474:Inc/STM32F3xx_HAL_Driver/Src/stm32f3xx_hal_gpio.c ****   /* Set LCKx bit(s): LCKK='1' + LCK[15U-0] */
 475:Inc/STM32F3xx_HAL_Driver/Src/stm32f3xx_hal_gpio.c ****   GPIOx->LCKR = tmp;
 859              		.loc 1 475 3 is_stmt 1 view .LVU307
 860              		.loc 1 475 15 is_stmt 0 view .LVU308
 861 000e 019B     		ldr	r3, [sp, #4]
 862 0010 C361     		str	r3, [r0, #28]
 476:Inc/STM32F3xx_HAL_Driver/Src/stm32f3xx_hal_gpio.c ****   /* Reset LCKx bit(s): LCKK='0' + LCK[15U-0] */
 477:Inc/STM32F3xx_HAL_Driver/Src/stm32f3xx_hal_gpio.c ****   GPIOx->LCKR = GPIO_Pin;
 863              		.loc 1 477 3 is_stmt 1 view .LVU309
 864              		.loc 1 477 15 is_stmt 0 view .LVU310
 865 0012 C161     		str	r1, [r0, #28]
 478:Inc/STM32F3xx_HAL_Driver/Src/stm32f3xx_hal_gpio.c ****   /* Set LCKx bit(s): LCKK='1' + LCK[15U-0] */
 479:Inc/STM32F3xx_HAL_Driver/Src/stm32f3xx_hal_gpio.c ****   GPIOx->LCKR = tmp;
 866              		.loc 1 479 3 is_stmt 1 view .LVU311
 867              		.loc 1 479 15 is_stmt 0 view .LVU312
 868 0014 019B     		ldr	r3, [sp, #4]
 869 0016 C361     		str	r3, [r0, #28]
 480:Inc/STM32F3xx_HAL_Driver/Src/stm32f3xx_hal_gpio.c ****   /* Read LCKK register. This read is mandatory to complete key lock sequence */
 481:Inc/STM32F3xx_HAL_Driver/Src/stm32f3xx_hal_gpio.c ****   tmp = GPIOx->LCKR;
 870              		.loc 1 481 3 is_stmt 1 view .LVU313
 871              		.loc 1 481 14 is_stmt 0 view .LVU314
 872 0018 C369     		ldr	r3, [r0, #28]
 873              		.loc 1 481 7 view .LVU315
 874 001a 0193     		str	r3, [sp, #4]
 482:Inc/STM32F3xx_HAL_Driver/Src/stm32f3xx_hal_gpio.c **** 
 483:Inc/STM32F3xx_HAL_Driver/Src/stm32f3xx_hal_gpio.c ****   /* read again in order to confirm lock is active */
 484:Inc/STM32F3xx_HAL_Driver/Src/stm32f3xx_hal_gpio.c ****  if((GPIOx->LCKR & GPIO_LCKR_LCKK) != 0x00u)
 875              		.loc 1 484 2 is_stmt 1 view .LVU316
 876              		.loc 1 484 11 is_stmt 0 view .LVU317
 877 001c C369     		ldr	r3, [r0, #28]
 878              		.loc 1 484 4 view .LVU318
 879 001e 13F4803F 		tst	r3, #65536
 880 0022 02D0     		beq	.L58
 485:Inc/STM32F3xx_HAL_Driver/Src/stm32f3xx_hal_gpio.c ****   {
 486:Inc/STM32F3xx_HAL_Driver/Src/stm32f3xx_hal_gpio.c ****     return HAL_OK;
ARM GAS  /tmp/ccKZUhoy.s 			page 27


 881              		.loc 1 486 12 view .LVU319
 882 0024 0020     		movs	r0, #0
 883              	.LVL70:
 884              	.L57:
 487:Inc/STM32F3xx_HAL_Driver/Src/stm32f3xx_hal_gpio.c ****   }
 488:Inc/STM32F3xx_HAL_Driver/Src/stm32f3xx_hal_gpio.c ****   else
 489:Inc/STM32F3xx_HAL_Driver/Src/stm32f3xx_hal_gpio.c ****   {
 490:Inc/STM32F3xx_HAL_Driver/Src/stm32f3xx_hal_gpio.c ****     return HAL_ERROR;
 491:Inc/STM32F3xx_HAL_Driver/Src/stm32f3xx_hal_gpio.c ****   }
 492:Inc/STM32F3xx_HAL_Driver/Src/stm32f3xx_hal_gpio.c **** }
 885              		.loc 1 492 1 view .LVU320
 886 0026 02B0     		add	sp, sp, #8
 887              		.cfi_remember_state
 888              		.cfi_def_cfa_offset 0
 889              		@ sp needed
 890 0028 7047     		bx	lr
 891              	.LVL71:
 892              	.L58:
 893              		.cfi_restore_state
 490:Inc/STM32F3xx_HAL_Driver/Src/stm32f3xx_hal_gpio.c ****   }
 894              		.loc 1 490 12 view .LVU321
 895 002a 0120     		movs	r0, #1
 896              	.LVL72:
 490:Inc/STM32F3xx_HAL_Driver/Src/stm32f3xx_hal_gpio.c ****   }
 897              		.loc 1 490 12 view .LVU322
 898 002c FBE7     		b	.L57
 899              		.cfi_endproc
 900              	.LFE135:
 902              		.section	.text.HAL_GPIO_EXTI_Callback,"ax",%progbits
 903              		.align	1
 904              		.weak	HAL_GPIO_EXTI_Callback
 905              		.syntax unified
 906              		.thumb
 907              		.thumb_func
 909              	HAL_GPIO_EXTI_Callback:
 910              	.LVL73:
 911              	.LFB137:
 493:Inc/STM32F3xx_HAL_Driver/Src/stm32f3xx_hal_gpio.c **** 
 494:Inc/STM32F3xx_HAL_Driver/Src/stm32f3xx_hal_gpio.c **** /**
 495:Inc/STM32F3xx_HAL_Driver/Src/stm32f3xx_hal_gpio.c ****   * @brief  Handle EXTI interrupt request.
 496:Inc/STM32F3xx_HAL_Driver/Src/stm32f3xx_hal_gpio.c ****   * @param  GPIO_Pin Specifies the port pin connected to corresponding EXTI line.
 497:Inc/STM32F3xx_HAL_Driver/Src/stm32f3xx_hal_gpio.c ****   * @retval None
 498:Inc/STM32F3xx_HAL_Driver/Src/stm32f3xx_hal_gpio.c ****   */
 499:Inc/STM32F3xx_HAL_Driver/Src/stm32f3xx_hal_gpio.c **** void HAL_GPIO_EXTI_IRQHandler(uint16_t GPIO_Pin)
 500:Inc/STM32F3xx_HAL_Driver/Src/stm32f3xx_hal_gpio.c **** {
 501:Inc/STM32F3xx_HAL_Driver/Src/stm32f3xx_hal_gpio.c ****   /* EXTI line interrupt detected */
 502:Inc/STM32F3xx_HAL_Driver/Src/stm32f3xx_hal_gpio.c ****   if(__HAL_GPIO_EXTI_GET_IT(GPIO_Pin) != 0x00u)
 503:Inc/STM32F3xx_HAL_Driver/Src/stm32f3xx_hal_gpio.c ****   {
 504:Inc/STM32F3xx_HAL_Driver/Src/stm32f3xx_hal_gpio.c ****     __HAL_GPIO_EXTI_CLEAR_IT(GPIO_Pin);
 505:Inc/STM32F3xx_HAL_Driver/Src/stm32f3xx_hal_gpio.c ****     HAL_GPIO_EXTI_Callback(GPIO_Pin);
 506:Inc/STM32F3xx_HAL_Driver/Src/stm32f3xx_hal_gpio.c ****   }
 507:Inc/STM32F3xx_HAL_Driver/Src/stm32f3xx_hal_gpio.c **** }
 508:Inc/STM32F3xx_HAL_Driver/Src/stm32f3xx_hal_gpio.c **** 
 509:Inc/STM32F3xx_HAL_Driver/Src/stm32f3xx_hal_gpio.c **** /**
 510:Inc/STM32F3xx_HAL_Driver/Src/stm32f3xx_hal_gpio.c ****   * @brief  EXTI line detection callback.
 511:Inc/STM32F3xx_HAL_Driver/Src/stm32f3xx_hal_gpio.c ****   * @param  GPIO_Pin Specifies the port pin connected to corresponding EXTI line.
 512:Inc/STM32F3xx_HAL_Driver/Src/stm32f3xx_hal_gpio.c ****   * @retval None
ARM GAS  /tmp/ccKZUhoy.s 			page 28


 513:Inc/STM32F3xx_HAL_Driver/Src/stm32f3xx_hal_gpio.c ****   */
 514:Inc/STM32F3xx_HAL_Driver/Src/stm32f3xx_hal_gpio.c **** __weak void HAL_GPIO_EXTI_Callback(uint16_t GPIO_Pin)
 515:Inc/STM32F3xx_HAL_Driver/Src/stm32f3xx_hal_gpio.c **** {
 912              		.loc 1 515 1 is_stmt 1 view -0
 913              		.cfi_startproc
 914              		@ args = 0, pretend = 0, frame = 0
 915              		@ frame_needed = 0, uses_anonymous_args = 0
 916              		@ link register save eliminated.
 516:Inc/STM32F3xx_HAL_Driver/Src/stm32f3xx_hal_gpio.c ****   /* Prevent unused argument(s) compilation warning */
 517:Inc/STM32F3xx_HAL_Driver/Src/stm32f3xx_hal_gpio.c ****   UNUSED(GPIO_Pin);
 917              		.loc 1 517 3 view .LVU324
 518:Inc/STM32F3xx_HAL_Driver/Src/stm32f3xx_hal_gpio.c **** 
 519:Inc/STM32F3xx_HAL_Driver/Src/stm32f3xx_hal_gpio.c ****   /* NOTE: This function should not be modified, when the callback is needed,
 520:Inc/STM32F3xx_HAL_Driver/Src/stm32f3xx_hal_gpio.c ****            the HAL_GPIO_EXTI_Callback could be implemented in the user file
 521:Inc/STM32F3xx_HAL_Driver/Src/stm32f3xx_hal_gpio.c ****    */
 522:Inc/STM32F3xx_HAL_Driver/Src/stm32f3xx_hal_gpio.c **** }
 918              		.loc 1 522 1 is_stmt 0 view .LVU325
 919 0000 7047     		bx	lr
 920              		.cfi_endproc
 921              	.LFE137:
 923              		.section	.text.HAL_GPIO_EXTI_IRQHandler,"ax",%progbits
 924              		.align	1
 925              		.global	HAL_GPIO_EXTI_IRQHandler
 926              		.syntax unified
 927              		.thumb
 928              		.thumb_func
 930              	HAL_GPIO_EXTI_IRQHandler:
 931              	.LVL74:
 932              	.LFB136:
 500:Inc/STM32F3xx_HAL_Driver/Src/stm32f3xx_hal_gpio.c ****   /* EXTI line interrupt detected */
 933              		.loc 1 500 1 is_stmt 1 view -0
 934              		.cfi_startproc
 935              		@ args = 0, pretend = 0, frame = 0
 936              		@ frame_needed = 0, uses_anonymous_args = 0
 500:Inc/STM32F3xx_HAL_Driver/Src/stm32f3xx_hal_gpio.c ****   /* EXTI line interrupt detected */
 937              		.loc 1 500 1 is_stmt 0 view .LVU327
 938 0000 08B5     		push	{r3, lr}
 939              		.cfi_def_cfa_offset 8
 940              		.cfi_offset 3, -8
 941              		.cfi_offset 14, -4
 502:Inc/STM32F3xx_HAL_Driver/Src/stm32f3xx_hal_gpio.c ****   {
 942              		.loc 1 502 3 is_stmt 1 view .LVU328
 502:Inc/STM32F3xx_HAL_Driver/Src/stm32f3xx_hal_gpio.c ****   {
 943              		.loc 1 502 6 is_stmt 0 view .LVU329
 944 0002 054B     		ldr	r3, .L65
 945 0004 5B69     		ldr	r3, [r3, #20]
 502:Inc/STM32F3xx_HAL_Driver/Src/stm32f3xx_hal_gpio.c ****   {
 946              		.loc 1 502 5 view .LVU330
 947 0006 0342     		tst	r3, r0
 948 0008 00D1     		bne	.L64
 949              	.LVL75:
 950              	.L61:
 507:Inc/STM32F3xx_HAL_Driver/Src/stm32f3xx_hal_gpio.c **** 
 951              		.loc 1 507 1 view .LVU331
 952 000a 08BD     		pop	{r3, pc}
 953              	.LVL76:
 954              	.L64:
ARM GAS  /tmp/ccKZUhoy.s 			page 29


 504:Inc/STM32F3xx_HAL_Driver/Src/stm32f3xx_hal_gpio.c ****     HAL_GPIO_EXTI_Callback(GPIO_Pin);
 955              		.loc 1 504 5 is_stmt 1 view .LVU332
 956 000c 024B     		ldr	r3, .L65
 957 000e 5861     		str	r0, [r3, #20]
 505:Inc/STM32F3xx_HAL_Driver/Src/stm32f3xx_hal_gpio.c ****   }
 958              		.loc 1 505 5 view .LVU333
 959 0010 FFF7FEFF 		bl	HAL_GPIO_EXTI_Callback
 960              	.LVL77:
 507:Inc/STM32F3xx_HAL_Driver/Src/stm32f3xx_hal_gpio.c **** 
 961              		.loc 1 507 1 is_stmt 0 view .LVU334
 962 0014 F9E7     		b	.L61
 963              	.L66:
 964 0016 00BF     		.align	2
 965              	.L65:
 966 0018 00040140 		.word	1073808384
 967              		.cfi_endproc
 968              	.LFE136:
 970              		.text
 971              	.Letext0:
 972              		.file 2 "/usr/arm-none-eabi/include/machine/_default_types.h"
 973              		.file 3 "/usr/arm-none-eabi/include/sys/_stdint.h"
 974              		.file 4 "Inc/CMSIS/Device/ST/STM32F3xx/Include/stm32f303xe.h"
 975              		.file 5 "Inc/STM32F3xx_HAL_Driver/Inc/stm32f3xx_hal_def.h"
 976              		.file 6 "Inc/STM32F3xx_HAL_Driver/Inc/stm32f3xx_hal_gpio.h"
ARM GAS  /tmp/ccKZUhoy.s 			page 30


DEFINED SYMBOLS
                            *ABS*:00000000 stm32f3xx_hal_gpio.c
     /tmp/ccKZUhoy.s:21     .text.HAL_GPIO_Init:00000000 $t
     /tmp/ccKZUhoy.s:27     .text.HAL_GPIO_Init:00000000 HAL_GPIO_Init
     /tmp/ccKZUhoy.s:463    .text.HAL_GPIO_Init:000001d0 $d
     /tmp/ccKZUhoy.s:471    .text.HAL_GPIO_DeInit:00000000 $t
     /tmp/ccKZUhoy.s:477    .text.HAL_GPIO_DeInit:00000000 HAL_GPIO_DeInit
     /tmp/ccKZUhoy.s:716    .text.HAL_GPIO_DeInit:0000011c $d
     /tmp/ccKZUhoy.s:723    .text.HAL_GPIO_ReadPin:00000000 $t
     /tmp/ccKZUhoy.s:729    .text.HAL_GPIO_ReadPin:00000000 HAL_GPIO_ReadPin
     /tmp/ccKZUhoy.s:762    .text.HAL_GPIO_WritePin:00000000 $t
     /tmp/ccKZUhoy.s:768    .text.HAL_GPIO_WritePin:00000000 HAL_GPIO_WritePin
     /tmp/ccKZUhoy.s:795    .text.HAL_GPIO_TogglePin:00000000 $t
     /tmp/ccKZUhoy.s:801    .text.HAL_GPIO_TogglePin:00000000 HAL_GPIO_TogglePin
     /tmp/ccKZUhoy.s:831    .text.HAL_GPIO_LockPin:00000000 $t
     /tmp/ccKZUhoy.s:837    .text.HAL_GPIO_LockPin:00000000 HAL_GPIO_LockPin
     /tmp/ccKZUhoy.s:903    .text.HAL_GPIO_EXTI_Callback:00000000 $t
     /tmp/ccKZUhoy.s:909    .text.HAL_GPIO_EXTI_Callback:00000000 HAL_GPIO_EXTI_Callback
     /tmp/ccKZUhoy.s:924    .text.HAL_GPIO_EXTI_IRQHandler:00000000 $t
     /tmp/ccKZUhoy.s:930    .text.HAL_GPIO_EXTI_IRQHandler:00000000 HAL_GPIO_EXTI_IRQHandler
     /tmp/ccKZUhoy.s:966    .text.HAL_GPIO_EXTI_IRQHandler:00000018 $d

NO UNDEFINED SYMBOLS
