ARM GAS  /tmp/ccTtRKpd.s 			page 1


   1              		.cpu cortex-m4
   2              		.arch armv7e-m
   3              		.fpu fpv4-sp-d16
   4              		.eabi_attribute 27, 1
   5              		.eabi_attribute 28, 1
   6              		.eabi_attribute 20, 1
   7              		.eabi_attribute 21, 1
   8              		.eabi_attribute 23, 3
   9              		.eabi_attribute 24, 1
  10              		.eabi_attribute 25, 1
  11              		.eabi_attribute 26, 1
  12              		.eabi_attribute 30, 1
  13              		.eabi_attribute 34, 1
  14              		.eabi_attribute 18, 4
  15              		.file	"stm32f3xx_hal_flash.c"
  16              		.text
  17              	.Ltext0:
  18              		.cfi_sections	.debug_frame
  19              		.file 1 "Inc/STM32F3xx_HAL_Driver/Src/stm32f3xx_hal_flash.c"
  20              		.section	.text.FLASH_Program_HalfWord,"ax",%progbits
  21              		.align	1
  22              		.syntax unified
  23              		.thumb
  24              		.thumb_func
  26              	FLASH_Program_HalfWord:
  27              	.LVL0:
  28              	.LFB141:
   1:Inc/STM32F3xx_HAL_Driver/Src/stm32f3xx_hal_flash.c **** /**
   2:Inc/STM32F3xx_HAL_Driver/Src/stm32f3xx_hal_flash.c ****   ******************************************************************************
   3:Inc/STM32F3xx_HAL_Driver/Src/stm32f3xx_hal_flash.c ****   * @file    stm32f3xx_hal_flash.c
   4:Inc/STM32F3xx_HAL_Driver/Src/stm32f3xx_hal_flash.c ****   * @author  MCD Application Team
   5:Inc/STM32F3xx_HAL_Driver/Src/stm32f3xx_hal_flash.c ****   * @brief   FLASH HAL module driver.
   6:Inc/STM32F3xx_HAL_Driver/Src/stm32f3xx_hal_flash.c ****   *          This file provides firmware functions to manage the following 
   7:Inc/STM32F3xx_HAL_Driver/Src/stm32f3xx_hal_flash.c ****   *          functionalities of the internal FLASH memory:
   8:Inc/STM32F3xx_HAL_Driver/Src/stm32f3xx_hal_flash.c ****   *           + Program operations functions
   9:Inc/STM32F3xx_HAL_Driver/Src/stm32f3xx_hal_flash.c ****   *           + Memory Control functions 
  10:Inc/STM32F3xx_HAL_Driver/Src/stm32f3xx_hal_flash.c ****   *           + Peripheral State functions
  11:Inc/STM32F3xx_HAL_Driver/Src/stm32f3xx_hal_flash.c ****   *         
  12:Inc/STM32F3xx_HAL_Driver/Src/stm32f3xx_hal_flash.c ****   @verbatim
  13:Inc/STM32F3xx_HAL_Driver/Src/stm32f3xx_hal_flash.c ****   ==============================================================================
  14:Inc/STM32F3xx_HAL_Driver/Src/stm32f3xx_hal_flash.c ****                         ##### FLASH peripheral features #####
  15:Inc/STM32F3xx_HAL_Driver/Src/stm32f3xx_hal_flash.c ****   ==============================================================================
  16:Inc/STM32F3xx_HAL_Driver/Src/stm32f3xx_hal_flash.c ****   [..] The Flash memory interface manages CPU AHB I-Code and D-Code accesses 
  17:Inc/STM32F3xx_HAL_Driver/Src/stm32f3xx_hal_flash.c ****        to the Flash memory. It implements the erase and program Flash memory operations 
  18:Inc/STM32F3xx_HAL_Driver/Src/stm32f3xx_hal_flash.c ****        and the read and write protection mechanisms.
  19:Inc/STM32F3xx_HAL_Driver/Src/stm32f3xx_hal_flash.c **** 
  20:Inc/STM32F3xx_HAL_Driver/Src/stm32f3xx_hal_flash.c ****   [..] The Flash memory interface accelerates code execution with a system of instruction
  21:Inc/STM32F3xx_HAL_Driver/Src/stm32f3xx_hal_flash.c ****       prefetch. 
  22:Inc/STM32F3xx_HAL_Driver/Src/stm32f3xx_hal_flash.c **** 
  23:Inc/STM32F3xx_HAL_Driver/Src/stm32f3xx_hal_flash.c ****   [..] The FLASH main features are:
  24:Inc/STM32F3xx_HAL_Driver/Src/stm32f3xx_hal_flash.c ****       (+) Flash memory read operations
  25:Inc/STM32F3xx_HAL_Driver/Src/stm32f3xx_hal_flash.c ****       (+) Flash memory program/erase operations
  26:Inc/STM32F3xx_HAL_Driver/Src/stm32f3xx_hal_flash.c ****       (+) Read / write protections
  27:Inc/STM32F3xx_HAL_Driver/Src/stm32f3xx_hal_flash.c ****       (+) Prefetch on I-Code
  28:Inc/STM32F3xx_HAL_Driver/Src/stm32f3xx_hal_flash.c ****       (+) Option Bytes programming
  29:Inc/STM32F3xx_HAL_Driver/Src/stm32f3xx_hal_flash.c **** 
  30:Inc/STM32F3xx_HAL_Driver/Src/stm32f3xx_hal_flash.c **** 
ARM GAS  /tmp/ccTtRKpd.s 			page 2


  31:Inc/STM32F3xx_HAL_Driver/Src/stm32f3xx_hal_flash.c ****                      ##### How to use this driver #####
  32:Inc/STM32F3xx_HAL_Driver/Src/stm32f3xx_hal_flash.c ****   ==============================================================================
  33:Inc/STM32F3xx_HAL_Driver/Src/stm32f3xx_hal_flash.c ****   [..]                             
  34:Inc/STM32F3xx_HAL_Driver/Src/stm32f3xx_hal_flash.c ****       This driver provides functions and macros to configure and program the FLASH 
  35:Inc/STM32F3xx_HAL_Driver/Src/stm32f3xx_hal_flash.c ****       memory of all STM32F3xx devices.
  36:Inc/STM32F3xx_HAL_Driver/Src/stm32f3xx_hal_flash.c ****     
  37:Inc/STM32F3xx_HAL_Driver/Src/stm32f3xx_hal_flash.c ****       (#) FLASH Memory I/O Programming functions: this group includes all needed
  38:Inc/STM32F3xx_HAL_Driver/Src/stm32f3xx_hal_flash.c ****           functions to erase and program the main memory:
  39:Inc/STM32F3xx_HAL_Driver/Src/stm32f3xx_hal_flash.c ****         (++) Lock and Unlock the FLASH interface
  40:Inc/STM32F3xx_HAL_Driver/Src/stm32f3xx_hal_flash.c ****         (++) Erase function: Erase page, erase all pages
  41:Inc/STM32F3xx_HAL_Driver/Src/stm32f3xx_hal_flash.c ****         (++) Program functions: half word, word and doubleword
  42:Inc/STM32F3xx_HAL_Driver/Src/stm32f3xx_hal_flash.c ****       (#) FLASH Option Bytes Programming functions: this group includes all needed
  43:Inc/STM32F3xx_HAL_Driver/Src/stm32f3xx_hal_flash.c ****           functions to manage the Option Bytes:
  44:Inc/STM32F3xx_HAL_Driver/Src/stm32f3xx_hal_flash.c ****         (++) Lock and Unlock the Option Bytes
  45:Inc/STM32F3xx_HAL_Driver/Src/stm32f3xx_hal_flash.c ****         (++) Set/Reset the write protection
  46:Inc/STM32F3xx_HAL_Driver/Src/stm32f3xx_hal_flash.c ****         (++) Set the Read protection Level
  47:Inc/STM32F3xx_HAL_Driver/Src/stm32f3xx_hal_flash.c ****         (++) Program the user Option Bytes
  48:Inc/STM32F3xx_HAL_Driver/Src/stm32f3xx_hal_flash.c ****         (++) Launch the Option Bytes loader
  49:Inc/STM32F3xx_HAL_Driver/Src/stm32f3xx_hal_flash.c ****         (++) Erase Option Bytes
  50:Inc/STM32F3xx_HAL_Driver/Src/stm32f3xx_hal_flash.c ****         (++) Program the data Option Bytes
  51:Inc/STM32F3xx_HAL_Driver/Src/stm32f3xx_hal_flash.c ****         (++) Get the Write protection.
  52:Inc/STM32F3xx_HAL_Driver/Src/stm32f3xx_hal_flash.c ****         (++) Get the user option bytes.
  53:Inc/STM32F3xx_HAL_Driver/Src/stm32f3xx_hal_flash.c ****     
  54:Inc/STM32F3xx_HAL_Driver/Src/stm32f3xx_hal_flash.c ****       (#) Interrupts and flags management functions : this group 
  55:Inc/STM32F3xx_HAL_Driver/Src/stm32f3xx_hal_flash.c ****           includes all needed functions to:
  56:Inc/STM32F3xx_HAL_Driver/Src/stm32f3xx_hal_flash.c ****         (++) Handle FLASH interrupts
  57:Inc/STM32F3xx_HAL_Driver/Src/stm32f3xx_hal_flash.c ****         (++) Wait for last FLASH operation according to its status
  58:Inc/STM32F3xx_HAL_Driver/Src/stm32f3xx_hal_flash.c ****         (++) Get error flag status
  59:Inc/STM32F3xx_HAL_Driver/Src/stm32f3xx_hal_flash.c **** 
  60:Inc/STM32F3xx_HAL_Driver/Src/stm32f3xx_hal_flash.c ****   [..] In addition to these function, this driver includes a set of macros allowing
  61:Inc/STM32F3xx_HAL_Driver/Src/stm32f3xx_hal_flash.c ****        to handle the following operations:
  62:Inc/STM32F3xx_HAL_Driver/Src/stm32f3xx_hal_flash.c ****       
  63:Inc/STM32F3xx_HAL_Driver/Src/stm32f3xx_hal_flash.c ****       (+) Set/Get the latency
  64:Inc/STM32F3xx_HAL_Driver/Src/stm32f3xx_hal_flash.c ****       (+) Enable/Disable the prefetch buffer
  65:Inc/STM32F3xx_HAL_Driver/Src/stm32f3xx_hal_flash.c ****       (+) Enable/Disable the half cycle access
  66:Inc/STM32F3xx_HAL_Driver/Src/stm32f3xx_hal_flash.c ****       (+) Enable/Disable the FLASH interrupts
  67:Inc/STM32F3xx_HAL_Driver/Src/stm32f3xx_hal_flash.c ****       (+) Monitor the FLASH flags status
  68:Inc/STM32F3xx_HAL_Driver/Src/stm32f3xx_hal_flash.c ****           
  69:Inc/STM32F3xx_HAL_Driver/Src/stm32f3xx_hal_flash.c ****   @endverbatim
  70:Inc/STM32F3xx_HAL_Driver/Src/stm32f3xx_hal_flash.c ****   ******************************************************************************
  71:Inc/STM32F3xx_HAL_Driver/Src/stm32f3xx_hal_flash.c ****   * @attention
  72:Inc/STM32F3xx_HAL_Driver/Src/stm32f3xx_hal_flash.c ****   *
  73:Inc/STM32F3xx_HAL_Driver/Src/stm32f3xx_hal_flash.c ****   * Copyright (c) 2016 STMicroelectronics.
  74:Inc/STM32F3xx_HAL_Driver/Src/stm32f3xx_hal_flash.c ****   * All rights reserved.
  75:Inc/STM32F3xx_HAL_Driver/Src/stm32f3xx_hal_flash.c ****   *
  76:Inc/STM32F3xx_HAL_Driver/Src/stm32f3xx_hal_flash.c ****   * This software is licensed under terms that can be found in the LICENSE file in
  77:Inc/STM32F3xx_HAL_Driver/Src/stm32f3xx_hal_flash.c ****   * the root directory of this software component.
  78:Inc/STM32F3xx_HAL_Driver/Src/stm32f3xx_hal_flash.c ****   * If no LICENSE file comes with this software, it is provided AS-IS.
  79:Inc/STM32F3xx_HAL_Driver/Src/stm32f3xx_hal_flash.c ****   ******************************************************************************
  80:Inc/STM32F3xx_HAL_Driver/Src/stm32f3xx_hal_flash.c ****   */
  81:Inc/STM32F3xx_HAL_Driver/Src/stm32f3xx_hal_flash.c **** 
  82:Inc/STM32F3xx_HAL_Driver/Src/stm32f3xx_hal_flash.c **** /* Includes ------------------------------------------------------------------*/
  83:Inc/STM32F3xx_HAL_Driver/Src/stm32f3xx_hal_flash.c **** #include "stm32f3xx_hal.h"
  84:Inc/STM32F3xx_HAL_Driver/Src/stm32f3xx_hal_flash.c **** 
  85:Inc/STM32F3xx_HAL_Driver/Src/stm32f3xx_hal_flash.c **** /** @addtogroup STM32F3xx_HAL_Driver
  86:Inc/STM32F3xx_HAL_Driver/Src/stm32f3xx_hal_flash.c ****   * @{
  87:Inc/STM32F3xx_HAL_Driver/Src/stm32f3xx_hal_flash.c ****   */
ARM GAS  /tmp/ccTtRKpd.s 			page 3


  88:Inc/STM32F3xx_HAL_Driver/Src/stm32f3xx_hal_flash.c **** 
  89:Inc/STM32F3xx_HAL_Driver/Src/stm32f3xx_hal_flash.c **** #ifdef HAL_FLASH_MODULE_ENABLED
  90:Inc/STM32F3xx_HAL_Driver/Src/stm32f3xx_hal_flash.c **** 
  91:Inc/STM32F3xx_HAL_Driver/Src/stm32f3xx_hal_flash.c **** /** @defgroup FLASH FLASH
  92:Inc/STM32F3xx_HAL_Driver/Src/stm32f3xx_hal_flash.c ****   * @brief FLASH HAL module driver
  93:Inc/STM32F3xx_HAL_Driver/Src/stm32f3xx_hal_flash.c ****   * @{
  94:Inc/STM32F3xx_HAL_Driver/Src/stm32f3xx_hal_flash.c ****   */
  95:Inc/STM32F3xx_HAL_Driver/Src/stm32f3xx_hal_flash.c **** 
  96:Inc/STM32F3xx_HAL_Driver/Src/stm32f3xx_hal_flash.c **** /* Private typedef -----------------------------------------------------------*/
  97:Inc/STM32F3xx_HAL_Driver/Src/stm32f3xx_hal_flash.c **** /* Private define ------------------------------------------------------------*/
  98:Inc/STM32F3xx_HAL_Driver/Src/stm32f3xx_hal_flash.c **** /** @defgroup FLASH_Private_Constants FLASH Private Constants
  99:Inc/STM32F3xx_HAL_Driver/Src/stm32f3xx_hal_flash.c ****   * @{
 100:Inc/STM32F3xx_HAL_Driver/Src/stm32f3xx_hal_flash.c ****   */
 101:Inc/STM32F3xx_HAL_Driver/Src/stm32f3xx_hal_flash.c **** /**
 102:Inc/STM32F3xx_HAL_Driver/Src/stm32f3xx_hal_flash.c ****   * @}
 103:Inc/STM32F3xx_HAL_Driver/Src/stm32f3xx_hal_flash.c ****   */
 104:Inc/STM32F3xx_HAL_Driver/Src/stm32f3xx_hal_flash.c **** 
 105:Inc/STM32F3xx_HAL_Driver/Src/stm32f3xx_hal_flash.c **** /* Private macro ---------------------------- ---------------------------------*/
 106:Inc/STM32F3xx_HAL_Driver/Src/stm32f3xx_hal_flash.c **** /** @defgroup FLASH_Private_Macros FLASH Private Macros
 107:Inc/STM32F3xx_HAL_Driver/Src/stm32f3xx_hal_flash.c ****   * @{
 108:Inc/STM32F3xx_HAL_Driver/Src/stm32f3xx_hal_flash.c ****   */
 109:Inc/STM32F3xx_HAL_Driver/Src/stm32f3xx_hal_flash.c ****  
 110:Inc/STM32F3xx_HAL_Driver/Src/stm32f3xx_hal_flash.c **** /**
 111:Inc/STM32F3xx_HAL_Driver/Src/stm32f3xx_hal_flash.c ****   * @}
 112:Inc/STM32F3xx_HAL_Driver/Src/stm32f3xx_hal_flash.c ****   */
 113:Inc/STM32F3xx_HAL_Driver/Src/stm32f3xx_hal_flash.c **** 
 114:Inc/STM32F3xx_HAL_Driver/Src/stm32f3xx_hal_flash.c **** /* Private variables ---------------------------------------------------------*/
 115:Inc/STM32F3xx_HAL_Driver/Src/stm32f3xx_hal_flash.c **** /** @defgroup FLASH_Private_Variables FLASH Private Variables
 116:Inc/STM32F3xx_HAL_Driver/Src/stm32f3xx_hal_flash.c ****   * @{
 117:Inc/STM32F3xx_HAL_Driver/Src/stm32f3xx_hal_flash.c ****   */
 118:Inc/STM32F3xx_HAL_Driver/Src/stm32f3xx_hal_flash.c **** /* Variables used for Erase pages under interruption*/
 119:Inc/STM32F3xx_HAL_Driver/Src/stm32f3xx_hal_flash.c **** FLASH_ProcessTypeDef pFlash;
 120:Inc/STM32F3xx_HAL_Driver/Src/stm32f3xx_hal_flash.c **** /**
 121:Inc/STM32F3xx_HAL_Driver/Src/stm32f3xx_hal_flash.c ****   * @}
 122:Inc/STM32F3xx_HAL_Driver/Src/stm32f3xx_hal_flash.c ****   */
 123:Inc/STM32F3xx_HAL_Driver/Src/stm32f3xx_hal_flash.c **** 
 124:Inc/STM32F3xx_HAL_Driver/Src/stm32f3xx_hal_flash.c **** /* Private function prototypes -----------------------------------------------*/
 125:Inc/STM32F3xx_HAL_Driver/Src/stm32f3xx_hal_flash.c **** /** @defgroup FLASH_Private_Functions FLASH Private Functions
 126:Inc/STM32F3xx_HAL_Driver/Src/stm32f3xx_hal_flash.c ****   * @{
 127:Inc/STM32F3xx_HAL_Driver/Src/stm32f3xx_hal_flash.c ****   */
 128:Inc/STM32F3xx_HAL_Driver/Src/stm32f3xx_hal_flash.c **** static  void   FLASH_Program_HalfWord(uint32_t Address, uint16_t Data);
 129:Inc/STM32F3xx_HAL_Driver/Src/stm32f3xx_hal_flash.c **** static  void   FLASH_SetErrorCode(void);
 130:Inc/STM32F3xx_HAL_Driver/Src/stm32f3xx_hal_flash.c **** extern void    FLASH_PageErase(uint32_t PageAddress);
 131:Inc/STM32F3xx_HAL_Driver/Src/stm32f3xx_hal_flash.c **** /**
 132:Inc/STM32F3xx_HAL_Driver/Src/stm32f3xx_hal_flash.c ****   * @}
 133:Inc/STM32F3xx_HAL_Driver/Src/stm32f3xx_hal_flash.c ****   */
 134:Inc/STM32F3xx_HAL_Driver/Src/stm32f3xx_hal_flash.c **** 
 135:Inc/STM32F3xx_HAL_Driver/Src/stm32f3xx_hal_flash.c **** /* Exported functions ---------------------------------------------------------*/
 136:Inc/STM32F3xx_HAL_Driver/Src/stm32f3xx_hal_flash.c **** /** @defgroup FLASH_Exported_Functions FLASH Exported Functions
 137:Inc/STM32F3xx_HAL_Driver/Src/stm32f3xx_hal_flash.c ****   * @{
 138:Inc/STM32F3xx_HAL_Driver/Src/stm32f3xx_hal_flash.c ****   */
 139:Inc/STM32F3xx_HAL_Driver/Src/stm32f3xx_hal_flash.c ****   
 140:Inc/STM32F3xx_HAL_Driver/Src/stm32f3xx_hal_flash.c **** /** @defgroup FLASH_Exported_Functions_Group1 Programming operation functions 
 141:Inc/STM32F3xx_HAL_Driver/Src/stm32f3xx_hal_flash.c ****   *  @brief   Programming operation functions 
 142:Inc/STM32F3xx_HAL_Driver/Src/stm32f3xx_hal_flash.c ****   *
 143:Inc/STM32F3xx_HAL_Driver/Src/stm32f3xx_hal_flash.c **** @verbatim   
 144:Inc/STM32F3xx_HAL_Driver/Src/stm32f3xx_hal_flash.c **** @endverbatim
ARM GAS  /tmp/ccTtRKpd.s 			page 4


 145:Inc/STM32F3xx_HAL_Driver/Src/stm32f3xx_hal_flash.c ****   * @{
 146:Inc/STM32F3xx_HAL_Driver/Src/stm32f3xx_hal_flash.c ****   */
 147:Inc/STM32F3xx_HAL_Driver/Src/stm32f3xx_hal_flash.c **** 
 148:Inc/STM32F3xx_HAL_Driver/Src/stm32f3xx_hal_flash.c **** /**
 149:Inc/STM32F3xx_HAL_Driver/Src/stm32f3xx_hal_flash.c ****   * @brief  Program halfword, word or double word at a specified address
 150:Inc/STM32F3xx_HAL_Driver/Src/stm32f3xx_hal_flash.c ****   * @note   The function HAL_FLASH_Unlock() should be called before to unlock the FLASH interface
 151:Inc/STM32F3xx_HAL_Driver/Src/stm32f3xx_hal_flash.c ****   *         The function HAL_FLASH_Lock() should be called after to lock the FLASH interface
 152:Inc/STM32F3xx_HAL_Driver/Src/stm32f3xx_hal_flash.c ****   *
 153:Inc/STM32F3xx_HAL_Driver/Src/stm32f3xx_hal_flash.c ****   * @note   If an erase and a program operations are requested simultaneously,    
 154:Inc/STM32F3xx_HAL_Driver/Src/stm32f3xx_hal_flash.c ****   *         the erase operation is performed before the program one.
 155:Inc/STM32F3xx_HAL_Driver/Src/stm32f3xx_hal_flash.c ****   *  
 156:Inc/STM32F3xx_HAL_Driver/Src/stm32f3xx_hal_flash.c ****   * @note   FLASH should be previously erased before new programming (only exception to this 
 157:Inc/STM32F3xx_HAL_Driver/Src/stm32f3xx_hal_flash.c ****   *         is when 0x0000 is programmed)
 158:Inc/STM32F3xx_HAL_Driver/Src/stm32f3xx_hal_flash.c ****   *
 159:Inc/STM32F3xx_HAL_Driver/Src/stm32f3xx_hal_flash.c ****   * @param  TypeProgram   Indicate the way to program at a specified address.
 160:Inc/STM32F3xx_HAL_Driver/Src/stm32f3xx_hal_flash.c ****   *                       This parameter can be a value of @ref FLASH_Type_Program
 161:Inc/STM32F3xx_HAL_Driver/Src/stm32f3xx_hal_flash.c ****   * @param  Address       Specifie the address to be programmed.
 162:Inc/STM32F3xx_HAL_Driver/Src/stm32f3xx_hal_flash.c ****   * @param  Data          Specifie the data to be programmed
 163:Inc/STM32F3xx_HAL_Driver/Src/stm32f3xx_hal_flash.c ****   * 
 164:Inc/STM32F3xx_HAL_Driver/Src/stm32f3xx_hal_flash.c ****   * @retval HAL_StatusTypeDef HAL Status
 165:Inc/STM32F3xx_HAL_Driver/Src/stm32f3xx_hal_flash.c ****   */
 166:Inc/STM32F3xx_HAL_Driver/Src/stm32f3xx_hal_flash.c **** HAL_StatusTypeDef HAL_FLASH_Program(uint32_t TypeProgram, uint32_t Address, uint64_t Data)
 167:Inc/STM32F3xx_HAL_Driver/Src/stm32f3xx_hal_flash.c **** {
 168:Inc/STM32F3xx_HAL_Driver/Src/stm32f3xx_hal_flash.c ****   HAL_StatusTypeDef status = HAL_ERROR;
 169:Inc/STM32F3xx_HAL_Driver/Src/stm32f3xx_hal_flash.c ****   uint8_t index = 0U;
 170:Inc/STM32F3xx_HAL_Driver/Src/stm32f3xx_hal_flash.c ****   uint8_t nbiterations = 0U;
 171:Inc/STM32F3xx_HAL_Driver/Src/stm32f3xx_hal_flash.c ****   
 172:Inc/STM32F3xx_HAL_Driver/Src/stm32f3xx_hal_flash.c ****   /* Process Locked */
 173:Inc/STM32F3xx_HAL_Driver/Src/stm32f3xx_hal_flash.c ****   __HAL_LOCK(&pFlash);
 174:Inc/STM32F3xx_HAL_Driver/Src/stm32f3xx_hal_flash.c **** 
 175:Inc/STM32F3xx_HAL_Driver/Src/stm32f3xx_hal_flash.c ****   /* Check the parameters */
 176:Inc/STM32F3xx_HAL_Driver/Src/stm32f3xx_hal_flash.c ****   assert_param(IS_FLASH_TYPEPROGRAM(TypeProgram));
 177:Inc/STM32F3xx_HAL_Driver/Src/stm32f3xx_hal_flash.c ****   assert_param(IS_FLASH_PROGRAM_ADDRESS(Address));
 178:Inc/STM32F3xx_HAL_Driver/Src/stm32f3xx_hal_flash.c **** 
 179:Inc/STM32F3xx_HAL_Driver/Src/stm32f3xx_hal_flash.c ****     /* Wait for last operation to be completed */
 180:Inc/STM32F3xx_HAL_Driver/Src/stm32f3xx_hal_flash.c ****     status = FLASH_WaitForLastOperation(FLASH_TIMEOUT_VALUE);
 181:Inc/STM32F3xx_HAL_Driver/Src/stm32f3xx_hal_flash.c ****   
 182:Inc/STM32F3xx_HAL_Driver/Src/stm32f3xx_hal_flash.c ****   if(status == HAL_OK)
 183:Inc/STM32F3xx_HAL_Driver/Src/stm32f3xx_hal_flash.c ****   {
 184:Inc/STM32F3xx_HAL_Driver/Src/stm32f3xx_hal_flash.c ****     if(TypeProgram == FLASH_TYPEPROGRAM_HALFWORD)
 185:Inc/STM32F3xx_HAL_Driver/Src/stm32f3xx_hal_flash.c ****     {
 186:Inc/STM32F3xx_HAL_Driver/Src/stm32f3xx_hal_flash.c ****       /* Program halfword (16-bit) at a specified address. */
 187:Inc/STM32F3xx_HAL_Driver/Src/stm32f3xx_hal_flash.c ****       nbiterations = 1U;
 188:Inc/STM32F3xx_HAL_Driver/Src/stm32f3xx_hal_flash.c ****     }
 189:Inc/STM32F3xx_HAL_Driver/Src/stm32f3xx_hal_flash.c ****     else if(TypeProgram == FLASH_TYPEPROGRAM_WORD)
 190:Inc/STM32F3xx_HAL_Driver/Src/stm32f3xx_hal_flash.c ****     {
 191:Inc/STM32F3xx_HAL_Driver/Src/stm32f3xx_hal_flash.c ****       /* Program word (32-bit = 2*16-bit) at a specified address. */
 192:Inc/STM32F3xx_HAL_Driver/Src/stm32f3xx_hal_flash.c ****       nbiterations = 2U;
 193:Inc/STM32F3xx_HAL_Driver/Src/stm32f3xx_hal_flash.c ****     }
 194:Inc/STM32F3xx_HAL_Driver/Src/stm32f3xx_hal_flash.c ****     else
 195:Inc/STM32F3xx_HAL_Driver/Src/stm32f3xx_hal_flash.c ****     {
 196:Inc/STM32F3xx_HAL_Driver/Src/stm32f3xx_hal_flash.c ****       /* Program double word (64-bit = 4*16-bit) at a specified address. */
 197:Inc/STM32F3xx_HAL_Driver/Src/stm32f3xx_hal_flash.c ****       nbiterations = 4U;
 198:Inc/STM32F3xx_HAL_Driver/Src/stm32f3xx_hal_flash.c ****     }
 199:Inc/STM32F3xx_HAL_Driver/Src/stm32f3xx_hal_flash.c **** 
 200:Inc/STM32F3xx_HAL_Driver/Src/stm32f3xx_hal_flash.c ****     for (index = 0U; index < nbiterations; index++)
 201:Inc/STM32F3xx_HAL_Driver/Src/stm32f3xx_hal_flash.c ****     {
ARM GAS  /tmp/ccTtRKpd.s 			page 5


 202:Inc/STM32F3xx_HAL_Driver/Src/stm32f3xx_hal_flash.c ****       FLASH_Program_HalfWord((Address + (2U*index)), (uint16_t)(Data >> (16U*index)));
 203:Inc/STM32F3xx_HAL_Driver/Src/stm32f3xx_hal_flash.c **** 
 204:Inc/STM32F3xx_HAL_Driver/Src/stm32f3xx_hal_flash.c ****         /* Wait for last operation to be completed */
 205:Inc/STM32F3xx_HAL_Driver/Src/stm32f3xx_hal_flash.c ****         status = FLASH_WaitForLastOperation(FLASH_TIMEOUT_VALUE);
 206:Inc/STM32F3xx_HAL_Driver/Src/stm32f3xx_hal_flash.c ****     
 207:Inc/STM32F3xx_HAL_Driver/Src/stm32f3xx_hal_flash.c ****         /* If the program operation is completed, disable the PG Bit */
 208:Inc/STM32F3xx_HAL_Driver/Src/stm32f3xx_hal_flash.c ****         CLEAR_BIT(FLASH->CR, FLASH_CR_PG);
 209:Inc/STM32F3xx_HAL_Driver/Src/stm32f3xx_hal_flash.c ****       /* In case of error, stop programming procedure */
 210:Inc/STM32F3xx_HAL_Driver/Src/stm32f3xx_hal_flash.c ****       if (status != HAL_OK)
 211:Inc/STM32F3xx_HAL_Driver/Src/stm32f3xx_hal_flash.c ****       {
 212:Inc/STM32F3xx_HAL_Driver/Src/stm32f3xx_hal_flash.c ****         break;
 213:Inc/STM32F3xx_HAL_Driver/Src/stm32f3xx_hal_flash.c ****       }
 214:Inc/STM32F3xx_HAL_Driver/Src/stm32f3xx_hal_flash.c ****     }
 215:Inc/STM32F3xx_HAL_Driver/Src/stm32f3xx_hal_flash.c ****   }
 216:Inc/STM32F3xx_HAL_Driver/Src/stm32f3xx_hal_flash.c **** 
 217:Inc/STM32F3xx_HAL_Driver/Src/stm32f3xx_hal_flash.c ****   /* Process Unlocked */
 218:Inc/STM32F3xx_HAL_Driver/Src/stm32f3xx_hal_flash.c ****   __HAL_UNLOCK(&pFlash);
 219:Inc/STM32F3xx_HAL_Driver/Src/stm32f3xx_hal_flash.c **** 
 220:Inc/STM32F3xx_HAL_Driver/Src/stm32f3xx_hal_flash.c ****   return status;
 221:Inc/STM32F3xx_HAL_Driver/Src/stm32f3xx_hal_flash.c **** }
 222:Inc/STM32F3xx_HAL_Driver/Src/stm32f3xx_hal_flash.c **** 
 223:Inc/STM32F3xx_HAL_Driver/Src/stm32f3xx_hal_flash.c **** /**
 224:Inc/STM32F3xx_HAL_Driver/Src/stm32f3xx_hal_flash.c ****   * @brief  Program halfword, word or double word at a specified address  with interrupt enabled.
 225:Inc/STM32F3xx_HAL_Driver/Src/stm32f3xx_hal_flash.c ****   * @note   The function HAL_FLASH_Unlock() should be called before to unlock the FLASH interface
 226:Inc/STM32F3xx_HAL_Driver/Src/stm32f3xx_hal_flash.c ****   *         The function HAL_FLASH_Lock() should be called after to lock the FLASH interface
 227:Inc/STM32F3xx_HAL_Driver/Src/stm32f3xx_hal_flash.c ****   *
 228:Inc/STM32F3xx_HAL_Driver/Src/stm32f3xx_hal_flash.c ****   * @note   If an erase and a program operations are requested simultaneously,    
 229:Inc/STM32F3xx_HAL_Driver/Src/stm32f3xx_hal_flash.c ****   *         the erase operation is performed before the program one.
 230:Inc/STM32F3xx_HAL_Driver/Src/stm32f3xx_hal_flash.c ****   *
 231:Inc/STM32F3xx_HAL_Driver/Src/stm32f3xx_hal_flash.c ****   * @param  TypeProgram  Indicate the way to program at a specified address.
 232:Inc/STM32F3xx_HAL_Driver/Src/stm32f3xx_hal_flash.c ****   *                      This parameter can be a value of @ref FLASH_Type_Program
 233:Inc/STM32F3xx_HAL_Driver/Src/stm32f3xx_hal_flash.c ****   * @param  Address      Specifie the address to be programmed.
 234:Inc/STM32F3xx_HAL_Driver/Src/stm32f3xx_hal_flash.c ****   * @param  Data         Specifie the data to be programmed
 235:Inc/STM32F3xx_HAL_Driver/Src/stm32f3xx_hal_flash.c ****   * 
 236:Inc/STM32F3xx_HAL_Driver/Src/stm32f3xx_hal_flash.c ****   * @retval HAL_StatusTypeDef HAL Status
 237:Inc/STM32F3xx_HAL_Driver/Src/stm32f3xx_hal_flash.c ****   */
 238:Inc/STM32F3xx_HAL_Driver/Src/stm32f3xx_hal_flash.c **** HAL_StatusTypeDef HAL_FLASH_Program_IT(uint32_t TypeProgram, uint32_t Address, uint64_t Data)
 239:Inc/STM32F3xx_HAL_Driver/Src/stm32f3xx_hal_flash.c **** {
 240:Inc/STM32F3xx_HAL_Driver/Src/stm32f3xx_hal_flash.c ****   HAL_StatusTypeDef status = HAL_OK;
 241:Inc/STM32F3xx_HAL_Driver/Src/stm32f3xx_hal_flash.c ****   
 242:Inc/STM32F3xx_HAL_Driver/Src/stm32f3xx_hal_flash.c ****   /* Process Locked */
 243:Inc/STM32F3xx_HAL_Driver/Src/stm32f3xx_hal_flash.c ****   __HAL_LOCK(&pFlash);
 244:Inc/STM32F3xx_HAL_Driver/Src/stm32f3xx_hal_flash.c **** 
 245:Inc/STM32F3xx_HAL_Driver/Src/stm32f3xx_hal_flash.c ****   /* Check the parameters */
 246:Inc/STM32F3xx_HAL_Driver/Src/stm32f3xx_hal_flash.c ****   assert_param(IS_FLASH_TYPEPROGRAM(TypeProgram));
 247:Inc/STM32F3xx_HAL_Driver/Src/stm32f3xx_hal_flash.c ****   assert_param(IS_FLASH_PROGRAM_ADDRESS(Address));
 248:Inc/STM32F3xx_HAL_Driver/Src/stm32f3xx_hal_flash.c **** 
 249:Inc/STM32F3xx_HAL_Driver/Src/stm32f3xx_hal_flash.c ****   /* Enable End of FLASH Operation and Error source interrupts */
 250:Inc/STM32F3xx_HAL_Driver/Src/stm32f3xx_hal_flash.c ****   __HAL_FLASH_ENABLE_IT(FLASH_IT_EOP | FLASH_IT_ERR);
 251:Inc/STM32F3xx_HAL_Driver/Src/stm32f3xx_hal_flash.c ****   
 252:Inc/STM32F3xx_HAL_Driver/Src/stm32f3xx_hal_flash.c ****   pFlash.Address = Address;
 253:Inc/STM32F3xx_HAL_Driver/Src/stm32f3xx_hal_flash.c ****   pFlash.Data = Data;
 254:Inc/STM32F3xx_HAL_Driver/Src/stm32f3xx_hal_flash.c **** 
 255:Inc/STM32F3xx_HAL_Driver/Src/stm32f3xx_hal_flash.c ****   if(TypeProgram == FLASH_TYPEPROGRAM_HALFWORD)
 256:Inc/STM32F3xx_HAL_Driver/Src/stm32f3xx_hal_flash.c ****   {
 257:Inc/STM32F3xx_HAL_Driver/Src/stm32f3xx_hal_flash.c ****     pFlash.ProcedureOnGoing = FLASH_PROC_PROGRAMHALFWORD;
 258:Inc/STM32F3xx_HAL_Driver/Src/stm32f3xx_hal_flash.c ****     /* Program halfword (16-bit) at a specified address. */
ARM GAS  /tmp/ccTtRKpd.s 			page 6


 259:Inc/STM32F3xx_HAL_Driver/Src/stm32f3xx_hal_flash.c ****     pFlash.DataRemaining = 1U;
 260:Inc/STM32F3xx_HAL_Driver/Src/stm32f3xx_hal_flash.c ****   }
 261:Inc/STM32F3xx_HAL_Driver/Src/stm32f3xx_hal_flash.c ****   else if(TypeProgram == FLASH_TYPEPROGRAM_WORD)
 262:Inc/STM32F3xx_HAL_Driver/Src/stm32f3xx_hal_flash.c ****   {
 263:Inc/STM32F3xx_HAL_Driver/Src/stm32f3xx_hal_flash.c ****     pFlash.ProcedureOnGoing = FLASH_PROC_PROGRAMWORD;
 264:Inc/STM32F3xx_HAL_Driver/Src/stm32f3xx_hal_flash.c ****     /* Program word (32-bit : 2*16-bit) at a specified address. */
 265:Inc/STM32F3xx_HAL_Driver/Src/stm32f3xx_hal_flash.c ****     pFlash.DataRemaining = 2U;
 266:Inc/STM32F3xx_HAL_Driver/Src/stm32f3xx_hal_flash.c ****   }
 267:Inc/STM32F3xx_HAL_Driver/Src/stm32f3xx_hal_flash.c ****   else
 268:Inc/STM32F3xx_HAL_Driver/Src/stm32f3xx_hal_flash.c ****   {
 269:Inc/STM32F3xx_HAL_Driver/Src/stm32f3xx_hal_flash.c ****     pFlash.ProcedureOnGoing = FLASH_PROC_PROGRAMDOUBLEWORD;
 270:Inc/STM32F3xx_HAL_Driver/Src/stm32f3xx_hal_flash.c ****     /* Program double word (64-bit : 4*16-bit) at a specified address. */
 271:Inc/STM32F3xx_HAL_Driver/Src/stm32f3xx_hal_flash.c ****     pFlash.DataRemaining = 4U;
 272:Inc/STM32F3xx_HAL_Driver/Src/stm32f3xx_hal_flash.c ****   }
 273:Inc/STM32F3xx_HAL_Driver/Src/stm32f3xx_hal_flash.c **** 
 274:Inc/STM32F3xx_HAL_Driver/Src/stm32f3xx_hal_flash.c ****   /* Program halfword (16-bit) at a specified address. */
 275:Inc/STM32F3xx_HAL_Driver/Src/stm32f3xx_hal_flash.c ****   FLASH_Program_HalfWord(Address, (uint16_t)Data);
 276:Inc/STM32F3xx_HAL_Driver/Src/stm32f3xx_hal_flash.c **** 
 277:Inc/STM32F3xx_HAL_Driver/Src/stm32f3xx_hal_flash.c ****   return status;
 278:Inc/STM32F3xx_HAL_Driver/Src/stm32f3xx_hal_flash.c **** }
 279:Inc/STM32F3xx_HAL_Driver/Src/stm32f3xx_hal_flash.c **** 
 280:Inc/STM32F3xx_HAL_Driver/Src/stm32f3xx_hal_flash.c **** /**
 281:Inc/STM32F3xx_HAL_Driver/Src/stm32f3xx_hal_flash.c ****   * @brief This function handles FLASH interrupt request.
 282:Inc/STM32F3xx_HAL_Driver/Src/stm32f3xx_hal_flash.c ****   * @retval None
 283:Inc/STM32F3xx_HAL_Driver/Src/stm32f3xx_hal_flash.c ****   */
 284:Inc/STM32F3xx_HAL_Driver/Src/stm32f3xx_hal_flash.c **** void HAL_FLASH_IRQHandler(void)
 285:Inc/STM32F3xx_HAL_Driver/Src/stm32f3xx_hal_flash.c **** {
 286:Inc/STM32F3xx_HAL_Driver/Src/stm32f3xx_hal_flash.c ****   uint32_t addresstmp = 0U;
 287:Inc/STM32F3xx_HAL_Driver/Src/stm32f3xx_hal_flash.c ****   
 288:Inc/STM32F3xx_HAL_Driver/Src/stm32f3xx_hal_flash.c ****   /* Check FLASH operation error flags */
 289:Inc/STM32F3xx_HAL_Driver/Src/stm32f3xx_hal_flash.c ****   if(__HAL_FLASH_GET_FLAG(FLASH_FLAG_WRPERR) ||__HAL_FLASH_GET_FLAG(FLASH_FLAG_PGERR))
 290:Inc/STM32F3xx_HAL_Driver/Src/stm32f3xx_hal_flash.c ****   {
 291:Inc/STM32F3xx_HAL_Driver/Src/stm32f3xx_hal_flash.c ****     /* Return the faulty address */
 292:Inc/STM32F3xx_HAL_Driver/Src/stm32f3xx_hal_flash.c ****     addresstmp = pFlash.Address;
 293:Inc/STM32F3xx_HAL_Driver/Src/stm32f3xx_hal_flash.c ****     /* Reset address */
 294:Inc/STM32F3xx_HAL_Driver/Src/stm32f3xx_hal_flash.c ****     pFlash.Address = 0xFFFFFFFFU;
 295:Inc/STM32F3xx_HAL_Driver/Src/stm32f3xx_hal_flash.c ****   
 296:Inc/STM32F3xx_HAL_Driver/Src/stm32f3xx_hal_flash.c ****     /* Save the Error code */
 297:Inc/STM32F3xx_HAL_Driver/Src/stm32f3xx_hal_flash.c ****     FLASH_SetErrorCode();
 298:Inc/STM32F3xx_HAL_Driver/Src/stm32f3xx_hal_flash.c ****     
 299:Inc/STM32F3xx_HAL_Driver/Src/stm32f3xx_hal_flash.c ****     /* FLASH error interrupt user callback */
 300:Inc/STM32F3xx_HAL_Driver/Src/stm32f3xx_hal_flash.c ****     HAL_FLASH_OperationErrorCallback(addresstmp);
 301:Inc/STM32F3xx_HAL_Driver/Src/stm32f3xx_hal_flash.c **** 
 302:Inc/STM32F3xx_HAL_Driver/Src/stm32f3xx_hal_flash.c ****     /* Stop the procedure ongoing */
 303:Inc/STM32F3xx_HAL_Driver/Src/stm32f3xx_hal_flash.c ****     pFlash.ProcedureOnGoing = FLASH_PROC_NONE;
 304:Inc/STM32F3xx_HAL_Driver/Src/stm32f3xx_hal_flash.c ****   }
 305:Inc/STM32F3xx_HAL_Driver/Src/stm32f3xx_hal_flash.c **** 
 306:Inc/STM32F3xx_HAL_Driver/Src/stm32f3xx_hal_flash.c ****   /* Check FLASH End of Operation flag  */
 307:Inc/STM32F3xx_HAL_Driver/Src/stm32f3xx_hal_flash.c ****   if(__HAL_FLASH_GET_FLAG(FLASH_FLAG_EOP))
 308:Inc/STM32F3xx_HAL_Driver/Src/stm32f3xx_hal_flash.c ****   {
 309:Inc/STM32F3xx_HAL_Driver/Src/stm32f3xx_hal_flash.c ****     /* Clear FLASH End of Operation pending bit */
 310:Inc/STM32F3xx_HAL_Driver/Src/stm32f3xx_hal_flash.c ****     __HAL_FLASH_CLEAR_FLAG(FLASH_FLAG_EOP);
 311:Inc/STM32F3xx_HAL_Driver/Src/stm32f3xx_hal_flash.c ****     
 312:Inc/STM32F3xx_HAL_Driver/Src/stm32f3xx_hal_flash.c ****     /* Process can continue only if no error detected */
 313:Inc/STM32F3xx_HAL_Driver/Src/stm32f3xx_hal_flash.c ****     if(pFlash.ProcedureOnGoing != FLASH_PROC_NONE)
 314:Inc/STM32F3xx_HAL_Driver/Src/stm32f3xx_hal_flash.c ****     {
 315:Inc/STM32F3xx_HAL_Driver/Src/stm32f3xx_hal_flash.c ****       if(pFlash.ProcedureOnGoing == FLASH_PROC_PAGEERASE)
ARM GAS  /tmp/ccTtRKpd.s 			page 7


 316:Inc/STM32F3xx_HAL_Driver/Src/stm32f3xx_hal_flash.c ****       {
 317:Inc/STM32F3xx_HAL_Driver/Src/stm32f3xx_hal_flash.c ****         /* Nb of pages to erased can be decreased */
 318:Inc/STM32F3xx_HAL_Driver/Src/stm32f3xx_hal_flash.c ****         pFlash.DataRemaining--;
 319:Inc/STM32F3xx_HAL_Driver/Src/stm32f3xx_hal_flash.c **** 
 320:Inc/STM32F3xx_HAL_Driver/Src/stm32f3xx_hal_flash.c ****         /* Check if there are still pages to erase */
 321:Inc/STM32F3xx_HAL_Driver/Src/stm32f3xx_hal_flash.c ****         if(pFlash.DataRemaining != 0U)
 322:Inc/STM32F3xx_HAL_Driver/Src/stm32f3xx_hal_flash.c ****         {
 323:Inc/STM32F3xx_HAL_Driver/Src/stm32f3xx_hal_flash.c ****           addresstmp = pFlash.Address;
 324:Inc/STM32F3xx_HAL_Driver/Src/stm32f3xx_hal_flash.c ****           /*Indicate user which sector has been erased */
 325:Inc/STM32F3xx_HAL_Driver/Src/stm32f3xx_hal_flash.c ****           HAL_FLASH_EndOfOperationCallback(addresstmp);
 326:Inc/STM32F3xx_HAL_Driver/Src/stm32f3xx_hal_flash.c **** 
 327:Inc/STM32F3xx_HAL_Driver/Src/stm32f3xx_hal_flash.c ****           /*Increment sector number*/
 328:Inc/STM32F3xx_HAL_Driver/Src/stm32f3xx_hal_flash.c ****           addresstmp = pFlash.Address + FLASH_PAGE_SIZE;
 329:Inc/STM32F3xx_HAL_Driver/Src/stm32f3xx_hal_flash.c ****           pFlash.Address = addresstmp;
 330:Inc/STM32F3xx_HAL_Driver/Src/stm32f3xx_hal_flash.c **** 
 331:Inc/STM32F3xx_HAL_Driver/Src/stm32f3xx_hal_flash.c ****           /* If the erase operation is completed, disable the PER Bit */
 332:Inc/STM32F3xx_HAL_Driver/Src/stm32f3xx_hal_flash.c ****           CLEAR_BIT(FLASH->CR, FLASH_CR_PER);
 333:Inc/STM32F3xx_HAL_Driver/Src/stm32f3xx_hal_flash.c **** 
 334:Inc/STM32F3xx_HAL_Driver/Src/stm32f3xx_hal_flash.c ****           FLASH_PageErase(addresstmp);
 335:Inc/STM32F3xx_HAL_Driver/Src/stm32f3xx_hal_flash.c ****         }
 336:Inc/STM32F3xx_HAL_Driver/Src/stm32f3xx_hal_flash.c ****         else
 337:Inc/STM32F3xx_HAL_Driver/Src/stm32f3xx_hal_flash.c ****         {
 338:Inc/STM32F3xx_HAL_Driver/Src/stm32f3xx_hal_flash.c ****           /* No more pages to Erase, user callback can be called. */
 339:Inc/STM32F3xx_HAL_Driver/Src/stm32f3xx_hal_flash.c ****           /* Reset Sector and stop Erase pages procedure */
 340:Inc/STM32F3xx_HAL_Driver/Src/stm32f3xx_hal_flash.c ****           pFlash.Address = addresstmp = 0xFFFFFFFFU;
 341:Inc/STM32F3xx_HAL_Driver/Src/stm32f3xx_hal_flash.c ****           pFlash.ProcedureOnGoing = FLASH_PROC_NONE;
 342:Inc/STM32F3xx_HAL_Driver/Src/stm32f3xx_hal_flash.c ****           /* FLASH EOP interrupt user callback */
 343:Inc/STM32F3xx_HAL_Driver/Src/stm32f3xx_hal_flash.c ****           HAL_FLASH_EndOfOperationCallback(addresstmp);
 344:Inc/STM32F3xx_HAL_Driver/Src/stm32f3xx_hal_flash.c ****         }
 345:Inc/STM32F3xx_HAL_Driver/Src/stm32f3xx_hal_flash.c ****       }
 346:Inc/STM32F3xx_HAL_Driver/Src/stm32f3xx_hal_flash.c ****       else if(pFlash.ProcedureOnGoing == FLASH_PROC_MASSERASE)
 347:Inc/STM32F3xx_HAL_Driver/Src/stm32f3xx_hal_flash.c ****       {
 348:Inc/STM32F3xx_HAL_Driver/Src/stm32f3xx_hal_flash.c ****         /* Operation is completed, disable the MER Bit */
 349:Inc/STM32F3xx_HAL_Driver/Src/stm32f3xx_hal_flash.c ****         CLEAR_BIT(FLASH->CR, FLASH_CR_MER);
 350:Inc/STM32F3xx_HAL_Driver/Src/stm32f3xx_hal_flash.c **** 
 351:Inc/STM32F3xx_HAL_Driver/Src/stm32f3xx_hal_flash.c ****           /* MassErase ended. Return the selected bank */
 352:Inc/STM32F3xx_HAL_Driver/Src/stm32f3xx_hal_flash.c ****           /* FLASH EOP interrupt user callback */
 353:Inc/STM32F3xx_HAL_Driver/Src/stm32f3xx_hal_flash.c ****           HAL_FLASH_EndOfOperationCallback(0U);
 354:Inc/STM32F3xx_HAL_Driver/Src/stm32f3xx_hal_flash.c **** 
 355:Inc/STM32F3xx_HAL_Driver/Src/stm32f3xx_hal_flash.c ****           /* Stop Mass Erase procedure*/
 356:Inc/STM32F3xx_HAL_Driver/Src/stm32f3xx_hal_flash.c ****           pFlash.ProcedureOnGoing = FLASH_PROC_NONE;
 357:Inc/STM32F3xx_HAL_Driver/Src/stm32f3xx_hal_flash.c ****         }
 358:Inc/STM32F3xx_HAL_Driver/Src/stm32f3xx_hal_flash.c ****       else
 359:Inc/STM32F3xx_HAL_Driver/Src/stm32f3xx_hal_flash.c ****       {
 360:Inc/STM32F3xx_HAL_Driver/Src/stm32f3xx_hal_flash.c ****         /* Nb of 16-bit data to program can be decreased */
 361:Inc/STM32F3xx_HAL_Driver/Src/stm32f3xx_hal_flash.c ****         pFlash.DataRemaining--;
 362:Inc/STM32F3xx_HAL_Driver/Src/stm32f3xx_hal_flash.c ****         
 363:Inc/STM32F3xx_HAL_Driver/Src/stm32f3xx_hal_flash.c ****         /* Check if there are still 16-bit data to program */
 364:Inc/STM32F3xx_HAL_Driver/Src/stm32f3xx_hal_flash.c ****         if(pFlash.DataRemaining != 0U)
 365:Inc/STM32F3xx_HAL_Driver/Src/stm32f3xx_hal_flash.c ****         {
 366:Inc/STM32F3xx_HAL_Driver/Src/stm32f3xx_hal_flash.c ****           /* Increment address to 16-bit */
 367:Inc/STM32F3xx_HAL_Driver/Src/stm32f3xx_hal_flash.c ****           pFlash.Address += 2U;
 368:Inc/STM32F3xx_HAL_Driver/Src/stm32f3xx_hal_flash.c ****           addresstmp = pFlash.Address;
 369:Inc/STM32F3xx_HAL_Driver/Src/stm32f3xx_hal_flash.c ****           
 370:Inc/STM32F3xx_HAL_Driver/Src/stm32f3xx_hal_flash.c ****           /* Shift to have next 16-bit data */
 371:Inc/STM32F3xx_HAL_Driver/Src/stm32f3xx_hal_flash.c ****           pFlash.Data = (pFlash.Data >> 16U);
 372:Inc/STM32F3xx_HAL_Driver/Src/stm32f3xx_hal_flash.c ****           
ARM GAS  /tmp/ccTtRKpd.s 			page 8


 373:Inc/STM32F3xx_HAL_Driver/Src/stm32f3xx_hal_flash.c ****           /* Operation is completed, disable the PG Bit */
 374:Inc/STM32F3xx_HAL_Driver/Src/stm32f3xx_hal_flash.c ****           CLEAR_BIT(FLASH->CR, FLASH_CR_PG);
 375:Inc/STM32F3xx_HAL_Driver/Src/stm32f3xx_hal_flash.c **** 
 376:Inc/STM32F3xx_HAL_Driver/Src/stm32f3xx_hal_flash.c ****           /*Program halfword (16-bit) at a specified address.*/
 377:Inc/STM32F3xx_HAL_Driver/Src/stm32f3xx_hal_flash.c ****           FLASH_Program_HalfWord(addresstmp, (uint16_t)pFlash.Data);
 378:Inc/STM32F3xx_HAL_Driver/Src/stm32f3xx_hal_flash.c ****         }
 379:Inc/STM32F3xx_HAL_Driver/Src/stm32f3xx_hal_flash.c ****         else
 380:Inc/STM32F3xx_HAL_Driver/Src/stm32f3xx_hal_flash.c ****         {
 381:Inc/STM32F3xx_HAL_Driver/Src/stm32f3xx_hal_flash.c ****           /* Program ended. Return the selected address */
 382:Inc/STM32F3xx_HAL_Driver/Src/stm32f3xx_hal_flash.c ****           /* FLASH EOP interrupt user callback */
 383:Inc/STM32F3xx_HAL_Driver/Src/stm32f3xx_hal_flash.c ****           if (pFlash.ProcedureOnGoing == FLASH_PROC_PROGRAMHALFWORD)
 384:Inc/STM32F3xx_HAL_Driver/Src/stm32f3xx_hal_flash.c ****           {
 385:Inc/STM32F3xx_HAL_Driver/Src/stm32f3xx_hal_flash.c ****             HAL_FLASH_EndOfOperationCallback(pFlash.Address);
 386:Inc/STM32F3xx_HAL_Driver/Src/stm32f3xx_hal_flash.c ****           }
 387:Inc/STM32F3xx_HAL_Driver/Src/stm32f3xx_hal_flash.c ****           else if (pFlash.ProcedureOnGoing == FLASH_PROC_PROGRAMWORD)
 388:Inc/STM32F3xx_HAL_Driver/Src/stm32f3xx_hal_flash.c ****           {
 389:Inc/STM32F3xx_HAL_Driver/Src/stm32f3xx_hal_flash.c ****             HAL_FLASH_EndOfOperationCallback(pFlash.Address - 2U);
 390:Inc/STM32F3xx_HAL_Driver/Src/stm32f3xx_hal_flash.c ****           }
 391:Inc/STM32F3xx_HAL_Driver/Src/stm32f3xx_hal_flash.c ****           else 
 392:Inc/STM32F3xx_HAL_Driver/Src/stm32f3xx_hal_flash.c ****           {
 393:Inc/STM32F3xx_HAL_Driver/Src/stm32f3xx_hal_flash.c ****             HAL_FLASH_EndOfOperationCallback(pFlash.Address - 6U);
 394:Inc/STM32F3xx_HAL_Driver/Src/stm32f3xx_hal_flash.c ****           }
 395:Inc/STM32F3xx_HAL_Driver/Src/stm32f3xx_hal_flash.c ****         
 396:Inc/STM32F3xx_HAL_Driver/Src/stm32f3xx_hal_flash.c ****           /* Reset Address and stop Program procedure */
 397:Inc/STM32F3xx_HAL_Driver/Src/stm32f3xx_hal_flash.c ****           pFlash.Address = 0xFFFFFFFFU;
 398:Inc/STM32F3xx_HAL_Driver/Src/stm32f3xx_hal_flash.c ****           pFlash.ProcedureOnGoing = FLASH_PROC_NONE;
 399:Inc/STM32F3xx_HAL_Driver/Src/stm32f3xx_hal_flash.c ****         }
 400:Inc/STM32F3xx_HAL_Driver/Src/stm32f3xx_hal_flash.c ****       }
 401:Inc/STM32F3xx_HAL_Driver/Src/stm32f3xx_hal_flash.c ****     }
 402:Inc/STM32F3xx_HAL_Driver/Src/stm32f3xx_hal_flash.c ****   }
 403:Inc/STM32F3xx_HAL_Driver/Src/stm32f3xx_hal_flash.c ****   
 404:Inc/STM32F3xx_HAL_Driver/Src/stm32f3xx_hal_flash.c **** 
 405:Inc/STM32F3xx_HAL_Driver/Src/stm32f3xx_hal_flash.c ****   if(pFlash.ProcedureOnGoing == FLASH_PROC_NONE)
 406:Inc/STM32F3xx_HAL_Driver/Src/stm32f3xx_hal_flash.c ****   {
 407:Inc/STM32F3xx_HAL_Driver/Src/stm32f3xx_hal_flash.c ****     /* Operation is completed, disable the PG, PER and MER Bits */
 408:Inc/STM32F3xx_HAL_Driver/Src/stm32f3xx_hal_flash.c ****     CLEAR_BIT(FLASH->CR, (FLASH_CR_PG | FLASH_CR_PER | FLASH_CR_MER));
 409:Inc/STM32F3xx_HAL_Driver/Src/stm32f3xx_hal_flash.c **** 
 410:Inc/STM32F3xx_HAL_Driver/Src/stm32f3xx_hal_flash.c ****     /* Disable End of FLASH Operation and Error source interrupts */
 411:Inc/STM32F3xx_HAL_Driver/Src/stm32f3xx_hal_flash.c ****     __HAL_FLASH_DISABLE_IT(FLASH_IT_EOP | FLASH_IT_ERR);
 412:Inc/STM32F3xx_HAL_Driver/Src/stm32f3xx_hal_flash.c **** 
 413:Inc/STM32F3xx_HAL_Driver/Src/stm32f3xx_hal_flash.c ****     /* Process Unlocked */
 414:Inc/STM32F3xx_HAL_Driver/Src/stm32f3xx_hal_flash.c ****     __HAL_UNLOCK(&pFlash);
 415:Inc/STM32F3xx_HAL_Driver/Src/stm32f3xx_hal_flash.c ****   }
 416:Inc/STM32F3xx_HAL_Driver/Src/stm32f3xx_hal_flash.c **** }
 417:Inc/STM32F3xx_HAL_Driver/Src/stm32f3xx_hal_flash.c **** 
 418:Inc/STM32F3xx_HAL_Driver/Src/stm32f3xx_hal_flash.c **** /**
 419:Inc/STM32F3xx_HAL_Driver/Src/stm32f3xx_hal_flash.c ****   * @brief  FLASH end of operation interrupt callback
 420:Inc/STM32F3xx_HAL_Driver/Src/stm32f3xx_hal_flash.c ****   * @param  ReturnValue The value saved in this parameter depends on the ongoing procedure
 421:Inc/STM32F3xx_HAL_Driver/Src/stm32f3xx_hal_flash.c ****   *                 - Mass Erase: No return value expected
 422:Inc/STM32F3xx_HAL_Driver/Src/stm32f3xx_hal_flash.c ****   *                 - Pages Erase: Address of the page which has been erased 
 423:Inc/STM32F3xx_HAL_Driver/Src/stm32f3xx_hal_flash.c ****   *                    (if 0xFFFFFFFF, it means that all the selected pages have been erased)
 424:Inc/STM32F3xx_HAL_Driver/Src/stm32f3xx_hal_flash.c ****   *                 - Program: Address which was selected for data program
 425:Inc/STM32F3xx_HAL_Driver/Src/stm32f3xx_hal_flash.c ****   * @retval none
 426:Inc/STM32F3xx_HAL_Driver/Src/stm32f3xx_hal_flash.c ****   */
 427:Inc/STM32F3xx_HAL_Driver/Src/stm32f3xx_hal_flash.c **** __weak void HAL_FLASH_EndOfOperationCallback(uint32_t ReturnValue)
 428:Inc/STM32F3xx_HAL_Driver/Src/stm32f3xx_hal_flash.c **** {
 429:Inc/STM32F3xx_HAL_Driver/Src/stm32f3xx_hal_flash.c ****   /* Prevent unused argument(s) compilation warning */
ARM GAS  /tmp/ccTtRKpd.s 			page 9


 430:Inc/STM32F3xx_HAL_Driver/Src/stm32f3xx_hal_flash.c ****   UNUSED(ReturnValue);
 431:Inc/STM32F3xx_HAL_Driver/Src/stm32f3xx_hal_flash.c **** 
 432:Inc/STM32F3xx_HAL_Driver/Src/stm32f3xx_hal_flash.c ****   /* NOTE : This function Should not be modified, when the callback is needed,
 433:Inc/STM32F3xx_HAL_Driver/Src/stm32f3xx_hal_flash.c ****             the HAL_FLASH_EndOfOperationCallback could be implemented in the user file
 434:Inc/STM32F3xx_HAL_Driver/Src/stm32f3xx_hal_flash.c ****    */ 
 435:Inc/STM32F3xx_HAL_Driver/Src/stm32f3xx_hal_flash.c **** }
 436:Inc/STM32F3xx_HAL_Driver/Src/stm32f3xx_hal_flash.c **** 
 437:Inc/STM32F3xx_HAL_Driver/Src/stm32f3xx_hal_flash.c **** /**
 438:Inc/STM32F3xx_HAL_Driver/Src/stm32f3xx_hal_flash.c ****   * @brief  FLASH operation error interrupt callback
 439:Inc/STM32F3xx_HAL_Driver/Src/stm32f3xx_hal_flash.c ****   * @param  ReturnValue The value saved in this parameter depends on the ongoing procedure
 440:Inc/STM32F3xx_HAL_Driver/Src/stm32f3xx_hal_flash.c ****   *                 - Mass Erase: No return value expected
 441:Inc/STM32F3xx_HAL_Driver/Src/stm32f3xx_hal_flash.c ****   *                 - Pages Erase: Address of the page which returned an error
 442:Inc/STM32F3xx_HAL_Driver/Src/stm32f3xx_hal_flash.c ****   *                 - Program: Address which was selected for data program
 443:Inc/STM32F3xx_HAL_Driver/Src/stm32f3xx_hal_flash.c ****   * @retval none
 444:Inc/STM32F3xx_HAL_Driver/Src/stm32f3xx_hal_flash.c ****   */
 445:Inc/STM32F3xx_HAL_Driver/Src/stm32f3xx_hal_flash.c **** __weak void HAL_FLASH_OperationErrorCallback(uint32_t ReturnValue)
 446:Inc/STM32F3xx_HAL_Driver/Src/stm32f3xx_hal_flash.c **** {
 447:Inc/STM32F3xx_HAL_Driver/Src/stm32f3xx_hal_flash.c ****   /* Prevent unused argument(s) compilation warning */
 448:Inc/STM32F3xx_HAL_Driver/Src/stm32f3xx_hal_flash.c ****   UNUSED(ReturnValue);
 449:Inc/STM32F3xx_HAL_Driver/Src/stm32f3xx_hal_flash.c **** 
 450:Inc/STM32F3xx_HAL_Driver/Src/stm32f3xx_hal_flash.c ****   /* NOTE : This function Should not be modified, when the callback is needed,
 451:Inc/STM32F3xx_HAL_Driver/Src/stm32f3xx_hal_flash.c ****             the HAL_FLASH_OperationErrorCallback could be implemented in the user file
 452:Inc/STM32F3xx_HAL_Driver/Src/stm32f3xx_hal_flash.c ****    */ 
 453:Inc/STM32F3xx_HAL_Driver/Src/stm32f3xx_hal_flash.c **** }
 454:Inc/STM32F3xx_HAL_Driver/Src/stm32f3xx_hal_flash.c **** 
 455:Inc/STM32F3xx_HAL_Driver/Src/stm32f3xx_hal_flash.c **** /**
 456:Inc/STM32F3xx_HAL_Driver/Src/stm32f3xx_hal_flash.c ****   * @}
 457:Inc/STM32F3xx_HAL_Driver/Src/stm32f3xx_hal_flash.c ****   */
 458:Inc/STM32F3xx_HAL_Driver/Src/stm32f3xx_hal_flash.c **** 
 459:Inc/STM32F3xx_HAL_Driver/Src/stm32f3xx_hal_flash.c **** /** @defgroup FLASH_Exported_Functions_Group2 Peripheral Control functions 
 460:Inc/STM32F3xx_HAL_Driver/Src/stm32f3xx_hal_flash.c ****  *  @brief   management functions 
 461:Inc/STM32F3xx_HAL_Driver/Src/stm32f3xx_hal_flash.c ****  *
 462:Inc/STM32F3xx_HAL_Driver/Src/stm32f3xx_hal_flash.c **** @verbatim   
 463:Inc/STM32F3xx_HAL_Driver/Src/stm32f3xx_hal_flash.c ****  ===============================================================================
 464:Inc/STM32F3xx_HAL_Driver/Src/stm32f3xx_hal_flash.c ****                       ##### Peripheral Control functions #####
 465:Inc/STM32F3xx_HAL_Driver/Src/stm32f3xx_hal_flash.c ****  ===============================================================================  
 466:Inc/STM32F3xx_HAL_Driver/Src/stm32f3xx_hal_flash.c ****     [..]
 467:Inc/STM32F3xx_HAL_Driver/Src/stm32f3xx_hal_flash.c ****     This subsection provides a set of functions allowing to control the FLASH 
 468:Inc/STM32F3xx_HAL_Driver/Src/stm32f3xx_hal_flash.c ****     memory operations.
 469:Inc/STM32F3xx_HAL_Driver/Src/stm32f3xx_hal_flash.c **** 
 470:Inc/STM32F3xx_HAL_Driver/Src/stm32f3xx_hal_flash.c **** @endverbatim
 471:Inc/STM32F3xx_HAL_Driver/Src/stm32f3xx_hal_flash.c ****   * @{
 472:Inc/STM32F3xx_HAL_Driver/Src/stm32f3xx_hal_flash.c ****   */
 473:Inc/STM32F3xx_HAL_Driver/Src/stm32f3xx_hal_flash.c **** 
 474:Inc/STM32F3xx_HAL_Driver/Src/stm32f3xx_hal_flash.c **** /**
 475:Inc/STM32F3xx_HAL_Driver/Src/stm32f3xx_hal_flash.c ****   * @brief  Unlock the FLASH control register access
 476:Inc/STM32F3xx_HAL_Driver/Src/stm32f3xx_hal_flash.c ****   * @retval HAL Status
 477:Inc/STM32F3xx_HAL_Driver/Src/stm32f3xx_hal_flash.c ****   */
 478:Inc/STM32F3xx_HAL_Driver/Src/stm32f3xx_hal_flash.c **** HAL_StatusTypeDef HAL_FLASH_Unlock(void)
 479:Inc/STM32F3xx_HAL_Driver/Src/stm32f3xx_hal_flash.c **** {
 480:Inc/STM32F3xx_HAL_Driver/Src/stm32f3xx_hal_flash.c ****   HAL_StatusTypeDef status = HAL_OK;
 481:Inc/STM32F3xx_HAL_Driver/Src/stm32f3xx_hal_flash.c **** 
 482:Inc/STM32F3xx_HAL_Driver/Src/stm32f3xx_hal_flash.c ****   if(READ_BIT(FLASH->CR, FLASH_CR_LOCK) != RESET)
 483:Inc/STM32F3xx_HAL_Driver/Src/stm32f3xx_hal_flash.c ****   {
 484:Inc/STM32F3xx_HAL_Driver/Src/stm32f3xx_hal_flash.c ****     /* Authorize the FLASH Registers access */
 485:Inc/STM32F3xx_HAL_Driver/Src/stm32f3xx_hal_flash.c ****     WRITE_REG(FLASH->KEYR, FLASH_KEY1);
 486:Inc/STM32F3xx_HAL_Driver/Src/stm32f3xx_hal_flash.c ****     WRITE_REG(FLASH->KEYR, FLASH_KEY2);
ARM GAS  /tmp/ccTtRKpd.s 			page 10


 487:Inc/STM32F3xx_HAL_Driver/Src/stm32f3xx_hal_flash.c **** 
 488:Inc/STM32F3xx_HAL_Driver/Src/stm32f3xx_hal_flash.c ****     /* Verify Flash is unlocked */
 489:Inc/STM32F3xx_HAL_Driver/Src/stm32f3xx_hal_flash.c ****     if(READ_BIT(FLASH->CR, FLASH_CR_LOCK) != RESET)
 490:Inc/STM32F3xx_HAL_Driver/Src/stm32f3xx_hal_flash.c ****     {
 491:Inc/STM32F3xx_HAL_Driver/Src/stm32f3xx_hal_flash.c ****       status = HAL_ERROR;
 492:Inc/STM32F3xx_HAL_Driver/Src/stm32f3xx_hal_flash.c ****     }
 493:Inc/STM32F3xx_HAL_Driver/Src/stm32f3xx_hal_flash.c ****   }
 494:Inc/STM32F3xx_HAL_Driver/Src/stm32f3xx_hal_flash.c **** 
 495:Inc/STM32F3xx_HAL_Driver/Src/stm32f3xx_hal_flash.c ****   return status;
 496:Inc/STM32F3xx_HAL_Driver/Src/stm32f3xx_hal_flash.c **** }
 497:Inc/STM32F3xx_HAL_Driver/Src/stm32f3xx_hal_flash.c **** 
 498:Inc/STM32F3xx_HAL_Driver/Src/stm32f3xx_hal_flash.c **** /**
 499:Inc/STM32F3xx_HAL_Driver/Src/stm32f3xx_hal_flash.c ****   * @brief  Locks the FLASH control register access
 500:Inc/STM32F3xx_HAL_Driver/Src/stm32f3xx_hal_flash.c ****   * @retval HAL Status
 501:Inc/STM32F3xx_HAL_Driver/Src/stm32f3xx_hal_flash.c ****   */
 502:Inc/STM32F3xx_HAL_Driver/Src/stm32f3xx_hal_flash.c **** HAL_StatusTypeDef HAL_FLASH_Lock(void)
 503:Inc/STM32F3xx_HAL_Driver/Src/stm32f3xx_hal_flash.c **** {
 504:Inc/STM32F3xx_HAL_Driver/Src/stm32f3xx_hal_flash.c ****   /* Set the LOCK Bit to lock the FLASH Registers access */
 505:Inc/STM32F3xx_HAL_Driver/Src/stm32f3xx_hal_flash.c ****   SET_BIT(FLASH->CR, FLASH_CR_LOCK);
 506:Inc/STM32F3xx_HAL_Driver/Src/stm32f3xx_hal_flash.c ****   
 507:Inc/STM32F3xx_HAL_Driver/Src/stm32f3xx_hal_flash.c ****   return HAL_OK;  
 508:Inc/STM32F3xx_HAL_Driver/Src/stm32f3xx_hal_flash.c **** }
 509:Inc/STM32F3xx_HAL_Driver/Src/stm32f3xx_hal_flash.c **** 
 510:Inc/STM32F3xx_HAL_Driver/Src/stm32f3xx_hal_flash.c **** /**
 511:Inc/STM32F3xx_HAL_Driver/Src/stm32f3xx_hal_flash.c ****   * @brief  Unlock the FLASH Option Control Registers access.
 512:Inc/STM32F3xx_HAL_Driver/Src/stm32f3xx_hal_flash.c ****   * @retval HAL Status
 513:Inc/STM32F3xx_HAL_Driver/Src/stm32f3xx_hal_flash.c ****   */
 514:Inc/STM32F3xx_HAL_Driver/Src/stm32f3xx_hal_flash.c **** HAL_StatusTypeDef HAL_FLASH_OB_Unlock(void)
 515:Inc/STM32F3xx_HAL_Driver/Src/stm32f3xx_hal_flash.c **** {
 516:Inc/STM32F3xx_HAL_Driver/Src/stm32f3xx_hal_flash.c ****   if (HAL_IS_BIT_CLR(FLASH->CR, FLASH_CR_OPTWRE))
 517:Inc/STM32F3xx_HAL_Driver/Src/stm32f3xx_hal_flash.c ****   {
 518:Inc/STM32F3xx_HAL_Driver/Src/stm32f3xx_hal_flash.c ****     /* Authorizes the Option Byte register programming */
 519:Inc/STM32F3xx_HAL_Driver/Src/stm32f3xx_hal_flash.c ****     WRITE_REG(FLASH->OPTKEYR, FLASH_OPTKEY1);
 520:Inc/STM32F3xx_HAL_Driver/Src/stm32f3xx_hal_flash.c ****     WRITE_REG(FLASH->OPTKEYR, FLASH_OPTKEY2);
 521:Inc/STM32F3xx_HAL_Driver/Src/stm32f3xx_hal_flash.c ****   }
 522:Inc/STM32F3xx_HAL_Driver/Src/stm32f3xx_hal_flash.c ****   else
 523:Inc/STM32F3xx_HAL_Driver/Src/stm32f3xx_hal_flash.c ****   {
 524:Inc/STM32F3xx_HAL_Driver/Src/stm32f3xx_hal_flash.c ****     return HAL_ERROR;
 525:Inc/STM32F3xx_HAL_Driver/Src/stm32f3xx_hal_flash.c ****   }  
 526:Inc/STM32F3xx_HAL_Driver/Src/stm32f3xx_hal_flash.c ****   
 527:Inc/STM32F3xx_HAL_Driver/Src/stm32f3xx_hal_flash.c ****   return HAL_OK;  
 528:Inc/STM32F3xx_HAL_Driver/Src/stm32f3xx_hal_flash.c **** }
 529:Inc/STM32F3xx_HAL_Driver/Src/stm32f3xx_hal_flash.c **** 
 530:Inc/STM32F3xx_HAL_Driver/Src/stm32f3xx_hal_flash.c **** /**
 531:Inc/STM32F3xx_HAL_Driver/Src/stm32f3xx_hal_flash.c ****   * @brief  Lock the FLASH Option Control Registers access.
 532:Inc/STM32F3xx_HAL_Driver/Src/stm32f3xx_hal_flash.c ****   * @retval HAL Status 
 533:Inc/STM32F3xx_HAL_Driver/Src/stm32f3xx_hal_flash.c ****   */
 534:Inc/STM32F3xx_HAL_Driver/Src/stm32f3xx_hal_flash.c **** HAL_StatusTypeDef HAL_FLASH_OB_Lock(void)
 535:Inc/STM32F3xx_HAL_Driver/Src/stm32f3xx_hal_flash.c **** {
 536:Inc/STM32F3xx_HAL_Driver/Src/stm32f3xx_hal_flash.c ****   /* Clear the OPTWRE Bit to lock the FLASH Option Byte Registers access */
 537:Inc/STM32F3xx_HAL_Driver/Src/stm32f3xx_hal_flash.c ****   CLEAR_BIT(FLASH->CR, FLASH_CR_OPTWRE);
 538:Inc/STM32F3xx_HAL_Driver/Src/stm32f3xx_hal_flash.c ****   
 539:Inc/STM32F3xx_HAL_Driver/Src/stm32f3xx_hal_flash.c ****   return HAL_OK;  
 540:Inc/STM32F3xx_HAL_Driver/Src/stm32f3xx_hal_flash.c **** }
 541:Inc/STM32F3xx_HAL_Driver/Src/stm32f3xx_hal_flash.c ****   
 542:Inc/STM32F3xx_HAL_Driver/Src/stm32f3xx_hal_flash.c **** /**
 543:Inc/STM32F3xx_HAL_Driver/Src/stm32f3xx_hal_flash.c ****   * @brief  Launch the option byte loading.
ARM GAS  /tmp/ccTtRKpd.s 			page 11


 544:Inc/STM32F3xx_HAL_Driver/Src/stm32f3xx_hal_flash.c ****   * @note   This function will reset automatically the MCU.
 545:Inc/STM32F3xx_HAL_Driver/Src/stm32f3xx_hal_flash.c ****   * @retval HAL Status
 546:Inc/STM32F3xx_HAL_Driver/Src/stm32f3xx_hal_flash.c ****   */
 547:Inc/STM32F3xx_HAL_Driver/Src/stm32f3xx_hal_flash.c **** HAL_StatusTypeDef HAL_FLASH_OB_Launch(void)
 548:Inc/STM32F3xx_HAL_Driver/Src/stm32f3xx_hal_flash.c **** {
 549:Inc/STM32F3xx_HAL_Driver/Src/stm32f3xx_hal_flash.c ****   /* Set the OBL_Launch bit to launch the option byte loading */
 550:Inc/STM32F3xx_HAL_Driver/Src/stm32f3xx_hal_flash.c ****   SET_BIT(FLASH->CR, FLASH_CR_OBL_LAUNCH);
 551:Inc/STM32F3xx_HAL_Driver/Src/stm32f3xx_hal_flash.c ****   
 552:Inc/STM32F3xx_HAL_Driver/Src/stm32f3xx_hal_flash.c ****   /* Wait for last operation to be completed */
 553:Inc/STM32F3xx_HAL_Driver/Src/stm32f3xx_hal_flash.c ****   return(FLASH_WaitForLastOperation(FLASH_TIMEOUT_VALUE));
 554:Inc/STM32F3xx_HAL_Driver/Src/stm32f3xx_hal_flash.c **** }
 555:Inc/STM32F3xx_HAL_Driver/Src/stm32f3xx_hal_flash.c **** 
 556:Inc/STM32F3xx_HAL_Driver/Src/stm32f3xx_hal_flash.c **** /**
 557:Inc/STM32F3xx_HAL_Driver/Src/stm32f3xx_hal_flash.c ****   * @}
 558:Inc/STM32F3xx_HAL_Driver/Src/stm32f3xx_hal_flash.c ****   */  
 559:Inc/STM32F3xx_HAL_Driver/Src/stm32f3xx_hal_flash.c **** 
 560:Inc/STM32F3xx_HAL_Driver/Src/stm32f3xx_hal_flash.c **** /** @defgroup FLASH_Exported_Functions_Group3 Peripheral errors functions 
 561:Inc/STM32F3xx_HAL_Driver/Src/stm32f3xx_hal_flash.c ****  *  @brief    Peripheral errors functions 
 562:Inc/STM32F3xx_HAL_Driver/Src/stm32f3xx_hal_flash.c ****  *
 563:Inc/STM32F3xx_HAL_Driver/Src/stm32f3xx_hal_flash.c **** @verbatim   
 564:Inc/STM32F3xx_HAL_Driver/Src/stm32f3xx_hal_flash.c ****  ===============================================================================
 565:Inc/STM32F3xx_HAL_Driver/Src/stm32f3xx_hal_flash.c ****                       ##### Peripheral Errors functions #####
 566:Inc/STM32F3xx_HAL_Driver/Src/stm32f3xx_hal_flash.c ****  ===============================================================================  
 567:Inc/STM32F3xx_HAL_Driver/Src/stm32f3xx_hal_flash.c ****     [..]
 568:Inc/STM32F3xx_HAL_Driver/Src/stm32f3xx_hal_flash.c ****     This subsection permit to get in run-time errors of  the FLASH peripheral.
 569:Inc/STM32F3xx_HAL_Driver/Src/stm32f3xx_hal_flash.c **** 
 570:Inc/STM32F3xx_HAL_Driver/Src/stm32f3xx_hal_flash.c **** @endverbatim
 571:Inc/STM32F3xx_HAL_Driver/Src/stm32f3xx_hal_flash.c ****   * @{
 572:Inc/STM32F3xx_HAL_Driver/Src/stm32f3xx_hal_flash.c ****   */
 573:Inc/STM32F3xx_HAL_Driver/Src/stm32f3xx_hal_flash.c **** 
 574:Inc/STM32F3xx_HAL_Driver/Src/stm32f3xx_hal_flash.c **** /**
 575:Inc/STM32F3xx_HAL_Driver/Src/stm32f3xx_hal_flash.c ****   * @brief  Get the specific FLASH error flag.
 576:Inc/STM32F3xx_HAL_Driver/Src/stm32f3xx_hal_flash.c ****   * @retval FLASH_ErrorCode The returned value can be:
 577:Inc/STM32F3xx_HAL_Driver/Src/stm32f3xx_hal_flash.c ****   *            @ref FLASH_Error_Codes
 578:Inc/STM32F3xx_HAL_Driver/Src/stm32f3xx_hal_flash.c ****   */
 579:Inc/STM32F3xx_HAL_Driver/Src/stm32f3xx_hal_flash.c **** uint32_t HAL_FLASH_GetError(void)
 580:Inc/STM32F3xx_HAL_Driver/Src/stm32f3xx_hal_flash.c **** {
 581:Inc/STM32F3xx_HAL_Driver/Src/stm32f3xx_hal_flash.c ****    return pFlash.ErrorCode;
 582:Inc/STM32F3xx_HAL_Driver/Src/stm32f3xx_hal_flash.c **** }
 583:Inc/STM32F3xx_HAL_Driver/Src/stm32f3xx_hal_flash.c **** 
 584:Inc/STM32F3xx_HAL_Driver/Src/stm32f3xx_hal_flash.c **** /**
 585:Inc/STM32F3xx_HAL_Driver/Src/stm32f3xx_hal_flash.c ****   * @}
 586:Inc/STM32F3xx_HAL_Driver/Src/stm32f3xx_hal_flash.c ****   */
 587:Inc/STM32F3xx_HAL_Driver/Src/stm32f3xx_hal_flash.c **** 
 588:Inc/STM32F3xx_HAL_Driver/Src/stm32f3xx_hal_flash.c **** /**
 589:Inc/STM32F3xx_HAL_Driver/Src/stm32f3xx_hal_flash.c ****   * @}
 590:Inc/STM32F3xx_HAL_Driver/Src/stm32f3xx_hal_flash.c ****   */
 591:Inc/STM32F3xx_HAL_Driver/Src/stm32f3xx_hal_flash.c **** 
 592:Inc/STM32F3xx_HAL_Driver/Src/stm32f3xx_hal_flash.c **** /** @addtogroup FLASH_Private_Functions
 593:Inc/STM32F3xx_HAL_Driver/Src/stm32f3xx_hal_flash.c ****  * @{
 594:Inc/STM32F3xx_HAL_Driver/Src/stm32f3xx_hal_flash.c ****  */
 595:Inc/STM32F3xx_HAL_Driver/Src/stm32f3xx_hal_flash.c **** 
 596:Inc/STM32F3xx_HAL_Driver/Src/stm32f3xx_hal_flash.c **** /**
 597:Inc/STM32F3xx_HAL_Driver/Src/stm32f3xx_hal_flash.c ****   * @brief  Program a half-word (16-bit) at a specified address.
 598:Inc/STM32F3xx_HAL_Driver/Src/stm32f3xx_hal_flash.c ****   * @param  Address specify the address to be programmed.
 599:Inc/STM32F3xx_HAL_Driver/Src/stm32f3xx_hal_flash.c ****   * @param  Data    specify the data to be programmed.
 600:Inc/STM32F3xx_HAL_Driver/Src/stm32f3xx_hal_flash.c ****   * @retval None
ARM GAS  /tmp/ccTtRKpd.s 			page 12


 601:Inc/STM32F3xx_HAL_Driver/Src/stm32f3xx_hal_flash.c ****   */
 602:Inc/STM32F3xx_HAL_Driver/Src/stm32f3xx_hal_flash.c **** static void FLASH_Program_HalfWord(uint32_t Address, uint16_t Data)
 603:Inc/STM32F3xx_HAL_Driver/Src/stm32f3xx_hal_flash.c **** {
  29              		.loc 1 603 1 view -0
  30              		.cfi_startproc
  31              		@ args = 0, pretend = 0, frame = 0
  32              		@ frame_needed = 0, uses_anonymous_args = 0
  33              		@ link register save eliminated.
 604:Inc/STM32F3xx_HAL_Driver/Src/stm32f3xx_hal_flash.c ****   /* Clean the error context */
 605:Inc/STM32F3xx_HAL_Driver/Src/stm32f3xx_hal_flash.c ****   pFlash.ErrorCode = HAL_FLASH_ERROR_NONE;
  34              		.loc 1 605 3 view .LVU1
  35              		.loc 1 605 20 is_stmt 0 view .LVU2
  36 0000 044B     		ldr	r3, .L2
  37 0002 0022     		movs	r2, #0
  38 0004 DA61     		str	r2, [r3, #28]
 606:Inc/STM32F3xx_HAL_Driver/Src/stm32f3xx_hal_flash.c ****   
 607:Inc/STM32F3xx_HAL_Driver/Src/stm32f3xx_hal_flash.c ****     /* Proceed to program the new data */
 608:Inc/STM32F3xx_HAL_Driver/Src/stm32f3xx_hal_flash.c ****     SET_BIT(FLASH->CR, FLASH_CR_PG);
  39              		.loc 1 608 5 is_stmt 1 view .LVU3
  40 0006 044A     		ldr	r2, .L2+4
  41 0008 1369     		ldr	r3, [r2, #16]
  42 000a 43F00103 		orr	r3, r3, #1
  43 000e 1361     		str	r3, [r2, #16]
 609:Inc/STM32F3xx_HAL_Driver/Src/stm32f3xx_hal_flash.c **** 
 610:Inc/STM32F3xx_HAL_Driver/Src/stm32f3xx_hal_flash.c ****   /* Write data in the address */
 611:Inc/STM32F3xx_HAL_Driver/Src/stm32f3xx_hal_flash.c ****   *(__IO uint16_t*)Address = Data;
  44              		.loc 1 611 3 view .LVU4
  45              		.loc 1 611 28 is_stmt 0 view .LVU5
  46 0010 0180     		strh	r1, [r0]	@ movhi
 612:Inc/STM32F3xx_HAL_Driver/Src/stm32f3xx_hal_flash.c **** }
  47              		.loc 1 612 1 view .LVU6
  48 0012 7047     		bx	lr
  49              	.L3:
  50              		.align	2
  51              	.L2:
  52 0014 00000000 		.word	pFlash
  53 0018 00200240 		.word	1073881088
  54              		.cfi_endproc
  55              	.LFE141:
  57              		.section	.text.FLASH_SetErrorCode,"ax",%progbits
  58              		.align	1
  59              		.syntax unified
  60              		.thumb
  61              		.thumb_func
  63              	FLASH_SetErrorCode:
  64              	.LFB143:
 613:Inc/STM32F3xx_HAL_Driver/Src/stm32f3xx_hal_flash.c **** 
 614:Inc/STM32F3xx_HAL_Driver/Src/stm32f3xx_hal_flash.c **** /**
 615:Inc/STM32F3xx_HAL_Driver/Src/stm32f3xx_hal_flash.c ****   * @brief  Wait for a FLASH operation to complete.
 616:Inc/STM32F3xx_HAL_Driver/Src/stm32f3xx_hal_flash.c ****   * @param  Timeout  maximum flash operation timeout
 617:Inc/STM32F3xx_HAL_Driver/Src/stm32f3xx_hal_flash.c ****   * @retval HAL Status
 618:Inc/STM32F3xx_HAL_Driver/Src/stm32f3xx_hal_flash.c ****   */
 619:Inc/STM32F3xx_HAL_Driver/Src/stm32f3xx_hal_flash.c **** HAL_StatusTypeDef FLASH_WaitForLastOperation(uint32_t Timeout)
 620:Inc/STM32F3xx_HAL_Driver/Src/stm32f3xx_hal_flash.c **** {
 621:Inc/STM32F3xx_HAL_Driver/Src/stm32f3xx_hal_flash.c ****   /* Wait for the FLASH operation to complete by polling on BUSY flag to be reset.
 622:Inc/STM32F3xx_HAL_Driver/Src/stm32f3xx_hal_flash.c ****      Even if the FLASH operation fails, the BUSY flag will be reset and an error
 623:Inc/STM32F3xx_HAL_Driver/Src/stm32f3xx_hal_flash.c ****      flag will be set */
ARM GAS  /tmp/ccTtRKpd.s 			page 13


 624:Inc/STM32F3xx_HAL_Driver/Src/stm32f3xx_hal_flash.c ****      
 625:Inc/STM32F3xx_HAL_Driver/Src/stm32f3xx_hal_flash.c ****   uint32_t tickstart = HAL_GetTick();
 626:Inc/STM32F3xx_HAL_Driver/Src/stm32f3xx_hal_flash.c ****      
 627:Inc/STM32F3xx_HAL_Driver/Src/stm32f3xx_hal_flash.c ****   while(__HAL_FLASH_GET_FLAG(FLASH_FLAG_BSY)) 
 628:Inc/STM32F3xx_HAL_Driver/Src/stm32f3xx_hal_flash.c ****   { 
 629:Inc/STM32F3xx_HAL_Driver/Src/stm32f3xx_hal_flash.c ****     if (Timeout != HAL_MAX_DELAY)
 630:Inc/STM32F3xx_HAL_Driver/Src/stm32f3xx_hal_flash.c ****     {
 631:Inc/STM32F3xx_HAL_Driver/Src/stm32f3xx_hal_flash.c ****       if((Timeout == 0U) || ((HAL_GetTick()-tickstart) > Timeout))
 632:Inc/STM32F3xx_HAL_Driver/Src/stm32f3xx_hal_flash.c ****       {
 633:Inc/STM32F3xx_HAL_Driver/Src/stm32f3xx_hal_flash.c ****         return HAL_TIMEOUT;
 634:Inc/STM32F3xx_HAL_Driver/Src/stm32f3xx_hal_flash.c ****       }
 635:Inc/STM32F3xx_HAL_Driver/Src/stm32f3xx_hal_flash.c ****     }
 636:Inc/STM32F3xx_HAL_Driver/Src/stm32f3xx_hal_flash.c ****   }
 637:Inc/STM32F3xx_HAL_Driver/Src/stm32f3xx_hal_flash.c ****   
 638:Inc/STM32F3xx_HAL_Driver/Src/stm32f3xx_hal_flash.c ****   /* Check FLASH End of Operation flag  */
 639:Inc/STM32F3xx_HAL_Driver/Src/stm32f3xx_hal_flash.c ****   if (__HAL_FLASH_GET_FLAG(FLASH_FLAG_EOP))
 640:Inc/STM32F3xx_HAL_Driver/Src/stm32f3xx_hal_flash.c ****   {
 641:Inc/STM32F3xx_HAL_Driver/Src/stm32f3xx_hal_flash.c ****     /* Clear FLASH End of Operation pending bit */
 642:Inc/STM32F3xx_HAL_Driver/Src/stm32f3xx_hal_flash.c ****     __HAL_FLASH_CLEAR_FLAG(FLASH_FLAG_EOP);
 643:Inc/STM32F3xx_HAL_Driver/Src/stm32f3xx_hal_flash.c ****   }
 644:Inc/STM32F3xx_HAL_Driver/Src/stm32f3xx_hal_flash.c ****   
 645:Inc/STM32F3xx_HAL_Driver/Src/stm32f3xx_hal_flash.c ****   if(__HAL_FLASH_GET_FLAG(FLASH_FLAG_WRPERR)  || 
 646:Inc/STM32F3xx_HAL_Driver/Src/stm32f3xx_hal_flash.c ****      __HAL_FLASH_GET_FLAG(FLASH_FLAG_PGERR))
 647:Inc/STM32F3xx_HAL_Driver/Src/stm32f3xx_hal_flash.c ****   {
 648:Inc/STM32F3xx_HAL_Driver/Src/stm32f3xx_hal_flash.c ****     /*Save the error code*/
 649:Inc/STM32F3xx_HAL_Driver/Src/stm32f3xx_hal_flash.c ****     FLASH_SetErrorCode();
 650:Inc/STM32F3xx_HAL_Driver/Src/stm32f3xx_hal_flash.c ****     return HAL_ERROR;
 651:Inc/STM32F3xx_HAL_Driver/Src/stm32f3xx_hal_flash.c ****   }
 652:Inc/STM32F3xx_HAL_Driver/Src/stm32f3xx_hal_flash.c **** 
 653:Inc/STM32F3xx_HAL_Driver/Src/stm32f3xx_hal_flash.c ****   /* There is no error flag set */
 654:Inc/STM32F3xx_HAL_Driver/Src/stm32f3xx_hal_flash.c ****   return HAL_OK;
 655:Inc/STM32F3xx_HAL_Driver/Src/stm32f3xx_hal_flash.c **** }
 656:Inc/STM32F3xx_HAL_Driver/Src/stm32f3xx_hal_flash.c **** 
 657:Inc/STM32F3xx_HAL_Driver/Src/stm32f3xx_hal_flash.c **** 
 658:Inc/STM32F3xx_HAL_Driver/Src/stm32f3xx_hal_flash.c **** /**
 659:Inc/STM32F3xx_HAL_Driver/Src/stm32f3xx_hal_flash.c ****   * @brief  Set the specific FLASH error flag.
 660:Inc/STM32F3xx_HAL_Driver/Src/stm32f3xx_hal_flash.c ****   * @retval None
 661:Inc/STM32F3xx_HAL_Driver/Src/stm32f3xx_hal_flash.c ****   */
 662:Inc/STM32F3xx_HAL_Driver/Src/stm32f3xx_hal_flash.c **** static void FLASH_SetErrorCode(void)
 663:Inc/STM32F3xx_HAL_Driver/Src/stm32f3xx_hal_flash.c **** {
  65              		.loc 1 663 1 is_stmt 1 view -0
  66              		.cfi_startproc
  67              		@ args = 0, pretend = 0, frame = 0
  68              		@ frame_needed = 0, uses_anonymous_args = 0
  69              		@ link register save eliminated.
 664:Inc/STM32F3xx_HAL_Driver/Src/stm32f3xx_hal_flash.c ****   uint32_t flags = 0U;
  70              		.loc 1 664 3 view .LVU8
  71              	.LVL1:
 665:Inc/STM32F3xx_HAL_Driver/Src/stm32f3xx_hal_flash.c ****   
 666:Inc/STM32F3xx_HAL_Driver/Src/stm32f3xx_hal_flash.c ****   if(__HAL_FLASH_GET_FLAG(FLASH_FLAG_WRPERR))
  72              		.loc 1 666 3 view .LVU9
  73              		.loc 1 666 6 is_stmt 0 view .LVU10
  74 0000 0C4B     		ldr	r3, .L7
  75 0002 DB68     		ldr	r3, [r3, #12]
  76              		.loc 1 666 5 view .LVU11
  77 0004 13F01003 		ands	r3, r3, #16
  78 0008 05D0     		beq	.L5
ARM GAS  /tmp/ccTtRKpd.s 			page 14


 667:Inc/STM32F3xx_HAL_Driver/Src/stm32f3xx_hal_flash.c ****   {
 668:Inc/STM32F3xx_HAL_Driver/Src/stm32f3xx_hal_flash.c ****     pFlash.ErrorCode |= HAL_FLASH_ERROR_WRP;
  79              		.loc 1 668 5 is_stmt 1 view .LVU12
  80              		.loc 1 668 11 is_stmt 0 view .LVU13
  81 000a 0B4A     		ldr	r2, .L7+4
  82 000c D369     		ldr	r3, [r2, #28]
  83              		.loc 1 668 22 view .LVU14
  84 000e 43F00203 		orr	r3, r3, #2
  85 0012 D361     		str	r3, [r2, #28]
 669:Inc/STM32F3xx_HAL_Driver/Src/stm32f3xx_hal_flash.c ****     flags |= FLASH_FLAG_WRPERR;
  86              		.loc 1 669 5 is_stmt 1 view .LVU15
  87              	.LVL2:
  88              		.loc 1 669 11 is_stmt 0 view .LVU16
  89 0014 1023     		movs	r3, #16
  90              	.LVL3:
  91              	.L5:
 670:Inc/STM32F3xx_HAL_Driver/Src/stm32f3xx_hal_flash.c ****   }
 671:Inc/STM32F3xx_HAL_Driver/Src/stm32f3xx_hal_flash.c ****   if(__HAL_FLASH_GET_FLAG(FLASH_FLAG_PGERR))
  92              		.loc 1 671 3 is_stmt 1 view .LVU17
  93              		.loc 1 671 6 is_stmt 0 view .LVU18
  94 0016 074A     		ldr	r2, .L7
  95 0018 D268     		ldr	r2, [r2, #12]
  96              		.loc 1 671 5 view .LVU19
  97 001a 12F0040F 		tst	r2, #4
  98 001e 06D0     		beq	.L6
 672:Inc/STM32F3xx_HAL_Driver/Src/stm32f3xx_hal_flash.c ****   {
 673:Inc/STM32F3xx_HAL_Driver/Src/stm32f3xx_hal_flash.c ****     pFlash.ErrorCode |= HAL_FLASH_ERROR_PROG;
  99              		.loc 1 673 5 is_stmt 1 view .LVU20
 100              		.loc 1 673 11 is_stmt 0 view .LVU21
 101 0020 0549     		ldr	r1, .L7+4
 102 0022 CA69     		ldr	r2, [r1, #28]
 103              		.loc 1 673 22 view .LVU22
 104 0024 42F00102 		orr	r2, r2, #1
 105 0028 CA61     		str	r2, [r1, #28]
 674:Inc/STM32F3xx_HAL_Driver/Src/stm32f3xx_hal_flash.c ****     flags |= FLASH_FLAG_PGERR;
 106              		.loc 1 674 5 is_stmt 1 view .LVU23
 107              		.loc 1 674 11 is_stmt 0 view .LVU24
 108 002a 43F00403 		orr	r3, r3, #4
 109              	.LVL4:
 110              	.L6:
 675:Inc/STM32F3xx_HAL_Driver/Src/stm32f3xx_hal_flash.c ****   }
 676:Inc/STM32F3xx_HAL_Driver/Src/stm32f3xx_hal_flash.c ****   /* Clear FLASH error pending bits */
 677:Inc/STM32F3xx_HAL_Driver/Src/stm32f3xx_hal_flash.c ****   __HAL_FLASH_CLEAR_FLAG(flags);
 111              		.loc 1 677 3 is_stmt 1 view .LVU25
 112 002e 014A     		ldr	r2, .L7
 113 0030 D360     		str	r3, [r2, #12]
 678:Inc/STM32F3xx_HAL_Driver/Src/stm32f3xx_hal_flash.c **** }  
 114              		.loc 1 678 1 is_stmt 0 view .LVU26
 115 0032 7047     		bx	lr
 116              	.L8:
 117              		.align	2
 118              	.L7:
 119 0034 00200240 		.word	1073881088
 120 0038 00000000 		.word	pFlash
 121              		.cfi_endproc
 122              	.LFE143:
 124              		.section	.text.HAL_FLASH_Program_IT,"ax",%progbits
ARM GAS  /tmp/ccTtRKpd.s 			page 15


 125              		.align	1
 126              		.global	HAL_FLASH_Program_IT
 127              		.syntax unified
 128              		.thumb
 129              		.thumb_func
 131              	HAL_FLASH_Program_IT:
 132              	.LVL5:
 133              	.LFB131:
 239:Inc/STM32F3xx_HAL_Driver/Src/stm32f3xx_hal_flash.c ****   HAL_StatusTypeDef status = HAL_OK;
 134              		.loc 1 239 1 is_stmt 1 view -0
 135              		.cfi_startproc
 136              		@ args = 0, pretend = 0, frame = 0
 137              		@ frame_needed = 0, uses_anonymous_args = 0
 239:Inc/STM32F3xx_HAL_Driver/Src/stm32f3xx_hal_flash.c ****   HAL_StatusTypeDef status = HAL_OK;
 138              		.loc 1 239 1 is_stmt 0 view .LVU28
 139 0000 38B5     		push	{r3, r4, r5, lr}
 140              		.cfi_def_cfa_offset 16
 141              		.cfi_offset 3, -16
 142              		.cfi_offset 4, -12
 143              		.cfi_offset 5, -8
 144              		.cfi_offset 14, -4
 145 0002 1D46     		mov	r5, r3
 240:Inc/STM32F3xx_HAL_Driver/Src/stm32f3xx_hal_flash.c ****   
 146              		.loc 1 240 3 is_stmt 1 view .LVU29
 147              	.LVL6:
 243:Inc/STM32F3xx_HAL_Driver/Src/stm32f3xx_hal_flash.c **** 
 148              		.loc 1 243 3 view .LVU30
 243:Inc/STM32F3xx_HAL_Driver/Src/stm32f3xx_hal_flash.c **** 
 149              		.loc 1 243 3 view .LVU31
 150 0004 174B     		ldr	r3, .L18
 151 0006 1B7E     		ldrb	r3, [r3, #24]	@ zero_extendqisi2
 152 0008 012B     		cmp	r3, #1
 153 000a 28D0     		beq	.L14
 154 000c 8446     		mov	ip, r0
 155 000e 0846     		mov	r0, r1
 156              	.LVL7:
 243:Inc/STM32F3xx_HAL_Driver/Src/stm32f3xx_hal_flash.c **** 
 157              		.loc 1 243 3 is_stmt 0 view .LVU32
 158 0010 1446     		mov	r4, r2
 243:Inc/STM32F3xx_HAL_Driver/Src/stm32f3xx_hal_flash.c **** 
 159              		.loc 1 243 3 is_stmt 1 discriminator 2 view .LVU33
 160 0012 144B     		ldr	r3, .L18
 161 0014 0122     		movs	r2, #1
 162              	.LVL8:
 243:Inc/STM32F3xx_HAL_Driver/Src/stm32f3xx_hal_flash.c **** 
 163              		.loc 1 243 3 is_stmt 0 discriminator 2 view .LVU34
 164 0016 1A76     		strb	r2, [r3, #24]
 243:Inc/STM32F3xx_HAL_Driver/Src/stm32f3xx_hal_flash.c **** 
 165              		.loc 1 243 3 is_stmt 1 view .LVU35
 246:Inc/STM32F3xx_HAL_Driver/Src/stm32f3xx_hal_flash.c ****   assert_param(IS_FLASH_PROGRAM_ADDRESS(Address));
 166              		.loc 1 246 3 view .LVU36
 247:Inc/STM32F3xx_HAL_Driver/Src/stm32f3xx_hal_flash.c **** 
 167              		.loc 1 247 3 view .LVU37
 250:Inc/STM32F3xx_HAL_Driver/Src/stm32f3xx_hal_flash.c ****   
 168              		.loc 1 250 3 view .LVU38
 169 0018 1349     		ldr	r1, .L18+4
 170              	.LVL9:
ARM GAS  /tmp/ccTtRKpd.s 			page 16


 250:Inc/STM32F3xx_HAL_Driver/Src/stm32f3xx_hal_flash.c ****   
 171              		.loc 1 250 3 is_stmt 0 view .LVU39
 172 001a 0A69     		ldr	r2, [r1, #16]
 173 001c 42F4A052 		orr	r2, r2, #5120
 174 0020 0A61     		str	r2, [r1, #16]
 252:Inc/STM32F3xx_HAL_Driver/Src/stm32f3xx_hal_flash.c ****   pFlash.Data = Data;
 175              		.loc 1 252 3 is_stmt 1 view .LVU40
 252:Inc/STM32F3xx_HAL_Driver/Src/stm32f3xx_hal_flash.c ****   pFlash.Data = Data;
 176              		.loc 1 252 18 is_stmt 0 view .LVU41
 177 0022 9860     		str	r0, [r3, #8]
 253:Inc/STM32F3xx_HAL_Driver/Src/stm32f3xx_hal_flash.c **** 
 178              		.loc 1 253 3 is_stmt 1 view .LVU42
 253:Inc/STM32F3xx_HAL_Driver/Src/stm32f3xx_hal_flash.c **** 
 179              		.loc 1 253 15 is_stmt 0 view .LVU43
 180 0024 C3E90445 		strd	r4, [r3, #16]
 255:Inc/STM32F3xx_HAL_Driver/Src/stm32f3xx_hal_flash.c ****   {
 181              		.loc 1 255 3 is_stmt 1 view .LVU44
 255:Inc/STM32F3xx_HAL_Driver/Src/stm32f3xx_hal_flash.c ****   {
 182              		.loc 1 255 5 is_stmt 0 view .LVU45
 183 0028 BCF1010F 		cmp	ip, #1
 184 002c 0CD0     		beq	.L16
 261:Inc/STM32F3xx_HAL_Driver/Src/stm32f3xx_hal_flash.c ****   {
 185              		.loc 1 261 8 is_stmt 1 view .LVU46
 261:Inc/STM32F3xx_HAL_Driver/Src/stm32f3xx_hal_flash.c ****   {
 186              		.loc 1 261 10 is_stmt 0 view .LVU47
 187 002e BCF1020F 		cmp	ip, #2
 188 0032 0ED0     		beq	.L17
 269:Inc/STM32F3xx_HAL_Driver/Src/stm32f3xx_hal_flash.c ****     /* Program double word (64-bit : 4*16-bit) at a specified address. */
 189              		.loc 1 269 5 is_stmt 1 view .LVU48
 269:Inc/STM32F3xx_HAL_Driver/Src/stm32f3xx_hal_flash.c ****     /* Program double word (64-bit : 4*16-bit) at a specified address. */
 190              		.loc 1 269 29 is_stmt 0 view .LVU49
 191 0034 0B4B     		ldr	r3, .L18
 192 0036 0522     		movs	r2, #5
 193 0038 1A70     		strb	r2, [r3]
 271:Inc/STM32F3xx_HAL_Driver/Src/stm32f3xx_hal_flash.c ****   }
 194              		.loc 1 271 5 is_stmt 1 view .LVU50
 271:Inc/STM32F3xx_HAL_Driver/Src/stm32f3xx_hal_flash.c ****   }
 195              		.loc 1 271 26 is_stmt 0 view .LVU51
 196 003a 0422     		movs	r2, #4
 197 003c 5A60     		str	r2, [r3, #4]
 198              	.L12:
 275:Inc/STM32F3xx_HAL_Driver/Src/stm32f3xx_hal_flash.c **** 
 199              		.loc 1 275 3 is_stmt 1 view .LVU52
 200 003e A1B2     		uxth	r1, r4
 201 0040 FFF7FEFF 		bl	FLASH_Program_HalfWord
 202              	.LVL10:
 277:Inc/STM32F3xx_HAL_Driver/Src/stm32f3xx_hal_flash.c **** }
 203              		.loc 1 277 3 view .LVU53
 277:Inc/STM32F3xx_HAL_Driver/Src/stm32f3xx_hal_flash.c **** }
 204              		.loc 1 277 10 is_stmt 0 view .LVU54
 205 0044 0020     		movs	r0, #0
 206              	.L10:
 278:Inc/STM32F3xx_HAL_Driver/Src/stm32f3xx_hal_flash.c **** 
 207              		.loc 1 278 1 view .LVU55
 208 0046 38BD     		pop	{r3, r4, r5, pc}
 209              	.LVL11:
 210              	.L16:
ARM GAS  /tmp/ccTtRKpd.s 			page 17


 257:Inc/STM32F3xx_HAL_Driver/Src/stm32f3xx_hal_flash.c ****     /* Program halfword (16-bit) at a specified address. */
 211              		.loc 1 257 5 is_stmt 1 view .LVU56
 257:Inc/STM32F3xx_HAL_Driver/Src/stm32f3xx_hal_flash.c ****     /* Program halfword (16-bit) at a specified address. */
 212              		.loc 1 257 29 is_stmt 0 view .LVU57
 213 0048 0322     		movs	r2, #3
 214 004a 1A70     		strb	r2, [r3]
 259:Inc/STM32F3xx_HAL_Driver/Src/stm32f3xx_hal_flash.c ****   }
 215              		.loc 1 259 5 is_stmt 1 view .LVU58
 259:Inc/STM32F3xx_HAL_Driver/Src/stm32f3xx_hal_flash.c ****   }
 216              		.loc 1 259 26 is_stmt 0 view .LVU59
 217 004c 0122     		movs	r2, #1
 218 004e 5A60     		str	r2, [r3, #4]
 219 0050 F5E7     		b	.L12
 220              	.L17:
 263:Inc/STM32F3xx_HAL_Driver/Src/stm32f3xx_hal_flash.c ****     /* Program word (32-bit : 2*16-bit) at a specified address. */
 221              		.loc 1 263 5 is_stmt 1 view .LVU60
 263:Inc/STM32F3xx_HAL_Driver/Src/stm32f3xx_hal_flash.c ****     /* Program word (32-bit : 2*16-bit) at a specified address. */
 222              		.loc 1 263 29 is_stmt 0 view .LVU61
 223 0052 044B     		ldr	r3, .L18
 224 0054 0422     		movs	r2, #4
 225 0056 1A70     		strb	r2, [r3]
 265:Inc/STM32F3xx_HAL_Driver/Src/stm32f3xx_hal_flash.c ****   }
 226              		.loc 1 265 5 is_stmt 1 view .LVU62
 265:Inc/STM32F3xx_HAL_Driver/Src/stm32f3xx_hal_flash.c ****   }
 227              		.loc 1 265 26 is_stmt 0 view .LVU63
 228 0058 0222     		movs	r2, #2
 229 005a 5A60     		str	r2, [r3, #4]
 230 005c EFE7     		b	.L12
 231              	.LVL12:
 232              	.L14:
 243:Inc/STM32F3xx_HAL_Driver/Src/stm32f3xx_hal_flash.c **** 
 233              		.loc 1 243 3 discriminator 1 view .LVU64
 234 005e 0220     		movs	r0, #2
 235              	.LVL13:
 243:Inc/STM32F3xx_HAL_Driver/Src/stm32f3xx_hal_flash.c **** 
 236              		.loc 1 243 3 discriminator 1 view .LVU65
 237 0060 F1E7     		b	.L10
 238              	.L19:
 239 0062 00BF     		.align	2
 240              	.L18:
 241 0064 00000000 		.word	pFlash
 242 0068 00200240 		.word	1073881088
 243              		.cfi_endproc
 244              	.LFE131:
 246              		.section	.text.HAL_FLASH_EndOfOperationCallback,"ax",%progbits
 247              		.align	1
 248              		.weak	HAL_FLASH_EndOfOperationCallback
 249              		.syntax unified
 250              		.thumb
 251              		.thumb_func
 253              	HAL_FLASH_EndOfOperationCallback:
 254              	.LVL14:
 255              	.LFB133:
 428:Inc/STM32F3xx_HAL_Driver/Src/stm32f3xx_hal_flash.c ****   /* Prevent unused argument(s) compilation warning */
 256              		.loc 1 428 1 is_stmt 1 view -0
 257              		.cfi_startproc
 258              		@ args = 0, pretend = 0, frame = 0
ARM GAS  /tmp/ccTtRKpd.s 			page 18


 259              		@ frame_needed = 0, uses_anonymous_args = 0
 260              		@ link register save eliminated.
 430:Inc/STM32F3xx_HAL_Driver/Src/stm32f3xx_hal_flash.c **** 
 261              		.loc 1 430 3 view .LVU67
 435:Inc/STM32F3xx_HAL_Driver/Src/stm32f3xx_hal_flash.c **** 
 262              		.loc 1 435 1 is_stmt 0 view .LVU68
 263 0000 7047     		bx	lr
 264              		.cfi_endproc
 265              	.LFE133:
 267              		.section	.text.HAL_FLASH_OperationErrorCallback,"ax",%progbits
 268              		.align	1
 269              		.weak	HAL_FLASH_OperationErrorCallback
 270              		.syntax unified
 271              		.thumb
 272              		.thumb_func
 274              	HAL_FLASH_OperationErrorCallback:
 275              	.LVL15:
 276              	.LFB134:
 446:Inc/STM32F3xx_HAL_Driver/Src/stm32f3xx_hal_flash.c ****   /* Prevent unused argument(s) compilation warning */
 277              		.loc 1 446 1 is_stmt 1 view -0
 278              		.cfi_startproc
 279              		@ args = 0, pretend = 0, frame = 0
 280              		@ frame_needed = 0, uses_anonymous_args = 0
 281              		@ link register save eliminated.
 448:Inc/STM32F3xx_HAL_Driver/Src/stm32f3xx_hal_flash.c **** 
 282              		.loc 1 448 3 view .LVU70
 453:Inc/STM32F3xx_HAL_Driver/Src/stm32f3xx_hal_flash.c **** 
 283              		.loc 1 453 1 is_stmt 0 view .LVU71
 284 0000 7047     		bx	lr
 285              		.cfi_endproc
 286              	.LFE134:
 288              		.section	.text.HAL_FLASH_IRQHandler,"ax",%progbits
 289              		.align	1
 290              		.global	HAL_FLASH_IRQHandler
 291              		.syntax unified
 292              		.thumb
 293              		.thumb_func
 295              	HAL_FLASH_IRQHandler:
 296              	.LFB132:
 285:Inc/STM32F3xx_HAL_Driver/Src/stm32f3xx_hal_flash.c ****   uint32_t addresstmp = 0U;
 297              		.loc 1 285 1 is_stmt 1 view -0
 298              		.cfi_startproc
 299              		@ args = 0, pretend = 0, frame = 0
 300              		@ frame_needed = 0, uses_anonymous_args = 0
 301 0000 F8B5     		push	{r3, r4, r5, r6, r7, lr}
 302              		.cfi_def_cfa_offset 24
 303              		.cfi_offset 3, -24
 304              		.cfi_offset 4, -20
 305              		.cfi_offset 5, -16
 306              		.cfi_offset 6, -12
 307              		.cfi_offset 7, -8
 308              		.cfi_offset 14, -4
 286:Inc/STM32F3xx_HAL_Driver/Src/stm32f3xx_hal_flash.c ****   
 309              		.loc 1 286 3 view .LVU73
 310              	.LVL16:
 289:Inc/STM32F3xx_HAL_Driver/Src/stm32f3xx_hal_flash.c ****   {
 311              		.loc 1 289 3 view .LVU74
ARM GAS  /tmp/ccTtRKpd.s 			page 19


 289:Inc/STM32F3xx_HAL_Driver/Src/stm32f3xx_hal_flash.c ****   {
 312              		.loc 1 289 6 is_stmt 0 view .LVU75
 313 0002 504B     		ldr	r3, .L40
 314 0004 DB68     		ldr	r3, [r3, #12]
 289:Inc/STM32F3xx_HAL_Driver/Src/stm32f3xx_hal_flash.c ****   {
 315              		.loc 1 289 5 view .LVU76
 316 0006 13F0100F 		tst	r3, #16
 317 000a 04D1     		bne	.L23
 289:Inc/STM32F3xx_HAL_Driver/Src/stm32f3xx_hal_flash.c ****   {
 318              		.loc 1 289 48 discriminator 1 view .LVU77
 319 000c 4D4B     		ldr	r3, .L40
 320 000e DB68     		ldr	r3, [r3, #12]
 289:Inc/STM32F3xx_HAL_Driver/Src/stm32f3xx_hal_flash.c ****   {
 321              		.loc 1 289 46 discriminator 1 view .LVU78
 322 0010 13F0040F 		tst	r3, #4
 323 0014 0BD0     		beq	.L24
 324              	.L23:
 292:Inc/STM32F3xx_HAL_Driver/Src/stm32f3xx_hal_flash.c ****     /* Reset address */
 325              		.loc 1 292 5 is_stmt 1 view .LVU79
 292:Inc/STM32F3xx_HAL_Driver/Src/stm32f3xx_hal_flash.c ****     /* Reset address */
 326              		.loc 1 292 16 is_stmt 0 view .LVU80
 327 0016 4C4C     		ldr	r4, .L40+4
 328 0018 A568     		ldr	r5, [r4, #8]
 329              	.LVL17:
 294:Inc/STM32F3xx_HAL_Driver/Src/stm32f3xx_hal_flash.c ****   
 330              		.loc 1 294 5 is_stmt 1 view .LVU81
 294:Inc/STM32F3xx_HAL_Driver/Src/stm32f3xx_hal_flash.c ****   
 331              		.loc 1 294 20 is_stmt 0 view .LVU82
 332 001a 4FF0FF33 		mov	r3, #-1
 333 001e A360     		str	r3, [r4, #8]
 297:Inc/STM32F3xx_HAL_Driver/Src/stm32f3xx_hal_flash.c ****     
 334              		.loc 1 297 5 is_stmt 1 view .LVU83
 335 0020 FFF7FEFF 		bl	FLASH_SetErrorCode
 336              	.LVL18:
 300:Inc/STM32F3xx_HAL_Driver/Src/stm32f3xx_hal_flash.c **** 
 337              		.loc 1 300 5 view .LVU84
 338 0024 2846     		mov	r0, r5
 339 0026 FFF7FEFF 		bl	HAL_FLASH_OperationErrorCallback
 340              	.LVL19:
 303:Inc/STM32F3xx_HAL_Driver/Src/stm32f3xx_hal_flash.c ****   }
 341              		.loc 1 303 5 view .LVU85
 303:Inc/STM32F3xx_HAL_Driver/Src/stm32f3xx_hal_flash.c ****   }
 342              		.loc 1 303 29 is_stmt 0 view .LVU86
 343 002a 0023     		movs	r3, #0
 344 002c 2370     		strb	r3, [r4]
 345              	.LVL20:
 346              	.L24:
 307:Inc/STM32F3xx_HAL_Driver/Src/stm32f3xx_hal_flash.c ****   {
 347              		.loc 1 307 3 is_stmt 1 view .LVU87
 307:Inc/STM32F3xx_HAL_Driver/Src/stm32f3xx_hal_flash.c ****   {
 348              		.loc 1 307 6 is_stmt 0 view .LVU88
 349 002e 454B     		ldr	r3, .L40
 350 0030 DB68     		ldr	r3, [r3, #12]
 307:Inc/STM32F3xx_HAL_Driver/Src/stm32f3xx_hal_flash.c ****   {
 351              		.loc 1 307 5 view .LVU89
 352 0032 13F0200F 		tst	r3, #32
 353 0036 27D0     		beq	.L25
ARM GAS  /tmp/ccTtRKpd.s 			page 20


 310:Inc/STM32F3xx_HAL_Driver/Src/stm32f3xx_hal_flash.c ****     
 354              		.loc 1 310 5 is_stmt 1 view .LVU90
 355 0038 424B     		ldr	r3, .L40
 356 003a 2022     		movs	r2, #32
 357 003c DA60     		str	r2, [r3, #12]
 313:Inc/STM32F3xx_HAL_Driver/Src/stm32f3xx_hal_flash.c ****     {
 358              		.loc 1 313 5 view .LVU91
 313:Inc/STM32F3xx_HAL_Driver/Src/stm32f3xx_hal_flash.c ****     {
 359              		.loc 1 313 14 is_stmt 0 view .LVU92
 360 003e 424B     		ldr	r3, .L40+4
 361 0040 1B78     		ldrb	r3, [r3]	@ zero_extendqisi2
 313:Inc/STM32F3xx_HAL_Driver/Src/stm32f3xx_hal_flash.c ****     {
 362              		.loc 1 313 7 view .LVU93
 363 0042 0BB3     		cbz	r3, .L25
 315:Inc/STM32F3xx_HAL_Driver/Src/stm32f3xx_hal_flash.c ****       {
 364              		.loc 1 315 7 is_stmt 1 view .LVU94
 315:Inc/STM32F3xx_HAL_Driver/Src/stm32f3xx_hal_flash.c ****       {
 365              		.loc 1 315 16 is_stmt 0 view .LVU95
 366 0044 404B     		ldr	r3, .L40+4
 367 0046 1B78     		ldrb	r3, [r3]	@ zero_extendqisi2
 315:Inc/STM32F3xx_HAL_Driver/Src/stm32f3xx_hal_flash.c ****       {
 368              		.loc 1 315 9 view .LVU96
 369 0048 012B     		cmp	r3, #1
 370 004a 2DD0     		beq	.L35
 346:Inc/STM32F3xx_HAL_Driver/Src/stm32f3xx_hal_flash.c ****       {
 371              		.loc 1 346 12 is_stmt 1 view .LVU97
 346:Inc/STM32F3xx_HAL_Driver/Src/stm32f3xx_hal_flash.c ****       {
 372              		.loc 1 346 21 is_stmt 0 view .LVU98
 373 004c 3E4B     		ldr	r3, .L40+4
 374 004e 1B78     		ldrb	r3, [r3]	@ zero_extendqisi2
 346:Inc/STM32F3xx_HAL_Driver/Src/stm32f3xx_hal_flash.c ****       {
 375              		.loc 1 346 14 view .LVU99
 376 0050 022B     		cmp	r3, #2
 377 0052 48D0     		beq	.L36
 361:Inc/STM32F3xx_HAL_Driver/Src/stm32f3xx_hal_flash.c ****         
 378              		.loc 1 361 9 is_stmt 1 view .LVU100
 361:Inc/STM32F3xx_HAL_Driver/Src/stm32f3xx_hal_flash.c ****         
 379              		.loc 1 361 15 is_stmt 0 view .LVU101
 380 0054 3C4B     		ldr	r3, .L40+4
 381 0056 5A68     		ldr	r2, [r3, #4]
 361:Inc/STM32F3xx_HAL_Driver/Src/stm32f3xx_hal_flash.c ****         
 382              		.loc 1 361 29 view .LVU102
 383 0058 013A     		subs	r2, r2, #1
 384 005a 5A60     		str	r2, [r3, #4]
 364:Inc/STM32F3xx_HAL_Driver/Src/stm32f3xx_hal_flash.c ****         {
 385              		.loc 1 364 9 is_stmt 1 view .LVU103
 364:Inc/STM32F3xx_HAL_Driver/Src/stm32f3xx_hal_flash.c ****         {
 386              		.loc 1 364 18 is_stmt 0 view .LVU104
 387 005c 5B68     		ldr	r3, [r3, #4]
 364:Inc/STM32F3xx_HAL_Driver/Src/stm32f3xx_hal_flash.c ****         {
 388              		.loc 1 364 11 view .LVU105
 389 005e 002B     		cmp	r3, #0
 390 0060 4DD1     		bne	.L37
 383:Inc/STM32F3xx_HAL_Driver/Src/stm32f3xx_hal_flash.c ****           {
 391              		.loc 1 383 11 is_stmt 1 view .LVU106
 383:Inc/STM32F3xx_HAL_Driver/Src/stm32f3xx_hal_flash.c ****           {
 392              		.loc 1 383 21 is_stmt 0 view .LVU107
ARM GAS  /tmp/ccTtRKpd.s 			page 21


 393 0062 394B     		ldr	r3, .L40+4
 394 0064 1B78     		ldrb	r3, [r3]	@ zero_extendqisi2
 383:Inc/STM32F3xx_HAL_Driver/Src/stm32f3xx_hal_flash.c ****           {
 395              		.loc 1 383 14 view .LVU108
 396 0066 032B     		cmp	r3, #3
 397 0068 61D0     		beq	.L38
 387:Inc/STM32F3xx_HAL_Driver/Src/stm32f3xx_hal_flash.c ****           {
 398              		.loc 1 387 16 is_stmt 1 view .LVU109
 387:Inc/STM32F3xx_HAL_Driver/Src/stm32f3xx_hal_flash.c ****           {
 399              		.loc 1 387 26 is_stmt 0 view .LVU110
 400 006a 374B     		ldr	r3, .L40+4
 401 006c 1B78     		ldrb	r3, [r3]	@ zero_extendqisi2
 387:Inc/STM32F3xx_HAL_Driver/Src/stm32f3xx_hal_flash.c ****           {
 402              		.loc 1 387 19 view .LVU111
 403 006e 042B     		cmp	r3, #4
 404 0070 62D0     		beq	.L39
 393:Inc/STM32F3xx_HAL_Driver/Src/stm32f3xx_hal_flash.c ****           }
 405              		.loc 1 393 13 is_stmt 1 view .LVU112
 393:Inc/STM32F3xx_HAL_Driver/Src/stm32f3xx_hal_flash.c ****           }
 406              		.loc 1 393 52 is_stmt 0 view .LVU113
 407 0072 354B     		ldr	r3, .L40+4
 408 0074 9868     		ldr	r0, [r3, #8]
 393:Inc/STM32F3xx_HAL_Driver/Src/stm32f3xx_hal_flash.c ****           }
 409              		.loc 1 393 13 view .LVU114
 410 0076 0638     		subs	r0, r0, #6
 411 0078 FFF7FEFF 		bl	HAL_FLASH_EndOfOperationCallback
 412              	.LVL21:
 413              	.L31:
 397:Inc/STM32F3xx_HAL_Driver/Src/stm32f3xx_hal_flash.c ****           pFlash.ProcedureOnGoing = FLASH_PROC_NONE;
 414              		.loc 1 397 11 is_stmt 1 view .LVU115
 397:Inc/STM32F3xx_HAL_Driver/Src/stm32f3xx_hal_flash.c ****           pFlash.ProcedureOnGoing = FLASH_PROC_NONE;
 415              		.loc 1 397 26 is_stmt 0 view .LVU116
 416 007c 324B     		ldr	r3, .L40+4
 417 007e 4FF0FF32 		mov	r2, #-1
 418 0082 9A60     		str	r2, [r3, #8]
 398:Inc/STM32F3xx_HAL_Driver/Src/stm32f3xx_hal_flash.c ****         }
 419              		.loc 1 398 11 is_stmt 1 view .LVU117
 398:Inc/STM32F3xx_HAL_Driver/Src/stm32f3xx_hal_flash.c ****         }
 420              		.loc 1 398 35 is_stmt 0 view .LVU118
 421 0084 0022     		movs	r2, #0
 422 0086 1A70     		strb	r2, [r3]
 423              	.L25:
 405:Inc/STM32F3xx_HAL_Driver/Src/stm32f3xx_hal_flash.c ****   {
 424              		.loc 1 405 3 is_stmt 1 view .LVU119
 405:Inc/STM32F3xx_HAL_Driver/Src/stm32f3xx_hal_flash.c ****   {
 425              		.loc 1 405 12 is_stmt 0 view .LVU120
 426 0088 2F4B     		ldr	r3, .L40+4
 427 008a 1B78     		ldrb	r3, [r3]	@ zero_extendqisi2
 405:Inc/STM32F3xx_HAL_Driver/Src/stm32f3xx_hal_flash.c ****   {
 428              		.loc 1 405 5 view .LVU121
 429 008c 5BB9     		cbnz	r3, .L22
 408:Inc/STM32F3xx_HAL_Driver/Src/stm32f3xx_hal_flash.c **** 
 430              		.loc 1 408 5 is_stmt 1 view .LVU122
 431 008e 2D4B     		ldr	r3, .L40
 432 0090 1A69     		ldr	r2, [r3, #16]
 433 0092 22F00702 		bic	r2, r2, #7
 434 0096 1A61     		str	r2, [r3, #16]
ARM GAS  /tmp/ccTtRKpd.s 			page 22


 411:Inc/STM32F3xx_HAL_Driver/Src/stm32f3xx_hal_flash.c **** 
 435              		.loc 1 411 5 view .LVU123
 436 0098 1A69     		ldr	r2, [r3, #16]
 437 009a 22F4A052 		bic	r2, r2, #5120
 438 009e 1A61     		str	r2, [r3, #16]
 414:Inc/STM32F3xx_HAL_Driver/Src/stm32f3xx_hal_flash.c ****   }
 439              		.loc 1 414 5 view .LVU124
 414:Inc/STM32F3xx_HAL_Driver/Src/stm32f3xx_hal_flash.c ****   }
 440              		.loc 1 414 5 view .LVU125
 441 00a0 294B     		ldr	r3, .L40+4
 442 00a2 0022     		movs	r2, #0
 443 00a4 1A76     		strb	r2, [r3, #24]
 414:Inc/STM32F3xx_HAL_Driver/Src/stm32f3xx_hal_flash.c ****   }
 444              		.loc 1 414 5 discriminator 1 view .LVU126
 445              	.L22:
 416:Inc/STM32F3xx_HAL_Driver/Src/stm32f3xx_hal_flash.c **** 
 446              		.loc 1 416 1 is_stmt 0 view .LVU127
 447 00a6 F8BD     		pop	{r3, r4, r5, r6, r7, pc}
 448              	.L35:
 318:Inc/STM32F3xx_HAL_Driver/Src/stm32f3xx_hal_flash.c **** 
 449              		.loc 1 318 9 is_stmt 1 view .LVU128
 318:Inc/STM32F3xx_HAL_Driver/Src/stm32f3xx_hal_flash.c **** 
 450              		.loc 1 318 15 is_stmt 0 view .LVU129
 451 00a8 274B     		ldr	r3, .L40+4
 452 00aa 5A68     		ldr	r2, [r3, #4]
 318:Inc/STM32F3xx_HAL_Driver/Src/stm32f3xx_hal_flash.c **** 
 453              		.loc 1 318 29 view .LVU130
 454 00ac 013A     		subs	r2, r2, #1
 455 00ae 5A60     		str	r2, [r3, #4]
 321:Inc/STM32F3xx_HAL_Driver/Src/stm32f3xx_hal_flash.c ****         {
 456              		.loc 1 321 9 is_stmt 1 view .LVU131
 321:Inc/STM32F3xx_HAL_Driver/Src/stm32f3xx_hal_flash.c ****         {
 457              		.loc 1 321 18 is_stmt 0 view .LVU132
 458 00b0 5B68     		ldr	r3, [r3, #4]
 321:Inc/STM32F3xx_HAL_Driver/Src/stm32f3xx_hal_flash.c ****         {
 459              		.loc 1 321 11 view .LVU133
 460 00b2 7BB1     		cbz	r3, .L27
 323:Inc/STM32F3xx_HAL_Driver/Src/stm32f3xx_hal_flash.c ****           /*Indicate user which sector has been erased */
 461              		.loc 1 323 11 is_stmt 1 view .LVU134
 323:Inc/STM32F3xx_HAL_Driver/Src/stm32f3xx_hal_flash.c ****           /*Indicate user which sector has been erased */
 462              		.loc 1 323 22 is_stmt 0 view .LVU135
 463 00b4 244C     		ldr	r4, .L40+4
 464 00b6 A068     		ldr	r0, [r4, #8]
 465              	.LVL22:
 325:Inc/STM32F3xx_HAL_Driver/Src/stm32f3xx_hal_flash.c **** 
 466              		.loc 1 325 11 is_stmt 1 view .LVU136
 467 00b8 FFF7FEFF 		bl	HAL_FLASH_EndOfOperationCallback
 468              	.LVL23:
 328:Inc/STM32F3xx_HAL_Driver/Src/stm32f3xx_hal_flash.c ****           pFlash.Address = addresstmp;
 469              		.loc 1 328 11 view .LVU137
 328:Inc/STM32F3xx_HAL_Driver/Src/stm32f3xx_hal_flash.c ****           pFlash.Address = addresstmp;
 470              		.loc 1 328 30 is_stmt 0 view .LVU138
 471 00bc A068     		ldr	r0, [r4, #8]
 328:Inc/STM32F3xx_HAL_Driver/Src/stm32f3xx_hal_flash.c ****           pFlash.Address = addresstmp;
 472              		.loc 1 328 22 view .LVU139
 473 00be 00F50060 		add	r0, r0, #2048
 474              	.LVL24:
ARM GAS  /tmp/ccTtRKpd.s 			page 23


 329:Inc/STM32F3xx_HAL_Driver/Src/stm32f3xx_hal_flash.c **** 
 475              		.loc 1 329 11 is_stmt 1 view .LVU140
 329:Inc/STM32F3xx_HAL_Driver/Src/stm32f3xx_hal_flash.c **** 
 476              		.loc 1 329 26 is_stmt 0 view .LVU141
 477 00c2 A060     		str	r0, [r4, #8]
 332:Inc/STM32F3xx_HAL_Driver/Src/stm32f3xx_hal_flash.c **** 
 478              		.loc 1 332 11 is_stmt 1 view .LVU142
 479 00c4 1F4A     		ldr	r2, .L40
 480 00c6 1369     		ldr	r3, [r2, #16]
 481 00c8 23F00203 		bic	r3, r3, #2
 482 00cc 1361     		str	r3, [r2, #16]
 334:Inc/STM32F3xx_HAL_Driver/Src/stm32f3xx_hal_flash.c ****         }
 483              		.loc 1 334 11 view .LVU143
 484 00ce FFF7FEFF 		bl	FLASH_PageErase
 485              	.LVL25:
 334:Inc/STM32F3xx_HAL_Driver/Src/stm32f3xx_hal_flash.c ****         }
 486              		.loc 1 334 11 is_stmt 0 view .LVU144
 487 00d2 D9E7     		b	.L25
 488              	.LVL26:
 489              	.L27:
 340:Inc/STM32F3xx_HAL_Driver/Src/stm32f3xx_hal_flash.c ****           pFlash.ProcedureOnGoing = FLASH_PROC_NONE;
 490              		.loc 1 340 11 is_stmt 1 view .LVU145
 340:Inc/STM32F3xx_HAL_Driver/Src/stm32f3xx_hal_flash.c ****           pFlash.ProcedureOnGoing = FLASH_PROC_NONE;
 491              		.loc 1 340 26 is_stmt 0 view .LVU146
 492 00d4 1C4B     		ldr	r3, .L40+4
 493 00d6 4FF0FF30 		mov	r0, #-1
 494 00da 9860     		str	r0, [r3, #8]
 341:Inc/STM32F3xx_HAL_Driver/Src/stm32f3xx_hal_flash.c ****           /* FLASH EOP interrupt user callback */
 495              		.loc 1 341 11 is_stmt 1 view .LVU147
 341:Inc/STM32F3xx_HAL_Driver/Src/stm32f3xx_hal_flash.c ****           /* FLASH EOP interrupt user callback */
 496              		.loc 1 341 35 is_stmt 0 view .LVU148
 497 00dc 0022     		movs	r2, #0
 498 00de 1A70     		strb	r2, [r3]
 343:Inc/STM32F3xx_HAL_Driver/Src/stm32f3xx_hal_flash.c ****         }
 499              		.loc 1 343 11 is_stmt 1 view .LVU149
 500 00e0 FFF7FEFF 		bl	HAL_FLASH_EndOfOperationCallback
 501              	.LVL27:
 502 00e4 D0E7     		b	.L25
 503              	.LVL28:
 504              	.L36:
 349:Inc/STM32F3xx_HAL_Driver/Src/stm32f3xx_hal_flash.c **** 
 505              		.loc 1 349 9 view .LVU150
 506 00e6 174A     		ldr	r2, .L40
 507 00e8 1369     		ldr	r3, [r2, #16]
 508 00ea 23F00403 		bic	r3, r3, #4
 509 00ee 1361     		str	r3, [r2, #16]
 353:Inc/STM32F3xx_HAL_Driver/Src/stm32f3xx_hal_flash.c **** 
 510              		.loc 1 353 11 view .LVU151
 511 00f0 0020     		movs	r0, #0
 512 00f2 FFF7FEFF 		bl	HAL_FLASH_EndOfOperationCallback
 513              	.LVL29:
 356:Inc/STM32F3xx_HAL_Driver/Src/stm32f3xx_hal_flash.c ****         }
 514              		.loc 1 356 11 view .LVU152
 356:Inc/STM32F3xx_HAL_Driver/Src/stm32f3xx_hal_flash.c ****         }
 515              		.loc 1 356 35 is_stmt 0 view .LVU153
 516 00f6 144B     		ldr	r3, .L40+4
 517 00f8 0022     		movs	r2, #0
ARM GAS  /tmp/ccTtRKpd.s 			page 24


 518 00fa 1A70     		strb	r2, [r3]
 519 00fc C4E7     		b	.L25
 520              	.L37:
 367:Inc/STM32F3xx_HAL_Driver/Src/stm32f3xx_hal_flash.c ****           addresstmp = pFlash.Address;
 521              		.loc 1 367 11 is_stmt 1 view .LVU154
 367:Inc/STM32F3xx_HAL_Driver/Src/stm32f3xx_hal_flash.c ****           addresstmp = pFlash.Address;
 522              		.loc 1 367 17 is_stmt 0 view .LVU155
 523 00fe 124B     		ldr	r3, .L40+4
 524 0100 9A68     		ldr	r2, [r3, #8]
 367:Inc/STM32F3xx_HAL_Driver/Src/stm32f3xx_hal_flash.c ****           addresstmp = pFlash.Address;
 525              		.loc 1 367 26 view .LVU156
 526 0102 0232     		adds	r2, r2, #2
 527 0104 9A60     		str	r2, [r3, #8]
 368:Inc/STM32F3xx_HAL_Driver/Src/stm32f3xx_hal_flash.c ****           
 528              		.loc 1 368 11 is_stmt 1 view .LVU157
 368:Inc/STM32F3xx_HAL_Driver/Src/stm32f3xx_hal_flash.c ****           
 529              		.loc 1 368 22 is_stmt 0 view .LVU158
 530 0106 9868     		ldr	r0, [r3, #8]
 531              	.LVL30:
 371:Inc/STM32F3xx_HAL_Driver/Src/stm32f3xx_hal_flash.c ****           
 532              		.loc 1 371 11 is_stmt 1 view .LVU159
 371:Inc/STM32F3xx_HAL_Driver/Src/stm32f3xx_hal_flash.c ****           
 533              		.loc 1 371 32 is_stmt 0 view .LVU160
 534 0108 D3E90467 		ldrd	r6, [r3, #16]
 371:Inc/STM32F3xx_HAL_Driver/Src/stm32f3xx_hal_flash.c ****           
 535              		.loc 1 371 38 view .LVU161
 536 010c 340C     		lsrs	r4, r6, #16
 537 010e 44EA0744 		orr	r4, r4, r7, lsl #16
 538 0112 3D0C     		lsrs	r5, r7, #16
 371:Inc/STM32F3xx_HAL_Driver/Src/stm32f3xx_hal_flash.c ****           
 539              		.loc 1 371 23 view .LVU162
 540 0114 C3E90445 		strd	r4, [r3, #16]
 374:Inc/STM32F3xx_HAL_Driver/Src/stm32f3xx_hal_flash.c **** 
 541              		.loc 1 374 11 is_stmt 1 view .LVU163
 542 0118 0A49     		ldr	r1, .L40
 543 011a 0A69     		ldr	r2, [r1, #16]
 544 011c 22F00102 		bic	r2, r2, #1
 545 0120 0A61     		str	r2, [r1, #16]
 377:Inc/STM32F3xx_HAL_Driver/Src/stm32f3xx_hal_flash.c ****         }
 546              		.loc 1 377 11 view .LVU164
 377:Inc/STM32F3xx_HAL_Driver/Src/stm32f3xx_hal_flash.c ****         }
 547              		.loc 1 377 62 is_stmt 0 view .LVU165
 548 0122 D3E90423 		ldrd	r2, [r3, #16]
 377:Inc/STM32F3xx_HAL_Driver/Src/stm32f3xx_hal_flash.c ****         }
 549              		.loc 1 377 11 view .LVU166
 550 0126 91B2     		uxth	r1, r2
 551 0128 FFF7FEFF 		bl	FLASH_Program_HalfWord
 552              	.LVL31:
 377:Inc/STM32F3xx_HAL_Driver/Src/stm32f3xx_hal_flash.c ****         }
 553              		.loc 1 377 11 view .LVU167
 554 012c ACE7     		b	.L25
 555              	.LVL32:
 556              	.L38:
 385:Inc/STM32F3xx_HAL_Driver/Src/stm32f3xx_hal_flash.c ****           }
 557              		.loc 1 385 13 is_stmt 1 view .LVU168
 385:Inc/STM32F3xx_HAL_Driver/Src/stm32f3xx_hal_flash.c ****           }
 558              		.loc 1 385 52 is_stmt 0 view .LVU169
ARM GAS  /tmp/ccTtRKpd.s 			page 25


 559 012e 064B     		ldr	r3, .L40+4
 560 0130 9868     		ldr	r0, [r3, #8]
 385:Inc/STM32F3xx_HAL_Driver/Src/stm32f3xx_hal_flash.c ****           }
 561              		.loc 1 385 13 view .LVU170
 562 0132 FFF7FEFF 		bl	HAL_FLASH_EndOfOperationCallback
 563              	.LVL33:
 564 0136 A1E7     		b	.L31
 565              	.L39:
 389:Inc/STM32F3xx_HAL_Driver/Src/stm32f3xx_hal_flash.c ****           }
 566              		.loc 1 389 13 is_stmt 1 view .LVU171
 389:Inc/STM32F3xx_HAL_Driver/Src/stm32f3xx_hal_flash.c ****           }
 567              		.loc 1 389 52 is_stmt 0 view .LVU172
 568 0138 034B     		ldr	r3, .L40+4
 569 013a 9868     		ldr	r0, [r3, #8]
 389:Inc/STM32F3xx_HAL_Driver/Src/stm32f3xx_hal_flash.c ****           }
 570              		.loc 1 389 13 view .LVU173
 571 013c 0238     		subs	r0, r0, #2
 572 013e FFF7FEFF 		bl	HAL_FLASH_EndOfOperationCallback
 573              	.LVL34:
 574 0142 9BE7     		b	.L31
 575              	.L41:
 576              		.align	2
 577              	.L40:
 578 0144 00200240 		.word	1073881088
 579 0148 00000000 		.word	pFlash
 580              		.cfi_endproc
 581              	.LFE132:
 583              		.section	.text.HAL_FLASH_Unlock,"ax",%progbits
 584              		.align	1
 585              		.global	HAL_FLASH_Unlock
 586              		.syntax unified
 587              		.thumb
 588              		.thumb_func
 590              	HAL_FLASH_Unlock:
 591              	.LFB135:
 479:Inc/STM32F3xx_HAL_Driver/Src/stm32f3xx_hal_flash.c ****   HAL_StatusTypeDef status = HAL_OK;
 592              		.loc 1 479 1 is_stmt 1 view -0
 593              		.cfi_startproc
 594              		@ args = 0, pretend = 0, frame = 0
 595              		@ frame_needed = 0, uses_anonymous_args = 0
 596              		@ link register save eliminated.
 480:Inc/STM32F3xx_HAL_Driver/Src/stm32f3xx_hal_flash.c **** 
 597              		.loc 1 480 3 view .LVU175
 598              	.LVL35:
 482:Inc/STM32F3xx_HAL_Driver/Src/stm32f3xx_hal_flash.c ****   {
 599              		.loc 1 482 3 view .LVU176
 482:Inc/STM32F3xx_HAL_Driver/Src/stm32f3xx_hal_flash.c ****   {
 600              		.loc 1 482 6 is_stmt 0 view .LVU177
 601 0000 0A4B     		ldr	r3, .L46
 602 0002 1B69     		ldr	r3, [r3, #16]
 482:Inc/STM32F3xx_HAL_Driver/Src/stm32f3xx_hal_flash.c ****   {
 603              		.loc 1 482 5 view .LVU178
 604 0004 13F0800F 		tst	r3, #128
 605 0008 0BD0     		beq	.L44
 485:Inc/STM32F3xx_HAL_Driver/Src/stm32f3xx_hal_flash.c ****     WRITE_REG(FLASH->KEYR, FLASH_KEY2);
 606              		.loc 1 485 5 is_stmt 1 view .LVU179
 607 000a 084B     		ldr	r3, .L46
ARM GAS  /tmp/ccTtRKpd.s 			page 26


 608 000c 084A     		ldr	r2, .L46+4
 609 000e 5A60     		str	r2, [r3, #4]
 486:Inc/STM32F3xx_HAL_Driver/Src/stm32f3xx_hal_flash.c **** 
 610              		.loc 1 486 5 view .LVU180
 611 0010 02F18832 		add	r2, r2, #-2004318072
 612 0014 5A60     		str	r2, [r3, #4]
 489:Inc/STM32F3xx_HAL_Driver/Src/stm32f3xx_hal_flash.c ****     {
 613              		.loc 1 489 5 view .LVU181
 489:Inc/STM32F3xx_HAL_Driver/Src/stm32f3xx_hal_flash.c ****     {
 614              		.loc 1 489 8 is_stmt 0 view .LVU182
 615 0016 1B69     		ldr	r3, [r3, #16]
 489:Inc/STM32F3xx_HAL_Driver/Src/stm32f3xx_hal_flash.c ****     {
 616              		.loc 1 489 7 view .LVU183
 617 0018 13F0800F 		tst	r3, #128
 618 001c 03D1     		bne	.L45
 480:Inc/STM32F3xx_HAL_Driver/Src/stm32f3xx_hal_flash.c **** 
 619              		.loc 1 480 21 view .LVU184
 620 001e 0020     		movs	r0, #0
 621 0020 7047     		bx	lr
 622              	.L44:
 623 0022 0020     		movs	r0, #0
 624 0024 7047     		bx	lr
 625              	.L45:
 491:Inc/STM32F3xx_HAL_Driver/Src/stm32f3xx_hal_flash.c ****     }
 626              		.loc 1 491 14 view .LVU185
 627 0026 0120     		movs	r0, #1
 628              	.LVL36:
 495:Inc/STM32F3xx_HAL_Driver/Src/stm32f3xx_hal_flash.c **** }
 629              		.loc 1 495 3 is_stmt 1 view .LVU186
 496:Inc/STM32F3xx_HAL_Driver/Src/stm32f3xx_hal_flash.c **** 
 630              		.loc 1 496 1 is_stmt 0 view .LVU187
 631 0028 7047     		bx	lr
 632              	.L47:
 633 002a 00BF     		.align	2
 634              	.L46:
 635 002c 00200240 		.word	1073881088
 636 0030 23016745 		.word	1164378403
 637              		.cfi_endproc
 638              	.LFE135:
 640              		.section	.text.HAL_FLASH_Lock,"ax",%progbits
 641              		.align	1
 642              		.global	HAL_FLASH_Lock
 643              		.syntax unified
 644              		.thumb
 645              		.thumb_func
 647              	HAL_FLASH_Lock:
 648              	.LFB136:
 503:Inc/STM32F3xx_HAL_Driver/Src/stm32f3xx_hal_flash.c ****   /* Set the LOCK Bit to lock the FLASH Registers access */
 649              		.loc 1 503 1 is_stmt 1 view -0
 650              		.cfi_startproc
 651              		@ args = 0, pretend = 0, frame = 0
 652              		@ frame_needed = 0, uses_anonymous_args = 0
 653              		@ link register save eliminated.
 505:Inc/STM32F3xx_HAL_Driver/Src/stm32f3xx_hal_flash.c ****   
 654              		.loc 1 505 3 view .LVU189
 655 0000 034A     		ldr	r2, .L49
 656 0002 1369     		ldr	r3, [r2, #16]
ARM GAS  /tmp/ccTtRKpd.s 			page 27


 657 0004 43F08003 		orr	r3, r3, #128
 658 0008 1361     		str	r3, [r2, #16]
 507:Inc/STM32F3xx_HAL_Driver/Src/stm32f3xx_hal_flash.c **** }
 659              		.loc 1 507 3 view .LVU190
 508:Inc/STM32F3xx_HAL_Driver/Src/stm32f3xx_hal_flash.c **** 
 660              		.loc 1 508 1 is_stmt 0 view .LVU191
 661 000a 0020     		movs	r0, #0
 662 000c 7047     		bx	lr
 663              	.L50:
 664 000e 00BF     		.align	2
 665              	.L49:
 666 0010 00200240 		.word	1073881088
 667              		.cfi_endproc
 668              	.LFE136:
 670              		.section	.text.HAL_FLASH_OB_Unlock,"ax",%progbits
 671              		.align	1
 672              		.global	HAL_FLASH_OB_Unlock
 673              		.syntax unified
 674              		.thumb
 675              		.thumb_func
 677              	HAL_FLASH_OB_Unlock:
 678              	.LFB137:
 515:Inc/STM32F3xx_HAL_Driver/Src/stm32f3xx_hal_flash.c ****   if (HAL_IS_BIT_CLR(FLASH->CR, FLASH_CR_OPTWRE))
 679              		.loc 1 515 1 is_stmt 1 view -0
 680              		.cfi_startproc
 681              		@ args = 0, pretend = 0, frame = 0
 682              		@ frame_needed = 0, uses_anonymous_args = 0
 683              		@ link register save eliminated.
 516:Inc/STM32F3xx_HAL_Driver/Src/stm32f3xx_hal_flash.c ****   {
 684              		.loc 1 516 3 view .LVU193
 516:Inc/STM32F3xx_HAL_Driver/Src/stm32f3xx_hal_flash.c ****   {
 685              		.loc 1 516 7 is_stmt 0 view .LVU194
 686 0000 074B     		ldr	r3, .L54
 687 0002 1B69     		ldr	r3, [r3, #16]
 516:Inc/STM32F3xx_HAL_Driver/Src/stm32f3xx_hal_flash.c ****   {
 688              		.loc 1 516 6 view .LVU195
 689 0004 13F4007F 		tst	r3, #512
 690 0008 07D1     		bne	.L53
 519:Inc/STM32F3xx_HAL_Driver/Src/stm32f3xx_hal_flash.c ****     WRITE_REG(FLASH->OPTKEYR, FLASH_OPTKEY2);
 691              		.loc 1 519 5 is_stmt 1 view .LVU196
 692 000a 054B     		ldr	r3, .L54
 693 000c 054A     		ldr	r2, .L54+4
 694 000e 9A60     		str	r2, [r3, #8]
 520:Inc/STM32F3xx_HAL_Driver/Src/stm32f3xx_hal_flash.c ****   }
 695              		.loc 1 520 5 view .LVU197
 696 0010 02F18832 		add	r2, r2, #-2004318072
 697 0014 9A60     		str	r2, [r3, #8]
 527:Inc/STM32F3xx_HAL_Driver/Src/stm32f3xx_hal_flash.c **** }
 698              		.loc 1 527 3 view .LVU198
 527:Inc/STM32F3xx_HAL_Driver/Src/stm32f3xx_hal_flash.c **** }
 699              		.loc 1 527 10 is_stmt 0 view .LVU199
 700 0016 0020     		movs	r0, #0
 701 0018 7047     		bx	lr
 702              	.L53:
 524:Inc/STM32F3xx_HAL_Driver/Src/stm32f3xx_hal_flash.c ****   }  
 703              		.loc 1 524 12 view .LVU200
 704 001a 0120     		movs	r0, #1
ARM GAS  /tmp/ccTtRKpd.s 			page 28


 528:Inc/STM32F3xx_HAL_Driver/Src/stm32f3xx_hal_flash.c **** 
 705              		.loc 1 528 1 view .LVU201
 706 001c 7047     		bx	lr
 707              	.L55:
 708 001e 00BF     		.align	2
 709              	.L54:
 710 0020 00200240 		.word	1073881088
 711 0024 23016745 		.word	1164378403
 712              		.cfi_endproc
 713              	.LFE137:
 715              		.section	.text.HAL_FLASH_OB_Lock,"ax",%progbits
 716              		.align	1
 717              		.global	HAL_FLASH_OB_Lock
 718              		.syntax unified
 719              		.thumb
 720              		.thumb_func
 722              	HAL_FLASH_OB_Lock:
 723              	.LFB138:
 535:Inc/STM32F3xx_HAL_Driver/Src/stm32f3xx_hal_flash.c ****   /* Clear the OPTWRE Bit to lock the FLASH Option Byte Registers access */
 724              		.loc 1 535 1 is_stmt 1 view -0
 725              		.cfi_startproc
 726              		@ args = 0, pretend = 0, frame = 0
 727              		@ frame_needed = 0, uses_anonymous_args = 0
 728              		@ link register save eliminated.
 537:Inc/STM32F3xx_HAL_Driver/Src/stm32f3xx_hal_flash.c ****   
 729              		.loc 1 537 3 view .LVU203
 730 0000 034A     		ldr	r2, .L57
 731 0002 1369     		ldr	r3, [r2, #16]
 732 0004 23F40073 		bic	r3, r3, #512
 733 0008 1361     		str	r3, [r2, #16]
 539:Inc/STM32F3xx_HAL_Driver/Src/stm32f3xx_hal_flash.c **** }
 734              		.loc 1 539 3 view .LVU204
 540:Inc/STM32F3xx_HAL_Driver/Src/stm32f3xx_hal_flash.c ****   
 735              		.loc 1 540 1 is_stmt 0 view .LVU205
 736 000a 0020     		movs	r0, #0
 737 000c 7047     		bx	lr
 738              	.L58:
 739 000e 00BF     		.align	2
 740              	.L57:
 741 0010 00200240 		.word	1073881088
 742              		.cfi_endproc
 743              	.LFE138:
 745              		.section	.text.HAL_FLASH_GetError,"ax",%progbits
 746              		.align	1
 747              		.global	HAL_FLASH_GetError
 748              		.syntax unified
 749              		.thumb
 750              		.thumb_func
 752              	HAL_FLASH_GetError:
 753              	.LFB140:
 580:Inc/STM32F3xx_HAL_Driver/Src/stm32f3xx_hal_flash.c ****    return pFlash.ErrorCode;
 754              		.loc 1 580 1 is_stmt 1 view -0
 755              		.cfi_startproc
 756              		@ args = 0, pretend = 0, frame = 0
 757              		@ frame_needed = 0, uses_anonymous_args = 0
 758              		@ link register save eliminated.
 581:Inc/STM32F3xx_HAL_Driver/Src/stm32f3xx_hal_flash.c **** }
ARM GAS  /tmp/ccTtRKpd.s 			page 29


 759              		.loc 1 581 4 view .LVU207
 581:Inc/STM32F3xx_HAL_Driver/Src/stm32f3xx_hal_flash.c **** }
 760              		.loc 1 581 17 is_stmt 0 view .LVU208
 761 0000 014B     		ldr	r3, .L60
 762 0002 D869     		ldr	r0, [r3, #28]
 582:Inc/STM32F3xx_HAL_Driver/Src/stm32f3xx_hal_flash.c **** 
 763              		.loc 1 582 1 view .LVU209
 764 0004 7047     		bx	lr
 765              	.L61:
 766 0006 00BF     		.align	2
 767              	.L60:
 768 0008 00000000 		.word	pFlash
 769              		.cfi_endproc
 770              	.LFE140:
 772              		.section	.text.FLASH_WaitForLastOperation,"ax",%progbits
 773              		.align	1
 774              		.global	FLASH_WaitForLastOperation
 775              		.syntax unified
 776              		.thumb
 777              		.thumb_func
 779              	FLASH_WaitForLastOperation:
 780              	.LVL37:
 781              	.LFB142:
 620:Inc/STM32F3xx_HAL_Driver/Src/stm32f3xx_hal_flash.c ****   /* Wait for the FLASH operation to complete by polling on BUSY flag to be reset.
 782              		.loc 1 620 1 is_stmt 1 view -0
 783              		.cfi_startproc
 784              		@ args = 0, pretend = 0, frame = 0
 785              		@ frame_needed = 0, uses_anonymous_args = 0
 620:Inc/STM32F3xx_HAL_Driver/Src/stm32f3xx_hal_flash.c ****   /* Wait for the FLASH operation to complete by polling on BUSY flag to be reset.
 786              		.loc 1 620 1 is_stmt 0 view .LVU211
 787 0000 38B5     		push	{r3, r4, r5, lr}
 788              		.cfi_def_cfa_offset 16
 789              		.cfi_offset 3, -16
 790              		.cfi_offset 4, -12
 791              		.cfi_offset 5, -8
 792              		.cfi_offset 14, -4
 793 0002 0446     		mov	r4, r0
 625:Inc/STM32F3xx_HAL_Driver/Src/stm32f3xx_hal_flash.c ****      
 794              		.loc 1 625 3 is_stmt 1 view .LVU212
 625:Inc/STM32F3xx_HAL_Driver/Src/stm32f3xx_hal_flash.c ****      
 795              		.loc 1 625 24 is_stmt 0 view .LVU213
 796 0004 FFF7FEFF 		bl	HAL_GetTick
 797              	.LVL38:
 625:Inc/STM32F3xx_HAL_Driver/Src/stm32f3xx_hal_flash.c ****      
 798              		.loc 1 625 24 view .LVU214
 799 0008 0546     		mov	r5, r0
 800              	.LVL39:
 627:Inc/STM32F3xx_HAL_Driver/Src/stm32f3xx_hal_flash.c ****   { 
 801              		.loc 1 627 3 is_stmt 1 view .LVU215
 802              	.L64:
 627:Inc/STM32F3xx_HAL_Driver/Src/stm32f3xx_hal_flash.c ****   { 
 803              		.loc 1 627 9 view .LVU216
 804 000a 144B     		ldr	r3, .L73
 805 000c DB68     		ldr	r3, [r3, #12]
 806 000e 13F0010F 		tst	r3, #1
 807 0012 0AD0     		beq	.L72
 629:Inc/STM32F3xx_HAL_Driver/Src/stm32f3xx_hal_flash.c ****     {
ARM GAS  /tmp/ccTtRKpd.s 			page 30


 808              		.loc 1 629 5 view .LVU217
 629:Inc/STM32F3xx_HAL_Driver/Src/stm32f3xx_hal_flash.c ****     {
 809              		.loc 1 629 8 is_stmt 0 view .LVU218
 810 0014 B4F1FF3F 		cmp	r4, #-1
 811 0018 F7D0     		beq	.L64
 631:Inc/STM32F3xx_HAL_Driver/Src/stm32f3xx_hal_flash.c ****       {
 812              		.loc 1 631 7 is_stmt 1 view .LVU219
 631:Inc/STM32F3xx_HAL_Driver/Src/stm32f3xx_hal_flash.c ****       {
 813              		.loc 1 631 9 is_stmt 0 view .LVU220
 814 001a 24B1     		cbz	r4, .L65
 631:Inc/STM32F3xx_HAL_Driver/Src/stm32f3xx_hal_flash.c ****       {
 815              		.loc 1 631 31 discriminator 1 view .LVU221
 816 001c FFF7FEFF 		bl	HAL_GetTick
 817              	.LVL40:
 631:Inc/STM32F3xx_HAL_Driver/Src/stm32f3xx_hal_flash.c ****       {
 818              		.loc 1 631 44 discriminator 1 view .LVU222
 819 0020 401B     		subs	r0, r0, r5
 631:Inc/STM32F3xx_HAL_Driver/Src/stm32f3xx_hal_flash.c ****       {
 820              		.loc 1 631 26 discriminator 1 view .LVU223
 821 0022 A042     		cmp	r0, r4
 822 0024 F1D9     		bls	.L64
 823              	.L65:
 633:Inc/STM32F3xx_HAL_Driver/Src/stm32f3xx_hal_flash.c ****       }
 824              		.loc 1 633 9 is_stmt 1 view .LVU224
 633:Inc/STM32F3xx_HAL_Driver/Src/stm32f3xx_hal_flash.c ****       }
 825              		.loc 1 633 16 is_stmt 0 view .LVU225
 826 0026 0320     		movs	r0, #3
 827 0028 12E0     		b	.L66
 828              	.L72:
 639:Inc/STM32F3xx_HAL_Driver/Src/stm32f3xx_hal_flash.c ****   {
 829              		.loc 1 639 3 is_stmt 1 view .LVU226
 639:Inc/STM32F3xx_HAL_Driver/Src/stm32f3xx_hal_flash.c ****   {
 830              		.loc 1 639 7 is_stmt 0 view .LVU227
 831 002a 0C4B     		ldr	r3, .L73
 832 002c DB68     		ldr	r3, [r3, #12]
 639:Inc/STM32F3xx_HAL_Driver/Src/stm32f3xx_hal_flash.c ****   {
 833              		.loc 1 639 6 view .LVU228
 834 002e 13F0200F 		tst	r3, #32
 835 0032 02D0     		beq	.L68
 642:Inc/STM32F3xx_HAL_Driver/Src/stm32f3xx_hal_flash.c ****   }
 836              		.loc 1 642 5 is_stmt 1 view .LVU229
 837 0034 094B     		ldr	r3, .L73
 838 0036 2022     		movs	r2, #32
 839 0038 DA60     		str	r2, [r3, #12]
 840              	.L68:
 645:Inc/STM32F3xx_HAL_Driver/Src/stm32f3xx_hal_flash.c ****      __HAL_FLASH_GET_FLAG(FLASH_FLAG_PGERR))
 841              		.loc 1 645 3 view .LVU230
 645:Inc/STM32F3xx_HAL_Driver/Src/stm32f3xx_hal_flash.c ****      __HAL_FLASH_GET_FLAG(FLASH_FLAG_PGERR))
 842              		.loc 1 645 6 is_stmt 0 view .LVU231
 843 003a 084B     		ldr	r3, .L73
 844 003c DB68     		ldr	r3, [r3, #12]
 645:Inc/STM32F3xx_HAL_Driver/Src/stm32f3xx_hal_flash.c ****      __HAL_FLASH_GET_FLAG(FLASH_FLAG_PGERR))
 845              		.loc 1 645 5 view .LVU232
 846 003e 13F0100F 		tst	r3, #16
 847 0042 06D1     		bne	.L69
 646:Inc/STM32F3xx_HAL_Driver/Src/stm32f3xx_hal_flash.c ****   {
 848              		.loc 1 646 6 view .LVU233
ARM GAS  /tmp/ccTtRKpd.s 			page 31


 849 0044 054B     		ldr	r3, .L73
 850 0046 DB68     		ldr	r3, [r3, #12]
 645:Inc/STM32F3xx_HAL_Driver/Src/stm32f3xx_hal_flash.c ****      __HAL_FLASH_GET_FLAG(FLASH_FLAG_PGERR))
 851              		.loc 1 645 47 discriminator 1 view .LVU234
 852 0048 13F0040F 		tst	r3, #4
 853 004c 01D1     		bne	.L69
 654:Inc/STM32F3xx_HAL_Driver/Src/stm32f3xx_hal_flash.c **** }
 854              		.loc 1 654 10 view .LVU235
 855 004e 0020     		movs	r0, #0
 856              	.L66:
 655:Inc/STM32F3xx_HAL_Driver/Src/stm32f3xx_hal_flash.c **** 
 857              		.loc 1 655 1 view .LVU236
 858 0050 38BD     		pop	{r3, r4, r5, pc}
 859              	.LVL41:
 860              	.L69:
 649:Inc/STM32F3xx_HAL_Driver/Src/stm32f3xx_hal_flash.c ****     return HAL_ERROR;
 861              		.loc 1 649 5 is_stmt 1 view .LVU237
 862 0052 FFF7FEFF 		bl	FLASH_SetErrorCode
 863              	.LVL42:
 650:Inc/STM32F3xx_HAL_Driver/Src/stm32f3xx_hal_flash.c ****   }
 864              		.loc 1 650 5 view .LVU238
 650:Inc/STM32F3xx_HAL_Driver/Src/stm32f3xx_hal_flash.c ****   }
 865              		.loc 1 650 12 is_stmt 0 view .LVU239
 866 0056 0120     		movs	r0, #1
 867 0058 FAE7     		b	.L66
 868              	.L74:
 869 005a 00BF     		.align	2
 870              	.L73:
 871 005c 00200240 		.word	1073881088
 872              		.cfi_endproc
 873              	.LFE142:
 875              		.section	.text.HAL_FLASH_Program,"ax",%progbits
 876              		.align	1
 877              		.global	HAL_FLASH_Program
 878              		.syntax unified
 879              		.thumb
 880              		.thumb_func
 882              	HAL_FLASH_Program:
 883              	.LVL43:
 884              	.LFB130:
 167:Inc/STM32F3xx_HAL_Driver/Src/stm32f3xx_hal_flash.c ****   HAL_StatusTypeDef status = HAL_ERROR;
 885              		.loc 1 167 1 is_stmt 1 view -0
 886              		.cfi_startproc
 887              		@ args = 0, pretend = 0, frame = 0
 888              		@ frame_needed = 0, uses_anonymous_args = 0
 167:Inc/STM32F3xx_HAL_Driver/Src/stm32f3xx_hal_flash.c ****   HAL_StatusTypeDef status = HAL_ERROR;
 889              		.loc 1 167 1 is_stmt 0 view .LVU241
 890 0000 2DE9F843 		push	{r3, r4, r5, r6, r7, r8, r9, lr}
 891              		.cfi_def_cfa_offset 32
 892              		.cfi_offset 3, -32
 893              		.cfi_offset 4, -28
 894              		.cfi_offset 5, -24
 895              		.cfi_offset 6, -20
 896              		.cfi_offset 7, -16
 897              		.cfi_offset 8, -12
 898              		.cfi_offset 9, -8
 899              		.cfi_offset 14, -4
ARM GAS  /tmp/ccTtRKpd.s 			page 32


 900 0004 1E46     		mov	r6, r3
 168:Inc/STM32F3xx_HAL_Driver/Src/stm32f3xx_hal_flash.c ****   uint8_t index = 0U;
 901              		.loc 1 168 3 is_stmt 1 view .LVU242
 902              	.LVL44:
 169:Inc/STM32F3xx_HAL_Driver/Src/stm32f3xx_hal_flash.c ****   uint8_t nbiterations = 0U;
 903              		.loc 1 169 3 view .LVU243
 170:Inc/STM32F3xx_HAL_Driver/Src/stm32f3xx_hal_flash.c ****   
 904              		.loc 1 170 3 view .LVU244
 173:Inc/STM32F3xx_HAL_Driver/Src/stm32f3xx_hal_flash.c **** 
 905              		.loc 1 173 3 view .LVU245
 173:Inc/STM32F3xx_HAL_Driver/Src/stm32f3xx_hal_flash.c **** 
 906              		.loc 1 173 3 view .LVU246
 907 0006 244B     		ldr	r3, .L87
 908 0008 1B7E     		ldrb	r3, [r3, #24]	@ zero_extendqisi2
 909 000a 012B     		cmp	r3, #1
 910 000c 41D0     		beq	.L81
 911 000e 0446     		mov	r4, r0
 912 0010 0F46     		mov	r7, r1
 913 0012 9046     		mov	r8, r2
 173:Inc/STM32F3xx_HAL_Driver/Src/stm32f3xx_hal_flash.c **** 
 914              		.loc 1 173 3 discriminator 2 view .LVU247
 915 0014 204B     		ldr	r3, .L87
 916 0016 0122     		movs	r2, #1
 917              	.LVL45:
 173:Inc/STM32F3xx_HAL_Driver/Src/stm32f3xx_hal_flash.c **** 
 918              		.loc 1 173 3 is_stmt 0 discriminator 2 view .LVU248
 919 0018 1A76     		strb	r2, [r3, #24]
 173:Inc/STM32F3xx_HAL_Driver/Src/stm32f3xx_hal_flash.c **** 
 920              		.loc 1 173 3 is_stmt 1 view .LVU249
 176:Inc/STM32F3xx_HAL_Driver/Src/stm32f3xx_hal_flash.c ****   assert_param(IS_FLASH_PROGRAM_ADDRESS(Address));
 921              		.loc 1 176 3 view .LVU250
 177:Inc/STM32F3xx_HAL_Driver/Src/stm32f3xx_hal_flash.c **** 
 922              		.loc 1 177 3 view .LVU251
 180:Inc/STM32F3xx_HAL_Driver/Src/stm32f3xx_hal_flash.c ****   
 923              		.loc 1 180 5 view .LVU252
 180:Inc/STM32F3xx_HAL_Driver/Src/stm32f3xx_hal_flash.c ****   
 924              		.loc 1 180 14 is_stmt 0 view .LVU253
 925 001a 4CF25030 		movw	r0, #50000
 926              	.LVL46:
 180:Inc/STM32F3xx_HAL_Driver/Src/stm32f3xx_hal_flash.c ****   
 927              		.loc 1 180 14 view .LVU254
 928 001e FFF7FEFF 		bl	FLASH_WaitForLastOperation
 929              	.LVL47:
 182:Inc/STM32F3xx_HAL_Driver/Src/stm32f3xx_hal_flash.c ****   {
 930              		.loc 1 182 3 is_stmt 1 view .LVU255
 182:Inc/STM32F3xx_HAL_Driver/Src/stm32f3xx_hal_flash.c ****   {
 931              		.loc 1 182 5 is_stmt 0 view .LVU256
 932 0022 0346     		mov	r3, r0
 933 0024 78BB     		cbnz	r0, .L77
 184:Inc/STM32F3xx_HAL_Driver/Src/stm32f3xx_hal_flash.c ****     {
 934              		.loc 1 184 5 is_stmt 1 view .LVU257
 184:Inc/STM32F3xx_HAL_Driver/Src/stm32f3xx_hal_flash.c ****     {
 935              		.loc 1 184 7 is_stmt 0 view .LVU258
 936 0026 012C     		cmp	r4, #1
 937 0028 08D0     		beq	.L82
 189:Inc/STM32F3xx_HAL_Driver/Src/stm32f3xx_hal_flash.c ****     {
 938              		.loc 1 189 10 is_stmt 1 view .LVU259
ARM GAS  /tmp/ccTtRKpd.s 			page 33


 189:Inc/STM32F3xx_HAL_Driver/Src/stm32f3xx_hal_flash.c ****     {
 939              		.loc 1 189 12 is_stmt 0 view .LVU260
 940 002a 022C     		cmp	r4, #2
 941 002c 03D0     		beq	.L85
 197:Inc/STM32F3xx_HAL_Driver/Src/stm32f3xx_hal_flash.c ****     }
 942              		.loc 1 197 20 view .LVU261
 943 002e 4FF00409 		mov	r9, #4
 944              	.L78:
 945              	.LVL48:
 200:Inc/STM32F3xx_HAL_Driver/Src/stm32f3xx_hal_flash.c ****     {
 946              		.loc 1 200 5 is_stmt 1 view .LVU262
 200:Inc/STM32F3xx_HAL_Driver/Src/stm32f3xx_hal_flash.c ****     {
 947              		.loc 1 200 16 is_stmt 0 view .LVU263
 948 0032 1C46     		mov	r4, r3
 949              	.LVL49:
 200:Inc/STM32F3xx_HAL_Driver/Src/stm32f3xx_hal_flash.c ****     {
 950              		.loc 1 200 5 view .LVU264
 951 0034 07E0     		b	.L79
 952              	.LVL50:
 953              	.L85:
 192:Inc/STM32F3xx_HAL_Driver/Src/stm32f3xx_hal_flash.c ****     }
 954              		.loc 1 192 20 view .LVU265
 955 0036 4FF00209 		mov	r9, #2
 956 003a FAE7     		b	.L78
 957              	.L82:
 187:Inc/STM32F3xx_HAL_Driver/Src/stm32f3xx_hal_flash.c ****     }
 958              		.loc 1 187 20 view .LVU266
 959 003c 4FF00109 		mov	r9, #1
 960 0040 F7E7     		b	.L78
 961              	.LVL51:
 962              	.L86:
 200:Inc/STM32F3xx_HAL_Driver/Src/stm32f3xx_hal_flash.c ****     {
 963              		.loc 1 200 49 is_stmt 1 discriminator 2 view .LVU267
 964 0042 0134     		adds	r4, r4, #1
 965              	.LVL52:
 200:Inc/STM32F3xx_HAL_Driver/Src/stm32f3xx_hal_flash.c ****     {
 966              		.loc 1 200 49 is_stmt 0 discriminator 2 view .LVU268
 967 0044 E4B2     		uxtb	r4, r4
 968              	.LVL53:
 969              	.L79:
 200:Inc/STM32F3xx_HAL_Driver/Src/stm32f3xx_hal_flash.c ****     {
 970              		.loc 1 200 28 is_stmt 1 discriminator 1 view .LVU269
 971 0046 4C45     		cmp	r4, r9
 972 0048 1DD2     		bcs	.L77
 202:Inc/STM32F3xx_HAL_Driver/Src/stm32f3xx_hal_flash.c **** 
 973              		.loc 1 202 7 view .LVU270
 202:Inc/STM32F3xx_HAL_Driver/Src/stm32f3xx_hal_flash.c **** 
 974              		.loc 1 202 77 is_stmt 0 view .LVU271
 975 004a 2101     		lsls	r1, r4, #4
 202:Inc/STM32F3xx_HAL_Driver/Src/stm32f3xx_hal_flash.c **** 
 976              		.loc 1 202 70 view .LVU272
 977 004c C1F12002 		rsb	r2, r1, #32
 978 0050 A1F12003 		sub	r3, r1, #32
 979              	.LVL54:
 202:Inc/STM32F3xx_HAL_Driver/Src/stm32f3xx_hal_flash.c **** 
 980              		.loc 1 202 70 view .LVU273
 981 0054 28FA01F1 		lsr	r1, r8, r1
ARM GAS  /tmp/ccTtRKpd.s 			page 34


 982 0058 06FA02F2 		lsl	r2, r6, r2
 983 005c 1143     		orrs	r1, r1, r2
 984 005e 26FA03F3 		lsr	r3, r6, r3
 985 0062 1943     		orrs	r1, r1, r3
 202:Inc/STM32F3xx_HAL_Driver/Src/stm32f3xx_hal_flash.c **** 
 986              		.loc 1 202 7 view .LVU274
 987 0064 89B2     		uxth	r1, r1
 988 0066 07EB4400 		add	r0, r7, r4, lsl #1
 989 006a FFF7FEFF 		bl	FLASH_Program_HalfWord
 990              	.LVL55:
 205:Inc/STM32F3xx_HAL_Driver/Src/stm32f3xx_hal_flash.c ****     
 991              		.loc 1 205 9 is_stmt 1 view .LVU275
 205:Inc/STM32F3xx_HAL_Driver/Src/stm32f3xx_hal_flash.c ****     
 992              		.loc 1 205 18 is_stmt 0 view .LVU276
 993 006e 4CF25030 		movw	r0, #50000
 994 0072 FFF7FEFF 		bl	FLASH_WaitForLastOperation
 995              	.LVL56:
 208:Inc/STM32F3xx_HAL_Driver/Src/stm32f3xx_hal_flash.c ****       /* In case of error, stop programming procedure */
 996              		.loc 1 208 9 is_stmt 1 view .LVU277
 997 0076 094B     		ldr	r3, .L87+4
 998 0078 1D69     		ldr	r5, [r3, #16]
 999 007a 25F00105 		bic	r5, r5, #1
 1000 007e 1D61     		str	r5, [r3, #16]
 210:Inc/STM32F3xx_HAL_Driver/Src/stm32f3xx_hal_flash.c ****       {
 1001              		.loc 1 210 7 view .LVU278
 210:Inc/STM32F3xx_HAL_Driver/Src/stm32f3xx_hal_flash.c ****       {
 1002              		.loc 1 210 10 is_stmt 0 view .LVU279
 1003 0080 0346     		mov	r3, r0
 1004 0082 0028     		cmp	r0, #0
 1005 0084 DDD0     		beq	.L86
 1006              	.LVL57:
 1007              	.L77:
 218:Inc/STM32F3xx_HAL_Driver/Src/stm32f3xx_hal_flash.c **** 
 1008              		.loc 1 218 3 is_stmt 1 view .LVU280
 218:Inc/STM32F3xx_HAL_Driver/Src/stm32f3xx_hal_flash.c **** 
 1009              		.loc 1 218 3 view .LVU281
 1010 0086 044A     		ldr	r2, .L87
 1011 0088 0021     		movs	r1, #0
 1012 008a 1176     		strb	r1, [r2, #24]
 218:Inc/STM32F3xx_HAL_Driver/Src/stm32f3xx_hal_flash.c **** 
 1013              		.loc 1 218 3 view .LVU282
 220:Inc/STM32F3xx_HAL_Driver/Src/stm32f3xx_hal_flash.c **** }
 1014              		.loc 1 220 3 view .LVU283
 1015              	.LVL58:
 1016              	.L76:
 221:Inc/STM32F3xx_HAL_Driver/Src/stm32f3xx_hal_flash.c **** 
 1017              		.loc 1 221 1 is_stmt 0 view .LVU284
 1018 008c 1846     		mov	r0, r3
 1019 008e BDE8F883 		pop	{r3, r4, r5, r6, r7, r8, r9, pc}
 1020              	.LVL59:
 1021              	.L81:
 173:Inc/STM32F3xx_HAL_Driver/Src/stm32f3xx_hal_flash.c **** 
 1022              		.loc 1 173 3 discriminator 1 view .LVU285
 1023 0092 0223     		movs	r3, #2
 1024 0094 FAE7     		b	.L76
 1025              	.L88:
 1026 0096 00BF     		.align	2
ARM GAS  /tmp/ccTtRKpd.s 			page 35


 1027              	.L87:
 1028 0098 00000000 		.word	pFlash
 1029 009c 00200240 		.word	1073881088
 1030              		.cfi_endproc
 1031              	.LFE130:
 1033              		.section	.text.HAL_FLASH_OB_Launch,"ax",%progbits
 1034              		.align	1
 1035              		.global	HAL_FLASH_OB_Launch
 1036              		.syntax unified
 1037              		.thumb
 1038              		.thumb_func
 1040              	HAL_FLASH_OB_Launch:
 1041              	.LFB139:
 548:Inc/STM32F3xx_HAL_Driver/Src/stm32f3xx_hal_flash.c ****   /* Set the OBL_Launch bit to launch the option byte loading */
 1042              		.loc 1 548 1 is_stmt 1 view -0
 1043              		.cfi_startproc
 1044              		@ args = 0, pretend = 0, frame = 0
 1045              		@ frame_needed = 0, uses_anonymous_args = 0
 1046 0000 08B5     		push	{r3, lr}
 1047              		.cfi_def_cfa_offset 8
 1048              		.cfi_offset 3, -8
 1049              		.cfi_offset 14, -4
 550:Inc/STM32F3xx_HAL_Driver/Src/stm32f3xx_hal_flash.c ****   
 1050              		.loc 1 550 3 view .LVU287
 1051 0002 054A     		ldr	r2, .L91
 1052 0004 1369     		ldr	r3, [r2, #16]
 1053 0006 43F40053 		orr	r3, r3, #8192
 1054 000a 1361     		str	r3, [r2, #16]
 553:Inc/STM32F3xx_HAL_Driver/Src/stm32f3xx_hal_flash.c **** }
 1055              		.loc 1 553 3 view .LVU288
 553:Inc/STM32F3xx_HAL_Driver/Src/stm32f3xx_hal_flash.c **** }
 1056              		.loc 1 553 10 is_stmt 0 view .LVU289
 1057 000c 4CF25030 		movw	r0, #50000
 1058 0010 FFF7FEFF 		bl	FLASH_WaitForLastOperation
 1059              	.LVL60:
 554:Inc/STM32F3xx_HAL_Driver/Src/stm32f3xx_hal_flash.c **** 
 1060              		.loc 1 554 1 view .LVU290
 1061 0014 08BD     		pop	{r3, pc}
 1062              	.L92:
 1063 0016 00BF     		.align	2
 1064              	.L91:
 1065 0018 00200240 		.word	1073881088
 1066              		.cfi_endproc
 1067              	.LFE139:
 1069              		.global	pFlash
 1070              		.section	.bss.pFlash,"aw",%nobits
 1071              		.align	3
 1074              	pFlash:
 1075 0000 00000000 		.space	32
 1075      00000000 
 1075      00000000 
 1075      00000000 
 1075      00000000 
 1076              		.text
 1077              	.Letext0:
 1078              		.file 2 "/usr/arm-none-eabi/include/machine/_default_types.h"
 1079              		.file 3 "/usr/arm-none-eabi/include/sys/_stdint.h"
ARM GAS  /tmp/ccTtRKpd.s 			page 36


 1080              		.file 4 "Inc/CMSIS/Device/ST/STM32F3xx/Include/stm32f303xe.h"
 1081              		.file 5 "Inc/CMSIS/Device/ST/STM32F3xx/Include/stm32f3xx.h"
 1082              		.file 6 "Inc/STM32F3xx_HAL_Driver/Inc/stm32f3xx_hal_def.h"
 1083              		.file 7 "Inc/STM32F3xx_HAL_Driver/Inc/stm32f3xx_hal_flash.h"
 1084              		.file 8 "Inc/STM32F3xx_HAL_Driver/Inc/stm32f3xx_hal.h"
ARM GAS  /tmp/ccTtRKpd.s 			page 37


DEFINED SYMBOLS
                            *ABS*:00000000 stm32f3xx_hal_flash.c
     /tmp/ccTtRKpd.s:21     .text.FLASH_Program_HalfWord:00000000 $t
     /tmp/ccTtRKpd.s:26     .text.FLASH_Program_HalfWord:00000000 FLASH_Program_HalfWord
     /tmp/ccTtRKpd.s:52     .text.FLASH_Program_HalfWord:00000014 $d
     /tmp/ccTtRKpd.s:1074   .bss.pFlash:00000000 pFlash
     /tmp/ccTtRKpd.s:58     .text.FLASH_SetErrorCode:00000000 $t
     /tmp/ccTtRKpd.s:63     .text.FLASH_SetErrorCode:00000000 FLASH_SetErrorCode
     /tmp/ccTtRKpd.s:119    .text.FLASH_SetErrorCode:00000034 $d
     /tmp/ccTtRKpd.s:125    .text.HAL_FLASH_Program_IT:00000000 $t
     /tmp/ccTtRKpd.s:131    .text.HAL_FLASH_Program_IT:00000000 HAL_FLASH_Program_IT
     /tmp/ccTtRKpd.s:241    .text.HAL_FLASH_Program_IT:00000064 $d
     /tmp/ccTtRKpd.s:247    .text.HAL_FLASH_EndOfOperationCallback:00000000 $t
     /tmp/ccTtRKpd.s:253    .text.HAL_FLASH_EndOfOperationCallback:00000000 HAL_FLASH_EndOfOperationCallback
     /tmp/ccTtRKpd.s:268    .text.HAL_FLASH_OperationErrorCallback:00000000 $t
     /tmp/ccTtRKpd.s:274    .text.HAL_FLASH_OperationErrorCallback:00000000 HAL_FLASH_OperationErrorCallback
     /tmp/ccTtRKpd.s:289    .text.HAL_FLASH_IRQHandler:00000000 $t
     /tmp/ccTtRKpd.s:295    .text.HAL_FLASH_IRQHandler:00000000 HAL_FLASH_IRQHandler
     /tmp/ccTtRKpd.s:578    .text.HAL_FLASH_IRQHandler:00000144 $d
     /tmp/ccTtRKpd.s:584    .text.HAL_FLASH_Unlock:00000000 $t
     /tmp/ccTtRKpd.s:590    .text.HAL_FLASH_Unlock:00000000 HAL_FLASH_Unlock
     /tmp/ccTtRKpd.s:635    .text.HAL_FLASH_Unlock:0000002c $d
     /tmp/ccTtRKpd.s:641    .text.HAL_FLASH_Lock:00000000 $t
     /tmp/ccTtRKpd.s:647    .text.HAL_FLASH_Lock:00000000 HAL_FLASH_Lock
     /tmp/ccTtRKpd.s:666    .text.HAL_FLASH_Lock:00000010 $d
     /tmp/ccTtRKpd.s:671    .text.HAL_FLASH_OB_Unlock:00000000 $t
     /tmp/ccTtRKpd.s:677    .text.HAL_FLASH_OB_Unlock:00000000 HAL_FLASH_OB_Unlock
     /tmp/ccTtRKpd.s:710    .text.HAL_FLASH_OB_Unlock:00000020 $d
     /tmp/ccTtRKpd.s:716    .text.HAL_FLASH_OB_Lock:00000000 $t
     /tmp/ccTtRKpd.s:722    .text.HAL_FLASH_OB_Lock:00000000 HAL_FLASH_OB_Lock
     /tmp/ccTtRKpd.s:741    .text.HAL_FLASH_OB_Lock:00000010 $d
     /tmp/ccTtRKpd.s:746    .text.HAL_FLASH_GetError:00000000 $t
     /tmp/ccTtRKpd.s:752    .text.HAL_FLASH_GetError:00000000 HAL_FLASH_GetError
     /tmp/ccTtRKpd.s:768    .text.HAL_FLASH_GetError:00000008 $d
     /tmp/ccTtRKpd.s:773    .text.FLASH_WaitForLastOperation:00000000 $t
     /tmp/ccTtRKpd.s:779    .text.FLASH_WaitForLastOperation:00000000 FLASH_WaitForLastOperation
     /tmp/ccTtRKpd.s:871    .text.FLASH_WaitForLastOperation:0000005c $d
     /tmp/ccTtRKpd.s:876    .text.HAL_FLASH_Program:00000000 $t
     /tmp/ccTtRKpd.s:882    .text.HAL_FLASH_Program:00000000 HAL_FLASH_Program
     /tmp/ccTtRKpd.s:1028   .text.HAL_FLASH_Program:00000098 $d
     /tmp/ccTtRKpd.s:1034   .text.HAL_FLASH_OB_Launch:00000000 $t
     /tmp/ccTtRKpd.s:1040   .text.HAL_FLASH_OB_Launch:00000000 HAL_FLASH_OB_Launch
     /tmp/ccTtRKpd.s:1065   .text.HAL_FLASH_OB_Launch:00000018 $d
     /tmp/ccTtRKpd.s:1071   .bss.pFlash:00000000 $d

UNDEFINED SYMBOLS
FLASH_PageErase
HAL_GetTick
