ARM GAS  /tmp/ccOMA1VY.s 			page 1


   1              		.cpu cortex-m4
   2              		.arch armv7e-m
   3              		.fpu fpv4-sp-d16
   4              		.eabi_attribute 27, 1
   5              		.eabi_attribute 28, 1
   6              		.eabi_attribute 20, 1
   7              		.eabi_attribute 21, 1
   8              		.eabi_attribute 23, 3
   9              		.eabi_attribute 24, 1
  10              		.eabi_attribute 25, 1
  11              		.eabi_attribute 26, 1
  12              		.eabi_attribute 30, 1
  13              		.eabi_attribute 34, 1
  14              		.eabi_attribute 18, 4
  15              		.file	"stm32f3xx_hal_cortex.c"
  16              		.text
  17              	.Ltext0:
  18              		.cfi_sections	.debug_frame
  19              		.file 1 "Inc/STM32F3xx_HAL_Driver/Src/stm32f3xx_hal_cortex.c"
  20              		.section	.text.__NVIC_DisableIRQ,"ax",%progbits
  21              		.align	1
  22              		.syntax unified
  23              		.thumb
  24              		.thumb_func
  26              	__NVIC_DisableIRQ:
  27              	.LVL0:
  28              	.LFB106:
  29              		.file 2 "Inc/CMSIS/Core/Include/core_cm4.h"
   1:Inc/CMSIS/Core/Include/core_cm4.h **** /**************************************************************************//**
   2:Inc/CMSIS/Core/Include/core_cm4.h ****  * @file     core_cm4.h
   3:Inc/CMSIS/Core/Include/core_cm4.h ****  * @brief    CMSIS Cortex-M4 Core Peripheral Access Layer Header File
   4:Inc/CMSIS/Core/Include/core_cm4.h ****  * @version  V5.0.8
   5:Inc/CMSIS/Core/Include/core_cm4.h ****  * @date     04. June 2018
   6:Inc/CMSIS/Core/Include/core_cm4.h ****  ******************************************************************************/
   7:Inc/CMSIS/Core/Include/core_cm4.h **** /*
   8:Inc/CMSIS/Core/Include/core_cm4.h ****  * Copyright (c) 2009-2018 Arm Limited. All rights reserved.
   9:Inc/CMSIS/Core/Include/core_cm4.h ****  *
  10:Inc/CMSIS/Core/Include/core_cm4.h ****  * SPDX-License-Identifier: Apache-2.0
  11:Inc/CMSIS/Core/Include/core_cm4.h ****  *
  12:Inc/CMSIS/Core/Include/core_cm4.h ****  * Licensed under the Apache License, Version 2.0 (the License); you may
  13:Inc/CMSIS/Core/Include/core_cm4.h ****  * not use this file except in compliance with the License.
  14:Inc/CMSIS/Core/Include/core_cm4.h ****  * You may obtain a copy of the License at
  15:Inc/CMSIS/Core/Include/core_cm4.h ****  *
  16:Inc/CMSIS/Core/Include/core_cm4.h ****  * www.apache.org/licenses/LICENSE-2.0
  17:Inc/CMSIS/Core/Include/core_cm4.h ****  *
  18:Inc/CMSIS/Core/Include/core_cm4.h ****  * Unless required by applicable law or agreed to in writing, software
  19:Inc/CMSIS/Core/Include/core_cm4.h ****  * distributed under the License is distributed on an AS IS BASIS, WITHOUT
  20:Inc/CMSIS/Core/Include/core_cm4.h ****  * WARRANTIES OR CONDITIONS OF ANY KIND, either express or implied.
  21:Inc/CMSIS/Core/Include/core_cm4.h ****  * See the License for the specific language governing permissions and
  22:Inc/CMSIS/Core/Include/core_cm4.h ****  * limitations under the License.
  23:Inc/CMSIS/Core/Include/core_cm4.h ****  */
  24:Inc/CMSIS/Core/Include/core_cm4.h **** 
  25:Inc/CMSIS/Core/Include/core_cm4.h **** #if   defined ( __ICCARM__ )
  26:Inc/CMSIS/Core/Include/core_cm4.h ****   #pragma system_include         /* treat file as system include file for MISRA check */
  27:Inc/CMSIS/Core/Include/core_cm4.h **** #elif defined (__clang__)
  28:Inc/CMSIS/Core/Include/core_cm4.h ****   #pragma clang system_header   /* treat file as system include file */
  29:Inc/CMSIS/Core/Include/core_cm4.h **** #endif
ARM GAS  /tmp/ccOMA1VY.s 			page 2


  30:Inc/CMSIS/Core/Include/core_cm4.h **** 
  31:Inc/CMSIS/Core/Include/core_cm4.h **** #ifndef __CORE_CM4_H_GENERIC
  32:Inc/CMSIS/Core/Include/core_cm4.h **** #define __CORE_CM4_H_GENERIC
  33:Inc/CMSIS/Core/Include/core_cm4.h **** 
  34:Inc/CMSIS/Core/Include/core_cm4.h **** #include <stdint.h>
  35:Inc/CMSIS/Core/Include/core_cm4.h **** 
  36:Inc/CMSIS/Core/Include/core_cm4.h **** #ifdef __cplusplus
  37:Inc/CMSIS/Core/Include/core_cm4.h ****  extern "C" {
  38:Inc/CMSIS/Core/Include/core_cm4.h **** #endif
  39:Inc/CMSIS/Core/Include/core_cm4.h **** 
  40:Inc/CMSIS/Core/Include/core_cm4.h **** /**
  41:Inc/CMSIS/Core/Include/core_cm4.h ****   \page CMSIS_MISRA_Exceptions  MISRA-C:2004 Compliance Exceptions
  42:Inc/CMSIS/Core/Include/core_cm4.h ****   CMSIS violates the following MISRA-C:2004 rules:
  43:Inc/CMSIS/Core/Include/core_cm4.h **** 
  44:Inc/CMSIS/Core/Include/core_cm4.h ****    \li Required Rule 8.5, object/function definition in header file.<br>
  45:Inc/CMSIS/Core/Include/core_cm4.h ****      Function definitions in header files are used to allow 'inlining'.
  46:Inc/CMSIS/Core/Include/core_cm4.h **** 
  47:Inc/CMSIS/Core/Include/core_cm4.h ****    \li Required Rule 18.4, declaration of union type or object of union type: '{...}'.<br>
  48:Inc/CMSIS/Core/Include/core_cm4.h ****      Unions are used for effective representation of core registers.
  49:Inc/CMSIS/Core/Include/core_cm4.h **** 
  50:Inc/CMSIS/Core/Include/core_cm4.h ****    \li Advisory Rule 19.7, Function-like macro defined.<br>
  51:Inc/CMSIS/Core/Include/core_cm4.h ****      Function-like macros are used to allow more efficient code.
  52:Inc/CMSIS/Core/Include/core_cm4.h ****  */
  53:Inc/CMSIS/Core/Include/core_cm4.h **** 
  54:Inc/CMSIS/Core/Include/core_cm4.h **** 
  55:Inc/CMSIS/Core/Include/core_cm4.h **** /*******************************************************************************
  56:Inc/CMSIS/Core/Include/core_cm4.h ****  *                 CMSIS definitions
  57:Inc/CMSIS/Core/Include/core_cm4.h ****  ******************************************************************************/
  58:Inc/CMSIS/Core/Include/core_cm4.h **** /**
  59:Inc/CMSIS/Core/Include/core_cm4.h ****   \ingroup Cortex_M4
  60:Inc/CMSIS/Core/Include/core_cm4.h ****   @{
  61:Inc/CMSIS/Core/Include/core_cm4.h ****  */
  62:Inc/CMSIS/Core/Include/core_cm4.h **** 
  63:Inc/CMSIS/Core/Include/core_cm4.h **** #include "cmsis_version.h"
  64:Inc/CMSIS/Core/Include/core_cm4.h **** 
  65:Inc/CMSIS/Core/Include/core_cm4.h **** /* CMSIS CM4 definitions */
  66:Inc/CMSIS/Core/Include/core_cm4.h **** #define __CM4_CMSIS_VERSION_MAIN  (__CM_CMSIS_VERSION_MAIN)              /*!< \deprecated [31:16] C
  67:Inc/CMSIS/Core/Include/core_cm4.h **** #define __CM4_CMSIS_VERSION_SUB   (__CM_CMSIS_VERSION_SUB)               /*!< \deprecated [15:0]  C
  68:Inc/CMSIS/Core/Include/core_cm4.h **** #define __CM4_CMSIS_VERSION       ((__CM4_CMSIS_VERSION_MAIN << 16U) | \
  69:Inc/CMSIS/Core/Include/core_cm4.h ****                                     __CM4_CMSIS_VERSION_SUB           )  /*!< \deprecated CMSIS HAL
  70:Inc/CMSIS/Core/Include/core_cm4.h **** 
  71:Inc/CMSIS/Core/Include/core_cm4.h **** #define __CORTEX_M                (4U)                                   /*!< Cortex-M Core */
  72:Inc/CMSIS/Core/Include/core_cm4.h **** 
  73:Inc/CMSIS/Core/Include/core_cm4.h **** /** __FPU_USED indicates whether an FPU is used or not.
  74:Inc/CMSIS/Core/Include/core_cm4.h ****     For this, __FPU_PRESENT has to be checked prior to making use of FPU specific registers and fun
  75:Inc/CMSIS/Core/Include/core_cm4.h **** */
  76:Inc/CMSIS/Core/Include/core_cm4.h **** #if defined ( __CC_ARM )
  77:Inc/CMSIS/Core/Include/core_cm4.h ****   #if defined __TARGET_FPU_VFP
  78:Inc/CMSIS/Core/Include/core_cm4.h ****     #if defined (__FPU_PRESENT) && (__FPU_PRESENT == 1U)
  79:Inc/CMSIS/Core/Include/core_cm4.h ****       #define __FPU_USED       1U
  80:Inc/CMSIS/Core/Include/core_cm4.h ****     #else
  81:Inc/CMSIS/Core/Include/core_cm4.h ****       #error "Compiler generates FPU instructions for a device without an FPU (check __FPU_PRESENT)
  82:Inc/CMSIS/Core/Include/core_cm4.h ****       #define __FPU_USED       0U
  83:Inc/CMSIS/Core/Include/core_cm4.h ****     #endif
  84:Inc/CMSIS/Core/Include/core_cm4.h ****   #else
  85:Inc/CMSIS/Core/Include/core_cm4.h ****     #define __FPU_USED         0U
  86:Inc/CMSIS/Core/Include/core_cm4.h ****   #endif
ARM GAS  /tmp/ccOMA1VY.s 			page 3


  87:Inc/CMSIS/Core/Include/core_cm4.h **** 
  88:Inc/CMSIS/Core/Include/core_cm4.h **** #elif defined (__ARMCC_VERSION) && (__ARMCC_VERSION >= 6010050)
  89:Inc/CMSIS/Core/Include/core_cm4.h ****   #if defined __ARM_PCS_VFP
  90:Inc/CMSIS/Core/Include/core_cm4.h ****     #if defined (__FPU_PRESENT) && (__FPU_PRESENT == 1U)
  91:Inc/CMSIS/Core/Include/core_cm4.h ****       #define __FPU_USED       1U
  92:Inc/CMSIS/Core/Include/core_cm4.h ****     #else
  93:Inc/CMSIS/Core/Include/core_cm4.h ****       #warning "Compiler generates FPU instructions for a device without an FPU (check __FPU_PRESEN
  94:Inc/CMSIS/Core/Include/core_cm4.h ****       #define __FPU_USED       0U
  95:Inc/CMSIS/Core/Include/core_cm4.h ****     #endif
  96:Inc/CMSIS/Core/Include/core_cm4.h ****   #else
  97:Inc/CMSIS/Core/Include/core_cm4.h ****     #define __FPU_USED         0U
  98:Inc/CMSIS/Core/Include/core_cm4.h ****   #endif
  99:Inc/CMSIS/Core/Include/core_cm4.h **** 
 100:Inc/CMSIS/Core/Include/core_cm4.h **** #elif defined ( __GNUC__ )
 101:Inc/CMSIS/Core/Include/core_cm4.h ****   #if defined (__VFP_FP__) && !defined(__SOFTFP__)
 102:Inc/CMSIS/Core/Include/core_cm4.h ****     #if defined (__FPU_PRESENT) && (__FPU_PRESENT == 1U)
 103:Inc/CMSIS/Core/Include/core_cm4.h ****       #define __FPU_USED       1U
 104:Inc/CMSIS/Core/Include/core_cm4.h ****     #else
 105:Inc/CMSIS/Core/Include/core_cm4.h ****       #error "Compiler generates FPU instructions for a device without an FPU (check __FPU_PRESENT)
 106:Inc/CMSIS/Core/Include/core_cm4.h ****       #define __FPU_USED       0U
 107:Inc/CMSIS/Core/Include/core_cm4.h ****     #endif
 108:Inc/CMSIS/Core/Include/core_cm4.h ****   #else
 109:Inc/CMSIS/Core/Include/core_cm4.h ****     #define __FPU_USED         0U
 110:Inc/CMSIS/Core/Include/core_cm4.h ****   #endif
 111:Inc/CMSIS/Core/Include/core_cm4.h **** 
 112:Inc/CMSIS/Core/Include/core_cm4.h **** #elif defined ( __ICCARM__ )
 113:Inc/CMSIS/Core/Include/core_cm4.h ****   #if defined __ARMVFP__
 114:Inc/CMSIS/Core/Include/core_cm4.h ****     #if defined (__FPU_PRESENT) && (__FPU_PRESENT == 1U)
 115:Inc/CMSIS/Core/Include/core_cm4.h ****       #define __FPU_USED       1U
 116:Inc/CMSIS/Core/Include/core_cm4.h ****     #else
 117:Inc/CMSIS/Core/Include/core_cm4.h ****       #error "Compiler generates FPU instructions for a device without an FPU (check __FPU_PRESENT)
 118:Inc/CMSIS/Core/Include/core_cm4.h ****       #define __FPU_USED       0U
 119:Inc/CMSIS/Core/Include/core_cm4.h ****     #endif
 120:Inc/CMSIS/Core/Include/core_cm4.h ****   #else
 121:Inc/CMSIS/Core/Include/core_cm4.h ****     #define __FPU_USED         0U
 122:Inc/CMSIS/Core/Include/core_cm4.h ****   #endif
 123:Inc/CMSIS/Core/Include/core_cm4.h **** 
 124:Inc/CMSIS/Core/Include/core_cm4.h **** #elif defined ( __TI_ARM__ )
 125:Inc/CMSIS/Core/Include/core_cm4.h ****   #if defined __TI_VFP_SUPPORT__
 126:Inc/CMSIS/Core/Include/core_cm4.h ****     #if defined (__FPU_PRESENT) && (__FPU_PRESENT == 1U)
 127:Inc/CMSIS/Core/Include/core_cm4.h ****       #define __FPU_USED       1U
 128:Inc/CMSIS/Core/Include/core_cm4.h ****     #else
 129:Inc/CMSIS/Core/Include/core_cm4.h ****       #error "Compiler generates FPU instructions for a device without an FPU (check __FPU_PRESENT)
 130:Inc/CMSIS/Core/Include/core_cm4.h ****       #define __FPU_USED       0U
 131:Inc/CMSIS/Core/Include/core_cm4.h ****     #endif
 132:Inc/CMSIS/Core/Include/core_cm4.h ****   #else
 133:Inc/CMSIS/Core/Include/core_cm4.h ****     #define __FPU_USED         0U
 134:Inc/CMSIS/Core/Include/core_cm4.h ****   #endif
 135:Inc/CMSIS/Core/Include/core_cm4.h **** 
 136:Inc/CMSIS/Core/Include/core_cm4.h **** #elif defined ( __TASKING__ )
 137:Inc/CMSIS/Core/Include/core_cm4.h ****   #if defined __FPU_VFP__
 138:Inc/CMSIS/Core/Include/core_cm4.h ****     #if defined (__FPU_PRESENT) && (__FPU_PRESENT == 1U)
 139:Inc/CMSIS/Core/Include/core_cm4.h ****       #define __FPU_USED       1U
 140:Inc/CMSIS/Core/Include/core_cm4.h ****     #else
 141:Inc/CMSIS/Core/Include/core_cm4.h ****       #error "Compiler generates FPU instructions for a device without an FPU (check __FPU_PRESENT)
 142:Inc/CMSIS/Core/Include/core_cm4.h ****       #define __FPU_USED       0U
 143:Inc/CMSIS/Core/Include/core_cm4.h ****     #endif
ARM GAS  /tmp/ccOMA1VY.s 			page 4


 144:Inc/CMSIS/Core/Include/core_cm4.h ****   #else
 145:Inc/CMSIS/Core/Include/core_cm4.h ****     #define __FPU_USED         0U
 146:Inc/CMSIS/Core/Include/core_cm4.h ****   #endif
 147:Inc/CMSIS/Core/Include/core_cm4.h **** 
 148:Inc/CMSIS/Core/Include/core_cm4.h **** #elif defined ( __CSMC__ )
 149:Inc/CMSIS/Core/Include/core_cm4.h ****   #if ( __CSMC__ & 0x400U)
 150:Inc/CMSIS/Core/Include/core_cm4.h ****     #if defined (__FPU_PRESENT) && (__FPU_PRESENT == 1U)
 151:Inc/CMSIS/Core/Include/core_cm4.h ****       #define __FPU_USED       1U
 152:Inc/CMSIS/Core/Include/core_cm4.h ****     #else
 153:Inc/CMSIS/Core/Include/core_cm4.h ****       #error "Compiler generates FPU instructions for a device without an FPU (check __FPU_PRESENT)
 154:Inc/CMSIS/Core/Include/core_cm4.h ****       #define __FPU_USED       0U
 155:Inc/CMSIS/Core/Include/core_cm4.h ****     #endif
 156:Inc/CMSIS/Core/Include/core_cm4.h ****   #else
 157:Inc/CMSIS/Core/Include/core_cm4.h ****     #define __FPU_USED         0U
 158:Inc/CMSIS/Core/Include/core_cm4.h ****   #endif
 159:Inc/CMSIS/Core/Include/core_cm4.h **** 
 160:Inc/CMSIS/Core/Include/core_cm4.h **** #endif
 161:Inc/CMSIS/Core/Include/core_cm4.h **** 
 162:Inc/CMSIS/Core/Include/core_cm4.h **** #include "cmsis_compiler.h"               /* CMSIS compiler specific defines */
 163:Inc/CMSIS/Core/Include/core_cm4.h **** 
 164:Inc/CMSIS/Core/Include/core_cm4.h **** 
 165:Inc/CMSIS/Core/Include/core_cm4.h **** #ifdef __cplusplus
 166:Inc/CMSIS/Core/Include/core_cm4.h **** }
 167:Inc/CMSIS/Core/Include/core_cm4.h **** #endif
 168:Inc/CMSIS/Core/Include/core_cm4.h **** 
 169:Inc/CMSIS/Core/Include/core_cm4.h **** #endif /* __CORE_CM4_H_GENERIC */
 170:Inc/CMSIS/Core/Include/core_cm4.h **** 
 171:Inc/CMSIS/Core/Include/core_cm4.h **** #ifndef __CMSIS_GENERIC
 172:Inc/CMSIS/Core/Include/core_cm4.h **** 
 173:Inc/CMSIS/Core/Include/core_cm4.h **** #ifndef __CORE_CM4_H_DEPENDANT
 174:Inc/CMSIS/Core/Include/core_cm4.h **** #define __CORE_CM4_H_DEPENDANT
 175:Inc/CMSIS/Core/Include/core_cm4.h **** 
 176:Inc/CMSIS/Core/Include/core_cm4.h **** #ifdef __cplusplus
 177:Inc/CMSIS/Core/Include/core_cm4.h ****  extern "C" {
 178:Inc/CMSIS/Core/Include/core_cm4.h **** #endif
 179:Inc/CMSIS/Core/Include/core_cm4.h **** 
 180:Inc/CMSIS/Core/Include/core_cm4.h **** /* check device defines and use defaults */
 181:Inc/CMSIS/Core/Include/core_cm4.h **** #if defined __CHECK_DEVICE_DEFINES
 182:Inc/CMSIS/Core/Include/core_cm4.h ****   #ifndef __CM4_REV
 183:Inc/CMSIS/Core/Include/core_cm4.h ****     #define __CM4_REV               0x0000U
 184:Inc/CMSIS/Core/Include/core_cm4.h ****     #warning "__CM4_REV not defined in device header file; using default!"
 185:Inc/CMSIS/Core/Include/core_cm4.h ****   #endif
 186:Inc/CMSIS/Core/Include/core_cm4.h **** 
 187:Inc/CMSIS/Core/Include/core_cm4.h ****   #ifndef __FPU_PRESENT
 188:Inc/CMSIS/Core/Include/core_cm4.h ****     #define __FPU_PRESENT             0U
 189:Inc/CMSIS/Core/Include/core_cm4.h ****     #warning "__FPU_PRESENT not defined in device header file; using default!"
 190:Inc/CMSIS/Core/Include/core_cm4.h ****   #endif
 191:Inc/CMSIS/Core/Include/core_cm4.h **** 
 192:Inc/CMSIS/Core/Include/core_cm4.h ****   #ifndef __MPU_PRESENT
 193:Inc/CMSIS/Core/Include/core_cm4.h ****     #define __MPU_PRESENT             0U
 194:Inc/CMSIS/Core/Include/core_cm4.h ****     #warning "__MPU_PRESENT not defined in device header file; using default!"
 195:Inc/CMSIS/Core/Include/core_cm4.h ****   #endif
 196:Inc/CMSIS/Core/Include/core_cm4.h **** 
 197:Inc/CMSIS/Core/Include/core_cm4.h ****   #ifndef __NVIC_PRIO_BITS
 198:Inc/CMSIS/Core/Include/core_cm4.h ****     #define __NVIC_PRIO_BITS          3U
 199:Inc/CMSIS/Core/Include/core_cm4.h ****     #warning "__NVIC_PRIO_BITS not defined in device header file; using default!"
 200:Inc/CMSIS/Core/Include/core_cm4.h ****   #endif
ARM GAS  /tmp/ccOMA1VY.s 			page 5


 201:Inc/CMSIS/Core/Include/core_cm4.h **** 
 202:Inc/CMSIS/Core/Include/core_cm4.h ****   #ifndef __Vendor_SysTickConfig
 203:Inc/CMSIS/Core/Include/core_cm4.h ****     #define __Vendor_SysTickConfig    0U
 204:Inc/CMSIS/Core/Include/core_cm4.h ****     #warning "__Vendor_SysTickConfig not defined in device header file; using default!"
 205:Inc/CMSIS/Core/Include/core_cm4.h ****   #endif
 206:Inc/CMSIS/Core/Include/core_cm4.h **** #endif
 207:Inc/CMSIS/Core/Include/core_cm4.h **** 
 208:Inc/CMSIS/Core/Include/core_cm4.h **** /* IO definitions (access restrictions to peripheral registers) */
 209:Inc/CMSIS/Core/Include/core_cm4.h **** /**
 210:Inc/CMSIS/Core/Include/core_cm4.h ****     \defgroup CMSIS_glob_defs CMSIS Global Defines
 211:Inc/CMSIS/Core/Include/core_cm4.h **** 
 212:Inc/CMSIS/Core/Include/core_cm4.h ****     <strong>IO Type Qualifiers</strong> are used
 213:Inc/CMSIS/Core/Include/core_cm4.h ****     \li to specify the access to peripheral variables.
 214:Inc/CMSIS/Core/Include/core_cm4.h ****     \li for automatic generation of peripheral register debug information.
 215:Inc/CMSIS/Core/Include/core_cm4.h **** */
 216:Inc/CMSIS/Core/Include/core_cm4.h **** #ifdef __cplusplus
 217:Inc/CMSIS/Core/Include/core_cm4.h ****   #define   __I     volatile             /*!< Defines 'read only' permissions */
 218:Inc/CMSIS/Core/Include/core_cm4.h **** #else
 219:Inc/CMSIS/Core/Include/core_cm4.h ****   #define   __I     volatile const       /*!< Defines 'read only' permissions */
 220:Inc/CMSIS/Core/Include/core_cm4.h **** #endif
 221:Inc/CMSIS/Core/Include/core_cm4.h **** #define     __O     volatile             /*!< Defines 'write only' permissions */
 222:Inc/CMSIS/Core/Include/core_cm4.h **** #define     __IO    volatile             /*!< Defines 'read / write' permissions */
 223:Inc/CMSIS/Core/Include/core_cm4.h **** 
 224:Inc/CMSIS/Core/Include/core_cm4.h **** /* following defines should be used for structure members */
 225:Inc/CMSIS/Core/Include/core_cm4.h **** #define     __IM     volatile const      /*! Defines 'read only' structure member permissions */
 226:Inc/CMSIS/Core/Include/core_cm4.h **** #define     __OM     volatile            /*! Defines 'write only' structure member permissions */
 227:Inc/CMSIS/Core/Include/core_cm4.h **** #define     __IOM    volatile            /*! Defines 'read / write' structure member permissions */
 228:Inc/CMSIS/Core/Include/core_cm4.h **** 
 229:Inc/CMSIS/Core/Include/core_cm4.h **** /*@} end of group Cortex_M4 */
 230:Inc/CMSIS/Core/Include/core_cm4.h **** 
 231:Inc/CMSIS/Core/Include/core_cm4.h **** 
 232:Inc/CMSIS/Core/Include/core_cm4.h **** 
 233:Inc/CMSIS/Core/Include/core_cm4.h **** /*******************************************************************************
 234:Inc/CMSIS/Core/Include/core_cm4.h ****  *                 Register Abstraction
 235:Inc/CMSIS/Core/Include/core_cm4.h ****   Core Register contain:
 236:Inc/CMSIS/Core/Include/core_cm4.h ****   - Core Register
 237:Inc/CMSIS/Core/Include/core_cm4.h ****   - Core NVIC Register
 238:Inc/CMSIS/Core/Include/core_cm4.h ****   - Core SCB Register
 239:Inc/CMSIS/Core/Include/core_cm4.h ****   - Core SysTick Register
 240:Inc/CMSIS/Core/Include/core_cm4.h ****   - Core Debug Register
 241:Inc/CMSIS/Core/Include/core_cm4.h ****   - Core MPU Register
 242:Inc/CMSIS/Core/Include/core_cm4.h ****   - Core FPU Register
 243:Inc/CMSIS/Core/Include/core_cm4.h ****  ******************************************************************************/
 244:Inc/CMSIS/Core/Include/core_cm4.h **** /**
 245:Inc/CMSIS/Core/Include/core_cm4.h ****   \defgroup CMSIS_core_register Defines and Type Definitions
 246:Inc/CMSIS/Core/Include/core_cm4.h ****   \brief Type definitions and defines for Cortex-M processor based devices.
 247:Inc/CMSIS/Core/Include/core_cm4.h **** */
 248:Inc/CMSIS/Core/Include/core_cm4.h **** 
 249:Inc/CMSIS/Core/Include/core_cm4.h **** /**
 250:Inc/CMSIS/Core/Include/core_cm4.h ****   \ingroup    CMSIS_core_register
 251:Inc/CMSIS/Core/Include/core_cm4.h ****   \defgroup   CMSIS_CORE  Status and Control Registers
 252:Inc/CMSIS/Core/Include/core_cm4.h ****   \brief      Core Register type definitions.
 253:Inc/CMSIS/Core/Include/core_cm4.h ****   @{
 254:Inc/CMSIS/Core/Include/core_cm4.h ****  */
 255:Inc/CMSIS/Core/Include/core_cm4.h **** 
 256:Inc/CMSIS/Core/Include/core_cm4.h **** /**
 257:Inc/CMSIS/Core/Include/core_cm4.h ****   \brief  Union type to access the Application Program Status Register (APSR).
ARM GAS  /tmp/ccOMA1VY.s 			page 6


 258:Inc/CMSIS/Core/Include/core_cm4.h ****  */
 259:Inc/CMSIS/Core/Include/core_cm4.h **** typedef union
 260:Inc/CMSIS/Core/Include/core_cm4.h **** {
 261:Inc/CMSIS/Core/Include/core_cm4.h ****   struct
 262:Inc/CMSIS/Core/Include/core_cm4.h ****   {
 263:Inc/CMSIS/Core/Include/core_cm4.h ****     uint32_t _reserved0:16;              /*!< bit:  0..15  Reserved */
 264:Inc/CMSIS/Core/Include/core_cm4.h ****     uint32_t GE:4;                       /*!< bit: 16..19  Greater than or Equal flags */
 265:Inc/CMSIS/Core/Include/core_cm4.h ****     uint32_t _reserved1:7;               /*!< bit: 20..26  Reserved */
 266:Inc/CMSIS/Core/Include/core_cm4.h ****     uint32_t Q:1;                        /*!< bit:     27  Saturation condition flag */
 267:Inc/CMSIS/Core/Include/core_cm4.h ****     uint32_t V:1;                        /*!< bit:     28  Overflow condition code flag */
 268:Inc/CMSIS/Core/Include/core_cm4.h ****     uint32_t C:1;                        /*!< bit:     29  Carry condition code flag */
 269:Inc/CMSIS/Core/Include/core_cm4.h ****     uint32_t Z:1;                        /*!< bit:     30  Zero condition code flag */
 270:Inc/CMSIS/Core/Include/core_cm4.h ****     uint32_t N:1;                        /*!< bit:     31  Negative condition code flag */
 271:Inc/CMSIS/Core/Include/core_cm4.h ****   } b;                                   /*!< Structure used for bit  access */
 272:Inc/CMSIS/Core/Include/core_cm4.h ****   uint32_t w;                            /*!< Type      used for word access */
 273:Inc/CMSIS/Core/Include/core_cm4.h **** } APSR_Type;
 274:Inc/CMSIS/Core/Include/core_cm4.h **** 
 275:Inc/CMSIS/Core/Include/core_cm4.h **** /* APSR Register Definitions */
 276:Inc/CMSIS/Core/Include/core_cm4.h **** #define APSR_N_Pos                         31U                                            /*!< APSR
 277:Inc/CMSIS/Core/Include/core_cm4.h **** #define APSR_N_Msk                         (1UL << APSR_N_Pos)                            /*!< APSR
 278:Inc/CMSIS/Core/Include/core_cm4.h **** 
 279:Inc/CMSIS/Core/Include/core_cm4.h **** #define APSR_Z_Pos                         30U                                            /*!< APSR
 280:Inc/CMSIS/Core/Include/core_cm4.h **** #define APSR_Z_Msk                         (1UL << APSR_Z_Pos)                            /*!< APSR
 281:Inc/CMSIS/Core/Include/core_cm4.h **** 
 282:Inc/CMSIS/Core/Include/core_cm4.h **** #define APSR_C_Pos                         29U                                            /*!< APSR
 283:Inc/CMSIS/Core/Include/core_cm4.h **** #define APSR_C_Msk                         (1UL << APSR_C_Pos)                            /*!< APSR
 284:Inc/CMSIS/Core/Include/core_cm4.h **** 
 285:Inc/CMSIS/Core/Include/core_cm4.h **** #define APSR_V_Pos                         28U                                            /*!< APSR
 286:Inc/CMSIS/Core/Include/core_cm4.h **** #define APSR_V_Msk                         (1UL << APSR_V_Pos)                            /*!< APSR
 287:Inc/CMSIS/Core/Include/core_cm4.h **** 
 288:Inc/CMSIS/Core/Include/core_cm4.h **** #define APSR_Q_Pos                         27U                                            /*!< APSR
 289:Inc/CMSIS/Core/Include/core_cm4.h **** #define APSR_Q_Msk                         (1UL << APSR_Q_Pos)                            /*!< APSR
 290:Inc/CMSIS/Core/Include/core_cm4.h **** 
 291:Inc/CMSIS/Core/Include/core_cm4.h **** #define APSR_GE_Pos                        16U                                            /*!< APSR
 292:Inc/CMSIS/Core/Include/core_cm4.h **** #define APSR_GE_Msk                        (0xFUL << APSR_GE_Pos)                         /*!< APSR
 293:Inc/CMSIS/Core/Include/core_cm4.h **** 
 294:Inc/CMSIS/Core/Include/core_cm4.h **** 
 295:Inc/CMSIS/Core/Include/core_cm4.h **** /**
 296:Inc/CMSIS/Core/Include/core_cm4.h ****   \brief  Union type to access the Interrupt Program Status Register (IPSR).
 297:Inc/CMSIS/Core/Include/core_cm4.h ****  */
 298:Inc/CMSIS/Core/Include/core_cm4.h **** typedef union
 299:Inc/CMSIS/Core/Include/core_cm4.h **** {
 300:Inc/CMSIS/Core/Include/core_cm4.h ****   struct
 301:Inc/CMSIS/Core/Include/core_cm4.h ****   {
 302:Inc/CMSIS/Core/Include/core_cm4.h ****     uint32_t ISR:9;                      /*!< bit:  0.. 8  Exception number */
 303:Inc/CMSIS/Core/Include/core_cm4.h ****     uint32_t _reserved0:23;              /*!< bit:  9..31  Reserved */
 304:Inc/CMSIS/Core/Include/core_cm4.h ****   } b;                                   /*!< Structure used for bit  access */
 305:Inc/CMSIS/Core/Include/core_cm4.h ****   uint32_t w;                            /*!< Type      used for word access */
 306:Inc/CMSIS/Core/Include/core_cm4.h **** } IPSR_Type;
 307:Inc/CMSIS/Core/Include/core_cm4.h **** 
 308:Inc/CMSIS/Core/Include/core_cm4.h **** /* IPSR Register Definitions */
 309:Inc/CMSIS/Core/Include/core_cm4.h **** #define IPSR_ISR_Pos                        0U                                            /*!< IPSR
 310:Inc/CMSIS/Core/Include/core_cm4.h **** #define IPSR_ISR_Msk                       (0x1FFUL /*<< IPSR_ISR_Pos*/)                  /*!< IPSR
 311:Inc/CMSIS/Core/Include/core_cm4.h **** 
 312:Inc/CMSIS/Core/Include/core_cm4.h **** 
 313:Inc/CMSIS/Core/Include/core_cm4.h **** /**
 314:Inc/CMSIS/Core/Include/core_cm4.h ****   \brief  Union type to access the Special-Purpose Program Status Registers (xPSR).
ARM GAS  /tmp/ccOMA1VY.s 			page 7


 315:Inc/CMSIS/Core/Include/core_cm4.h ****  */
 316:Inc/CMSIS/Core/Include/core_cm4.h **** typedef union
 317:Inc/CMSIS/Core/Include/core_cm4.h **** {
 318:Inc/CMSIS/Core/Include/core_cm4.h ****   struct
 319:Inc/CMSIS/Core/Include/core_cm4.h ****   {
 320:Inc/CMSIS/Core/Include/core_cm4.h ****     uint32_t ISR:9;                      /*!< bit:  0.. 8  Exception number */
 321:Inc/CMSIS/Core/Include/core_cm4.h ****     uint32_t _reserved0:1;               /*!< bit:      9  Reserved */
 322:Inc/CMSIS/Core/Include/core_cm4.h ****     uint32_t ICI_IT_1:6;                 /*!< bit: 10..15  ICI/IT part 1 */
 323:Inc/CMSIS/Core/Include/core_cm4.h ****     uint32_t GE:4;                       /*!< bit: 16..19  Greater than or Equal flags */
 324:Inc/CMSIS/Core/Include/core_cm4.h ****     uint32_t _reserved1:4;               /*!< bit: 20..23  Reserved */
 325:Inc/CMSIS/Core/Include/core_cm4.h ****     uint32_t T:1;                        /*!< bit:     24  Thumb bit */
 326:Inc/CMSIS/Core/Include/core_cm4.h ****     uint32_t ICI_IT_2:2;                 /*!< bit: 25..26  ICI/IT part 2 */
 327:Inc/CMSIS/Core/Include/core_cm4.h ****     uint32_t Q:1;                        /*!< bit:     27  Saturation condition flag */
 328:Inc/CMSIS/Core/Include/core_cm4.h ****     uint32_t V:1;                        /*!< bit:     28  Overflow condition code flag */
 329:Inc/CMSIS/Core/Include/core_cm4.h ****     uint32_t C:1;                        /*!< bit:     29  Carry condition code flag */
 330:Inc/CMSIS/Core/Include/core_cm4.h ****     uint32_t Z:1;                        /*!< bit:     30  Zero condition code flag */
 331:Inc/CMSIS/Core/Include/core_cm4.h ****     uint32_t N:1;                        /*!< bit:     31  Negative condition code flag */
 332:Inc/CMSIS/Core/Include/core_cm4.h ****   } b;                                   /*!< Structure used for bit  access */
 333:Inc/CMSIS/Core/Include/core_cm4.h ****   uint32_t w;                            /*!< Type      used for word access */
 334:Inc/CMSIS/Core/Include/core_cm4.h **** } xPSR_Type;
 335:Inc/CMSIS/Core/Include/core_cm4.h **** 
 336:Inc/CMSIS/Core/Include/core_cm4.h **** /* xPSR Register Definitions */
 337:Inc/CMSIS/Core/Include/core_cm4.h **** #define xPSR_N_Pos                         31U                                            /*!< xPSR
 338:Inc/CMSIS/Core/Include/core_cm4.h **** #define xPSR_N_Msk                         (1UL << xPSR_N_Pos)                            /*!< xPSR
 339:Inc/CMSIS/Core/Include/core_cm4.h **** 
 340:Inc/CMSIS/Core/Include/core_cm4.h **** #define xPSR_Z_Pos                         30U                                            /*!< xPSR
 341:Inc/CMSIS/Core/Include/core_cm4.h **** #define xPSR_Z_Msk                         (1UL << xPSR_Z_Pos)                            /*!< xPSR
 342:Inc/CMSIS/Core/Include/core_cm4.h **** 
 343:Inc/CMSIS/Core/Include/core_cm4.h **** #define xPSR_C_Pos                         29U                                            /*!< xPSR
 344:Inc/CMSIS/Core/Include/core_cm4.h **** #define xPSR_C_Msk                         (1UL << xPSR_C_Pos)                            /*!< xPSR
 345:Inc/CMSIS/Core/Include/core_cm4.h **** 
 346:Inc/CMSIS/Core/Include/core_cm4.h **** #define xPSR_V_Pos                         28U                                            /*!< xPSR
 347:Inc/CMSIS/Core/Include/core_cm4.h **** #define xPSR_V_Msk                         (1UL << xPSR_V_Pos)                            /*!< xPSR
 348:Inc/CMSIS/Core/Include/core_cm4.h **** 
 349:Inc/CMSIS/Core/Include/core_cm4.h **** #define xPSR_Q_Pos                         27U                                            /*!< xPSR
 350:Inc/CMSIS/Core/Include/core_cm4.h **** #define xPSR_Q_Msk                         (1UL << xPSR_Q_Pos)                            /*!< xPSR
 351:Inc/CMSIS/Core/Include/core_cm4.h **** 
 352:Inc/CMSIS/Core/Include/core_cm4.h **** #define xPSR_ICI_IT_2_Pos                  25U                                            /*!< xPSR
 353:Inc/CMSIS/Core/Include/core_cm4.h **** #define xPSR_ICI_IT_2_Msk                  (3UL << xPSR_ICI_IT_2_Pos)                     /*!< xPSR
 354:Inc/CMSIS/Core/Include/core_cm4.h **** 
 355:Inc/CMSIS/Core/Include/core_cm4.h **** #define xPSR_T_Pos                         24U                                            /*!< xPSR
 356:Inc/CMSIS/Core/Include/core_cm4.h **** #define xPSR_T_Msk                         (1UL << xPSR_T_Pos)                            /*!< xPSR
 357:Inc/CMSIS/Core/Include/core_cm4.h **** 
 358:Inc/CMSIS/Core/Include/core_cm4.h **** #define xPSR_GE_Pos                        16U                                            /*!< xPSR
 359:Inc/CMSIS/Core/Include/core_cm4.h **** #define xPSR_GE_Msk                        (0xFUL << xPSR_GE_Pos)                         /*!< xPSR
 360:Inc/CMSIS/Core/Include/core_cm4.h **** 
 361:Inc/CMSIS/Core/Include/core_cm4.h **** #define xPSR_ICI_IT_1_Pos                  10U                                            /*!< xPSR
 362:Inc/CMSIS/Core/Include/core_cm4.h **** #define xPSR_ICI_IT_1_Msk                  (0x3FUL << xPSR_ICI_IT_1_Pos)                  /*!< xPSR
 363:Inc/CMSIS/Core/Include/core_cm4.h **** 
 364:Inc/CMSIS/Core/Include/core_cm4.h **** #define xPSR_ISR_Pos                        0U                                            /*!< xPSR
 365:Inc/CMSIS/Core/Include/core_cm4.h **** #define xPSR_ISR_Msk                       (0x1FFUL /*<< xPSR_ISR_Pos*/)                  /*!< xPSR
 366:Inc/CMSIS/Core/Include/core_cm4.h **** 
 367:Inc/CMSIS/Core/Include/core_cm4.h **** 
 368:Inc/CMSIS/Core/Include/core_cm4.h **** /**
 369:Inc/CMSIS/Core/Include/core_cm4.h ****   \brief  Union type to access the Control Registers (CONTROL).
 370:Inc/CMSIS/Core/Include/core_cm4.h ****  */
 371:Inc/CMSIS/Core/Include/core_cm4.h **** typedef union
ARM GAS  /tmp/ccOMA1VY.s 			page 8


 372:Inc/CMSIS/Core/Include/core_cm4.h **** {
 373:Inc/CMSIS/Core/Include/core_cm4.h ****   struct
 374:Inc/CMSIS/Core/Include/core_cm4.h ****   {
 375:Inc/CMSIS/Core/Include/core_cm4.h ****     uint32_t nPRIV:1;                    /*!< bit:      0  Execution privilege in Thread mode */
 376:Inc/CMSIS/Core/Include/core_cm4.h ****     uint32_t SPSEL:1;                    /*!< bit:      1  Stack to be used */
 377:Inc/CMSIS/Core/Include/core_cm4.h ****     uint32_t FPCA:1;                     /*!< bit:      2  FP extension active flag */
 378:Inc/CMSIS/Core/Include/core_cm4.h ****     uint32_t _reserved0:29;              /*!< bit:  3..31  Reserved */
 379:Inc/CMSIS/Core/Include/core_cm4.h ****   } b;                                   /*!< Structure used for bit  access */
 380:Inc/CMSIS/Core/Include/core_cm4.h ****   uint32_t w;                            /*!< Type      used for word access */
 381:Inc/CMSIS/Core/Include/core_cm4.h **** } CONTROL_Type;
 382:Inc/CMSIS/Core/Include/core_cm4.h **** 
 383:Inc/CMSIS/Core/Include/core_cm4.h **** /* CONTROL Register Definitions */
 384:Inc/CMSIS/Core/Include/core_cm4.h **** #define CONTROL_FPCA_Pos                    2U                                            /*!< CONT
 385:Inc/CMSIS/Core/Include/core_cm4.h **** #define CONTROL_FPCA_Msk                   (1UL << CONTROL_FPCA_Pos)                      /*!< CONT
 386:Inc/CMSIS/Core/Include/core_cm4.h **** 
 387:Inc/CMSIS/Core/Include/core_cm4.h **** #define CONTROL_SPSEL_Pos                   1U                                            /*!< CONT
 388:Inc/CMSIS/Core/Include/core_cm4.h **** #define CONTROL_SPSEL_Msk                  (1UL << CONTROL_SPSEL_Pos)                     /*!< CONT
 389:Inc/CMSIS/Core/Include/core_cm4.h **** 
 390:Inc/CMSIS/Core/Include/core_cm4.h **** #define CONTROL_nPRIV_Pos                   0U                                            /*!< CONT
 391:Inc/CMSIS/Core/Include/core_cm4.h **** #define CONTROL_nPRIV_Msk                  (1UL /*<< CONTROL_nPRIV_Pos*/)                 /*!< CONT
 392:Inc/CMSIS/Core/Include/core_cm4.h **** 
 393:Inc/CMSIS/Core/Include/core_cm4.h **** /*@} end of group CMSIS_CORE */
 394:Inc/CMSIS/Core/Include/core_cm4.h **** 
 395:Inc/CMSIS/Core/Include/core_cm4.h **** 
 396:Inc/CMSIS/Core/Include/core_cm4.h **** /**
 397:Inc/CMSIS/Core/Include/core_cm4.h ****   \ingroup    CMSIS_core_register
 398:Inc/CMSIS/Core/Include/core_cm4.h ****   \defgroup   CMSIS_NVIC  Nested Vectored Interrupt Controller (NVIC)
 399:Inc/CMSIS/Core/Include/core_cm4.h ****   \brief      Type definitions for the NVIC Registers
 400:Inc/CMSIS/Core/Include/core_cm4.h ****   @{
 401:Inc/CMSIS/Core/Include/core_cm4.h ****  */
 402:Inc/CMSIS/Core/Include/core_cm4.h **** 
 403:Inc/CMSIS/Core/Include/core_cm4.h **** /**
 404:Inc/CMSIS/Core/Include/core_cm4.h ****   \brief  Structure type to access the Nested Vectored Interrupt Controller (NVIC).
 405:Inc/CMSIS/Core/Include/core_cm4.h ****  */
 406:Inc/CMSIS/Core/Include/core_cm4.h **** typedef struct
 407:Inc/CMSIS/Core/Include/core_cm4.h **** {
 408:Inc/CMSIS/Core/Include/core_cm4.h ****   __IOM uint32_t ISER[8U];               /*!< Offset: 0x000 (R/W)  Interrupt Set Enable Register */
 409:Inc/CMSIS/Core/Include/core_cm4.h ****         uint32_t RESERVED0[24U];
 410:Inc/CMSIS/Core/Include/core_cm4.h ****   __IOM uint32_t ICER[8U];               /*!< Offset: 0x080 (R/W)  Interrupt Clear Enable Register 
 411:Inc/CMSIS/Core/Include/core_cm4.h ****         uint32_t RSERVED1[24U];
 412:Inc/CMSIS/Core/Include/core_cm4.h ****   __IOM uint32_t ISPR[8U];               /*!< Offset: 0x100 (R/W)  Interrupt Set Pending Register *
 413:Inc/CMSIS/Core/Include/core_cm4.h ****         uint32_t RESERVED2[24U];
 414:Inc/CMSIS/Core/Include/core_cm4.h ****   __IOM uint32_t ICPR[8U];               /*!< Offset: 0x180 (R/W)  Interrupt Clear Pending Register
 415:Inc/CMSIS/Core/Include/core_cm4.h ****         uint32_t RESERVED3[24U];
 416:Inc/CMSIS/Core/Include/core_cm4.h ****   __IOM uint32_t IABR[8U];               /*!< Offset: 0x200 (R/W)  Interrupt Active bit Register */
 417:Inc/CMSIS/Core/Include/core_cm4.h ****         uint32_t RESERVED4[56U];
 418:Inc/CMSIS/Core/Include/core_cm4.h ****   __IOM uint8_t  IP[240U];               /*!< Offset: 0x300 (R/W)  Interrupt Priority Register (8Bi
 419:Inc/CMSIS/Core/Include/core_cm4.h ****         uint32_t RESERVED5[644U];
 420:Inc/CMSIS/Core/Include/core_cm4.h ****   __OM  uint32_t STIR;                   /*!< Offset: 0xE00 ( /W)  Software Trigger Interrupt Regis
 421:Inc/CMSIS/Core/Include/core_cm4.h **** }  NVIC_Type;
 422:Inc/CMSIS/Core/Include/core_cm4.h **** 
 423:Inc/CMSIS/Core/Include/core_cm4.h **** /* Software Triggered Interrupt Register Definitions */
 424:Inc/CMSIS/Core/Include/core_cm4.h **** #define NVIC_STIR_INTID_Pos                 0U                                         /*!< STIR: I
 425:Inc/CMSIS/Core/Include/core_cm4.h **** #define NVIC_STIR_INTID_Msk                (0x1FFUL /*<< NVIC_STIR_INTID_Pos*/)        /*!< STIR: I
 426:Inc/CMSIS/Core/Include/core_cm4.h **** 
 427:Inc/CMSIS/Core/Include/core_cm4.h **** /*@} end of group CMSIS_NVIC */
 428:Inc/CMSIS/Core/Include/core_cm4.h **** 
ARM GAS  /tmp/ccOMA1VY.s 			page 9


 429:Inc/CMSIS/Core/Include/core_cm4.h **** 
 430:Inc/CMSIS/Core/Include/core_cm4.h **** /**
 431:Inc/CMSIS/Core/Include/core_cm4.h ****   \ingroup  CMSIS_core_register
 432:Inc/CMSIS/Core/Include/core_cm4.h ****   \defgroup CMSIS_SCB     System Control Block (SCB)
 433:Inc/CMSIS/Core/Include/core_cm4.h ****   \brief    Type definitions for the System Control Block Registers
 434:Inc/CMSIS/Core/Include/core_cm4.h ****   @{
 435:Inc/CMSIS/Core/Include/core_cm4.h ****  */
 436:Inc/CMSIS/Core/Include/core_cm4.h **** 
 437:Inc/CMSIS/Core/Include/core_cm4.h **** /**
 438:Inc/CMSIS/Core/Include/core_cm4.h ****   \brief  Structure type to access the System Control Block (SCB).
 439:Inc/CMSIS/Core/Include/core_cm4.h ****  */
 440:Inc/CMSIS/Core/Include/core_cm4.h **** typedef struct
 441:Inc/CMSIS/Core/Include/core_cm4.h **** {
 442:Inc/CMSIS/Core/Include/core_cm4.h ****   __IM  uint32_t CPUID;                  /*!< Offset: 0x000 (R/ )  CPUID Base Register */
 443:Inc/CMSIS/Core/Include/core_cm4.h ****   __IOM uint32_t ICSR;                   /*!< Offset: 0x004 (R/W)  Interrupt Control and State Regi
 444:Inc/CMSIS/Core/Include/core_cm4.h ****   __IOM uint32_t VTOR;                   /*!< Offset: 0x008 (R/W)  Vector Table Offset Register */
 445:Inc/CMSIS/Core/Include/core_cm4.h ****   __IOM uint32_t AIRCR;                  /*!< Offset: 0x00C (R/W)  Application Interrupt and Reset 
 446:Inc/CMSIS/Core/Include/core_cm4.h ****   __IOM uint32_t SCR;                    /*!< Offset: 0x010 (R/W)  System Control Register */
 447:Inc/CMSIS/Core/Include/core_cm4.h ****   __IOM uint32_t CCR;                    /*!< Offset: 0x014 (R/W)  Configuration Control Register *
 448:Inc/CMSIS/Core/Include/core_cm4.h ****   __IOM uint8_t  SHP[12U];               /*!< Offset: 0x018 (R/W)  System Handlers Priority Registe
 449:Inc/CMSIS/Core/Include/core_cm4.h ****   __IOM uint32_t SHCSR;                  /*!< Offset: 0x024 (R/W)  System Handler Control and State
 450:Inc/CMSIS/Core/Include/core_cm4.h ****   __IOM uint32_t CFSR;                   /*!< Offset: 0x028 (R/W)  Configurable Fault Status Regist
 451:Inc/CMSIS/Core/Include/core_cm4.h ****   __IOM uint32_t HFSR;                   /*!< Offset: 0x02C (R/W)  HardFault Status Register */
 452:Inc/CMSIS/Core/Include/core_cm4.h ****   __IOM uint32_t DFSR;                   /*!< Offset: 0x030 (R/W)  Debug Fault Status Register */
 453:Inc/CMSIS/Core/Include/core_cm4.h ****   __IOM uint32_t MMFAR;                  /*!< Offset: 0x034 (R/W)  MemManage Fault Address Register
 454:Inc/CMSIS/Core/Include/core_cm4.h ****   __IOM uint32_t BFAR;                   /*!< Offset: 0x038 (R/W)  BusFault Address Register */
 455:Inc/CMSIS/Core/Include/core_cm4.h ****   __IOM uint32_t AFSR;                   /*!< Offset: 0x03C (R/W)  Auxiliary Fault Status Register 
 456:Inc/CMSIS/Core/Include/core_cm4.h ****   __IM  uint32_t PFR[2U];                /*!< Offset: 0x040 (R/ )  Processor Feature Register */
 457:Inc/CMSIS/Core/Include/core_cm4.h ****   __IM  uint32_t DFR;                    /*!< Offset: 0x048 (R/ )  Debug Feature Register */
 458:Inc/CMSIS/Core/Include/core_cm4.h ****   __IM  uint32_t ADR;                    /*!< Offset: 0x04C (R/ )  Auxiliary Feature Register */
 459:Inc/CMSIS/Core/Include/core_cm4.h ****   __IM  uint32_t MMFR[4U];               /*!< Offset: 0x050 (R/ )  Memory Model Feature Register */
 460:Inc/CMSIS/Core/Include/core_cm4.h ****   __IM  uint32_t ISAR[5U];               /*!< Offset: 0x060 (R/ )  Instruction Set Attributes Regis
 461:Inc/CMSIS/Core/Include/core_cm4.h ****         uint32_t RESERVED0[5U];
 462:Inc/CMSIS/Core/Include/core_cm4.h ****   __IOM uint32_t CPACR;                  /*!< Offset: 0x088 (R/W)  Coprocessor Access Control Regis
 463:Inc/CMSIS/Core/Include/core_cm4.h **** } SCB_Type;
 464:Inc/CMSIS/Core/Include/core_cm4.h **** 
 465:Inc/CMSIS/Core/Include/core_cm4.h **** /* SCB CPUID Register Definitions */
 466:Inc/CMSIS/Core/Include/core_cm4.h **** #define SCB_CPUID_IMPLEMENTER_Pos          24U                                            /*!< SCB 
 467:Inc/CMSIS/Core/Include/core_cm4.h **** #define SCB_CPUID_IMPLEMENTER_Msk          (0xFFUL << SCB_CPUID_IMPLEMENTER_Pos)          /*!< SCB 
 468:Inc/CMSIS/Core/Include/core_cm4.h **** 
 469:Inc/CMSIS/Core/Include/core_cm4.h **** #define SCB_CPUID_VARIANT_Pos              20U                                            /*!< SCB 
 470:Inc/CMSIS/Core/Include/core_cm4.h **** #define SCB_CPUID_VARIANT_Msk              (0xFUL << SCB_CPUID_VARIANT_Pos)               /*!< SCB 
 471:Inc/CMSIS/Core/Include/core_cm4.h **** 
 472:Inc/CMSIS/Core/Include/core_cm4.h **** #define SCB_CPUID_ARCHITECTURE_Pos         16U                                            /*!< SCB 
 473:Inc/CMSIS/Core/Include/core_cm4.h **** #define SCB_CPUID_ARCHITECTURE_Msk         (0xFUL << SCB_CPUID_ARCHITECTURE_Pos)          /*!< SCB 
 474:Inc/CMSIS/Core/Include/core_cm4.h **** 
 475:Inc/CMSIS/Core/Include/core_cm4.h **** #define SCB_CPUID_PARTNO_Pos                4U                                            /*!< SCB 
 476:Inc/CMSIS/Core/Include/core_cm4.h **** #define SCB_CPUID_PARTNO_Msk               (0xFFFUL << SCB_CPUID_PARTNO_Pos)              /*!< SCB 
 477:Inc/CMSIS/Core/Include/core_cm4.h **** 
 478:Inc/CMSIS/Core/Include/core_cm4.h **** #define SCB_CPUID_REVISION_Pos              0U                                            /*!< SCB 
 479:Inc/CMSIS/Core/Include/core_cm4.h **** #define SCB_CPUID_REVISION_Msk             (0xFUL /*<< SCB_CPUID_REVISION_Pos*/)          /*!< SCB 
 480:Inc/CMSIS/Core/Include/core_cm4.h **** 
 481:Inc/CMSIS/Core/Include/core_cm4.h **** /* SCB Interrupt Control State Register Definitions */
 482:Inc/CMSIS/Core/Include/core_cm4.h **** #define SCB_ICSR_NMIPENDSET_Pos            31U                                            /*!< SCB 
 483:Inc/CMSIS/Core/Include/core_cm4.h **** #define SCB_ICSR_NMIPENDSET_Msk            (1UL << SCB_ICSR_NMIPENDSET_Pos)               /*!< SCB 
 484:Inc/CMSIS/Core/Include/core_cm4.h **** 
 485:Inc/CMSIS/Core/Include/core_cm4.h **** #define SCB_ICSR_PENDSVSET_Pos             28U                                            /*!< SCB 
ARM GAS  /tmp/ccOMA1VY.s 			page 10


 486:Inc/CMSIS/Core/Include/core_cm4.h **** #define SCB_ICSR_PENDSVSET_Msk             (1UL << SCB_ICSR_PENDSVSET_Pos)                /*!< SCB 
 487:Inc/CMSIS/Core/Include/core_cm4.h **** 
 488:Inc/CMSIS/Core/Include/core_cm4.h **** #define SCB_ICSR_PENDSVCLR_Pos             27U                                            /*!< SCB 
 489:Inc/CMSIS/Core/Include/core_cm4.h **** #define SCB_ICSR_PENDSVCLR_Msk             (1UL << SCB_ICSR_PENDSVCLR_Pos)                /*!< SCB 
 490:Inc/CMSIS/Core/Include/core_cm4.h **** 
 491:Inc/CMSIS/Core/Include/core_cm4.h **** #define SCB_ICSR_PENDSTSET_Pos             26U                                            /*!< SCB 
 492:Inc/CMSIS/Core/Include/core_cm4.h **** #define SCB_ICSR_PENDSTSET_Msk             (1UL << SCB_ICSR_PENDSTSET_Pos)                /*!< SCB 
 493:Inc/CMSIS/Core/Include/core_cm4.h **** 
 494:Inc/CMSIS/Core/Include/core_cm4.h **** #define SCB_ICSR_PENDSTCLR_Pos             25U                                            /*!< SCB 
 495:Inc/CMSIS/Core/Include/core_cm4.h **** #define SCB_ICSR_PENDSTCLR_Msk             (1UL << SCB_ICSR_PENDSTCLR_Pos)                /*!< SCB 
 496:Inc/CMSIS/Core/Include/core_cm4.h **** 
 497:Inc/CMSIS/Core/Include/core_cm4.h **** #define SCB_ICSR_ISRPREEMPT_Pos            23U                                            /*!< SCB 
 498:Inc/CMSIS/Core/Include/core_cm4.h **** #define SCB_ICSR_ISRPREEMPT_Msk            (1UL << SCB_ICSR_ISRPREEMPT_Pos)               /*!< SCB 
 499:Inc/CMSIS/Core/Include/core_cm4.h **** 
 500:Inc/CMSIS/Core/Include/core_cm4.h **** #define SCB_ICSR_ISRPENDING_Pos            22U                                            /*!< SCB 
 501:Inc/CMSIS/Core/Include/core_cm4.h **** #define SCB_ICSR_ISRPENDING_Msk            (1UL << SCB_ICSR_ISRPENDING_Pos)               /*!< SCB 
 502:Inc/CMSIS/Core/Include/core_cm4.h **** 
 503:Inc/CMSIS/Core/Include/core_cm4.h **** #define SCB_ICSR_VECTPENDING_Pos           12U                                            /*!< SCB 
 504:Inc/CMSIS/Core/Include/core_cm4.h **** #define SCB_ICSR_VECTPENDING_Msk           (0x1FFUL << SCB_ICSR_VECTPENDING_Pos)          /*!< SCB 
 505:Inc/CMSIS/Core/Include/core_cm4.h **** 
 506:Inc/CMSIS/Core/Include/core_cm4.h **** #define SCB_ICSR_RETTOBASE_Pos             11U                                            /*!< SCB 
 507:Inc/CMSIS/Core/Include/core_cm4.h **** #define SCB_ICSR_RETTOBASE_Msk             (1UL << SCB_ICSR_RETTOBASE_Pos)                /*!< SCB 
 508:Inc/CMSIS/Core/Include/core_cm4.h **** 
 509:Inc/CMSIS/Core/Include/core_cm4.h **** #define SCB_ICSR_VECTACTIVE_Pos             0U                                            /*!< SCB 
 510:Inc/CMSIS/Core/Include/core_cm4.h **** #define SCB_ICSR_VECTACTIVE_Msk            (0x1FFUL /*<< SCB_ICSR_VECTACTIVE_Pos*/)       /*!< SCB 
 511:Inc/CMSIS/Core/Include/core_cm4.h **** 
 512:Inc/CMSIS/Core/Include/core_cm4.h **** /* SCB Vector Table Offset Register Definitions */
 513:Inc/CMSIS/Core/Include/core_cm4.h **** #define SCB_VTOR_TBLOFF_Pos                 7U                                            /*!< SCB 
 514:Inc/CMSIS/Core/Include/core_cm4.h **** #define SCB_VTOR_TBLOFF_Msk                (0x1FFFFFFUL << SCB_VTOR_TBLOFF_Pos)           /*!< SCB 
 515:Inc/CMSIS/Core/Include/core_cm4.h **** 
 516:Inc/CMSIS/Core/Include/core_cm4.h **** /* SCB Application Interrupt and Reset Control Register Definitions */
 517:Inc/CMSIS/Core/Include/core_cm4.h **** #define SCB_AIRCR_VECTKEY_Pos              16U                                            /*!< SCB 
 518:Inc/CMSIS/Core/Include/core_cm4.h **** #define SCB_AIRCR_VECTKEY_Msk              (0xFFFFUL << SCB_AIRCR_VECTKEY_Pos)            /*!< SCB 
 519:Inc/CMSIS/Core/Include/core_cm4.h **** 
 520:Inc/CMSIS/Core/Include/core_cm4.h **** #define SCB_AIRCR_VECTKEYSTAT_Pos          16U                                            /*!< SCB 
 521:Inc/CMSIS/Core/Include/core_cm4.h **** #define SCB_AIRCR_VECTKEYSTAT_Msk          (0xFFFFUL << SCB_AIRCR_VECTKEYSTAT_Pos)        /*!< SCB 
 522:Inc/CMSIS/Core/Include/core_cm4.h **** 
 523:Inc/CMSIS/Core/Include/core_cm4.h **** #define SCB_AIRCR_ENDIANESS_Pos            15U                                            /*!< SCB 
 524:Inc/CMSIS/Core/Include/core_cm4.h **** #define SCB_AIRCR_ENDIANESS_Msk            (1UL << SCB_AIRCR_ENDIANESS_Pos)               /*!< SCB 
 525:Inc/CMSIS/Core/Include/core_cm4.h **** 
 526:Inc/CMSIS/Core/Include/core_cm4.h **** #define SCB_AIRCR_PRIGROUP_Pos              8U                                            /*!< SCB 
 527:Inc/CMSIS/Core/Include/core_cm4.h **** #define SCB_AIRCR_PRIGROUP_Msk             (7UL << SCB_AIRCR_PRIGROUP_Pos)                /*!< SCB 
 528:Inc/CMSIS/Core/Include/core_cm4.h **** 
 529:Inc/CMSIS/Core/Include/core_cm4.h **** #define SCB_AIRCR_SYSRESETREQ_Pos           2U                                            /*!< SCB 
 530:Inc/CMSIS/Core/Include/core_cm4.h **** #define SCB_AIRCR_SYSRESETREQ_Msk          (1UL << SCB_AIRCR_SYSRESETREQ_Pos)             /*!< SCB 
 531:Inc/CMSIS/Core/Include/core_cm4.h **** 
 532:Inc/CMSIS/Core/Include/core_cm4.h **** #define SCB_AIRCR_VECTCLRACTIVE_Pos         1U                                            /*!< SCB 
 533:Inc/CMSIS/Core/Include/core_cm4.h **** #define SCB_AIRCR_VECTCLRACTIVE_Msk        (1UL << SCB_AIRCR_VECTCLRACTIVE_Pos)           /*!< SCB 
 534:Inc/CMSIS/Core/Include/core_cm4.h **** 
 535:Inc/CMSIS/Core/Include/core_cm4.h **** #define SCB_AIRCR_VECTRESET_Pos             0U                                            /*!< SCB 
 536:Inc/CMSIS/Core/Include/core_cm4.h **** #define SCB_AIRCR_VECTRESET_Msk            (1UL /*<< SCB_AIRCR_VECTRESET_Pos*/)           /*!< SCB 
 537:Inc/CMSIS/Core/Include/core_cm4.h **** 
 538:Inc/CMSIS/Core/Include/core_cm4.h **** /* SCB System Control Register Definitions */
 539:Inc/CMSIS/Core/Include/core_cm4.h **** #define SCB_SCR_SEVONPEND_Pos               4U                                            /*!< SCB 
 540:Inc/CMSIS/Core/Include/core_cm4.h **** #define SCB_SCR_SEVONPEND_Msk              (1UL << SCB_SCR_SEVONPEND_Pos)                 /*!< SCB 
 541:Inc/CMSIS/Core/Include/core_cm4.h **** 
 542:Inc/CMSIS/Core/Include/core_cm4.h **** #define SCB_SCR_SLEEPDEEP_Pos               2U                                            /*!< SCB 
ARM GAS  /tmp/ccOMA1VY.s 			page 11


 543:Inc/CMSIS/Core/Include/core_cm4.h **** #define SCB_SCR_SLEEPDEEP_Msk              (1UL << SCB_SCR_SLEEPDEEP_Pos)                 /*!< SCB 
 544:Inc/CMSIS/Core/Include/core_cm4.h **** 
 545:Inc/CMSIS/Core/Include/core_cm4.h **** #define SCB_SCR_SLEEPONEXIT_Pos             1U                                            /*!< SCB 
 546:Inc/CMSIS/Core/Include/core_cm4.h **** #define SCB_SCR_SLEEPONEXIT_Msk            (1UL << SCB_SCR_SLEEPONEXIT_Pos)               /*!< SCB 
 547:Inc/CMSIS/Core/Include/core_cm4.h **** 
 548:Inc/CMSIS/Core/Include/core_cm4.h **** /* SCB Configuration Control Register Definitions */
 549:Inc/CMSIS/Core/Include/core_cm4.h **** #define SCB_CCR_STKALIGN_Pos                9U                                            /*!< SCB 
 550:Inc/CMSIS/Core/Include/core_cm4.h **** #define SCB_CCR_STKALIGN_Msk               (1UL << SCB_CCR_STKALIGN_Pos)                  /*!< SCB 
 551:Inc/CMSIS/Core/Include/core_cm4.h **** 
 552:Inc/CMSIS/Core/Include/core_cm4.h **** #define SCB_CCR_BFHFNMIGN_Pos               8U                                            /*!< SCB 
 553:Inc/CMSIS/Core/Include/core_cm4.h **** #define SCB_CCR_BFHFNMIGN_Msk              (1UL << SCB_CCR_BFHFNMIGN_Pos)                 /*!< SCB 
 554:Inc/CMSIS/Core/Include/core_cm4.h **** 
 555:Inc/CMSIS/Core/Include/core_cm4.h **** #define SCB_CCR_DIV_0_TRP_Pos               4U                                            /*!< SCB 
 556:Inc/CMSIS/Core/Include/core_cm4.h **** #define SCB_CCR_DIV_0_TRP_Msk              (1UL << SCB_CCR_DIV_0_TRP_Pos)                 /*!< SCB 
 557:Inc/CMSIS/Core/Include/core_cm4.h **** 
 558:Inc/CMSIS/Core/Include/core_cm4.h **** #define SCB_CCR_UNALIGN_TRP_Pos             3U                                            /*!< SCB 
 559:Inc/CMSIS/Core/Include/core_cm4.h **** #define SCB_CCR_UNALIGN_TRP_Msk            (1UL << SCB_CCR_UNALIGN_TRP_Pos)               /*!< SCB 
 560:Inc/CMSIS/Core/Include/core_cm4.h **** 
 561:Inc/CMSIS/Core/Include/core_cm4.h **** #define SCB_CCR_USERSETMPEND_Pos            1U                                            /*!< SCB 
 562:Inc/CMSIS/Core/Include/core_cm4.h **** #define SCB_CCR_USERSETMPEND_Msk           (1UL << SCB_CCR_USERSETMPEND_Pos)              /*!< SCB 
 563:Inc/CMSIS/Core/Include/core_cm4.h **** 
 564:Inc/CMSIS/Core/Include/core_cm4.h **** #define SCB_CCR_NONBASETHRDENA_Pos          0U                                            /*!< SCB 
 565:Inc/CMSIS/Core/Include/core_cm4.h **** #define SCB_CCR_NONBASETHRDENA_Msk         (1UL /*<< SCB_CCR_NONBASETHRDENA_Pos*/)        /*!< SCB 
 566:Inc/CMSIS/Core/Include/core_cm4.h **** 
 567:Inc/CMSIS/Core/Include/core_cm4.h **** /* SCB System Handler Control and State Register Definitions */
 568:Inc/CMSIS/Core/Include/core_cm4.h **** #define SCB_SHCSR_USGFAULTENA_Pos          18U                                            /*!< SCB 
 569:Inc/CMSIS/Core/Include/core_cm4.h **** #define SCB_SHCSR_USGFAULTENA_Msk          (1UL << SCB_SHCSR_USGFAULTENA_Pos)             /*!< SCB 
 570:Inc/CMSIS/Core/Include/core_cm4.h **** 
 571:Inc/CMSIS/Core/Include/core_cm4.h **** #define SCB_SHCSR_BUSFAULTENA_Pos          17U                                            /*!< SCB 
 572:Inc/CMSIS/Core/Include/core_cm4.h **** #define SCB_SHCSR_BUSFAULTENA_Msk          (1UL << SCB_SHCSR_BUSFAULTENA_Pos)             /*!< SCB 
 573:Inc/CMSIS/Core/Include/core_cm4.h **** 
 574:Inc/CMSIS/Core/Include/core_cm4.h **** #define SCB_SHCSR_MEMFAULTENA_Pos          16U                                            /*!< SCB 
 575:Inc/CMSIS/Core/Include/core_cm4.h **** #define SCB_SHCSR_MEMFAULTENA_Msk          (1UL << SCB_SHCSR_MEMFAULTENA_Pos)             /*!< SCB 
 576:Inc/CMSIS/Core/Include/core_cm4.h **** 
 577:Inc/CMSIS/Core/Include/core_cm4.h **** #define SCB_SHCSR_SVCALLPENDED_Pos         15U                                            /*!< SCB 
 578:Inc/CMSIS/Core/Include/core_cm4.h **** #define SCB_SHCSR_SVCALLPENDED_Msk         (1UL << SCB_SHCSR_SVCALLPENDED_Pos)            /*!< SCB 
 579:Inc/CMSIS/Core/Include/core_cm4.h **** 
 580:Inc/CMSIS/Core/Include/core_cm4.h **** #define SCB_SHCSR_BUSFAULTPENDED_Pos       14U                                            /*!< SCB 
 581:Inc/CMSIS/Core/Include/core_cm4.h **** #define SCB_SHCSR_BUSFAULTPENDED_Msk       (1UL << SCB_SHCSR_BUSFAULTPENDED_Pos)          /*!< SCB 
 582:Inc/CMSIS/Core/Include/core_cm4.h **** 
 583:Inc/CMSIS/Core/Include/core_cm4.h **** #define SCB_SHCSR_MEMFAULTPENDED_Pos       13U                                            /*!< SCB 
 584:Inc/CMSIS/Core/Include/core_cm4.h **** #define SCB_SHCSR_MEMFAULTPENDED_Msk       (1UL << SCB_SHCSR_MEMFAULTPENDED_Pos)          /*!< SCB 
 585:Inc/CMSIS/Core/Include/core_cm4.h **** 
 586:Inc/CMSIS/Core/Include/core_cm4.h **** #define SCB_SHCSR_USGFAULTPENDED_Pos       12U                                            /*!< SCB 
 587:Inc/CMSIS/Core/Include/core_cm4.h **** #define SCB_SHCSR_USGFAULTPENDED_Msk       (1UL << SCB_SHCSR_USGFAULTPENDED_Pos)          /*!< SCB 
 588:Inc/CMSIS/Core/Include/core_cm4.h **** 
 589:Inc/CMSIS/Core/Include/core_cm4.h **** #define SCB_SHCSR_SYSTICKACT_Pos           11U                                            /*!< SCB 
 590:Inc/CMSIS/Core/Include/core_cm4.h **** #define SCB_SHCSR_SYSTICKACT_Msk           (1UL << SCB_SHCSR_SYSTICKACT_Pos)              /*!< SCB 
 591:Inc/CMSIS/Core/Include/core_cm4.h **** 
 592:Inc/CMSIS/Core/Include/core_cm4.h **** #define SCB_SHCSR_PENDSVACT_Pos            10U                                            /*!< SCB 
 593:Inc/CMSIS/Core/Include/core_cm4.h **** #define SCB_SHCSR_PENDSVACT_Msk            (1UL << SCB_SHCSR_PENDSVACT_Pos)               /*!< SCB 
 594:Inc/CMSIS/Core/Include/core_cm4.h **** 
 595:Inc/CMSIS/Core/Include/core_cm4.h **** #define SCB_SHCSR_MONITORACT_Pos            8U                                            /*!< SCB 
 596:Inc/CMSIS/Core/Include/core_cm4.h **** #define SCB_SHCSR_MONITORACT_Msk           (1UL << SCB_SHCSR_MONITORACT_Pos)              /*!< SCB 
 597:Inc/CMSIS/Core/Include/core_cm4.h **** 
 598:Inc/CMSIS/Core/Include/core_cm4.h **** #define SCB_SHCSR_SVCALLACT_Pos             7U                                            /*!< SCB 
 599:Inc/CMSIS/Core/Include/core_cm4.h **** #define SCB_SHCSR_SVCALLACT_Msk            (1UL << SCB_SHCSR_SVCALLACT_Pos)               /*!< SCB 
ARM GAS  /tmp/ccOMA1VY.s 			page 12


 600:Inc/CMSIS/Core/Include/core_cm4.h **** 
 601:Inc/CMSIS/Core/Include/core_cm4.h **** #define SCB_SHCSR_USGFAULTACT_Pos           3U                                            /*!< SCB 
 602:Inc/CMSIS/Core/Include/core_cm4.h **** #define SCB_SHCSR_USGFAULTACT_Msk          (1UL << SCB_SHCSR_USGFAULTACT_Pos)             /*!< SCB 
 603:Inc/CMSIS/Core/Include/core_cm4.h **** 
 604:Inc/CMSIS/Core/Include/core_cm4.h **** #define SCB_SHCSR_BUSFAULTACT_Pos           1U                                            /*!< SCB 
 605:Inc/CMSIS/Core/Include/core_cm4.h **** #define SCB_SHCSR_BUSFAULTACT_Msk          (1UL << SCB_SHCSR_BUSFAULTACT_Pos)             /*!< SCB 
 606:Inc/CMSIS/Core/Include/core_cm4.h **** 
 607:Inc/CMSIS/Core/Include/core_cm4.h **** #define SCB_SHCSR_MEMFAULTACT_Pos           0U                                            /*!< SCB 
 608:Inc/CMSIS/Core/Include/core_cm4.h **** #define SCB_SHCSR_MEMFAULTACT_Msk          (1UL /*<< SCB_SHCSR_MEMFAULTACT_Pos*/)         /*!< SCB 
 609:Inc/CMSIS/Core/Include/core_cm4.h **** 
 610:Inc/CMSIS/Core/Include/core_cm4.h **** /* SCB Configurable Fault Status Register Definitions */
 611:Inc/CMSIS/Core/Include/core_cm4.h **** #define SCB_CFSR_USGFAULTSR_Pos            16U                                            /*!< SCB 
 612:Inc/CMSIS/Core/Include/core_cm4.h **** #define SCB_CFSR_USGFAULTSR_Msk            (0xFFFFUL << SCB_CFSR_USGFAULTSR_Pos)          /*!< SCB 
 613:Inc/CMSIS/Core/Include/core_cm4.h **** 
 614:Inc/CMSIS/Core/Include/core_cm4.h **** #define SCB_CFSR_BUSFAULTSR_Pos             8U                                            /*!< SCB 
 615:Inc/CMSIS/Core/Include/core_cm4.h **** #define SCB_CFSR_BUSFAULTSR_Msk            (0xFFUL << SCB_CFSR_BUSFAULTSR_Pos)            /*!< SCB 
 616:Inc/CMSIS/Core/Include/core_cm4.h **** 
 617:Inc/CMSIS/Core/Include/core_cm4.h **** #define SCB_CFSR_MEMFAULTSR_Pos             0U                                            /*!< SCB 
 618:Inc/CMSIS/Core/Include/core_cm4.h **** #define SCB_CFSR_MEMFAULTSR_Msk            (0xFFUL /*<< SCB_CFSR_MEMFAULTSR_Pos*/)        /*!< SCB 
 619:Inc/CMSIS/Core/Include/core_cm4.h **** 
 620:Inc/CMSIS/Core/Include/core_cm4.h **** /* MemManage Fault Status Register (part of SCB Configurable Fault Status Register) */
 621:Inc/CMSIS/Core/Include/core_cm4.h **** #define SCB_CFSR_MMARVALID_Pos             (SCB_SHCSR_MEMFAULTACT_Pos + 7U)               /*!< SCB 
 622:Inc/CMSIS/Core/Include/core_cm4.h **** #define SCB_CFSR_MMARVALID_Msk             (1UL << SCB_CFSR_MMARVALID_Pos)                /*!< SCB 
 623:Inc/CMSIS/Core/Include/core_cm4.h **** 
 624:Inc/CMSIS/Core/Include/core_cm4.h **** #define SCB_CFSR_MLSPERR_Pos               (SCB_SHCSR_MEMFAULTACT_Pos + 5U)               /*!< SCB 
 625:Inc/CMSIS/Core/Include/core_cm4.h **** #define SCB_CFSR_MLSPERR_Msk               (1UL << SCB_CFSR_MLSPERR_Pos)                  /*!< SCB 
 626:Inc/CMSIS/Core/Include/core_cm4.h **** 
 627:Inc/CMSIS/Core/Include/core_cm4.h **** #define SCB_CFSR_MSTKERR_Pos               (SCB_SHCSR_MEMFAULTACT_Pos + 4U)               /*!< SCB 
 628:Inc/CMSIS/Core/Include/core_cm4.h **** #define SCB_CFSR_MSTKERR_Msk               (1UL << SCB_CFSR_MSTKERR_Pos)                  /*!< SCB 
 629:Inc/CMSIS/Core/Include/core_cm4.h **** 
 630:Inc/CMSIS/Core/Include/core_cm4.h **** #define SCB_CFSR_MUNSTKERR_Pos             (SCB_SHCSR_MEMFAULTACT_Pos + 3U)               /*!< SCB 
 631:Inc/CMSIS/Core/Include/core_cm4.h **** #define SCB_CFSR_MUNSTKERR_Msk             (1UL << SCB_CFSR_MUNSTKERR_Pos)                /*!< SCB 
 632:Inc/CMSIS/Core/Include/core_cm4.h **** 
 633:Inc/CMSIS/Core/Include/core_cm4.h **** #define SCB_CFSR_DACCVIOL_Pos              (SCB_SHCSR_MEMFAULTACT_Pos + 1U)               /*!< SCB 
 634:Inc/CMSIS/Core/Include/core_cm4.h **** #define SCB_CFSR_DACCVIOL_Msk              (1UL << SCB_CFSR_DACCVIOL_Pos)                 /*!< SCB 
 635:Inc/CMSIS/Core/Include/core_cm4.h **** 
 636:Inc/CMSIS/Core/Include/core_cm4.h **** #define SCB_CFSR_IACCVIOL_Pos              (SCB_SHCSR_MEMFAULTACT_Pos + 0U)               /*!< SCB 
 637:Inc/CMSIS/Core/Include/core_cm4.h **** #define SCB_CFSR_IACCVIOL_Msk              (1UL /*<< SCB_CFSR_IACCVIOL_Pos*/)             /*!< SCB 
 638:Inc/CMSIS/Core/Include/core_cm4.h **** 
 639:Inc/CMSIS/Core/Include/core_cm4.h **** /* BusFault Status Register (part of SCB Configurable Fault Status Register) */
 640:Inc/CMSIS/Core/Include/core_cm4.h **** #define SCB_CFSR_BFARVALID_Pos            (SCB_CFSR_BUSFAULTSR_Pos + 7U)                  /*!< SCB 
 641:Inc/CMSIS/Core/Include/core_cm4.h **** #define SCB_CFSR_BFARVALID_Msk            (1UL << SCB_CFSR_BFARVALID_Pos)                 /*!< SCB 
 642:Inc/CMSIS/Core/Include/core_cm4.h **** 
 643:Inc/CMSIS/Core/Include/core_cm4.h **** #define SCB_CFSR_LSPERR_Pos               (SCB_CFSR_BUSFAULTSR_Pos + 5U)                  /*!< SCB 
 644:Inc/CMSIS/Core/Include/core_cm4.h **** #define SCB_CFSR_LSPERR_Msk               (1UL << SCB_CFSR_LSPERR_Pos)                    /*!< SCB 
 645:Inc/CMSIS/Core/Include/core_cm4.h **** 
 646:Inc/CMSIS/Core/Include/core_cm4.h **** #define SCB_CFSR_STKERR_Pos               (SCB_CFSR_BUSFAULTSR_Pos + 4U)                  /*!< SCB 
 647:Inc/CMSIS/Core/Include/core_cm4.h **** #define SCB_CFSR_STKERR_Msk               (1UL << SCB_CFSR_STKERR_Pos)                    /*!< SCB 
 648:Inc/CMSIS/Core/Include/core_cm4.h **** 
 649:Inc/CMSIS/Core/Include/core_cm4.h **** #define SCB_CFSR_UNSTKERR_Pos             (SCB_CFSR_BUSFAULTSR_Pos + 3U)                  /*!< SCB 
 650:Inc/CMSIS/Core/Include/core_cm4.h **** #define SCB_CFSR_UNSTKERR_Msk             (1UL << SCB_CFSR_UNSTKERR_Pos)                  /*!< SCB 
 651:Inc/CMSIS/Core/Include/core_cm4.h **** 
 652:Inc/CMSIS/Core/Include/core_cm4.h **** #define SCB_CFSR_IMPRECISERR_Pos          (SCB_CFSR_BUSFAULTSR_Pos + 2U)                  /*!< SCB 
 653:Inc/CMSIS/Core/Include/core_cm4.h **** #define SCB_CFSR_IMPRECISERR_Msk          (1UL << SCB_CFSR_IMPRECISERR_Pos)               /*!< SCB 
 654:Inc/CMSIS/Core/Include/core_cm4.h **** 
 655:Inc/CMSIS/Core/Include/core_cm4.h **** #define SCB_CFSR_PRECISERR_Pos            (SCB_CFSR_BUSFAULTSR_Pos + 1U)                  /*!< SCB 
 656:Inc/CMSIS/Core/Include/core_cm4.h **** #define SCB_CFSR_PRECISERR_Msk            (1UL << SCB_CFSR_PRECISERR_Pos)                 /*!< SCB 
ARM GAS  /tmp/ccOMA1VY.s 			page 13


 657:Inc/CMSIS/Core/Include/core_cm4.h **** 
 658:Inc/CMSIS/Core/Include/core_cm4.h **** #define SCB_CFSR_IBUSERR_Pos              (SCB_CFSR_BUSFAULTSR_Pos + 0U)                  /*!< SCB 
 659:Inc/CMSIS/Core/Include/core_cm4.h **** #define SCB_CFSR_IBUSERR_Msk              (1UL << SCB_CFSR_IBUSERR_Pos)                   /*!< SCB 
 660:Inc/CMSIS/Core/Include/core_cm4.h **** 
 661:Inc/CMSIS/Core/Include/core_cm4.h **** /* UsageFault Status Register (part of SCB Configurable Fault Status Register) */
 662:Inc/CMSIS/Core/Include/core_cm4.h **** #define SCB_CFSR_DIVBYZERO_Pos            (SCB_CFSR_USGFAULTSR_Pos + 9U)                  /*!< SCB 
 663:Inc/CMSIS/Core/Include/core_cm4.h **** #define SCB_CFSR_DIVBYZERO_Msk            (1UL << SCB_CFSR_DIVBYZERO_Pos)                 /*!< SCB 
 664:Inc/CMSIS/Core/Include/core_cm4.h **** 
 665:Inc/CMSIS/Core/Include/core_cm4.h **** #define SCB_CFSR_UNALIGNED_Pos            (SCB_CFSR_USGFAULTSR_Pos + 8U)                  /*!< SCB 
 666:Inc/CMSIS/Core/Include/core_cm4.h **** #define SCB_CFSR_UNALIGNED_Msk            (1UL << SCB_CFSR_UNALIGNED_Pos)                 /*!< SCB 
 667:Inc/CMSIS/Core/Include/core_cm4.h **** 
 668:Inc/CMSIS/Core/Include/core_cm4.h **** #define SCB_CFSR_NOCP_Pos                 (SCB_CFSR_USGFAULTSR_Pos + 3U)                  /*!< SCB 
 669:Inc/CMSIS/Core/Include/core_cm4.h **** #define SCB_CFSR_NOCP_Msk                 (1UL << SCB_CFSR_NOCP_Pos)                      /*!< SCB 
 670:Inc/CMSIS/Core/Include/core_cm4.h **** 
 671:Inc/CMSIS/Core/Include/core_cm4.h **** #define SCB_CFSR_INVPC_Pos                (SCB_CFSR_USGFAULTSR_Pos + 2U)                  /*!< SCB 
 672:Inc/CMSIS/Core/Include/core_cm4.h **** #define SCB_CFSR_INVPC_Msk                (1UL << SCB_CFSR_INVPC_Pos)                     /*!< SCB 
 673:Inc/CMSIS/Core/Include/core_cm4.h **** 
 674:Inc/CMSIS/Core/Include/core_cm4.h **** #define SCB_CFSR_INVSTATE_Pos             (SCB_CFSR_USGFAULTSR_Pos + 1U)                  /*!< SCB 
 675:Inc/CMSIS/Core/Include/core_cm4.h **** #define SCB_CFSR_INVSTATE_Msk             (1UL << SCB_CFSR_INVSTATE_Pos)                  /*!< SCB 
 676:Inc/CMSIS/Core/Include/core_cm4.h **** 
 677:Inc/CMSIS/Core/Include/core_cm4.h **** #define SCB_CFSR_UNDEFINSTR_Pos           (SCB_CFSR_USGFAULTSR_Pos + 0U)                  /*!< SCB 
 678:Inc/CMSIS/Core/Include/core_cm4.h **** #define SCB_CFSR_UNDEFINSTR_Msk           (1UL << SCB_CFSR_UNDEFINSTR_Pos)                /*!< SCB 
 679:Inc/CMSIS/Core/Include/core_cm4.h **** 
 680:Inc/CMSIS/Core/Include/core_cm4.h **** /* SCB Hard Fault Status Register Definitions */
 681:Inc/CMSIS/Core/Include/core_cm4.h **** #define SCB_HFSR_DEBUGEVT_Pos              31U                                            /*!< SCB 
 682:Inc/CMSIS/Core/Include/core_cm4.h **** #define SCB_HFSR_DEBUGEVT_Msk              (1UL << SCB_HFSR_DEBUGEVT_Pos)                 /*!< SCB 
 683:Inc/CMSIS/Core/Include/core_cm4.h **** 
 684:Inc/CMSIS/Core/Include/core_cm4.h **** #define SCB_HFSR_FORCED_Pos                30U                                            /*!< SCB 
 685:Inc/CMSIS/Core/Include/core_cm4.h **** #define SCB_HFSR_FORCED_Msk                (1UL << SCB_HFSR_FORCED_Pos)                   /*!< SCB 
 686:Inc/CMSIS/Core/Include/core_cm4.h **** 
 687:Inc/CMSIS/Core/Include/core_cm4.h **** #define SCB_HFSR_VECTTBL_Pos                1U                                            /*!< SCB 
 688:Inc/CMSIS/Core/Include/core_cm4.h **** #define SCB_HFSR_VECTTBL_Msk               (1UL << SCB_HFSR_VECTTBL_Pos)                  /*!< SCB 
 689:Inc/CMSIS/Core/Include/core_cm4.h **** 
 690:Inc/CMSIS/Core/Include/core_cm4.h **** /* SCB Debug Fault Status Register Definitions */
 691:Inc/CMSIS/Core/Include/core_cm4.h **** #define SCB_DFSR_EXTERNAL_Pos               4U                                            /*!< SCB 
 692:Inc/CMSIS/Core/Include/core_cm4.h **** #define SCB_DFSR_EXTERNAL_Msk              (1UL << SCB_DFSR_EXTERNAL_Pos)                 /*!< SCB 
 693:Inc/CMSIS/Core/Include/core_cm4.h **** 
 694:Inc/CMSIS/Core/Include/core_cm4.h **** #define SCB_DFSR_VCATCH_Pos                 3U                                            /*!< SCB 
 695:Inc/CMSIS/Core/Include/core_cm4.h **** #define SCB_DFSR_VCATCH_Msk                (1UL << SCB_DFSR_VCATCH_Pos)                   /*!< SCB 
 696:Inc/CMSIS/Core/Include/core_cm4.h **** 
 697:Inc/CMSIS/Core/Include/core_cm4.h **** #define SCB_DFSR_DWTTRAP_Pos                2U                                            /*!< SCB 
 698:Inc/CMSIS/Core/Include/core_cm4.h **** #define SCB_DFSR_DWTTRAP_Msk               (1UL << SCB_DFSR_DWTTRAP_Pos)                  /*!< SCB 
 699:Inc/CMSIS/Core/Include/core_cm4.h **** 
 700:Inc/CMSIS/Core/Include/core_cm4.h **** #define SCB_DFSR_BKPT_Pos                   1U                                            /*!< SCB 
 701:Inc/CMSIS/Core/Include/core_cm4.h **** #define SCB_DFSR_BKPT_Msk                  (1UL << SCB_DFSR_BKPT_Pos)                     /*!< SCB 
 702:Inc/CMSIS/Core/Include/core_cm4.h **** 
 703:Inc/CMSIS/Core/Include/core_cm4.h **** #define SCB_DFSR_HALTED_Pos                 0U                                            /*!< SCB 
 704:Inc/CMSIS/Core/Include/core_cm4.h **** #define SCB_DFSR_HALTED_Msk                (1UL /*<< SCB_DFSR_HALTED_Pos*/)               /*!< SCB 
 705:Inc/CMSIS/Core/Include/core_cm4.h **** 
 706:Inc/CMSIS/Core/Include/core_cm4.h **** /*@} end of group CMSIS_SCB */
 707:Inc/CMSIS/Core/Include/core_cm4.h **** 
 708:Inc/CMSIS/Core/Include/core_cm4.h **** 
 709:Inc/CMSIS/Core/Include/core_cm4.h **** /**
 710:Inc/CMSIS/Core/Include/core_cm4.h ****   \ingroup  CMSIS_core_register
 711:Inc/CMSIS/Core/Include/core_cm4.h ****   \defgroup CMSIS_SCnSCB System Controls not in SCB (SCnSCB)
 712:Inc/CMSIS/Core/Include/core_cm4.h ****   \brief    Type definitions for the System Control and ID Register not in the SCB
 713:Inc/CMSIS/Core/Include/core_cm4.h ****   @{
ARM GAS  /tmp/ccOMA1VY.s 			page 14


 714:Inc/CMSIS/Core/Include/core_cm4.h ****  */
 715:Inc/CMSIS/Core/Include/core_cm4.h **** 
 716:Inc/CMSIS/Core/Include/core_cm4.h **** /**
 717:Inc/CMSIS/Core/Include/core_cm4.h ****   \brief  Structure type to access the System Control and ID Register not in the SCB.
 718:Inc/CMSIS/Core/Include/core_cm4.h ****  */
 719:Inc/CMSIS/Core/Include/core_cm4.h **** typedef struct
 720:Inc/CMSIS/Core/Include/core_cm4.h **** {
 721:Inc/CMSIS/Core/Include/core_cm4.h ****         uint32_t RESERVED0[1U];
 722:Inc/CMSIS/Core/Include/core_cm4.h ****   __IM  uint32_t ICTR;                   /*!< Offset: 0x004 (R/ )  Interrupt Controller Type Regist
 723:Inc/CMSIS/Core/Include/core_cm4.h ****   __IOM uint32_t ACTLR;                  /*!< Offset: 0x008 (R/W)  Auxiliary Control Register */
 724:Inc/CMSIS/Core/Include/core_cm4.h **** } SCnSCB_Type;
 725:Inc/CMSIS/Core/Include/core_cm4.h **** 
 726:Inc/CMSIS/Core/Include/core_cm4.h **** /* Interrupt Controller Type Register Definitions */
 727:Inc/CMSIS/Core/Include/core_cm4.h **** #define SCnSCB_ICTR_INTLINESNUM_Pos         0U                                         /*!< ICTR: I
 728:Inc/CMSIS/Core/Include/core_cm4.h **** #define SCnSCB_ICTR_INTLINESNUM_Msk        (0xFUL /*<< SCnSCB_ICTR_INTLINESNUM_Pos*/)  /*!< ICTR: I
 729:Inc/CMSIS/Core/Include/core_cm4.h **** 
 730:Inc/CMSIS/Core/Include/core_cm4.h **** /* Auxiliary Control Register Definitions */
 731:Inc/CMSIS/Core/Include/core_cm4.h **** #define SCnSCB_ACTLR_DISOOFP_Pos            9U                                         /*!< ACTLR: 
 732:Inc/CMSIS/Core/Include/core_cm4.h **** #define SCnSCB_ACTLR_DISOOFP_Msk           (1UL << SCnSCB_ACTLR_DISOOFP_Pos)           /*!< ACTLR: 
 733:Inc/CMSIS/Core/Include/core_cm4.h **** 
 734:Inc/CMSIS/Core/Include/core_cm4.h **** #define SCnSCB_ACTLR_DISFPCA_Pos            8U                                         /*!< ACTLR: 
 735:Inc/CMSIS/Core/Include/core_cm4.h **** #define SCnSCB_ACTLR_DISFPCA_Msk           (1UL << SCnSCB_ACTLR_DISFPCA_Pos)           /*!< ACTLR: 
 736:Inc/CMSIS/Core/Include/core_cm4.h **** 
 737:Inc/CMSIS/Core/Include/core_cm4.h **** #define SCnSCB_ACTLR_DISFOLD_Pos            2U                                         /*!< ACTLR: 
 738:Inc/CMSIS/Core/Include/core_cm4.h **** #define SCnSCB_ACTLR_DISFOLD_Msk           (1UL << SCnSCB_ACTLR_DISFOLD_Pos)           /*!< ACTLR: 
 739:Inc/CMSIS/Core/Include/core_cm4.h **** 
 740:Inc/CMSIS/Core/Include/core_cm4.h **** #define SCnSCB_ACTLR_DISDEFWBUF_Pos         1U                                         /*!< ACTLR: 
 741:Inc/CMSIS/Core/Include/core_cm4.h **** #define SCnSCB_ACTLR_DISDEFWBUF_Msk        (1UL << SCnSCB_ACTLR_DISDEFWBUF_Pos)        /*!< ACTLR: 
 742:Inc/CMSIS/Core/Include/core_cm4.h **** 
 743:Inc/CMSIS/Core/Include/core_cm4.h **** #define SCnSCB_ACTLR_DISMCYCINT_Pos         0U                                         /*!< ACTLR: 
 744:Inc/CMSIS/Core/Include/core_cm4.h **** #define SCnSCB_ACTLR_DISMCYCINT_Msk        (1UL /*<< SCnSCB_ACTLR_DISMCYCINT_Pos*/)    /*!< ACTLR: 
 745:Inc/CMSIS/Core/Include/core_cm4.h **** 
 746:Inc/CMSIS/Core/Include/core_cm4.h **** /*@} end of group CMSIS_SCnotSCB */
 747:Inc/CMSIS/Core/Include/core_cm4.h **** 
 748:Inc/CMSIS/Core/Include/core_cm4.h **** 
 749:Inc/CMSIS/Core/Include/core_cm4.h **** /**
 750:Inc/CMSIS/Core/Include/core_cm4.h ****   \ingroup  CMSIS_core_register
 751:Inc/CMSIS/Core/Include/core_cm4.h ****   \defgroup CMSIS_SysTick     System Tick Timer (SysTick)
 752:Inc/CMSIS/Core/Include/core_cm4.h ****   \brief    Type definitions for the System Timer Registers.
 753:Inc/CMSIS/Core/Include/core_cm4.h ****   @{
 754:Inc/CMSIS/Core/Include/core_cm4.h ****  */
 755:Inc/CMSIS/Core/Include/core_cm4.h **** 
 756:Inc/CMSIS/Core/Include/core_cm4.h **** /**
 757:Inc/CMSIS/Core/Include/core_cm4.h ****   \brief  Structure type to access the System Timer (SysTick).
 758:Inc/CMSIS/Core/Include/core_cm4.h ****  */
 759:Inc/CMSIS/Core/Include/core_cm4.h **** typedef struct
 760:Inc/CMSIS/Core/Include/core_cm4.h **** {
 761:Inc/CMSIS/Core/Include/core_cm4.h ****   __IOM uint32_t CTRL;                   /*!< Offset: 0x000 (R/W)  SysTick Control and Status Regis
 762:Inc/CMSIS/Core/Include/core_cm4.h ****   __IOM uint32_t LOAD;                   /*!< Offset: 0x004 (R/W)  SysTick Reload Value Register */
 763:Inc/CMSIS/Core/Include/core_cm4.h ****   __IOM uint32_t VAL;                    /*!< Offset: 0x008 (R/W)  SysTick Current Value Register *
 764:Inc/CMSIS/Core/Include/core_cm4.h ****   __IM  uint32_t CALIB;                  /*!< Offset: 0x00C (R/ )  SysTick Calibration Register */
 765:Inc/CMSIS/Core/Include/core_cm4.h **** } SysTick_Type;
 766:Inc/CMSIS/Core/Include/core_cm4.h **** 
 767:Inc/CMSIS/Core/Include/core_cm4.h **** /* SysTick Control / Status Register Definitions */
 768:Inc/CMSIS/Core/Include/core_cm4.h **** #define SysTick_CTRL_COUNTFLAG_Pos         16U                                            /*!< SysT
 769:Inc/CMSIS/Core/Include/core_cm4.h **** #define SysTick_CTRL_COUNTFLAG_Msk         (1UL << SysTick_CTRL_COUNTFLAG_Pos)            /*!< SysT
 770:Inc/CMSIS/Core/Include/core_cm4.h **** 
ARM GAS  /tmp/ccOMA1VY.s 			page 15


 771:Inc/CMSIS/Core/Include/core_cm4.h **** #define SysTick_CTRL_CLKSOURCE_Pos          2U                                            /*!< SysT
 772:Inc/CMSIS/Core/Include/core_cm4.h **** #define SysTick_CTRL_CLKSOURCE_Msk         (1UL << SysTick_CTRL_CLKSOURCE_Pos)            /*!< SysT
 773:Inc/CMSIS/Core/Include/core_cm4.h **** 
 774:Inc/CMSIS/Core/Include/core_cm4.h **** #define SysTick_CTRL_TICKINT_Pos            1U                                            /*!< SysT
 775:Inc/CMSIS/Core/Include/core_cm4.h **** #define SysTick_CTRL_TICKINT_Msk           (1UL << SysTick_CTRL_TICKINT_Pos)              /*!< SysT
 776:Inc/CMSIS/Core/Include/core_cm4.h **** 
 777:Inc/CMSIS/Core/Include/core_cm4.h **** #define SysTick_CTRL_ENABLE_Pos             0U                                            /*!< SysT
 778:Inc/CMSIS/Core/Include/core_cm4.h **** #define SysTick_CTRL_ENABLE_Msk            (1UL /*<< SysTick_CTRL_ENABLE_Pos*/)           /*!< SysT
 779:Inc/CMSIS/Core/Include/core_cm4.h **** 
 780:Inc/CMSIS/Core/Include/core_cm4.h **** /* SysTick Reload Register Definitions */
 781:Inc/CMSIS/Core/Include/core_cm4.h **** #define SysTick_LOAD_RELOAD_Pos             0U                                            /*!< SysT
 782:Inc/CMSIS/Core/Include/core_cm4.h **** #define SysTick_LOAD_RELOAD_Msk            (0xFFFFFFUL /*<< SysTick_LOAD_RELOAD_Pos*/)    /*!< SysT
 783:Inc/CMSIS/Core/Include/core_cm4.h **** 
 784:Inc/CMSIS/Core/Include/core_cm4.h **** /* SysTick Current Register Definitions */
 785:Inc/CMSIS/Core/Include/core_cm4.h **** #define SysTick_VAL_CURRENT_Pos             0U                                            /*!< SysT
 786:Inc/CMSIS/Core/Include/core_cm4.h **** #define SysTick_VAL_CURRENT_Msk            (0xFFFFFFUL /*<< SysTick_VAL_CURRENT_Pos*/)    /*!< SysT
 787:Inc/CMSIS/Core/Include/core_cm4.h **** 
 788:Inc/CMSIS/Core/Include/core_cm4.h **** /* SysTick Calibration Register Definitions */
 789:Inc/CMSIS/Core/Include/core_cm4.h **** #define SysTick_CALIB_NOREF_Pos            31U                                            /*!< SysT
 790:Inc/CMSIS/Core/Include/core_cm4.h **** #define SysTick_CALIB_NOREF_Msk            (1UL << SysTick_CALIB_NOREF_Pos)               /*!< SysT
 791:Inc/CMSIS/Core/Include/core_cm4.h **** 
 792:Inc/CMSIS/Core/Include/core_cm4.h **** #define SysTick_CALIB_SKEW_Pos             30U                                            /*!< SysT
 793:Inc/CMSIS/Core/Include/core_cm4.h **** #define SysTick_CALIB_SKEW_Msk             (1UL << SysTick_CALIB_SKEW_Pos)                /*!< SysT
 794:Inc/CMSIS/Core/Include/core_cm4.h **** 
 795:Inc/CMSIS/Core/Include/core_cm4.h **** #define SysTick_CALIB_TENMS_Pos             0U                                            /*!< SysT
 796:Inc/CMSIS/Core/Include/core_cm4.h **** #define SysTick_CALIB_TENMS_Msk            (0xFFFFFFUL /*<< SysTick_CALIB_TENMS_Pos*/)    /*!< SysT
 797:Inc/CMSIS/Core/Include/core_cm4.h **** 
 798:Inc/CMSIS/Core/Include/core_cm4.h **** /*@} end of group CMSIS_SysTick */
 799:Inc/CMSIS/Core/Include/core_cm4.h **** 
 800:Inc/CMSIS/Core/Include/core_cm4.h **** 
 801:Inc/CMSIS/Core/Include/core_cm4.h **** /**
 802:Inc/CMSIS/Core/Include/core_cm4.h ****   \ingroup  CMSIS_core_register
 803:Inc/CMSIS/Core/Include/core_cm4.h ****   \defgroup CMSIS_ITM     Instrumentation Trace Macrocell (ITM)
 804:Inc/CMSIS/Core/Include/core_cm4.h ****   \brief    Type definitions for the Instrumentation Trace Macrocell (ITM)
 805:Inc/CMSIS/Core/Include/core_cm4.h ****   @{
 806:Inc/CMSIS/Core/Include/core_cm4.h ****  */
 807:Inc/CMSIS/Core/Include/core_cm4.h **** 
 808:Inc/CMSIS/Core/Include/core_cm4.h **** /**
 809:Inc/CMSIS/Core/Include/core_cm4.h ****   \brief  Structure type to access the Instrumentation Trace Macrocell Register (ITM).
 810:Inc/CMSIS/Core/Include/core_cm4.h ****  */
 811:Inc/CMSIS/Core/Include/core_cm4.h **** typedef struct
 812:Inc/CMSIS/Core/Include/core_cm4.h **** {
 813:Inc/CMSIS/Core/Include/core_cm4.h ****   __OM  union
 814:Inc/CMSIS/Core/Include/core_cm4.h ****   {
 815:Inc/CMSIS/Core/Include/core_cm4.h ****     __OM  uint8_t    u8;                 /*!< Offset: 0x000 ( /W)  ITM Stimulus Port 8-bit */
 816:Inc/CMSIS/Core/Include/core_cm4.h ****     __OM  uint16_t   u16;                /*!< Offset: 0x000 ( /W)  ITM Stimulus Port 16-bit */
 817:Inc/CMSIS/Core/Include/core_cm4.h ****     __OM  uint32_t   u32;                /*!< Offset: 0x000 ( /W)  ITM Stimulus Port 32-bit */
 818:Inc/CMSIS/Core/Include/core_cm4.h ****   }  PORT [32U];                         /*!< Offset: 0x000 ( /W)  ITM Stimulus Port Registers */
 819:Inc/CMSIS/Core/Include/core_cm4.h ****         uint32_t RESERVED0[864U];
 820:Inc/CMSIS/Core/Include/core_cm4.h ****   __IOM uint32_t TER;                    /*!< Offset: 0xE00 (R/W)  ITM Trace Enable Register */
 821:Inc/CMSIS/Core/Include/core_cm4.h ****         uint32_t RESERVED1[15U];
 822:Inc/CMSIS/Core/Include/core_cm4.h ****   __IOM uint32_t TPR;                    /*!< Offset: 0xE40 (R/W)  ITM Trace Privilege Register */
 823:Inc/CMSIS/Core/Include/core_cm4.h ****         uint32_t RESERVED2[15U];
 824:Inc/CMSIS/Core/Include/core_cm4.h ****   __IOM uint32_t TCR;                    /*!< Offset: 0xE80 (R/W)  ITM Trace Control Register */
 825:Inc/CMSIS/Core/Include/core_cm4.h ****         uint32_t RESERVED3[29U];
 826:Inc/CMSIS/Core/Include/core_cm4.h ****   __OM  uint32_t IWR;                    /*!< Offset: 0xEF8 ( /W)  ITM Integration Write Register *
 827:Inc/CMSIS/Core/Include/core_cm4.h ****   __IM  uint32_t IRR;                    /*!< Offset: 0xEFC (R/ )  ITM Integration Read Register */
ARM GAS  /tmp/ccOMA1VY.s 			page 16


 828:Inc/CMSIS/Core/Include/core_cm4.h ****   __IOM uint32_t IMCR;                   /*!< Offset: 0xF00 (R/W)  ITM Integration Mode Control Reg
 829:Inc/CMSIS/Core/Include/core_cm4.h ****         uint32_t RESERVED4[43U];
 830:Inc/CMSIS/Core/Include/core_cm4.h ****   __OM  uint32_t LAR;                    /*!< Offset: 0xFB0 ( /W)  ITM Lock Access Register */
 831:Inc/CMSIS/Core/Include/core_cm4.h ****   __IM  uint32_t LSR;                    /*!< Offset: 0xFB4 (R/ )  ITM Lock Status Register */
 832:Inc/CMSIS/Core/Include/core_cm4.h ****         uint32_t RESERVED5[6U];
 833:Inc/CMSIS/Core/Include/core_cm4.h ****   __IM  uint32_t PID4;                   /*!< Offset: 0xFD0 (R/ )  ITM Peripheral Identification Re
 834:Inc/CMSIS/Core/Include/core_cm4.h ****   __IM  uint32_t PID5;                   /*!< Offset: 0xFD4 (R/ )  ITM Peripheral Identification Re
 835:Inc/CMSIS/Core/Include/core_cm4.h ****   __IM  uint32_t PID6;                   /*!< Offset: 0xFD8 (R/ )  ITM Peripheral Identification Re
 836:Inc/CMSIS/Core/Include/core_cm4.h ****   __IM  uint32_t PID7;                   /*!< Offset: 0xFDC (R/ )  ITM Peripheral Identification Re
 837:Inc/CMSIS/Core/Include/core_cm4.h ****   __IM  uint32_t PID0;                   /*!< Offset: 0xFE0 (R/ )  ITM Peripheral Identification Re
 838:Inc/CMSIS/Core/Include/core_cm4.h ****   __IM  uint32_t PID1;                   /*!< Offset: 0xFE4 (R/ )  ITM Peripheral Identification Re
 839:Inc/CMSIS/Core/Include/core_cm4.h ****   __IM  uint32_t PID2;                   /*!< Offset: 0xFE8 (R/ )  ITM Peripheral Identification Re
 840:Inc/CMSIS/Core/Include/core_cm4.h ****   __IM  uint32_t PID3;                   /*!< Offset: 0xFEC (R/ )  ITM Peripheral Identification Re
 841:Inc/CMSIS/Core/Include/core_cm4.h ****   __IM  uint32_t CID0;                   /*!< Offset: 0xFF0 (R/ )  ITM Component  Identification Re
 842:Inc/CMSIS/Core/Include/core_cm4.h ****   __IM  uint32_t CID1;                   /*!< Offset: 0xFF4 (R/ )  ITM Component  Identification Re
 843:Inc/CMSIS/Core/Include/core_cm4.h ****   __IM  uint32_t CID2;                   /*!< Offset: 0xFF8 (R/ )  ITM Component  Identification Re
 844:Inc/CMSIS/Core/Include/core_cm4.h ****   __IM  uint32_t CID3;                   /*!< Offset: 0xFFC (R/ )  ITM Component  Identification Re
 845:Inc/CMSIS/Core/Include/core_cm4.h **** } ITM_Type;
 846:Inc/CMSIS/Core/Include/core_cm4.h **** 
 847:Inc/CMSIS/Core/Include/core_cm4.h **** /* ITM Trace Privilege Register Definitions */
 848:Inc/CMSIS/Core/Include/core_cm4.h **** #define ITM_TPR_PRIVMASK_Pos                0U                                            /*!< ITM 
 849:Inc/CMSIS/Core/Include/core_cm4.h **** #define ITM_TPR_PRIVMASK_Msk               (0xFFFFFFFFUL /*<< ITM_TPR_PRIVMASK_Pos*/)     /*!< ITM 
 850:Inc/CMSIS/Core/Include/core_cm4.h **** 
 851:Inc/CMSIS/Core/Include/core_cm4.h **** /* ITM Trace Control Register Definitions */
 852:Inc/CMSIS/Core/Include/core_cm4.h **** #define ITM_TCR_BUSY_Pos                   23U                                            /*!< ITM 
 853:Inc/CMSIS/Core/Include/core_cm4.h **** #define ITM_TCR_BUSY_Msk                   (1UL << ITM_TCR_BUSY_Pos)                      /*!< ITM 
 854:Inc/CMSIS/Core/Include/core_cm4.h **** 
 855:Inc/CMSIS/Core/Include/core_cm4.h **** #define ITM_TCR_TraceBusID_Pos             16U                                            /*!< ITM 
 856:Inc/CMSIS/Core/Include/core_cm4.h **** #define ITM_TCR_TraceBusID_Msk             (0x7FUL << ITM_TCR_TraceBusID_Pos)             /*!< ITM 
 857:Inc/CMSIS/Core/Include/core_cm4.h **** 
 858:Inc/CMSIS/Core/Include/core_cm4.h **** #define ITM_TCR_GTSFREQ_Pos                10U                                            /*!< ITM 
 859:Inc/CMSIS/Core/Include/core_cm4.h **** #define ITM_TCR_GTSFREQ_Msk                (3UL << ITM_TCR_GTSFREQ_Pos)                   /*!< ITM 
 860:Inc/CMSIS/Core/Include/core_cm4.h **** 
 861:Inc/CMSIS/Core/Include/core_cm4.h **** #define ITM_TCR_TSPrescale_Pos              8U                                            /*!< ITM 
 862:Inc/CMSIS/Core/Include/core_cm4.h **** #define ITM_TCR_TSPrescale_Msk             (3UL << ITM_TCR_TSPrescale_Pos)                /*!< ITM 
 863:Inc/CMSIS/Core/Include/core_cm4.h **** 
 864:Inc/CMSIS/Core/Include/core_cm4.h **** #define ITM_TCR_SWOENA_Pos                  4U                                            /*!< ITM 
 865:Inc/CMSIS/Core/Include/core_cm4.h **** #define ITM_TCR_SWOENA_Msk                 (1UL << ITM_TCR_SWOENA_Pos)                    /*!< ITM 
 866:Inc/CMSIS/Core/Include/core_cm4.h **** 
 867:Inc/CMSIS/Core/Include/core_cm4.h **** #define ITM_TCR_DWTENA_Pos                  3U                                            /*!< ITM 
 868:Inc/CMSIS/Core/Include/core_cm4.h **** #define ITM_TCR_DWTENA_Msk                 (1UL << ITM_TCR_DWTENA_Pos)                    /*!< ITM 
 869:Inc/CMSIS/Core/Include/core_cm4.h **** 
 870:Inc/CMSIS/Core/Include/core_cm4.h **** #define ITM_TCR_SYNCENA_Pos                 2U                                            /*!< ITM 
 871:Inc/CMSIS/Core/Include/core_cm4.h **** #define ITM_TCR_SYNCENA_Msk                (1UL << ITM_TCR_SYNCENA_Pos)                   /*!< ITM 
 872:Inc/CMSIS/Core/Include/core_cm4.h **** 
 873:Inc/CMSIS/Core/Include/core_cm4.h **** #define ITM_TCR_TSENA_Pos                   1U                                            /*!< ITM 
 874:Inc/CMSIS/Core/Include/core_cm4.h **** #define ITM_TCR_TSENA_Msk                  (1UL << ITM_TCR_TSENA_Pos)                     /*!< ITM 
 875:Inc/CMSIS/Core/Include/core_cm4.h **** 
 876:Inc/CMSIS/Core/Include/core_cm4.h **** #define ITM_TCR_ITMENA_Pos                  0U                                            /*!< ITM 
 877:Inc/CMSIS/Core/Include/core_cm4.h **** #define ITM_TCR_ITMENA_Msk                 (1UL /*<< ITM_TCR_ITMENA_Pos*/)                /*!< ITM 
 878:Inc/CMSIS/Core/Include/core_cm4.h **** 
 879:Inc/CMSIS/Core/Include/core_cm4.h **** /* ITM Integration Write Register Definitions */
 880:Inc/CMSIS/Core/Include/core_cm4.h **** #define ITM_IWR_ATVALIDM_Pos                0U                                            /*!< ITM 
 881:Inc/CMSIS/Core/Include/core_cm4.h **** #define ITM_IWR_ATVALIDM_Msk               (1UL /*<< ITM_IWR_ATVALIDM_Pos*/)              /*!< ITM 
 882:Inc/CMSIS/Core/Include/core_cm4.h **** 
 883:Inc/CMSIS/Core/Include/core_cm4.h **** /* ITM Integration Read Register Definitions */
 884:Inc/CMSIS/Core/Include/core_cm4.h **** #define ITM_IRR_ATREADYM_Pos                0U                                            /*!< ITM 
ARM GAS  /tmp/ccOMA1VY.s 			page 17


 885:Inc/CMSIS/Core/Include/core_cm4.h **** #define ITM_IRR_ATREADYM_Msk               (1UL /*<< ITM_IRR_ATREADYM_Pos*/)              /*!< ITM 
 886:Inc/CMSIS/Core/Include/core_cm4.h **** 
 887:Inc/CMSIS/Core/Include/core_cm4.h **** /* ITM Integration Mode Control Register Definitions */
 888:Inc/CMSIS/Core/Include/core_cm4.h **** #define ITM_IMCR_INTEGRATION_Pos            0U                                            /*!< ITM 
 889:Inc/CMSIS/Core/Include/core_cm4.h **** #define ITM_IMCR_INTEGRATION_Msk           (1UL /*<< ITM_IMCR_INTEGRATION_Pos*/)          /*!< ITM 
 890:Inc/CMSIS/Core/Include/core_cm4.h **** 
 891:Inc/CMSIS/Core/Include/core_cm4.h **** /* ITM Lock Status Register Definitions */
 892:Inc/CMSIS/Core/Include/core_cm4.h **** #define ITM_LSR_ByteAcc_Pos                 2U                                            /*!< ITM 
 893:Inc/CMSIS/Core/Include/core_cm4.h **** #define ITM_LSR_ByteAcc_Msk                (1UL << ITM_LSR_ByteAcc_Pos)                   /*!< ITM 
 894:Inc/CMSIS/Core/Include/core_cm4.h **** 
 895:Inc/CMSIS/Core/Include/core_cm4.h **** #define ITM_LSR_Access_Pos                  1U                                            /*!< ITM 
 896:Inc/CMSIS/Core/Include/core_cm4.h **** #define ITM_LSR_Access_Msk                 (1UL << ITM_LSR_Access_Pos)                    /*!< ITM 
 897:Inc/CMSIS/Core/Include/core_cm4.h **** 
 898:Inc/CMSIS/Core/Include/core_cm4.h **** #define ITM_LSR_Present_Pos                 0U                                            /*!< ITM 
 899:Inc/CMSIS/Core/Include/core_cm4.h **** #define ITM_LSR_Present_Msk                (1UL /*<< ITM_LSR_Present_Pos*/)               /*!< ITM 
 900:Inc/CMSIS/Core/Include/core_cm4.h **** 
 901:Inc/CMSIS/Core/Include/core_cm4.h **** /*@}*/ /* end of group CMSIS_ITM */
 902:Inc/CMSIS/Core/Include/core_cm4.h **** 
 903:Inc/CMSIS/Core/Include/core_cm4.h **** 
 904:Inc/CMSIS/Core/Include/core_cm4.h **** /**
 905:Inc/CMSIS/Core/Include/core_cm4.h ****   \ingroup  CMSIS_core_register
 906:Inc/CMSIS/Core/Include/core_cm4.h ****   \defgroup CMSIS_DWT     Data Watchpoint and Trace (DWT)
 907:Inc/CMSIS/Core/Include/core_cm4.h ****   \brief    Type definitions for the Data Watchpoint and Trace (DWT)
 908:Inc/CMSIS/Core/Include/core_cm4.h ****   @{
 909:Inc/CMSIS/Core/Include/core_cm4.h ****  */
 910:Inc/CMSIS/Core/Include/core_cm4.h **** 
 911:Inc/CMSIS/Core/Include/core_cm4.h **** /**
 912:Inc/CMSIS/Core/Include/core_cm4.h ****   \brief  Structure type to access the Data Watchpoint and Trace Register (DWT).
 913:Inc/CMSIS/Core/Include/core_cm4.h ****  */
 914:Inc/CMSIS/Core/Include/core_cm4.h **** typedef struct
 915:Inc/CMSIS/Core/Include/core_cm4.h **** {
 916:Inc/CMSIS/Core/Include/core_cm4.h ****   __IOM uint32_t CTRL;                   /*!< Offset: 0x000 (R/W)  Control Register */
 917:Inc/CMSIS/Core/Include/core_cm4.h ****   __IOM uint32_t CYCCNT;                 /*!< Offset: 0x004 (R/W)  Cycle Count Register */
 918:Inc/CMSIS/Core/Include/core_cm4.h ****   __IOM uint32_t CPICNT;                 /*!< Offset: 0x008 (R/W)  CPI Count Register */
 919:Inc/CMSIS/Core/Include/core_cm4.h ****   __IOM uint32_t EXCCNT;                 /*!< Offset: 0x00C (R/W)  Exception Overhead Count Registe
 920:Inc/CMSIS/Core/Include/core_cm4.h ****   __IOM uint32_t SLEEPCNT;               /*!< Offset: 0x010 (R/W)  Sleep Count Register */
 921:Inc/CMSIS/Core/Include/core_cm4.h ****   __IOM uint32_t LSUCNT;                 /*!< Offset: 0x014 (R/W)  LSU Count Register */
 922:Inc/CMSIS/Core/Include/core_cm4.h ****   __IOM uint32_t FOLDCNT;                /*!< Offset: 0x018 (R/W)  Folded-instruction Count Registe
 923:Inc/CMSIS/Core/Include/core_cm4.h ****   __IM  uint32_t PCSR;                   /*!< Offset: 0x01C (R/ )  Program Counter Sample Register 
 924:Inc/CMSIS/Core/Include/core_cm4.h ****   __IOM uint32_t COMP0;                  /*!< Offset: 0x020 (R/W)  Comparator Register 0 */
 925:Inc/CMSIS/Core/Include/core_cm4.h ****   __IOM uint32_t MASK0;                  /*!< Offset: 0x024 (R/W)  Mask Register 0 */
 926:Inc/CMSIS/Core/Include/core_cm4.h ****   __IOM uint32_t FUNCTION0;              /*!< Offset: 0x028 (R/W)  Function Register 0 */
 927:Inc/CMSIS/Core/Include/core_cm4.h ****         uint32_t RESERVED0[1U];
 928:Inc/CMSIS/Core/Include/core_cm4.h ****   __IOM uint32_t COMP1;                  /*!< Offset: 0x030 (R/W)  Comparator Register 1 */
 929:Inc/CMSIS/Core/Include/core_cm4.h ****   __IOM uint32_t MASK1;                  /*!< Offset: 0x034 (R/W)  Mask Register 1 */
 930:Inc/CMSIS/Core/Include/core_cm4.h ****   __IOM uint32_t FUNCTION1;              /*!< Offset: 0x038 (R/W)  Function Register 1 */
 931:Inc/CMSIS/Core/Include/core_cm4.h ****         uint32_t RESERVED1[1U];
 932:Inc/CMSIS/Core/Include/core_cm4.h ****   __IOM uint32_t COMP2;                  /*!< Offset: 0x040 (R/W)  Comparator Register 2 */
 933:Inc/CMSIS/Core/Include/core_cm4.h ****   __IOM uint32_t MASK2;                  /*!< Offset: 0x044 (R/W)  Mask Register 2 */
 934:Inc/CMSIS/Core/Include/core_cm4.h ****   __IOM uint32_t FUNCTION2;              /*!< Offset: 0x048 (R/W)  Function Register 2 */
 935:Inc/CMSIS/Core/Include/core_cm4.h ****         uint32_t RESERVED2[1U];
 936:Inc/CMSIS/Core/Include/core_cm4.h ****   __IOM uint32_t COMP3;                  /*!< Offset: 0x050 (R/W)  Comparator Register 3 */
 937:Inc/CMSIS/Core/Include/core_cm4.h ****   __IOM uint32_t MASK3;                  /*!< Offset: 0x054 (R/W)  Mask Register 3 */
 938:Inc/CMSIS/Core/Include/core_cm4.h ****   __IOM uint32_t FUNCTION3;              /*!< Offset: 0x058 (R/W)  Function Register 3 */
 939:Inc/CMSIS/Core/Include/core_cm4.h **** } DWT_Type;
 940:Inc/CMSIS/Core/Include/core_cm4.h **** 
 941:Inc/CMSIS/Core/Include/core_cm4.h **** /* DWT Control Register Definitions */
ARM GAS  /tmp/ccOMA1VY.s 			page 18


 942:Inc/CMSIS/Core/Include/core_cm4.h **** #define DWT_CTRL_NUMCOMP_Pos               28U                                         /*!< DWT CTR
 943:Inc/CMSIS/Core/Include/core_cm4.h **** #define DWT_CTRL_NUMCOMP_Msk               (0xFUL << DWT_CTRL_NUMCOMP_Pos)             /*!< DWT CTR
 944:Inc/CMSIS/Core/Include/core_cm4.h **** 
 945:Inc/CMSIS/Core/Include/core_cm4.h **** #define DWT_CTRL_NOTRCPKT_Pos              27U                                         /*!< DWT CTR
 946:Inc/CMSIS/Core/Include/core_cm4.h **** #define DWT_CTRL_NOTRCPKT_Msk              (0x1UL << DWT_CTRL_NOTRCPKT_Pos)            /*!< DWT CTR
 947:Inc/CMSIS/Core/Include/core_cm4.h **** 
 948:Inc/CMSIS/Core/Include/core_cm4.h **** #define DWT_CTRL_NOEXTTRIG_Pos             26U                                         /*!< DWT CTR
 949:Inc/CMSIS/Core/Include/core_cm4.h **** #define DWT_CTRL_NOEXTTRIG_Msk             (0x1UL << DWT_CTRL_NOEXTTRIG_Pos)           /*!< DWT CTR
 950:Inc/CMSIS/Core/Include/core_cm4.h **** 
 951:Inc/CMSIS/Core/Include/core_cm4.h **** #define DWT_CTRL_NOCYCCNT_Pos              25U                                         /*!< DWT CTR
 952:Inc/CMSIS/Core/Include/core_cm4.h **** #define DWT_CTRL_NOCYCCNT_Msk              (0x1UL << DWT_CTRL_NOCYCCNT_Pos)            /*!< DWT CTR
 953:Inc/CMSIS/Core/Include/core_cm4.h **** 
 954:Inc/CMSIS/Core/Include/core_cm4.h **** #define DWT_CTRL_NOPRFCNT_Pos              24U                                         /*!< DWT CTR
 955:Inc/CMSIS/Core/Include/core_cm4.h **** #define DWT_CTRL_NOPRFCNT_Msk              (0x1UL << DWT_CTRL_NOPRFCNT_Pos)            /*!< DWT CTR
 956:Inc/CMSIS/Core/Include/core_cm4.h **** 
 957:Inc/CMSIS/Core/Include/core_cm4.h **** #define DWT_CTRL_CYCEVTENA_Pos             22U                                         /*!< DWT CTR
 958:Inc/CMSIS/Core/Include/core_cm4.h **** #define DWT_CTRL_CYCEVTENA_Msk             (0x1UL << DWT_CTRL_CYCEVTENA_Pos)           /*!< DWT CTR
 959:Inc/CMSIS/Core/Include/core_cm4.h **** 
 960:Inc/CMSIS/Core/Include/core_cm4.h **** #define DWT_CTRL_FOLDEVTENA_Pos            21U                                         /*!< DWT CTR
 961:Inc/CMSIS/Core/Include/core_cm4.h **** #define DWT_CTRL_FOLDEVTENA_Msk            (0x1UL << DWT_CTRL_FOLDEVTENA_Pos)          /*!< DWT CTR
 962:Inc/CMSIS/Core/Include/core_cm4.h **** 
 963:Inc/CMSIS/Core/Include/core_cm4.h **** #define DWT_CTRL_LSUEVTENA_Pos             20U                                         /*!< DWT CTR
 964:Inc/CMSIS/Core/Include/core_cm4.h **** #define DWT_CTRL_LSUEVTENA_Msk             (0x1UL << DWT_CTRL_LSUEVTENA_Pos)           /*!< DWT CTR
 965:Inc/CMSIS/Core/Include/core_cm4.h **** 
 966:Inc/CMSIS/Core/Include/core_cm4.h **** #define DWT_CTRL_SLEEPEVTENA_Pos           19U                                         /*!< DWT CTR
 967:Inc/CMSIS/Core/Include/core_cm4.h **** #define DWT_CTRL_SLEEPEVTENA_Msk           (0x1UL << DWT_CTRL_SLEEPEVTENA_Pos)         /*!< DWT CTR
 968:Inc/CMSIS/Core/Include/core_cm4.h **** 
 969:Inc/CMSIS/Core/Include/core_cm4.h **** #define DWT_CTRL_EXCEVTENA_Pos             18U                                         /*!< DWT CTR
 970:Inc/CMSIS/Core/Include/core_cm4.h **** #define DWT_CTRL_EXCEVTENA_Msk             (0x1UL << DWT_CTRL_EXCEVTENA_Pos)           /*!< DWT CTR
 971:Inc/CMSIS/Core/Include/core_cm4.h **** 
 972:Inc/CMSIS/Core/Include/core_cm4.h **** #define DWT_CTRL_CPIEVTENA_Pos             17U                                         /*!< DWT CTR
 973:Inc/CMSIS/Core/Include/core_cm4.h **** #define DWT_CTRL_CPIEVTENA_Msk             (0x1UL << DWT_CTRL_CPIEVTENA_Pos)           /*!< DWT CTR
 974:Inc/CMSIS/Core/Include/core_cm4.h **** 
 975:Inc/CMSIS/Core/Include/core_cm4.h **** #define DWT_CTRL_EXCTRCENA_Pos             16U                                         /*!< DWT CTR
 976:Inc/CMSIS/Core/Include/core_cm4.h **** #define DWT_CTRL_EXCTRCENA_Msk             (0x1UL << DWT_CTRL_EXCTRCENA_Pos)           /*!< DWT CTR
 977:Inc/CMSIS/Core/Include/core_cm4.h **** 
 978:Inc/CMSIS/Core/Include/core_cm4.h **** #define DWT_CTRL_PCSAMPLENA_Pos            12U                                         /*!< DWT CTR
 979:Inc/CMSIS/Core/Include/core_cm4.h **** #define DWT_CTRL_PCSAMPLENA_Msk            (0x1UL << DWT_CTRL_PCSAMPLENA_Pos)          /*!< DWT CTR
 980:Inc/CMSIS/Core/Include/core_cm4.h **** 
 981:Inc/CMSIS/Core/Include/core_cm4.h **** #define DWT_CTRL_SYNCTAP_Pos               10U                                         /*!< DWT CTR
 982:Inc/CMSIS/Core/Include/core_cm4.h **** #define DWT_CTRL_SYNCTAP_Msk               (0x3UL << DWT_CTRL_SYNCTAP_Pos)             /*!< DWT CTR
 983:Inc/CMSIS/Core/Include/core_cm4.h **** 
 984:Inc/CMSIS/Core/Include/core_cm4.h **** #define DWT_CTRL_CYCTAP_Pos                 9U                                         /*!< DWT CTR
 985:Inc/CMSIS/Core/Include/core_cm4.h **** #define DWT_CTRL_CYCTAP_Msk                (0x1UL << DWT_CTRL_CYCTAP_Pos)              /*!< DWT CTR
 986:Inc/CMSIS/Core/Include/core_cm4.h **** 
 987:Inc/CMSIS/Core/Include/core_cm4.h **** #define DWT_CTRL_POSTINIT_Pos               5U                                         /*!< DWT CTR
 988:Inc/CMSIS/Core/Include/core_cm4.h **** #define DWT_CTRL_POSTINIT_Msk              (0xFUL << DWT_CTRL_POSTINIT_Pos)            /*!< DWT CTR
 989:Inc/CMSIS/Core/Include/core_cm4.h **** 
 990:Inc/CMSIS/Core/Include/core_cm4.h **** #define DWT_CTRL_POSTPRESET_Pos             1U                                         /*!< DWT CTR
 991:Inc/CMSIS/Core/Include/core_cm4.h **** #define DWT_CTRL_POSTPRESET_Msk            (0xFUL << DWT_CTRL_POSTPRESET_Pos)          /*!< DWT CTR
 992:Inc/CMSIS/Core/Include/core_cm4.h **** 
 993:Inc/CMSIS/Core/Include/core_cm4.h **** #define DWT_CTRL_CYCCNTENA_Pos              0U                                         /*!< DWT CTR
 994:Inc/CMSIS/Core/Include/core_cm4.h **** #define DWT_CTRL_CYCCNTENA_Msk             (0x1UL /*<< DWT_CTRL_CYCCNTENA_Pos*/)       /*!< DWT CTR
 995:Inc/CMSIS/Core/Include/core_cm4.h **** 
 996:Inc/CMSIS/Core/Include/core_cm4.h **** /* DWT CPI Count Register Definitions */
 997:Inc/CMSIS/Core/Include/core_cm4.h **** #define DWT_CPICNT_CPICNT_Pos               0U                                         /*!< DWT CPI
 998:Inc/CMSIS/Core/Include/core_cm4.h **** #define DWT_CPICNT_CPICNT_Msk              (0xFFUL /*<< DWT_CPICNT_CPICNT_Pos*/)       /*!< DWT CPI
ARM GAS  /tmp/ccOMA1VY.s 			page 19


 999:Inc/CMSIS/Core/Include/core_cm4.h **** 
1000:Inc/CMSIS/Core/Include/core_cm4.h **** /* DWT Exception Overhead Count Register Definitions */
1001:Inc/CMSIS/Core/Include/core_cm4.h **** #define DWT_EXCCNT_EXCCNT_Pos               0U                                         /*!< DWT EXC
1002:Inc/CMSIS/Core/Include/core_cm4.h **** #define DWT_EXCCNT_EXCCNT_Msk              (0xFFUL /*<< DWT_EXCCNT_EXCCNT_Pos*/)       /*!< DWT EXC
1003:Inc/CMSIS/Core/Include/core_cm4.h **** 
1004:Inc/CMSIS/Core/Include/core_cm4.h **** /* DWT Sleep Count Register Definitions */
1005:Inc/CMSIS/Core/Include/core_cm4.h **** #define DWT_SLEEPCNT_SLEEPCNT_Pos           0U                                         /*!< DWT SLE
1006:Inc/CMSIS/Core/Include/core_cm4.h **** #define DWT_SLEEPCNT_SLEEPCNT_Msk          (0xFFUL /*<< DWT_SLEEPCNT_SLEEPCNT_Pos*/)   /*!< DWT SLE
1007:Inc/CMSIS/Core/Include/core_cm4.h **** 
1008:Inc/CMSIS/Core/Include/core_cm4.h **** /* DWT LSU Count Register Definitions */
1009:Inc/CMSIS/Core/Include/core_cm4.h **** #define DWT_LSUCNT_LSUCNT_Pos               0U                                         /*!< DWT LSU
1010:Inc/CMSIS/Core/Include/core_cm4.h **** #define DWT_LSUCNT_LSUCNT_Msk              (0xFFUL /*<< DWT_LSUCNT_LSUCNT_Pos*/)       /*!< DWT LSU
1011:Inc/CMSIS/Core/Include/core_cm4.h **** 
1012:Inc/CMSIS/Core/Include/core_cm4.h **** /* DWT Folded-instruction Count Register Definitions */
1013:Inc/CMSIS/Core/Include/core_cm4.h **** #define DWT_FOLDCNT_FOLDCNT_Pos             0U                                         /*!< DWT FOL
1014:Inc/CMSIS/Core/Include/core_cm4.h **** #define DWT_FOLDCNT_FOLDCNT_Msk            (0xFFUL /*<< DWT_FOLDCNT_FOLDCNT_Pos*/)     /*!< DWT FOL
1015:Inc/CMSIS/Core/Include/core_cm4.h **** 
1016:Inc/CMSIS/Core/Include/core_cm4.h **** /* DWT Comparator Mask Register Definitions */
1017:Inc/CMSIS/Core/Include/core_cm4.h **** #define DWT_MASK_MASK_Pos                   0U                                         /*!< DWT MAS
1018:Inc/CMSIS/Core/Include/core_cm4.h **** #define DWT_MASK_MASK_Msk                  (0x1FUL /*<< DWT_MASK_MASK_Pos*/)           /*!< DWT MAS
1019:Inc/CMSIS/Core/Include/core_cm4.h **** 
1020:Inc/CMSIS/Core/Include/core_cm4.h **** /* DWT Comparator Function Register Definitions */
1021:Inc/CMSIS/Core/Include/core_cm4.h **** #define DWT_FUNCTION_MATCHED_Pos           24U                                         /*!< DWT FUN
1022:Inc/CMSIS/Core/Include/core_cm4.h **** #define DWT_FUNCTION_MATCHED_Msk           (0x1UL << DWT_FUNCTION_MATCHED_Pos)         /*!< DWT FUN
1023:Inc/CMSIS/Core/Include/core_cm4.h **** 
1024:Inc/CMSIS/Core/Include/core_cm4.h **** #define DWT_FUNCTION_DATAVADDR1_Pos        16U                                         /*!< DWT FUN
1025:Inc/CMSIS/Core/Include/core_cm4.h **** #define DWT_FUNCTION_DATAVADDR1_Msk        (0xFUL << DWT_FUNCTION_DATAVADDR1_Pos)      /*!< DWT FUN
1026:Inc/CMSIS/Core/Include/core_cm4.h **** 
1027:Inc/CMSIS/Core/Include/core_cm4.h **** #define DWT_FUNCTION_DATAVADDR0_Pos        12U                                         /*!< DWT FUN
1028:Inc/CMSIS/Core/Include/core_cm4.h **** #define DWT_FUNCTION_DATAVADDR0_Msk        (0xFUL << DWT_FUNCTION_DATAVADDR0_Pos)      /*!< DWT FUN
1029:Inc/CMSIS/Core/Include/core_cm4.h **** 
1030:Inc/CMSIS/Core/Include/core_cm4.h **** #define DWT_FUNCTION_DATAVSIZE_Pos         10U                                         /*!< DWT FUN
1031:Inc/CMSIS/Core/Include/core_cm4.h **** #define DWT_FUNCTION_DATAVSIZE_Msk         (0x3UL << DWT_FUNCTION_DATAVSIZE_Pos)       /*!< DWT FUN
1032:Inc/CMSIS/Core/Include/core_cm4.h **** 
1033:Inc/CMSIS/Core/Include/core_cm4.h **** #define DWT_FUNCTION_LNK1ENA_Pos            9U                                         /*!< DWT FUN
1034:Inc/CMSIS/Core/Include/core_cm4.h **** #define DWT_FUNCTION_LNK1ENA_Msk           (0x1UL << DWT_FUNCTION_LNK1ENA_Pos)         /*!< DWT FUN
1035:Inc/CMSIS/Core/Include/core_cm4.h **** 
1036:Inc/CMSIS/Core/Include/core_cm4.h **** #define DWT_FUNCTION_DATAVMATCH_Pos         8U                                         /*!< DWT FUN
1037:Inc/CMSIS/Core/Include/core_cm4.h **** #define DWT_FUNCTION_DATAVMATCH_Msk        (0x1UL << DWT_FUNCTION_DATAVMATCH_Pos)      /*!< DWT FUN
1038:Inc/CMSIS/Core/Include/core_cm4.h **** 
1039:Inc/CMSIS/Core/Include/core_cm4.h **** #define DWT_FUNCTION_CYCMATCH_Pos           7U                                         /*!< DWT FUN
1040:Inc/CMSIS/Core/Include/core_cm4.h **** #define DWT_FUNCTION_CYCMATCH_Msk          (0x1UL << DWT_FUNCTION_CYCMATCH_Pos)        /*!< DWT FUN
1041:Inc/CMSIS/Core/Include/core_cm4.h **** 
1042:Inc/CMSIS/Core/Include/core_cm4.h **** #define DWT_FUNCTION_EMITRANGE_Pos          5U                                         /*!< DWT FUN
1043:Inc/CMSIS/Core/Include/core_cm4.h **** #define DWT_FUNCTION_EMITRANGE_Msk         (0x1UL << DWT_FUNCTION_EMITRANGE_Pos)       /*!< DWT FUN
1044:Inc/CMSIS/Core/Include/core_cm4.h **** 
1045:Inc/CMSIS/Core/Include/core_cm4.h **** #define DWT_FUNCTION_FUNCTION_Pos           0U                                         /*!< DWT FUN
1046:Inc/CMSIS/Core/Include/core_cm4.h **** #define DWT_FUNCTION_FUNCTION_Msk          (0xFUL /*<< DWT_FUNCTION_FUNCTION_Pos*/)    /*!< DWT FUN
1047:Inc/CMSIS/Core/Include/core_cm4.h **** 
1048:Inc/CMSIS/Core/Include/core_cm4.h **** /*@}*/ /* end of group CMSIS_DWT */
1049:Inc/CMSIS/Core/Include/core_cm4.h **** 
1050:Inc/CMSIS/Core/Include/core_cm4.h **** 
1051:Inc/CMSIS/Core/Include/core_cm4.h **** /**
1052:Inc/CMSIS/Core/Include/core_cm4.h ****   \ingroup  CMSIS_core_register
1053:Inc/CMSIS/Core/Include/core_cm4.h ****   \defgroup CMSIS_TPI     Trace Port Interface (TPI)
1054:Inc/CMSIS/Core/Include/core_cm4.h ****   \brief    Type definitions for the Trace Port Interface (TPI)
1055:Inc/CMSIS/Core/Include/core_cm4.h ****   @{
ARM GAS  /tmp/ccOMA1VY.s 			page 20


1056:Inc/CMSIS/Core/Include/core_cm4.h ****  */
1057:Inc/CMSIS/Core/Include/core_cm4.h **** 
1058:Inc/CMSIS/Core/Include/core_cm4.h **** /**
1059:Inc/CMSIS/Core/Include/core_cm4.h ****   \brief  Structure type to access the Trace Port Interface Register (TPI).
1060:Inc/CMSIS/Core/Include/core_cm4.h ****  */
1061:Inc/CMSIS/Core/Include/core_cm4.h **** typedef struct
1062:Inc/CMSIS/Core/Include/core_cm4.h **** {
1063:Inc/CMSIS/Core/Include/core_cm4.h ****   __IM  uint32_t SSPSR;                  /*!< Offset: 0x000 (R/ )  Supported Parallel Port Size Reg
1064:Inc/CMSIS/Core/Include/core_cm4.h ****   __IOM uint32_t CSPSR;                  /*!< Offset: 0x004 (R/W)  Current Parallel Port Size Regis
1065:Inc/CMSIS/Core/Include/core_cm4.h ****         uint32_t RESERVED0[2U];
1066:Inc/CMSIS/Core/Include/core_cm4.h ****   __IOM uint32_t ACPR;                   /*!< Offset: 0x010 (R/W)  Asynchronous Clock Prescaler Reg
1067:Inc/CMSIS/Core/Include/core_cm4.h ****         uint32_t RESERVED1[55U];
1068:Inc/CMSIS/Core/Include/core_cm4.h ****   __IOM uint32_t SPPR;                   /*!< Offset: 0x0F0 (R/W)  Selected Pin Protocol Register *
1069:Inc/CMSIS/Core/Include/core_cm4.h ****         uint32_t RESERVED2[131U];
1070:Inc/CMSIS/Core/Include/core_cm4.h ****   __IM  uint32_t FFSR;                   /*!< Offset: 0x300 (R/ )  Formatter and Flush Status Regis
1071:Inc/CMSIS/Core/Include/core_cm4.h ****   __IOM uint32_t FFCR;                   /*!< Offset: 0x304 (R/W)  Formatter and Flush Control Regi
1072:Inc/CMSIS/Core/Include/core_cm4.h ****   __IM  uint32_t FSCR;                   /*!< Offset: 0x308 (R/ )  Formatter Synchronization Counte
1073:Inc/CMSIS/Core/Include/core_cm4.h ****         uint32_t RESERVED3[759U];
1074:Inc/CMSIS/Core/Include/core_cm4.h ****   __IM  uint32_t TRIGGER;                /*!< Offset: 0xEE8 (R/ )  TRIGGER Register */
1075:Inc/CMSIS/Core/Include/core_cm4.h ****   __IM  uint32_t FIFO0;                  /*!< Offset: 0xEEC (R/ )  Integration ETM Data */
1076:Inc/CMSIS/Core/Include/core_cm4.h ****   __IM  uint32_t ITATBCTR2;              /*!< Offset: 0xEF0 (R/ )  ITATBCTR2 */
1077:Inc/CMSIS/Core/Include/core_cm4.h ****         uint32_t RESERVED4[1U];
1078:Inc/CMSIS/Core/Include/core_cm4.h ****   __IM  uint32_t ITATBCTR0;              /*!< Offset: 0xEF8 (R/ )  ITATBCTR0 */
1079:Inc/CMSIS/Core/Include/core_cm4.h ****   __IM  uint32_t FIFO1;                  /*!< Offset: 0xEFC (R/ )  Integration ITM Data */
1080:Inc/CMSIS/Core/Include/core_cm4.h ****   __IOM uint32_t ITCTRL;                 /*!< Offset: 0xF00 (R/W)  Integration Mode Control */
1081:Inc/CMSIS/Core/Include/core_cm4.h ****         uint32_t RESERVED5[39U];
1082:Inc/CMSIS/Core/Include/core_cm4.h ****   __IOM uint32_t CLAIMSET;               /*!< Offset: 0xFA0 (R/W)  Claim tag set */
1083:Inc/CMSIS/Core/Include/core_cm4.h ****   __IOM uint32_t CLAIMCLR;               /*!< Offset: 0xFA4 (R/W)  Claim tag clear */
1084:Inc/CMSIS/Core/Include/core_cm4.h ****         uint32_t RESERVED7[8U];
1085:Inc/CMSIS/Core/Include/core_cm4.h ****   __IM  uint32_t DEVID;                  /*!< Offset: 0xFC8 (R/ )  TPIU_DEVID */
1086:Inc/CMSIS/Core/Include/core_cm4.h ****   __IM  uint32_t DEVTYPE;                /*!< Offset: 0xFCC (R/ )  TPIU_DEVTYPE */
1087:Inc/CMSIS/Core/Include/core_cm4.h **** } TPI_Type;
1088:Inc/CMSIS/Core/Include/core_cm4.h **** 
1089:Inc/CMSIS/Core/Include/core_cm4.h **** /* TPI Asynchronous Clock Prescaler Register Definitions */
1090:Inc/CMSIS/Core/Include/core_cm4.h **** #define TPI_ACPR_PRESCALER_Pos              0U                                         /*!< TPI ACP
1091:Inc/CMSIS/Core/Include/core_cm4.h **** #define TPI_ACPR_PRESCALER_Msk             (0x1FFFUL /*<< TPI_ACPR_PRESCALER_Pos*/)    /*!< TPI ACP
1092:Inc/CMSIS/Core/Include/core_cm4.h **** 
1093:Inc/CMSIS/Core/Include/core_cm4.h **** /* TPI Selected Pin Protocol Register Definitions */
1094:Inc/CMSIS/Core/Include/core_cm4.h **** #define TPI_SPPR_TXMODE_Pos                 0U                                         /*!< TPI SPP
1095:Inc/CMSIS/Core/Include/core_cm4.h **** #define TPI_SPPR_TXMODE_Msk                (0x3UL /*<< TPI_SPPR_TXMODE_Pos*/)          /*!< TPI SPP
1096:Inc/CMSIS/Core/Include/core_cm4.h **** 
1097:Inc/CMSIS/Core/Include/core_cm4.h **** /* TPI Formatter and Flush Status Register Definitions */
1098:Inc/CMSIS/Core/Include/core_cm4.h **** #define TPI_FFSR_FtNonStop_Pos              3U                                         /*!< TPI FFS
1099:Inc/CMSIS/Core/Include/core_cm4.h **** #define TPI_FFSR_FtNonStop_Msk             (0x1UL << TPI_FFSR_FtNonStop_Pos)           /*!< TPI FFS
1100:Inc/CMSIS/Core/Include/core_cm4.h **** 
1101:Inc/CMSIS/Core/Include/core_cm4.h **** #define TPI_FFSR_TCPresent_Pos              2U                                         /*!< TPI FFS
1102:Inc/CMSIS/Core/Include/core_cm4.h **** #define TPI_FFSR_TCPresent_Msk             (0x1UL << TPI_FFSR_TCPresent_Pos)           /*!< TPI FFS
1103:Inc/CMSIS/Core/Include/core_cm4.h **** 
1104:Inc/CMSIS/Core/Include/core_cm4.h **** #define TPI_FFSR_FtStopped_Pos              1U                                         /*!< TPI FFS
1105:Inc/CMSIS/Core/Include/core_cm4.h **** #define TPI_FFSR_FtStopped_Msk             (0x1UL << TPI_FFSR_FtStopped_Pos)           /*!< TPI FFS
1106:Inc/CMSIS/Core/Include/core_cm4.h **** 
1107:Inc/CMSIS/Core/Include/core_cm4.h **** #define TPI_FFSR_FlInProg_Pos               0U                                         /*!< TPI FFS
1108:Inc/CMSIS/Core/Include/core_cm4.h **** #define TPI_FFSR_FlInProg_Msk              (0x1UL /*<< TPI_FFSR_FlInProg_Pos*/)        /*!< TPI FFS
1109:Inc/CMSIS/Core/Include/core_cm4.h **** 
1110:Inc/CMSIS/Core/Include/core_cm4.h **** /* TPI Formatter and Flush Control Register Definitions */
1111:Inc/CMSIS/Core/Include/core_cm4.h **** #define TPI_FFCR_TrigIn_Pos                 8U                                         /*!< TPI FFC
1112:Inc/CMSIS/Core/Include/core_cm4.h **** #define TPI_FFCR_TrigIn_Msk                (0x1UL << TPI_FFCR_TrigIn_Pos)              /*!< TPI FFC
ARM GAS  /tmp/ccOMA1VY.s 			page 21


1113:Inc/CMSIS/Core/Include/core_cm4.h **** 
1114:Inc/CMSIS/Core/Include/core_cm4.h **** #define TPI_FFCR_EnFCont_Pos                1U                                         /*!< TPI FFC
1115:Inc/CMSIS/Core/Include/core_cm4.h **** #define TPI_FFCR_EnFCont_Msk               (0x1UL << TPI_FFCR_EnFCont_Pos)             /*!< TPI FFC
1116:Inc/CMSIS/Core/Include/core_cm4.h **** 
1117:Inc/CMSIS/Core/Include/core_cm4.h **** /* TPI TRIGGER Register Definitions */
1118:Inc/CMSIS/Core/Include/core_cm4.h **** #define TPI_TRIGGER_TRIGGER_Pos             0U                                         /*!< TPI TRI
1119:Inc/CMSIS/Core/Include/core_cm4.h **** #define TPI_TRIGGER_TRIGGER_Msk            (0x1UL /*<< TPI_TRIGGER_TRIGGER_Pos*/)      /*!< TPI TRI
1120:Inc/CMSIS/Core/Include/core_cm4.h **** 
1121:Inc/CMSIS/Core/Include/core_cm4.h **** /* TPI Integration ETM Data Register Definitions (FIFO0) */
1122:Inc/CMSIS/Core/Include/core_cm4.h **** #define TPI_FIFO0_ITM_ATVALID_Pos          29U                                         /*!< TPI FIF
1123:Inc/CMSIS/Core/Include/core_cm4.h **** #define TPI_FIFO0_ITM_ATVALID_Msk          (0x3UL << TPI_FIFO0_ITM_ATVALID_Pos)        /*!< TPI FIF
1124:Inc/CMSIS/Core/Include/core_cm4.h **** 
1125:Inc/CMSIS/Core/Include/core_cm4.h **** #define TPI_FIFO0_ITM_bytecount_Pos        27U                                         /*!< TPI FIF
1126:Inc/CMSIS/Core/Include/core_cm4.h **** #define TPI_FIFO0_ITM_bytecount_Msk        (0x3UL << TPI_FIFO0_ITM_bytecount_Pos)      /*!< TPI FIF
1127:Inc/CMSIS/Core/Include/core_cm4.h **** 
1128:Inc/CMSIS/Core/Include/core_cm4.h **** #define TPI_FIFO0_ETM_ATVALID_Pos          26U                                         /*!< TPI FIF
1129:Inc/CMSIS/Core/Include/core_cm4.h **** #define TPI_FIFO0_ETM_ATVALID_Msk          (0x3UL << TPI_FIFO0_ETM_ATVALID_Pos)        /*!< TPI FIF
1130:Inc/CMSIS/Core/Include/core_cm4.h **** 
1131:Inc/CMSIS/Core/Include/core_cm4.h **** #define TPI_FIFO0_ETM_bytecount_Pos        24U                                         /*!< TPI FIF
1132:Inc/CMSIS/Core/Include/core_cm4.h **** #define TPI_FIFO0_ETM_bytecount_Msk        (0x3UL << TPI_FIFO0_ETM_bytecount_Pos)      /*!< TPI FIF
1133:Inc/CMSIS/Core/Include/core_cm4.h **** 
1134:Inc/CMSIS/Core/Include/core_cm4.h **** #define TPI_FIFO0_ETM2_Pos                 16U                                         /*!< TPI FIF
1135:Inc/CMSIS/Core/Include/core_cm4.h **** #define TPI_FIFO0_ETM2_Msk                 (0xFFUL << TPI_FIFO0_ETM2_Pos)              /*!< TPI FIF
1136:Inc/CMSIS/Core/Include/core_cm4.h **** 
1137:Inc/CMSIS/Core/Include/core_cm4.h **** #define TPI_FIFO0_ETM1_Pos                  8U                                         /*!< TPI FIF
1138:Inc/CMSIS/Core/Include/core_cm4.h **** #define TPI_FIFO0_ETM1_Msk                 (0xFFUL << TPI_FIFO0_ETM1_Pos)              /*!< TPI FIF
1139:Inc/CMSIS/Core/Include/core_cm4.h **** 
1140:Inc/CMSIS/Core/Include/core_cm4.h **** #define TPI_FIFO0_ETM0_Pos                  0U                                         /*!< TPI FIF
1141:Inc/CMSIS/Core/Include/core_cm4.h **** #define TPI_FIFO0_ETM0_Msk                 (0xFFUL /*<< TPI_FIFO0_ETM0_Pos*/)          /*!< TPI FIF
1142:Inc/CMSIS/Core/Include/core_cm4.h **** 
1143:Inc/CMSIS/Core/Include/core_cm4.h **** /* TPI ITATBCTR2 Register Definitions */
1144:Inc/CMSIS/Core/Include/core_cm4.h **** #define TPI_ITATBCTR2_ATREADY2_Pos          0U                                         /*!< TPI ITA
1145:Inc/CMSIS/Core/Include/core_cm4.h **** #define TPI_ITATBCTR2_ATREADY2_Msk         (0x1UL /*<< TPI_ITATBCTR2_ATREADY2_Pos*/)   /*!< TPI ITA
1146:Inc/CMSIS/Core/Include/core_cm4.h **** 
1147:Inc/CMSIS/Core/Include/core_cm4.h **** #define TPI_ITATBCTR2_ATREADY1_Pos          0U                                         /*!< TPI ITA
1148:Inc/CMSIS/Core/Include/core_cm4.h **** #define TPI_ITATBCTR2_ATREADY1_Msk         (0x1UL /*<< TPI_ITATBCTR2_ATREADY1_Pos*/)   /*!< TPI ITA
1149:Inc/CMSIS/Core/Include/core_cm4.h **** 
1150:Inc/CMSIS/Core/Include/core_cm4.h **** /* TPI Integration ITM Data Register Definitions (FIFO1) */
1151:Inc/CMSIS/Core/Include/core_cm4.h **** #define TPI_FIFO1_ITM_ATVALID_Pos          29U                                         /*!< TPI FIF
1152:Inc/CMSIS/Core/Include/core_cm4.h **** #define TPI_FIFO1_ITM_ATVALID_Msk          (0x3UL << TPI_FIFO1_ITM_ATVALID_Pos)        /*!< TPI FIF
1153:Inc/CMSIS/Core/Include/core_cm4.h **** 
1154:Inc/CMSIS/Core/Include/core_cm4.h **** #define TPI_FIFO1_ITM_bytecount_Pos        27U                                         /*!< TPI FIF
1155:Inc/CMSIS/Core/Include/core_cm4.h **** #define TPI_FIFO1_ITM_bytecount_Msk        (0x3UL << TPI_FIFO1_ITM_bytecount_Pos)      /*!< TPI FIF
1156:Inc/CMSIS/Core/Include/core_cm4.h **** 
1157:Inc/CMSIS/Core/Include/core_cm4.h **** #define TPI_FIFO1_ETM_ATVALID_Pos          26U                                         /*!< TPI FIF
1158:Inc/CMSIS/Core/Include/core_cm4.h **** #define TPI_FIFO1_ETM_ATVALID_Msk          (0x3UL << TPI_FIFO1_ETM_ATVALID_Pos)        /*!< TPI FIF
1159:Inc/CMSIS/Core/Include/core_cm4.h **** 
1160:Inc/CMSIS/Core/Include/core_cm4.h **** #define TPI_FIFO1_ETM_bytecount_Pos        24U                                         /*!< TPI FIF
1161:Inc/CMSIS/Core/Include/core_cm4.h **** #define TPI_FIFO1_ETM_bytecount_Msk        (0x3UL << TPI_FIFO1_ETM_bytecount_Pos)      /*!< TPI FIF
1162:Inc/CMSIS/Core/Include/core_cm4.h **** 
1163:Inc/CMSIS/Core/Include/core_cm4.h **** #define TPI_FIFO1_ITM2_Pos                 16U                                         /*!< TPI FIF
1164:Inc/CMSIS/Core/Include/core_cm4.h **** #define TPI_FIFO1_ITM2_Msk                 (0xFFUL << TPI_FIFO1_ITM2_Pos)              /*!< TPI FIF
1165:Inc/CMSIS/Core/Include/core_cm4.h **** 
1166:Inc/CMSIS/Core/Include/core_cm4.h **** #define TPI_FIFO1_ITM1_Pos                  8U                                         /*!< TPI FIF
1167:Inc/CMSIS/Core/Include/core_cm4.h **** #define TPI_FIFO1_ITM1_Msk                 (0xFFUL << TPI_FIFO1_ITM1_Pos)              /*!< TPI FIF
1168:Inc/CMSIS/Core/Include/core_cm4.h **** 
1169:Inc/CMSIS/Core/Include/core_cm4.h **** #define TPI_FIFO1_ITM0_Pos                  0U                                         /*!< TPI FIF
ARM GAS  /tmp/ccOMA1VY.s 			page 22


1170:Inc/CMSIS/Core/Include/core_cm4.h **** #define TPI_FIFO1_ITM0_Msk                 (0xFFUL /*<< TPI_FIFO1_ITM0_Pos*/)          /*!< TPI FIF
1171:Inc/CMSIS/Core/Include/core_cm4.h **** 
1172:Inc/CMSIS/Core/Include/core_cm4.h **** /* TPI ITATBCTR0 Register Definitions */
1173:Inc/CMSIS/Core/Include/core_cm4.h **** #define TPI_ITATBCTR0_ATREADY2_Pos          0U                                         /*!< TPI ITA
1174:Inc/CMSIS/Core/Include/core_cm4.h **** #define TPI_ITATBCTR0_ATREADY2_Msk         (0x1UL /*<< TPI_ITATBCTR0_ATREADY2_Pos*/)   /*!< TPI ITA
1175:Inc/CMSIS/Core/Include/core_cm4.h **** 
1176:Inc/CMSIS/Core/Include/core_cm4.h **** #define TPI_ITATBCTR0_ATREADY1_Pos          0U                                         /*!< TPI ITA
1177:Inc/CMSIS/Core/Include/core_cm4.h **** #define TPI_ITATBCTR0_ATREADY1_Msk         (0x1UL /*<< TPI_ITATBCTR0_ATREADY1_Pos*/)   /*!< TPI ITA
1178:Inc/CMSIS/Core/Include/core_cm4.h **** 
1179:Inc/CMSIS/Core/Include/core_cm4.h **** /* TPI Integration Mode Control Register Definitions */
1180:Inc/CMSIS/Core/Include/core_cm4.h **** #define TPI_ITCTRL_Mode_Pos                 0U                                         /*!< TPI ITC
1181:Inc/CMSIS/Core/Include/core_cm4.h **** #define TPI_ITCTRL_Mode_Msk                (0x3UL /*<< TPI_ITCTRL_Mode_Pos*/)          /*!< TPI ITC
1182:Inc/CMSIS/Core/Include/core_cm4.h **** 
1183:Inc/CMSIS/Core/Include/core_cm4.h **** /* TPI DEVID Register Definitions */
1184:Inc/CMSIS/Core/Include/core_cm4.h **** #define TPI_DEVID_NRZVALID_Pos             11U                                         /*!< TPI DEV
1185:Inc/CMSIS/Core/Include/core_cm4.h **** #define TPI_DEVID_NRZVALID_Msk             (0x1UL << TPI_DEVID_NRZVALID_Pos)           /*!< TPI DEV
1186:Inc/CMSIS/Core/Include/core_cm4.h **** 
1187:Inc/CMSIS/Core/Include/core_cm4.h **** #define TPI_DEVID_MANCVALID_Pos            10U                                         /*!< TPI DEV
1188:Inc/CMSIS/Core/Include/core_cm4.h **** #define TPI_DEVID_MANCVALID_Msk            (0x1UL << TPI_DEVID_MANCVALID_Pos)          /*!< TPI DEV
1189:Inc/CMSIS/Core/Include/core_cm4.h **** 
1190:Inc/CMSIS/Core/Include/core_cm4.h **** #define TPI_DEVID_PTINVALID_Pos             9U                                         /*!< TPI DEV
1191:Inc/CMSIS/Core/Include/core_cm4.h **** #define TPI_DEVID_PTINVALID_Msk            (0x1UL << TPI_DEVID_PTINVALID_Pos)          /*!< TPI DEV
1192:Inc/CMSIS/Core/Include/core_cm4.h **** 
1193:Inc/CMSIS/Core/Include/core_cm4.h **** #define TPI_DEVID_MinBufSz_Pos              6U                                         /*!< TPI DEV
1194:Inc/CMSIS/Core/Include/core_cm4.h **** #define TPI_DEVID_MinBufSz_Msk             (0x7UL << TPI_DEVID_MinBufSz_Pos)           /*!< TPI DEV
1195:Inc/CMSIS/Core/Include/core_cm4.h **** 
1196:Inc/CMSIS/Core/Include/core_cm4.h **** #define TPI_DEVID_AsynClkIn_Pos             5U                                         /*!< TPI DEV
1197:Inc/CMSIS/Core/Include/core_cm4.h **** #define TPI_DEVID_AsynClkIn_Msk            (0x1UL << TPI_DEVID_AsynClkIn_Pos)          /*!< TPI DEV
1198:Inc/CMSIS/Core/Include/core_cm4.h **** 
1199:Inc/CMSIS/Core/Include/core_cm4.h **** #define TPI_DEVID_NrTraceInput_Pos          0U                                         /*!< TPI DEV
1200:Inc/CMSIS/Core/Include/core_cm4.h **** #define TPI_DEVID_NrTraceInput_Msk         (0x1FUL /*<< TPI_DEVID_NrTraceInput_Pos*/)  /*!< TPI DEV
1201:Inc/CMSIS/Core/Include/core_cm4.h **** 
1202:Inc/CMSIS/Core/Include/core_cm4.h **** /* TPI DEVTYPE Register Definitions */
1203:Inc/CMSIS/Core/Include/core_cm4.h **** #define TPI_DEVTYPE_SubType_Pos             4U                                         /*!< TPI DEV
1204:Inc/CMSIS/Core/Include/core_cm4.h **** #define TPI_DEVTYPE_SubType_Msk            (0xFUL /*<< TPI_DEVTYPE_SubType_Pos*/)      /*!< TPI DEV
1205:Inc/CMSIS/Core/Include/core_cm4.h **** 
1206:Inc/CMSIS/Core/Include/core_cm4.h **** #define TPI_DEVTYPE_MajorType_Pos           0U                                         /*!< TPI DEV
1207:Inc/CMSIS/Core/Include/core_cm4.h **** #define TPI_DEVTYPE_MajorType_Msk          (0xFUL << TPI_DEVTYPE_MajorType_Pos)        /*!< TPI DEV
1208:Inc/CMSIS/Core/Include/core_cm4.h **** 
1209:Inc/CMSIS/Core/Include/core_cm4.h **** /*@}*/ /* end of group CMSIS_TPI */
1210:Inc/CMSIS/Core/Include/core_cm4.h **** 
1211:Inc/CMSIS/Core/Include/core_cm4.h **** 
1212:Inc/CMSIS/Core/Include/core_cm4.h **** #if defined (__MPU_PRESENT) && (__MPU_PRESENT == 1U)
1213:Inc/CMSIS/Core/Include/core_cm4.h **** /**
1214:Inc/CMSIS/Core/Include/core_cm4.h ****   \ingroup  CMSIS_core_register
1215:Inc/CMSIS/Core/Include/core_cm4.h ****   \defgroup CMSIS_MPU     Memory Protection Unit (MPU)
1216:Inc/CMSIS/Core/Include/core_cm4.h ****   \brief    Type definitions for the Memory Protection Unit (MPU)
1217:Inc/CMSIS/Core/Include/core_cm4.h ****   @{
1218:Inc/CMSIS/Core/Include/core_cm4.h ****  */
1219:Inc/CMSIS/Core/Include/core_cm4.h **** 
1220:Inc/CMSIS/Core/Include/core_cm4.h **** /**
1221:Inc/CMSIS/Core/Include/core_cm4.h ****   \brief  Structure type to access the Memory Protection Unit (MPU).
1222:Inc/CMSIS/Core/Include/core_cm4.h ****  */
1223:Inc/CMSIS/Core/Include/core_cm4.h **** typedef struct
1224:Inc/CMSIS/Core/Include/core_cm4.h **** {
1225:Inc/CMSIS/Core/Include/core_cm4.h ****   __IM  uint32_t TYPE;                   /*!< Offset: 0x000 (R/ )  MPU Type Register */
1226:Inc/CMSIS/Core/Include/core_cm4.h ****   __IOM uint32_t CTRL;                   /*!< Offset: 0x004 (R/W)  MPU Control Register */
ARM GAS  /tmp/ccOMA1VY.s 			page 23


1227:Inc/CMSIS/Core/Include/core_cm4.h ****   __IOM uint32_t RNR;                    /*!< Offset: 0x008 (R/W)  MPU Region RNRber Register */
1228:Inc/CMSIS/Core/Include/core_cm4.h ****   __IOM uint32_t RBAR;                   /*!< Offset: 0x00C (R/W)  MPU Region Base Address Register
1229:Inc/CMSIS/Core/Include/core_cm4.h ****   __IOM uint32_t RASR;                   /*!< Offset: 0x010 (R/W)  MPU Region Attribute and Size Re
1230:Inc/CMSIS/Core/Include/core_cm4.h ****   __IOM uint32_t RBAR_A1;                /*!< Offset: 0x014 (R/W)  MPU Alias 1 Region Base Address 
1231:Inc/CMSIS/Core/Include/core_cm4.h ****   __IOM uint32_t RASR_A1;                /*!< Offset: 0x018 (R/W)  MPU Alias 1 Region Attribute and
1232:Inc/CMSIS/Core/Include/core_cm4.h ****   __IOM uint32_t RBAR_A2;                /*!< Offset: 0x01C (R/W)  MPU Alias 2 Region Base Address 
1233:Inc/CMSIS/Core/Include/core_cm4.h ****   __IOM uint32_t RASR_A2;                /*!< Offset: 0x020 (R/W)  MPU Alias 2 Region Attribute and
1234:Inc/CMSIS/Core/Include/core_cm4.h ****   __IOM uint32_t RBAR_A3;                /*!< Offset: 0x024 (R/W)  MPU Alias 3 Region Base Address 
1235:Inc/CMSIS/Core/Include/core_cm4.h ****   __IOM uint32_t RASR_A3;                /*!< Offset: 0x028 (R/W)  MPU Alias 3 Region Attribute and
1236:Inc/CMSIS/Core/Include/core_cm4.h **** } MPU_Type;
1237:Inc/CMSIS/Core/Include/core_cm4.h **** 
1238:Inc/CMSIS/Core/Include/core_cm4.h **** #define MPU_TYPE_RALIASES                  4U
1239:Inc/CMSIS/Core/Include/core_cm4.h **** 
1240:Inc/CMSIS/Core/Include/core_cm4.h **** /* MPU Type Register Definitions */
1241:Inc/CMSIS/Core/Include/core_cm4.h **** #define MPU_TYPE_IREGION_Pos               16U                                            /*!< MPU 
1242:Inc/CMSIS/Core/Include/core_cm4.h **** #define MPU_TYPE_IREGION_Msk               (0xFFUL << MPU_TYPE_IREGION_Pos)               /*!< MPU 
1243:Inc/CMSIS/Core/Include/core_cm4.h **** 
1244:Inc/CMSIS/Core/Include/core_cm4.h **** #define MPU_TYPE_DREGION_Pos                8U                                            /*!< MPU 
1245:Inc/CMSIS/Core/Include/core_cm4.h **** #define MPU_TYPE_DREGION_Msk               (0xFFUL << MPU_TYPE_DREGION_Pos)               /*!< MPU 
1246:Inc/CMSIS/Core/Include/core_cm4.h **** 
1247:Inc/CMSIS/Core/Include/core_cm4.h **** #define MPU_TYPE_SEPARATE_Pos               0U                                            /*!< MPU 
1248:Inc/CMSIS/Core/Include/core_cm4.h **** #define MPU_TYPE_SEPARATE_Msk              (1UL /*<< MPU_TYPE_SEPARATE_Pos*/)             /*!< MPU 
1249:Inc/CMSIS/Core/Include/core_cm4.h **** 
1250:Inc/CMSIS/Core/Include/core_cm4.h **** /* MPU Control Register Definitions */
1251:Inc/CMSIS/Core/Include/core_cm4.h **** #define MPU_CTRL_PRIVDEFENA_Pos             2U                                            /*!< MPU 
1252:Inc/CMSIS/Core/Include/core_cm4.h **** #define MPU_CTRL_PRIVDEFENA_Msk            (1UL << MPU_CTRL_PRIVDEFENA_Pos)               /*!< MPU 
1253:Inc/CMSIS/Core/Include/core_cm4.h **** 
1254:Inc/CMSIS/Core/Include/core_cm4.h **** #define MPU_CTRL_HFNMIENA_Pos               1U                                            /*!< MPU 
1255:Inc/CMSIS/Core/Include/core_cm4.h **** #define MPU_CTRL_HFNMIENA_Msk              (1UL << MPU_CTRL_HFNMIENA_Pos)                 /*!< MPU 
1256:Inc/CMSIS/Core/Include/core_cm4.h **** 
1257:Inc/CMSIS/Core/Include/core_cm4.h **** #define MPU_CTRL_ENABLE_Pos                 0U                                            /*!< MPU 
1258:Inc/CMSIS/Core/Include/core_cm4.h **** #define MPU_CTRL_ENABLE_Msk                (1UL /*<< MPU_CTRL_ENABLE_Pos*/)               /*!< MPU 
1259:Inc/CMSIS/Core/Include/core_cm4.h **** 
1260:Inc/CMSIS/Core/Include/core_cm4.h **** /* MPU Region Number Register Definitions */
1261:Inc/CMSIS/Core/Include/core_cm4.h **** #define MPU_RNR_REGION_Pos                  0U                                            /*!< MPU 
1262:Inc/CMSIS/Core/Include/core_cm4.h **** #define MPU_RNR_REGION_Msk                 (0xFFUL /*<< MPU_RNR_REGION_Pos*/)             /*!< MPU 
1263:Inc/CMSIS/Core/Include/core_cm4.h **** 
1264:Inc/CMSIS/Core/Include/core_cm4.h **** /* MPU Region Base Address Register Definitions */
1265:Inc/CMSIS/Core/Include/core_cm4.h **** #define MPU_RBAR_ADDR_Pos                   5U                                            /*!< MPU 
1266:Inc/CMSIS/Core/Include/core_cm4.h **** #define MPU_RBAR_ADDR_Msk                  (0x7FFFFFFUL << MPU_RBAR_ADDR_Pos)             /*!< MPU 
1267:Inc/CMSIS/Core/Include/core_cm4.h **** 
1268:Inc/CMSIS/Core/Include/core_cm4.h **** #define MPU_RBAR_VALID_Pos                  4U                                            /*!< MPU 
1269:Inc/CMSIS/Core/Include/core_cm4.h **** #define MPU_RBAR_VALID_Msk                 (1UL << MPU_RBAR_VALID_Pos)                    /*!< MPU 
1270:Inc/CMSIS/Core/Include/core_cm4.h **** 
1271:Inc/CMSIS/Core/Include/core_cm4.h **** #define MPU_RBAR_REGION_Pos                 0U                                            /*!< MPU 
1272:Inc/CMSIS/Core/Include/core_cm4.h **** #define MPU_RBAR_REGION_Msk                (0xFUL /*<< MPU_RBAR_REGION_Pos*/)             /*!< MPU 
1273:Inc/CMSIS/Core/Include/core_cm4.h **** 
1274:Inc/CMSIS/Core/Include/core_cm4.h **** /* MPU Region Attribute and Size Register Definitions */
1275:Inc/CMSIS/Core/Include/core_cm4.h **** #define MPU_RASR_ATTRS_Pos                 16U                                            /*!< MPU 
1276:Inc/CMSIS/Core/Include/core_cm4.h **** #define MPU_RASR_ATTRS_Msk                 (0xFFFFUL << MPU_RASR_ATTRS_Pos)               /*!< MPU 
1277:Inc/CMSIS/Core/Include/core_cm4.h **** 
1278:Inc/CMSIS/Core/Include/core_cm4.h **** #define MPU_RASR_XN_Pos                    28U                                            /*!< MPU 
1279:Inc/CMSIS/Core/Include/core_cm4.h **** #define MPU_RASR_XN_Msk                    (1UL << MPU_RASR_XN_Pos)                       /*!< MPU 
1280:Inc/CMSIS/Core/Include/core_cm4.h **** 
1281:Inc/CMSIS/Core/Include/core_cm4.h **** #define MPU_RASR_AP_Pos                    24U                                            /*!< MPU 
1282:Inc/CMSIS/Core/Include/core_cm4.h **** #define MPU_RASR_AP_Msk                    (0x7UL << MPU_RASR_AP_Pos)                     /*!< MPU 
1283:Inc/CMSIS/Core/Include/core_cm4.h **** 
ARM GAS  /tmp/ccOMA1VY.s 			page 24


1284:Inc/CMSIS/Core/Include/core_cm4.h **** #define MPU_RASR_TEX_Pos                   19U                                            /*!< MPU 
1285:Inc/CMSIS/Core/Include/core_cm4.h **** #define MPU_RASR_TEX_Msk                   (0x7UL << MPU_RASR_TEX_Pos)                    /*!< MPU 
1286:Inc/CMSIS/Core/Include/core_cm4.h **** 
1287:Inc/CMSIS/Core/Include/core_cm4.h **** #define MPU_RASR_S_Pos                     18U                                            /*!< MPU 
1288:Inc/CMSIS/Core/Include/core_cm4.h **** #define MPU_RASR_S_Msk                     (1UL << MPU_RASR_S_Pos)                        /*!< MPU 
1289:Inc/CMSIS/Core/Include/core_cm4.h **** 
1290:Inc/CMSIS/Core/Include/core_cm4.h **** #define MPU_RASR_C_Pos                     17U                                            /*!< MPU 
1291:Inc/CMSIS/Core/Include/core_cm4.h **** #define MPU_RASR_C_Msk                     (1UL << MPU_RASR_C_Pos)                        /*!< MPU 
1292:Inc/CMSIS/Core/Include/core_cm4.h **** 
1293:Inc/CMSIS/Core/Include/core_cm4.h **** #define MPU_RASR_B_Pos                     16U                                            /*!< MPU 
1294:Inc/CMSIS/Core/Include/core_cm4.h **** #define MPU_RASR_B_Msk                     (1UL << MPU_RASR_B_Pos)                        /*!< MPU 
1295:Inc/CMSIS/Core/Include/core_cm4.h **** 
1296:Inc/CMSIS/Core/Include/core_cm4.h **** #define MPU_RASR_SRD_Pos                    8U                                            /*!< MPU 
1297:Inc/CMSIS/Core/Include/core_cm4.h **** #define MPU_RASR_SRD_Msk                   (0xFFUL << MPU_RASR_SRD_Pos)                   /*!< MPU 
1298:Inc/CMSIS/Core/Include/core_cm4.h **** 
1299:Inc/CMSIS/Core/Include/core_cm4.h **** #define MPU_RASR_SIZE_Pos                   1U                                            /*!< MPU 
1300:Inc/CMSIS/Core/Include/core_cm4.h **** #define MPU_RASR_SIZE_Msk                  (0x1FUL << MPU_RASR_SIZE_Pos)                  /*!< MPU 
1301:Inc/CMSIS/Core/Include/core_cm4.h **** 
1302:Inc/CMSIS/Core/Include/core_cm4.h **** #define MPU_RASR_ENABLE_Pos                 0U                                            /*!< MPU 
1303:Inc/CMSIS/Core/Include/core_cm4.h **** #define MPU_RASR_ENABLE_Msk                (1UL /*<< MPU_RASR_ENABLE_Pos*/)               /*!< MPU 
1304:Inc/CMSIS/Core/Include/core_cm4.h **** 
1305:Inc/CMSIS/Core/Include/core_cm4.h **** /*@} end of group CMSIS_MPU */
1306:Inc/CMSIS/Core/Include/core_cm4.h **** #endif /* defined (__MPU_PRESENT) && (__MPU_PRESENT == 1U) */
1307:Inc/CMSIS/Core/Include/core_cm4.h **** 
1308:Inc/CMSIS/Core/Include/core_cm4.h **** 
1309:Inc/CMSIS/Core/Include/core_cm4.h **** /**
1310:Inc/CMSIS/Core/Include/core_cm4.h ****   \ingroup  CMSIS_core_register
1311:Inc/CMSIS/Core/Include/core_cm4.h ****   \defgroup CMSIS_FPU     Floating Point Unit (FPU)
1312:Inc/CMSIS/Core/Include/core_cm4.h ****   \brief    Type definitions for the Floating Point Unit (FPU)
1313:Inc/CMSIS/Core/Include/core_cm4.h ****   @{
1314:Inc/CMSIS/Core/Include/core_cm4.h ****  */
1315:Inc/CMSIS/Core/Include/core_cm4.h **** 
1316:Inc/CMSIS/Core/Include/core_cm4.h **** /**
1317:Inc/CMSIS/Core/Include/core_cm4.h ****   \brief  Structure type to access the Floating Point Unit (FPU).
1318:Inc/CMSIS/Core/Include/core_cm4.h ****  */
1319:Inc/CMSIS/Core/Include/core_cm4.h **** typedef struct
1320:Inc/CMSIS/Core/Include/core_cm4.h **** {
1321:Inc/CMSIS/Core/Include/core_cm4.h ****         uint32_t RESERVED0[1U];
1322:Inc/CMSIS/Core/Include/core_cm4.h ****   __IOM uint32_t FPCCR;                  /*!< Offset: 0x004 (R/W)  Floating-Point Context Control R
1323:Inc/CMSIS/Core/Include/core_cm4.h ****   __IOM uint32_t FPCAR;                  /*!< Offset: 0x008 (R/W)  Floating-Point Context Address R
1324:Inc/CMSIS/Core/Include/core_cm4.h ****   __IOM uint32_t FPDSCR;                 /*!< Offset: 0x00C (R/W)  Floating-Point Default Status Co
1325:Inc/CMSIS/Core/Include/core_cm4.h ****   __IM  uint32_t MVFR0;                  /*!< Offset: 0x010 (R/ )  Media and FP Feature Register 0 
1326:Inc/CMSIS/Core/Include/core_cm4.h ****   __IM  uint32_t MVFR1;                  /*!< Offset: 0x014 (R/ )  Media and FP Feature Register 1 
1327:Inc/CMSIS/Core/Include/core_cm4.h **** } FPU_Type;
1328:Inc/CMSIS/Core/Include/core_cm4.h **** 
1329:Inc/CMSIS/Core/Include/core_cm4.h **** /* Floating-Point Context Control Register Definitions */
1330:Inc/CMSIS/Core/Include/core_cm4.h **** #define FPU_FPCCR_ASPEN_Pos                31U                                            /*!< FPCC
1331:Inc/CMSIS/Core/Include/core_cm4.h **** #define FPU_FPCCR_ASPEN_Msk                (1UL << FPU_FPCCR_ASPEN_Pos)                   /*!< FPCC
1332:Inc/CMSIS/Core/Include/core_cm4.h **** 
1333:Inc/CMSIS/Core/Include/core_cm4.h **** #define FPU_FPCCR_LSPEN_Pos                30U                                            /*!< FPCC
1334:Inc/CMSIS/Core/Include/core_cm4.h **** #define FPU_FPCCR_LSPEN_Msk                (1UL << FPU_FPCCR_LSPEN_Pos)                   /*!< FPCC
1335:Inc/CMSIS/Core/Include/core_cm4.h **** 
1336:Inc/CMSIS/Core/Include/core_cm4.h **** #define FPU_FPCCR_MONRDY_Pos                8U                                            /*!< FPCC
1337:Inc/CMSIS/Core/Include/core_cm4.h **** #define FPU_FPCCR_MONRDY_Msk               (1UL << FPU_FPCCR_MONRDY_Pos)                  /*!< FPCC
1338:Inc/CMSIS/Core/Include/core_cm4.h **** 
1339:Inc/CMSIS/Core/Include/core_cm4.h **** #define FPU_FPCCR_BFRDY_Pos                 6U                                            /*!< FPCC
1340:Inc/CMSIS/Core/Include/core_cm4.h **** #define FPU_FPCCR_BFRDY_Msk                (1UL << FPU_FPCCR_BFRDY_Pos)                   /*!< FPCC
ARM GAS  /tmp/ccOMA1VY.s 			page 25


1341:Inc/CMSIS/Core/Include/core_cm4.h **** 
1342:Inc/CMSIS/Core/Include/core_cm4.h **** #define FPU_FPCCR_MMRDY_Pos                 5U                                            /*!< FPCC
1343:Inc/CMSIS/Core/Include/core_cm4.h **** #define FPU_FPCCR_MMRDY_Msk                (1UL << FPU_FPCCR_MMRDY_Pos)                   /*!< FPCC
1344:Inc/CMSIS/Core/Include/core_cm4.h **** 
1345:Inc/CMSIS/Core/Include/core_cm4.h **** #define FPU_FPCCR_HFRDY_Pos                 4U                                            /*!< FPCC
1346:Inc/CMSIS/Core/Include/core_cm4.h **** #define FPU_FPCCR_HFRDY_Msk                (1UL << FPU_FPCCR_HFRDY_Pos)                   /*!< FPCC
1347:Inc/CMSIS/Core/Include/core_cm4.h **** 
1348:Inc/CMSIS/Core/Include/core_cm4.h **** #define FPU_FPCCR_THREAD_Pos                3U                                            /*!< FPCC
1349:Inc/CMSIS/Core/Include/core_cm4.h **** #define FPU_FPCCR_THREAD_Msk               (1UL << FPU_FPCCR_THREAD_Pos)                  /*!< FPCC
1350:Inc/CMSIS/Core/Include/core_cm4.h **** 
1351:Inc/CMSIS/Core/Include/core_cm4.h **** #define FPU_FPCCR_USER_Pos                  1U                                            /*!< FPCC
1352:Inc/CMSIS/Core/Include/core_cm4.h **** #define FPU_FPCCR_USER_Msk                 (1UL << FPU_FPCCR_USER_Pos)                    /*!< FPCC
1353:Inc/CMSIS/Core/Include/core_cm4.h **** 
1354:Inc/CMSIS/Core/Include/core_cm4.h **** #define FPU_FPCCR_LSPACT_Pos                0U                                            /*!< FPCC
1355:Inc/CMSIS/Core/Include/core_cm4.h **** #define FPU_FPCCR_LSPACT_Msk               (1UL /*<< FPU_FPCCR_LSPACT_Pos*/)              /*!< FPCC
1356:Inc/CMSIS/Core/Include/core_cm4.h **** 
1357:Inc/CMSIS/Core/Include/core_cm4.h **** /* Floating-Point Context Address Register Definitions */
1358:Inc/CMSIS/Core/Include/core_cm4.h **** #define FPU_FPCAR_ADDRESS_Pos               3U                                            /*!< FPCA
1359:Inc/CMSIS/Core/Include/core_cm4.h **** #define FPU_FPCAR_ADDRESS_Msk              (0x1FFFFFFFUL << FPU_FPCAR_ADDRESS_Pos)        /*!< FPCA
1360:Inc/CMSIS/Core/Include/core_cm4.h **** 
1361:Inc/CMSIS/Core/Include/core_cm4.h **** /* Floating-Point Default Status Control Register Definitions */
1362:Inc/CMSIS/Core/Include/core_cm4.h **** #define FPU_FPDSCR_AHP_Pos                 26U                                            /*!< FPDS
1363:Inc/CMSIS/Core/Include/core_cm4.h **** #define FPU_FPDSCR_AHP_Msk                 (1UL << FPU_FPDSCR_AHP_Pos)                    /*!< FPDS
1364:Inc/CMSIS/Core/Include/core_cm4.h **** 
1365:Inc/CMSIS/Core/Include/core_cm4.h **** #define FPU_FPDSCR_DN_Pos                  25U                                            /*!< FPDS
1366:Inc/CMSIS/Core/Include/core_cm4.h **** #define FPU_FPDSCR_DN_Msk                  (1UL << FPU_FPDSCR_DN_Pos)                     /*!< FPDS
1367:Inc/CMSIS/Core/Include/core_cm4.h **** 
1368:Inc/CMSIS/Core/Include/core_cm4.h **** #define FPU_FPDSCR_FZ_Pos                  24U                                            /*!< FPDS
1369:Inc/CMSIS/Core/Include/core_cm4.h **** #define FPU_FPDSCR_FZ_Msk                  (1UL << FPU_FPDSCR_FZ_Pos)                     /*!< FPDS
1370:Inc/CMSIS/Core/Include/core_cm4.h **** 
1371:Inc/CMSIS/Core/Include/core_cm4.h **** #define FPU_FPDSCR_RMode_Pos               22U                                            /*!< FPDS
1372:Inc/CMSIS/Core/Include/core_cm4.h **** #define FPU_FPDSCR_RMode_Msk               (3UL << FPU_FPDSCR_RMode_Pos)                  /*!< FPDS
1373:Inc/CMSIS/Core/Include/core_cm4.h **** 
1374:Inc/CMSIS/Core/Include/core_cm4.h **** /* Media and FP Feature Register 0 Definitions */
1375:Inc/CMSIS/Core/Include/core_cm4.h **** #define FPU_MVFR0_FP_rounding_modes_Pos    28U                                            /*!< MVFR
1376:Inc/CMSIS/Core/Include/core_cm4.h **** #define FPU_MVFR0_FP_rounding_modes_Msk    (0xFUL << FPU_MVFR0_FP_rounding_modes_Pos)     /*!< MVFR
1377:Inc/CMSIS/Core/Include/core_cm4.h **** 
1378:Inc/CMSIS/Core/Include/core_cm4.h **** #define FPU_MVFR0_Short_vectors_Pos        24U                                            /*!< MVFR
1379:Inc/CMSIS/Core/Include/core_cm4.h **** #define FPU_MVFR0_Short_vectors_Msk        (0xFUL << FPU_MVFR0_Short_vectors_Pos)         /*!< MVFR
1380:Inc/CMSIS/Core/Include/core_cm4.h **** 
1381:Inc/CMSIS/Core/Include/core_cm4.h **** #define FPU_MVFR0_Square_root_Pos          20U                                            /*!< MVFR
1382:Inc/CMSIS/Core/Include/core_cm4.h **** #define FPU_MVFR0_Square_root_Msk          (0xFUL << FPU_MVFR0_Square_root_Pos)           /*!< MVFR
1383:Inc/CMSIS/Core/Include/core_cm4.h **** 
1384:Inc/CMSIS/Core/Include/core_cm4.h **** #define FPU_MVFR0_Divide_Pos               16U                                            /*!< MVFR
1385:Inc/CMSIS/Core/Include/core_cm4.h **** #define FPU_MVFR0_Divide_Msk               (0xFUL << FPU_MVFR0_Divide_Pos)                /*!< MVFR
1386:Inc/CMSIS/Core/Include/core_cm4.h **** 
1387:Inc/CMSIS/Core/Include/core_cm4.h **** #define FPU_MVFR0_FP_excep_trapping_Pos    12U                                            /*!< MVFR
1388:Inc/CMSIS/Core/Include/core_cm4.h **** #define FPU_MVFR0_FP_excep_trapping_Msk    (0xFUL << FPU_MVFR0_FP_excep_trapping_Pos)     /*!< MVFR
1389:Inc/CMSIS/Core/Include/core_cm4.h **** 
1390:Inc/CMSIS/Core/Include/core_cm4.h **** #define FPU_MVFR0_Double_precision_Pos      8U                                            /*!< MVFR
1391:Inc/CMSIS/Core/Include/core_cm4.h **** #define FPU_MVFR0_Double_precision_Msk     (0xFUL << FPU_MVFR0_Double_precision_Pos)      /*!< MVFR
1392:Inc/CMSIS/Core/Include/core_cm4.h **** 
1393:Inc/CMSIS/Core/Include/core_cm4.h **** #define FPU_MVFR0_Single_precision_Pos      4U                                            /*!< MVFR
1394:Inc/CMSIS/Core/Include/core_cm4.h **** #define FPU_MVFR0_Single_precision_Msk     (0xFUL << FPU_MVFR0_Single_precision_Pos)      /*!< MVFR
1395:Inc/CMSIS/Core/Include/core_cm4.h **** 
1396:Inc/CMSIS/Core/Include/core_cm4.h **** #define FPU_MVFR0_A_SIMD_registers_Pos      0U                                            /*!< MVFR
1397:Inc/CMSIS/Core/Include/core_cm4.h **** #define FPU_MVFR0_A_SIMD_registers_Msk     (0xFUL /*<< FPU_MVFR0_A_SIMD_registers_Pos*/)  /*!< MVFR
ARM GAS  /tmp/ccOMA1VY.s 			page 26


1398:Inc/CMSIS/Core/Include/core_cm4.h **** 
1399:Inc/CMSIS/Core/Include/core_cm4.h **** /* Media and FP Feature Register 1 Definitions */
1400:Inc/CMSIS/Core/Include/core_cm4.h **** #define FPU_MVFR1_FP_fused_MAC_Pos         28U                                            /*!< MVFR
1401:Inc/CMSIS/Core/Include/core_cm4.h **** #define FPU_MVFR1_FP_fused_MAC_Msk         (0xFUL << FPU_MVFR1_FP_fused_MAC_Pos)          /*!< MVFR
1402:Inc/CMSIS/Core/Include/core_cm4.h **** 
1403:Inc/CMSIS/Core/Include/core_cm4.h **** #define FPU_MVFR1_FP_HPFP_Pos              24U                                            /*!< MVFR
1404:Inc/CMSIS/Core/Include/core_cm4.h **** #define FPU_MVFR1_FP_HPFP_Msk              (0xFUL << FPU_MVFR1_FP_HPFP_Pos)               /*!< MVFR
1405:Inc/CMSIS/Core/Include/core_cm4.h **** 
1406:Inc/CMSIS/Core/Include/core_cm4.h **** #define FPU_MVFR1_D_NaN_mode_Pos            4U                                            /*!< MVFR
1407:Inc/CMSIS/Core/Include/core_cm4.h **** #define FPU_MVFR1_D_NaN_mode_Msk           (0xFUL << FPU_MVFR1_D_NaN_mode_Pos)            /*!< MVFR
1408:Inc/CMSIS/Core/Include/core_cm4.h **** 
1409:Inc/CMSIS/Core/Include/core_cm4.h **** #define FPU_MVFR1_FtZ_mode_Pos              0U                                            /*!< MVFR
1410:Inc/CMSIS/Core/Include/core_cm4.h **** #define FPU_MVFR1_FtZ_mode_Msk             (0xFUL /*<< FPU_MVFR1_FtZ_mode_Pos*/)          /*!< MVFR
1411:Inc/CMSIS/Core/Include/core_cm4.h **** 
1412:Inc/CMSIS/Core/Include/core_cm4.h **** /*@} end of group CMSIS_FPU */
1413:Inc/CMSIS/Core/Include/core_cm4.h **** 
1414:Inc/CMSIS/Core/Include/core_cm4.h **** 
1415:Inc/CMSIS/Core/Include/core_cm4.h **** /**
1416:Inc/CMSIS/Core/Include/core_cm4.h ****   \ingroup  CMSIS_core_register
1417:Inc/CMSIS/Core/Include/core_cm4.h ****   \defgroup CMSIS_CoreDebug       Core Debug Registers (CoreDebug)
1418:Inc/CMSIS/Core/Include/core_cm4.h ****   \brief    Type definitions for the Core Debug Registers
1419:Inc/CMSIS/Core/Include/core_cm4.h ****   @{
1420:Inc/CMSIS/Core/Include/core_cm4.h ****  */
1421:Inc/CMSIS/Core/Include/core_cm4.h **** 
1422:Inc/CMSIS/Core/Include/core_cm4.h **** /**
1423:Inc/CMSIS/Core/Include/core_cm4.h ****   \brief  Structure type to access the Core Debug Register (CoreDebug).
1424:Inc/CMSIS/Core/Include/core_cm4.h ****  */
1425:Inc/CMSIS/Core/Include/core_cm4.h **** typedef struct
1426:Inc/CMSIS/Core/Include/core_cm4.h **** {
1427:Inc/CMSIS/Core/Include/core_cm4.h ****   __IOM uint32_t DHCSR;                  /*!< Offset: 0x000 (R/W)  Debug Halting Control and Status
1428:Inc/CMSIS/Core/Include/core_cm4.h ****   __OM  uint32_t DCRSR;                  /*!< Offset: 0x004 ( /W)  Debug Core Register Selector Reg
1429:Inc/CMSIS/Core/Include/core_cm4.h ****   __IOM uint32_t DCRDR;                  /*!< Offset: 0x008 (R/W)  Debug Core Register Data Registe
1430:Inc/CMSIS/Core/Include/core_cm4.h ****   __IOM uint32_t DEMCR;                  /*!< Offset: 0x00C (R/W)  Debug Exception and Monitor Cont
1431:Inc/CMSIS/Core/Include/core_cm4.h **** } CoreDebug_Type;
1432:Inc/CMSIS/Core/Include/core_cm4.h **** 
1433:Inc/CMSIS/Core/Include/core_cm4.h **** /* Debug Halting Control and Status Register Definitions */
1434:Inc/CMSIS/Core/Include/core_cm4.h **** #define CoreDebug_DHCSR_DBGKEY_Pos         16U                                            /*!< Core
1435:Inc/CMSIS/Core/Include/core_cm4.h **** #define CoreDebug_DHCSR_DBGKEY_Msk         (0xFFFFUL << CoreDebug_DHCSR_DBGKEY_Pos)       /*!< Core
1436:Inc/CMSIS/Core/Include/core_cm4.h **** 
1437:Inc/CMSIS/Core/Include/core_cm4.h **** #define CoreDebug_DHCSR_S_RESET_ST_Pos     25U                                            /*!< Core
1438:Inc/CMSIS/Core/Include/core_cm4.h **** #define CoreDebug_DHCSR_S_RESET_ST_Msk     (1UL << CoreDebug_DHCSR_S_RESET_ST_Pos)        /*!< Core
1439:Inc/CMSIS/Core/Include/core_cm4.h **** 
1440:Inc/CMSIS/Core/Include/core_cm4.h **** #define CoreDebug_DHCSR_S_RETIRE_ST_Pos    24U                                            /*!< Core
1441:Inc/CMSIS/Core/Include/core_cm4.h **** #define CoreDebug_DHCSR_S_RETIRE_ST_Msk    (1UL << CoreDebug_DHCSR_S_RETIRE_ST_Pos)       /*!< Core
1442:Inc/CMSIS/Core/Include/core_cm4.h **** 
1443:Inc/CMSIS/Core/Include/core_cm4.h **** #define CoreDebug_DHCSR_S_LOCKUP_Pos       19U                                            /*!< Core
1444:Inc/CMSIS/Core/Include/core_cm4.h **** #define CoreDebug_DHCSR_S_LOCKUP_Msk       (1UL << CoreDebug_DHCSR_S_LOCKUP_Pos)          /*!< Core
1445:Inc/CMSIS/Core/Include/core_cm4.h **** 
1446:Inc/CMSIS/Core/Include/core_cm4.h **** #define CoreDebug_DHCSR_S_SLEEP_Pos        18U                                            /*!< Core
1447:Inc/CMSIS/Core/Include/core_cm4.h **** #define CoreDebug_DHCSR_S_SLEEP_Msk        (1UL << CoreDebug_DHCSR_S_SLEEP_Pos)           /*!< Core
1448:Inc/CMSIS/Core/Include/core_cm4.h **** 
1449:Inc/CMSIS/Core/Include/core_cm4.h **** #define CoreDebug_DHCSR_S_HALT_Pos         17U                                            /*!< Core
1450:Inc/CMSIS/Core/Include/core_cm4.h **** #define CoreDebug_DHCSR_S_HALT_Msk         (1UL << CoreDebug_DHCSR_S_HALT_Pos)            /*!< Core
1451:Inc/CMSIS/Core/Include/core_cm4.h **** 
1452:Inc/CMSIS/Core/Include/core_cm4.h **** #define CoreDebug_DHCSR_S_REGRDY_Pos       16U                                            /*!< Core
1453:Inc/CMSIS/Core/Include/core_cm4.h **** #define CoreDebug_DHCSR_S_REGRDY_Msk       (1UL << CoreDebug_DHCSR_S_REGRDY_Pos)          /*!< Core
1454:Inc/CMSIS/Core/Include/core_cm4.h **** 
ARM GAS  /tmp/ccOMA1VY.s 			page 27


1455:Inc/CMSIS/Core/Include/core_cm4.h **** #define CoreDebug_DHCSR_C_SNAPSTALL_Pos     5U                                            /*!< Core
1456:Inc/CMSIS/Core/Include/core_cm4.h **** #define CoreDebug_DHCSR_C_SNAPSTALL_Msk    (1UL << CoreDebug_DHCSR_C_SNAPSTALL_Pos)       /*!< Core
1457:Inc/CMSIS/Core/Include/core_cm4.h **** 
1458:Inc/CMSIS/Core/Include/core_cm4.h **** #define CoreDebug_DHCSR_C_MASKINTS_Pos      3U                                            /*!< Core
1459:Inc/CMSIS/Core/Include/core_cm4.h **** #define CoreDebug_DHCSR_C_MASKINTS_Msk     (1UL << CoreDebug_DHCSR_C_MASKINTS_Pos)        /*!< Core
1460:Inc/CMSIS/Core/Include/core_cm4.h **** 
1461:Inc/CMSIS/Core/Include/core_cm4.h **** #define CoreDebug_DHCSR_C_STEP_Pos          2U                                            /*!< Core
1462:Inc/CMSIS/Core/Include/core_cm4.h **** #define CoreDebug_DHCSR_C_STEP_Msk         (1UL << CoreDebug_DHCSR_C_STEP_Pos)            /*!< Core
1463:Inc/CMSIS/Core/Include/core_cm4.h **** 
1464:Inc/CMSIS/Core/Include/core_cm4.h **** #define CoreDebug_DHCSR_C_HALT_Pos          1U                                            /*!< Core
1465:Inc/CMSIS/Core/Include/core_cm4.h **** #define CoreDebug_DHCSR_C_HALT_Msk         (1UL << CoreDebug_DHCSR_C_HALT_Pos)            /*!< Core
1466:Inc/CMSIS/Core/Include/core_cm4.h **** 
1467:Inc/CMSIS/Core/Include/core_cm4.h **** #define CoreDebug_DHCSR_C_DEBUGEN_Pos       0U                                            /*!< Core
1468:Inc/CMSIS/Core/Include/core_cm4.h **** #define CoreDebug_DHCSR_C_DEBUGEN_Msk      (1UL /*<< CoreDebug_DHCSR_C_DEBUGEN_Pos*/)     /*!< Core
1469:Inc/CMSIS/Core/Include/core_cm4.h **** 
1470:Inc/CMSIS/Core/Include/core_cm4.h **** /* Debug Core Register Selector Register Definitions */
1471:Inc/CMSIS/Core/Include/core_cm4.h **** #define CoreDebug_DCRSR_REGWnR_Pos         16U                                            /*!< Core
1472:Inc/CMSIS/Core/Include/core_cm4.h **** #define CoreDebug_DCRSR_REGWnR_Msk         (1UL << CoreDebug_DCRSR_REGWnR_Pos)            /*!< Core
1473:Inc/CMSIS/Core/Include/core_cm4.h **** 
1474:Inc/CMSIS/Core/Include/core_cm4.h **** #define CoreDebug_DCRSR_REGSEL_Pos          0U                                            /*!< Core
1475:Inc/CMSIS/Core/Include/core_cm4.h **** #define CoreDebug_DCRSR_REGSEL_Msk         (0x1FUL /*<< CoreDebug_DCRSR_REGSEL_Pos*/)     /*!< Core
1476:Inc/CMSIS/Core/Include/core_cm4.h **** 
1477:Inc/CMSIS/Core/Include/core_cm4.h **** /* Debug Exception and Monitor Control Register Definitions */
1478:Inc/CMSIS/Core/Include/core_cm4.h **** #define CoreDebug_DEMCR_TRCENA_Pos         24U                                            /*!< Core
1479:Inc/CMSIS/Core/Include/core_cm4.h **** #define CoreDebug_DEMCR_TRCENA_Msk         (1UL << CoreDebug_DEMCR_TRCENA_Pos)            /*!< Core
1480:Inc/CMSIS/Core/Include/core_cm4.h **** 
1481:Inc/CMSIS/Core/Include/core_cm4.h **** #define CoreDebug_DEMCR_MON_REQ_Pos        19U                                            /*!< Core
1482:Inc/CMSIS/Core/Include/core_cm4.h **** #define CoreDebug_DEMCR_MON_REQ_Msk        (1UL << CoreDebug_DEMCR_MON_REQ_Pos)           /*!< Core
1483:Inc/CMSIS/Core/Include/core_cm4.h **** 
1484:Inc/CMSIS/Core/Include/core_cm4.h **** #define CoreDebug_DEMCR_MON_STEP_Pos       18U                                            /*!< Core
1485:Inc/CMSIS/Core/Include/core_cm4.h **** #define CoreDebug_DEMCR_MON_STEP_Msk       (1UL << CoreDebug_DEMCR_MON_STEP_Pos)          /*!< Core
1486:Inc/CMSIS/Core/Include/core_cm4.h **** 
1487:Inc/CMSIS/Core/Include/core_cm4.h **** #define CoreDebug_DEMCR_MON_PEND_Pos       17U                                            /*!< Core
1488:Inc/CMSIS/Core/Include/core_cm4.h **** #define CoreDebug_DEMCR_MON_PEND_Msk       (1UL << CoreDebug_DEMCR_MON_PEND_Pos)          /*!< Core
1489:Inc/CMSIS/Core/Include/core_cm4.h **** 
1490:Inc/CMSIS/Core/Include/core_cm4.h **** #define CoreDebug_DEMCR_MON_EN_Pos         16U                                            /*!< Core
1491:Inc/CMSIS/Core/Include/core_cm4.h **** #define CoreDebug_DEMCR_MON_EN_Msk         (1UL << CoreDebug_DEMCR_MON_EN_Pos)            /*!< Core
1492:Inc/CMSIS/Core/Include/core_cm4.h **** 
1493:Inc/CMSIS/Core/Include/core_cm4.h **** #define CoreDebug_DEMCR_VC_HARDERR_Pos     10U                                            /*!< Core
1494:Inc/CMSIS/Core/Include/core_cm4.h **** #define CoreDebug_DEMCR_VC_HARDERR_Msk     (1UL << CoreDebug_DEMCR_VC_HARDERR_Pos)        /*!< Core
1495:Inc/CMSIS/Core/Include/core_cm4.h **** 
1496:Inc/CMSIS/Core/Include/core_cm4.h **** #define CoreDebug_DEMCR_VC_INTERR_Pos       9U                                            /*!< Core
1497:Inc/CMSIS/Core/Include/core_cm4.h **** #define CoreDebug_DEMCR_VC_INTERR_Msk      (1UL << CoreDebug_DEMCR_VC_INTERR_Pos)         /*!< Core
1498:Inc/CMSIS/Core/Include/core_cm4.h **** 
1499:Inc/CMSIS/Core/Include/core_cm4.h **** #define CoreDebug_DEMCR_VC_BUSERR_Pos       8U                                            /*!< Core
1500:Inc/CMSIS/Core/Include/core_cm4.h **** #define CoreDebug_DEMCR_VC_BUSERR_Msk      (1UL << CoreDebug_DEMCR_VC_BUSERR_Pos)         /*!< Core
1501:Inc/CMSIS/Core/Include/core_cm4.h **** 
1502:Inc/CMSIS/Core/Include/core_cm4.h **** #define CoreDebug_DEMCR_VC_STATERR_Pos      7U                                            /*!< Core
1503:Inc/CMSIS/Core/Include/core_cm4.h **** #define CoreDebug_DEMCR_VC_STATERR_Msk     (1UL << CoreDebug_DEMCR_VC_STATERR_Pos)        /*!< Core
1504:Inc/CMSIS/Core/Include/core_cm4.h **** 
1505:Inc/CMSIS/Core/Include/core_cm4.h **** #define CoreDebug_DEMCR_VC_CHKERR_Pos       6U                                            /*!< Core
1506:Inc/CMSIS/Core/Include/core_cm4.h **** #define CoreDebug_DEMCR_VC_CHKERR_Msk      (1UL << CoreDebug_DEMCR_VC_CHKERR_Pos)         /*!< Core
1507:Inc/CMSIS/Core/Include/core_cm4.h **** 
1508:Inc/CMSIS/Core/Include/core_cm4.h **** #define CoreDebug_DEMCR_VC_NOCPERR_Pos      5U                                            /*!< Core
1509:Inc/CMSIS/Core/Include/core_cm4.h **** #define CoreDebug_DEMCR_VC_NOCPERR_Msk     (1UL << CoreDebug_DEMCR_VC_NOCPERR_Pos)        /*!< Core
1510:Inc/CMSIS/Core/Include/core_cm4.h **** 
1511:Inc/CMSIS/Core/Include/core_cm4.h **** #define CoreDebug_DEMCR_VC_MMERR_Pos        4U                                            /*!< Core
ARM GAS  /tmp/ccOMA1VY.s 			page 28


1512:Inc/CMSIS/Core/Include/core_cm4.h **** #define CoreDebug_DEMCR_VC_MMERR_Msk       (1UL << CoreDebug_DEMCR_VC_MMERR_Pos)          /*!< Core
1513:Inc/CMSIS/Core/Include/core_cm4.h **** 
1514:Inc/CMSIS/Core/Include/core_cm4.h **** #define CoreDebug_DEMCR_VC_CORERESET_Pos    0U                                            /*!< Core
1515:Inc/CMSIS/Core/Include/core_cm4.h **** #define CoreDebug_DEMCR_VC_CORERESET_Msk   (1UL /*<< CoreDebug_DEMCR_VC_CORERESET_Pos*/)  /*!< Core
1516:Inc/CMSIS/Core/Include/core_cm4.h **** 
1517:Inc/CMSIS/Core/Include/core_cm4.h **** /*@} end of group CMSIS_CoreDebug */
1518:Inc/CMSIS/Core/Include/core_cm4.h **** 
1519:Inc/CMSIS/Core/Include/core_cm4.h **** 
1520:Inc/CMSIS/Core/Include/core_cm4.h **** /**
1521:Inc/CMSIS/Core/Include/core_cm4.h ****   \ingroup    CMSIS_core_register
1522:Inc/CMSIS/Core/Include/core_cm4.h ****   \defgroup   CMSIS_core_bitfield     Core register bit field macros
1523:Inc/CMSIS/Core/Include/core_cm4.h ****   \brief      Macros for use with bit field definitions (xxx_Pos, xxx_Msk).
1524:Inc/CMSIS/Core/Include/core_cm4.h ****   @{
1525:Inc/CMSIS/Core/Include/core_cm4.h ****  */
1526:Inc/CMSIS/Core/Include/core_cm4.h **** 
1527:Inc/CMSIS/Core/Include/core_cm4.h **** /**
1528:Inc/CMSIS/Core/Include/core_cm4.h ****   \brief   Mask and shift a bit field value for use in a register bit range.
1529:Inc/CMSIS/Core/Include/core_cm4.h ****   \param[in] field  Name of the register bit field.
1530:Inc/CMSIS/Core/Include/core_cm4.h ****   \param[in] value  Value of the bit field. This parameter is interpreted as an uint32_t type.
1531:Inc/CMSIS/Core/Include/core_cm4.h ****   \return           Masked and shifted value.
1532:Inc/CMSIS/Core/Include/core_cm4.h **** */
1533:Inc/CMSIS/Core/Include/core_cm4.h **** #define _VAL2FLD(field, value)    (((uint32_t)(value) << field ## _Pos) & field ## _Msk)
1534:Inc/CMSIS/Core/Include/core_cm4.h **** 
1535:Inc/CMSIS/Core/Include/core_cm4.h **** /**
1536:Inc/CMSIS/Core/Include/core_cm4.h ****   \brief     Mask and shift a register value to extract a bit filed value.
1537:Inc/CMSIS/Core/Include/core_cm4.h ****   \param[in] field  Name of the register bit field.
1538:Inc/CMSIS/Core/Include/core_cm4.h ****   \param[in] value  Value of register. This parameter is interpreted as an uint32_t type.
1539:Inc/CMSIS/Core/Include/core_cm4.h ****   \return           Masked and shifted bit field value.
1540:Inc/CMSIS/Core/Include/core_cm4.h **** */
1541:Inc/CMSIS/Core/Include/core_cm4.h **** #define _FLD2VAL(field, value)    (((uint32_t)(value) & field ## _Msk) >> field ## _Pos)
1542:Inc/CMSIS/Core/Include/core_cm4.h **** 
1543:Inc/CMSIS/Core/Include/core_cm4.h **** /*@} end of group CMSIS_core_bitfield */
1544:Inc/CMSIS/Core/Include/core_cm4.h **** 
1545:Inc/CMSIS/Core/Include/core_cm4.h **** 
1546:Inc/CMSIS/Core/Include/core_cm4.h **** /**
1547:Inc/CMSIS/Core/Include/core_cm4.h ****   \ingroup    CMSIS_core_register
1548:Inc/CMSIS/Core/Include/core_cm4.h ****   \defgroup   CMSIS_core_base     Core Definitions
1549:Inc/CMSIS/Core/Include/core_cm4.h ****   \brief      Definitions for base addresses, unions, and structures.
1550:Inc/CMSIS/Core/Include/core_cm4.h ****   @{
1551:Inc/CMSIS/Core/Include/core_cm4.h ****  */
1552:Inc/CMSIS/Core/Include/core_cm4.h **** 
1553:Inc/CMSIS/Core/Include/core_cm4.h **** /* Memory mapping of Core Hardware */
1554:Inc/CMSIS/Core/Include/core_cm4.h **** #define SCS_BASE            (0xE000E000UL)                            /*!< System Control Space Bas
1555:Inc/CMSIS/Core/Include/core_cm4.h **** #define ITM_BASE            (0xE0000000UL)                            /*!< ITM Base Address */
1556:Inc/CMSIS/Core/Include/core_cm4.h **** #define DWT_BASE            (0xE0001000UL)                            /*!< DWT Base Address */
1557:Inc/CMSIS/Core/Include/core_cm4.h **** #define TPI_BASE            (0xE0040000UL)                            /*!< TPI Base Address */
1558:Inc/CMSIS/Core/Include/core_cm4.h **** #define CoreDebug_BASE      (0xE000EDF0UL)                            /*!< Core Debug Base Address 
1559:Inc/CMSIS/Core/Include/core_cm4.h **** #define SysTick_BASE        (SCS_BASE +  0x0010UL)                    /*!< SysTick Base Address */
1560:Inc/CMSIS/Core/Include/core_cm4.h **** #define NVIC_BASE           (SCS_BASE +  0x0100UL)                    /*!< NVIC Base Address */
1561:Inc/CMSIS/Core/Include/core_cm4.h **** #define SCB_BASE            (SCS_BASE +  0x0D00UL)                    /*!< System Control Block Bas
1562:Inc/CMSIS/Core/Include/core_cm4.h **** 
1563:Inc/CMSIS/Core/Include/core_cm4.h **** #define SCnSCB              ((SCnSCB_Type    *)     SCS_BASE      )   /*!< System control Register 
1564:Inc/CMSIS/Core/Include/core_cm4.h **** #define SCB                 ((SCB_Type       *)     SCB_BASE      )   /*!< SCB configuration struct
1565:Inc/CMSIS/Core/Include/core_cm4.h **** #define SysTick             ((SysTick_Type   *)     SysTick_BASE  )   /*!< SysTick configuration st
1566:Inc/CMSIS/Core/Include/core_cm4.h **** #define NVIC                ((NVIC_Type      *)     NVIC_BASE     )   /*!< NVIC configuration struc
1567:Inc/CMSIS/Core/Include/core_cm4.h **** #define ITM                 ((ITM_Type       *)     ITM_BASE      )   /*!< ITM configuration struct
1568:Inc/CMSIS/Core/Include/core_cm4.h **** #define DWT                 ((DWT_Type       *)     DWT_BASE      )   /*!< DWT configuration struct
ARM GAS  /tmp/ccOMA1VY.s 			page 29


1569:Inc/CMSIS/Core/Include/core_cm4.h **** #define TPI                 ((TPI_Type       *)     TPI_BASE      )   /*!< TPI configuration struct
1570:Inc/CMSIS/Core/Include/core_cm4.h **** #define CoreDebug           ((CoreDebug_Type *)     CoreDebug_BASE)   /*!< Core Debug configuration
1571:Inc/CMSIS/Core/Include/core_cm4.h **** 
1572:Inc/CMSIS/Core/Include/core_cm4.h **** #if defined (__MPU_PRESENT) && (__MPU_PRESENT == 1U)
1573:Inc/CMSIS/Core/Include/core_cm4.h ****   #define MPU_BASE          (SCS_BASE +  0x0D90UL)                    /*!< Memory Protection Unit *
1574:Inc/CMSIS/Core/Include/core_cm4.h ****   #define MPU               ((MPU_Type       *)     MPU_BASE      )   /*!< Memory Protection Unit *
1575:Inc/CMSIS/Core/Include/core_cm4.h **** #endif
1576:Inc/CMSIS/Core/Include/core_cm4.h **** 
1577:Inc/CMSIS/Core/Include/core_cm4.h **** #define FPU_BASE            (SCS_BASE +  0x0F30UL)                    /*!< Floating Point Unit */
1578:Inc/CMSIS/Core/Include/core_cm4.h **** #define FPU                 ((FPU_Type       *)     FPU_BASE      )   /*!< Floating Point Unit */
1579:Inc/CMSIS/Core/Include/core_cm4.h **** 
1580:Inc/CMSIS/Core/Include/core_cm4.h **** /*@} */
1581:Inc/CMSIS/Core/Include/core_cm4.h **** 
1582:Inc/CMSIS/Core/Include/core_cm4.h **** 
1583:Inc/CMSIS/Core/Include/core_cm4.h **** 
1584:Inc/CMSIS/Core/Include/core_cm4.h **** /*******************************************************************************
1585:Inc/CMSIS/Core/Include/core_cm4.h ****  *                Hardware Abstraction Layer
1586:Inc/CMSIS/Core/Include/core_cm4.h ****   Core Function Interface contains:
1587:Inc/CMSIS/Core/Include/core_cm4.h ****   - Core NVIC Functions
1588:Inc/CMSIS/Core/Include/core_cm4.h ****   - Core SysTick Functions
1589:Inc/CMSIS/Core/Include/core_cm4.h ****   - Core Debug Functions
1590:Inc/CMSIS/Core/Include/core_cm4.h ****   - Core Register Access Functions
1591:Inc/CMSIS/Core/Include/core_cm4.h ****  ******************************************************************************/
1592:Inc/CMSIS/Core/Include/core_cm4.h **** /**
1593:Inc/CMSIS/Core/Include/core_cm4.h ****   \defgroup CMSIS_Core_FunctionInterface Functions and Instructions Reference
1594:Inc/CMSIS/Core/Include/core_cm4.h **** */
1595:Inc/CMSIS/Core/Include/core_cm4.h **** 
1596:Inc/CMSIS/Core/Include/core_cm4.h **** 
1597:Inc/CMSIS/Core/Include/core_cm4.h **** 
1598:Inc/CMSIS/Core/Include/core_cm4.h **** /* ##########################   NVIC functions  #################################### */
1599:Inc/CMSIS/Core/Include/core_cm4.h **** /**
1600:Inc/CMSIS/Core/Include/core_cm4.h ****   \ingroup  CMSIS_Core_FunctionInterface
1601:Inc/CMSIS/Core/Include/core_cm4.h ****   \defgroup CMSIS_Core_NVICFunctions NVIC Functions
1602:Inc/CMSIS/Core/Include/core_cm4.h ****   \brief    Functions that manage interrupts and exceptions via the NVIC.
1603:Inc/CMSIS/Core/Include/core_cm4.h ****   @{
1604:Inc/CMSIS/Core/Include/core_cm4.h ****  */
1605:Inc/CMSIS/Core/Include/core_cm4.h **** 
1606:Inc/CMSIS/Core/Include/core_cm4.h **** #ifdef CMSIS_NVIC_VIRTUAL
1607:Inc/CMSIS/Core/Include/core_cm4.h ****   #ifndef CMSIS_NVIC_VIRTUAL_HEADER_FILE
1608:Inc/CMSIS/Core/Include/core_cm4.h ****     #define CMSIS_NVIC_VIRTUAL_HEADER_FILE "cmsis_nvic_virtual.h"
1609:Inc/CMSIS/Core/Include/core_cm4.h ****   #endif
1610:Inc/CMSIS/Core/Include/core_cm4.h ****   #include CMSIS_NVIC_VIRTUAL_HEADER_FILE
1611:Inc/CMSIS/Core/Include/core_cm4.h **** #else
1612:Inc/CMSIS/Core/Include/core_cm4.h ****   #define NVIC_SetPriorityGrouping    __NVIC_SetPriorityGrouping
1613:Inc/CMSIS/Core/Include/core_cm4.h ****   #define NVIC_GetPriorityGrouping    __NVIC_GetPriorityGrouping
1614:Inc/CMSIS/Core/Include/core_cm4.h ****   #define NVIC_EnableIRQ              __NVIC_EnableIRQ
1615:Inc/CMSIS/Core/Include/core_cm4.h ****   #define NVIC_GetEnableIRQ           __NVIC_GetEnableIRQ
1616:Inc/CMSIS/Core/Include/core_cm4.h ****   #define NVIC_DisableIRQ             __NVIC_DisableIRQ
1617:Inc/CMSIS/Core/Include/core_cm4.h ****   #define NVIC_GetPendingIRQ          __NVIC_GetPendingIRQ
1618:Inc/CMSIS/Core/Include/core_cm4.h ****   #define NVIC_SetPendingIRQ          __NVIC_SetPendingIRQ
1619:Inc/CMSIS/Core/Include/core_cm4.h ****   #define NVIC_ClearPendingIRQ        __NVIC_ClearPendingIRQ
1620:Inc/CMSIS/Core/Include/core_cm4.h ****   #define NVIC_GetActive              __NVIC_GetActive
1621:Inc/CMSIS/Core/Include/core_cm4.h ****   #define NVIC_SetPriority            __NVIC_SetPriority
1622:Inc/CMSIS/Core/Include/core_cm4.h ****   #define NVIC_GetPriority            __NVIC_GetPriority
1623:Inc/CMSIS/Core/Include/core_cm4.h ****   #define NVIC_SystemReset            __NVIC_SystemReset
1624:Inc/CMSIS/Core/Include/core_cm4.h **** #endif /* CMSIS_NVIC_VIRTUAL */
1625:Inc/CMSIS/Core/Include/core_cm4.h **** 
ARM GAS  /tmp/ccOMA1VY.s 			page 30


1626:Inc/CMSIS/Core/Include/core_cm4.h **** #ifdef CMSIS_VECTAB_VIRTUAL
1627:Inc/CMSIS/Core/Include/core_cm4.h ****   #ifndef CMSIS_VECTAB_VIRTUAL_HEADER_FILE
1628:Inc/CMSIS/Core/Include/core_cm4.h ****    #define CMSIS_VECTAB_VIRTUAL_HEADER_FILE "cmsis_vectab_virtual.h"
1629:Inc/CMSIS/Core/Include/core_cm4.h ****   #endif
1630:Inc/CMSIS/Core/Include/core_cm4.h ****   #include CMSIS_VECTAB_VIRTUAL_HEADER_FILE
1631:Inc/CMSIS/Core/Include/core_cm4.h **** #else
1632:Inc/CMSIS/Core/Include/core_cm4.h ****   #define NVIC_SetVector              __NVIC_SetVector
1633:Inc/CMSIS/Core/Include/core_cm4.h ****   #define NVIC_GetVector              __NVIC_GetVector
1634:Inc/CMSIS/Core/Include/core_cm4.h **** #endif  /* (CMSIS_VECTAB_VIRTUAL) */
1635:Inc/CMSIS/Core/Include/core_cm4.h **** 
1636:Inc/CMSIS/Core/Include/core_cm4.h **** #define NVIC_USER_IRQ_OFFSET          16
1637:Inc/CMSIS/Core/Include/core_cm4.h **** 
1638:Inc/CMSIS/Core/Include/core_cm4.h **** 
1639:Inc/CMSIS/Core/Include/core_cm4.h **** /* The following EXC_RETURN values are saved the LR on exception entry */
1640:Inc/CMSIS/Core/Include/core_cm4.h **** #define EXC_RETURN_HANDLER         (0xFFFFFFF1UL)     /* return to Handler mode, uses MSP after ret
1641:Inc/CMSIS/Core/Include/core_cm4.h **** #define EXC_RETURN_THREAD_MSP      (0xFFFFFFF9UL)     /* return to Thread mode, uses MSP after retu
1642:Inc/CMSIS/Core/Include/core_cm4.h **** #define EXC_RETURN_THREAD_PSP      (0xFFFFFFFDUL)     /* return to Thread mode, uses PSP after retu
1643:Inc/CMSIS/Core/Include/core_cm4.h **** #define EXC_RETURN_HANDLER_FPU     (0xFFFFFFE1UL)     /* return to Handler mode, uses MSP after ret
1644:Inc/CMSIS/Core/Include/core_cm4.h **** #define EXC_RETURN_THREAD_MSP_FPU  (0xFFFFFFE9UL)     /* return to Thread mode, uses MSP after retu
1645:Inc/CMSIS/Core/Include/core_cm4.h **** #define EXC_RETURN_THREAD_PSP_FPU  (0xFFFFFFEDUL)     /* return to Thread mode, uses PSP after retu
1646:Inc/CMSIS/Core/Include/core_cm4.h **** 
1647:Inc/CMSIS/Core/Include/core_cm4.h **** 
1648:Inc/CMSIS/Core/Include/core_cm4.h **** /**
1649:Inc/CMSIS/Core/Include/core_cm4.h ****   \brief   Set Priority Grouping
1650:Inc/CMSIS/Core/Include/core_cm4.h ****   \details Sets the priority grouping field using the required unlock sequence.
1651:Inc/CMSIS/Core/Include/core_cm4.h ****            The parameter PriorityGroup is assigned to the field SCB->AIRCR [10:8] PRIGROUP field.
1652:Inc/CMSIS/Core/Include/core_cm4.h ****            Only values from 0..7 are used.
1653:Inc/CMSIS/Core/Include/core_cm4.h ****            In case of a conflict between priority grouping and available
1654:Inc/CMSIS/Core/Include/core_cm4.h ****            priority bits (__NVIC_PRIO_BITS), the smallest possible priority group is set.
1655:Inc/CMSIS/Core/Include/core_cm4.h ****   \param [in]      PriorityGroup  Priority grouping field.
1656:Inc/CMSIS/Core/Include/core_cm4.h ****  */
1657:Inc/CMSIS/Core/Include/core_cm4.h **** __STATIC_INLINE void __NVIC_SetPriorityGrouping(uint32_t PriorityGroup)
1658:Inc/CMSIS/Core/Include/core_cm4.h **** {
1659:Inc/CMSIS/Core/Include/core_cm4.h ****   uint32_t reg_value;
1660:Inc/CMSIS/Core/Include/core_cm4.h ****   uint32_t PriorityGroupTmp = (PriorityGroup & (uint32_t)0x07UL);             /* only values 0..7 a
1661:Inc/CMSIS/Core/Include/core_cm4.h **** 
1662:Inc/CMSIS/Core/Include/core_cm4.h ****   reg_value  =  SCB->AIRCR;                                                   /* read old register 
1663:Inc/CMSIS/Core/Include/core_cm4.h ****   reg_value &= ~((uint32_t)(SCB_AIRCR_VECTKEY_Msk | SCB_AIRCR_PRIGROUP_Msk)); /* clear bits to chan
1664:Inc/CMSIS/Core/Include/core_cm4.h ****   reg_value  =  (reg_value                                   |
1665:Inc/CMSIS/Core/Include/core_cm4.h ****                 ((uint32_t)0x5FAUL << SCB_AIRCR_VECTKEY_Pos) |
1666:Inc/CMSIS/Core/Include/core_cm4.h ****                 (PriorityGroupTmp << SCB_AIRCR_PRIGROUP_Pos)  );              /* Insert write key a
1667:Inc/CMSIS/Core/Include/core_cm4.h ****   SCB->AIRCR =  reg_value;
1668:Inc/CMSIS/Core/Include/core_cm4.h **** }
1669:Inc/CMSIS/Core/Include/core_cm4.h **** 
1670:Inc/CMSIS/Core/Include/core_cm4.h **** 
1671:Inc/CMSIS/Core/Include/core_cm4.h **** /**
1672:Inc/CMSIS/Core/Include/core_cm4.h ****   \brief   Get Priority Grouping
1673:Inc/CMSIS/Core/Include/core_cm4.h ****   \details Reads the priority grouping field from the NVIC Interrupt Controller.
1674:Inc/CMSIS/Core/Include/core_cm4.h ****   \return                Priority grouping field (SCB->AIRCR [10:8] PRIGROUP field).
1675:Inc/CMSIS/Core/Include/core_cm4.h ****  */
1676:Inc/CMSIS/Core/Include/core_cm4.h **** __STATIC_INLINE uint32_t __NVIC_GetPriorityGrouping(void)
1677:Inc/CMSIS/Core/Include/core_cm4.h **** {
1678:Inc/CMSIS/Core/Include/core_cm4.h ****   return ((uint32_t)((SCB->AIRCR & SCB_AIRCR_PRIGROUP_Msk) >> SCB_AIRCR_PRIGROUP_Pos));
1679:Inc/CMSIS/Core/Include/core_cm4.h **** }
1680:Inc/CMSIS/Core/Include/core_cm4.h **** 
1681:Inc/CMSIS/Core/Include/core_cm4.h **** 
1682:Inc/CMSIS/Core/Include/core_cm4.h **** /**
ARM GAS  /tmp/ccOMA1VY.s 			page 31


1683:Inc/CMSIS/Core/Include/core_cm4.h ****   \brief   Enable Interrupt
1684:Inc/CMSIS/Core/Include/core_cm4.h ****   \details Enables a device specific interrupt in the NVIC interrupt controller.
1685:Inc/CMSIS/Core/Include/core_cm4.h ****   \param [in]      IRQn  Device specific interrupt number.
1686:Inc/CMSIS/Core/Include/core_cm4.h ****   \note    IRQn must not be negative.
1687:Inc/CMSIS/Core/Include/core_cm4.h ****  */
1688:Inc/CMSIS/Core/Include/core_cm4.h **** __STATIC_INLINE void __NVIC_EnableIRQ(IRQn_Type IRQn)
1689:Inc/CMSIS/Core/Include/core_cm4.h **** {
1690:Inc/CMSIS/Core/Include/core_cm4.h ****   if ((int32_t)(IRQn) >= 0)
1691:Inc/CMSIS/Core/Include/core_cm4.h ****   {
1692:Inc/CMSIS/Core/Include/core_cm4.h ****     NVIC->ISER[(((uint32_t)IRQn) >> 5UL)] = (uint32_t)(1UL << (((uint32_t)IRQn) & 0x1FUL));
1693:Inc/CMSIS/Core/Include/core_cm4.h ****   }
1694:Inc/CMSIS/Core/Include/core_cm4.h **** }
1695:Inc/CMSIS/Core/Include/core_cm4.h **** 
1696:Inc/CMSIS/Core/Include/core_cm4.h **** 
1697:Inc/CMSIS/Core/Include/core_cm4.h **** /**
1698:Inc/CMSIS/Core/Include/core_cm4.h ****   \brief   Get Interrupt Enable status
1699:Inc/CMSIS/Core/Include/core_cm4.h ****   \details Returns a device specific interrupt enable status from the NVIC interrupt controller.
1700:Inc/CMSIS/Core/Include/core_cm4.h ****   \param [in]      IRQn  Device specific interrupt number.
1701:Inc/CMSIS/Core/Include/core_cm4.h ****   \return             0  Interrupt is not enabled.
1702:Inc/CMSIS/Core/Include/core_cm4.h ****   \return             1  Interrupt is enabled.
1703:Inc/CMSIS/Core/Include/core_cm4.h ****   \note    IRQn must not be negative.
1704:Inc/CMSIS/Core/Include/core_cm4.h ****  */
1705:Inc/CMSIS/Core/Include/core_cm4.h **** __STATIC_INLINE uint32_t __NVIC_GetEnableIRQ(IRQn_Type IRQn)
1706:Inc/CMSIS/Core/Include/core_cm4.h **** {
1707:Inc/CMSIS/Core/Include/core_cm4.h ****   if ((int32_t)(IRQn) >= 0)
1708:Inc/CMSIS/Core/Include/core_cm4.h ****   {
1709:Inc/CMSIS/Core/Include/core_cm4.h ****     return((uint32_t)(((NVIC->ISER[(((uint32_t)IRQn) >> 5UL)] & (1UL << (((uint32_t)IRQn) & 0x1FUL)
1710:Inc/CMSIS/Core/Include/core_cm4.h ****   }
1711:Inc/CMSIS/Core/Include/core_cm4.h ****   else
1712:Inc/CMSIS/Core/Include/core_cm4.h ****   {
1713:Inc/CMSIS/Core/Include/core_cm4.h ****     return(0U);
1714:Inc/CMSIS/Core/Include/core_cm4.h ****   }
1715:Inc/CMSIS/Core/Include/core_cm4.h **** }
1716:Inc/CMSIS/Core/Include/core_cm4.h **** 
1717:Inc/CMSIS/Core/Include/core_cm4.h **** 
1718:Inc/CMSIS/Core/Include/core_cm4.h **** /**
1719:Inc/CMSIS/Core/Include/core_cm4.h ****   \brief   Disable Interrupt
1720:Inc/CMSIS/Core/Include/core_cm4.h ****   \details Disables a device specific interrupt in the NVIC interrupt controller.
1721:Inc/CMSIS/Core/Include/core_cm4.h ****   \param [in]      IRQn  Device specific interrupt number.
1722:Inc/CMSIS/Core/Include/core_cm4.h ****   \note    IRQn must not be negative.
1723:Inc/CMSIS/Core/Include/core_cm4.h ****  */
1724:Inc/CMSIS/Core/Include/core_cm4.h **** __STATIC_INLINE void __NVIC_DisableIRQ(IRQn_Type IRQn)
1725:Inc/CMSIS/Core/Include/core_cm4.h **** {
  30              		.loc 2 1725 1 view -0
  31              		.cfi_startproc
  32              		@ args = 0, pretend = 0, frame = 0
  33              		@ frame_needed = 0, uses_anonymous_args = 0
  34              		@ link register save eliminated.
1726:Inc/CMSIS/Core/Include/core_cm4.h ****   if ((int32_t)(IRQn) >= 0)
  35              		.loc 2 1726 3 view .LVU1
  36              		.loc 2 1726 6 is_stmt 0 view .LVU2
  37 0000 0028     		cmp	r0, #0
  38              		.loc 2 1726 6 view .LVU3
  39 0002 0CDB     		blt	.L1
1727:Inc/CMSIS/Core/Include/core_cm4.h ****   {
1728:Inc/CMSIS/Core/Include/core_cm4.h ****     NVIC->ICER[(((uint32_t)IRQn) >> 5UL)] = (uint32_t)(1UL << (((uint32_t)IRQn) & 0x1FUL));
  40              		.loc 2 1728 5 is_stmt 1 view .LVU4
ARM GAS  /tmp/ccOMA1VY.s 			page 32


  41              		.loc 2 1728 81 is_stmt 0 view .LVU5
  42 0004 00F01F02 		and	r2, r0, #31
  43              		.loc 2 1728 34 view .LVU6
  44 0008 4009     		lsrs	r0, r0, #5
  45              	.LVL1:
  46              		.loc 2 1728 45 view .LVU7
  47 000a 0123     		movs	r3, #1
  48 000c 9340     		lsls	r3, r3, r2
  49              		.loc 2 1728 43 view .LVU8
  50 000e 2030     		adds	r0, r0, #32
  51 0010 034A     		ldr	r2, .L3
  52 0012 42F82030 		str	r3, [r2, r0, lsl #2]
1729:Inc/CMSIS/Core/Include/core_cm4.h ****     __DSB();
  53              		.loc 2 1729 5 is_stmt 1 view .LVU9
  54              	.LBB32:
  55              	.LBI32:
  56              		.file 3 "Inc/CMSIS/Core/Include/cmsis_gcc.h"
   1:Inc/CMSIS/Core/Include/cmsis_gcc.h **** /**************************************************************************//**
   2:Inc/CMSIS/Core/Include/cmsis_gcc.h ****  * @file     cmsis_gcc.h
   3:Inc/CMSIS/Core/Include/cmsis_gcc.h ****  * @brief    CMSIS compiler GCC header file
   4:Inc/CMSIS/Core/Include/cmsis_gcc.h ****  * @version  V5.0.4
   5:Inc/CMSIS/Core/Include/cmsis_gcc.h ****  * @date     09. April 2018
   6:Inc/CMSIS/Core/Include/cmsis_gcc.h ****  ******************************************************************************/
   7:Inc/CMSIS/Core/Include/cmsis_gcc.h **** /*
   8:Inc/CMSIS/Core/Include/cmsis_gcc.h ****  * Copyright (c) 2009-2018 Arm Limited. All rights reserved.
   9:Inc/CMSIS/Core/Include/cmsis_gcc.h ****  *
  10:Inc/CMSIS/Core/Include/cmsis_gcc.h ****  * SPDX-License-Identifier: Apache-2.0
  11:Inc/CMSIS/Core/Include/cmsis_gcc.h ****  *
  12:Inc/CMSIS/Core/Include/cmsis_gcc.h ****  * Licensed under the Apache License, Version 2.0 (the License); you may
  13:Inc/CMSIS/Core/Include/cmsis_gcc.h ****  * not use this file except in compliance with the License.
  14:Inc/CMSIS/Core/Include/cmsis_gcc.h ****  * You may obtain a copy of the License at
  15:Inc/CMSIS/Core/Include/cmsis_gcc.h ****  *
  16:Inc/CMSIS/Core/Include/cmsis_gcc.h ****  * www.apache.org/licenses/LICENSE-2.0
  17:Inc/CMSIS/Core/Include/cmsis_gcc.h ****  *
  18:Inc/CMSIS/Core/Include/cmsis_gcc.h ****  * Unless required by applicable law or agreed to in writing, software
  19:Inc/CMSIS/Core/Include/cmsis_gcc.h ****  * distributed under the License is distributed on an AS IS BASIS, WITHOUT
  20:Inc/CMSIS/Core/Include/cmsis_gcc.h ****  * WARRANTIES OR CONDITIONS OF ANY KIND, either express or implied.
  21:Inc/CMSIS/Core/Include/cmsis_gcc.h ****  * See the License for the specific language governing permissions and
  22:Inc/CMSIS/Core/Include/cmsis_gcc.h ****  * limitations under the License.
  23:Inc/CMSIS/Core/Include/cmsis_gcc.h ****  */
  24:Inc/CMSIS/Core/Include/cmsis_gcc.h **** 
  25:Inc/CMSIS/Core/Include/cmsis_gcc.h **** #ifndef __CMSIS_GCC_H
  26:Inc/CMSIS/Core/Include/cmsis_gcc.h **** #define __CMSIS_GCC_H
  27:Inc/CMSIS/Core/Include/cmsis_gcc.h **** 
  28:Inc/CMSIS/Core/Include/cmsis_gcc.h **** /* ignore some GCC warnings */
  29:Inc/CMSIS/Core/Include/cmsis_gcc.h **** #pragma GCC diagnostic push
  30:Inc/CMSIS/Core/Include/cmsis_gcc.h **** #pragma GCC diagnostic ignored "-Wsign-conversion"
  31:Inc/CMSIS/Core/Include/cmsis_gcc.h **** #pragma GCC diagnostic ignored "-Wconversion"
  32:Inc/CMSIS/Core/Include/cmsis_gcc.h **** #pragma GCC diagnostic ignored "-Wunused-parameter"
  33:Inc/CMSIS/Core/Include/cmsis_gcc.h **** 
  34:Inc/CMSIS/Core/Include/cmsis_gcc.h **** /* Fallback for __has_builtin */
  35:Inc/CMSIS/Core/Include/cmsis_gcc.h **** #ifndef __has_builtin
  36:Inc/CMSIS/Core/Include/cmsis_gcc.h ****   #define __has_builtin(x) (0)
  37:Inc/CMSIS/Core/Include/cmsis_gcc.h **** #endif
  38:Inc/CMSIS/Core/Include/cmsis_gcc.h **** 
  39:Inc/CMSIS/Core/Include/cmsis_gcc.h **** /* CMSIS compiler specific defines */
  40:Inc/CMSIS/Core/Include/cmsis_gcc.h **** #ifndef   __ASM
ARM GAS  /tmp/ccOMA1VY.s 			page 33


  41:Inc/CMSIS/Core/Include/cmsis_gcc.h ****   #define __ASM                                  __asm
  42:Inc/CMSIS/Core/Include/cmsis_gcc.h **** #endif
  43:Inc/CMSIS/Core/Include/cmsis_gcc.h **** #ifndef   __INLINE
  44:Inc/CMSIS/Core/Include/cmsis_gcc.h ****   #define __INLINE                               inline
  45:Inc/CMSIS/Core/Include/cmsis_gcc.h **** #endif
  46:Inc/CMSIS/Core/Include/cmsis_gcc.h **** #ifndef   __STATIC_INLINE
  47:Inc/CMSIS/Core/Include/cmsis_gcc.h ****   #define __STATIC_INLINE                        static inline
  48:Inc/CMSIS/Core/Include/cmsis_gcc.h **** #endif
  49:Inc/CMSIS/Core/Include/cmsis_gcc.h **** #ifndef   __STATIC_FORCEINLINE                 
  50:Inc/CMSIS/Core/Include/cmsis_gcc.h ****   #define __STATIC_FORCEINLINE                   __attribute__((always_inline)) static inline
  51:Inc/CMSIS/Core/Include/cmsis_gcc.h **** #endif                                           
  52:Inc/CMSIS/Core/Include/cmsis_gcc.h **** #ifndef   __NO_RETURN
  53:Inc/CMSIS/Core/Include/cmsis_gcc.h ****   #define __NO_RETURN                            __attribute__((__noreturn__))
  54:Inc/CMSIS/Core/Include/cmsis_gcc.h **** #endif
  55:Inc/CMSIS/Core/Include/cmsis_gcc.h **** #ifndef   __USED
  56:Inc/CMSIS/Core/Include/cmsis_gcc.h ****   #define __USED                                 __attribute__((used))
  57:Inc/CMSIS/Core/Include/cmsis_gcc.h **** #endif
  58:Inc/CMSIS/Core/Include/cmsis_gcc.h **** #ifndef   __WEAK
  59:Inc/CMSIS/Core/Include/cmsis_gcc.h ****   #define __WEAK                                 __attribute__((weak))
  60:Inc/CMSIS/Core/Include/cmsis_gcc.h **** #endif
  61:Inc/CMSIS/Core/Include/cmsis_gcc.h **** #ifndef   __PACKED
  62:Inc/CMSIS/Core/Include/cmsis_gcc.h ****   #define __PACKED                               __attribute__((packed, aligned(1)))
  63:Inc/CMSIS/Core/Include/cmsis_gcc.h **** #endif
  64:Inc/CMSIS/Core/Include/cmsis_gcc.h **** #ifndef   __PACKED_STRUCT
  65:Inc/CMSIS/Core/Include/cmsis_gcc.h ****   #define __PACKED_STRUCT                        struct __attribute__((packed, aligned(1)))
  66:Inc/CMSIS/Core/Include/cmsis_gcc.h **** #endif
  67:Inc/CMSIS/Core/Include/cmsis_gcc.h **** #ifndef   __PACKED_UNION
  68:Inc/CMSIS/Core/Include/cmsis_gcc.h ****   #define __PACKED_UNION                         union __attribute__((packed, aligned(1)))
  69:Inc/CMSIS/Core/Include/cmsis_gcc.h **** #endif
  70:Inc/CMSIS/Core/Include/cmsis_gcc.h **** #ifndef   __UNALIGNED_UINT32        /* deprecated */
  71:Inc/CMSIS/Core/Include/cmsis_gcc.h ****   #pragma GCC diagnostic push
  72:Inc/CMSIS/Core/Include/cmsis_gcc.h ****   #pragma GCC diagnostic ignored "-Wpacked"
  73:Inc/CMSIS/Core/Include/cmsis_gcc.h ****   #pragma GCC diagnostic ignored "-Wattributes"
  74:Inc/CMSIS/Core/Include/cmsis_gcc.h ****   struct __attribute__((packed)) T_UINT32 { uint32_t v; };
  75:Inc/CMSIS/Core/Include/cmsis_gcc.h ****   #pragma GCC diagnostic pop
  76:Inc/CMSIS/Core/Include/cmsis_gcc.h ****   #define __UNALIGNED_UINT32(x)                  (((struct T_UINT32 *)(x))->v)
  77:Inc/CMSIS/Core/Include/cmsis_gcc.h **** #endif
  78:Inc/CMSIS/Core/Include/cmsis_gcc.h **** #ifndef   __UNALIGNED_UINT16_WRITE
  79:Inc/CMSIS/Core/Include/cmsis_gcc.h ****   #pragma GCC diagnostic push
  80:Inc/CMSIS/Core/Include/cmsis_gcc.h ****   #pragma GCC diagnostic ignored "-Wpacked"
  81:Inc/CMSIS/Core/Include/cmsis_gcc.h ****   #pragma GCC diagnostic ignored "-Wattributes"
  82:Inc/CMSIS/Core/Include/cmsis_gcc.h ****   __PACKED_STRUCT T_UINT16_WRITE { uint16_t v; };
  83:Inc/CMSIS/Core/Include/cmsis_gcc.h ****   #pragma GCC diagnostic pop
  84:Inc/CMSIS/Core/Include/cmsis_gcc.h ****   #define __UNALIGNED_UINT16_WRITE(addr, val)    (void)((((struct T_UINT16_WRITE *)(void *)(addr))-
  85:Inc/CMSIS/Core/Include/cmsis_gcc.h **** #endif
  86:Inc/CMSIS/Core/Include/cmsis_gcc.h **** #ifndef   __UNALIGNED_UINT16_READ
  87:Inc/CMSIS/Core/Include/cmsis_gcc.h ****   #pragma GCC diagnostic push
  88:Inc/CMSIS/Core/Include/cmsis_gcc.h ****   #pragma GCC diagnostic ignored "-Wpacked"
  89:Inc/CMSIS/Core/Include/cmsis_gcc.h ****   #pragma GCC diagnostic ignored "-Wattributes"
  90:Inc/CMSIS/Core/Include/cmsis_gcc.h ****   __PACKED_STRUCT T_UINT16_READ { uint16_t v; };
  91:Inc/CMSIS/Core/Include/cmsis_gcc.h ****   #pragma GCC diagnostic pop
  92:Inc/CMSIS/Core/Include/cmsis_gcc.h ****   #define __UNALIGNED_UINT16_READ(addr)          (((const struct T_UINT16_READ *)(const void *)(add
  93:Inc/CMSIS/Core/Include/cmsis_gcc.h **** #endif
  94:Inc/CMSIS/Core/Include/cmsis_gcc.h **** #ifndef   __UNALIGNED_UINT32_WRITE
  95:Inc/CMSIS/Core/Include/cmsis_gcc.h ****   #pragma GCC diagnostic push
  96:Inc/CMSIS/Core/Include/cmsis_gcc.h ****   #pragma GCC diagnostic ignored "-Wpacked"
  97:Inc/CMSIS/Core/Include/cmsis_gcc.h ****   #pragma GCC diagnostic ignored "-Wattributes"
ARM GAS  /tmp/ccOMA1VY.s 			page 34


  98:Inc/CMSIS/Core/Include/cmsis_gcc.h ****   __PACKED_STRUCT T_UINT32_WRITE { uint32_t v; };
  99:Inc/CMSIS/Core/Include/cmsis_gcc.h ****   #pragma GCC diagnostic pop
 100:Inc/CMSIS/Core/Include/cmsis_gcc.h ****   #define __UNALIGNED_UINT32_WRITE(addr, val)    (void)((((struct T_UINT32_WRITE *)(void *)(addr))-
 101:Inc/CMSIS/Core/Include/cmsis_gcc.h **** #endif
 102:Inc/CMSIS/Core/Include/cmsis_gcc.h **** #ifndef   __UNALIGNED_UINT32_READ
 103:Inc/CMSIS/Core/Include/cmsis_gcc.h ****   #pragma GCC diagnostic push
 104:Inc/CMSIS/Core/Include/cmsis_gcc.h ****   #pragma GCC diagnostic ignored "-Wpacked"
 105:Inc/CMSIS/Core/Include/cmsis_gcc.h ****   #pragma GCC diagnostic ignored "-Wattributes"
 106:Inc/CMSIS/Core/Include/cmsis_gcc.h ****   __PACKED_STRUCT T_UINT32_READ { uint32_t v; };
 107:Inc/CMSIS/Core/Include/cmsis_gcc.h ****   #pragma GCC diagnostic pop
 108:Inc/CMSIS/Core/Include/cmsis_gcc.h ****   #define __UNALIGNED_UINT32_READ(addr)          (((const struct T_UINT32_READ *)(const void *)(add
 109:Inc/CMSIS/Core/Include/cmsis_gcc.h **** #endif
 110:Inc/CMSIS/Core/Include/cmsis_gcc.h **** #ifndef   __ALIGNED
 111:Inc/CMSIS/Core/Include/cmsis_gcc.h ****   #define __ALIGNED(x)                           __attribute__((aligned(x)))
 112:Inc/CMSIS/Core/Include/cmsis_gcc.h **** #endif
 113:Inc/CMSIS/Core/Include/cmsis_gcc.h **** #ifndef   __RESTRICT
 114:Inc/CMSIS/Core/Include/cmsis_gcc.h ****   #define __RESTRICT                             __restrict
 115:Inc/CMSIS/Core/Include/cmsis_gcc.h **** #endif
 116:Inc/CMSIS/Core/Include/cmsis_gcc.h **** 
 117:Inc/CMSIS/Core/Include/cmsis_gcc.h **** 
 118:Inc/CMSIS/Core/Include/cmsis_gcc.h **** /* ###########################  Core Function Access  ########################### */
 119:Inc/CMSIS/Core/Include/cmsis_gcc.h **** /** \ingroup  CMSIS_Core_FunctionInterface
 120:Inc/CMSIS/Core/Include/cmsis_gcc.h ****     \defgroup CMSIS_Core_RegAccFunctions CMSIS Core Register Access Functions
 121:Inc/CMSIS/Core/Include/cmsis_gcc.h ****   @{
 122:Inc/CMSIS/Core/Include/cmsis_gcc.h ****  */
 123:Inc/CMSIS/Core/Include/cmsis_gcc.h **** 
 124:Inc/CMSIS/Core/Include/cmsis_gcc.h **** /**
 125:Inc/CMSIS/Core/Include/cmsis_gcc.h ****   \brief   Enable IRQ Interrupts
 126:Inc/CMSIS/Core/Include/cmsis_gcc.h ****   \details Enables IRQ interrupts by clearing the I-bit in the CPSR.
 127:Inc/CMSIS/Core/Include/cmsis_gcc.h ****            Can only be executed in Privileged modes.
 128:Inc/CMSIS/Core/Include/cmsis_gcc.h ****  */
 129:Inc/CMSIS/Core/Include/cmsis_gcc.h **** __STATIC_FORCEINLINE void __enable_irq(void)
 130:Inc/CMSIS/Core/Include/cmsis_gcc.h **** {
 131:Inc/CMSIS/Core/Include/cmsis_gcc.h ****   __ASM volatile ("cpsie i" : : : "memory");
 132:Inc/CMSIS/Core/Include/cmsis_gcc.h **** }
 133:Inc/CMSIS/Core/Include/cmsis_gcc.h **** 
 134:Inc/CMSIS/Core/Include/cmsis_gcc.h **** 
 135:Inc/CMSIS/Core/Include/cmsis_gcc.h **** /**
 136:Inc/CMSIS/Core/Include/cmsis_gcc.h ****   \brief   Disable IRQ Interrupts
 137:Inc/CMSIS/Core/Include/cmsis_gcc.h ****   \details Disables IRQ interrupts by setting the I-bit in the CPSR.
 138:Inc/CMSIS/Core/Include/cmsis_gcc.h ****            Can only be executed in Privileged modes.
 139:Inc/CMSIS/Core/Include/cmsis_gcc.h ****  */
 140:Inc/CMSIS/Core/Include/cmsis_gcc.h **** __STATIC_FORCEINLINE void __disable_irq(void)
 141:Inc/CMSIS/Core/Include/cmsis_gcc.h **** {
 142:Inc/CMSIS/Core/Include/cmsis_gcc.h ****   __ASM volatile ("cpsid i" : : : "memory");
 143:Inc/CMSIS/Core/Include/cmsis_gcc.h **** }
 144:Inc/CMSIS/Core/Include/cmsis_gcc.h **** 
 145:Inc/CMSIS/Core/Include/cmsis_gcc.h **** 
 146:Inc/CMSIS/Core/Include/cmsis_gcc.h **** /**
 147:Inc/CMSIS/Core/Include/cmsis_gcc.h ****   \brief   Get Control Register
 148:Inc/CMSIS/Core/Include/cmsis_gcc.h ****   \details Returns the content of the Control Register.
 149:Inc/CMSIS/Core/Include/cmsis_gcc.h ****   \return               Control Register value
 150:Inc/CMSIS/Core/Include/cmsis_gcc.h ****  */
 151:Inc/CMSIS/Core/Include/cmsis_gcc.h **** __STATIC_FORCEINLINE uint32_t __get_CONTROL(void)
 152:Inc/CMSIS/Core/Include/cmsis_gcc.h **** {
 153:Inc/CMSIS/Core/Include/cmsis_gcc.h ****   uint32_t result;
 154:Inc/CMSIS/Core/Include/cmsis_gcc.h **** 
ARM GAS  /tmp/ccOMA1VY.s 			page 35


 155:Inc/CMSIS/Core/Include/cmsis_gcc.h ****   __ASM volatile ("MRS %0, control" : "=r" (result) );
 156:Inc/CMSIS/Core/Include/cmsis_gcc.h ****   return(result);
 157:Inc/CMSIS/Core/Include/cmsis_gcc.h **** }
 158:Inc/CMSIS/Core/Include/cmsis_gcc.h **** 
 159:Inc/CMSIS/Core/Include/cmsis_gcc.h **** 
 160:Inc/CMSIS/Core/Include/cmsis_gcc.h **** #if (defined (__ARM_FEATURE_CMSE ) && (__ARM_FEATURE_CMSE == 3))
 161:Inc/CMSIS/Core/Include/cmsis_gcc.h **** /**
 162:Inc/CMSIS/Core/Include/cmsis_gcc.h ****   \brief   Get Control Register (non-secure)
 163:Inc/CMSIS/Core/Include/cmsis_gcc.h ****   \details Returns the content of the non-secure Control Register when in secure mode.
 164:Inc/CMSIS/Core/Include/cmsis_gcc.h ****   \return               non-secure Control Register value
 165:Inc/CMSIS/Core/Include/cmsis_gcc.h ****  */
 166:Inc/CMSIS/Core/Include/cmsis_gcc.h **** __STATIC_FORCEINLINE uint32_t __TZ_get_CONTROL_NS(void)
 167:Inc/CMSIS/Core/Include/cmsis_gcc.h **** {
 168:Inc/CMSIS/Core/Include/cmsis_gcc.h ****   uint32_t result;
 169:Inc/CMSIS/Core/Include/cmsis_gcc.h **** 
 170:Inc/CMSIS/Core/Include/cmsis_gcc.h ****   __ASM volatile ("MRS %0, control_ns" : "=r" (result) );
 171:Inc/CMSIS/Core/Include/cmsis_gcc.h ****   return(result);
 172:Inc/CMSIS/Core/Include/cmsis_gcc.h **** }
 173:Inc/CMSIS/Core/Include/cmsis_gcc.h **** #endif
 174:Inc/CMSIS/Core/Include/cmsis_gcc.h **** 
 175:Inc/CMSIS/Core/Include/cmsis_gcc.h **** 
 176:Inc/CMSIS/Core/Include/cmsis_gcc.h **** /**
 177:Inc/CMSIS/Core/Include/cmsis_gcc.h ****   \brief   Set Control Register
 178:Inc/CMSIS/Core/Include/cmsis_gcc.h ****   \details Writes the given value to the Control Register.
 179:Inc/CMSIS/Core/Include/cmsis_gcc.h ****   \param [in]    control  Control Register value to set
 180:Inc/CMSIS/Core/Include/cmsis_gcc.h ****  */
 181:Inc/CMSIS/Core/Include/cmsis_gcc.h **** __STATIC_FORCEINLINE void __set_CONTROL(uint32_t control)
 182:Inc/CMSIS/Core/Include/cmsis_gcc.h **** {
 183:Inc/CMSIS/Core/Include/cmsis_gcc.h ****   __ASM volatile ("MSR control, %0" : : "r" (control) : "memory");
 184:Inc/CMSIS/Core/Include/cmsis_gcc.h **** }
 185:Inc/CMSIS/Core/Include/cmsis_gcc.h **** 
 186:Inc/CMSIS/Core/Include/cmsis_gcc.h **** 
 187:Inc/CMSIS/Core/Include/cmsis_gcc.h **** #if (defined (__ARM_FEATURE_CMSE ) && (__ARM_FEATURE_CMSE == 3))
 188:Inc/CMSIS/Core/Include/cmsis_gcc.h **** /**
 189:Inc/CMSIS/Core/Include/cmsis_gcc.h ****   \brief   Set Control Register (non-secure)
 190:Inc/CMSIS/Core/Include/cmsis_gcc.h ****   \details Writes the given value to the non-secure Control Register when in secure state.
 191:Inc/CMSIS/Core/Include/cmsis_gcc.h ****   \param [in]    control  Control Register value to set
 192:Inc/CMSIS/Core/Include/cmsis_gcc.h ****  */
 193:Inc/CMSIS/Core/Include/cmsis_gcc.h **** __STATIC_FORCEINLINE void __TZ_set_CONTROL_NS(uint32_t control)
 194:Inc/CMSIS/Core/Include/cmsis_gcc.h **** {
 195:Inc/CMSIS/Core/Include/cmsis_gcc.h ****   __ASM volatile ("MSR control_ns, %0" : : "r" (control) : "memory");
 196:Inc/CMSIS/Core/Include/cmsis_gcc.h **** }
 197:Inc/CMSIS/Core/Include/cmsis_gcc.h **** #endif
 198:Inc/CMSIS/Core/Include/cmsis_gcc.h **** 
 199:Inc/CMSIS/Core/Include/cmsis_gcc.h **** 
 200:Inc/CMSIS/Core/Include/cmsis_gcc.h **** /**
 201:Inc/CMSIS/Core/Include/cmsis_gcc.h ****   \brief   Get IPSR Register
 202:Inc/CMSIS/Core/Include/cmsis_gcc.h ****   \details Returns the content of the IPSR Register.
 203:Inc/CMSIS/Core/Include/cmsis_gcc.h ****   \return               IPSR Register value
 204:Inc/CMSIS/Core/Include/cmsis_gcc.h ****  */
 205:Inc/CMSIS/Core/Include/cmsis_gcc.h **** __STATIC_FORCEINLINE uint32_t __get_IPSR(void)
 206:Inc/CMSIS/Core/Include/cmsis_gcc.h **** {
 207:Inc/CMSIS/Core/Include/cmsis_gcc.h ****   uint32_t result;
 208:Inc/CMSIS/Core/Include/cmsis_gcc.h **** 
 209:Inc/CMSIS/Core/Include/cmsis_gcc.h ****   __ASM volatile ("MRS %0, ipsr" : "=r" (result) );
 210:Inc/CMSIS/Core/Include/cmsis_gcc.h ****   return(result);
 211:Inc/CMSIS/Core/Include/cmsis_gcc.h **** }
ARM GAS  /tmp/ccOMA1VY.s 			page 36


 212:Inc/CMSIS/Core/Include/cmsis_gcc.h **** 
 213:Inc/CMSIS/Core/Include/cmsis_gcc.h **** 
 214:Inc/CMSIS/Core/Include/cmsis_gcc.h **** /**
 215:Inc/CMSIS/Core/Include/cmsis_gcc.h ****   \brief   Get APSR Register
 216:Inc/CMSIS/Core/Include/cmsis_gcc.h ****   \details Returns the content of the APSR Register.
 217:Inc/CMSIS/Core/Include/cmsis_gcc.h ****   \return               APSR Register value
 218:Inc/CMSIS/Core/Include/cmsis_gcc.h ****  */
 219:Inc/CMSIS/Core/Include/cmsis_gcc.h **** __STATIC_FORCEINLINE uint32_t __get_APSR(void)
 220:Inc/CMSIS/Core/Include/cmsis_gcc.h **** {
 221:Inc/CMSIS/Core/Include/cmsis_gcc.h ****   uint32_t result;
 222:Inc/CMSIS/Core/Include/cmsis_gcc.h **** 
 223:Inc/CMSIS/Core/Include/cmsis_gcc.h ****   __ASM volatile ("MRS %0, apsr" : "=r" (result) );
 224:Inc/CMSIS/Core/Include/cmsis_gcc.h ****   return(result);
 225:Inc/CMSIS/Core/Include/cmsis_gcc.h **** }
 226:Inc/CMSIS/Core/Include/cmsis_gcc.h **** 
 227:Inc/CMSIS/Core/Include/cmsis_gcc.h **** 
 228:Inc/CMSIS/Core/Include/cmsis_gcc.h **** /**
 229:Inc/CMSIS/Core/Include/cmsis_gcc.h ****   \brief   Get xPSR Register
 230:Inc/CMSIS/Core/Include/cmsis_gcc.h ****   \details Returns the content of the xPSR Register.
 231:Inc/CMSIS/Core/Include/cmsis_gcc.h ****   \return               xPSR Register value
 232:Inc/CMSIS/Core/Include/cmsis_gcc.h ****  */
 233:Inc/CMSIS/Core/Include/cmsis_gcc.h **** __STATIC_FORCEINLINE uint32_t __get_xPSR(void)
 234:Inc/CMSIS/Core/Include/cmsis_gcc.h **** {
 235:Inc/CMSIS/Core/Include/cmsis_gcc.h ****   uint32_t result;
 236:Inc/CMSIS/Core/Include/cmsis_gcc.h **** 
 237:Inc/CMSIS/Core/Include/cmsis_gcc.h ****   __ASM volatile ("MRS %0, xpsr" : "=r" (result) );
 238:Inc/CMSIS/Core/Include/cmsis_gcc.h ****   return(result);
 239:Inc/CMSIS/Core/Include/cmsis_gcc.h **** }
 240:Inc/CMSIS/Core/Include/cmsis_gcc.h **** 
 241:Inc/CMSIS/Core/Include/cmsis_gcc.h **** 
 242:Inc/CMSIS/Core/Include/cmsis_gcc.h **** /**
 243:Inc/CMSIS/Core/Include/cmsis_gcc.h ****   \brief   Get Process Stack Pointer
 244:Inc/CMSIS/Core/Include/cmsis_gcc.h ****   \details Returns the current value of the Process Stack Pointer (PSP).
 245:Inc/CMSIS/Core/Include/cmsis_gcc.h ****   \return               PSP Register value
 246:Inc/CMSIS/Core/Include/cmsis_gcc.h ****  */
 247:Inc/CMSIS/Core/Include/cmsis_gcc.h **** __STATIC_FORCEINLINE uint32_t __get_PSP(void)
 248:Inc/CMSIS/Core/Include/cmsis_gcc.h **** {
 249:Inc/CMSIS/Core/Include/cmsis_gcc.h ****   uint32_t result;
 250:Inc/CMSIS/Core/Include/cmsis_gcc.h **** 
 251:Inc/CMSIS/Core/Include/cmsis_gcc.h ****   __ASM volatile ("MRS %0, psp"  : "=r" (result) );
 252:Inc/CMSIS/Core/Include/cmsis_gcc.h ****   return(result);
 253:Inc/CMSIS/Core/Include/cmsis_gcc.h **** }
 254:Inc/CMSIS/Core/Include/cmsis_gcc.h **** 
 255:Inc/CMSIS/Core/Include/cmsis_gcc.h **** 
 256:Inc/CMSIS/Core/Include/cmsis_gcc.h **** #if (defined (__ARM_FEATURE_CMSE ) && (__ARM_FEATURE_CMSE == 3))
 257:Inc/CMSIS/Core/Include/cmsis_gcc.h **** /**
 258:Inc/CMSIS/Core/Include/cmsis_gcc.h ****   \brief   Get Process Stack Pointer (non-secure)
 259:Inc/CMSIS/Core/Include/cmsis_gcc.h ****   \details Returns the current value of the non-secure Process Stack Pointer (PSP) when in secure s
 260:Inc/CMSIS/Core/Include/cmsis_gcc.h ****   \return               PSP Register value
 261:Inc/CMSIS/Core/Include/cmsis_gcc.h ****  */
 262:Inc/CMSIS/Core/Include/cmsis_gcc.h **** __STATIC_FORCEINLINE uint32_t __TZ_get_PSP_NS(void)
 263:Inc/CMSIS/Core/Include/cmsis_gcc.h **** {
 264:Inc/CMSIS/Core/Include/cmsis_gcc.h ****   uint32_t result;
 265:Inc/CMSIS/Core/Include/cmsis_gcc.h **** 
 266:Inc/CMSIS/Core/Include/cmsis_gcc.h ****   __ASM volatile ("MRS %0, psp_ns"  : "=r" (result) );
 267:Inc/CMSIS/Core/Include/cmsis_gcc.h ****   return(result);
 268:Inc/CMSIS/Core/Include/cmsis_gcc.h **** }
ARM GAS  /tmp/ccOMA1VY.s 			page 37


 269:Inc/CMSIS/Core/Include/cmsis_gcc.h **** #endif
 270:Inc/CMSIS/Core/Include/cmsis_gcc.h **** 
 271:Inc/CMSIS/Core/Include/cmsis_gcc.h **** 
 272:Inc/CMSIS/Core/Include/cmsis_gcc.h **** /**
 273:Inc/CMSIS/Core/Include/cmsis_gcc.h ****   \brief   Set Process Stack Pointer
 274:Inc/CMSIS/Core/Include/cmsis_gcc.h ****   \details Assigns the given value to the Process Stack Pointer (PSP).
 275:Inc/CMSIS/Core/Include/cmsis_gcc.h ****   \param [in]    topOfProcStack  Process Stack Pointer value to set
 276:Inc/CMSIS/Core/Include/cmsis_gcc.h ****  */
 277:Inc/CMSIS/Core/Include/cmsis_gcc.h **** __STATIC_FORCEINLINE void __set_PSP(uint32_t topOfProcStack)
 278:Inc/CMSIS/Core/Include/cmsis_gcc.h **** {
 279:Inc/CMSIS/Core/Include/cmsis_gcc.h ****   __ASM volatile ("MSR psp, %0" : : "r" (topOfProcStack) : );
 280:Inc/CMSIS/Core/Include/cmsis_gcc.h **** }
 281:Inc/CMSIS/Core/Include/cmsis_gcc.h **** 
 282:Inc/CMSIS/Core/Include/cmsis_gcc.h **** 
 283:Inc/CMSIS/Core/Include/cmsis_gcc.h **** #if (defined (__ARM_FEATURE_CMSE ) && (__ARM_FEATURE_CMSE == 3))
 284:Inc/CMSIS/Core/Include/cmsis_gcc.h **** /**
 285:Inc/CMSIS/Core/Include/cmsis_gcc.h ****   \brief   Set Process Stack Pointer (non-secure)
 286:Inc/CMSIS/Core/Include/cmsis_gcc.h ****   \details Assigns the given value to the non-secure Process Stack Pointer (PSP) when in secure sta
 287:Inc/CMSIS/Core/Include/cmsis_gcc.h ****   \param [in]    topOfProcStack  Process Stack Pointer value to set
 288:Inc/CMSIS/Core/Include/cmsis_gcc.h ****  */
 289:Inc/CMSIS/Core/Include/cmsis_gcc.h **** __STATIC_FORCEINLINE void __TZ_set_PSP_NS(uint32_t topOfProcStack)
 290:Inc/CMSIS/Core/Include/cmsis_gcc.h **** {
 291:Inc/CMSIS/Core/Include/cmsis_gcc.h ****   __ASM volatile ("MSR psp_ns, %0" : : "r" (topOfProcStack) : );
 292:Inc/CMSIS/Core/Include/cmsis_gcc.h **** }
 293:Inc/CMSIS/Core/Include/cmsis_gcc.h **** #endif
 294:Inc/CMSIS/Core/Include/cmsis_gcc.h **** 
 295:Inc/CMSIS/Core/Include/cmsis_gcc.h **** 
 296:Inc/CMSIS/Core/Include/cmsis_gcc.h **** /**
 297:Inc/CMSIS/Core/Include/cmsis_gcc.h ****   \brief   Get Main Stack Pointer
 298:Inc/CMSIS/Core/Include/cmsis_gcc.h ****   \details Returns the current value of the Main Stack Pointer (MSP).
 299:Inc/CMSIS/Core/Include/cmsis_gcc.h ****   \return               MSP Register value
 300:Inc/CMSIS/Core/Include/cmsis_gcc.h ****  */
 301:Inc/CMSIS/Core/Include/cmsis_gcc.h **** __STATIC_FORCEINLINE uint32_t __get_MSP(void)
 302:Inc/CMSIS/Core/Include/cmsis_gcc.h **** {
 303:Inc/CMSIS/Core/Include/cmsis_gcc.h ****   uint32_t result;
 304:Inc/CMSIS/Core/Include/cmsis_gcc.h **** 
 305:Inc/CMSIS/Core/Include/cmsis_gcc.h ****   __ASM volatile ("MRS %0, msp" : "=r" (result) );
 306:Inc/CMSIS/Core/Include/cmsis_gcc.h ****   return(result);
 307:Inc/CMSIS/Core/Include/cmsis_gcc.h **** }
 308:Inc/CMSIS/Core/Include/cmsis_gcc.h **** 
 309:Inc/CMSIS/Core/Include/cmsis_gcc.h **** 
 310:Inc/CMSIS/Core/Include/cmsis_gcc.h **** #if (defined (__ARM_FEATURE_CMSE ) && (__ARM_FEATURE_CMSE == 3))
 311:Inc/CMSIS/Core/Include/cmsis_gcc.h **** /**
 312:Inc/CMSIS/Core/Include/cmsis_gcc.h ****   \brief   Get Main Stack Pointer (non-secure)
 313:Inc/CMSIS/Core/Include/cmsis_gcc.h ****   \details Returns the current value of the non-secure Main Stack Pointer (MSP) when in secure stat
 314:Inc/CMSIS/Core/Include/cmsis_gcc.h ****   \return               MSP Register value
 315:Inc/CMSIS/Core/Include/cmsis_gcc.h ****  */
 316:Inc/CMSIS/Core/Include/cmsis_gcc.h **** __STATIC_FORCEINLINE uint32_t __TZ_get_MSP_NS(void)
 317:Inc/CMSIS/Core/Include/cmsis_gcc.h **** {
 318:Inc/CMSIS/Core/Include/cmsis_gcc.h ****   uint32_t result;
 319:Inc/CMSIS/Core/Include/cmsis_gcc.h **** 
 320:Inc/CMSIS/Core/Include/cmsis_gcc.h ****   __ASM volatile ("MRS %0, msp_ns" : "=r" (result) );
 321:Inc/CMSIS/Core/Include/cmsis_gcc.h ****   return(result);
 322:Inc/CMSIS/Core/Include/cmsis_gcc.h **** }
 323:Inc/CMSIS/Core/Include/cmsis_gcc.h **** #endif
 324:Inc/CMSIS/Core/Include/cmsis_gcc.h **** 
 325:Inc/CMSIS/Core/Include/cmsis_gcc.h **** 
ARM GAS  /tmp/ccOMA1VY.s 			page 38


 326:Inc/CMSIS/Core/Include/cmsis_gcc.h **** /**
 327:Inc/CMSIS/Core/Include/cmsis_gcc.h ****   \brief   Set Main Stack Pointer
 328:Inc/CMSIS/Core/Include/cmsis_gcc.h ****   \details Assigns the given value to the Main Stack Pointer (MSP).
 329:Inc/CMSIS/Core/Include/cmsis_gcc.h ****   \param [in]    topOfMainStack  Main Stack Pointer value to set
 330:Inc/CMSIS/Core/Include/cmsis_gcc.h ****  */
 331:Inc/CMSIS/Core/Include/cmsis_gcc.h **** __STATIC_FORCEINLINE void __set_MSP(uint32_t topOfMainStack)
 332:Inc/CMSIS/Core/Include/cmsis_gcc.h **** {
 333:Inc/CMSIS/Core/Include/cmsis_gcc.h ****   __ASM volatile ("MSR msp, %0" : : "r" (topOfMainStack) : );
 334:Inc/CMSIS/Core/Include/cmsis_gcc.h **** }
 335:Inc/CMSIS/Core/Include/cmsis_gcc.h **** 
 336:Inc/CMSIS/Core/Include/cmsis_gcc.h **** 
 337:Inc/CMSIS/Core/Include/cmsis_gcc.h **** #if (defined (__ARM_FEATURE_CMSE ) && (__ARM_FEATURE_CMSE == 3))
 338:Inc/CMSIS/Core/Include/cmsis_gcc.h **** /**
 339:Inc/CMSIS/Core/Include/cmsis_gcc.h ****   \brief   Set Main Stack Pointer (non-secure)
 340:Inc/CMSIS/Core/Include/cmsis_gcc.h ****   \details Assigns the given value to the non-secure Main Stack Pointer (MSP) when in secure state.
 341:Inc/CMSIS/Core/Include/cmsis_gcc.h ****   \param [in]    topOfMainStack  Main Stack Pointer value to set
 342:Inc/CMSIS/Core/Include/cmsis_gcc.h ****  */
 343:Inc/CMSIS/Core/Include/cmsis_gcc.h **** __STATIC_FORCEINLINE void __TZ_set_MSP_NS(uint32_t topOfMainStack)
 344:Inc/CMSIS/Core/Include/cmsis_gcc.h **** {
 345:Inc/CMSIS/Core/Include/cmsis_gcc.h ****   __ASM volatile ("MSR msp_ns, %0" : : "r" (topOfMainStack) : );
 346:Inc/CMSIS/Core/Include/cmsis_gcc.h **** }
 347:Inc/CMSIS/Core/Include/cmsis_gcc.h **** #endif
 348:Inc/CMSIS/Core/Include/cmsis_gcc.h **** 
 349:Inc/CMSIS/Core/Include/cmsis_gcc.h **** 
 350:Inc/CMSIS/Core/Include/cmsis_gcc.h **** #if (defined (__ARM_FEATURE_CMSE ) && (__ARM_FEATURE_CMSE == 3))
 351:Inc/CMSIS/Core/Include/cmsis_gcc.h **** /**
 352:Inc/CMSIS/Core/Include/cmsis_gcc.h ****   \brief   Get Stack Pointer (non-secure)
 353:Inc/CMSIS/Core/Include/cmsis_gcc.h ****   \details Returns the current value of the non-secure Stack Pointer (SP) when in secure state.
 354:Inc/CMSIS/Core/Include/cmsis_gcc.h ****   \return               SP Register value
 355:Inc/CMSIS/Core/Include/cmsis_gcc.h ****  */
 356:Inc/CMSIS/Core/Include/cmsis_gcc.h **** __STATIC_FORCEINLINE uint32_t __TZ_get_SP_NS(void)
 357:Inc/CMSIS/Core/Include/cmsis_gcc.h **** {
 358:Inc/CMSIS/Core/Include/cmsis_gcc.h ****   uint32_t result;
 359:Inc/CMSIS/Core/Include/cmsis_gcc.h **** 
 360:Inc/CMSIS/Core/Include/cmsis_gcc.h ****   __ASM volatile ("MRS %0, sp_ns" : "=r" (result) );
 361:Inc/CMSIS/Core/Include/cmsis_gcc.h ****   return(result);
 362:Inc/CMSIS/Core/Include/cmsis_gcc.h **** }
 363:Inc/CMSIS/Core/Include/cmsis_gcc.h **** 
 364:Inc/CMSIS/Core/Include/cmsis_gcc.h **** 
 365:Inc/CMSIS/Core/Include/cmsis_gcc.h **** /**
 366:Inc/CMSIS/Core/Include/cmsis_gcc.h ****   \brief   Set Stack Pointer (non-secure)
 367:Inc/CMSIS/Core/Include/cmsis_gcc.h ****   \details Assigns the given value to the non-secure Stack Pointer (SP) when in secure state.
 368:Inc/CMSIS/Core/Include/cmsis_gcc.h ****   \param [in]    topOfStack  Stack Pointer value to set
 369:Inc/CMSIS/Core/Include/cmsis_gcc.h ****  */
 370:Inc/CMSIS/Core/Include/cmsis_gcc.h **** __STATIC_FORCEINLINE void __TZ_set_SP_NS(uint32_t topOfStack)
 371:Inc/CMSIS/Core/Include/cmsis_gcc.h **** {
 372:Inc/CMSIS/Core/Include/cmsis_gcc.h ****   __ASM volatile ("MSR sp_ns, %0" : : "r" (topOfStack) : );
 373:Inc/CMSIS/Core/Include/cmsis_gcc.h **** }
 374:Inc/CMSIS/Core/Include/cmsis_gcc.h **** #endif
 375:Inc/CMSIS/Core/Include/cmsis_gcc.h **** 
 376:Inc/CMSIS/Core/Include/cmsis_gcc.h **** 
 377:Inc/CMSIS/Core/Include/cmsis_gcc.h **** /**
 378:Inc/CMSIS/Core/Include/cmsis_gcc.h ****   \brief   Get Priority Mask
 379:Inc/CMSIS/Core/Include/cmsis_gcc.h ****   \details Returns the current state of the priority mask bit from the Priority Mask Register.
 380:Inc/CMSIS/Core/Include/cmsis_gcc.h ****   \return               Priority Mask value
 381:Inc/CMSIS/Core/Include/cmsis_gcc.h ****  */
 382:Inc/CMSIS/Core/Include/cmsis_gcc.h **** __STATIC_FORCEINLINE uint32_t __get_PRIMASK(void)
ARM GAS  /tmp/ccOMA1VY.s 			page 39


 383:Inc/CMSIS/Core/Include/cmsis_gcc.h **** {
 384:Inc/CMSIS/Core/Include/cmsis_gcc.h ****   uint32_t result;
 385:Inc/CMSIS/Core/Include/cmsis_gcc.h **** 
 386:Inc/CMSIS/Core/Include/cmsis_gcc.h ****   __ASM volatile ("MRS %0, primask" : "=r" (result) :: "memory");
 387:Inc/CMSIS/Core/Include/cmsis_gcc.h ****   return(result);
 388:Inc/CMSIS/Core/Include/cmsis_gcc.h **** }
 389:Inc/CMSIS/Core/Include/cmsis_gcc.h **** 
 390:Inc/CMSIS/Core/Include/cmsis_gcc.h **** 
 391:Inc/CMSIS/Core/Include/cmsis_gcc.h **** #if (defined (__ARM_FEATURE_CMSE ) && (__ARM_FEATURE_CMSE == 3))
 392:Inc/CMSIS/Core/Include/cmsis_gcc.h **** /**
 393:Inc/CMSIS/Core/Include/cmsis_gcc.h ****   \brief   Get Priority Mask (non-secure)
 394:Inc/CMSIS/Core/Include/cmsis_gcc.h ****   \details Returns the current state of the non-secure priority mask bit from the Priority Mask Reg
 395:Inc/CMSIS/Core/Include/cmsis_gcc.h ****   \return               Priority Mask value
 396:Inc/CMSIS/Core/Include/cmsis_gcc.h ****  */
 397:Inc/CMSIS/Core/Include/cmsis_gcc.h **** __STATIC_FORCEINLINE uint32_t __TZ_get_PRIMASK_NS(void)
 398:Inc/CMSIS/Core/Include/cmsis_gcc.h **** {
 399:Inc/CMSIS/Core/Include/cmsis_gcc.h ****   uint32_t result;
 400:Inc/CMSIS/Core/Include/cmsis_gcc.h **** 
 401:Inc/CMSIS/Core/Include/cmsis_gcc.h ****   __ASM volatile ("MRS %0, primask_ns" : "=r" (result) :: "memory");
 402:Inc/CMSIS/Core/Include/cmsis_gcc.h ****   return(result);
 403:Inc/CMSIS/Core/Include/cmsis_gcc.h **** }
 404:Inc/CMSIS/Core/Include/cmsis_gcc.h **** #endif
 405:Inc/CMSIS/Core/Include/cmsis_gcc.h **** 
 406:Inc/CMSIS/Core/Include/cmsis_gcc.h **** 
 407:Inc/CMSIS/Core/Include/cmsis_gcc.h **** /**
 408:Inc/CMSIS/Core/Include/cmsis_gcc.h ****   \brief   Set Priority Mask
 409:Inc/CMSIS/Core/Include/cmsis_gcc.h ****   \details Assigns the given value to the Priority Mask Register.
 410:Inc/CMSIS/Core/Include/cmsis_gcc.h ****   \param [in]    priMask  Priority Mask
 411:Inc/CMSIS/Core/Include/cmsis_gcc.h ****  */
 412:Inc/CMSIS/Core/Include/cmsis_gcc.h **** __STATIC_FORCEINLINE void __set_PRIMASK(uint32_t priMask)
 413:Inc/CMSIS/Core/Include/cmsis_gcc.h **** {
 414:Inc/CMSIS/Core/Include/cmsis_gcc.h ****   __ASM volatile ("MSR primask, %0" : : "r" (priMask) : "memory");
 415:Inc/CMSIS/Core/Include/cmsis_gcc.h **** }
 416:Inc/CMSIS/Core/Include/cmsis_gcc.h **** 
 417:Inc/CMSIS/Core/Include/cmsis_gcc.h **** 
 418:Inc/CMSIS/Core/Include/cmsis_gcc.h **** #if (defined (__ARM_FEATURE_CMSE ) && (__ARM_FEATURE_CMSE == 3))
 419:Inc/CMSIS/Core/Include/cmsis_gcc.h **** /**
 420:Inc/CMSIS/Core/Include/cmsis_gcc.h ****   \brief   Set Priority Mask (non-secure)
 421:Inc/CMSIS/Core/Include/cmsis_gcc.h ****   \details Assigns the given value to the non-secure Priority Mask Register when in secure state.
 422:Inc/CMSIS/Core/Include/cmsis_gcc.h ****   \param [in]    priMask  Priority Mask
 423:Inc/CMSIS/Core/Include/cmsis_gcc.h ****  */
 424:Inc/CMSIS/Core/Include/cmsis_gcc.h **** __STATIC_FORCEINLINE void __TZ_set_PRIMASK_NS(uint32_t priMask)
 425:Inc/CMSIS/Core/Include/cmsis_gcc.h **** {
 426:Inc/CMSIS/Core/Include/cmsis_gcc.h ****   __ASM volatile ("MSR primask_ns, %0" : : "r" (priMask) : "memory");
 427:Inc/CMSIS/Core/Include/cmsis_gcc.h **** }
 428:Inc/CMSIS/Core/Include/cmsis_gcc.h **** #endif
 429:Inc/CMSIS/Core/Include/cmsis_gcc.h **** 
 430:Inc/CMSIS/Core/Include/cmsis_gcc.h **** 
 431:Inc/CMSIS/Core/Include/cmsis_gcc.h **** #if ((defined (__ARM_ARCH_7M__      ) && (__ARM_ARCH_7M__      == 1)) || \
 432:Inc/CMSIS/Core/Include/cmsis_gcc.h ****      (defined (__ARM_ARCH_7EM__     ) && (__ARM_ARCH_7EM__     == 1)) || \
 433:Inc/CMSIS/Core/Include/cmsis_gcc.h ****      (defined (__ARM_ARCH_8M_MAIN__ ) && (__ARM_ARCH_8M_MAIN__ == 1))    )
 434:Inc/CMSIS/Core/Include/cmsis_gcc.h **** /**
 435:Inc/CMSIS/Core/Include/cmsis_gcc.h ****   \brief   Enable FIQ
 436:Inc/CMSIS/Core/Include/cmsis_gcc.h ****   \details Enables FIQ interrupts by clearing the F-bit in the CPSR.
 437:Inc/CMSIS/Core/Include/cmsis_gcc.h ****            Can only be executed in Privileged modes.
 438:Inc/CMSIS/Core/Include/cmsis_gcc.h ****  */
 439:Inc/CMSIS/Core/Include/cmsis_gcc.h **** __STATIC_FORCEINLINE void __enable_fault_irq(void)
ARM GAS  /tmp/ccOMA1VY.s 			page 40


 440:Inc/CMSIS/Core/Include/cmsis_gcc.h **** {
 441:Inc/CMSIS/Core/Include/cmsis_gcc.h ****   __ASM volatile ("cpsie f" : : : "memory");
 442:Inc/CMSIS/Core/Include/cmsis_gcc.h **** }
 443:Inc/CMSIS/Core/Include/cmsis_gcc.h **** 
 444:Inc/CMSIS/Core/Include/cmsis_gcc.h **** 
 445:Inc/CMSIS/Core/Include/cmsis_gcc.h **** /**
 446:Inc/CMSIS/Core/Include/cmsis_gcc.h ****   \brief   Disable FIQ
 447:Inc/CMSIS/Core/Include/cmsis_gcc.h ****   \details Disables FIQ interrupts by setting the F-bit in the CPSR.
 448:Inc/CMSIS/Core/Include/cmsis_gcc.h ****            Can only be executed in Privileged modes.
 449:Inc/CMSIS/Core/Include/cmsis_gcc.h ****  */
 450:Inc/CMSIS/Core/Include/cmsis_gcc.h **** __STATIC_FORCEINLINE void __disable_fault_irq(void)
 451:Inc/CMSIS/Core/Include/cmsis_gcc.h **** {
 452:Inc/CMSIS/Core/Include/cmsis_gcc.h ****   __ASM volatile ("cpsid f" : : : "memory");
 453:Inc/CMSIS/Core/Include/cmsis_gcc.h **** }
 454:Inc/CMSIS/Core/Include/cmsis_gcc.h **** 
 455:Inc/CMSIS/Core/Include/cmsis_gcc.h **** 
 456:Inc/CMSIS/Core/Include/cmsis_gcc.h **** /**
 457:Inc/CMSIS/Core/Include/cmsis_gcc.h ****   \brief   Get Base Priority
 458:Inc/CMSIS/Core/Include/cmsis_gcc.h ****   \details Returns the current value of the Base Priority register.
 459:Inc/CMSIS/Core/Include/cmsis_gcc.h ****   \return               Base Priority register value
 460:Inc/CMSIS/Core/Include/cmsis_gcc.h ****  */
 461:Inc/CMSIS/Core/Include/cmsis_gcc.h **** __STATIC_FORCEINLINE uint32_t __get_BASEPRI(void)
 462:Inc/CMSIS/Core/Include/cmsis_gcc.h **** {
 463:Inc/CMSIS/Core/Include/cmsis_gcc.h ****   uint32_t result;
 464:Inc/CMSIS/Core/Include/cmsis_gcc.h **** 
 465:Inc/CMSIS/Core/Include/cmsis_gcc.h ****   __ASM volatile ("MRS %0, basepri" : "=r" (result) );
 466:Inc/CMSIS/Core/Include/cmsis_gcc.h ****   return(result);
 467:Inc/CMSIS/Core/Include/cmsis_gcc.h **** }
 468:Inc/CMSIS/Core/Include/cmsis_gcc.h **** 
 469:Inc/CMSIS/Core/Include/cmsis_gcc.h **** 
 470:Inc/CMSIS/Core/Include/cmsis_gcc.h **** #if (defined (__ARM_FEATURE_CMSE ) && (__ARM_FEATURE_CMSE == 3))
 471:Inc/CMSIS/Core/Include/cmsis_gcc.h **** /**
 472:Inc/CMSIS/Core/Include/cmsis_gcc.h ****   \brief   Get Base Priority (non-secure)
 473:Inc/CMSIS/Core/Include/cmsis_gcc.h ****   \details Returns the current value of the non-secure Base Priority register when in secure state.
 474:Inc/CMSIS/Core/Include/cmsis_gcc.h ****   \return               Base Priority register value
 475:Inc/CMSIS/Core/Include/cmsis_gcc.h ****  */
 476:Inc/CMSIS/Core/Include/cmsis_gcc.h **** __STATIC_FORCEINLINE uint32_t __TZ_get_BASEPRI_NS(void)
 477:Inc/CMSIS/Core/Include/cmsis_gcc.h **** {
 478:Inc/CMSIS/Core/Include/cmsis_gcc.h ****   uint32_t result;
 479:Inc/CMSIS/Core/Include/cmsis_gcc.h **** 
 480:Inc/CMSIS/Core/Include/cmsis_gcc.h ****   __ASM volatile ("MRS %0, basepri_ns" : "=r" (result) );
 481:Inc/CMSIS/Core/Include/cmsis_gcc.h ****   return(result);
 482:Inc/CMSIS/Core/Include/cmsis_gcc.h **** }
 483:Inc/CMSIS/Core/Include/cmsis_gcc.h **** #endif
 484:Inc/CMSIS/Core/Include/cmsis_gcc.h **** 
 485:Inc/CMSIS/Core/Include/cmsis_gcc.h **** 
 486:Inc/CMSIS/Core/Include/cmsis_gcc.h **** /**
 487:Inc/CMSIS/Core/Include/cmsis_gcc.h ****   \brief   Set Base Priority
 488:Inc/CMSIS/Core/Include/cmsis_gcc.h ****   \details Assigns the given value to the Base Priority register.
 489:Inc/CMSIS/Core/Include/cmsis_gcc.h ****   \param [in]    basePri  Base Priority value to set
 490:Inc/CMSIS/Core/Include/cmsis_gcc.h ****  */
 491:Inc/CMSIS/Core/Include/cmsis_gcc.h **** __STATIC_FORCEINLINE void __set_BASEPRI(uint32_t basePri)
 492:Inc/CMSIS/Core/Include/cmsis_gcc.h **** {
 493:Inc/CMSIS/Core/Include/cmsis_gcc.h ****   __ASM volatile ("MSR basepri, %0" : : "r" (basePri) : "memory");
 494:Inc/CMSIS/Core/Include/cmsis_gcc.h **** }
 495:Inc/CMSIS/Core/Include/cmsis_gcc.h **** 
 496:Inc/CMSIS/Core/Include/cmsis_gcc.h **** 
ARM GAS  /tmp/ccOMA1VY.s 			page 41


 497:Inc/CMSIS/Core/Include/cmsis_gcc.h **** #if (defined (__ARM_FEATURE_CMSE ) && (__ARM_FEATURE_CMSE == 3))
 498:Inc/CMSIS/Core/Include/cmsis_gcc.h **** /**
 499:Inc/CMSIS/Core/Include/cmsis_gcc.h ****   \brief   Set Base Priority (non-secure)
 500:Inc/CMSIS/Core/Include/cmsis_gcc.h ****   \details Assigns the given value to the non-secure Base Priority register when in secure state.
 501:Inc/CMSIS/Core/Include/cmsis_gcc.h ****   \param [in]    basePri  Base Priority value to set
 502:Inc/CMSIS/Core/Include/cmsis_gcc.h ****  */
 503:Inc/CMSIS/Core/Include/cmsis_gcc.h **** __STATIC_FORCEINLINE void __TZ_set_BASEPRI_NS(uint32_t basePri)
 504:Inc/CMSIS/Core/Include/cmsis_gcc.h **** {
 505:Inc/CMSIS/Core/Include/cmsis_gcc.h ****   __ASM volatile ("MSR basepri_ns, %0" : : "r" (basePri) : "memory");
 506:Inc/CMSIS/Core/Include/cmsis_gcc.h **** }
 507:Inc/CMSIS/Core/Include/cmsis_gcc.h **** #endif
 508:Inc/CMSIS/Core/Include/cmsis_gcc.h **** 
 509:Inc/CMSIS/Core/Include/cmsis_gcc.h **** 
 510:Inc/CMSIS/Core/Include/cmsis_gcc.h **** /**
 511:Inc/CMSIS/Core/Include/cmsis_gcc.h ****   \brief   Set Base Priority with condition
 512:Inc/CMSIS/Core/Include/cmsis_gcc.h ****   \details Assigns the given value to the Base Priority register only if BASEPRI masking is disable
 513:Inc/CMSIS/Core/Include/cmsis_gcc.h ****            or the new value increases the BASEPRI priority level.
 514:Inc/CMSIS/Core/Include/cmsis_gcc.h ****   \param [in]    basePri  Base Priority value to set
 515:Inc/CMSIS/Core/Include/cmsis_gcc.h ****  */
 516:Inc/CMSIS/Core/Include/cmsis_gcc.h **** __STATIC_FORCEINLINE void __set_BASEPRI_MAX(uint32_t basePri)
 517:Inc/CMSIS/Core/Include/cmsis_gcc.h **** {
 518:Inc/CMSIS/Core/Include/cmsis_gcc.h ****   __ASM volatile ("MSR basepri_max, %0" : : "r" (basePri) : "memory");
 519:Inc/CMSIS/Core/Include/cmsis_gcc.h **** }
 520:Inc/CMSIS/Core/Include/cmsis_gcc.h **** 
 521:Inc/CMSIS/Core/Include/cmsis_gcc.h **** 
 522:Inc/CMSIS/Core/Include/cmsis_gcc.h **** /**
 523:Inc/CMSIS/Core/Include/cmsis_gcc.h ****   \brief   Get Fault Mask
 524:Inc/CMSIS/Core/Include/cmsis_gcc.h ****   \details Returns the current value of the Fault Mask register.
 525:Inc/CMSIS/Core/Include/cmsis_gcc.h ****   \return               Fault Mask register value
 526:Inc/CMSIS/Core/Include/cmsis_gcc.h ****  */
 527:Inc/CMSIS/Core/Include/cmsis_gcc.h **** __STATIC_FORCEINLINE uint32_t __get_FAULTMASK(void)
 528:Inc/CMSIS/Core/Include/cmsis_gcc.h **** {
 529:Inc/CMSIS/Core/Include/cmsis_gcc.h ****   uint32_t result;
 530:Inc/CMSIS/Core/Include/cmsis_gcc.h **** 
 531:Inc/CMSIS/Core/Include/cmsis_gcc.h ****   __ASM volatile ("MRS %0, faultmask" : "=r" (result) );
 532:Inc/CMSIS/Core/Include/cmsis_gcc.h ****   return(result);
 533:Inc/CMSIS/Core/Include/cmsis_gcc.h **** }
 534:Inc/CMSIS/Core/Include/cmsis_gcc.h **** 
 535:Inc/CMSIS/Core/Include/cmsis_gcc.h **** 
 536:Inc/CMSIS/Core/Include/cmsis_gcc.h **** #if (defined (__ARM_FEATURE_CMSE ) && (__ARM_FEATURE_CMSE == 3))
 537:Inc/CMSIS/Core/Include/cmsis_gcc.h **** /**
 538:Inc/CMSIS/Core/Include/cmsis_gcc.h ****   \brief   Get Fault Mask (non-secure)
 539:Inc/CMSIS/Core/Include/cmsis_gcc.h ****   \details Returns the current value of the non-secure Fault Mask register when in secure state.
 540:Inc/CMSIS/Core/Include/cmsis_gcc.h ****   \return               Fault Mask register value
 541:Inc/CMSIS/Core/Include/cmsis_gcc.h ****  */
 542:Inc/CMSIS/Core/Include/cmsis_gcc.h **** __STATIC_FORCEINLINE uint32_t __TZ_get_FAULTMASK_NS(void)
 543:Inc/CMSIS/Core/Include/cmsis_gcc.h **** {
 544:Inc/CMSIS/Core/Include/cmsis_gcc.h ****   uint32_t result;
 545:Inc/CMSIS/Core/Include/cmsis_gcc.h **** 
 546:Inc/CMSIS/Core/Include/cmsis_gcc.h ****   __ASM volatile ("MRS %0, faultmask_ns" : "=r" (result) );
 547:Inc/CMSIS/Core/Include/cmsis_gcc.h ****   return(result);
 548:Inc/CMSIS/Core/Include/cmsis_gcc.h **** }
 549:Inc/CMSIS/Core/Include/cmsis_gcc.h **** #endif
 550:Inc/CMSIS/Core/Include/cmsis_gcc.h **** 
 551:Inc/CMSIS/Core/Include/cmsis_gcc.h **** 
 552:Inc/CMSIS/Core/Include/cmsis_gcc.h **** /**
 553:Inc/CMSIS/Core/Include/cmsis_gcc.h ****   \brief   Set Fault Mask
ARM GAS  /tmp/ccOMA1VY.s 			page 42


 554:Inc/CMSIS/Core/Include/cmsis_gcc.h ****   \details Assigns the given value to the Fault Mask register.
 555:Inc/CMSIS/Core/Include/cmsis_gcc.h ****   \param [in]    faultMask  Fault Mask value to set
 556:Inc/CMSIS/Core/Include/cmsis_gcc.h ****  */
 557:Inc/CMSIS/Core/Include/cmsis_gcc.h **** __STATIC_FORCEINLINE void __set_FAULTMASK(uint32_t faultMask)
 558:Inc/CMSIS/Core/Include/cmsis_gcc.h **** {
 559:Inc/CMSIS/Core/Include/cmsis_gcc.h ****   __ASM volatile ("MSR faultmask, %0" : : "r" (faultMask) : "memory");
 560:Inc/CMSIS/Core/Include/cmsis_gcc.h **** }
 561:Inc/CMSIS/Core/Include/cmsis_gcc.h **** 
 562:Inc/CMSIS/Core/Include/cmsis_gcc.h **** 
 563:Inc/CMSIS/Core/Include/cmsis_gcc.h **** #if (defined (__ARM_FEATURE_CMSE ) && (__ARM_FEATURE_CMSE == 3))
 564:Inc/CMSIS/Core/Include/cmsis_gcc.h **** /**
 565:Inc/CMSIS/Core/Include/cmsis_gcc.h ****   \brief   Set Fault Mask (non-secure)
 566:Inc/CMSIS/Core/Include/cmsis_gcc.h ****   \details Assigns the given value to the non-secure Fault Mask register when in secure state.
 567:Inc/CMSIS/Core/Include/cmsis_gcc.h ****   \param [in]    faultMask  Fault Mask value to set
 568:Inc/CMSIS/Core/Include/cmsis_gcc.h ****  */
 569:Inc/CMSIS/Core/Include/cmsis_gcc.h **** __STATIC_FORCEINLINE void __TZ_set_FAULTMASK_NS(uint32_t faultMask)
 570:Inc/CMSIS/Core/Include/cmsis_gcc.h **** {
 571:Inc/CMSIS/Core/Include/cmsis_gcc.h ****   __ASM volatile ("MSR faultmask_ns, %0" : : "r" (faultMask) : "memory");
 572:Inc/CMSIS/Core/Include/cmsis_gcc.h **** }
 573:Inc/CMSIS/Core/Include/cmsis_gcc.h **** #endif
 574:Inc/CMSIS/Core/Include/cmsis_gcc.h **** 
 575:Inc/CMSIS/Core/Include/cmsis_gcc.h **** #endif /* ((defined (__ARM_ARCH_7M__      ) && (__ARM_ARCH_7M__      == 1)) || \
 576:Inc/CMSIS/Core/Include/cmsis_gcc.h ****            (defined (__ARM_ARCH_7EM__     ) && (__ARM_ARCH_7EM__     == 1)) || \
 577:Inc/CMSIS/Core/Include/cmsis_gcc.h ****            (defined (__ARM_ARCH_8M_MAIN__ ) && (__ARM_ARCH_8M_MAIN__ == 1))    ) */
 578:Inc/CMSIS/Core/Include/cmsis_gcc.h **** 
 579:Inc/CMSIS/Core/Include/cmsis_gcc.h **** 
 580:Inc/CMSIS/Core/Include/cmsis_gcc.h **** #if ((defined (__ARM_ARCH_8M_MAIN__ ) && (__ARM_ARCH_8M_MAIN__ == 1)) || \
 581:Inc/CMSIS/Core/Include/cmsis_gcc.h ****      (defined (__ARM_ARCH_8M_BASE__ ) && (__ARM_ARCH_8M_BASE__ == 1))    )
 582:Inc/CMSIS/Core/Include/cmsis_gcc.h **** 
 583:Inc/CMSIS/Core/Include/cmsis_gcc.h **** /**
 584:Inc/CMSIS/Core/Include/cmsis_gcc.h ****   \brief   Get Process Stack Pointer Limit
 585:Inc/CMSIS/Core/Include/cmsis_gcc.h ****   Devices without ARMv8-M Main Extensions (i.e. Cortex-M23) lack the non-secure
 586:Inc/CMSIS/Core/Include/cmsis_gcc.h ****   Stack Pointer Limit register hence zero is returned always in non-secure
 587:Inc/CMSIS/Core/Include/cmsis_gcc.h ****   mode.
 588:Inc/CMSIS/Core/Include/cmsis_gcc.h ****   
 589:Inc/CMSIS/Core/Include/cmsis_gcc.h ****   \details Returns the current value of the Process Stack Pointer Limit (PSPLIM).
 590:Inc/CMSIS/Core/Include/cmsis_gcc.h ****   \return               PSPLIM Register value
 591:Inc/CMSIS/Core/Include/cmsis_gcc.h ****  */
 592:Inc/CMSIS/Core/Include/cmsis_gcc.h **** __STATIC_FORCEINLINE uint32_t __get_PSPLIM(void)
 593:Inc/CMSIS/Core/Include/cmsis_gcc.h **** {
 594:Inc/CMSIS/Core/Include/cmsis_gcc.h **** #if (!(defined (__ARM_ARCH_8M_MAIN__ ) && (__ARM_ARCH_8M_MAIN__ == 1)) && \
 595:Inc/CMSIS/Core/Include/cmsis_gcc.h ****     (!defined (__ARM_FEATURE_CMSE) || (__ARM_FEATURE_CMSE < 3)))
 596:Inc/CMSIS/Core/Include/cmsis_gcc.h ****     // without main extensions, the non-secure PSPLIM is RAZ/WI
 597:Inc/CMSIS/Core/Include/cmsis_gcc.h ****   return 0U;
 598:Inc/CMSIS/Core/Include/cmsis_gcc.h **** #else
 599:Inc/CMSIS/Core/Include/cmsis_gcc.h ****   uint32_t result;
 600:Inc/CMSIS/Core/Include/cmsis_gcc.h ****   __ASM volatile ("MRS %0, psplim"  : "=r" (result) );
 601:Inc/CMSIS/Core/Include/cmsis_gcc.h ****   return result;
 602:Inc/CMSIS/Core/Include/cmsis_gcc.h **** #endif
 603:Inc/CMSIS/Core/Include/cmsis_gcc.h **** }
 604:Inc/CMSIS/Core/Include/cmsis_gcc.h **** 
 605:Inc/CMSIS/Core/Include/cmsis_gcc.h **** #if (defined (__ARM_FEATURE_CMSE) && (__ARM_FEATURE_CMSE == 3))
 606:Inc/CMSIS/Core/Include/cmsis_gcc.h **** /**
 607:Inc/CMSIS/Core/Include/cmsis_gcc.h ****   \brief   Get Process Stack Pointer Limit (non-secure)
 608:Inc/CMSIS/Core/Include/cmsis_gcc.h ****   Devices without ARMv8-M Main Extensions (i.e. Cortex-M23) lack the non-secure
 609:Inc/CMSIS/Core/Include/cmsis_gcc.h ****   Stack Pointer Limit register hence zero is returned always.
 610:Inc/CMSIS/Core/Include/cmsis_gcc.h **** 
ARM GAS  /tmp/ccOMA1VY.s 			page 43


 611:Inc/CMSIS/Core/Include/cmsis_gcc.h ****   \details Returns the current value of the non-secure Process Stack Pointer Limit (PSPLIM) when in
 612:Inc/CMSIS/Core/Include/cmsis_gcc.h ****   \return               PSPLIM Register value
 613:Inc/CMSIS/Core/Include/cmsis_gcc.h ****  */
 614:Inc/CMSIS/Core/Include/cmsis_gcc.h **** __STATIC_FORCEINLINE uint32_t __TZ_get_PSPLIM_NS(void)
 615:Inc/CMSIS/Core/Include/cmsis_gcc.h **** {
 616:Inc/CMSIS/Core/Include/cmsis_gcc.h **** #if (!(defined (__ARM_ARCH_8M_MAIN__ ) && (__ARM_ARCH_8M_MAIN__ == 1)))
 617:Inc/CMSIS/Core/Include/cmsis_gcc.h ****   // without main extensions, the non-secure PSPLIM is RAZ/WI
 618:Inc/CMSIS/Core/Include/cmsis_gcc.h ****   return 0U;
 619:Inc/CMSIS/Core/Include/cmsis_gcc.h **** #else
 620:Inc/CMSIS/Core/Include/cmsis_gcc.h ****   uint32_t result;
 621:Inc/CMSIS/Core/Include/cmsis_gcc.h ****   __ASM volatile ("MRS %0, psplim_ns"  : "=r" (result) );
 622:Inc/CMSIS/Core/Include/cmsis_gcc.h ****   return result;
 623:Inc/CMSIS/Core/Include/cmsis_gcc.h **** #endif
 624:Inc/CMSIS/Core/Include/cmsis_gcc.h **** }
 625:Inc/CMSIS/Core/Include/cmsis_gcc.h **** #endif
 626:Inc/CMSIS/Core/Include/cmsis_gcc.h **** 
 627:Inc/CMSIS/Core/Include/cmsis_gcc.h **** 
 628:Inc/CMSIS/Core/Include/cmsis_gcc.h **** /**
 629:Inc/CMSIS/Core/Include/cmsis_gcc.h ****   \brief   Set Process Stack Pointer Limit
 630:Inc/CMSIS/Core/Include/cmsis_gcc.h ****   Devices without ARMv8-M Main Extensions (i.e. Cortex-M23) lack the non-secure
 631:Inc/CMSIS/Core/Include/cmsis_gcc.h ****   Stack Pointer Limit register hence the write is silently ignored in non-secure
 632:Inc/CMSIS/Core/Include/cmsis_gcc.h ****   mode.
 633:Inc/CMSIS/Core/Include/cmsis_gcc.h ****   
 634:Inc/CMSIS/Core/Include/cmsis_gcc.h ****   \details Assigns the given value to the Process Stack Pointer Limit (PSPLIM).
 635:Inc/CMSIS/Core/Include/cmsis_gcc.h ****   \param [in]    ProcStackPtrLimit  Process Stack Pointer Limit value to set
 636:Inc/CMSIS/Core/Include/cmsis_gcc.h ****  */
 637:Inc/CMSIS/Core/Include/cmsis_gcc.h **** __STATIC_FORCEINLINE void __set_PSPLIM(uint32_t ProcStackPtrLimit)
 638:Inc/CMSIS/Core/Include/cmsis_gcc.h **** {
 639:Inc/CMSIS/Core/Include/cmsis_gcc.h **** #if (!(defined (__ARM_ARCH_8M_MAIN__ ) && (__ARM_ARCH_8M_MAIN__ == 1)) && \
 640:Inc/CMSIS/Core/Include/cmsis_gcc.h ****     (!defined (__ARM_FEATURE_CMSE) || (__ARM_FEATURE_CMSE < 3)))
 641:Inc/CMSIS/Core/Include/cmsis_gcc.h ****   // without main extensions, the non-secure PSPLIM is RAZ/WI
 642:Inc/CMSIS/Core/Include/cmsis_gcc.h ****   (void)ProcStackPtrLimit;
 643:Inc/CMSIS/Core/Include/cmsis_gcc.h **** #else
 644:Inc/CMSIS/Core/Include/cmsis_gcc.h ****   __ASM volatile ("MSR psplim, %0" : : "r" (ProcStackPtrLimit));
 645:Inc/CMSIS/Core/Include/cmsis_gcc.h **** #endif
 646:Inc/CMSIS/Core/Include/cmsis_gcc.h **** }
 647:Inc/CMSIS/Core/Include/cmsis_gcc.h **** 
 648:Inc/CMSIS/Core/Include/cmsis_gcc.h **** 
 649:Inc/CMSIS/Core/Include/cmsis_gcc.h **** #if (defined (__ARM_FEATURE_CMSE  ) && (__ARM_FEATURE_CMSE   == 3))
 650:Inc/CMSIS/Core/Include/cmsis_gcc.h **** /**
 651:Inc/CMSIS/Core/Include/cmsis_gcc.h ****   \brief   Set Process Stack Pointer (non-secure)
 652:Inc/CMSIS/Core/Include/cmsis_gcc.h ****   Devices without ARMv8-M Main Extensions (i.e. Cortex-M23) lack the non-secure
 653:Inc/CMSIS/Core/Include/cmsis_gcc.h ****   Stack Pointer Limit register hence the write is silently ignored.
 654:Inc/CMSIS/Core/Include/cmsis_gcc.h **** 
 655:Inc/CMSIS/Core/Include/cmsis_gcc.h ****   \details Assigns the given value to the non-secure Process Stack Pointer Limit (PSPLIM) when in s
 656:Inc/CMSIS/Core/Include/cmsis_gcc.h ****   \param [in]    ProcStackPtrLimit  Process Stack Pointer Limit value to set
 657:Inc/CMSIS/Core/Include/cmsis_gcc.h ****  */
 658:Inc/CMSIS/Core/Include/cmsis_gcc.h **** __STATIC_FORCEINLINE void __TZ_set_PSPLIM_NS(uint32_t ProcStackPtrLimit)
 659:Inc/CMSIS/Core/Include/cmsis_gcc.h **** {
 660:Inc/CMSIS/Core/Include/cmsis_gcc.h **** #if (!(defined (__ARM_ARCH_8M_MAIN__ ) && (__ARM_ARCH_8M_MAIN__ == 1)))
 661:Inc/CMSIS/Core/Include/cmsis_gcc.h ****   // without main extensions, the non-secure PSPLIM is RAZ/WI
 662:Inc/CMSIS/Core/Include/cmsis_gcc.h ****   (void)ProcStackPtrLimit;
 663:Inc/CMSIS/Core/Include/cmsis_gcc.h **** #else
 664:Inc/CMSIS/Core/Include/cmsis_gcc.h ****   __ASM volatile ("MSR psplim_ns, %0\n" : : "r" (ProcStackPtrLimit));
 665:Inc/CMSIS/Core/Include/cmsis_gcc.h **** #endif
 666:Inc/CMSIS/Core/Include/cmsis_gcc.h **** }
 667:Inc/CMSIS/Core/Include/cmsis_gcc.h **** #endif
ARM GAS  /tmp/ccOMA1VY.s 			page 44


 668:Inc/CMSIS/Core/Include/cmsis_gcc.h **** 
 669:Inc/CMSIS/Core/Include/cmsis_gcc.h **** 
 670:Inc/CMSIS/Core/Include/cmsis_gcc.h **** /**
 671:Inc/CMSIS/Core/Include/cmsis_gcc.h ****   \brief   Get Main Stack Pointer Limit
 672:Inc/CMSIS/Core/Include/cmsis_gcc.h ****   Devices without ARMv8-M Main Extensions (i.e. Cortex-M23) lack the non-secure
 673:Inc/CMSIS/Core/Include/cmsis_gcc.h ****   Stack Pointer Limit register hence zero is returned always in non-secure
 674:Inc/CMSIS/Core/Include/cmsis_gcc.h ****   mode.
 675:Inc/CMSIS/Core/Include/cmsis_gcc.h **** 
 676:Inc/CMSIS/Core/Include/cmsis_gcc.h ****   \details Returns the current value of the Main Stack Pointer Limit (MSPLIM).
 677:Inc/CMSIS/Core/Include/cmsis_gcc.h ****   \return               MSPLIM Register value
 678:Inc/CMSIS/Core/Include/cmsis_gcc.h ****  */
 679:Inc/CMSIS/Core/Include/cmsis_gcc.h **** __STATIC_FORCEINLINE uint32_t __get_MSPLIM(void)
 680:Inc/CMSIS/Core/Include/cmsis_gcc.h **** {
 681:Inc/CMSIS/Core/Include/cmsis_gcc.h **** #if (!(defined (__ARM_ARCH_8M_MAIN__ ) && (__ARM_ARCH_8M_MAIN__ == 1)) && \
 682:Inc/CMSIS/Core/Include/cmsis_gcc.h ****     (!defined (__ARM_FEATURE_CMSE) || (__ARM_FEATURE_CMSE < 3)))
 683:Inc/CMSIS/Core/Include/cmsis_gcc.h ****   // without main extensions, the non-secure MSPLIM is RAZ/WI
 684:Inc/CMSIS/Core/Include/cmsis_gcc.h ****   return 0U;
 685:Inc/CMSIS/Core/Include/cmsis_gcc.h **** #else
 686:Inc/CMSIS/Core/Include/cmsis_gcc.h ****   uint32_t result;
 687:Inc/CMSIS/Core/Include/cmsis_gcc.h ****   __ASM volatile ("MRS %0, msplim" : "=r" (result) );
 688:Inc/CMSIS/Core/Include/cmsis_gcc.h ****   return result;
 689:Inc/CMSIS/Core/Include/cmsis_gcc.h **** #endif
 690:Inc/CMSIS/Core/Include/cmsis_gcc.h **** }
 691:Inc/CMSIS/Core/Include/cmsis_gcc.h **** 
 692:Inc/CMSIS/Core/Include/cmsis_gcc.h **** 
 693:Inc/CMSIS/Core/Include/cmsis_gcc.h **** #if (defined (__ARM_FEATURE_CMSE  ) && (__ARM_FEATURE_CMSE   == 3))
 694:Inc/CMSIS/Core/Include/cmsis_gcc.h **** /**
 695:Inc/CMSIS/Core/Include/cmsis_gcc.h ****   \brief   Get Main Stack Pointer Limit (non-secure)
 696:Inc/CMSIS/Core/Include/cmsis_gcc.h ****   Devices without ARMv8-M Main Extensions (i.e. Cortex-M23) lack the non-secure
 697:Inc/CMSIS/Core/Include/cmsis_gcc.h ****   Stack Pointer Limit register hence zero is returned always.
 698:Inc/CMSIS/Core/Include/cmsis_gcc.h **** 
 699:Inc/CMSIS/Core/Include/cmsis_gcc.h ****   \details Returns the current value of the non-secure Main Stack Pointer Limit(MSPLIM) when in sec
 700:Inc/CMSIS/Core/Include/cmsis_gcc.h ****   \return               MSPLIM Register value
 701:Inc/CMSIS/Core/Include/cmsis_gcc.h ****  */
 702:Inc/CMSIS/Core/Include/cmsis_gcc.h **** __STATIC_FORCEINLINE uint32_t __TZ_get_MSPLIM_NS(void)
 703:Inc/CMSIS/Core/Include/cmsis_gcc.h **** {
 704:Inc/CMSIS/Core/Include/cmsis_gcc.h **** #if (!(defined (__ARM_ARCH_8M_MAIN__ ) && (__ARM_ARCH_8M_MAIN__ == 1)))
 705:Inc/CMSIS/Core/Include/cmsis_gcc.h ****   // without main extensions, the non-secure MSPLIM is RAZ/WI
 706:Inc/CMSIS/Core/Include/cmsis_gcc.h ****   return 0U;
 707:Inc/CMSIS/Core/Include/cmsis_gcc.h **** #else
 708:Inc/CMSIS/Core/Include/cmsis_gcc.h ****   uint32_t result;
 709:Inc/CMSIS/Core/Include/cmsis_gcc.h ****   __ASM volatile ("MRS %0, msplim_ns" : "=r" (result) );
 710:Inc/CMSIS/Core/Include/cmsis_gcc.h ****   return result;
 711:Inc/CMSIS/Core/Include/cmsis_gcc.h **** #endif
 712:Inc/CMSIS/Core/Include/cmsis_gcc.h **** }
 713:Inc/CMSIS/Core/Include/cmsis_gcc.h **** #endif
 714:Inc/CMSIS/Core/Include/cmsis_gcc.h **** 
 715:Inc/CMSIS/Core/Include/cmsis_gcc.h **** 
 716:Inc/CMSIS/Core/Include/cmsis_gcc.h **** /**
 717:Inc/CMSIS/Core/Include/cmsis_gcc.h ****   \brief   Set Main Stack Pointer Limit
 718:Inc/CMSIS/Core/Include/cmsis_gcc.h ****   Devices without ARMv8-M Main Extensions (i.e. Cortex-M23) lack the non-secure
 719:Inc/CMSIS/Core/Include/cmsis_gcc.h ****   Stack Pointer Limit register hence the write is silently ignored in non-secure
 720:Inc/CMSIS/Core/Include/cmsis_gcc.h ****   mode.
 721:Inc/CMSIS/Core/Include/cmsis_gcc.h **** 
 722:Inc/CMSIS/Core/Include/cmsis_gcc.h ****   \details Assigns the given value to the Main Stack Pointer Limit (MSPLIM).
 723:Inc/CMSIS/Core/Include/cmsis_gcc.h ****   \param [in]    MainStackPtrLimit  Main Stack Pointer Limit value to set
 724:Inc/CMSIS/Core/Include/cmsis_gcc.h ****  */
ARM GAS  /tmp/ccOMA1VY.s 			page 45


 725:Inc/CMSIS/Core/Include/cmsis_gcc.h **** __STATIC_FORCEINLINE void __set_MSPLIM(uint32_t MainStackPtrLimit)
 726:Inc/CMSIS/Core/Include/cmsis_gcc.h **** {
 727:Inc/CMSIS/Core/Include/cmsis_gcc.h **** #if (!(defined (__ARM_ARCH_8M_MAIN__ ) && (__ARM_ARCH_8M_MAIN__ == 1)) && \
 728:Inc/CMSIS/Core/Include/cmsis_gcc.h ****     (!defined (__ARM_FEATURE_CMSE) || (__ARM_FEATURE_CMSE < 3)))
 729:Inc/CMSIS/Core/Include/cmsis_gcc.h ****   // without main extensions, the non-secure MSPLIM is RAZ/WI
 730:Inc/CMSIS/Core/Include/cmsis_gcc.h ****   (void)MainStackPtrLimit;
 731:Inc/CMSIS/Core/Include/cmsis_gcc.h **** #else
 732:Inc/CMSIS/Core/Include/cmsis_gcc.h ****   __ASM volatile ("MSR msplim, %0" : : "r" (MainStackPtrLimit));
 733:Inc/CMSIS/Core/Include/cmsis_gcc.h **** #endif
 734:Inc/CMSIS/Core/Include/cmsis_gcc.h **** }
 735:Inc/CMSIS/Core/Include/cmsis_gcc.h **** 
 736:Inc/CMSIS/Core/Include/cmsis_gcc.h **** 
 737:Inc/CMSIS/Core/Include/cmsis_gcc.h **** #if (defined (__ARM_FEATURE_CMSE  ) && (__ARM_FEATURE_CMSE   == 3))
 738:Inc/CMSIS/Core/Include/cmsis_gcc.h **** /**
 739:Inc/CMSIS/Core/Include/cmsis_gcc.h ****   \brief   Set Main Stack Pointer Limit (non-secure)
 740:Inc/CMSIS/Core/Include/cmsis_gcc.h ****   Devices without ARMv8-M Main Extensions (i.e. Cortex-M23) lack the non-secure
 741:Inc/CMSIS/Core/Include/cmsis_gcc.h ****   Stack Pointer Limit register hence the write is silently ignored.
 742:Inc/CMSIS/Core/Include/cmsis_gcc.h **** 
 743:Inc/CMSIS/Core/Include/cmsis_gcc.h ****   \details Assigns the given value to the non-secure Main Stack Pointer Limit (MSPLIM) when in secu
 744:Inc/CMSIS/Core/Include/cmsis_gcc.h ****   \param [in]    MainStackPtrLimit  Main Stack Pointer value to set
 745:Inc/CMSIS/Core/Include/cmsis_gcc.h ****  */
 746:Inc/CMSIS/Core/Include/cmsis_gcc.h **** __STATIC_FORCEINLINE void __TZ_set_MSPLIM_NS(uint32_t MainStackPtrLimit)
 747:Inc/CMSIS/Core/Include/cmsis_gcc.h **** {
 748:Inc/CMSIS/Core/Include/cmsis_gcc.h **** #if (!(defined (__ARM_ARCH_8M_MAIN__ ) && (__ARM_ARCH_8M_MAIN__ == 1)))
 749:Inc/CMSIS/Core/Include/cmsis_gcc.h ****   // without main extensions, the non-secure MSPLIM is RAZ/WI
 750:Inc/CMSIS/Core/Include/cmsis_gcc.h ****   (void)MainStackPtrLimit;
 751:Inc/CMSIS/Core/Include/cmsis_gcc.h **** #else
 752:Inc/CMSIS/Core/Include/cmsis_gcc.h ****   __ASM volatile ("MSR msplim_ns, %0" : : "r" (MainStackPtrLimit));
 753:Inc/CMSIS/Core/Include/cmsis_gcc.h **** #endif
 754:Inc/CMSIS/Core/Include/cmsis_gcc.h **** }
 755:Inc/CMSIS/Core/Include/cmsis_gcc.h **** #endif
 756:Inc/CMSIS/Core/Include/cmsis_gcc.h **** 
 757:Inc/CMSIS/Core/Include/cmsis_gcc.h **** #endif /* ((defined (__ARM_ARCH_8M_MAIN__ ) && (__ARM_ARCH_8M_MAIN__ == 1)) || \
 758:Inc/CMSIS/Core/Include/cmsis_gcc.h ****            (defined (__ARM_ARCH_8M_BASE__ ) && (__ARM_ARCH_8M_BASE__ == 1))    ) */
 759:Inc/CMSIS/Core/Include/cmsis_gcc.h **** 
 760:Inc/CMSIS/Core/Include/cmsis_gcc.h **** 
 761:Inc/CMSIS/Core/Include/cmsis_gcc.h **** /**
 762:Inc/CMSIS/Core/Include/cmsis_gcc.h ****   \brief   Get FPSCR
 763:Inc/CMSIS/Core/Include/cmsis_gcc.h ****   \details Returns the current value of the Floating Point Status/Control register.
 764:Inc/CMSIS/Core/Include/cmsis_gcc.h ****   \return               Floating Point Status/Control register value
 765:Inc/CMSIS/Core/Include/cmsis_gcc.h ****  */
 766:Inc/CMSIS/Core/Include/cmsis_gcc.h **** __STATIC_FORCEINLINE uint32_t __get_FPSCR(void)
 767:Inc/CMSIS/Core/Include/cmsis_gcc.h **** {
 768:Inc/CMSIS/Core/Include/cmsis_gcc.h **** #if ((defined (__FPU_PRESENT) && (__FPU_PRESENT == 1U)) && \
 769:Inc/CMSIS/Core/Include/cmsis_gcc.h ****      (defined (__FPU_USED   ) && (__FPU_USED    == 1U))     )
 770:Inc/CMSIS/Core/Include/cmsis_gcc.h **** #if __has_builtin(__builtin_arm_get_fpscr) 
 771:Inc/CMSIS/Core/Include/cmsis_gcc.h **** // Re-enable using built-in when GCC has been fixed
 772:Inc/CMSIS/Core/Include/cmsis_gcc.h **** // || (__GNUC__ > 7) || (__GNUC__ == 7 && __GNUC_MINOR__ >= 2)
 773:Inc/CMSIS/Core/Include/cmsis_gcc.h ****   /* see https://gcc.gnu.org/ml/gcc-patches/2017-04/msg00443.html */
 774:Inc/CMSIS/Core/Include/cmsis_gcc.h ****   return __builtin_arm_get_fpscr();
 775:Inc/CMSIS/Core/Include/cmsis_gcc.h **** #else
 776:Inc/CMSIS/Core/Include/cmsis_gcc.h ****   uint32_t result;
 777:Inc/CMSIS/Core/Include/cmsis_gcc.h **** 
 778:Inc/CMSIS/Core/Include/cmsis_gcc.h ****   __ASM volatile ("VMRS %0, fpscr" : "=r" (result) );
 779:Inc/CMSIS/Core/Include/cmsis_gcc.h ****   return(result);
 780:Inc/CMSIS/Core/Include/cmsis_gcc.h **** #endif
 781:Inc/CMSIS/Core/Include/cmsis_gcc.h **** #else
ARM GAS  /tmp/ccOMA1VY.s 			page 46


 782:Inc/CMSIS/Core/Include/cmsis_gcc.h ****   return(0U);
 783:Inc/CMSIS/Core/Include/cmsis_gcc.h **** #endif
 784:Inc/CMSIS/Core/Include/cmsis_gcc.h **** }
 785:Inc/CMSIS/Core/Include/cmsis_gcc.h **** 
 786:Inc/CMSIS/Core/Include/cmsis_gcc.h **** 
 787:Inc/CMSIS/Core/Include/cmsis_gcc.h **** /**
 788:Inc/CMSIS/Core/Include/cmsis_gcc.h ****   \brief   Set FPSCR
 789:Inc/CMSIS/Core/Include/cmsis_gcc.h ****   \details Assigns the given value to the Floating Point Status/Control register.
 790:Inc/CMSIS/Core/Include/cmsis_gcc.h ****   \param [in]    fpscr  Floating Point Status/Control value to set
 791:Inc/CMSIS/Core/Include/cmsis_gcc.h ****  */
 792:Inc/CMSIS/Core/Include/cmsis_gcc.h **** __STATIC_FORCEINLINE void __set_FPSCR(uint32_t fpscr)
 793:Inc/CMSIS/Core/Include/cmsis_gcc.h **** {
 794:Inc/CMSIS/Core/Include/cmsis_gcc.h **** #if ((defined (__FPU_PRESENT) && (__FPU_PRESENT == 1U)) && \
 795:Inc/CMSIS/Core/Include/cmsis_gcc.h ****      (defined (__FPU_USED   ) && (__FPU_USED    == 1U))     )
 796:Inc/CMSIS/Core/Include/cmsis_gcc.h **** #if __has_builtin(__builtin_arm_set_fpscr)
 797:Inc/CMSIS/Core/Include/cmsis_gcc.h **** // Re-enable using built-in when GCC has been fixed
 798:Inc/CMSIS/Core/Include/cmsis_gcc.h **** // || (__GNUC__ > 7) || (__GNUC__ == 7 && __GNUC_MINOR__ >= 2)
 799:Inc/CMSIS/Core/Include/cmsis_gcc.h ****   /* see https://gcc.gnu.org/ml/gcc-patches/2017-04/msg00443.html */
 800:Inc/CMSIS/Core/Include/cmsis_gcc.h ****   __builtin_arm_set_fpscr(fpscr);
 801:Inc/CMSIS/Core/Include/cmsis_gcc.h **** #else
 802:Inc/CMSIS/Core/Include/cmsis_gcc.h ****   __ASM volatile ("VMSR fpscr, %0" : : "r" (fpscr) : "vfpcc", "memory");
 803:Inc/CMSIS/Core/Include/cmsis_gcc.h **** #endif
 804:Inc/CMSIS/Core/Include/cmsis_gcc.h **** #else
 805:Inc/CMSIS/Core/Include/cmsis_gcc.h ****   (void)fpscr;
 806:Inc/CMSIS/Core/Include/cmsis_gcc.h **** #endif
 807:Inc/CMSIS/Core/Include/cmsis_gcc.h **** }
 808:Inc/CMSIS/Core/Include/cmsis_gcc.h **** 
 809:Inc/CMSIS/Core/Include/cmsis_gcc.h **** 
 810:Inc/CMSIS/Core/Include/cmsis_gcc.h **** /*@} end of CMSIS_Core_RegAccFunctions */
 811:Inc/CMSIS/Core/Include/cmsis_gcc.h **** 
 812:Inc/CMSIS/Core/Include/cmsis_gcc.h **** 
 813:Inc/CMSIS/Core/Include/cmsis_gcc.h **** /* ##########################  Core Instruction Access  ######################### */
 814:Inc/CMSIS/Core/Include/cmsis_gcc.h **** /** \defgroup CMSIS_Core_InstructionInterface CMSIS Core Instruction Interface
 815:Inc/CMSIS/Core/Include/cmsis_gcc.h ****   Access to dedicated instructions
 816:Inc/CMSIS/Core/Include/cmsis_gcc.h ****   @{
 817:Inc/CMSIS/Core/Include/cmsis_gcc.h **** */
 818:Inc/CMSIS/Core/Include/cmsis_gcc.h **** 
 819:Inc/CMSIS/Core/Include/cmsis_gcc.h **** /* Define macros for porting to both thumb1 and thumb2.
 820:Inc/CMSIS/Core/Include/cmsis_gcc.h ****  * For thumb1, use low register (r0-r7), specified by constraint "l"
 821:Inc/CMSIS/Core/Include/cmsis_gcc.h ****  * Otherwise, use general registers, specified by constraint "r" */
 822:Inc/CMSIS/Core/Include/cmsis_gcc.h **** #if defined (__thumb__) && !defined (__thumb2__)
 823:Inc/CMSIS/Core/Include/cmsis_gcc.h **** #define __CMSIS_GCC_OUT_REG(r) "=l" (r)
 824:Inc/CMSIS/Core/Include/cmsis_gcc.h **** #define __CMSIS_GCC_RW_REG(r) "+l" (r)
 825:Inc/CMSIS/Core/Include/cmsis_gcc.h **** #define __CMSIS_GCC_USE_REG(r) "l" (r)
 826:Inc/CMSIS/Core/Include/cmsis_gcc.h **** #else
 827:Inc/CMSIS/Core/Include/cmsis_gcc.h **** #define __CMSIS_GCC_OUT_REG(r) "=r" (r)
 828:Inc/CMSIS/Core/Include/cmsis_gcc.h **** #define __CMSIS_GCC_RW_REG(r) "+r" (r)
 829:Inc/CMSIS/Core/Include/cmsis_gcc.h **** #define __CMSIS_GCC_USE_REG(r) "r" (r)
 830:Inc/CMSIS/Core/Include/cmsis_gcc.h **** #endif
 831:Inc/CMSIS/Core/Include/cmsis_gcc.h **** 
 832:Inc/CMSIS/Core/Include/cmsis_gcc.h **** /**
 833:Inc/CMSIS/Core/Include/cmsis_gcc.h ****   \brief   No Operation
 834:Inc/CMSIS/Core/Include/cmsis_gcc.h ****   \details No Operation does nothing. This instruction can be used for code alignment purposes.
 835:Inc/CMSIS/Core/Include/cmsis_gcc.h ****  */
 836:Inc/CMSIS/Core/Include/cmsis_gcc.h **** #define __NOP()                             __ASM volatile ("nop")
 837:Inc/CMSIS/Core/Include/cmsis_gcc.h **** 
 838:Inc/CMSIS/Core/Include/cmsis_gcc.h **** /**
ARM GAS  /tmp/ccOMA1VY.s 			page 47


 839:Inc/CMSIS/Core/Include/cmsis_gcc.h ****   \brief   Wait For Interrupt
 840:Inc/CMSIS/Core/Include/cmsis_gcc.h ****   \details Wait For Interrupt is a hint instruction that suspends execution until one of a number o
 841:Inc/CMSIS/Core/Include/cmsis_gcc.h ****  */
 842:Inc/CMSIS/Core/Include/cmsis_gcc.h **** #define __WFI()                             __ASM volatile ("wfi")
 843:Inc/CMSIS/Core/Include/cmsis_gcc.h **** 
 844:Inc/CMSIS/Core/Include/cmsis_gcc.h **** 
 845:Inc/CMSIS/Core/Include/cmsis_gcc.h **** /**
 846:Inc/CMSIS/Core/Include/cmsis_gcc.h ****   \brief   Wait For Event
 847:Inc/CMSIS/Core/Include/cmsis_gcc.h ****   \details Wait For Event is a hint instruction that permits the processor to enter
 848:Inc/CMSIS/Core/Include/cmsis_gcc.h ****            a low-power state until one of a number of events occurs.
 849:Inc/CMSIS/Core/Include/cmsis_gcc.h ****  */
 850:Inc/CMSIS/Core/Include/cmsis_gcc.h **** #define __WFE()                             __ASM volatile ("wfe")
 851:Inc/CMSIS/Core/Include/cmsis_gcc.h **** 
 852:Inc/CMSIS/Core/Include/cmsis_gcc.h **** 
 853:Inc/CMSIS/Core/Include/cmsis_gcc.h **** /**
 854:Inc/CMSIS/Core/Include/cmsis_gcc.h ****   \brief   Send Event
 855:Inc/CMSIS/Core/Include/cmsis_gcc.h ****   \details Send Event is a hint instruction. It causes an event to be signaled to the CPU.
 856:Inc/CMSIS/Core/Include/cmsis_gcc.h ****  */
 857:Inc/CMSIS/Core/Include/cmsis_gcc.h **** #define __SEV()                             __ASM volatile ("sev")
 858:Inc/CMSIS/Core/Include/cmsis_gcc.h **** 
 859:Inc/CMSIS/Core/Include/cmsis_gcc.h **** 
 860:Inc/CMSIS/Core/Include/cmsis_gcc.h **** /**
 861:Inc/CMSIS/Core/Include/cmsis_gcc.h ****   \brief   Instruction Synchronization Barrier
 862:Inc/CMSIS/Core/Include/cmsis_gcc.h ****   \details Instruction Synchronization Barrier flushes the pipeline in the processor,
 863:Inc/CMSIS/Core/Include/cmsis_gcc.h ****            so that all instructions following the ISB are fetched from cache or memory,
 864:Inc/CMSIS/Core/Include/cmsis_gcc.h ****            after the instruction has been completed.
 865:Inc/CMSIS/Core/Include/cmsis_gcc.h ****  */
 866:Inc/CMSIS/Core/Include/cmsis_gcc.h **** __STATIC_FORCEINLINE void __ISB(void)
 867:Inc/CMSIS/Core/Include/cmsis_gcc.h **** {
 868:Inc/CMSIS/Core/Include/cmsis_gcc.h ****   __ASM volatile ("isb 0xF":::"memory");
 869:Inc/CMSIS/Core/Include/cmsis_gcc.h **** }
 870:Inc/CMSIS/Core/Include/cmsis_gcc.h **** 
 871:Inc/CMSIS/Core/Include/cmsis_gcc.h **** 
 872:Inc/CMSIS/Core/Include/cmsis_gcc.h **** /**
 873:Inc/CMSIS/Core/Include/cmsis_gcc.h ****   \brief   Data Synchronization Barrier
 874:Inc/CMSIS/Core/Include/cmsis_gcc.h ****   \details Acts as a special kind of Data Memory Barrier.
 875:Inc/CMSIS/Core/Include/cmsis_gcc.h ****            It completes when all explicit memory accesses before this instruction complete.
 876:Inc/CMSIS/Core/Include/cmsis_gcc.h ****  */
 877:Inc/CMSIS/Core/Include/cmsis_gcc.h **** __STATIC_FORCEINLINE void __DSB(void)
  57              		.loc 3 877 27 view .LVU10
  58              	.LBB33:
 878:Inc/CMSIS/Core/Include/cmsis_gcc.h **** {
 879:Inc/CMSIS/Core/Include/cmsis_gcc.h ****   __ASM volatile ("dsb 0xF":::"memory");
  59              		.loc 3 879 3 view .LVU11
  60              		.syntax unified
  61              	@ 879 "Inc/CMSIS/Core/Include/cmsis_gcc.h" 1
  62 0016 BFF34F8F 		dsb 0xF
  63              	@ 0 "" 2
  64              		.thumb
  65              		.syntax unified
  66              	.LBE33:
  67              	.LBE32:
1730:Inc/CMSIS/Core/Include/core_cm4.h ****     __ISB();
  68              		.loc 2 1730 5 view .LVU12
  69              	.LBB34:
  70              	.LBI34:
 866:Inc/CMSIS/Core/Include/cmsis_gcc.h **** {
ARM GAS  /tmp/ccOMA1VY.s 			page 48


  71              		.loc 3 866 27 view .LVU13
  72              	.LBB35:
 868:Inc/CMSIS/Core/Include/cmsis_gcc.h **** }
  73              		.loc 3 868 3 view .LVU14
  74              		.syntax unified
  75              	@ 868 "Inc/CMSIS/Core/Include/cmsis_gcc.h" 1
  76 001a BFF36F8F 		isb 0xF
  77              	@ 0 "" 2
  78              		.thumb
  79              		.syntax unified
  80              	.L1:
  81              	.LBE35:
  82              	.LBE34:
1731:Inc/CMSIS/Core/Include/core_cm4.h ****   }
1732:Inc/CMSIS/Core/Include/core_cm4.h **** }
  83              		.loc 2 1732 1 is_stmt 0 view .LVU15
  84 001e 7047     		bx	lr
  85              	.L4:
  86              		.align	2
  87              	.L3:
  88 0020 00E100E0 		.word	-536813312
  89              		.cfi_endproc
  90              	.LFE106:
  92              		.section	.text.__NVIC_SetPriority,"ax",%progbits
  93              		.align	1
  94              		.syntax unified
  95              		.thumb
  96              		.thumb_func
  98              	__NVIC_SetPriority:
  99              	.LVL2:
 100              	.LFB111:
1733:Inc/CMSIS/Core/Include/core_cm4.h **** 
1734:Inc/CMSIS/Core/Include/core_cm4.h **** 
1735:Inc/CMSIS/Core/Include/core_cm4.h **** /**
1736:Inc/CMSIS/Core/Include/core_cm4.h ****   \brief   Get Pending Interrupt
1737:Inc/CMSIS/Core/Include/core_cm4.h ****   \details Reads the NVIC pending register and returns the pending bit for the specified device spe
1738:Inc/CMSIS/Core/Include/core_cm4.h ****   \param [in]      IRQn  Device specific interrupt number.
1739:Inc/CMSIS/Core/Include/core_cm4.h ****   \return             0  Interrupt status is not pending.
1740:Inc/CMSIS/Core/Include/core_cm4.h ****   \return             1  Interrupt status is pending.
1741:Inc/CMSIS/Core/Include/core_cm4.h ****   \note    IRQn must not be negative.
1742:Inc/CMSIS/Core/Include/core_cm4.h ****  */
1743:Inc/CMSIS/Core/Include/core_cm4.h **** __STATIC_INLINE uint32_t __NVIC_GetPendingIRQ(IRQn_Type IRQn)
1744:Inc/CMSIS/Core/Include/core_cm4.h **** {
1745:Inc/CMSIS/Core/Include/core_cm4.h ****   if ((int32_t)(IRQn) >= 0)
1746:Inc/CMSIS/Core/Include/core_cm4.h ****   {
1747:Inc/CMSIS/Core/Include/core_cm4.h ****     return((uint32_t)(((NVIC->ISPR[(((uint32_t)IRQn) >> 5UL)] & (1UL << (((uint32_t)IRQn) & 0x1FUL)
1748:Inc/CMSIS/Core/Include/core_cm4.h ****   }
1749:Inc/CMSIS/Core/Include/core_cm4.h ****   else
1750:Inc/CMSIS/Core/Include/core_cm4.h ****   {
1751:Inc/CMSIS/Core/Include/core_cm4.h ****     return(0U);
1752:Inc/CMSIS/Core/Include/core_cm4.h ****   }
1753:Inc/CMSIS/Core/Include/core_cm4.h **** }
1754:Inc/CMSIS/Core/Include/core_cm4.h **** 
1755:Inc/CMSIS/Core/Include/core_cm4.h **** 
1756:Inc/CMSIS/Core/Include/core_cm4.h **** /**
1757:Inc/CMSIS/Core/Include/core_cm4.h ****   \brief   Set Pending Interrupt
1758:Inc/CMSIS/Core/Include/core_cm4.h ****   \details Sets the pending bit of a device specific interrupt in the NVIC pending register.
ARM GAS  /tmp/ccOMA1VY.s 			page 49


1759:Inc/CMSIS/Core/Include/core_cm4.h ****   \param [in]      IRQn  Device specific interrupt number.
1760:Inc/CMSIS/Core/Include/core_cm4.h ****   \note    IRQn must not be negative.
1761:Inc/CMSIS/Core/Include/core_cm4.h ****  */
1762:Inc/CMSIS/Core/Include/core_cm4.h **** __STATIC_INLINE void __NVIC_SetPendingIRQ(IRQn_Type IRQn)
1763:Inc/CMSIS/Core/Include/core_cm4.h **** {
1764:Inc/CMSIS/Core/Include/core_cm4.h ****   if ((int32_t)(IRQn) >= 0)
1765:Inc/CMSIS/Core/Include/core_cm4.h ****   {
1766:Inc/CMSIS/Core/Include/core_cm4.h ****     NVIC->ISPR[(((uint32_t)IRQn) >> 5UL)] = (uint32_t)(1UL << (((uint32_t)IRQn) & 0x1FUL));
1767:Inc/CMSIS/Core/Include/core_cm4.h ****   }
1768:Inc/CMSIS/Core/Include/core_cm4.h **** }
1769:Inc/CMSIS/Core/Include/core_cm4.h **** 
1770:Inc/CMSIS/Core/Include/core_cm4.h **** 
1771:Inc/CMSIS/Core/Include/core_cm4.h **** /**
1772:Inc/CMSIS/Core/Include/core_cm4.h ****   \brief   Clear Pending Interrupt
1773:Inc/CMSIS/Core/Include/core_cm4.h ****   \details Clears the pending bit of a device specific interrupt in the NVIC pending register.
1774:Inc/CMSIS/Core/Include/core_cm4.h ****   \param [in]      IRQn  Device specific interrupt number.
1775:Inc/CMSIS/Core/Include/core_cm4.h ****   \note    IRQn must not be negative.
1776:Inc/CMSIS/Core/Include/core_cm4.h ****  */
1777:Inc/CMSIS/Core/Include/core_cm4.h **** __STATIC_INLINE void __NVIC_ClearPendingIRQ(IRQn_Type IRQn)
1778:Inc/CMSIS/Core/Include/core_cm4.h **** {
1779:Inc/CMSIS/Core/Include/core_cm4.h ****   if ((int32_t)(IRQn) >= 0)
1780:Inc/CMSIS/Core/Include/core_cm4.h ****   {
1781:Inc/CMSIS/Core/Include/core_cm4.h ****     NVIC->ICPR[(((uint32_t)IRQn) >> 5UL)] = (uint32_t)(1UL << (((uint32_t)IRQn) & 0x1FUL));
1782:Inc/CMSIS/Core/Include/core_cm4.h ****   }
1783:Inc/CMSIS/Core/Include/core_cm4.h **** }
1784:Inc/CMSIS/Core/Include/core_cm4.h **** 
1785:Inc/CMSIS/Core/Include/core_cm4.h **** 
1786:Inc/CMSIS/Core/Include/core_cm4.h **** /**
1787:Inc/CMSIS/Core/Include/core_cm4.h ****   \brief   Get Active Interrupt
1788:Inc/CMSIS/Core/Include/core_cm4.h ****   \details Reads the active register in the NVIC and returns the active bit for the device specific
1789:Inc/CMSIS/Core/Include/core_cm4.h ****   \param [in]      IRQn  Device specific interrupt number.
1790:Inc/CMSIS/Core/Include/core_cm4.h ****   \return             0  Interrupt status is not active.
1791:Inc/CMSIS/Core/Include/core_cm4.h ****   \return             1  Interrupt status is active.
1792:Inc/CMSIS/Core/Include/core_cm4.h ****   \note    IRQn must not be negative.
1793:Inc/CMSIS/Core/Include/core_cm4.h ****  */
1794:Inc/CMSIS/Core/Include/core_cm4.h **** __STATIC_INLINE uint32_t __NVIC_GetActive(IRQn_Type IRQn)
1795:Inc/CMSIS/Core/Include/core_cm4.h **** {
1796:Inc/CMSIS/Core/Include/core_cm4.h ****   if ((int32_t)(IRQn) >= 0)
1797:Inc/CMSIS/Core/Include/core_cm4.h ****   {
1798:Inc/CMSIS/Core/Include/core_cm4.h ****     return((uint32_t)(((NVIC->IABR[(((uint32_t)IRQn) >> 5UL)] & (1UL << (((uint32_t)IRQn) & 0x1FUL)
1799:Inc/CMSIS/Core/Include/core_cm4.h ****   }
1800:Inc/CMSIS/Core/Include/core_cm4.h ****   else
1801:Inc/CMSIS/Core/Include/core_cm4.h ****   {
1802:Inc/CMSIS/Core/Include/core_cm4.h ****     return(0U);
1803:Inc/CMSIS/Core/Include/core_cm4.h ****   }
1804:Inc/CMSIS/Core/Include/core_cm4.h **** }
1805:Inc/CMSIS/Core/Include/core_cm4.h **** 
1806:Inc/CMSIS/Core/Include/core_cm4.h **** 
1807:Inc/CMSIS/Core/Include/core_cm4.h **** /**
1808:Inc/CMSIS/Core/Include/core_cm4.h ****   \brief   Set Interrupt Priority
1809:Inc/CMSIS/Core/Include/core_cm4.h ****   \details Sets the priority of a device specific interrupt or a processor exception.
1810:Inc/CMSIS/Core/Include/core_cm4.h ****            The interrupt number can be positive to specify a device specific interrupt,
1811:Inc/CMSIS/Core/Include/core_cm4.h ****            or negative to specify a processor exception.
1812:Inc/CMSIS/Core/Include/core_cm4.h ****   \param [in]      IRQn  Interrupt number.
1813:Inc/CMSIS/Core/Include/core_cm4.h ****   \param [in]  priority  Priority to set.
1814:Inc/CMSIS/Core/Include/core_cm4.h ****   \note    The priority cannot be set for every processor exception.
1815:Inc/CMSIS/Core/Include/core_cm4.h ****  */
ARM GAS  /tmp/ccOMA1VY.s 			page 50


1816:Inc/CMSIS/Core/Include/core_cm4.h **** __STATIC_INLINE void __NVIC_SetPriority(IRQn_Type IRQn, uint32_t priority)
1817:Inc/CMSIS/Core/Include/core_cm4.h **** {
 101              		.loc 2 1817 1 is_stmt 1 view -0
 102              		.cfi_startproc
 103              		@ args = 0, pretend = 0, frame = 0
 104              		@ frame_needed = 0, uses_anonymous_args = 0
 105              		@ link register save eliminated.
1818:Inc/CMSIS/Core/Include/core_cm4.h ****   if ((int32_t)(IRQn) >= 0)
 106              		.loc 2 1818 3 view .LVU17
 107              		.loc 2 1818 6 is_stmt 0 view .LVU18
 108 0000 0028     		cmp	r0, #0
 109              		.loc 2 1818 6 view .LVU19
 110 0002 08DB     		blt	.L6
1819:Inc/CMSIS/Core/Include/core_cm4.h ****   {
1820:Inc/CMSIS/Core/Include/core_cm4.h ****     NVIC->IP[((uint32_t)IRQn)]               = (uint8_t)((priority << (8U - __NVIC_PRIO_BITS)) & (u
 111              		.loc 2 1820 5 is_stmt 1 view .LVU20
 112              		.loc 2 1820 48 is_stmt 0 view .LVU21
 113 0004 0901     		lsls	r1, r1, #4
 114              	.LVL3:
 115              		.loc 2 1820 48 view .LVU22
 116 0006 C9B2     		uxtb	r1, r1
 117              		.loc 2 1820 46 view .LVU23
 118 0008 00F16040 		add	r0, r0, #-536870912
 119              	.LVL4:
 120              		.loc 2 1820 46 view .LVU24
 121 000c 00F56140 		add	r0, r0, #57600
 122              	.LVL5:
 123              		.loc 2 1820 46 view .LVU25
 124 0010 80F80013 		strb	r1, [r0, #768]
 125 0014 7047     		bx	lr
 126              	.LVL6:
 127              	.L6:
1821:Inc/CMSIS/Core/Include/core_cm4.h ****   }
1822:Inc/CMSIS/Core/Include/core_cm4.h ****   else
1823:Inc/CMSIS/Core/Include/core_cm4.h ****   {
1824:Inc/CMSIS/Core/Include/core_cm4.h ****     SCB->SHP[(((uint32_t)IRQn) & 0xFUL)-4UL] = (uint8_t)((priority << (8U - __NVIC_PRIO_BITS)) & (u
 128              		.loc 2 1824 5 is_stmt 1 view .LVU26
 129              		.loc 2 1824 32 is_stmt 0 view .LVU27
 130 0016 00F00F00 		and	r0, r0, #15
 131              	.LVL7:
 132              		.loc 2 1824 48 view .LVU28
 133 001a 0901     		lsls	r1, r1, #4
 134              	.LVL8:
 135              		.loc 2 1824 48 view .LVU29
 136 001c C9B2     		uxtb	r1, r1
 137              		.loc 2 1824 46 view .LVU30
 138 001e 014B     		ldr	r3, .L8
 139 0020 1954     		strb	r1, [r3, r0]
1825:Inc/CMSIS/Core/Include/core_cm4.h ****   }
1826:Inc/CMSIS/Core/Include/core_cm4.h **** }
 140              		.loc 2 1826 1 view .LVU31
 141 0022 7047     		bx	lr
 142              	.L9:
 143              		.align	2
 144              	.L8:
 145 0024 14ED00E0 		.word	-536810220
 146              		.cfi_endproc
ARM GAS  /tmp/ccOMA1VY.s 			page 51


 147              	.LFE111:
 149              		.section	.text.__NVIC_GetPriority,"ax",%progbits
 150              		.align	1
 151              		.syntax unified
 152              		.thumb
 153              		.thumb_func
 155              	__NVIC_GetPriority:
 156              	.LVL9:
 157              	.LFB112:
1827:Inc/CMSIS/Core/Include/core_cm4.h **** 
1828:Inc/CMSIS/Core/Include/core_cm4.h **** 
1829:Inc/CMSIS/Core/Include/core_cm4.h **** /**
1830:Inc/CMSIS/Core/Include/core_cm4.h ****   \brief   Get Interrupt Priority
1831:Inc/CMSIS/Core/Include/core_cm4.h ****   \details Reads the priority of a device specific interrupt or a processor exception.
1832:Inc/CMSIS/Core/Include/core_cm4.h ****            The interrupt number can be positive to specify a device specific interrupt,
1833:Inc/CMSIS/Core/Include/core_cm4.h ****            or negative to specify a processor exception.
1834:Inc/CMSIS/Core/Include/core_cm4.h ****   \param [in]   IRQn  Interrupt number.
1835:Inc/CMSIS/Core/Include/core_cm4.h ****   \return             Interrupt Priority.
1836:Inc/CMSIS/Core/Include/core_cm4.h ****                       Value is aligned automatically to the implemented priority bits of the microc
1837:Inc/CMSIS/Core/Include/core_cm4.h ****  */
1838:Inc/CMSIS/Core/Include/core_cm4.h **** __STATIC_INLINE uint32_t __NVIC_GetPriority(IRQn_Type IRQn)
1839:Inc/CMSIS/Core/Include/core_cm4.h **** {
 158              		.loc 2 1839 1 is_stmt 1 view -0
 159              		.cfi_startproc
 160              		@ args = 0, pretend = 0, frame = 0
 161              		@ frame_needed = 0, uses_anonymous_args = 0
 162              		@ link register save eliminated.
1840:Inc/CMSIS/Core/Include/core_cm4.h **** 
1841:Inc/CMSIS/Core/Include/core_cm4.h ****   if ((int32_t)(IRQn) >= 0)
 163              		.loc 2 1841 3 view .LVU33
 164              		.loc 2 1841 6 is_stmt 0 view .LVU34
 165 0000 0028     		cmp	r0, #0
 166              		.loc 2 1841 6 view .LVU35
 167 0002 07DB     		blt	.L11
1842:Inc/CMSIS/Core/Include/core_cm4.h ****   {
1843:Inc/CMSIS/Core/Include/core_cm4.h ****     return(((uint32_t)NVIC->IP[((uint32_t)IRQn)]               >> (8U - __NVIC_PRIO_BITS)));
 168              		.loc 2 1843 5 is_stmt 1 view .LVU36
 169              		.loc 2 1843 31 is_stmt 0 view .LVU37
 170 0004 00F16040 		add	r0, r0, #-536870912
 171              	.LVL10:
 172              		.loc 2 1843 31 view .LVU38
 173 0008 00F56140 		add	r0, r0, #57600
 174              	.LVL11:
 175              		.loc 2 1843 31 view .LVU39
 176 000c 90F80003 		ldrb	r0, [r0, #768]	@ zero_extendqisi2
 177              	.LVL12:
 178              		.loc 2 1843 64 view .LVU40
 179 0010 0009     		lsrs	r0, r0, #4
 180 0012 7047     		bx	lr
 181              	.L11:
1844:Inc/CMSIS/Core/Include/core_cm4.h ****   }
1845:Inc/CMSIS/Core/Include/core_cm4.h ****   else
1846:Inc/CMSIS/Core/Include/core_cm4.h ****   {
1847:Inc/CMSIS/Core/Include/core_cm4.h ****     return(((uint32_t)SCB->SHP[(((uint32_t)IRQn) & 0xFUL)-4UL] >> (8U - __NVIC_PRIO_BITS)));
 182              		.loc 2 1847 5 is_stmt 1 view .LVU41
 183              		.loc 2 1847 50 is_stmt 0 view .LVU42
 184 0014 00F00F00 		and	r0, r0, #15
ARM GAS  /tmp/ccOMA1VY.s 			page 52


 185              		.loc 2 1847 31 view .LVU43
 186 0018 014B     		ldr	r3, .L13
 187 001a 185C     		ldrb	r0, [r3, r0]	@ zero_extendqisi2
 188              		.loc 2 1847 64 view .LVU44
 189 001c 0009     		lsrs	r0, r0, #4
1848:Inc/CMSIS/Core/Include/core_cm4.h ****   }
1849:Inc/CMSIS/Core/Include/core_cm4.h **** }
 190              		.loc 2 1849 1 view .LVU45
 191 001e 7047     		bx	lr
 192              	.L14:
 193              		.align	2
 194              	.L13:
 195 0020 14ED00E0 		.word	-536810220
 196              		.cfi_endproc
 197              	.LFE112:
 199              		.section	.text.NVIC_EncodePriority,"ax",%progbits
 200              		.align	1
 201              		.syntax unified
 202              		.thumb
 203              		.thumb_func
 205              	NVIC_EncodePriority:
 206              	.LVL13:
 207              	.LFB113:
1850:Inc/CMSIS/Core/Include/core_cm4.h **** 
1851:Inc/CMSIS/Core/Include/core_cm4.h **** 
1852:Inc/CMSIS/Core/Include/core_cm4.h **** /**
1853:Inc/CMSIS/Core/Include/core_cm4.h ****   \brief   Encode Priority
1854:Inc/CMSIS/Core/Include/core_cm4.h ****   \details Encodes the priority for an interrupt with the given priority group,
1855:Inc/CMSIS/Core/Include/core_cm4.h ****            preemptive priority value, and subpriority value.
1856:Inc/CMSIS/Core/Include/core_cm4.h ****            In case of a conflict between priority grouping and available
1857:Inc/CMSIS/Core/Include/core_cm4.h ****            priority bits (__NVIC_PRIO_BITS), the smallest possible priority group is set.
1858:Inc/CMSIS/Core/Include/core_cm4.h ****   \param [in]     PriorityGroup  Used priority group.
1859:Inc/CMSIS/Core/Include/core_cm4.h ****   \param [in]   PreemptPriority  Preemptive priority value (starting from 0).
1860:Inc/CMSIS/Core/Include/core_cm4.h ****   \param [in]       SubPriority  Subpriority value (starting from 0).
1861:Inc/CMSIS/Core/Include/core_cm4.h ****   \return                        Encoded priority. Value can be used in the function \ref NVIC_SetP
1862:Inc/CMSIS/Core/Include/core_cm4.h ****  */
1863:Inc/CMSIS/Core/Include/core_cm4.h **** __STATIC_INLINE uint32_t NVIC_EncodePriority (uint32_t PriorityGroup, uint32_t PreemptPriority, uin
1864:Inc/CMSIS/Core/Include/core_cm4.h **** {
 208              		.loc 2 1864 1 is_stmt 1 view -0
 209              		.cfi_startproc
 210              		@ args = 0, pretend = 0, frame = 0
 211              		@ frame_needed = 0, uses_anonymous_args = 0
 212              		.loc 2 1864 1 is_stmt 0 view .LVU47
 213 0000 00B5     		push	{lr}
 214              		.cfi_def_cfa_offset 4
 215              		.cfi_offset 14, -4
1865:Inc/CMSIS/Core/Include/core_cm4.h ****   uint32_t PriorityGroupTmp = (PriorityGroup & (uint32_t)0x07UL);   /* only values 0..7 are used   
 216              		.loc 2 1865 3 is_stmt 1 view .LVU48
 217              		.loc 2 1865 12 is_stmt 0 view .LVU49
 218 0002 00F00700 		and	r0, r0, #7
 219              	.LVL14:
1866:Inc/CMSIS/Core/Include/core_cm4.h ****   uint32_t PreemptPriorityBits;
 220              		.loc 2 1866 3 is_stmt 1 view .LVU50
1867:Inc/CMSIS/Core/Include/core_cm4.h ****   uint32_t SubPriorityBits;
 221              		.loc 2 1867 3 view .LVU51
1868:Inc/CMSIS/Core/Include/core_cm4.h **** 
1869:Inc/CMSIS/Core/Include/core_cm4.h ****   PreemptPriorityBits = ((7UL - PriorityGroupTmp) > (uint32_t)(__NVIC_PRIO_BITS)) ? (uint32_t)(__NV
ARM GAS  /tmp/ccOMA1VY.s 			page 53


 222              		.loc 2 1869 3 view .LVU52
 223              		.loc 2 1869 31 is_stmt 0 view .LVU53
 224 0006 C0F1070C 		rsb	ip, r0, #7
 225              		.loc 2 1869 23 view .LVU54
 226 000a BCF1040F 		cmp	ip, #4
 227 000e 28BF     		it	cs
 228 0010 4FF0040C 		movcs	ip, #4
 229              	.LVL15:
1870:Inc/CMSIS/Core/Include/core_cm4.h ****   SubPriorityBits     = ((PriorityGroupTmp + (uint32_t)(__NVIC_PRIO_BITS)) < (uint32_t)7UL) ? (uint
 230              		.loc 2 1870 3 is_stmt 1 view .LVU55
 231              		.loc 2 1870 44 is_stmt 0 view .LVU56
 232 0014 031D     		adds	r3, r0, #4
 233              		.loc 2 1870 109 view .LVU57
 234 0016 062B     		cmp	r3, #6
 235 0018 0FD9     		bls	.L17
 236              		.loc 2 1870 109 discriminator 1 view .LVU58
 237 001a C31E     		subs	r3, r0, #3
 238              	.L16:
 239              	.LVL16:
1871:Inc/CMSIS/Core/Include/core_cm4.h **** 
1872:Inc/CMSIS/Core/Include/core_cm4.h ****   return (
 240              		.loc 2 1872 3 is_stmt 1 view .LVU59
1873:Inc/CMSIS/Core/Include/core_cm4.h ****            ((PreemptPriority & (uint32_t)((1UL << (PreemptPriorityBits)) - 1UL)) << SubPriorityBits
 241              		.loc 2 1873 30 is_stmt 0 view .LVU60
 242 001c 4FF0FF3E 		mov	lr, #-1
 243 0020 0EFA0CF0 		lsl	r0, lr, ip
 244              	.LVL17:
 245              		.loc 2 1873 30 view .LVU61
 246 0024 21EA0001 		bic	r1, r1, r0
 247              	.LVL18:
 248              		.loc 2 1873 82 view .LVU62
 249 0028 9940     		lsls	r1, r1, r3
1874:Inc/CMSIS/Core/Include/core_cm4.h ****            ((SubPriority     & (uint32_t)((1UL << (SubPriorityBits    )) - 1UL)))
 250              		.loc 2 1874 30 view .LVU63
 251 002a 0EFA03FE 		lsl	lr, lr, r3
 252 002e 22EA0E02 		bic	r2, r2, lr
 253              	.LVL19:
1875:Inc/CMSIS/Core/Include/core_cm4.h ****          );
1876:Inc/CMSIS/Core/Include/core_cm4.h **** }
 254              		.loc 2 1876 1 view .LVU64
 255 0032 41EA0200 		orr	r0, r1, r2
 256 0036 5DF804FB 		ldr	pc, [sp], #4
 257              	.LVL20:
 258              	.L17:
1870:Inc/CMSIS/Core/Include/core_cm4.h **** 
 259              		.loc 2 1870 109 discriminator 2 view .LVU65
 260 003a 0023     		movs	r3, #0
 261 003c EEE7     		b	.L16
 262              		.cfi_endproc
 263              	.LFE113:
 265              		.section	.text.NVIC_DecodePriority,"ax",%progbits
 266              		.align	1
 267              		.syntax unified
 268              		.thumb
 269              		.thumb_func
 271              	NVIC_DecodePriority:
 272              	.LVL21:
ARM GAS  /tmp/ccOMA1VY.s 			page 54


 273              	.LFB114:
1877:Inc/CMSIS/Core/Include/core_cm4.h **** 
1878:Inc/CMSIS/Core/Include/core_cm4.h **** 
1879:Inc/CMSIS/Core/Include/core_cm4.h **** /**
1880:Inc/CMSIS/Core/Include/core_cm4.h ****   \brief   Decode Priority
1881:Inc/CMSIS/Core/Include/core_cm4.h ****   \details Decodes an interrupt priority value with a given priority group to
1882:Inc/CMSIS/Core/Include/core_cm4.h ****            preemptive priority value and subpriority value.
1883:Inc/CMSIS/Core/Include/core_cm4.h ****            In case of a conflict between priority grouping and available
1884:Inc/CMSIS/Core/Include/core_cm4.h ****            priority bits (__NVIC_PRIO_BITS) the smallest possible priority group is set.
1885:Inc/CMSIS/Core/Include/core_cm4.h ****   \param [in]         Priority   Priority value, which can be retrieved with the function \ref NVIC
1886:Inc/CMSIS/Core/Include/core_cm4.h ****   \param [in]     PriorityGroup  Used priority group.
1887:Inc/CMSIS/Core/Include/core_cm4.h ****   \param [out] pPreemptPriority  Preemptive priority value (starting from 0).
1888:Inc/CMSIS/Core/Include/core_cm4.h ****   \param [out]     pSubPriority  Subpriority value (starting from 0).
1889:Inc/CMSIS/Core/Include/core_cm4.h ****  */
1890:Inc/CMSIS/Core/Include/core_cm4.h **** __STATIC_INLINE void NVIC_DecodePriority (uint32_t Priority, uint32_t PriorityGroup, uint32_t* cons
1891:Inc/CMSIS/Core/Include/core_cm4.h **** {
 274              		.loc 2 1891 1 is_stmt 1 view -0
 275              		.cfi_startproc
 276              		@ args = 0, pretend = 0, frame = 0
 277              		@ frame_needed = 0, uses_anonymous_args = 0
 278              		.loc 2 1891 1 is_stmt 0 view .LVU67
 279 0000 10B5     		push	{r4, lr}
 280              		.cfi_def_cfa_offset 8
 281              		.cfi_offset 4, -8
 282              		.cfi_offset 14, -4
1892:Inc/CMSIS/Core/Include/core_cm4.h ****   uint32_t PriorityGroupTmp = (PriorityGroup & (uint32_t)0x07UL);   /* only values 0..7 are used   
 283              		.loc 2 1892 3 is_stmt 1 view .LVU68
 284              		.loc 2 1892 12 is_stmt 0 view .LVU69
 285 0002 01F00701 		and	r1, r1, #7
 286              	.LVL22:
1893:Inc/CMSIS/Core/Include/core_cm4.h ****   uint32_t PreemptPriorityBits;
 287              		.loc 2 1893 3 is_stmt 1 view .LVU70
1894:Inc/CMSIS/Core/Include/core_cm4.h ****   uint32_t SubPriorityBits;
 288              		.loc 2 1894 3 view .LVU71
1895:Inc/CMSIS/Core/Include/core_cm4.h **** 
1896:Inc/CMSIS/Core/Include/core_cm4.h ****   PreemptPriorityBits = ((7UL - PriorityGroupTmp) > (uint32_t)(__NVIC_PRIO_BITS)) ? (uint32_t)(__NV
 289              		.loc 2 1896 3 view .LVU72
 290              		.loc 2 1896 31 is_stmt 0 view .LVU73
 291 0006 C1F1070C 		rsb	ip, r1, #7
 292              		.loc 2 1896 23 view .LVU74
 293 000a BCF1040F 		cmp	ip, #4
 294 000e 28BF     		it	cs
 295 0010 4FF0040C 		movcs	ip, #4
 296              	.LVL23:
1897:Inc/CMSIS/Core/Include/core_cm4.h ****   SubPriorityBits     = ((PriorityGroupTmp + (uint32_t)(__NVIC_PRIO_BITS)) < (uint32_t)7UL) ? (uint
 297              		.loc 2 1897 3 is_stmt 1 view .LVU75
 298              		.loc 2 1897 44 is_stmt 0 view .LVU76
 299 0014 0C1D     		adds	r4, r1, #4
 300              		.loc 2 1897 109 view .LVU77
 301 0016 062C     		cmp	r4, #6
 302 0018 0FD9     		bls	.L21
 303              		.loc 2 1897 109 discriminator 1 view .LVU78
 304 001a 0339     		subs	r1, r1, #3
 305              	.LVL24:
 306              	.L20:
1898:Inc/CMSIS/Core/Include/core_cm4.h **** 
1899:Inc/CMSIS/Core/Include/core_cm4.h ****   *pPreemptPriority = (Priority >> SubPriorityBits) & (uint32_t)((1UL << (PreemptPriorityBits)) - 1
ARM GAS  /tmp/ccOMA1VY.s 			page 55


 307              		.loc 2 1899 3 is_stmt 1 view .LVU79
 308              		.loc 2 1899 33 is_stmt 0 view .LVU80
 309 001c 20FA01F4 		lsr	r4, r0, r1
 310              	.LVL25:
 311              		.loc 2 1899 53 view .LVU81
 312 0020 4FF0FF3E 		mov	lr, #-1
 313 0024 0EFA0CFC 		lsl	ip, lr, ip
 314              	.LVL26:
 315              		.loc 2 1899 53 view .LVU82
 316 0028 24EA0C04 		bic	r4, r4, ip
 317              		.loc 2 1899 21 view .LVU83
 318 002c 1460     		str	r4, [r2]
1900:Inc/CMSIS/Core/Include/core_cm4.h ****   *pSubPriority     = (Priority                   ) & (uint32_t)((1UL << (SubPriorityBits    )) - 1
 319              		.loc 2 1900 3 is_stmt 1 view .LVU84
 320              		.loc 2 1900 53 is_stmt 0 view .LVU85
 321 002e 0EFA01FE 		lsl	lr, lr, r1
 322 0032 20EA0E00 		bic	r0, r0, lr
 323              	.LVL27:
 324              		.loc 2 1900 21 view .LVU86
 325 0036 1860     		str	r0, [r3]
1901:Inc/CMSIS/Core/Include/core_cm4.h **** }
 326              		.loc 2 1901 1 view .LVU87
 327 0038 10BD     		pop	{r4, pc}
 328              	.LVL28:
 329              	.L21:
1897:Inc/CMSIS/Core/Include/core_cm4.h **** 
 330              		.loc 2 1897 109 discriminator 2 view .LVU88
 331 003a 0021     		movs	r1, #0
 332              	.LVL29:
1897:Inc/CMSIS/Core/Include/core_cm4.h **** 
 333              		.loc 2 1897 109 discriminator 2 view .LVU89
 334 003c EEE7     		b	.L20
 335              		.cfi_endproc
 336              	.LFE114:
 338              		.section	.text.__NVIC_SystemReset,"ax",%progbits
 339              		.align	1
 340              		.syntax unified
 341              		.thumb
 342              		.thumb_func
 344              	__NVIC_SystemReset:
 345              	.LFB117:
1902:Inc/CMSIS/Core/Include/core_cm4.h **** 
1903:Inc/CMSIS/Core/Include/core_cm4.h **** 
1904:Inc/CMSIS/Core/Include/core_cm4.h **** /**
1905:Inc/CMSIS/Core/Include/core_cm4.h ****   \brief   Set Interrupt Vector
1906:Inc/CMSIS/Core/Include/core_cm4.h ****   \details Sets an interrupt vector in SRAM based interrupt vector table.
1907:Inc/CMSIS/Core/Include/core_cm4.h ****            The interrupt number can be positive to specify a device specific interrupt,
1908:Inc/CMSIS/Core/Include/core_cm4.h ****            or negative to specify a processor exception.
1909:Inc/CMSIS/Core/Include/core_cm4.h ****            VTOR must been relocated to SRAM before.
1910:Inc/CMSIS/Core/Include/core_cm4.h ****   \param [in]   IRQn      Interrupt number
1911:Inc/CMSIS/Core/Include/core_cm4.h ****   \param [in]   vector    Address of interrupt handler function
1912:Inc/CMSIS/Core/Include/core_cm4.h ****  */
1913:Inc/CMSIS/Core/Include/core_cm4.h **** __STATIC_INLINE void __NVIC_SetVector(IRQn_Type IRQn, uint32_t vector)
1914:Inc/CMSIS/Core/Include/core_cm4.h **** {
1915:Inc/CMSIS/Core/Include/core_cm4.h ****   uint32_t *vectors = (uint32_t *)SCB->VTOR;
1916:Inc/CMSIS/Core/Include/core_cm4.h ****   vectors[(int32_t)IRQn + NVIC_USER_IRQ_OFFSET] = vector;
1917:Inc/CMSIS/Core/Include/core_cm4.h **** }
ARM GAS  /tmp/ccOMA1VY.s 			page 56


1918:Inc/CMSIS/Core/Include/core_cm4.h **** 
1919:Inc/CMSIS/Core/Include/core_cm4.h **** 
1920:Inc/CMSIS/Core/Include/core_cm4.h **** /**
1921:Inc/CMSIS/Core/Include/core_cm4.h ****   \brief   Get Interrupt Vector
1922:Inc/CMSIS/Core/Include/core_cm4.h ****   \details Reads an interrupt vector from interrupt vector table.
1923:Inc/CMSIS/Core/Include/core_cm4.h ****            The interrupt number can be positive to specify a device specific interrupt,
1924:Inc/CMSIS/Core/Include/core_cm4.h ****            or negative to specify a processor exception.
1925:Inc/CMSIS/Core/Include/core_cm4.h ****   \param [in]   IRQn      Interrupt number.
1926:Inc/CMSIS/Core/Include/core_cm4.h ****   \return                 Address of interrupt handler function
1927:Inc/CMSIS/Core/Include/core_cm4.h ****  */
1928:Inc/CMSIS/Core/Include/core_cm4.h **** __STATIC_INLINE uint32_t __NVIC_GetVector(IRQn_Type IRQn)
1929:Inc/CMSIS/Core/Include/core_cm4.h **** {
1930:Inc/CMSIS/Core/Include/core_cm4.h ****   uint32_t *vectors = (uint32_t *)SCB->VTOR;
1931:Inc/CMSIS/Core/Include/core_cm4.h ****   return vectors[(int32_t)IRQn + NVIC_USER_IRQ_OFFSET];
1932:Inc/CMSIS/Core/Include/core_cm4.h **** }
1933:Inc/CMSIS/Core/Include/core_cm4.h **** 
1934:Inc/CMSIS/Core/Include/core_cm4.h **** 
1935:Inc/CMSIS/Core/Include/core_cm4.h **** /**
1936:Inc/CMSIS/Core/Include/core_cm4.h ****   \brief   System Reset
1937:Inc/CMSIS/Core/Include/core_cm4.h ****   \details Initiates a system reset request to reset the MCU.
1938:Inc/CMSIS/Core/Include/core_cm4.h ****  */
1939:Inc/CMSIS/Core/Include/core_cm4.h **** __NO_RETURN __STATIC_INLINE void __NVIC_SystemReset(void)
1940:Inc/CMSIS/Core/Include/core_cm4.h **** {
 346              		.loc 2 1940 1 is_stmt 1 view -0
 347              		.cfi_startproc
 348              		@ Volatile: function does not return.
 349              		@ args = 0, pretend = 0, frame = 0
 350              		@ frame_needed = 0, uses_anonymous_args = 0
 351              		@ link register save eliminated.
1941:Inc/CMSIS/Core/Include/core_cm4.h ****   __DSB();                                                          /* Ensure all outstanding memor
 352              		.loc 2 1941 3 view .LVU91
 353              	.LBB36:
 354              	.LBI36:
 877:Inc/CMSIS/Core/Include/cmsis_gcc.h **** {
 355              		.loc 3 877 27 view .LVU92
 356              	.LBB37:
 357              		.loc 3 879 3 view .LVU93
 358              		.syntax unified
 359              	@ 879 "Inc/CMSIS/Core/Include/cmsis_gcc.h" 1
 360 0000 BFF34F8F 		dsb 0xF
 361              	@ 0 "" 2
 362              		.thumb
 363              		.syntax unified
 364              	.LBE37:
 365              	.LBE36:
1942:Inc/CMSIS/Core/Include/core_cm4.h ****                                                                        buffered write are completed
1943:Inc/CMSIS/Core/Include/core_cm4.h ****   SCB->AIRCR  = (uint32_t)((0x5FAUL << SCB_AIRCR_VECTKEY_Pos)    |
 366              		.loc 2 1943 3 view .LVU94
1944:Inc/CMSIS/Core/Include/core_cm4.h ****                            (SCB->AIRCR & SCB_AIRCR_PRIGROUP_Msk) |
 367              		.loc 2 1944 32 is_stmt 0 view .LVU95
 368 0004 0549     		ldr	r1, .L25
 369 0006 CA68     		ldr	r2, [r1, #12]
 370              		.loc 2 1944 40 view .LVU96
 371 0008 02F4E062 		and	r2, r2, #1792
1943:Inc/CMSIS/Core/Include/core_cm4.h ****                            (SCB->AIRCR & SCB_AIRCR_PRIGROUP_Msk) |
 372              		.loc 2 1943 17 view .LVU97
 373 000c 044B     		ldr	r3, .L25+4
ARM GAS  /tmp/ccOMA1VY.s 			page 57


 374 000e 1343     		orrs	r3, r3, r2
1943:Inc/CMSIS/Core/Include/core_cm4.h ****                            (SCB->AIRCR & SCB_AIRCR_PRIGROUP_Msk) |
 375              		.loc 2 1943 15 view .LVU98
 376 0010 CB60     		str	r3, [r1, #12]
1945:Inc/CMSIS/Core/Include/core_cm4.h ****                             SCB_AIRCR_SYSRESETREQ_Msk    );         /* Keep priority group unchange
1946:Inc/CMSIS/Core/Include/core_cm4.h ****   __DSB();                                                          /* Ensure completion of memory 
 377              		.loc 2 1946 3 is_stmt 1 view .LVU99
 378              	.LBB38:
 379              	.LBI38:
 877:Inc/CMSIS/Core/Include/cmsis_gcc.h **** {
 380              		.loc 3 877 27 view .LVU100
 381              	.LBB39:
 382              		.loc 3 879 3 view .LVU101
 383              		.syntax unified
 384              	@ 879 "Inc/CMSIS/Core/Include/cmsis_gcc.h" 1
 385 0012 BFF34F8F 		dsb 0xF
 386              	@ 0 "" 2
 387              		.thumb
 388              		.syntax unified
 389              	.L24:
 390              	.LBE39:
 391              	.LBE38:
1947:Inc/CMSIS/Core/Include/core_cm4.h **** 
1948:Inc/CMSIS/Core/Include/core_cm4.h ****   for(;;)                                                           /* wait until reset */
 392              		.loc 2 1948 3 view .LVU102
1949:Inc/CMSIS/Core/Include/core_cm4.h ****   {
1950:Inc/CMSIS/Core/Include/core_cm4.h ****     __NOP();
 393              		.loc 2 1950 5 discriminator 1 view .LVU103
 394              		.syntax unified
 395              	@ 1950 "Inc/CMSIS/Core/Include/core_cm4.h" 1
 396 0016 00BF     		nop
 397              	@ 0 "" 2
1948:Inc/CMSIS/Core/Include/core_cm4.h ****   {
 398              		.loc 2 1948 3 view .LVU104
 399              		.thumb
 400              		.syntax unified
 401 0018 FDE7     		b	.L24
 402              	.L26:
 403 001a 00BF     		.align	2
 404              	.L25:
 405 001c 00ED00E0 		.word	-536810240
 406 0020 0400FA05 		.word	100270084
 407              		.cfi_endproc
 408              	.LFE117:
 410              		.section	.text.HAL_NVIC_SetPriorityGrouping,"ax",%progbits
 411              		.align	1
 412              		.global	HAL_NVIC_SetPriorityGrouping
 413              		.syntax unified
 414              		.thumb
 415              		.thumb_func
 417              	HAL_NVIC_SetPriorityGrouping:
 418              	.LVL30:
 419              	.LFB130:
   1:Inc/STM32F3xx_HAL_Driver/Src/stm32f3xx_hal_cortex.c **** /**
   2:Inc/STM32F3xx_HAL_Driver/Src/stm32f3xx_hal_cortex.c ****   ******************************************************************************
   3:Inc/STM32F3xx_HAL_Driver/Src/stm32f3xx_hal_cortex.c ****   * @file    stm32f3xx_hal_cortex.c
   4:Inc/STM32F3xx_HAL_Driver/Src/stm32f3xx_hal_cortex.c ****   * @author  MCD Application Team
ARM GAS  /tmp/ccOMA1VY.s 			page 58


   5:Inc/STM32F3xx_HAL_Driver/Src/stm32f3xx_hal_cortex.c ****   * @brief   CORTEX HAL module driver.
   6:Inc/STM32F3xx_HAL_Driver/Src/stm32f3xx_hal_cortex.c ****   *          This file provides firmware functions to manage the following
   7:Inc/STM32F3xx_HAL_Driver/Src/stm32f3xx_hal_cortex.c ****   *          functionalities of the CORTEX:
   8:Inc/STM32F3xx_HAL_Driver/Src/stm32f3xx_hal_cortex.c ****   *           + Initialization and de-initialization functions
   9:Inc/STM32F3xx_HAL_Driver/Src/stm32f3xx_hal_cortex.c ****   *           + Peripheral Control functions
  10:Inc/STM32F3xx_HAL_Driver/Src/stm32f3xx_hal_cortex.c ****   *
  11:Inc/STM32F3xx_HAL_Driver/Src/stm32f3xx_hal_cortex.c ****   *  @verbatim
  12:Inc/STM32F3xx_HAL_Driver/Src/stm32f3xx_hal_cortex.c ****   ==============================================================================
  13:Inc/STM32F3xx_HAL_Driver/Src/stm32f3xx_hal_cortex.c ****                         ##### How to use this driver #####
  14:Inc/STM32F3xx_HAL_Driver/Src/stm32f3xx_hal_cortex.c ****   ==============================================================================
  15:Inc/STM32F3xx_HAL_Driver/Src/stm32f3xx_hal_cortex.c **** 
  16:Inc/STM32F3xx_HAL_Driver/Src/stm32f3xx_hal_cortex.c ****     [..]
  17:Inc/STM32F3xx_HAL_Driver/Src/stm32f3xx_hal_cortex.c ****     *** How to configure Interrupts using CORTEX HAL driver ***
  18:Inc/STM32F3xx_HAL_Driver/Src/stm32f3xx_hal_cortex.c ****     ===========================================================
  19:Inc/STM32F3xx_HAL_Driver/Src/stm32f3xx_hal_cortex.c ****     [..]
  20:Inc/STM32F3xx_HAL_Driver/Src/stm32f3xx_hal_cortex.c ****     This section provides functions allowing to configure the NVIC interrupts (IRQ).
  21:Inc/STM32F3xx_HAL_Driver/Src/stm32f3xx_hal_cortex.c ****     The Cortex-M4 exceptions are managed by CMSIS functions.
  22:Inc/STM32F3xx_HAL_Driver/Src/stm32f3xx_hal_cortex.c **** 
  23:Inc/STM32F3xx_HAL_Driver/Src/stm32f3xx_hal_cortex.c ****     (#) Configure the NVIC Priority Grouping using HAL_NVIC_SetPriorityGrouping() function
  24:Inc/STM32F3xx_HAL_Driver/Src/stm32f3xx_hal_cortex.c **** 
  25:Inc/STM32F3xx_HAL_Driver/Src/stm32f3xx_hal_cortex.c ****      (#)  Configure the priority of the selected IRQ Channels using HAL_NVIC_SetPriority()
  26:Inc/STM32F3xx_HAL_Driver/Src/stm32f3xx_hal_cortex.c **** 
  27:Inc/STM32F3xx_HAL_Driver/Src/stm32f3xx_hal_cortex.c ****      (#)  Enable the selected IRQ Channels using HAL_NVIC_EnableIRQ()
  28:Inc/STM32F3xx_HAL_Driver/Src/stm32f3xx_hal_cortex.c **** 
  29:Inc/STM32F3xx_HAL_Driver/Src/stm32f3xx_hal_cortex.c **** 
  30:Inc/STM32F3xx_HAL_Driver/Src/stm32f3xx_hal_cortex.c ****      -@- When the NVIC_PRIORITYGROUP_0 is selected, IRQ pre-emption is no more possible.
  31:Inc/STM32F3xx_HAL_Driver/Src/stm32f3xx_hal_cortex.c ****          The pending IRQ priority will be managed only by the sub priority.
  32:Inc/STM32F3xx_HAL_Driver/Src/stm32f3xx_hal_cortex.c **** 
  33:Inc/STM32F3xx_HAL_Driver/Src/stm32f3xx_hal_cortex.c ****      -@- IRQ priority order (sorted by highest to lowest priority):
  34:Inc/STM32F3xx_HAL_Driver/Src/stm32f3xx_hal_cortex.c ****         (+@) Lowest pre-emption priority
  35:Inc/STM32F3xx_HAL_Driver/Src/stm32f3xx_hal_cortex.c ****         (+@) Lowest sub priority
  36:Inc/STM32F3xx_HAL_Driver/Src/stm32f3xx_hal_cortex.c ****         (+@) Lowest hardware priority (IRQ number)
  37:Inc/STM32F3xx_HAL_Driver/Src/stm32f3xx_hal_cortex.c **** 
  38:Inc/STM32F3xx_HAL_Driver/Src/stm32f3xx_hal_cortex.c ****     [..]
  39:Inc/STM32F3xx_HAL_Driver/Src/stm32f3xx_hal_cortex.c ****     *** How to configure Systick using CORTEX HAL driver ***
  40:Inc/STM32F3xx_HAL_Driver/Src/stm32f3xx_hal_cortex.c ****     ========================================================
  41:Inc/STM32F3xx_HAL_Driver/Src/stm32f3xx_hal_cortex.c ****     [..]
  42:Inc/STM32F3xx_HAL_Driver/Src/stm32f3xx_hal_cortex.c ****     Setup SysTick Timer for time base 
  43:Inc/STM32F3xx_HAL_Driver/Src/stm32f3xx_hal_cortex.c ****            
  44:Inc/STM32F3xx_HAL_Driver/Src/stm32f3xx_hal_cortex.c ****    (+) The HAL_SYSTICK_Config()function calls the SysTick_Config() function which
  45:Inc/STM32F3xx_HAL_Driver/Src/stm32f3xx_hal_cortex.c ****        is a CMSIS function that:
  46:Inc/STM32F3xx_HAL_Driver/Src/stm32f3xx_hal_cortex.c ****         (++) Configures the SysTick Reload register with value passed as function parameter.
  47:Inc/STM32F3xx_HAL_Driver/Src/stm32f3xx_hal_cortex.c ****         (++) Configures the SysTick IRQ priority to the lowest value (0x0FU).
  48:Inc/STM32F3xx_HAL_Driver/Src/stm32f3xx_hal_cortex.c ****         (++) Resets the SysTick Counter register.
  49:Inc/STM32F3xx_HAL_Driver/Src/stm32f3xx_hal_cortex.c ****         (++) Configures the SysTick Counter clock source to be Core Clock Source (HCLK).
  50:Inc/STM32F3xx_HAL_Driver/Src/stm32f3xx_hal_cortex.c ****         (++) Enables the SysTick Interrupt.
  51:Inc/STM32F3xx_HAL_Driver/Src/stm32f3xx_hal_cortex.c ****         (++) Starts the SysTick Counter.
  52:Inc/STM32F3xx_HAL_Driver/Src/stm32f3xx_hal_cortex.c ****     
  53:Inc/STM32F3xx_HAL_Driver/Src/stm32f3xx_hal_cortex.c ****    (+) You can change the SysTick Clock source to be HCLK_Div8 by calling the macro
  54:Inc/STM32F3xx_HAL_Driver/Src/stm32f3xx_hal_cortex.c ****        __HAL_CORTEX_SYSTICKCLK_CONFIG(SYSTICK_CLKSOURCE_HCLK_DIV8) just after the
  55:Inc/STM32F3xx_HAL_Driver/Src/stm32f3xx_hal_cortex.c ****        HAL_SYSTICK_Config() function call. The __HAL_CORTEX_SYSTICKCLK_CONFIG() macro is defined
  56:Inc/STM32F3xx_HAL_Driver/Src/stm32f3xx_hal_cortex.c ****        inside the stm32f3xx_hal_cortex.h file.
  57:Inc/STM32F3xx_HAL_Driver/Src/stm32f3xx_hal_cortex.c **** 
  58:Inc/STM32F3xx_HAL_Driver/Src/stm32f3xx_hal_cortex.c ****    (+) You can change the SysTick IRQ priority by calling the
  59:Inc/STM32F3xx_HAL_Driver/Src/stm32f3xx_hal_cortex.c ****        HAL_NVIC_SetPriority(SysTick_IRQn,...) function just after the HAL_SYSTICK_Config() function
  60:Inc/STM32F3xx_HAL_Driver/Src/stm32f3xx_hal_cortex.c ****        call. The HAL_NVIC_SetPriority() call the NVIC_SetPriority() function which is a CMSIS funct
  61:Inc/STM32F3xx_HAL_Driver/Src/stm32f3xx_hal_cortex.c **** 
ARM GAS  /tmp/ccOMA1VY.s 			page 59


  62:Inc/STM32F3xx_HAL_Driver/Src/stm32f3xx_hal_cortex.c ****    (+) To adjust the SysTick time base, use the following formula:
  63:Inc/STM32F3xx_HAL_Driver/Src/stm32f3xx_hal_cortex.c **** 
  64:Inc/STM32F3xx_HAL_Driver/Src/stm32f3xx_hal_cortex.c ****        Reload Value = SysTick Counter Clock (Hz) x  Desired Time base (s)
  65:Inc/STM32F3xx_HAL_Driver/Src/stm32f3xx_hal_cortex.c ****        (++) Reload Value is the parameter to be passed for HAL_SYSTICK_Config() function
  66:Inc/STM32F3xx_HAL_Driver/Src/stm32f3xx_hal_cortex.c ****        (++) Reload Value should not exceed 0xFFFFFF
  67:Inc/STM32F3xx_HAL_Driver/Src/stm32f3xx_hal_cortex.c **** 
  68:Inc/STM32F3xx_HAL_Driver/Src/stm32f3xx_hal_cortex.c ****   @endverbatim
  69:Inc/STM32F3xx_HAL_Driver/Src/stm32f3xx_hal_cortex.c ****   ******************************************************************************
  70:Inc/STM32F3xx_HAL_Driver/Src/stm32f3xx_hal_cortex.c ****   * @attention
  71:Inc/STM32F3xx_HAL_Driver/Src/stm32f3xx_hal_cortex.c ****   *
  72:Inc/STM32F3xx_HAL_Driver/Src/stm32f3xx_hal_cortex.c ****   * Copyright (c) 2016 STMicroelectronics.
  73:Inc/STM32F3xx_HAL_Driver/Src/stm32f3xx_hal_cortex.c ****   * All rights reserved.
  74:Inc/STM32F3xx_HAL_Driver/Src/stm32f3xx_hal_cortex.c ****   *
  75:Inc/STM32F3xx_HAL_Driver/Src/stm32f3xx_hal_cortex.c ****   * This software is licensed under terms that can be found in the LICENSE file in
  76:Inc/STM32F3xx_HAL_Driver/Src/stm32f3xx_hal_cortex.c ****   * the root directory of this software component.
  77:Inc/STM32F3xx_HAL_Driver/Src/stm32f3xx_hal_cortex.c ****   * If no LICENSE file comes with this software, it is provided AS-IS.
  78:Inc/STM32F3xx_HAL_Driver/Src/stm32f3xx_hal_cortex.c ****   *
  79:Inc/STM32F3xx_HAL_Driver/Src/stm32f3xx_hal_cortex.c ****   ******************************************************************************
  80:Inc/STM32F3xx_HAL_Driver/Src/stm32f3xx_hal_cortex.c ****   */
  81:Inc/STM32F3xx_HAL_Driver/Src/stm32f3xx_hal_cortex.c **** 
  82:Inc/STM32F3xx_HAL_Driver/Src/stm32f3xx_hal_cortex.c **** /*
  83:Inc/STM32F3xx_HAL_Driver/Src/stm32f3xx_hal_cortex.c ****   Additional Tables: CORTEX_NVIC_Priority_Table
  84:Inc/STM32F3xx_HAL_Driver/Src/stm32f3xx_hal_cortex.c ****      The table below gives the allowed values of the pre-emption priority and subpriority according
  85:Inc/STM32F3xx_HAL_Driver/Src/stm32f3xx_hal_cortex.c ****      to the Priority Grouping configuration performed by HAL_NVIC_SetPriorityGrouping() function
  86:Inc/STM32F3xx_HAL_Driver/Src/stm32f3xx_hal_cortex.c ****        ============================================================================================
  87:Inc/STM32F3xx_HAL_Driver/Src/stm32f3xx_hal_cortex.c ****          NVIC_PriorityGroup   | NVIC_IRQChannelPreemptionPriority | NVIC_IRQChannelSubPriority  |  
  88:Inc/STM32F3xx_HAL_Driver/Src/stm32f3xx_hal_cortex.c ****        ============================================================================================
  89:Inc/STM32F3xx_HAL_Driver/Src/stm32f3xx_hal_cortex.c ****         NVIC_PRIORITYGROUP_0  |                0                  |            0U-15             | 
  90:Inc/STM32F3xx_HAL_Driver/Src/stm32f3xx_hal_cortex.c ****                               |                                   |                             | 4
  91:Inc/STM32F3xx_HAL_Driver/Src/stm32f3xx_hal_cortex.c ****        --------------------------------------------------------------------------------------------
  92:Inc/STM32F3xx_HAL_Driver/Src/stm32f3xx_hal_cortex.c ****         NVIC_PRIORITYGROUP_1  |                0U-1                |            0U-7              |
  93:Inc/STM32F3xx_HAL_Driver/Src/stm32f3xx_hal_cortex.c ****                               |                                   |                             | 3
  94:Inc/STM32F3xx_HAL_Driver/Src/stm32f3xx_hal_cortex.c ****        --------------------------------------------------------------------------------------------
  95:Inc/STM32F3xx_HAL_Driver/Src/stm32f3xx_hal_cortex.c ****         NVIC_PRIORITYGROUP_2  |                0U-3                |            0U-3              |
  96:Inc/STM32F3xx_HAL_Driver/Src/stm32f3xx_hal_cortex.c ****                               |                                   |                             | 2
  97:Inc/STM32F3xx_HAL_Driver/Src/stm32f3xx_hal_cortex.c ****        --------------------------------------------------------------------------------------------
  98:Inc/STM32F3xx_HAL_Driver/Src/stm32f3xx_hal_cortex.c ****         NVIC_PRIORITYGROUP_3  |                0U-7                |            0U-1              |
  99:Inc/STM32F3xx_HAL_Driver/Src/stm32f3xx_hal_cortex.c ****                               |                                   |                             | 1
 100:Inc/STM32F3xx_HAL_Driver/Src/stm32f3xx_hal_cortex.c ****        --------------------------------------------------------------------------------------------
 101:Inc/STM32F3xx_HAL_Driver/Src/stm32f3xx_hal_cortex.c ****         NVIC_PRIORITYGROUP_4  |                0U-15               |            0                | 
 102:Inc/STM32F3xx_HAL_Driver/Src/stm32f3xx_hal_cortex.c ****                               |                                   |                             | 0
 103:Inc/STM32F3xx_HAL_Driver/Src/stm32f3xx_hal_cortex.c ****        ============================================================================================
 104:Inc/STM32F3xx_HAL_Driver/Src/stm32f3xx_hal_cortex.c **** 
 105:Inc/STM32F3xx_HAL_Driver/Src/stm32f3xx_hal_cortex.c **** */
 106:Inc/STM32F3xx_HAL_Driver/Src/stm32f3xx_hal_cortex.c **** 
 107:Inc/STM32F3xx_HAL_Driver/Src/stm32f3xx_hal_cortex.c **** /* Includes ------------------------------------------------------------------*/
 108:Inc/STM32F3xx_HAL_Driver/Src/stm32f3xx_hal_cortex.c **** #include "stm32f3xx_hal.h"
 109:Inc/STM32F3xx_HAL_Driver/Src/stm32f3xx_hal_cortex.c **** 
 110:Inc/STM32F3xx_HAL_Driver/Src/stm32f3xx_hal_cortex.c **** /** @addtogroup STM32F3xx_HAL_Driver
 111:Inc/STM32F3xx_HAL_Driver/Src/stm32f3xx_hal_cortex.c ****   * @{
 112:Inc/STM32F3xx_HAL_Driver/Src/stm32f3xx_hal_cortex.c ****   */
 113:Inc/STM32F3xx_HAL_Driver/Src/stm32f3xx_hal_cortex.c **** 
 114:Inc/STM32F3xx_HAL_Driver/Src/stm32f3xx_hal_cortex.c **** /** @defgroup CORTEX CORTEX
 115:Inc/STM32F3xx_HAL_Driver/Src/stm32f3xx_hal_cortex.c ****   * @brief CORTEX CORTEX HAL module driver
 116:Inc/STM32F3xx_HAL_Driver/Src/stm32f3xx_hal_cortex.c ****   * @{
 117:Inc/STM32F3xx_HAL_Driver/Src/stm32f3xx_hal_cortex.c ****   */
 118:Inc/STM32F3xx_HAL_Driver/Src/stm32f3xx_hal_cortex.c **** 
ARM GAS  /tmp/ccOMA1VY.s 			page 60


 119:Inc/STM32F3xx_HAL_Driver/Src/stm32f3xx_hal_cortex.c **** #ifdef HAL_CORTEX_MODULE_ENABLED
 120:Inc/STM32F3xx_HAL_Driver/Src/stm32f3xx_hal_cortex.c **** 
 121:Inc/STM32F3xx_HAL_Driver/Src/stm32f3xx_hal_cortex.c **** /* Private typedef -----------------------------------------------------------*/
 122:Inc/STM32F3xx_HAL_Driver/Src/stm32f3xx_hal_cortex.c **** /* Private define ------------------------------------------------------------*/
 123:Inc/STM32F3xx_HAL_Driver/Src/stm32f3xx_hal_cortex.c **** /* Private macro -------------------------------------------------------------*/
 124:Inc/STM32F3xx_HAL_Driver/Src/stm32f3xx_hal_cortex.c **** /* Private variables ---------------------------------------------------------*/
 125:Inc/STM32F3xx_HAL_Driver/Src/stm32f3xx_hal_cortex.c **** /* Private function prototypes -----------------------------------------------*/
 126:Inc/STM32F3xx_HAL_Driver/Src/stm32f3xx_hal_cortex.c **** /* Exported functions ---------------------------------------------------------*/
 127:Inc/STM32F3xx_HAL_Driver/Src/stm32f3xx_hal_cortex.c **** 
 128:Inc/STM32F3xx_HAL_Driver/Src/stm32f3xx_hal_cortex.c **** /** @defgroup CORTEX_Exported_Functions CORTEX Exported Functions
 129:Inc/STM32F3xx_HAL_Driver/Src/stm32f3xx_hal_cortex.c ****   * @{
 130:Inc/STM32F3xx_HAL_Driver/Src/stm32f3xx_hal_cortex.c ****   */
 131:Inc/STM32F3xx_HAL_Driver/Src/stm32f3xx_hal_cortex.c **** 
 132:Inc/STM32F3xx_HAL_Driver/Src/stm32f3xx_hal_cortex.c **** 
 133:Inc/STM32F3xx_HAL_Driver/Src/stm32f3xx_hal_cortex.c **** /** @defgroup CORTEX_Exported_Functions_Group1 Initialization and de-initialization functions
 134:Inc/STM32F3xx_HAL_Driver/Src/stm32f3xx_hal_cortex.c ****  *  @brief    Initialization and Configuration functions
 135:Inc/STM32F3xx_HAL_Driver/Src/stm32f3xx_hal_cortex.c ****  *
 136:Inc/STM32F3xx_HAL_Driver/Src/stm32f3xx_hal_cortex.c **** @verbatim
 137:Inc/STM32F3xx_HAL_Driver/Src/stm32f3xx_hal_cortex.c ****   ==============================================================================
 138:Inc/STM32F3xx_HAL_Driver/Src/stm32f3xx_hal_cortex.c ****               ##### Initialization and de-initialization functions #####
 139:Inc/STM32F3xx_HAL_Driver/Src/stm32f3xx_hal_cortex.c ****   ==============================================================================
 140:Inc/STM32F3xx_HAL_Driver/Src/stm32f3xx_hal_cortex.c ****     [..]
 141:Inc/STM32F3xx_HAL_Driver/Src/stm32f3xx_hal_cortex.c ****       This section provides the CORTEX HAL driver functions allowing to configure Interrupts
 142:Inc/STM32F3xx_HAL_Driver/Src/stm32f3xx_hal_cortex.c ****       Systick functionalities
 143:Inc/STM32F3xx_HAL_Driver/Src/stm32f3xx_hal_cortex.c **** 
 144:Inc/STM32F3xx_HAL_Driver/Src/stm32f3xx_hal_cortex.c **** @endverbatim
 145:Inc/STM32F3xx_HAL_Driver/Src/stm32f3xx_hal_cortex.c ****   * @{
 146:Inc/STM32F3xx_HAL_Driver/Src/stm32f3xx_hal_cortex.c ****   */
 147:Inc/STM32F3xx_HAL_Driver/Src/stm32f3xx_hal_cortex.c **** 
 148:Inc/STM32F3xx_HAL_Driver/Src/stm32f3xx_hal_cortex.c **** 
 149:Inc/STM32F3xx_HAL_Driver/Src/stm32f3xx_hal_cortex.c **** /**
 150:Inc/STM32F3xx_HAL_Driver/Src/stm32f3xx_hal_cortex.c ****   * @brief  Sets the priority grouping field (pre-emption priority and subpriority)
 151:Inc/STM32F3xx_HAL_Driver/Src/stm32f3xx_hal_cortex.c ****   *         using the required unlock sequence.
 152:Inc/STM32F3xx_HAL_Driver/Src/stm32f3xx_hal_cortex.c ****   * @param  PriorityGroup The priority grouping bits length.
 153:Inc/STM32F3xx_HAL_Driver/Src/stm32f3xx_hal_cortex.c ****   *         This parameter can be one of the following values:
 154:Inc/STM32F3xx_HAL_Driver/Src/stm32f3xx_hal_cortex.c ****   *         @arg NVIC_PRIORITYGROUP_0: 0 bits for pre-emption priority
 155:Inc/STM32F3xx_HAL_Driver/Src/stm32f3xx_hal_cortex.c ****   *                                    4 bits for subpriority
 156:Inc/STM32F3xx_HAL_Driver/Src/stm32f3xx_hal_cortex.c ****   *         @arg NVIC_PRIORITYGROUP_1: 1 bits for pre-emption priority
 157:Inc/STM32F3xx_HAL_Driver/Src/stm32f3xx_hal_cortex.c ****   *                                    3 bits for subpriority
 158:Inc/STM32F3xx_HAL_Driver/Src/stm32f3xx_hal_cortex.c ****   *         @arg NVIC_PRIORITYGROUP_2: 2 bits for pre-emption priority
 159:Inc/STM32F3xx_HAL_Driver/Src/stm32f3xx_hal_cortex.c ****   *                                    2 bits for subpriority
 160:Inc/STM32F3xx_HAL_Driver/Src/stm32f3xx_hal_cortex.c ****   *         @arg NVIC_PRIORITYGROUP_3: 3 bits for pre-emption priority
 161:Inc/STM32F3xx_HAL_Driver/Src/stm32f3xx_hal_cortex.c ****   *                                    1 bits for subpriority
 162:Inc/STM32F3xx_HAL_Driver/Src/stm32f3xx_hal_cortex.c ****   *         @arg NVIC_PRIORITYGROUP_4: 4 bits for pre-emption priority
 163:Inc/STM32F3xx_HAL_Driver/Src/stm32f3xx_hal_cortex.c ****   *                                    0 bits for subpriority
 164:Inc/STM32F3xx_HAL_Driver/Src/stm32f3xx_hal_cortex.c ****   * @note   When the NVIC_PriorityGroup_0 is selected, IRQ pre-emption is no more possible.
 165:Inc/STM32F3xx_HAL_Driver/Src/stm32f3xx_hal_cortex.c ****   *         The pending IRQ priority will be managed only by the subpriority.
 166:Inc/STM32F3xx_HAL_Driver/Src/stm32f3xx_hal_cortex.c ****   * @retval None
 167:Inc/STM32F3xx_HAL_Driver/Src/stm32f3xx_hal_cortex.c ****   */
 168:Inc/STM32F3xx_HAL_Driver/Src/stm32f3xx_hal_cortex.c **** void HAL_NVIC_SetPriorityGrouping(uint32_t PriorityGroup)
 169:Inc/STM32F3xx_HAL_Driver/Src/stm32f3xx_hal_cortex.c **** {
 420              		.loc 1 169 1 view -0
 421              		.cfi_startproc
 422              		@ args = 0, pretend = 0, frame = 0
 423              		@ frame_needed = 0, uses_anonymous_args = 0
 424              		@ link register save eliminated.
 170:Inc/STM32F3xx_HAL_Driver/Src/stm32f3xx_hal_cortex.c ****   /* Check the parameters */
ARM GAS  /tmp/ccOMA1VY.s 			page 61


 171:Inc/STM32F3xx_HAL_Driver/Src/stm32f3xx_hal_cortex.c ****   assert_param(IS_NVIC_PRIORITY_GROUP(PriorityGroup));
 425              		.loc 1 171 3 view .LVU106
 172:Inc/STM32F3xx_HAL_Driver/Src/stm32f3xx_hal_cortex.c **** 
 173:Inc/STM32F3xx_HAL_Driver/Src/stm32f3xx_hal_cortex.c ****   /* Set the PRIGROUP[10:8] bits according to the PriorityGroup parameter value */
 174:Inc/STM32F3xx_HAL_Driver/Src/stm32f3xx_hal_cortex.c ****   NVIC_SetPriorityGrouping(PriorityGroup);
 426              		.loc 1 174 3 view .LVU107
 427              	.LBB40:
 428              	.LBI40:
1657:Inc/CMSIS/Core/Include/core_cm4.h **** {
 429              		.loc 2 1657 22 view .LVU108
 430              	.LBB41:
1659:Inc/CMSIS/Core/Include/core_cm4.h ****   uint32_t PriorityGroupTmp = (PriorityGroup & (uint32_t)0x07UL);             /* only values 0..7 a
 431              		.loc 2 1659 3 view .LVU109
1660:Inc/CMSIS/Core/Include/core_cm4.h **** 
 432              		.loc 2 1660 3 view .LVU110
1662:Inc/CMSIS/Core/Include/core_cm4.h ****   reg_value &= ~((uint32_t)(SCB_AIRCR_VECTKEY_Msk | SCB_AIRCR_PRIGROUP_Msk)); /* clear bits to chan
 433              		.loc 2 1662 3 view .LVU111
1662:Inc/CMSIS/Core/Include/core_cm4.h ****   reg_value &= ~((uint32_t)(SCB_AIRCR_VECTKEY_Msk | SCB_AIRCR_PRIGROUP_Msk)); /* clear bits to chan
 434              		.loc 2 1662 14 is_stmt 0 view .LVU112
 435 0000 074A     		ldr	r2, .L28
 436 0002 D368     		ldr	r3, [r2, #12]
 437              	.LVL31:
1663:Inc/CMSIS/Core/Include/core_cm4.h ****   reg_value  =  (reg_value                                   |
 438              		.loc 2 1663 3 is_stmt 1 view .LVU113
1663:Inc/CMSIS/Core/Include/core_cm4.h ****   reg_value  =  (reg_value                                   |
 439              		.loc 2 1663 13 is_stmt 0 view .LVU114
 440 0004 23F4E063 		bic	r3, r3, #1792
 441              	.LVL32:
1663:Inc/CMSIS/Core/Include/core_cm4.h ****   reg_value  =  (reg_value                                   |
 442              		.loc 2 1663 13 view .LVU115
 443 0008 1B04     		lsls	r3, r3, #16
 444 000a 1B0C     		lsrs	r3, r3, #16
 445              	.LVL33:
1664:Inc/CMSIS/Core/Include/core_cm4.h ****                 ((uint32_t)0x5FAUL << SCB_AIRCR_VECTKEY_Pos) |
 446              		.loc 2 1664 3 is_stmt 1 view .LVU116
1666:Inc/CMSIS/Core/Include/core_cm4.h ****   SCB->AIRCR =  reg_value;
 447              		.loc 2 1666 35 is_stmt 0 view .LVU117
 448 000c 0002     		lsls	r0, r0, #8
 449              	.LVL34:
1666:Inc/CMSIS/Core/Include/core_cm4.h ****   SCB->AIRCR =  reg_value;
 450              		.loc 2 1666 35 view .LVU118
 451 000e 00F4E060 		and	r0, r0, #1792
1665:Inc/CMSIS/Core/Include/core_cm4.h ****                 (PriorityGroupTmp << SCB_AIRCR_PRIGROUP_Pos)  );              /* Insert write key a
 452              		.loc 2 1665 62 view .LVU119
 453 0012 0343     		orrs	r3, r3, r0
 454              	.LVL35:
1664:Inc/CMSIS/Core/Include/core_cm4.h ****                 ((uint32_t)0x5FAUL << SCB_AIRCR_VECTKEY_Pos) |
 455              		.loc 2 1664 14 view .LVU120
 456 0014 43F0BF63 		orr	r3, r3, #100139008
 457 0018 43F40033 		orr	r3, r3, #131072
 458              	.LVL36:
1667:Inc/CMSIS/Core/Include/core_cm4.h **** }
 459              		.loc 2 1667 3 is_stmt 1 view .LVU121
1667:Inc/CMSIS/Core/Include/core_cm4.h **** }
 460              		.loc 2 1667 14 is_stmt 0 view .LVU122
 461 001c D360     		str	r3, [r2, #12]
 462              	.LVL37:
ARM GAS  /tmp/ccOMA1VY.s 			page 62


1667:Inc/CMSIS/Core/Include/core_cm4.h **** }
 463              		.loc 2 1667 14 view .LVU123
 464              	.LBE41:
 465              	.LBE40:
 175:Inc/STM32F3xx_HAL_Driver/Src/stm32f3xx_hal_cortex.c **** }
 466              		.loc 1 175 1 view .LVU124
 467 001e 7047     		bx	lr
 468              	.L29:
 469              		.align	2
 470              	.L28:
 471 0020 00ED00E0 		.word	-536810240
 472              		.cfi_endproc
 473              	.LFE130:
 475              		.section	.text.HAL_NVIC_SetPriority,"ax",%progbits
 476              		.align	1
 477              		.global	HAL_NVIC_SetPriority
 478              		.syntax unified
 479              		.thumb
 480              		.thumb_func
 482              	HAL_NVIC_SetPriority:
 483              	.LVL38:
 484              	.LFB131:
 176:Inc/STM32F3xx_HAL_Driver/Src/stm32f3xx_hal_cortex.c **** 
 177:Inc/STM32F3xx_HAL_Driver/Src/stm32f3xx_hal_cortex.c **** /**
 178:Inc/STM32F3xx_HAL_Driver/Src/stm32f3xx_hal_cortex.c ****   * @brief  Sets the priority of an interrupt.
 179:Inc/STM32F3xx_HAL_Driver/Src/stm32f3xx_hal_cortex.c ****   * @param  IRQn External interrupt number
 180:Inc/STM32F3xx_HAL_Driver/Src/stm32f3xx_hal_cortex.c ****   *         This parameter can be an enumerator of IRQn_Type enumeration
 181:Inc/STM32F3xx_HAL_Driver/Src/stm32f3xx_hal_cortex.c ****   *         (For the complete STM32 Devices IRQ Channels list, please refer to the appropriate CMSI
 182:Inc/STM32F3xx_HAL_Driver/Src/stm32f3xx_hal_cortex.c ****   * @param  PreemptPriority The pre-emption priority for the IRQn channel.
 183:Inc/STM32F3xx_HAL_Driver/Src/stm32f3xx_hal_cortex.c ****   *         This parameter can be a value between 0 and 15 as described in the table CORTEX_NVIC_Pr
 184:Inc/STM32F3xx_HAL_Driver/Src/stm32f3xx_hal_cortex.c ****   *         A lower priority value indicates a higher priority
 185:Inc/STM32F3xx_HAL_Driver/Src/stm32f3xx_hal_cortex.c ****   * @param  SubPriority the subpriority level for the IRQ channel.
 186:Inc/STM32F3xx_HAL_Driver/Src/stm32f3xx_hal_cortex.c ****   *         This parameter can be a value between 0 and 15 as described in the table CORTEX_NVIC_Pr
 187:Inc/STM32F3xx_HAL_Driver/Src/stm32f3xx_hal_cortex.c ****   *         A lower priority value indicates a higher priority.
 188:Inc/STM32F3xx_HAL_Driver/Src/stm32f3xx_hal_cortex.c ****   * @retval None
 189:Inc/STM32F3xx_HAL_Driver/Src/stm32f3xx_hal_cortex.c ****   */
 190:Inc/STM32F3xx_HAL_Driver/Src/stm32f3xx_hal_cortex.c **** void HAL_NVIC_SetPriority(IRQn_Type IRQn, uint32_t PreemptPriority, uint32_t SubPriority)
 191:Inc/STM32F3xx_HAL_Driver/Src/stm32f3xx_hal_cortex.c **** {
 485              		.loc 1 191 1 is_stmt 1 view -0
 486              		.cfi_startproc
 487              		@ args = 0, pretend = 0, frame = 0
 488              		@ frame_needed = 0, uses_anonymous_args = 0
 489              		.loc 1 191 1 is_stmt 0 view .LVU126
 490 0000 10B5     		push	{r4, lr}
 491              		.cfi_def_cfa_offset 8
 492              		.cfi_offset 4, -8
 493              		.cfi_offset 14, -4
 494 0002 0446     		mov	r4, r0
 192:Inc/STM32F3xx_HAL_Driver/Src/stm32f3xx_hal_cortex.c ****   uint32_t prioritygroup = 0x00U;
 495              		.loc 1 192 3 is_stmt 1 view .LVU127
 496              	.LVL39:
 193:Inc/STM32F3xx_HAL_Driver/Src/stm32f3xx_hal_cortex.c ****   
 194:Inc/STM32F3xx_HAL_Driver/Src/stm32f3xx_hal_cortex.c ****   /* Check the parameters */
 195:Inc/STM32F3xx_HAL_Driver/Src/stm32f3xx_hal_cortex.c ****   assert_param(IS_NVIC_SUB_PRIORITY(SubPriority));
 497              		.loc 1 195 3 view .LVU128
 196:Inc/STM32F3xx_HAL_Driver/Src/stm32f3xx_hal_cortex.c ****   assert_param(IS_NVIC_PREEMPTION_PRIORITY(PreemptPriority));
 498              		.loc 1 196 3 view .LVU129
ARM GAS  /tmp/ccOMA1VY.s 			page 63


 197:Inc/STM32F3xx_HAL_Driver/Src/stm32f3xx_hal_cortex.c ****   
 198:Inc/STM32F3xx_HAL_Driver/Src/stm32f3xx_hal_cortex.c ****   prioritygroup = NVIC_GetPriorityGrouping();
 499              		.loc 1 198 3 view .LVU130
 500              	.LBB42:
 501              	.LBI42:
1676:Inc/CMSIS/Core/Include/core_cm4.h **** {
 502              		.loc 2 1676 26 view .LVU131
 503              	.LBB43:
1678:Inc/CMSIS/Core/Include/core_cm4.h **** }
 504              		.loc 2 1678 3 view .LVU132
1678:Inc/CMSIS/Core/Include/core_cm4.h **** }
 505              		.loc 2 1678 26 is_stmt 0 view .LVU133
 506 0004 054B     		ldr	r3, .L32
 507 0006 D868     		ldr	r0, [r3, #12]
 508              	.LVL40:
1678:Inc/CMSIS/Core/Include/core_cm4.h **** }
 509              		.loc 2 1678 26 view .LVU134
 510              	.LBE43:
 511              	.LBE42:
 199:Inc/STM32F3xx_HAL_Driver/Src/stm32f3xx_hal_cortex.c ****   
 200:Inc/STM32F3xx_HAL_Driver/Src/stm32f3xx_hal_cortex.c ****   NVIC_SetPriority(IRQn, NVIC_EncodePriority(prioritygroup, PreemptPriority, SubPriority));
 512              		.loc 1 200 3 is_stmt 1 view .LVU135
 513 0008 C0F30220 		ubfx	r0, r0, #8, #3
 514              	.LVL41:
 515              		.loc 1 200 3 is_stmt 0 view .LVU136
 516 000c FFF7FEFF 		bl	NVIC_EncodePriority
 517              	.LVL42:
 518              		.loc 1 200 3 view .LVU137
 519 0010 0146     		mov	r1, r0
 520              		.loc 1 200 3 discriminator 1 view .LVU138
 521 0012 2046     		mov	r0, r4
 522 0014 FFF7FEFF 		bl	__NVIC_SetPriority
 523              	.LVL43:
 201:Inc/STM32F3xx_HAL_Driver/Src/stm32f3xx_hal_cortex.c **** }
 524              		.loc 1 201 1 view .LVU139
 525 0018 10BD     		pop	{r4, pc}
 526              	.LVL44:
 527              	.L33:
 528              		.loc 1 201 1 view .LVU140
 529 001a 00BF     		.align	2
 530              	.L32:
 531 001c 00ED00E0 		.word	-536810240
 532              		.cfi_endproc
 533              	.LFE131:
 535              		.section	.text.HAL_NVIC_EnableIRQ,"ax",%progbits
 536              		.align	1
 537              		.global	HAL_NVIC_EnableIRQ
 538              		.syntax unified
 539              		.thumb
 540              		.thumb_func
 542              	HAL_NVIC_EnableIRQ:
 543              	.LVL45:
 544              	.LFB132:
 202:Inc/STM32F3xx_HAL_Driver/Src/stm32f3xx_hal_cortex.c **** 
 203:Inc/STM32F3xx_HAL_Driver/Src/stm32f3xx_hal_cortex.c **** /**
 204:Inc/STM32F3xx_HAL_Driver/Src/stm32f3xx_hal_cortex.c ****   * @brief  Enables a device specific interrupt in the NVIC interrupt controller.
 205:Inc/STM32F3xx_HAL_Driver/Src/stm32f3xx_hal_cortex.c ****   * @note   To configure interrupts priority correctly, the NVIC_PriorityGroupConfig()
ARM GAS  /tmp/ccOMA1VY.s 			page 64


 206:Inc/STM32F3xx_HAL_Driver/Src/stm32f3xx_hal_cortex.c ****   *         function should be called before.
 207:Inc/STM32F3xx_HAL_Driver/Src/stm32f3xx_hal_cortex.c ****   * @param  IRQn External interrupt number
 208:Inc/STM32F3xx_HAL_Driver/Src/stm32f3xx_hal_cortex.c ****   *         This parameter can be an enumerator of IRQn_Type enumeration
 209:Inc/STM32F3xx_HAL_Driver/Src/stm32f3xx_hal_cortex.c ****   *         (For the complete STM32 Devices IRQ Channels list, please refer to the appropriate CMSI
 210:Inc/STM32F3xx_HAL_Driver/Src/stm32f3xx_hal_cortex.c ****   * @retval None
 211:Inc/STM32F3xx_HAL_Driver/Src/stm32f3xx_hal_cortex.c ****   */
 212:Inc/STM32F3xx_HAL_Driver/Src/stm32f3xx_hal_cortex.c **** void HAL_NVIC_EnableIRQ(IRQn_Type IRQn)
 213:Inc/STM32F3xx_HAL_Driver/Src/stm32f3xx_hal_cortex.c **** {
 545              		.loc 1 213 1 is_stmt 1 view -0
 546              		.cfi_startproc
 547              		@ args = 0, pretend = 0, frame = 0
 548              		@ frame_needed = 0, uses_anonymous_args = 0
 549              		@ link register save eliminated.
 214:Inc/STM32F3xx_HAL_Driver/Src/stm32f3xx_hal_cortex.c ****   /* Check the parameters */
 215:Inc/STM32F3xx_HAL_Driver/Src/stm32f3xx_hal_cortex.c ****   assert_param(IS_NVIC_DEVICE_IRQ(IRQn));
 550              		.loc 1 215 3 view .LVU142
 216:Inc/STM32F3xx_HAL_Driver/Src/stm32f3xx_hal_cortex.c ****   
 217:Inc/STM32F3xx_HAL_Driver/Src/stm32f3xx_hal_cortex.c ****   /* Enable interrupt */
 218:Inc/STM32F3xx_HAL_Driver/Src/stm32f3xx_hal_cortex.c ****   NVIC_EnableIRQ(IRQn);
 551              		.loc 1 218 3 view .LVU143
 552              	.LBB44:
 553              	.LBI44:
1688:Inc/CMSIS/Core/Include/core_cm4.h **** {
 554              		.loc 2 1688 22 view .LVU144
 555              	.LBB45:
1690:Inc/CMSIS/Core/Include/core_cm4.h ****   {
 556              		.loc 2 1690 3 view .LVU145
1690:Inc/CMSIS/Core/Include/core_cm4.h ****   {
 557              		.loc 2 1690 6 is_stmt 0 view .LVU146
 558 0000 0028     		cmp	r0, #0
1690:Inc/CMSIS/Core/Include/core_cm4.h ****   {
 559              		.loc 2 1690 6 view .LVU147
 560 0002 07DB     		blt	.L34
1692:Inc/CMSIS/Core/Include/core_cm4.h ****   }
 561              		.loc 2 1692 5 is_stmt 1 view .LVU148
1692:Inc/CMSIS/Core/Include/core_cm4.h ****   }
 562              		.loc 2 1692 81 is_stmt 0 view .LVU149
 563 0004 00F01F02 		and	r2, r0, #31
1692:Inc/CMSIS/Core/Include/core_cm4.h ****   }
 564              		.loc 2 1692 34 view .LVU150
 565 0008 4009     		lsrs	r0, r0, #5
 566              	.LVL46:
1692:Inc/CMSIS/Core/Include/core_cm4.h ****   }
 567              		.loc 2 1692 45 view .LVU151
 568 000a 0123     		movs	r3, #1
 569 000c 9340     		lsls	r3, r3, r2
1692:Inc/CMSIS/Core/Include/core_cm4.h ****   }
 570              		.loc 2 1692 43 view .LVU152
 571 000e 024A     		ldr	r2, .L36
 572 0010 42F82030 		str	r3, [r2, r0, lsl #2]
 573              	.LVL47:
 574              	.L34:
1692:Inc/CMSIS/Core/Include/core_cm4.h ****   }
 575              		.loc 2 1692 43 view .LVU153
 576              	.LBE45:
 577              	.LBE44:
 219:Inc/STM32F3xx_HAL_Driver/Src/stm32f3xx_hal_cortex.c **** }
ARM GAS  /tmp/ccOMA1VY.s 			page 65


 578              		.loc 1 219 1 view .LVU154
 579 0014 7047     		bx	lr
 580              	.L37:
 581 0016 00BF     		.align	2
 582              	.L36:
 583 0018 00E100E0 		.word	-536813312
 584              		.cfi_endproc
 585              	.LFE132:
 587              		.section	.text.HAL_NVIC_DisableIRQ,"ax",%progbits
 588              		.align	1
 589              		.global	HAL_NVIC_DisableIRQ
 590              		.syntax unified
 591              		.thumb
 592              		.thumb_func
 594              	HAL_NVIC_DisableIRQ:
 595              	.LVL48:
 596              	.LFB133:
 220:Inc/STM32F3xx_HAL_Driver/Src/stm32f3xx_hal_cortex.c **** 
 221:Inc/STM32F3xx_HAL_Driver/Src/stm32f3xx_hal_cortex.c **** /**
 222:Inc/STM32F3xx_HAL_Driver/Src/stm32f3xx_hal_cortex.c ****   * @brief  Disables a device specific interrupt in the NVIC interrupt controller.
 223:Inc/STM32F3xx_HAL_Driver/Src/stm32f3xx_hal_cortex.c ****   * @param  IRQn External interrupt number
 224:Inc/STM32F3xx_HAL_Driver/Src/stm32f3xx_hal_cortex.c ****   *         This parameter can be an enumerator of IRQn_Type enumeration
 225:Inc/STM32F3xx_HAL_Driver/Src/stm32f3xx_hal_cortex.c ****   *         (For the complete STM32 Devices IRQ Channels list, please refer to the appropriate CMSI
 226:Inc/STM32F3xx_HAL_Driver/Src/stm32f3xx_hal_cortex.c ****   * @retval None
 227:Inc/STM32F3xx_HAL_Driver/Src/stm32f3xx_hal_cortex.c ****   */
 228:Inc/STM32F3xx_HAL_Driver/Src/stm32f3xx_hal_cortex.c **** void HAL_NVIC_DisableIRQ(IRQn_Type IRQn)
 229:Inc/STM32F3xx_HAL_Driver/Src/stm32f3xx_hal_cortex.c **** {
 597              		.loc 1 229 1 is_stmt 1 view -0
 598              		.cfi_startproc
 599              		@ args = 0, pretend = 0, frame = 0
 600              		@ frame_needed = 0, uses_anonymous_args = 0
 601              		.loc 1 229 1 is_stmt 0 view .LVU156
 602 0000 08B5     		push	{r3, lr}
 603              		.cfi_def_cfa_offset 8
 604              		.cfi_offset 3, -8
 605              		.cfi_offset 14, -4
 230:Inc/STM32F3xx_HAL_Driver/Src/stm32f3xx_hal_cortex.c ****   /* Check the parameters */
 231:Inc/STM32F3xx_HAL_Driver/Src/stm32f3xx_hal_cortex.c ****   assert_param(IS_NVIC_DEVICE_IRQ(IRQn));
 606              		.loc 1 231 3 is_stmt 1 view .LVU157
 232:Inc/STM32F3xx_HAL_Driver/Src/stm32f3xx_hal_cortex.c ****   
 233:Inc/STM32F3xx_HAL_Driver/Src/stm32f3xx_hal_cortex.c ****   /* Disable interrupt */
 234:Inc/STM32F3xx_HAL_Driver/Src/stm32f3xx_hal_cortex.c ****   NVIC_DisableIRQ(IRQn);
 607              		.loc 1 234 3 view .LVU158
 608 0002 FFF7FEFF 		bl	__NVIC_DisableIRQ
 609              	.LVL49:
 235:Inc/STM32F3xx_HAL_Driver/Src/stm32f3xx_hal_cortex.c **** }
 610              		.loc 1 235 1 is_stmt 0 view .LVU159
 611 0006 08BD     		pop	{r3, pc}
 612              		.cfi_endproc
 613              	.LFE133:
 615              		.section	.text.HAL_NVIC_SystemReset,"ax",%progbits
 616              		.align	1
 617              		.global	HAL_NVIC_SystemReset
 618              		.syntax unified
 619              		.thumb
 620              		.thumb_func
 622              	HAL_NVIC_SystemReset:
ARM GAS  /tmp/ccOMA1VY.s 			page 66


 623              	.LFB134:
 236:Inc/STM32F3xx_HAL_Driver/Src/stm32f3xx_hal_cortex.c **** 
 237:Inc/STM32F3xx_HAL_Driver/Src/stm32f3xx_hal_cortex.c **** /**
 238:Inc/STM32F3xx_HAL_Driver/Src/stm32f3xx_hal_cortex.c ****   * @brief  Initiates a system reset request to reset the MCU.
 239:Inc/STM32F3xx_HAL_Driver/Src/stm32f3xx_hal_cortex.c ****   * @retval None
 240:Inc/STM32F3xx_HAL_Driver/Src/stm32f3xx_hal_cortex.c ****   */
 241:Inc/STM32F3xx_HAL_Driver/Src/stm32f3xx_hal_cortex.c **** void HAL_NVIC_SystemReset(void)
 242:Inc/STM32F3xx_HAL_Driver/Src/stm32f3xx_hal_cortex.c **** {
 624              		.loc 1 242 1 is_stmt 1 view -0
 625              		.cfi_startproc
 626              		@ Volatile: function does not return.
 627              		@ args = 0, pretend = 0, frame = 0
 628              		@ frame_needed = 0, uses_anonymous_args = 0
 629 0000 08B5     		push	{r3, lr}
 630              		.cfi_def_cfa_offset 8
 631              		.cfi_offset 3, -8
 632              		.cfi_offset 14, -4
 243:Inc/STM32F3xx_HAL_Driver/Src/stm32f3xx_hal_cortex.c ****   /* System Reset */
 244:Inc/STM32F3xx_HAL_Driver/Src/stm32f3xx_hal_cortex.c ****   NVIC_SystemReset();
 633              		.loc 1 244 3 view .LVU161
 634 0002 FFF7FEFF 		bl	__NVIC_SystemReset
 635              	.LVL50:
 636              		.cfi_endproc
 637              	.LFE134:
 639              		.section	.text.HAL_SYSTICK_Config,"ax",%progbits
 640              		.align	1
 641              		.global	HAL_SYSTICK_Config
 642              		.syntax unified
 643              		.thumb
 644              		.thumb_func
 646              	HAL_SYSTICK_Config:
 647              	.LVL51:
 648              	.LFB135:
 245:Inc/STM32F3xx_HAL_Driver/Src/stm32f3xx_hal_cortex.c **** }
 246:Inc/STM32F3xx_HAL_Driver/Src/stm32f3xx_hal_cortex.c **** 
 247:Inc/STM32F3xx_HAL_Driver/Src/stm32f3xx_hal_cortex.c **** /**
 248:Inc/STM32F3xx_HAL_Driver/Src/stm32f3xx_hal_cortex.c ****   * @brief  Initializes the System Timer and its interrupt, and starts the System Tick Timer.
 249:Inc/STM32F3xx_HAL_Driver/Src/stm32f3xx_hal_cortex.c ****   *         Counter is in free running mode to generate periodic interrupts.
 250:Inc/STM32F3xx_HAL_Driver/Src/stm32f3xx_hal_cortex.c ****   * @param  TicksNumb Specifies the ticks Number of ticks between two interrupts.
 251:Inc/STM32F3xx_HAL_Driver/Src/stm32f3xx_hal_cortex.c ****   * @retval status:  - 0  Function succeeded.
 252:Inc/STM32F3xx_HAL_Driver/Src/stm32f3xx_hal_cortex.c ****   *                  - 1  Function failed.
 253:Inc/STM32F3xx_HAL_Driver/Src/stm32f3xx_hal_cortex.c ****   */
 254:Inc/STM32F3xx_HAL_Driver/Src/stm32f3xx_hal_cortex.c **** uint32_t HAL_SYSTICK_Config(uint32_t TicksNumb)
 255:Inc/STM32F3xx_HAL_Driver/Src/stm32f3xx_hal_cortex.c **** {
 649              		.loc 1 255 1 view -0
 650              		.cfi_startproc
 651              		@ args = 0, pretend = 0, frame = 0
 652              		@ frame_needed = 0, uses_anonymous_args = 0
 653              		@ link register save eliminated.
 256:Inc/STM32F3xx_HAL_Driver/Src/stm32f3xx_hal_cortex.c ****    return SysTick_Config(TicksNumb);
 654              		.loc 1 256 4 view .LVU163
 655              	.LBB46:
 656              	.LBI46:
1951:Inc/CMSIS/Core/Include/core_cm4.h ****   }
1952:Inc/CMSIS/Core/Include/core_cm4.h **** }
1953:Inc/CMSIS/Core/Include/core_cm4.h **** 
1954:Inc/CMSIS/Core/Include/core_cm4.h **** /*@} end of CMSIS_Core_NVICFunctions */
ARM GAS  /tmp/ccOMA1VY.s 			page 67


1955:Inc/CMSIS/Core/Include/core_cm4.h **** 
1956:Inc/CMSIS/Core/Include/core_cm4.h **** /* ##########################  MPU functions  #################################### */
1957:Inc/CMSIS/Core/Include/core_cm4.h **** 
1958:Inc/CMSIS/Core/Include/core_cm4.h **** #if defined (__MPU_PRESENT) && (__MPU_PRESENT == 1U)
1959:Inc/CMSIS/Core/Include/core_cm4.h **** 
1960:Inc/CMSIS/Core/Include/core_cm4.h **** #include "mpu_armv7.h"
1961:Inc/CMSIS/Core/Include/core_cm4.h **** 
1962:Inc/CMSIS/Core/Include/core_cm4.h **** #endif
1963:Inc/CMSIS/Core/Include/core_cm4.h **** 
1964:Inc/CMSIS/Core/Include/core_cm4.h **** 
1965:Inc/CMSIS/Core/Include/core_cm4.h **** /* ##########################  FPU functions  #################################### */
1966:Inc/CMSIS/Core/Include/core_cm4.h **** /**
1967:Inc/CMSIS/Core/Include/core_cm4.h ****   \ingroup  CMSIS_Core_FunctionInterface
1968:Inc/CMSIS/Core/Include/core_cm4.h ****   \defgroup CMSIS_Core_FpuFunctions FPU Functions
1969:Inc/CMSIS/Core/Include/core_cm4.h ****   \brief    Function that provides FPU type.
1970:Inc/CMSIS/Core/Include/core_cm4.h ****   @{
1971:Inc/CMSIS/Core/Include/core_cm4.h ****  */
1972:Inc/CMSIS/Core/Include/core_cm4.h **** 
1973:Inc/CMSIS/Core/Include/core_cm4.h **** /**
1974:Inc/CMSIS/Core/Include/core_cm4.h ****   \brief   get FPU type
1975:Inc/CMSIS/Core/Include/core_cm4.h ****   \details returns the FPU type
1976:Inc/CMSIS/Core/Include/core_cm4.h ****   \returns
1977:Inc/CMSIS/Core/Include/core_cm4.h ****    - \b  0: No FPU
1978:Inc/CMSIS/Core/Include/core_cm4.h ****    - \b  1: Single precision FPU
1979:Inc/CMSIS/Core/Include/core_cm4.h ****    - \b  2: Double + Single precision FPU
1980:Inc/CMSIS/Core/Include/core_cm4.h ****  */
1981:Inc/CMSIS/Core/Include/core_cm4.h **** __STATIC_INLINE uint32_t SCB_GetFPUType(void)
1982:Inc/CMSIS/Core/Include/core_cm4.h **** {
1983:Inc/CMSIS/Core/Include/core_cm4.h ****   uint32_t mvfr0;
1984:Inc/CMSIS/Core/Include/core_cm4.h **** 
1985:Inc/CMSIS/Core/Include/core_cm4.h ****   mvfr0 = FPU->MVFR0;
1986:Inc/CMSIS/Core/Include/core_cm4.h ****   if      ((mvfr0 & (FPU_MVFR0_Single_precision_Msk | FPU_MVFR0_Double_precision_Msk)) == 0x020U)
1987:Inc/CMSIS/Core/Include/core_cm4.h ****   {
1988:Inc/CMSIS/Core/Include/core_cm4.h ****     return 1U;           /* Single precision FPU */
1989:Inc/CMSIS/Core/Include/core_cm4.h ****   }
1990:Inc/CMSIS/Core/Include/core_cm4.h ****   else
1991:Inc/CMSIS/Core/Include/core_cm4.h ****   {
1992:Inc/CMSIS/Core/Include/core_cm4.h ****     return 0U;           /* No FPU */
1993:Inc/CMSIS/Core/Include/core_cm4.h ****   }
1994:Inc/CMSIS/Core/Include/core_cm4.h **** }
1995:Inc/CMSIS/Core/Include/core_cm4.h **** 
1996:Inc/CMSIS/Core/Include/core_cm4.h **** 
1997:Inc/CMSIS/Core/Include/core_cm4.h **** /*@} end of CMSIS_Core_FpuFunctions */
1998:Inc/CMSIS/Core/Include/core_cm4.h **** 
1999:Inc/CMSIS/Core/Include/core_cm4.h **** 
2000:Inc/CMSIS/Core/Include/core_cm4.h **** 
2001:Inc/CMSIS/Core/Include/core_cm4.h **** /* ##################################    SysTick function  ########################################
2002:Inc/CMSIS/Core/Include/core_cm4.h **** /**
2003:Inc/CMSIS/Core/Include/core_cm4.h ****   \ingroup  CMSIS_Core_FunctionInterface
2004:Inc/CMSIS/Core/Include/core_cm4.h ****   \defgroup CMSIS_Core_SysTickFunctions SysTick Functions
2005:Inc/CMSIS/Core/Include/core_cm4.h ****   \brief    Functions that configure the System.
2006:Inc/CMSIS/Core/Include/core_cm4.h ****   @{
2007:Inc/CMSIS/Core/Include/core_cm4.h ****  */
2008:Inc/CMSIS/Core/Include/core_cm4.h **** 
2009:Inc/CMSIS/Core/Include/core_cm4.h **** #if defined (__Vendor_SysTickConfig) && (__Vendor_SysTickConfig == 0U)
2010:Inc/CMSIS/Core/Include/core_cm4.h **** 
2011:Inc/CMSIS/Core/Include/core_cm4.h **** /**
ARM GAS  /tmp/ccOMA1VY.s 			page 68


2012:Inc/CMSIS/Core/Include/core_cm4.h ****   \brief   System Tick Configuration
2013:Inc/CMSIS/Core/Include/core_cm4.h ****   \details Initializes the System Timer and its interrupt, and starts the System Tick Timer.
2014:Inc/CMSIS/Core/Include/core_cm4.h ****            Counter is in free running mode to generate periodic interrupts.
2015:Inc/CMSIS/Core/Include/core_cm4.h ****   \param [in]  ticks  Number of ticks between two interrupts.
2016:Inc/CMSIS/Core/Include/core_cm4.h ****   \return          0  Function succeeded.
2017:Inc/CMSIS/Core/Include/core_cm4.h ****   \return          1  Function failed.
2018:Inc/CMSIS/Core/Include/core_cm4.h ****   \note    When the variable <b>__Vendor_SysTickConfig</b> is set to 1, then the
2019:Inc/CMSIS/Core/Include/core_cm4.h ****            function <b>SysTick_Config</b> is not included. In this case, the file <b><i>device</i>.
2020:Inc/CMSIS/Core/Include/core_cm4.h ****            must contain a vendor-specific implementation of this function.
2021:Inc/CMSIS/Core/Include/core_cm4.h ****  */
2022:Inc/CMSIS/Core/Include/core_cm4.h **** __STATIC_INLINE uint32_t SysTick_Config(uint32_t ticks)
 657              		.loc 2 2022 26 view .LVU164
 658              	.LBB47:
2023:Inc/CMSIS/Core/Include/core_cm4.h **** {
2024:Inc/CMSIS/Core/Include/core_cm4.h ****   if ((ticks - 1UL) > SysTick_LOAD_RELOAD_Msk)
 659              		.loc 2 2024 3 view .LVU165
 660              		.loc 2 2024 14 is_stmt 0 view .LVU166
 661 0000 0138     		subs	r0, r0, #1
 662              	.LVL52:
 663              		.loc 2 2024 6 view .LVU167
 664 0002 B0F1807F 		cmp	r0, #16777216
 665 0006 0BD2     		bcs	.L44
2025:Inc/CMSIS/Core/Include/core_cm4.h ****   {
2026:Inc/CMSIS/Core/Include/core_cm4.h ****     return (1UL);                                                   /* Reload value impossible */
2027:Inc/CMSIS/Core/Include/core_cm4.h ****   }
2028:Inc/CMSIS/Core/Include/core_cm4.h **** 
2029:Inc/CMSIS/Core/Include/core_cm4.h ****   SysTick->LOAD  = (uint32_t)(ticks - 1UL);                         /* set reload register */
 666              		.loc 2 2029 3 is_stmt 1 view .LVU168
 667              		.loc 2 2029 18 is_stmt 0 view .LVU169
 668 0008 4FF0E023 		mov	r3, #-536813568
 669 000c 5861     		str	r0, [r3, #20]
2030:Inc/CMSIS/Core/Include/core_cm4.h ****   NVIC_SetPriority (SysTick_IRQn, (1UL << __NVIC_PRIO_BITS) - 1UL); /* set Priority for Systick Int
 670              		.loc 2 2030 3 is_stmt 1 view .LVU170
 671              	.LVL53:
 672              	.LBB48:
 673              	.LBI48:
1816:Inc/CMSIS/Core/Include/core_cm4.h **** {
 674              		.loc 2 1816 22 view .LVU171
 675              	.LBB49:
1818:Inc/CMSIS/Core/Include/core_cm4.h ****   {
 676              		.loc 2 1818 3 view .LVU172
1824:Inc/CMSIS/Core/Include/core_cm4.h ****   }
 677              		.loc 2 1824 5 view .LVU173
1824:Inc/CMSIS/Core/Include/core_cm4.h ****   }
 678              		.loc 2 1824 46 is_stmt 0 view .LVU174
 679 000e 054A     		ldr	r2, .L45
 680 0010 F021     		movs	r1, #240
 681 0012 82F82310 		strb	r1, [r2, #35]
 682              	.LVL54:
1824:Inc/CMSIS/Core/Include/core_cm4.h ****   }
 683              		.loc 2 1824 46 view .LVU175
 684              	.LBE49:
 685              	.LBE48:
2031:Inc/CMSIS/Core/Include/core_cm4.h ****   SysTick->VAL   = 0UL;                                             /* Load the SysTick Counter Val
 686              		.loc 2 2031 3 is_stmt 1 view .LVU176
 687              		.loc 2 2031 18 is_stmt 0 view .LVU177
 688 0016 0020     		movs	r0, #0
ARM GAS  /tmp/ccOMA1VY.s 			page 69


 689              	.LVL55:
 690              		.loc 2 2031 18 view .LVU178
 691 0018 9861     		str	r0, [r3, #24]
2032:Inc/CMSIS/Core/Include/core_cm4.h ****   SysTick->CTRL  = SysTick_CTRL_CLKSOURCE_Msk |
 692              		.loc 2 2032 3 is_stmt 1 view .LVU179
 693              		.loc 2 2032 18 is_stmt 0 view .LVU180
 694 001a 0722     		movs	r2, #7
 695 001c 1A61     		str	r2, [r3, #16]
2033:Inc/CMSIS/Core/Include/core_cm4.h ****                    SysTick_CTRL_TICKINT_Msk   |
2034:Inc/CMSIS/Core/Include/core_cm4.h ****                    SysTick_CTRL_ENABLE_Msk;                         /* Enable SysTick IRQ and SysTi
2035:Inc/CMSIS/Core/Include/core_cm4.h ****   return (0UL);                                                     /* Function successful */
 696              		.loc 2 2035 3 is_stmt 1 view .LVU181
 697              		.loc 2 2035 10 is_stmt 0 view .LVU182
 698 001e 7047     		bx	lr
 699              	.L44:
2026:Inc/CMSIS/Core/Include/core_cm4.h ****   }
 700              		.loc 2 2026 12 view .LVU183
 701 0020 0120     		movs	r0, #1
 702              	.LVL56:
2026:Inc/CMSIS/Core/Include/core_cm4.h ****   }
 703              		.loc 2 2026 12 view .LVU184
 704              	.LBE47:
 705              	.LBE46:
 257:Inc/STM32F3xx_HAL_Driver/Src/stm32f3xx_hal_cortex.c **** }
 706              		.loc 1 257 1 view .LVU185
 707 0022 7047     		bx	lr
 708              	.L46:
 709              		.align	2
 710              	.L45:
 711 0024 00ED00E0 		.word	-536810240
 712              		.cfi_endproc
 713              	.LFE135:
 715              		.section	.text.HAL_MPU_Disable,"ax",%progbits
 716              		.align	1
 717              		.global	HAL_MPU_Disable
 718              		.syntax unified
 719              		.thumb
 720              		.thumb_func
 722              	HAL_MPU_Disable:
 723              	.LFB136:
 258:Inc/STM32F3xx_HAL_Driver/Src/stm32f3xx_hal_cortex.c **** /**
 259:Inc/STM32F3xx_HAL_Driver/Src/stm32f3xx_hal_cortex.c ****   * @}
 260:Inc/STM32F3xx_HAL_Driver/Src/stm32f3xx_hal_cortex.c ****   */
 261:Inc/STM32F3xx_HAL_Driver/Src/stm32f3xx_hal_cortex.c **** 
 262:Inc/STM32F3xx_HAL_Driver/Src/stm32f3xx_hal_cortex.c **** /** @defgroup CORTEX_Exported_Functions_Group2 Peripheral Control functions
 263:Inc/STM32F3xx_HAL_Driver/Src/stm32f3xx_hal_cortex.c ****  *  @brief   Cortex control functions
 264:Inc/STM32F3xx_HAL_Driver/Src/stm32f3xx_hal_cortex.c ****  *
 265:Inc/STM32F3xx_HAL_Driver/Src/stm32f3xx_hal_cortex.c **** @verbatim
 266:Inc/STM32F3xx_HAL_Driver/Src/stm32f3xx_hal_cortex.c ****   ==============================================================================
 267:Inc/STM32F3xx_HAL_Driver/Src/stm32f3xx_hal_cortex.c ****                       ##### Peripheral Control functions #####
 268:Inc/STM32F3xx_HAL_Driver/Src/stm32f3xx_hal_cortex.c ****   ==============================================================================
 269:Inc/STM32F3xx_HAL_Driver/Src/stm32f3xx_hal_cortex.c ****     [..]
 270:Inc/STM32F3xx_HAL_Driver/Src/stm32f3xx_hal_cortex.c ****       This subsection provides a set of functions allowing to control the CORTEX
 271:Inc/STM32F3xx_HAL_Driver/Src/stm32f3xx_hal_cortex.c ****       (NVIC, SYSTICK, MPU) functionalities.
 272:Inc/STM32F3xx_HAL_Driver/Src/stm32f3xx_hal_cortex.c **** 
 273:Inc/STM32F3xx_HAL_Driver/Src/stm32f3xx_hal_cortex.c **** 
 274:Inc/STM32F3xx_HAL_Driver/Src/stm32f3xx_hal_cortex.c **** @endverbatim
ARM GAS  /tmp/ccOMA1VY.s 			page 70


 275:Inc/STM32F3xx_HAL_Driver/Src/stm32f3xx_hal_cortex.c ****   * @{
 276:Inc/STM32F3xx_HAL_Driver/Src/stm32f3xx_hal_cortex.c ****   */
 277:Inc/STM32F3xx_HAL_Driver/Src/stm32f3xx_hal_cortex.c **** 
 278:Inc/STM32F3xx_HAL_Driver/Src/stm32f3xx_hal_cortex.c **** #if (__MPU_PRESENT == 1U)
 279:Inc/STM32F3xx_HAL_Driver/Src/stm32f3xx_hal_cortex.c **** 	
 280:Inc/STM32F3xx_HAL_Driver/Src/stm32f3xx_hal_cortex.c **** /**
 281:Inc/STM32F3xx_HAL_Driver/Src/stm32f3xx_hal_cortex.c ****   * @brief  Disables the MPU also clears the HFNMIENA bit (ARM recommendation) 
 282:Inc/STM32F3xx_HAL_Driver/Src/stm32f3xx_hal_cortex.c ****   * @retval None
 283:Inc/STM32F3xx_HAL_Driver/Src/stm32f3xx_hal_cortex.c ****   */
 284:Inc/STM32F3xx_HAL_Driver/Src/stm32f3xx_hal_cortex.c **** void HAL_MPU_Disable(void)
 285:Inc/STM32F3xx_HAL_Driver/Src/stm32f3xx_hal_cortex.c **** {
 724              		.loc 1 285 1 is_stmt 1 view -0
 725              		.cfi_startproc
 726              		@ args = 0, pretend = 0, frame = 0
 727              		@ frame_needed = 0, uses_anonymous_args = 0
 728              		@ link register save eliminated.
 286:Inc/STM32F3xx_HAL_Driver/Src/stm32f3xx_hal_cortex.c ****   /* Disable fault exceptions */
 287:Inc/STM32F3xx_HAL_Driver/Src/stm32f3xx_hal_cortex.c ****   SCB->SHCSR &= ~SCB_SHCSR_MEMFAULTENA_Msk;
 729              		.loc 1 287 3 view .LVU187
 730              		.loc 1 287 6 is_stmt 0 view .LVU188
 731 0000 044B     		ldr	r3, .L48
 732 0002 5A6A     		ldr	r2, [r3, #36]
 733              		.loc 1 287 14 view .LVU189
 734 0004 22F48032 		bic	r2, r2, #65536
 735 0008 5A62     		str	r2, [r3, #36]
 288:Inc/STM32F3xx_HAL_Driver/Src/stm32f3xx_hal_cortex.c ****   
 289:Inc/STM32F3xx_HAL_Driver/Src/stm32f3xx_hal_cortex.c ****   /* Disable the MPU */
 290:Inc/STM32F3xx_HAL_Driver/Src/stm32f3xx_hal_cortex.c ****   MPU->CTRL = 0U;
 736              		.loc 1 290 3 is_stmt 1 view .LVU190
 737              		.loc 1 290 13 is_stmt 0 view .LVU191
 738 000a 0022     		movs	r2, #0
 739 000c C3F89420 		str	r2, [r3, #148]
 291:Inc/STM32F3xx_HAL_Driver/Src/stm32f3xx_hal_cortex.c **** }
 740              		.loc 1 291 1 view .LVU192
 741 0010 7047     		bx	lr
 742              	.L49:
 743 0012 00BF     		.align	2
 744              	.L48:
 745 0014 00ED00E0 		.word	-536810240
 746              		.cfi_endproc
 747              	.LFE136:
 749              		.section	.text.HAL_MPU_Enable,"ax",%progbits
 750              		.align	1
 751              		.global	HAL_MPU_Enable
 752              		.syntax unified
 753              		.thumb
 754              		.thumb_func
 756              	HAL_MPU_Enable:
 757              	.LVL57:
 758              	.LFB137:
 292:Inc/STM32F3xx_HAL_Driver/Src/stm32f3xx_hal_cortex.c **** 
 293:Inc/STM32F3xx_HAL_Driver/Src/stm32f3xx_hal_cortex.c **** /**
 294:Inc/STM32F3xx_HAL_Driver/Src/stm32f3xx_hal_cortex.c ****   * @brief  Enables the MPU
 295:Inc/STM32F3xx_HAL_Driver/Src/stm32f3xx_hal_cortex.c ****   * @param  MPU_Control Specifies the control mode of the MPU during hard fault, 
 296:Inc/STM32F3xx_HAL_Driver/Src/stm32f3xx_hal_cortex.c ****   *          NMI, FAULTMASK and privileged access to the default memory 
 297:Inc/STM32F3xx_HAL_Driver/Src/stm32f3xx_hal_cortex.c ****   *          This parameter can be one of the following values:
 298:Inc/STM32F3xx_HAL_Driver/Src/stm32f3xx_hal_cortex.c ****   *            @arg MPU_HFNMI_PRIVDEF_NONE
ARM GAS  /tmp/ccOMA1VY.s 			page 71


 299:Inc/STM32F3xx_HAL_Driver/Src/stm32f3xx_hal_cortex.c ****   *            @arg MPU_HARDFAULT_NMI
 300:Inc/STM32F3xx_HAL_Driver/Src/stm32f3xx_hal_cortex.c ****   *            @arg MPU_PRIVILEGED_DEFAULT
 301:Inc/STM32F3xx_HAL_Driver/Src/stm32f3xx_hal_cortex.c ****   *            @arg MPU_HFNMI_PRIVDEF
 302:Inc/STM32F3xx_HAL_Driver/Src/stm32f3xx_hal_cortex.c ****   * @retval None
 303:Inc/STM32F3xx_HAL_Driver/Src/stm32f3xx_hal_cortex.c ****   */
 304:Inc/STM32F3xx_HAL_Driver/Src/stm32f3xx_hal_cortex.c **** void HAL_MPU_Enable(uint32_t MPU_Control)
 305:Inc/STM32F3xx_HAL_Driver/Src/stm32f3xx_hal_cortex.c **** {
 759              		.loc 1 305 1 is_stmt 1 view -0
 760              		.cfi_startproc
 761              		@ args = 0, pretend = 0, frame = 0
 762              		@ frame_needed = 0, uses_anonymous_args = 0
 763              		@ link register save eliminated.
 306:Inc/STM32F3xx_HAL_Driver/Src/stm32f3xx_hal_cortex.c ****   /* Enable the MPU */
 307:Inc/STM32F3xx_HAL_Driver/Src/stm32f3xx_hal_cortex.c ****   MPU->CTRL   = MPU_Control | MPU_CTRL_ENABLE_Msk;
 764              		.loc 1 307 3 view .LVU194
 765              		.loc 1 307 29 is_stmt 0 view .LVU195
 766 0000 40F00100 		orr	r0, r0, #1
 767              	.LVL58:
 768              		.loc 1 307 15 view .LVU196
 769 0004 034B     		ldr	r3, .L51
 770 0006 C3F89400 		str	r0, [r3, #148]
 308:Inc/STM32F3xx_HAL_Driver/Src/stm32f3xx_hal_cortex.c ****   
 309:Inc/STM32F3xx_HAL_Driver/Src/stm32f3xx_hal_cortex.c ****   /* Enable fault exceptions */
 310:Inc/STM32F3xx_HAL_Driver/Src/stm32f3xx_hal_cortex.c ****   SCB->SHCSR |= SCB_SHCSR_MEMFAULTENA_Msk;
 771              		.loc 1 310 3 is_stmt 1 view .LVU197
 772              		.loc 1 310 6 is_stmt 0 view .LVU198
 773 000a 5A6A     		ldr	r2, [r3, #36]
 774              		.loc 1 310 14 view .LVU199
 775 000c 42F48032 		orr	r2, r2, #65536
 776 0010 5A62     		str	r2, [r3, #36]
 311:Inc/STM32F3xx_HAL_Driver/Src/stm32f3xx_hal_cortex.c **** }
 777              		.loc 1 311 1 view .LVU200
 778 0012 7047     		bx	lr
 779              	.L52:
 780              		.align	2
 781              	.L51:
 782 0014 00ED00E0 		.word	-536810240
 783              		.cfi_endproc
 784              	.LFE137:
 786              		.section	.text.HAL_MPU_EnableRegion,"ax",%progbits
 787              		.align	1
 788              		.global	HAL_MPU_EnableRegion
 789              		.syntax unified
 790              		.thumb
 791              		.thumb_func
 793              	HAL_MPU_EnableRegion:
 794              	.LVL59:
 795              	.LFB138:
 312:Inc/STM32F3xx_HAL_Driver/Src/stm32f3xx_hal_cortex.c **** 
 313:Inc/STM32F3xx_HAL_Driver/Src/stm32f3xx_hal_cortex.c **** /**
 314:Inc/STM32F3xx_HAL_Driver/Src/stm32f3xx_hal_cortex.c ****   * @brief  Enables the MPU Region.
 315:Inc/STM32F3xx_HAL_Driver/Src/stm32f3xx_hal_cortex.c ****   * @retval None
 316:Inc/STM32F3xx_HAL_Driver/Src/stm32f3xx_hal_cortex.c ****   */
 317:Inc/STM32F3xx_HAL_Driver/Src/stm32f3xx_hal_cortex.c **** void HAL_MPU_EnableRegion(uint32_t RegionNumber)
 318:Inc/STM32F3xx_HAL_Driver/Src/stm32f3xx_hal_cortex.c **** {
 796              		.loc 1 318 1 is_stmt 1 view -0
 797              		.cfi_startproc
ARM GAS  /tmp/ccOMA1VY.s 			page 72


 798              		@ args = 0, pretend = 0, frame = 0
 799              		@ frame_needed = 0, uses_anonymous_args = 0
 800              		@ link register save eliminated.
 319:Inc/STM32F3xx_HAL_Driver/Src/stm32f3xx_hal_cortex.c ****   /* Check the parameters */
 320:Inc/STM32F3xx_HAL_Driver/Src/stm32f3xx_hal_cortex.c ****   assert_param(IS_MPU_REGION_NUMBER(RegionNumber));
 801              		.loc 1 320 3 view .LVU202
 321:Inc/STM32F3xx_HAL_Driver/Src/stm32f3xx_hal_cortex.c **** 
 322:Inc/STM32F3xx_HAL_Driver/Src/stm32f3xx_hal_cortex.c ****   /* Set the Region number */
 323:Inc/STM32F3xx_HAL_Driver/Src/stm32f3xx_hal_cortex.c ****   MPU->RNR = RegionNumber;
 802              		.loc 1 323 3 view .LVU203
 803              		.loc 1 323 12 is_stmt 0 view .LVU204
 804 0000 044B     		ldr	r3, .L54
 805 0002 C3F89800 		str	r0, [r3, #152]
 324:Inc/STM32F3xx_HAL_Driver/Src/stm32f3xx_hal_cortex.c **** 
 325:Inc/STM32F3xx_HAL_Driver/Src/stm32f3xx_hal_cortex.c ****   /* Enable the Region */
 326:Inc/STM32F3xx_HAL_Driver/Src/stm32f3xx_hal_cortex.c ****   SET_BIT(MPU->RASR, MPU_RASR_ENABLE_Msk);
 806              		.loc 1 326 3 is_stmt 1 view .LVU205
 807 0006 D3F8A020 		ldr	r2, [r3, #160]
 808 000a 42F00102 		orr	r2, r2, #1
 809 000e C3F8A020 		str	r2, [r3, #160]
 327:Inc/STM32F3xx_HAL_Driver/Src/stm32f3xx_hal_cortex.c **** }
 810              		.loc 1 327 1 is_stmt 0 view .LVU206
 811 0012 7047     		bx	lr
 812              	.L55:
 813              		.align	2
 814              	.L54:
 815 0014 00ED00E0 		.word	-536810240
 816              		.cfi_endproc
 817              	.LFE138:
 819              		.section	.text.HAL_MPU_DisableRegion,"ax",%progbits
 820              		.align	1
 821              		.global	HAL_MPU_DisableRegion
 822              		.syntax unified
 823              		.thumb
 824              		.thumb_func
 826              	HAL_MPU_DisableRegion:
 827              	.LVL60:
 828              	.LFB139:
 328:Inc/STM32F3xx_HAL_Driver/Src/stm32f3xx_hal_cortex.c **** 
 329:Inc/STM32F3xx_HAL_Driver/Src/stm32f3xx_hal_cortex.c **** /**
 330:Inc/STM32F3xx_HAL_Driver/Src/stm32f3xx_hal_cortex.c ****   * @brief  Disables the MPU Region.
 331:Inc/STM32F3xx_HAL_Driver/Src/stm32f3xx_hal_cortex.c ****   * @retval None
 332:Inc/STM32F3xx_HAL_Driver/Src/stm32f3xx_hal_cortex.c ****   */
 333:Inc/STM32F3xx_HAL_Driver/Src/stm32f3xx_hal_cortex.c **** void HAL_MPU_DisableRegion(uint32_t RegionNumber)
 334:Inc/STM32F3xx_HAL_Driver/Src/stm32f3xx_hal_cortex.c **** {
 829              		.loc 1 334 1 is_stmt 1 view -0
 830              		.cfi_startproc
 831              		@ args = 0, pretend = 0, frame = 0
 832              		@ frame_needed = 0, uses_anonymous_args = 0
 833              		@ link register save eliminated.
 335:Inc/STM32F3xx_HAL_Driver/Src/stm32f3xx_hal_cortex.c ****   /* Check the parameters */
 336:Inc/STM32F3xx_HAL_Driver/Src/stm32f3xx_hal_cortex.c ****   assert_param(IS_MPU_REGION_NUMBER(RegionNumber));
 834              		.loc 1 336 3 view .LVU208
 337:Inc/STM32F3xx_HAL_Driver/Src/stm32f3xx_hal_cortex.c **** 
 338:Inc/STM32F3xx_HAL_Driver/Src/stm32f3xx_hal_cortex.c ****   /* Set the Region number */
 339:Inc/STM32F3xx_HAL_Driver/Src/stm32f3xx_hal_cortex.c ****   MPU->RNR = RegionNumber;
 835              		.loc 1 339 3 view .LVU209
ARM GAS  /tmp/ccOMA1VY.s 			page 73


 836              		.loc 1 339 12 is_stmt 0 view .LVU210
 837 0000 044B     		ldr	r3, .L57
 838 0002 C3F89800 		str	r0, [r3, #152]
 340:Inc/STM32F3xx_HAL_Driver/Src/stm32f3xx_hal_cortex.c **** 
 341:Inc/STM32F3xx_HAL_Driver/Src/stm32f3xx_hal_cortex.c ****   /* Disable the Region */
 342:Inc/STM32F3xx_HAL_Driver/Src/stm32f3xx_hal_cortex.c ****   CLEAR_BIT(MPU->RASR, MPU_RASR_ENABLE_Msk);
 839              		.loc 1 342 3 is_stmt 1 view .LVU211
 840 0006 D3F8A020 		ldr	r2, [r3, #160]
 841 000a 22F00102 		bic	r2, r2, #1
 842 000e C3F8A020 		str	r2, [r3, #160]
 343:Inc/STM32F3xx_HAL_Driver/Src/stm32f3xx_hal_cortex.c **** }
 843              		.loc 1 343 1 is_stmt 0 view .LVU212
 844 0012 7047     		bx	lr
 845              	.L58:
 846              		.align	2
 847              	.L57:
 848 0014 00ED00E0 		.word	-536810240
 849              		.cfi_endproc
 850              	.LFE139:
 852              		.section	.text.HAL_MPU_ConfigRegion,"ax",%progbits
 853              		.align	1
 854              		.global	HAL_MPU_ConfigRegion
 855              		.syntax unified
 856              		.thumb
 857              		.thumb_func
 859              	HAL_MPU_ConfigRegion:
 860              	.LVL61:
 861              	.LFB140:
 344:Inc/STM32F3xx_HAL_Driver/Src/stm32f3xx_hal_cortex.c **** 
 345:Inc/STM32F3xx_HAL_Driver/Src/stm32f3xx_hal_cortex.c **** /**
 346:Inc/STM32F3xx_HAL_Driver/Src/stm32f3xx_hal_cortex.c ****   * @brief  Initializes and configures the Region and the memory to be protected.
 347:Inc/STM32F3xx_HAL_Driver/Src/stm32f3xx_hal_cortex.c ****   * @param MPU_Init Pointer to a MPU_Region_InitTypeDef structure that contains
 348:Inc/STM32F3xx_HAL_Driver/Src/stm32f3xx_hal_cortex.c ****   *                the initialization and configuration information.
 349:Inc/STM32F3xx_HAL_Driver/Src/stm32f3xx_hal_cortex.c ****   * @retval None
 350:Inc/STM32F3xx_HAL_Driver/Src/stm32f3xx_hal_cortex.c ****   */
 351:Inc/STM32F3xx_HAL_Driver/Src/stm32f3xx_hal_cortex.c **** void HAL_MPU_ConfigRegion(MPU_Region_InitTypeDef *MPU_Init)
 352:Inc/STM32F3xx_HAL_Driver/Src/stm32f3xx_hal_cortex.c **** {
 862              		.loc 1 352 1 is_stmt 1 view -0
 863              		.cfi_startproc
 864              		@ args = 0, pretend = 0, frame = 0
 865              		@ frame_needed = 0, uses_anonymous_args = 0
 866              		@ link register save eliminated.
 353:Inc/STM32F3xx_HAL_Driver/Src/stm32f3xx_hal_cortex.c ****   /* Check the parameters */
 354:Inc/STM32F3xx_HAL_Driver/Src/stm32f3xx_hal_cortex.c ****   assert_param(IS_MPU_REGION_NUMBER(MPU_Init->Number));
 867              		.loc 1 354 3 view .LVU214
 355:Inc/STM32F3xx_HAL_Driver/Src/stm32f3xx_hal_cortex.c ****   assert_param(IS_MPU_REGION_ENABLE(MPU_Init->Enable));
 868              		.loc 1 355 3 view .LVU215
 356:Inc/STM32F3xx_HAL_Driver/Src/stm32f3xx_hal_cortex.c ****   assert_param(IS_MPU_INSTRUCTION_ACCESS(MPU_Init->DisableExec));
 869              		.loc 1 356 3 view .LVU216
 357:Inc/STM32F3xx_HAL_Driver/Src/stm32f3xx_hal_cortex.c ****   assert_param(IS_MPU_REGION_PERMISSION_ATTRIBUTE(MPU_Init->AccessPermission));
 870              		.loc 1 357 3 view .LVU217
 358:Inc/STM32F3xx_HAL_Driver/Src/stm32f3xx_hal_cortex.c ****   assert_param(IS_MPU_TEX_LEVEL(MPU_Init->TypeExtField));
 871              		.loc 1 358 3 view .LVU218
 359:Inc/STM32F3xx_HAL_Driver/Src/stm32f3xx_hal_cortex.c ****   assert_param(IS_MPU_ACCESS_SHAREABLE(MPU_Init->IsShareable));
 872              		.loc 1 359 3 view .LVU219
 360:Inc/STM32F3xx_HAL_Driver/Src/stm32f3xx_hal_cortex.c ****   assert_param(IS_MPU_ACCESS_CACHEABLE(MPU_Init->IsCacheable));
 873              		.loc 1 360 3 view .LVU220
ARM GAS  /tmp/ccOMA1VY.s 			page 74


 361:Inc/STM32F3xx_HAL_Driver/Src/stm32f3xx_hal_cortex.c ****   assert_param(IS_MPU_ACCESS_BUFFERABLE(MPU_Init->IsBufferable));
 874              		.loc 1 361 3 view .LVU221
 362:Inc/STM32F3xx_HAL_Driver/Src/stm32f3xx_hal_cortex.c ****   assert_param(IS_MPU_SUB_REGION_DISABLE(MPU_Init->SubRegionDisable));
 875              		.loc 1 362 3 view .LVU222
 363:Inc/STM32F3xx_HAL_Driver/Src/stm32f3xx_hal_cortex.c ****   assert_param(IS_MPU_REGION_SIZE(MPU_Init->Size));
 876              		.loc 1 363 3 view .LVU223
 364:Inc/STM32F3xx_HAL_Driver/Src/stm32f3xx_hal_cortex.c **** 
 365:Inc/STM32F3xx_HAL_Driver/Src/stm32f3xx_hal_cortex.c ****   /* Set the Region number */
 366:Inc/STM32F3xx_HAL_Driver/Src/stm32f3xx_hal_cortex.c ****   MPU->RNR = MPU_Init->Number;
 877              		.loc 1 366 3 view .LVU224
 878              		.loc 1 366 22 is_stmt 0 view .LVU225
 879 0000 4378     		ldrb	r3, [r0, #1]	@ zero_extendqisi2
 880              		.loc 1 366 12 view .LVU226
 881 0002 144A     		ldr	r2, .L60
 882 0004 C2F89830 		str	r3, [r2, #152]
 367:Inc/STM32F3xx_HAL_Driver/Src/stm32f3xx_hal_cortex.c **** 
 368:Inc/STM32F3xx_HAL_Driver/Src/stm32f3xx_hal_cortex.c ****   /* Disable the Region */
 369:Inc/STM32F3xx_HAL_Driver/Src/stm32f3xx_hal_cortex.c ****   CLEAR_BIT(MPU->RASR, MPU_RASR_ENABLE_Msk);
 883              		.loc 1 369 3 is_stmt 1 view .LVU227
 884 0008 D2F8A030 		ldr	r3, [r2, #160]
 885 000c 23F00103 		bic	r3, r3, #1
 886 0010 C2F8A030 		str	r3, [r2, #160]
 370:Inc/STM32F3xx_HAL_Driver/Src/stm32f3xx_hal_cortex.c **** 
 371:Inc/STM32F3xx_HAL_Driver/Src/stm32f3xx_hal_cortex.c ****   /* Apply configuration */
 372:Inc/STM32F3xx_HAL_Driver/Src/stm32f3xx_hal_cortex.c ****   MPU->RBAR = MPU_Init->BaseAddress;
 887              		.loc 1 372 3 view .LVU228
 888              		.loc 1 372 23 is_stmt 0 view .LVU229
 889 0014 4368     		ldr	r3, [r0, #4]
 890              		.loc 1 372 13 view .LVU230
 891 0016 C2F89C30 		str	r3, [r2, #156]
 373:Inc/STM32F3xx_HAL_Driver/Src/stm32f3xx_hal_cortex.c ****   MPU->RASR = ((uint32_t)MPU_Init->DisableExec             << MPU_RASR_XN_Pos)   |
 892              		.loc 1 373 3 is_stmt 1 view .LVU231
 893              		.loc 1 373 34 is_stmt 0 view .LVU232
 894 001a 017B     		ldrb	r1, [r0, #12]	@ zero_extendqisi2
 374:Inc/STM32F3xx_HAL_Driver/Src/stm32f3xx_hal_cortex.c ****               ((uint32_t)MPU_Init->AccessPermission        << MPU_RASR_AP_Pos)   |
 895              		.loc 1 374 34 view .LVU233
 896 001c C37A     		ldrb	r3, [r0, #11]	@ zero_extendqisi2
 897              		.loc 1 374 60 view .LVU234
 898 001e 1B06     		lsls	r3, r3, #24
 373:Inc/STM32F3xx_HAL_Driver/Src/stm32f3xx_hal_cortex.c ****   MPU->RASR = ((uint32_t)MPU_Init->DisableExec             << MPU_RASR_XN_Pos)   |
 899              		.loc 1 373 82 view .LVU235
 900 0020 43EA0173 		orr	r3, r3, r1, lsl #28
 375:Inc/STM32F3xx_HAL_Driver/Src/stm32f3xx_hal_cortex.c ****               ((uint32_t)MPU_Init->TypeExtField            << MPU_RASR_TEX_Pos)  |
 901              		.loc 1 375 34 view .LVU236
 902 0024 817A     		ldrb	r1, [r0, #10]	@ zero_extendqisi2
 374:Inc/STM32F3xx_HAL_Driver/Src/stm32f3xx_hal_cortex.c ****               ((uint32_t)MPU_Init->AccessPermission        << MPU_RASR_AP_Pos)   |
 903              		.loc 1 374 82 view .LVU237
 904 0026 43EAC143 		orr	r3, r3, r1, lsl #19
 376:Inc/STM32F3xx_HAL_Driver/Src/stm32f3xx_hal_cortex.c ****               ((uint32_t)MPU_Init->IsShareable             << MPU_RASR_S_Pos)    |
 905              		.loc 1 376 34 view .LVU238
 906 002a 417B     		ldrb	r1, [r0, #13]	@ zero_extendqisi2
 375:Inc/STM32F3xx_HAL_Driver/Src/stm32f3xx_hal_cortex.c ****               ((uint32_t)MPU_Init->TypeExtField            << MPU_RASR_TEX_Pos)  |
 907              		.loc 1 375 82 view .LVU239
 908 002c 43EA8143 		orr	r3, r3, r1, lsl #18
 377:Inc/STM32F3xx_HAL_Driver/Src/stm32f3xx_hal_cortex.c ****               ((uint32_t)MPU_Init->IsCacheable             << MPU_RASR_C_Pos)    |
 909              		.loc 1 377 34 view .LVU240
 910 0030 817B     		ldrb	r1, [r0, #14]	@ zero_extendqisi2
ARM GAS  /tmp/ccOMA1VY.s 			page 75


 376:Inc/STM32F3xx_HAL_Driver/Src/stm32f3xx_hal_cortex.c ****               ((uint32_t)MPU_Init->IsShareable             << MPU_RASR_S_Pos)    |
 911              		.loc 1 376 82 view .LVU241
 912 0032 43EA4143 		orr	r3, r3, r1, lsl #17
 378:Inc/STM32F3xx_HAL_Driver/Src/stm32f3xx_hal_cortex.c ****               ((uint32_t)MPU_Init->IsBufferable            << MPU_RASR_B_Pos)    |
 913              		.loc 1 378 34 view .LVU242
 914 0036 C17B     		ldrb	r1, [r0, #15]	@ zero_extendqisi2
 377:Inc/STM32F3xx_HAL_Driver/Src/stm32f3xx_hal_cortex.c ****               ((uint32_t)MPU_Init->IsCacheable             << MPU_RASR_C_Pos)    |
 915              		.loc 1 377 82 view .LVU243
 916 0038 43EA0143 		orr	r3, r3, r1, lsl #16
 379:Inc/STM32F3xx_HAL_Driver/Src/stm32f3xx_hal_cortex.c ****               ((uint32_t)MPU_Init->SubRegionDisable        << MPU_RASR_SRD_Pos)  |
 917              		.loc 1 379 34 view .LVU244
 918 003c 417A     		ldrb	r1, [r0, #9]	@ zero_extendqisi2
 378:Inc/STM32F3xx_HAL_Driver/Src/stm32f3xx_hal_cortex.c ****               ((uint32_t)MPU_Init->IsBufferable            << MPU_RASR_B_Pos)    |
 919              		.loc 1 378 82 view .LVU245
 920 003e 43EA0123 		orr	r3, r3, r1, lsl #8
 380:Inc/STM32F3xx_HAL_Driver/Src/stm32f3xx_hal_cortex.c ****               ((uint32_t)MPU_Init->Size                    << MPU_RASR_SIZE_Pos) |
 921              		.loc 1 380 34 view .LVU246
 922 0042 017A     		ldrb	r1, [r0, #8]	@ zero_extendqisi2
 379:Inc/STM32F3xx_HAL_Driver/Src/stm32f3xx_hal_cortex.c ****               ((uint32_t)MPU_Init->SubRegionDisable        << MPU_RASR_SRD_Pos)  |
 923              		.loc 1 379 82 view .LVU247
 924 0044 43EA4103 		orr	r3, r3, r1, lsl #1
 381:Inc/STM32F3xx_HAL_Driver/Src/stm32f3xx_hal_cortex.c ****               ((uint32_t)MPU_Init->Enable                  << MPU_RASR_ENABLE_Pos);
 925              		.loc 1 381 34 view .LVU248
 926 0048 0178     		ldrb	r1, [r0]	@ zero_extendqisi2
 380:Inc/STM32F3xx_HAL_Driver/Src/stm32f3xx_hal_cortex.c ****               ((uint32_t)MPU_Init->Size                    << MPU_RASR_SIZE_Pos) |
 927              		.loc 1 380 82 view .LVU249
 928 004a 0B43     		orrs	r3, r3, r1
 373:Inc/STM32F3xx_HAL_Driver/Src/stm32f3xx_hal_cortex.c ****               ((uint32_t)MPU_Init->AccessPermission        << MPU_RASR_AP_Pos)   |
 929              		.loc 1 373 13 view .LVU250
 930 004c C2F8A030 		str	r3, [r2, #160]
 382:Inc/STM32F3xx_HAL_Driver/Src/stm32f3xx_hal_cortex.c **** }
 931              		.loc 1 382 1 view .LVU251
 932 0050 7047     		bx	lr
 933              	.L61:
 934 0052 00BF     		.align	2
 935              	.L60:
 936 0054 00ED00E0 		.word	-536810240
 937              		.cfi_endproc
 938              	.LFE140:
 940              		.section	.text.HAL_NVIC_GetPriorityGrouping,"ax",%progbits
 941              		.align	1
 942              		.global	HAL_NVIC_GetPriorityGrouping
 943              		.syntax unified
 944              		.thumb
 945              		.thumb_func
 947              	HAL_NVIC_GetPriorityGrouping:
 948              	.LFB141:
 383:Inc/STM32F3xx_HAL_Driver/Src/stm32f3xx_hal_cortex.c **** #endif /* __MPU_PRESENT */
 384:Inc/STM32F3xx_HAL_Driver/Src/stm32f3xx_hal_cortex.c **** 
 385:Inc/STM32F3xx_HAL_Driver/Src/stm32f3xx_hal_cortex.c **** /**
 386:Inc/STM32F3xx_HAL_Driver/Src/stm32f3xx_hal_cortex.c ****   * @brief  Gets the priority grouping field from the NVIC Interrupt Controller.
 387:Inc/STM32F3xx_HAL_Driver/Src/stm32f3xx_hal_cortex.c ****   * @retval Priority grouping field (SCB->AIRCR [10:8] PRIGROUP field)
 388:Inc/STM32F3xx_HAL_Driver/Src/stm32f3xx_hal_cortex.c ****   */
 389:Inc/STM32F3xx_HAL_Driver/Src/stm32f3xx_hal_cortex.c **** uint32_t HAL_NVIC_GetPriorityGrouping(void)
 390:Inc/STM32F3xx_HAL_Driver/Src/stm32f3xx_hal_cortex.c **** {
 949              		.loc 1 390 1 is_stmt 1 view -0
 950              		.cfi_startproc
ARM GAS  /tmp/ccOMA1VY.s 			page 76


 951              		@ args = 0, pretend = 0, frame = 0
 952              		@ frame_needed = 0, uses_anonymous_args = 0
 953              		@ link register save eliminated.
 391:Inc/STM32F3xx_HAL_Driver/Src/stm32f3xx_hal_cortex.c ****   /* Get the PRIGROUP[10:8] field value */
 392:Inc/STM32F3xx_HAL_Driver/Src/stm32f3xx_hal_cortex.c ****   return NVIC_GetPriorityGrouping();
 954              		.loc 1 392 3 view .LVU253
 955              	.LBB50:
 956              	.LBI50:
1676:Inc/CMSIS/Core/Include/core_cm4.h **** {
 957              		.loc 2 1676 26 view .LVU254
 958              	.LBB51:
1678:Inc/CMSIS/Core/Include/core_cm4.h **** }
 959              		.loc 2 1678 3 view .LVU255
1678:Inc/CMSIS/Core/Include/core_cm4.h **** }
 960              		.loc 2 1678 26 is_stmt 0 view .LVU256
 961 0000 024B     		ldr	r3, .L63
 962 0002 D868     		ldr	r0, [r3, #12]
 963              	.LBE51:
 964              	.LBE50:
 393:Inc/STM32F3xx_HAL_Driver/Src/stm32f3xx_hal_cortex.c **** }
 965              		.loc 1 393 1 view .LVU257
 966 0004 C0F30220 		ubfx	r0, r0, #8, #3
 967 0008 7047     		bx	lr
 968              	.L64:
 969 000a 00BF     		.align	2
 970              	.L63:
 971 000c 00ED00E0 		.word	-536810240
 972              		.cfi_endproc
 973              	.LFE141:
 975              		.section	.text.HAL_NVIC_GetPriority,"ax",%progbits
 976              		.align	1
 977              		.global	HAL_NVIC_GetPriority
 978              		.syntax unified
 979              		.thumb
 980              		.thumb_func
 982              	HAL_NVIC_GetPriority:
 983              	.LVL62:
 984              	.LFB142:
 394:Inc/STM32F3xx_HAL_Driver/Src/stm32f3xx_hal_cortex.c **** 
 395:Inc/STM32F3xx_HAL_Driver/Src/stm32f3xx_hal_cortex.c **** /**
 396:Inc/STM32F3xx_HAL_Driver/Src/stm32f3xx_hal_cortex.c ****   * @brief  Gets the priority of an interrupt.
 397:Inc/STM32F3xx_HAL_Driver/Src/stm32f3xx_hal_cortex.c ****   * @param  IRQn External interrupt number
 398:Inc/STM32F3xx_HAL_Driver/Src/stm32f3xx_hal_cortex.c ****   *         This parameter can be an enumerator of IRQn_Type enumeration
 399:Inc/STM32F3xx_HAL_Driver/Src/stm32f3xx_hal_cortex.c ****   *         (For the complete STM32 Devices IRQ Channels list, please refer to the appropriate CMSI
 400:Inc/STM32F3xx_HAL_Driver/Src/stm32f3xx_hal_cortex.c ****   * @param   PriorityGroup: the priority grouping bits length.
 401:Inc/STM32F3xx_HAL_Driver/Src/stm32f3xx_hal_cortex.c ****   *         This parameter can be one of the following values:
 402:Inc/STM32F3xx_HAL_Driver/Src/stm32f3xx_hal_cortex.c ****   *           @arg NVIC_PRIORITYGROUP_0: 0 bits for pre-emption priority
 403:Inc/STM32F3xx_HAL_Driver/Src/stm32f3xx_hal_cortex.c ****   *                                      4 bits for subpriority
 404:Inc/STM32F3xx_HAL_Driver/Src/stm32f3xx_hal_cortex.c ****   *           @arg NVIC_PRIORITYGROUP_1: 1 bits for pre-emption priority
 405:Inc/STM32F3xx_HAL_Driver/Src/stm32f3xx_hal_cortex.c ****   *                                      3 bits for subpriority
 406:Inc/STM32F3xx_HAL_Driver/Src/stm32f3xx_hal_cortex.c ****   *           @arg NVIC_PRIORITYGROUP_2: 2 bits for pre-emption priority
 407:Inc/STM32F3xx_HAL_Driver/Src/stm32f3xx_hal_cortex.c ****   *                                      2 bits for subpriority
 408:Inc/STM32F3xx_HAL_Driver/Src/stm32f3xx_hal_cortex.c ****   *           @arg NVIC_PRIORITYGROUP_3: 3 bits for pre-emption priority
 409:Inc/STM32F3xx_HAL_Driver/Src/stm32f3xx_hal_cortex.c ****   *                                      1 bits for subpriority
 410:Inc/STM32F3xx_HAL_Driver/Src/stm32f3xx_hal_cortex.c ****   *           @arg NVIC_PRIORITYGROUP_4: 4 bits for pre-emption priority
 411:Inc/STM32F3xx_HAL_Driver/Src/stm32f3xx_hal_cortex.c ****   *                                      0 bits for subpriority
 412:Inc/STM32F3xx_HAL_Driver/Src/stm32f3xx_hal_cortex.c ****   * @param  pPreemptPriority Pointer on the Preemptive priority value (starting from 0).
ARM GAS  /tmp/ccOMA1VY.s 			page 77


 413:Inc/STM32F3xx_HAL_Driver/Src/stm32f3xx_hal_cortex.c ****   * @param  pSubPriority Pointer on the Subpriority value (starting from 0).
 414:Inc/STM32F3xx_HAL_Driver/Src/stm32f3xx_hal_cortex.c ****   * @retval None
 415:Inc/STM32F3xx_HAL_Driver/Src/stm32f3xx_hal_cortex.c ****   */
 416:Inc/STM32F3xx_HAL_Driver/Src/stm32f3xx_hal_cortex.c **** void HAL_NVIC_GetPriority(IRQn_Type IRQn, uint32_t PriorityGroup, uint32_t* pPreemptPriority, uint3
 417:Inc/STM32F3xx_HAL_Driver/Src/stm32f3xx_hal_cortex.c **** {
 985              		.loc 1 417 1 is_stmt 1 view -0
 986              		.cfi_startproc
 987              		@ args = 0, pretend = 0, frame = 0
 988              		@ frame_needed = 0, uses_anonymous_args = 0
 989              		.loc 1 417 1 is_stmt 0 view .LVU259
 990 0000 70B5     		push	{r4, r5, r6, lr}
 991              		.cfi_def_cfa_offset 16
 992              		.cfi_offset 4, -16
 993              		.cfi_offset 5, -12
 994              		.cfi_offset 6, -8
 995              		.cfi_offset 14, -4
 996 0002 0C46     		mov	r4, r1
 997 0004 1546     		mov	r5, r2
 998 0006 1E46     		mov	r6, r3
 418:Inc/STM32F3xx_HAL_Driver/Src/stm32f3xx_hal_cortex.c ****   /* Check the parameters */
 419:Inc/STM32F3xx_HAL_Driver/Src/stm32f3xx_hal_cortex.c ****   assert_param(IS_NVIC_PRIORITY_GROUP(PriorityGroup));
 999              		.loc 1 419 3 is_stmt 1 view .LVU260
 420:Inc/STM32F3xx_HAL_Driver/Src/stm32f3xx_hal_cortex.c ****   /* Get priority for Cortex-M system or device specific interrupts */
 421:Inc/STM32F3xx_HAL_Driver/Src/stm32f3xx_hal_cortex.c ****   NVIC_DecodePriority(NVIC_GetPriority(IRQn), PriorityGroup, pPreemptPriority, pSubPriority);
 1000              		.loc 1 421 3 view .LVU261
 1001 0008 FFF7FEFF 		bl	__NVIC_GetPriority
 1002              	.LVL63:
 1003              		.loc 1 421 3 is_stmt 0 discriminator 1 view .LVU262
 1004 000c 3346     		mov	r3, r6
 1005 000e 2A46     		mov	r2, r5
 1006 0010 2146     		mov	r1, r4
 1007 0012 FFF7FEFF 		bl	NVIC_DecodePriority
 1008              	.LVL64:
 422:Inc/STM32F3xx_HAL_Driver/Src/stm32f3xx_hal_cortex.c **** }
 1009              		.loc 1 422 1 view .LVU263
 1010 0016 70BD     		pop	{r4, r5, r6, pc}
 1011              		.loc 1 422 1 view .LVU264
 1012              		.cfi_endproc
 1013              	.LFE142:
 1015              		.section	.text.HAL_NVIC_SetPendingIRQ,"ax",%progbits
 1016              		.align	1
 1017              		.global	HAL_NVIC_SetPendingIRQ
 1018              		.syntax unified
 1019              		.thumb
 1020              		.thumb_func
 1022              	HAL_NVIC_SetPendingIRQ:
 1023              	.LVL65:
 1024              	.LFB143:
 423:Inc/STM32F3xx_HAL_Driver/Src/stm32f3xx_hal_cortex.c **** 
 424:Inc/STM32F3xx_HAL_Driver/Src/stm32f3xx_hal_cortex.c **** /**
 425:Inc/STM32F3xx_HAL_Driver/Src/stm32f3xx_hal_cortex.c ****   * @brief  Sets Pending bit of an external interrupt.
 426:Inc/STM32F3xx_HAL_Driver/Src/stm32f3xx_hal_cortex.c ****   * @param  IRQn External interrupt number
 427:Inc/STM32F3xx_HAL_Driver/Src/stm32f3xx_hal_cortex.c ****   *         This parameter can be an enumerator of IRQn_Type enumeration
 428:Inc/STM32F3xx_HAL_Driver/Src/stm32f3xx_hal_cortex.c ****   *         (For the complete STM32 Devices IRQ Channels list, please refer to the appropriate CMSI
 429:Inc/STM32F3xx_HAL_Driver/Src/stm32f3xx_hal_cortex.c ****   * @retval None
 430:Inc/STM32F3xx_HAL_Driver/Src/stm32f3xx_hal_cortex.c ****   */
 431:Inc/STM32F3xx_HAL_Driver/Src/stm32f3xx_hal_cortex.c **** void HAL_NVIC_SetPendingIRQ(IRQn_Type IRQn)
ARM GAS  /tmp/ccOMA1VY.s 			page 78


 432:Inc/STM32F3xx_HAL_Driver/Src/stm32f3xx_hal_cortex.c **** {
 1025              		.loc 1 432 1 is_stmt 1 view -0
 1026              		.cfi_startproc
 1027              		@ args = 0, pretend = 0, frame = 0
 1028              		@ frame_needed = 0, uses_anonymous_args = 0
 1029              		@ link register save eliminated.
 433:Inc/STM32F3xx_HAL_Driver/Src/stm32f3xx_hal_cortex.c ****   /* Set interrupt pending */
 434:Inc/STM32F3xx_HAL_Driver/Src/stm32f3xx_hal_cortex.c ****   NVIC_SetPendingIRQ(IRQn);
 1030              		.loc 1 434 3 view .LVU266
 1031              	.LBB52:
 1032              	.LBI52:
1762:Inc/CMSIS/Core/Include/core_cm4.h **** {
 1033              		.loc 2 1762 22 view .LVU267
 1034              	.LBB53:
1764:Inc/CMSIS/Core/Include/core_cm4.h ****   {
 1035              		.loc 2 1764 3 view .LVU268
1764:Inc/CMSIS/Core/Include/core_cm4.h ****   {
 1036              		.loc 2 1764 6 is_stmt 0 view .LVU269
 1037 0000 0028     		cmp	r0, #0
1764:Inc/CMSIS/Core/Include/core_cm4.h ****   {
 1038              		.loc 2 1764 6 view .LVU270
 1039 0002 08DB     		blt	.L67
1766:Inc/CMSIS/Core/Include/core_cm4.h ****   }
 1040              		.loc 2 1766 5 is_stmt 1 view .LVU271
1766:Inc/CMSIS/Core/Include/core_cm4.h ****   }
 1041              		.loc 2 1766 81 is_stmt 0 view .LVU272
 1042 0004 00F01F02 		and	r2, r0, #31
1766:Inc/CMSIS/Core/Include/core_cm4.h ****   }
 1043              		.loc 2 1766 34 view .LVU273
 1044 0008 4009     		lsrs	r0, r0, #5
 1045              	.LVL66:
1766:Inc/CMSIS/Core/Include/core_cm4.h ****   }
 1046              		.loc 2 1766 45 view .LVU274
 1047 000a 0123     		movs	r3, #1
 1048 000c 9340     		lsls	r3, r3, r2
1766:Inc/CMSIS/Core/Include/core_cm4.h ****   }
 1049              		.loc 2 1766 43 view .LVU275
 1050 000e 4030     		adds	r0, r0, #64
 1051 0010 014A     		ldr	r2, .L69
 1052 0012 42F82030 		str	r3, [r2, r0, lsl #2]
 1053              	.LVL67:
 1054              	.L67:
1766:Inc/CMSIS/Core/Include/core_cm4.h ****   }
 1055              		.loc 2 1766 43 view .LVU276
 1056              	.LBE53:
 1057              	.LBE52:
 435:Inc/STM32F3xx_HAL_Driver/Src/stm32f3xx_hal_cortex.c **** }
 1058              		.loc 1 435 1 view .LVU277
 1059 0016 7047     		bx	lr
 1060              	.L70:
 1061              		.align	2
 1062              	.L69:
 1063 0018 00E100E0 		.word	-536813312
 1064              		.cfi_endproc
 1065              	.LFE143:
 1067              		.section	.text.HAL_NVIC_GetPendingIRQ,"ax",%progbits
 1068              		.align	1
ARM GAS  /tmp/ccOMA1VY.s 			page 79


 1069              		.global	HAL_NVIC_GetPendingIRQ
 1070              		.syntax unified
 1071              		.thumb
 1072              		.thumb_func
 1074              	HAL_NVIC_GetPendingIRQ:
 1075              	.LVL68:
 1076              	.LFB144:
 436:Inc/STM32F3xx_HAL_Driver/Src/stm32f3xx_hal_cortex.c **** 
 437:Inc/STM32F3xx_HAL_Driver/Src/stm32f3xx_hal_cortex.c **** /**
 438:Inc/STM32F3xx_HAL_Driver/Src/stm32f3xx_hal_cortex.c ****   * @brief  Gets Pending Interrupt (reads the pending register in the NVIC
 439:Inc/STM32F3xx_HAL_Driver/Src/stm32f3xx_hal_cortex.c ****   *         and returns the pending bit for the specified interrupt).
 440:Inc/STM32F3xx_HAL_Driver/Src/stm32f3xx_hal_cortex.c ****   * @param  IRQn External interrupt number
 441:Inc/STM32F3xx_HAL_Driver/Src/stm32f3xx_hal_cortex.c ****   *         This parameter can be an enumerator of IRQn_Type enumeration
 442:Inc/STM32F3xx_HAL_Driver/Src/stm32f3xx_hal_cortex.c ****   *         (For the complete STM32 Devices IRQ Channels list, please refer to the appropriate CMSI
 443:Inc/STM32F3xx_HAL_Driver/Src/stm32f3xx_hal_cortex.c ****   * @retval status: - 0  Interrupt status is not pending.
 444:Inc/STM32F3xx_HAL_Driver/Src/stm32f3xx_hal_cortex.c ****   *                 - 1  Interrupt status is pending.
 445:Inc/STM32F3xx_HAL_Driver/Src/stm32f3xx_hal_cortex.c ****   */
 446:Inc/STM32F3xx_HAL_Driver/Src/stm32f3xx_hal_cortex.c **** uint32_t HAL_NVIC_GetPendingIRQ(IRQn_Type IRQn)
 447:Inc/STM32F3xx_HAL_Driver/Src/stm32f3xx_hal_cortex.c **** {
 1077              		.loc 1 447 1 is_stmt 1 view -0
 1078              		.cfi_startproc
 1079              		@ args = 0, pretend = 0, frame = 0
 1080              		@ frame_needed = 0, uses_anonymous_args = 0
 1081              		@ link register save eliminated.
 448:Inc/STM32F3xx_HAL_Driver/Src/stm32f3xx_hal_cortex.c ****   /* Return 1 if pending else 0U */
 449:Inc/STM32F3xx_HAL_Driver/Src/stm32f3xx_hal_cortex.c ****   return NVIC_GetPendingIRQ(IRQn);
 1082              		.loc 1 449 3 view .LVU279
 1083              	.LBB54:
 1084              	.LBI54:
1743:Inc/CMSIS/Core/Include/core_cm4.h **** {
 1085              		.loc 2 1743 26 view .LVU280
 1086              	.LBB55:
1745:Inc/CMSIS/Core/Include/core_cm4.h ****   {
 1087              		.loc 2 1745 3 view .LVU281
1745:Inc/CMSIS/Core/Include/core_cm4.h ****   {
 1088              		.loc 2 1745 6 is_stmt 0 view .LVU282
 1089 0000 0028     		cmp	r0, #0
1745:Inc/CMSIS/Core/Include/core_cm4.h ****   {
 1090              		.loc 2 1745 6 view .LVU283
 1091 0002 0BDB     		blt	.L73
1747:Inc/CMSIS/Core/Include/core_cm4.h ****   }
 1092              		.loc 2 1747 5 is_stmt 1 view .LVU284
1747:Inc/CMSIS/Core/Include/core_cm4.h ****   }
 1093              		.loc 2 1747 54 is_stmt 0 view .LVU285
 1094 0004 4309     		lsrs	r3, r0, #5
1747:Inc/CMSIS/Core/Include/core_cm4.h ****   }
 1095              		.loc 2 1747 35 view .LVU286
 1096 0006 4033     		adds	r3, r3, #64
 1097 0008 054A     		ldr	r2, .L74
 1098 000a 52F82330 		ldr	r3, [r2, r3, lsl #2]
1747:Inc/CMSIS/Core/Include/core_cm4.h ****   }
 1099              		.loc 2 1747 91 view .LVU287
 1100 000e 00F01F00 		and	r0, r0, #31
 1101              	.LVL69:
1747:Inc/CMSIS/Core/Include/core_cm4.h ****   }
 1102              		.loc 2 1747 103 view .LVU288
 1103 0012 23FA00F0 		lsr	r0, r3, r0
ARM GAS  /tmp/ccOMA1VY.s 			page 80


1747:Inc/CMSIS/Core/Include/core_cm4.h ****   }
 1104              		.loc 2 1747 12 view .LVU289
 1105 0016 00F00100 		and	r0, r0, #1
 1106 001a 7047     		bx	lr
 1107              	.L73:
1751:Inc/CMSIS/Core/Include/core_cm4.h ****   }
 1108              		.loc 2 1751 11 view .LVU290
 1109 001c 0020     		movs	r0, #0
 1110              	.LVL70:
1751:Inc/CMSIS/Core/Include/core_cm4.h ****   }
 1111              		.loc 2 1751 11 view .LVU291
 1112              	.LBE55:
 1113              	.LBE54:
 450:Inc/STM32F3xx_HAL_Driver/Src/stm32f3xx_hal_cortex.c **** }
 1114              		.loc 1 450 1 view .LVU292
 1115 001e 7047     		bx	lr
 1116              	.L75:
 1117              		.align	2
 1118              	.L74:
 1119 0020 00E100E0 		.word	-536813312
 1120              		.cfi_endproc
 1121              	.LFE144:
 1123              		.section	.text.HAL_NVIC_ClearPendingIRQ,"ax",%progbits
 1124              		.align	1
 1125              		.global	HAL_NVIC_ClearPendingIRQ
 1126              		.syntax unified
 1127              		.thumb
 1128              		.thumb_func
 1130              	HAL_NVIC_ClearPendingIRQ:
 1131              	.LVL71:
 1132              	.LFB145:
 451:Inc/STM32F3xx_HAL_Driver/Src/stm32f3xx_hal_cortex.c **** 
 452:Inc/STM32F3xx_HAL_Driver/Src/stm32f3xx_hal_cortex.c **** /**
 453:Inc/STM32F3xx_HAL_Driver/Src/stm32f3xx_hal_cortex.c ****   * @brief  Clears the pending bit of an external interrupt.
 454:Inc/STM32F3xx_HAL_Driver/Src/stm32f3xx_hal_cortex.c ****   * @param  IRQn External interrupt number
 455:Inc/STM32F3xx_HAL_Driver/Src/stm32f3xx_hal_cortex.c ****   *         This parameter can be an enumerator of IRQn_Type enumeration
 456:Inc/STM32F3xx_HAL_Driver/Src/stm32f3xx_hal_cortex.c ****   *         (For the complete STM32 Devices IRQ Channels list, please refer to the appropriate CMSI
 457:Inc/STM32F3xx_HAL_Driver/Src/stm32f3xx_hal_cortex.c ****   * @retval None
 458:Inc/STM32F3xx_HAL_Driver/Src/stm32f3xx_hal_cortex.c ****   */
 459:Inc/STM32F3xx_HAL_Driver/Src/stm32f3xx_hal_cortex.c **** void HAL_NVIC_ClearPendingIRQ(IRQn_Type IRQn)
 460:Inc/STM32F3xx_HAL_Driver/Src/stm32f3xx_hal_cortex.c **** {
 1133              		.loc 1 460 1 is_stmt 1 view -0
 1134              		.cfi_startproc
 1135              		@ args = 0, pretend = 0, frame = 0
 1136              		@ frame_needed = 0, uses_anonymous_args = 0
 1137              		@ link register save eliminated.
 461:Inc/STM32F3xx_HAL_Driver/Src/stm32f3xx_hal_cortex.c ****   /* Clear pending interrupt */
 462:Inc/STM32F3xx_HAL_Driver/Src/stm32f3xx_hal_cortex.c ****   NVIC_ClearPendingIRQ(IRQn);
 1138              		.loc 1 462 3 view .LVU294
 1139              	.LBB56:
 1140              	.LBI56:
1777:Inc/CMSIS/Core/Include/core_cm4.h **** {
 1141              		.loc 2 1777 22 view .LVU295
 1142              	.LBB57:
1779:Inc/CMSIS/Core/Include/core_cm4.h ****   {
 1143              		.loc 2 1779 3 view .LVU296
1779:Inc/CMSIS/Core/Include/core_cm4.h ****   {
ARM GAS  /tmp/ccOMA1VY.s 			page 81


 1144              		.loc 2 1779 6 is_stmt 0 view .LVU297
 1145 0000 0028     		cmp	r0, #0
1779:Inc/CMSIS/Core/Include/core_cm4.h ****   {
 1146              		.loc 2 1779 6 view .LVU298
 1147 0002 08DB     		blt	.L76
1781:Inc/CMSIS/Core/Include/core_cm4.h ****   }
 1148              		.loc 2 1781 5 is_stmt 1 view .LVU299
1781:Inc/CMSIS/Core/Include/core_cm4.h ****   }
 1149              		.loc 2 1781 81 is_stmt 0 view .LVU300
 1150 0004 00F01F02 		and	r2, r0, #31
1781:Inc/CMSIS/Core/Include/core_cm4.h ****   }
 1151              		.loc 2 1781 34 view .LVU301
 1152 0008 4009     		lsrs	r0, r0, #5
 1153              	.LVL72:
1781:Inc/CMSIS/Core/Include/core_cm4.h ****   }
 1154              		.loc 2 1781 45 view .LVU302
 1155 000a 0123     		movs	r3, #1
 1156 000c 9340     		lsls	r3, r3, r2
1781:Inc/CMSIS/Core/Include/core_cm4.h ****   }
 1157              		.loc 2 1781 43 view .LVU303
 1158 000e 6030     		adds	r0, r0, #96
 1159 0010 014A     		ldr	r2, .L78
 1160 0012 42F82030 		str	r3, [r2, r0, lsl #2]
 1161              	.LVL73:
 1162              	.L76:
1781:Inc/CMSIS/Core/Include/core_cm4.h ****   }
 1163              		.loc 2 1781 43 view .LVU304
 1164              	.LBE57:
 1165              	.LBE56:
 463:Inc/STM32F3xx_HAL_Driver/Src/stm32f3xx_hal_cortex.c **** }
 1166              		.loc 1 463 1 view .LVU305
 1167 0016 7047     		bx	lr
 1168              	.L79:
 1169              		.align	2
 1170              	.L78:
 1171 0018 00E100E0 		.word	-536813312
 1172              		.cfi_endproc
 1173              	.LFE145:
 1175              		.section	.text.HAL_NVIC_GetActive,"ax",%progbits
 1176              		.align	1
 1177              		.global	HAL_NVIC_GetActive
 1178              		.syntax unified
 1179              		.thumb
 1180              		.thumb_func
 1182              	HAL_NVIC_GetActive:
 1183              	.LVL74:
 1184              	.LFB146:
 464:Inc/STM32F3xx_HAL_Driver/Src/stm32f3xx_hal_cortex.c **** 
 465:Inc/STM32F3xx_HAL_Driver/Src/stm32f3xx_hal_cortex.c **** /**
 466:Inc/STM32F3xx_HAL_Driver/Src/stm32f3xx_hal_cortex.c ****   * @brief  Gets active interrupt ( reads the active register in NVIC and returns the active bit).
 467:Inc/STM32F3xx_HAL_Driver/Src/stm32f3xx_hal_cortex.c ****   * @param  IRQn External interrupt number
 468:Inc/STM32F3xx_HAL_Driver/Src/stm32f3xx_hal_cortex.c ****   *         This parameter can be an enumerator of IRQn_Type enumeration
 469:Inc/STM32F3xx_HAL_Driver/Src/stm32f3xx_hal_cortex.c ****   *         (For the complete STM32 Devices IRQ Channels list, please refer to the appropriate CMSI
 470:Inc/STM32F3xx_HAL_Driver/Src/stm32f3xx_hal_cortex.c ****   * @retval status: - 0  Interrupt status is not pending.
 471:Inc/STM32F3xx_HAL_Driver/Src/stm32f3xx_hal_cortex.c ****   *                 - 1  Interrupt status is pending.
 472:Inc/STM32F3xx_HAL_Driver/Src/stm32f3xx_hal_cortex.c ****   */
 473:Inc/STM32F3xx_HAL_Driver/Src/stm32f3xx_hal_cortex.c **** uint32_t HAL_NVIC_GetActive(IRQn_Type IRQn)
ARM GAS  /tmp/ccOMA1VY.s 			page 82


 474:Inc/STM32F3xx_HAL_Driver/Src/stm32f3xx_hal_cortex.c **** {
 1185              		.loc 1 474 1 is_stmt 1 view -0
 1186              		.cfi_startproc
 1187              		@ args = 0, pretend = 0, frame = 0
 1188              		@ frame_needed = 0, uses_anonymous_args = 0
 1189              		@ link register save eliminated.
 475:Inc/STM32F3xx_HAL_Driver/Src/stm32f3xx_hal_cortex.c ****   /* Return 1 if active else 0U */
 476:Inc/STM32F3xx_HAL_Driver/Src/stm32f3xx_hal_cortex.c ****   return NVIC_GetActive(IRQn);
 1190              		.loc 1 476 3 view .LVU307
 1191              	.LBB58:
 1192              	.LBI58:
1794:Inc/CMSIS/Core/Include/core_cm4.h **** {
 1193              		.loc 2 1794 26 view .LVU308
 1194              	.LBB59:
1796:Inc/CMSIS/Core/Include/core_cm4.h ****   {
 1195              		.loc 2 1796 3 view .LVU309
1796:Inc/CMSIS/Core/Include/core_cm4.h ****   {
 1196              		.loc 2 1796 6 is_stmt 0 view .LVU310
 1197 0000 0028     		cmp	r0, #0
1796:Inc/CMSIS/Core/Include/core_cm4.h ****   {
 1198              		.loc 2 1796 6 view .LVU311
 1199 0002 0BDB     		blt	.L82
1798:Inc/CMSIS/Core/Include/core_cm4.h ****   }
 1200              		.loc 2 1798 5 is_stmt 1 view .LVU312
1798:Inc/CMSIS/Core/Include/core_cm4.h ****   }
 1201              		.loc 2 1798 54 is_stmt 0 view .LVU313
 1202 0004 4309     		lsrs	r3, r0, #5
1798:Inc/CMSIS/Core/Include/core_cm4.h ****   }
 1203              		.loc 2 1798 35 view .LVU314
 1204 0006 8033     		adds	r3, r3, #128
 1205 0008 054A     		ldr	r2, .L83
 1206 000a 52F82330 		ldr	r3, [r2, r3, lsl #2]
1798:Inc/CMSIS/Core/Include/core_cm4.h ****   }
 1207              		.loc 2 1798 91 view .LVU315
 1208 000e 00F01F00 		and	r0, r0, #31
 1209              	.LVL75:
1798:Inc/CMSIS/Core/Include/core_cm4.h ****   }
 1210              		.loc 2 1798 103 view .LVU316
 1211 0012 23FA00F0 		lsr	r0, r3, r0
1798:Inc/CMSIS/Core/Include/core_cm4.h ****   }
 1212              		.loc 2 1798 12 view .LVU317
 1213 0016 00F00100 		and	r0, r0, #1
 1214 001a 7047     		bx	lr
 1215              	.L82:
1802:Inc/CMSIS/Core/Include/core_cm4.h ****   }
 1216              		.loc 2 1802 11 view .LVU318
 1217 001c 0020     		movs	r0, #0
 1218              	.LVL76:
1802:Inc/CMSIS/Core/Include/core_cm4.h ****   }
 1219              		.loc 2 1802 11 view .LVU319
 1220              	.LBE59:
 1221              	.LBE58:
 477:Inc/STM32F3xx_HAL_Driver/Src/stm32f3xx_hal_cortex.c **** }
 1222              		.loc 1 477 1 view .LVU320
 1223 001e 7047     		bx	lr
 1224              	.L84:
 1225              		.align	2
ARM GAS  /tmp/ccOMA1VY.s 			page 83


 1226              	.L83:
 1227 0020 00E100E0 		.word	-536813312
 1228              		.cfi_endproc
 1229              	.LFE146:
 1231              		.section	.text.HAL_SYSTICK_CLKSourceConfig,"ax",%progbits
 1232              		.align	1
 1233              		.global	HAL_SYSTICK_CLKSourceConfig
 1234              		.syntax unified
 1235              		.thumb
 1236              		.thumb_func
 1238              	HAL_SYSTICK_CLKSourceConfig:
 1239              	.LVL77:
 1240              	.LFB147:
 478:Inc/STM32F3xx_HAL_Driver/Src/stm32f3xx_hal_cortex.c **** 
 479:Inc/STM32F3xx_HAL_Driver/Src/stm32f3xx_hal_cortex.c **** /**
 480:Inc/STM32F3xx_HAL_Driver/Src/stm32f3xx_hal_cortex.c ****   * @brief  Configures the SysTick clock source.
 481:Inc/STM32F3xx_HAL_Driver/Src/stm32f3xx_hal_cortex.c ****   * @param  CLKSource specifies the SysTick clock source.
 482:Inc/STM32F3xx_HAL_Driver/Src/stm32f3xx_hal_cortex.c ****   *         This parameter can be one of the following values:
 483:Inc/STM32F3xx_HAL_Driver/Src/stm32f3xx_hal_cortex.c ****   *             @arg SYSTICK_CLKSOURCE_HCLK_DIV8: AHB clock divided by 8 selected as SysTick clock 
 484:Inc/STM32F3xx_HAL_Driver/Src/stm32f3xx_hal_cortex.c ****   *             @arg SYSTICK_CLKSOURCE_HCLK: AHB clock selected as SysTick clock source.
 485:Inc/STM32F3xx_HAL_Driver/Src/stm32f3xx_hal_cortex.c ****   * @retval None
 486:Inc/STM32F3xx_HAL_Driver/Src/stm32f3xx_hal_cortex.c ****   */
 487:Inc/STM32F3xx_HAL_Driver/Src/stm32f3xx_hal_cortex.c **** void HAL_SYSTICK_CLKSourceConfig(uint32_t CLKSource)
 488:Inc/STM32F3xx_HAL_Driver/Src/stm32f3xx_hal_cortex.c **** {
 1241              		.loc 1 488 1 is_stmt 1 view -0
 1242              		.cfi_startproc
 1243              		@ args = 0, pretend = 0, frame = 0
 1244              		@ frame_needed = 0, uses_anonymous_args = 0
 1245              		@ link register save eliminated.
 489:Inc/STM32F3xx_HAL_Driver/Src/stm32f3xx_hal_cortex.c ****   /* Check the parameters */
 490:Inc/STM32F3xx_HAL_Driver/Src/stm32f3xx_hal_cortex.c ****   assert_param(IS_SYSTICK_CLK_SOURCE(CLKSource));
 1246              		.loc 1 490 3 view .LVU322
 491:Inc/STM32F3xx_HAL_Driver/Src/stm32f3xx_hal_cortex.c ****   if (CLKSource == SYSTICK_CLKSOURCE_HCLK)
 1247              		.loc 1 491 3 view .LVU323
 1248              		.loc 1 491 6 is_stmt 0 view .LVU324
 1249 0000 0428     		cmp	r0, #4
 1250 0002 06D0     		beq	.L88
 492:Inc/STM32F3xx_HAL_Driver/Src/stm32f3xx_hal_cortex.c ****   {
 493:Inc/STM32F3xx_HAL_Driver/Src/stm32f3xx_hal_cortex.c ****     SysTick->CTRL |= SYSTICK_CLKSOURCE_HCLK;
 494:Inc/STM32F3xx_HAL_Driver/Src/stm32f3xx_hal_cortex.c ****   }
 495:Inc/STM32F3xx_HAL_Driver/Src/stm32f3xx_hal_cortex.c ****   else
 496:Inc/STM32F3xx_HAL_Driver/Src/stm32f3xx_hal_cortex.c ****   {
 497:Inc/STM32F3xx_HAL_Driver/Src/stm32f3xx_hal_cortex.c ****     SysTick->CTRL &= ~SYSTICK_CLKSOURCE_HCLK;
 1251              		.loc 1 497 5 is_stmt 1 view .LVU325
 1252              		.loc 1 497 12 is_stmt 0 view .LVU326
 1253 0004 4FF0E022 		mov	r2, #-536813568
 1254 0008 1369     		ldr	r3, [r2, #16]
 1255              		.loc 1 497 19 view .LVU327
 1256 000a 23F00403 		bic	r3, r3, #4
 1257 000e 1361     		str	r3, [r2, #16]
 498:Inc/STM32F3xx_HAL_Driver/Src/stm32f3xx_hal_cortex.c ****   }
 499:Inc/STM32F3xx_HAL_Driver/Src/stm32f3xx_hal_cortex.c **** }
 1258              		.loc 1 499 1 view .LVU328
 1259 0010 7047     		bx	lr
 1260              	.L88:
 493:Inc/STM32F3xx_HAL_Driver/Src/stm32f3xx_hal_cortex.c ****   }
 1261              		.loc 1 493 5 is_stmt 1 view .LVU329
ARM GAS  /tmp/ccOMA1VY.s 			page 84


 493:Inc/STM32F3xx_HAL_Driver/Src/stm32f3xx_hal_cortex.c ****   }
 1262              		.loc 1 493 12 is_stmt 0 view .LVU330
 1263 0012 4FF0E022 		mov	r2, #-536813568
 1264 0016 1369     		ldr	r3, [r2, #16]
 493:Inc/STM32F3xx_HAL_Driver/Src/stm32f3xx_hal_cortex.c ****   }
 1265              		.loc 1 493 19 view .LVU331
 1266 0018 43F00403 		orr	r3, r3, #4
 1267 001c 1361     		str	r3, [r2, #16]
 1268 001e 7047     		bx	lr
 1269              		.cfi_endproc
 1270              	.LFE147:
 1272              		.section	.text.HAL_SYSTICK_Callback,"ax",%progbits
 1273              		.align	1
 1274              		.weak	HAL_SYSTICK_Callback
 1275              		.syntax unified
 1276              		.thumb
 1277              		.thumb_func
 1279              	HAL_SYSTICK_Callback:
 1280              	.LFB149:
 500:Inc/STM32F3xx_HAL_Driver/Src/stm32f3xx_hal_cortex.c **** 
 501:Inc/STM32F3xx_HAL_Driver/Src/stm32f3xx_hal_cortex.c **** /**
 502:Inc/STM32F3xx_HAL_Driver/Src/stm32f3xx_hal_cortex.c ****   * @brief  This function handles SYSTICK interrupt request.
 503:Inc/STM32F3xx_HAL_Driver/Src/stm32f3xx_hal_cortex.c ****   * @retval None
 504:Inc/STM32F3xx_HAL_Driver/Src/stm32f3xx_hal_cortex.c ****   */
 505:Inc/STM32F3xx_HAL_Driver/Src/stm32f3xx_hal_cortex.c **** void HAL_SYSTICK_IRQHandler(void)
 506:Inc/STM32F3xx_HAL_Driver/Src/stm32f3xx_hal_cortex.c **** {
 507:Inc/STM32F3xx_HAL_Driver/Src/stm32f3xx_hal_cortex.c ****   HAL_SYSTICK_Callback();
 508:Inc/STM32F3xx_HAL_Driver/Src/stm32f3xx_hal_cortex.c **** }
 509:Inc/STM32F3xx_HAL_Driver/Src/stm32f3xx_hal_cortex.c **** 
 510:Inc/STM32F3xx_HAL_Driver/Src/stm32f3xx_hal_cortex.c **** /**
 511:Inc/STM32F3xx_HAL_Driver/Src/stm32f3xx_hal_cortex.c ****   * @brief  SYSTICK callback.
 512:Inc/STM32F3xx_HAL_Driver/Src/stm32f3xx_hal_cortex.c ****   * @retval None
 513:Inc/STM32F3xx_HAL_Driver/Src/stm32f3xx_hal_cortex.c ****   */
 514:Inc/STM32F3xx_HAL_Driver/Src/stm32f3xx_hal_cortex.c **** __weak void HAL_SYSTICK_Callback(void)
 515:Inc/STM32F3xx_HAL_Driver/Src/stm32f3xx_hal_cortex.c **** {
 1281              		.loc 1 515 1 is_stmt 1 view -0
 1282              		.cfi_startproc
 1283              		@ args = 0, pretend = 0, frame = 0
 1284              		@ frame_needed = 0, uses_anonymous_args = 0
 1285              		@ link register save eliminated.
 516:Inc/STM32F3xx_HAL_Driver/Src/stm32f3xx_hal_cortex.c ****   /* NOTE : This function Should not be modified, when the callback is needed,
 517:Inc/STM32F3xx_HAL_Driver/Src/stm32f3xx_hal_cortex.c ****             the HAL_SYSTICK_Callback could be implemented in the user file
 518:Inc/STM32F3xx_HAL_Driver/Src/stm32f3xx_hal_cortex.c ****    */
 519:Inc/STM32F3xx_HAL_Driver/Src/stm32f3xx_hal_cortex.c **** }
 1286              		.loc 1 519 1 view .LVU333
 1287 0000 7047     		bx	lr
 1288              		.cfi_endproc
 1289              	.LFE149:
 1291              		.section	.text.HAL_SYSTICK_IRQHandler,"ax",%progbits
 1292              		.align	1
 1293              		.global	HAL_SYSTICK_IRQHandler
 1294              		.syntax unified
 1295              		.thumb
 1296              		.thumb_func
 1298              	HAL_SYSTICK_IRQHandler:
 1299              	.LFB148:
 506:Inc/STM32F3xx_HAL_Driver/Src/stm32f3xx_hal_cortex.c ****   HAL_SYSTICK_Callback();
ARM GAS  /tmp/ccOMA1VY.s 			page 85


 1300              		.loc 1 506 1 view -0
 1301              		.cfi_startproc
 1302              		@ args = 0, pretend = 0, frame = 0
 1303              		@ frame_needed = 0, uses_anonymous_args = 0
 1304 0000 08B5     		push	{r3, lr}
 1305              		.cfi_def_cfa_offset 8
 1306              		.cfi_offset 3, -8
 1307              		.cfi_offset 14, -4
 507:Inc/STM32F3xx_HAL_Driver/Src/stm32f3xx_hal_cortex.c **** }
 1308              		.loc 1 507 3 view .LVU335
 1309 0002 FFF7FEFF 		bl	HAL_SYSTICK_Callback
 1310              	.LVL78:
 508:Inc/STM32F3xx_HAL_Driver/Src/stm32f3xx_hal_cortex.c **** 
 1311              		.loc 1 508 1 is_stmt 0 view .LVU336
 1312 0006 08BD     		pop	{r3, pc}
 1313              		.cfi_endproc
 1314              	.LFE148:
 1316              		.text
 1317              	.Letext0:
 1318              		.file 4 "Inc/CMSIS/Device/ST/STM32F3xx/Include/stm32f303xe.h"
 1319              		.file 5 "/usr/arm-none-eabi/include/machine/_default_types.h"
 1320              		.file 6 "/usr/arm-none-eabi/include/sys/_stdint.h"
 1321              		.file 7 "Inc/STM32F3xx_HAL_Driver/Inc/stm32f3xx_hal_cortex.h"
ARM GAS  /tmp/ccOMA1VY.s 			page 86


DEFINED SYMBOLS
                            *ABS*:00000000 stm32f3xx_hal_cortex.c
     /tmp/ccOMA1VY.s:21     .text.__NVIC_DisableIRQ:00000000 $t
     /tmp/ccOMA1VY.s:26     .text.__NVIC_DisableIRQ:00000000 __NVIC_DisableIRQ
     /tmp/ccOMA1VY.s:88     .text.__NVIC_DisableIRQ:00000020 $d
     /tmp/ccOMA1VY.s:93     .text.__NVIC_SetPriority:00000000 $t
     /tmp/ccOMA1VY.s:98     .text.__NVIC_SetPriority:00000000 __NVIC_SetPriority
     /tmp/ccOMA1VY.s:145    .text.__NVIC_SetPriority:00000024 $d
     /tmp/ccOMA1VY.s:150    .text.__NVIC_GetPriority:00000000 $t
     /tmp/ccOMA1VY.s:155    .text.__NVIC_GetPriority:00000000 __NVIC_GetPriority
     /tmp/ccOMA1VY.s:195    .text.__NVIC_GetPriority:00000020 $d
     /tmp/ccOMA1VY.s:200    .text.NVIC_EncodePriority:00000000 $t
     /tmp/ccOMA1VY.s:205    .text.NVIC_EncodePriority:00000000 NVIC_EncodePriority
     /tmp/ccOMA1VY.s:266    .text.NVIC_DecodePriority:00000000 $t
     /tmp/ccOMA1VY.s:271    .text.NVIC_DecodePriority:00000000 NVIC_DecodePriority
     /tmp/ccOMA1VY.s:339    .text.__NVIC_SystemReset:00000000 $t
     /tmp/ccOMA1VY.s:344    .text.__NVIC_SystemReset:00000000 __NVIC_SystemReset
     /tmp/ccOMA1VY.s:405    .text.__NVIC_SystemReset:0000001c $d
     /tmp/ccOMA1VY.s:411    .text.HAL_NVIC_SetPriorityGrouping:00000000 $t
     /tmp/ccOMA1VY.s:417    .text.HAL_NVIC_SetPriorityGrouping:00000000 HAL_NVIC_SetPriorityGrouping
     /tmp/ccOMA1VY.s:471    .text.HAL_NVIC_SetPriorityGrouping:00000020 $d
     /tmp/ccOMA1VY.s:476    .text.HAL_NVIC_SetPriority:00000000 $t
     /tmp/ccOMA1VY.s:482    .text.HAL_NVIC_SetPriority:00000000 HAL_NVIC_SetPriority
     /tmp/ccOMA1VY.s:531    .text.HAL_NVIC_SetPriority:0000001c $d
     /tmp/ccOMA1VY.s:536    .text.HAL_NVIC_EnableIRQ:00000000 $t
     /tmp/ccOMA1VY.s:542    .text.HAL_NVIC_EnableIRQ:00000000 HAL_NVIC_EnableIRQ
     /tmp/ccOMA1VY.s:583    .text.HAL_NVIC_EnableIRQ:00000018 $d
     /tmp/ccOMA1VY.s:588    .text.HAL_NVIC_DisableIRQ:00000000 $t
     /tmp/ccOMA1VY.s:594    .text.HAL_NVIC_DisableIRQ:00000000 HAL_NVIC_DisableIRQ
     /tmp/ccOMA1VY.s:616    .text.HAL_NVIC_SystemReset:00000000 $t
     /tmp/ccOMA1VY.s:622    .text.HAL_NVIC_SystemReset:00000000 HAL_NVIC_SystemReset
     /tmp/ccOMA1VY.s:640    .text.HAL_SYSTICK_Config:00000000 $t
     /tmp/ccOMA1VY.s:646    .text.HAL_SYSTICK_Config:00000000 HAL_SYSTICK_Config
     /tmp/ccOMA1VY.s:711    .text.HAL_SYSTICK_Config:00000024 $d
     /tmp/ccOMA1VY.s:716    .text.HAL_MPU_Disable:00000000 $t
     /tmp/ccOMA1VY.s:722    .text.HAL_MPU_Disable:00000000 HAL_MPU_Disable
     /tmp/ccOMA1VY.s:745    .text.HAL_MPU_Disable:00000014 $d
     /tmp/ccOMA1VY.s:750    .text.HAL_MPU_Enable:00000000 $t
     /tmp/ccOMA1VY.s:756    .text.HAL_MPU_Enable:00000000 HAL_MPU_Enable
     /tmp/ccOMA1VY.s:782    .text.HAL_MPU_Enable:00000014 $d
     /tmp/ccOMA1VY.s:787    .text.HAL_MPU_EnableRegion:00000000 $t
     /tmp/ccOMA1VY.s:793    .text.HAL_MPU_EnableRegion:00000000 HAL_MPU_EnableRegion
     /tmp/ccOMA1VY.s:815    .text.HAL_MPU_EnableRegion:00000014 $d
     /tmp/ccOMA1VY.s:820    .text.HAL_MPU_DisableRegion:00000000 $t
     /tmp/ccOMA1VY.s:826    .text.HAL_MPU_DisableRegion:00000000 HAL_MPU_DisableRegion
     /tmp/ccOMA1VY.s:848    .text.HAL_MPU_DisableRegion:00000014 $d
     /tmp/ccOMA1VY.s:853    .text.HAL_MPU_ConfigRegion:00000000 $t
     /tmp/ccOMA1VY.s:859    .text.HAL_MPU_ConfigRegion:00000000 HAL_MPU_ConfigRegion
     /tmp/ccOMA1VY.s:936    .text.HAL_MPU_ConfigRegion:00000054 $d
     /tmp/ccOMA1VY.s:941    .text.HAL_NVIC_GetPriorityGrouping:00000000 $t
     /tmp/ccOMA1VY.s:947    .text.HAL_NVIC_GetPriorityGrouping:00000000 HAL_NVIC_GetPriorityGrouping
     /tmp/ccOMA1VY.s:971    .text.HAL_NVIC_GetPriorityGrouping:0000000c $d
     /tmp/ccOMA1VY.s:976    .text.HAL_NVIC_GetPriority:00000000 $t
     /tmp/ccOMA1VY.s:982    .text.HAL_NVIC_GetPriority:00000000 HAL_NVIC_GetPriority
     /tmp/ccOMA1VY.s:1016   .text.HAL_NVIC_SetPendingIRQ:00000000 $t
     /tmp/ccOMA1VY.s:1022   .text.HAL_NVIC_SetPendingIRQ:00000000 HAL_NVIC_SetPendingIRQ
     /tmp/ccOMA1VY.s:1063   .text.HAL_NVIC_SetPendingIRQ:00000018 $d
ARM GAS  /tmp/ccOMA1VY.s 			page 87


     /tmp/ccOMA1VY.s:1068   .text.HAL_NVIC_GetPendingIRQ:00000000 $t
     /tmp/ccOMA1VY.s:1074   .text.HAL_NVIC_GetPendingIRQ:00000000 HAL_NVIC_GetPendingIRQ
     /tmp/ccOMA1VY.s:1119   .text.HAL_NVIC_GetPendingIRQ:00000020 $d
     /tmp/ccOMA1VY.s:1124   .text.HAL_NVIC_ClearPendingIRQ:00000000 $t
     /tmp/ccOMA1VY.s:1130   .text.HAL_NVIC_ClearPendingIRQ:00000000 HAL_NVIC_ClearPendingIRQ
     /tmp/ccOMA1VY.s:1171   .text.HAL_NVIC_ClearPendingIRQ:00000018 $d
     /tmp/ccOMA1VY.s:1176   .text.HAL_NVIC_GetActive:00000000 $t
     /tmp/ccOMA1VY.s:1182   .text.HAL_NVIC_GetActive:00000000 HAL_NVIC_GetActive
     /tmp/ccOMA1VY.s:1227   .text.HAL_NVIC_GetActive:00000020 $d
     /tmp/ccOMA1VY.s:1232   .text.HAL_SYSTICK_CLKSourceConfig:00000000 $t
     /tmp/ccOMA1VY.s:1238   .text.HAL_SYSTICK_CLKSourceConfig:00000000 HAL_SYSTICK_CLKSourceConfig
     /tmp/ccOMA1VY.s:1273   .text.HAL_SYSTICK_Callback:00000000 $t
     /tmp/ccOMA1VY.s:1279   .text.HAL_SYSTICK_Callback:00000000 HAL_SYSTICK_Callback
     /tmp/ccOMA1VY.s:1292   .text.HAL_SYSTICK_IRQHandler:00000000 $t
     /tmp/ccOMA1VY.s:1298   .text.HAL_SYSTICK_IRQHandler:00000000 HAL_SYSTICK_IRQHandler

NO UNDEFINED SYMBOLS
